[2026-09-23T00:03:14.718Z] [pid=1710] [INFO] [EdgeSync] CHANNEL-SDK: [channel-sdk] [presence] timer drift detected {"driftMs":1053864,"expectedAtMs":1790120740731,"firedAtMs":1790121794595,"frozen":true}
[2026-09-23T00:03:14.722Z] [pid=1710] [ERROR] [EdgeSync] CHANNEL-SDK: [channel-sdk] [presence] degraded: no heartbeat ack for too long {"channel":"user:fdee3d54-95b6-4e9c-aaff-50ad9505aab4:devices","staleMs":1058806,"consecutiveFailures":0,"hint":"lightweight self-heal exhausted; business should rebuild the session"}
[2026-09-23T00:03:14.723Z] [pid=1710] [INFO] [EdgeSync] CHANNEL-SDK: [channel-sdk] [presence] triggering lightweight self-heal {"reason":"frozen","staleMs":1058933}
[2026-09-23T00:03:14.724Z] [pid=1710] [INFO] [EdgeSync] CHANNEL-SDK: [channel-sdk] [ws-transport] forcing reconnect (dropping possibly half-open socket) 
[2026-09-23T00:03:14.724Z] [pid=1710] [INFO] [EdgeSync] CHANNEL-SDK: [channel-sdk] [ws-transport] disconnected {"code":0,"reason":"disconnect called"}
[2026-09-23T00:03:14.725Z] [pid=1710] [INFO] [EdgeSync] CHANNEL-SDK: [channel-sdk] [presence] timer drift detected {"driftMs":1053990,"expectedAtMs":1790120740735,"firedAtMs":1790121794725,"frozen":true}
[2026-09-23T00:03:14.725Z] [pid=1710] [ERROR] [EdgeSync] CHANNEL-SDK: [channel-sdk] [presence] degraded: no heartbeat ack for too long {"channel":"user:fdee3d54-95b6-4e9c-aaff-50ad9505aab4:devices","staleMs":1058939,"consecutiveFailures":0,"hint":"lightweight self-heal exhausted; business should rebuild the session"}
[2026-09-23T00:03:14.725Z] [pid=1710] [INFO] [EdgeSync] CHANNEL-SDK: [channel-sdk] [presence] triggering lightweight self-heal {"reason":"frozen","staleMs":1058939}
[2026-09-23T00:03:14.725Z] [pid=1710] [INFO] [EdgeSync] CHANNEL-SDK: [channel-sdk] [ws-transport] forcing reconnect (dropping possibly half-open socket) 
[2026-09-23T00:03:14.726Z] [pid=1710] [INFO] [EdgeSync] CHANNEL-SDK: [channel-sdk] [ws-transport] disconnected {"code":0,"reason":"disconnect called"}
[2026-09-23T00:03:14.731Z] [pid=1710] [INFO] [EdgeSync] CHANNEL-CREDS: fetching userId=fdee3d54-95b6-4e9c-aaff-50ad9505aab4 deviceId=4d6cede0-b354-523b-bf1f-9ad4d9ec28d2 deviceName=MacBook Pro (4) extraScopes=[]
[2026-09-23T00:03:14.732Z] [pid=1710] [INFO] [EdgeSync] CHANNEL-CREDS: fetching userId=fdee3d54-95b6-4e9c-aaff-50ad9505aab4 deviceId=4d6cede0-b354-523b-bf1f-9ad4d9ec28d2 deviceName=MacBook Pro (4) extraScopes=[]
[2026-09-23T00:03:15.206Z] [pid=1710] [INFO] [EdgeSync] CHANNEL-CREDS urls: apisixPublishUrl=https://www.workbuddy.cn/cf-publish/api/publish cfWsUrl=wss://www.workbuddy.cn/cf-connect/websocket
[2026-09-23T00:03:15.207Z] [pid=1710] [INFO] [EdgeSync] CHANNEL-SDK: [channel-sdk] [handshake] token renewed via credManager {"keyVersion":1}
[2026-09-23T00:03:15.230Z] [pid=1710] [INFO] [EdgeSync] CHANNEL-CREDS urls: apisixPublishUrl=https://www.workbuddy.cn/cf-publish/api/publish cfWsUrl=wss://www.workbuddy.cn/cf-connect/websocket
[2026-09-23T00:03:15.231Z] [pid=1710] [INFO] [EdgeSync] CHANNEL-SDK: [channel-sdk] [handshake] token renewed via credManager {"keyVersion":1}
[2026-09-23T00:03:15.260Z] [pid=1710] [INFO] [EdgeSync] CHANNEL-SDK: [channel-sdk] [ws-transport] connected {"client":"72273f5a-b143-428a-8189-ded4319cb0c0"}
[2026-09-23T00:03:15.260Z] [pid=1710] [INFO] [EdgeSync] CHANNEL-SDK: [channel-sdk] [supervisor] recovered online {"outcome":"grace_recovered"}
[2026-09-23T00:03:15.260Z] [pid=1710] [INFO] [EdgeSync] CHANNEL-SDK: [channel-sdk] [client] flushing outbox on recovered online {"pending":0}
[2026-09-23T00:03:15.261Z] [pid=1710] [INFO] [EdgeSync] CHANNEL-SDK: [channel-sdk] [client] self-heal reconnect done {"reason":"frozen"}
[2026-09-23T00:03:15.272Z] [pid=1710] [INFO] [EdgeSync] CHANNEL-SDK: [channel-sdk] [ws-transport] connected {"client":"99c2dd26-d92b-40c7-b577-445dda0ac8e5"}
[2026-09-23T00:03:15.272Z] [pid=1710] [INFO] [EdgeSync] CHANNEL-SDK: [channel-sdk] [supervisor] recovered online {"outcome":"grace_recovered"}
[2026-09-23T00:03:15.272Z] [pid=1710] [INFO] [EdgeSync] CHANNEL-SDK: [channel-sdk] [client] flushing outbox on recovered online {"pending":0}
[2026-09-23T00:03:15.272Z] [pid=1710] [INFO] [EdgeSync] CHANNEL-SDK: [channel-sdk] [client] self-heal reconnect done {"reason":"frozen"}
[2026-09-23T00:20:07.718Z] [pid=1710] [INFO] [EdgeSync] CHANNEL-SDK: [channel-sdk] [presence] timer drift detected {"driftMs":1002862,"expectedAtMs":1790121804729,"firedAtMs":1790122807591,"frozen":true}
[2026-09-23T00:20:07.720Z] [pid=1710] [ERROR] [EdgeSync] CHANNEL-SDK: [channel-sdk] [presence] degraded: no heartbeat ack for too long {"channel":"user:fdee3d54-95b6-4e9c-aaff-50ad9505aab4:devices","staleMs":1012249,"consecutiveFailures":0,"hint":"lightweight self-heal exhausted; business should rebuild the session"}
[2026-09-23T00:20:07.725Z] [pid=1710] [INFO] [EdgeSync] CHANNEL-SDK: [channel-sdk] [presence] triggering lightweight self-heal {"reason":"frozen","staleMs":1012378}
[2026-09-23T00:20:07.729Z] [pid=1710] [INFO] [EdgeSync] CHANNEL-SDK: [channel-sdk] [ws-transport] forcing reconnect (dropping possibly half-open socket) 
[2026-09-23T00:20:07.731Z] [pid=1710] [INFO] [EdgeSync] CHANNEL-SDK: [channel-sdk] [ws-transport] disconnected {"code":0,"reason":"disconnect called"}
[2026-09-23T00:20:07.731Z] [pid=1710] [INFO] [EdgeSync] CHANNEL-SDK: [channel-sdk] [presence] timer drift detected {"driftMs":1003002,"expectedAtMs":1790121804729,"firedAtMs":1790122807731,"frozen":true}
[2026-09-23T00:20:07.731Z] [pid=1710] [ERROR] [EdgeSync] CHANNEL-SDK: [channel-sdk] [presence] degraded: no heartbeat ack for too long {"channel":"user:fdee3d54-95b6-4e9c-aaff-50ad9505aab4:devices","staleMs":1012376,"consecutiveFailures":0,"hint":"lightweight self-heal exhausted; business should rebuild the session"}
[2026-09-23T00:20:07.732Z] [pid=1710] [INFO] [EdgeSync] CHANNEL-SDK: [channel-sdk] [presence] triggering lightweight self-heal {"reason":"frozen","staleMs":1012376}
[2026-09-23T00:20:07.733Z] [pid=1710] [INFO] [EdgeSync] CHANNEL-SDK: [channel-sdk] [ws-transport] forcing reconnect (dropping possibly half-open socket) 
[2026-09-23T00:20:07.733Z] [pid=1710] [INFO] [EdgeSync] CHANNEL-SDK: [channel-sdk] [ws-transport] disconnected {"code":0,"reason":"disconnect called"}
[2026-09-23T00:20:07.756Z] [pid=1710] [INFO] [EdgeSync] CHANNEL-CREDS: fetching userId=fdee3d54-95b6-4e9c-aaff-50ad9505aab4 deviceId=4d6cede0-b354-523b-bf1f-9ad4d9ec28d2 deviceName=MacBook Pro (4) extraScopes=[]
[2026-09-23T00:20:07.757Z] [pid=1710] [INFO] [EdgeSync] CHANNEL-CREDS: fetching userId=fdee3d54-95b6-4e9c-aaff-50ad9505aab4 deviceId=4d6cede0-b354-523b-bf1f-9ad4d9ec28d2 deviceName=MacBook Pro (4) extraScopes=[]
[2026-09-23T00:20:08.401Z] [pid=1710] [INFO] [EdgeSync] CHANNEL-SDK: [channel-sdk] [ws-transport] connected {"client":"2e4d4b98-1626-41eb-a7e9-4db1d74e0e53"}
[2026-09-23T00:20:08.401Z] [pid=1710] [INFO] [EdgeSync] CHANNEL-SDK: [channel-sdk] [supervisor] recovered online {"outcome":"grace_recovered"}
[2026-09-23T00:20:08.402Z] [pid=1710] [INFO] [EdgeSync] CHANNEL-SDK: [channel-sdk] [client] flushing outbox on recovered online {"pending":0}
[2026-09-23T00:20:08.403Z] [pid=1710] [INFO] [EdgeSync] CHANNEL-SDK: [channel-sdk] [client] self-heal reconnect done {"reason":"frozen"}
[2026-09-23T00:20:08.407Z] [pid=1710] [INFO] [EdgeSync] CHANNEL-SDK: [channel-sdk] [ws-transport] connected {"client":"4eb889c5-94a0-4fb4-a121-0eb28245a798"}
[2026-09-23T00:20:08.408Z] [pid=1710] [INFO] [EdgeSync] CHANNEL-SDK: [channel-sdk] [supervisor] recovered online {"outcome":"grace_recovered"}
[2026-09-23T00:20:08.408Z] [pid=1710] [INFO] [EdgeSync] CHANNEL-SDK: [channel-sdk] [client] flushing outbox on recovered online {"pending":0}
[2026-09-23T00:20:08.409Z] [pid=1710] [INFO] [EdgeSync] CHANNEL-SDK: [channel-sdk] [client] self-heal reconnect done {"reason":"frozen"}
[2026-09-23T00:20:08.465Z] [pid=1710] [INFO] [EdgeSync] CHANNEL-CREDS urls: apisixPublishUrl=https://www.workbuddy.cn/cf-publish/api/publish cfWsUrl=wss://www.workbuddy.cn/cf-connect/websocket
[2026-09-23T00:20:08.466Z] [pid=1710] [INFO] [EdgeSync] CHANNEL-SDK: [channel-sdk] [handshake] token renewed via credManager {"keyVersion":1}
[2026-09-23T00:20:08.468Z] [pid=1710] [INFO] [EdgeSync] CHANNEL-CREDS urls: apisixPublishUrl=https://www.workbuddy.cn/cf-publish/api/publish cfWsUrl=wss://www.workbuddy.cn/cf-connect/websocket
[2026-09-23T00:20:08.469Z] [pid=1710] [INFO] [EdgeSync] CHANNEL-SDK: [channel-sdk] [handshake] token renewed via credManager {"keyVersion":1}
[2026-09-23T00:36:27.723Z] [pid=1710] [INFO] [EdgeSync] CHANNEL-SDK: [channel-sdk] [presence] timer drift detected {"driftMs":969864,"expectedAtMs":1790122817732,"firedAtMs":1790123787596,"frozen":true}
[2026-09-23T00:36:27.725Z] [pid=1710] [ERROR] [EdgeSync] CHANNEL-SDK: [channel-sdk] [presence] degraded: no heartbeat ack for too long {"channel":"user:fdee3d54-95b6-4e9c-aaff-50ad9505aab4:devices","staleMs":1992254,"consecutiveFailures":0,"hint":"lightweight self-heal exhausted; business should rebuild the session"}
[2026-09-23T00:36:27.734Z] [pid=1710] [ERROR] [EdgeSync] CHANNEL-SDK: [channel-sdk] [presence] degraded: no heartbeat ack for too long {"channel":"user:fdee3d54-95b6-4e9c-aaff-50ad9505aab4:devices","staleMs":1992376,"consecutiveFailures":0,"hint":"lightweight self-heal exhausted; business should rebuild the session"}
[2026-09-23T00:36:27.732Z] [pid=1710] [INFO] [EdgeSync] CHANNEL-SDK: [channel-sdk] [presence] timer drift detected {"driftMs":969992,"expectedAtMs":1790122817739,"firedAtMs":1790123787731,"frozen":true}
[2026-09-23T00:36:27.731Z] [pid=1710] [INFO] [EdgeSync] CHANNEL-SDK: [channel-sdk] [ws-transport] disconnected {"code":0,"reason":"disconnect called"}
[2026-09-23T00:36:27.736Z] [pid=1710] [INFO] [EdgeSync] CHANNEL-SDK: [channel-sdk] [ws-transport] forcing reconnect (dropping possibly half-open socket) 
[2026-09-23T00:36:27.728Z] [pid=1710] [INFO] [EdgeSync] CHANNEL-SDK: [channel-sdk] [ws-transport] forcing reconnect (dropping possibly half-open socket) 
[2026-09-23T00:36:27.736Z] [pid=1710] [INFO] [EdgeSync] CHANNEL-SDK: [channel-sdk] [presence] triggering lightweight self-heal {"reason":"frozen","staleMs":1992379}
[2026-09-23T00:36:27.744Z] [pid=1710] [INFO] [EdgeSync] CHANNEL-CREDS: fetching userId=fdee3d54-95b6-4e9c-aaff-50ad9505aab4 deviceId=4d6cede0-b354-523b-bf1f-9ad4d9ec28d2 deviceName=MacBook Pro (4) extraScopes=[]
[2026-09-23T00:36:27.728Z] [pid=1710] [INFO] [EdgeSync] CHANNEL-SDK: [channel-sdk] [presence] triggering lightweight self-heal {"reason":"frozen","staleMs":1992383}
[2026-09-23T00:36:27.737Z] [pid=1710] [INFO] [EdgeSync] CHANNEL-SDK: [channel-sdk] [ws-transport] disconnected {"code":0,"reason":"disconnect called"}
[2026-09-23T00:36:27.745Z] [pid=1710] [INFO] [EdgeSync] CHANNEL-CREDS: fetching userId=fdee3d54-95b6-4e9c-aaff-50ad9505aab4 deviceId=4d6cede0-b354-523b-bf1f-9ad4d9ec28d2 deviceName=MacBook Pro (4) extraScopes=[]
[2026-09-23T00:36:28.227Z] [pid=1710] [INFO] [EdgeSync] CHANNEL-CREDS urls: apisixPublishUrl=https://www.workbuddy.cn/cf-publish/api/publish cfWsUrl=wss://www.workbuddy.cn/cf-connect/websocket
[2026-09-23T00:36:28.228Z] [pid=1710] [INFO] [EdgeSync] CHANNEL-SDK: [channel-sdk] [handshake] token renewed via credManager {"keyVersion":1}
[2026-09-23T00:36:28.233Z] [pid=1710] [INFO] [EdgeSync] CHANNEL-CREDS urls: apisixPublishUrl=https://www.workbuddy.cn/cf-publish/api/publish cfWsUrl=wss://www.workbuddy.cn/cf-connect/websocket
[2026-09-23T00:36:28.234Z] [pid=1710] [INFO] [EdgeSync] CHANNEL-SDK: [channel-sdk] [handshake] token renewed via credManager {"keyVersion":1}
[2026-09-23T00:36:28.255Z] [pid=1710] [INFO] [EdgeSync] CHANNEL-SDK: [channel-sdk] [ws-transport] connected {"client":"0ab965cd-6195-42eb-9747-79fc928c3bc5"}
[2026-09-23T00:36:28.256Z] [pid=1710] [INFO] [EdgeSync] CHANNEL-SDK: [channel-sdk] [supervisor] recovered online {"outcome":"grace_recovered"}
[2026-09-23T00:36:28.256Z] [pid=1710] [INFO] [EdgeSync] CHANNEL-SDK: [channel-sdk] [client] flushing outbox on recovered online {"pending":0}
[2026-09-23T00:36:28.256Z] [pid=1710] [INFO] [EdgeSync] CHANNEL-SDK: [channel-sdk] [client] self-heal reconnect done {"reason":"frozen"}
[2026-09-23T00:36:28.267Z] [pid=1710] [INFO] [EdgeSync] CHANNEL-SDK: [channel-sdk] [ws-transport] connected {"client":"f8dabde7-49a8-4e72-af02-f4132a82e470"}
[2026-09-23T00:36:28.267Z] [pid=1710] [INFO] [EdgeSync] CHANNEL-SDK: [channel-sdk] [supervisor] recovered online {"outcome":"grace_recovered"}
[2026-09-23T00:36:28.267Z] [pid=1710] [INFO] [EdgeSync] CHANNEL-SDK: [channel-sdk] [client] flushing outbox on recovered online {"pending":0}
[2026-09-23T00:36:28.267Z] [pid=1710] [INFO] [EdgeSync] CHANNEL-SDK: [channel-sdk] [client] self-heal reconnect done {"reason":"frozen"}
[2026-09-23T00:46:30.724Z] [pid=1710] [INFO] [EdgeSync] CHANNEL-SDK: [channel-sdk] [presence] timer drift detected {"driftMs":592864,"expectedAtMs":1790123797732,"firedAtMs":1790124390596,"frozen":true}
[2026-09-23T00:46:30.727Z] [pid=1710] [ERROR] [EdgeSync] CHANNEL-SDK: [channel-sdk] [presence] degraded: no heartbeat ack for too long {"channel":"user:fdee3d54-95b6-4e9c-aaff-50ad9505aab4:devices","staleMs":2595254,"consecutiveFailures":1,"hint":"lightweight self-heal exhausted; business should rebuild the session"}
[2026-09-23T00:46:30.729Z] [pid=1710] [INFO] [EdgeSync] CHANNEL-SDK: [channel-sdk] [presence] triggering lightweight self-heal {"reason":"frozen","staleMs":2595385}
[2026-09-23T00:46:30.730Z] [pid=1710] [INFO] [EdgeSync] CHANNEL-SDK: [channel-sdk] [ws-transport] forcing reconnect (dropping possibly half-open socket) 
[2026-09-23T00:46:30.733Z] [pid=1710] [INFO] [EdgeSync] CHANNEL-SDK: [channel-sdk] [ws-transport] disconnected {"code":0,"reason":"disconnect called"}
[2026-09-23T00:46:30.734Z] [pid=1710] [ERROR] [EdgeSync] CHANNEL-SDK: [channel-sdk] [client] publish failed {"channel":"user:fdee3d54-95b6-4e9c-aaff-50ad9505aab4:devices","scope":"user","transport":"cf-ws","parts":1,"errorCode":"unknown","elapsedMs":598002,"err":"code=11 message=connection closed"}
[2026-09-23T00:46:30.735Z] [pid=1710] [INFO] [EdgeSync] CHANNEL-SDK: [channel-sdk] [presence] timer drift detected {"driftMs":592995,"expectedAtMs":1790123797739,"firedAtMs":1790124390734,"frozen":true}
[2026-09-23T00:46:30.735Z] [pid=1710] [ERROR] [EdgeSync] CHANNEL-SDK: [channel-sdk] [presence] degraded: no heartbeat ack for too long {"channel":"user:fdee3d54-95b6-4e9c-aaff-50ad9505aab4:devices","staleMs":2595379,"consecutiveFailures":1,"hint":"lightweight self-heal exhausted; business should rebuild the session"}
[2026-09-23T00:46:30.737Z] [pid=1710] [INFO] [EdgeSync] CHANNEL-SDK: [channel-sdk] [presence] triggering lightweight self-heal {"reason":"frozen","staleMs":2595380}
[2026-09-23T00:46:30.737Z] [pid=1710] [INFO] [EdgeSync] CHANNEL-SDK: [channel-sdk] [ws-transport] forcing reconnect (dropping possibly half-open socket) 
[2026-09-23T00:46:30.738Z] [pid=1710] [INFO] [EdgeSync] CHANNEL-SDK: [channel-sdk] [ws-transport] disconnected {"code":0,"reason":"disconnect called"}
[2026-09-23T00:46:30.738Z] [pid=1710] [ERROR] [EdgeSync] CHANNEL-SDK: [channel-sdk] [client] publish failed {"channel":"user:fdee3d54-95b6-4e9c-aaff-50ad9505aab4:devices","scope":"user","transport":"cf-ws","parts":1,"errorCode":"unknown","elapsedMs":597999,"err":"code=11 message=connection closed"}
[2026-09-23T00:46:31.274Z] [pid=1710] [INFO] [EdgeSync] CHANNEL-SDK: [channel-sdk] [ws-transport] connected {"client":"d15955ca-d7b1-4dd5-a2ab-032b0f44d152"}
[2026-09-23T00:46:31.275Z] [pid=1710] [INFO] [EdgeSync] CHANNEL-SDK: [channel-sdk] [supervisor] recovered online {"outcome":"grace_recovered"}
[2026-09-23T00:46:31.275Z] [pid=1710] [INFO] [EdgeSync] CHANNEL-SDK: [channel-sdk] [client] flushing outbox on recovered online {"pending":0}
[2026-09-23T00:46:31.275Z] [pid=1710] [INFO] [EdgeSync] CHANNEL-SDK: [channel-sdk] [client] self-heal reconnect done {"reason":"frozen"}
[2026-09-23T00:46:31.306Z] [pid=1710] [INFO] [EdgeSync] CHANNEL-SDK: [channel-sdk] [ws-transport] connected {"client":"fa7db711-8133-4609-8245-6765f515d367"}
[2026-09-23T00:46:31.306Z] [pid=1710] [INFO] [EdgeSync] CHANNEL-SDK: [channel-sdk] [supervisor] recovered online {"outcome":"grace_recovered"}
[2026-09-23T00:46:31.306Z] [pid=1710] [INFO] [EdgeSync] CHANNEL-SDK: [channel-sdk] [client] flushing outbox on recovered online {"pending":0}
[2026-09-23T00:46:31.307Z] [pid=1710] [INFO] [EdgeSync] CHANNEL-SDK: [channel-sdk] [client] self-heal reconnect done {"reason":"frozen"}
[2026-09-23T00:46:35.808Z] [pid=1710] [INFO] [EdgeSync] CHANNEL-SDK: [channel-sdk] [presence] heartbeat recovered {"channel":"user:fdee3d54-95b6-4e9c-aaff-50ad9505aab4:devices","source":"echo","afterFailures":2}
[2026-09-23T00:46:35.821Z] [pid=1710] [INFO] [EdgeSync] CHANNEL-SDK: [channel-sdk] [presence] heartbeat recovered {"channel":"user:fdee3d54-95b6-4e9c-aaff-50ad9505aab4:devices","source":"echo","afterFailures":2}
[2026-09-23T01:01:39.709Z] [pid=1710] [INFO] [EdgeSync] CHANNEL-SDK: [channel-sdk] [presence] timer drift detected {"driftMs":898855,"expectedAtMs":1790124400723,"firedAtMs":1790125299578,"frozen":true}
[2026-09-23T01:01:39.712Z] [pid=1710] [ERROR] [EdgeSync] CHANNEL-SDK: [channel-sdk] [presence] degraded: no heartbeat ack for too long {"channel":"user:fdee3d54-95b6-4e9c-aaff-50ad9505aab4:devices","staleMs":903757,"consecutiveFailures":0,"hint":"lightweight self-heal exhausted; business should rebuild the session"}
[2026-09-23T01:01:39.715Z] [pid=1710] [INFO] [EdgeSync] CHANNEL-SDK: [channel-sdk] [presence] triggering lightweight self-heal {"reason":"frozen","staleMs":903892}
[2026-09-23T01:01:39.719Z] [pid=1710] [INFO] [EdgeSync] CHANNEL-SDK: [channel-sdk] [ws-transport] forcing reconnect (dropping possibly half-open socket) 
[2026-09-23T01:01:39.723Z] [pid=1710] [INFO] [EdgeSync] CHANNEL-SDK: [channel-sdk] [ws-transport] disconnected {"code":0,"reason":"disconnect called"}
[2026-09-23T01:01:39.726Z] [pid=1710] [INFO] [EdgeSync] CHANNEL-SDK: [channel-sdk] [presence] timer drift detected {"driftMs":898993,"expectedAtMs":1790124400731,"firedAtMs":1790125299724,"frozen":true}
[2026-09-23T01:01:39.727Z] [pid=1710] [ERROR] [EdgeSync] CHANNEL-SDK: [channel-sdk] [presence] degraded: no heartbeat ack for too long {"channel":"user:fdee3d54-95b6-4e9c-aaff-50ad9505aab4:devices","staleMs":903917,"consecutiveFailures":0,"hint":"lightweight self-heal exhausted; business should rebuild the session"}
[2026-09-23T01:01:39.727Z] [pid=1710] [INFO] [EdgeSync] CHANNEL-SDK: [channel-sdk] [presence] triggering lightweight self-heal {"reason":"frozen","staleMs":903920}
[2026-09-23T01:01:39.728Z] [pid=1710] [INFO] [EdgeSync] CHANNEL-SDK: [channel-sdk] [ws-transport] forcing reconnect (dropping possibly half-open socket) 
[2026-09-23T01:01:39.729Z] [pid=1710] [INFO] [EdgeSync] CHANNEL-SDK: [channel-sdk] [ws-transport] disconnected {"code":0,"reason":"disconnect called"}
[2026-09-23T01:01:39.749Z] [pid=1710] [INFO] [EdgeSync] CHANNEL-CREDS: fetching userId=fdee3d54-95b6-4e9c-aaff-50ad9505aab4 deviceId=4d6cede0-b354-523b-bf1f-9ad4d9ec28d2 deviceName=MacBook Pro (4) extraScopes=[]
[2026-09-23T01:01:39.750Z] [pid=1710] [INFO] [EdgeSync] CHANNEL-CREDS: fetching userId=fdee3d54-95b6-4e9c-aaff-50ad9505aab4 deviceId=4d6cede0-b354-523b-bf1f-9ad4d9ec28d2 deviceName=MacBook Pro (4) extraScopes=[]
[2026-09-23T01:01:40.306Z] [pid=1710] [INFO] [EdgeSync] CHANNEL-CREDS urls: apisixPublishUrl=https://www.workbuddy.cn/cf-publish/api/publish cfWsUrl=wss://www.workbuddy.cn/cf-connect/websocket
[2026-09-23T01:01:40.307Z] [pid=1710] [INFO] [EdgeSync] CHANNEL-SDK: [channel-sdk] [handshake] token renewed via credManager {"keyVersion":1}
[2026-09-23T01:01:40.320Z] [pid=1710] [INFO] [EdgeSync] CHANNEL-CREDS urls: apisixPublishUrl=https://www.workbuddy.cn/cf-publish/api/publish cfWsUrl=wss://www.workbuddy.cn/cf-connect/websocket
[2026-09-23T01:01:40.321Z] [pid=1710] [INFO] [EdgeSync] CHANNEL-SDK: [channel-sdk] [handshake] token renewed via credManager {"keyVersion":1}
[2026-09-23T01:01:40.335Z] [pid=1710] [INFO] [EdgeSync] CHANNEL-SDK: [channel-sdk] [ws-transport] connected {"client":"99e57942-334e-4ef6-8608-dac20d72a5c5"}
[2026-09-23T01:01:40.336Z] [pid=1710] [INFO] [EdgeSync] CHANNEL-SDK: [channel-sdk] [supervisor] recovered online {"outcome":"grace_recovered"}
[2026-09-23T01:01:40.336Z] [pid=1710] [INFO] [EdgeSync] CHANNEL-SDK: [channel-sdk] [client] flushing outbox on recovered online {"pending":0}
[2026-09-23T01:01:40.337Z] [pid=1710] [INFO] [EdgeSync] CHANNEL-SDK: [channel-sdk] [client] self-heal reconnect done {"reason":"frozen"}
[2026-09-23T01:01:40.339Z] [pid=1710] [INFO] [EdgeSync] CHANNEL-SDK: [channel-sdk] [ws-transport] connected {"client":"1108cf0c-8502-4799-88b5-c4cadc083172"}
[2026-09-23T01:01:40.339Z] [pid=1710] [INFO] [EdgeSync] CHANNEL-SDK: [channel-sdk] [supervisor] recovered online {"outcome":"grace_recovered"}
[2026-09-23T01:01:40.340Z] [pid=1710] [INFO] [EdgeSync] CHANNEL-SDK: [channel-sdk] [client] flushing outbox on recovered online {"pending":0}
[2026-09-23T01:01:40.340Z] [pid=1710] [INFO] [EdgeSync] CHANNEL-SDK: [channel-sdk] [client] self-heal reconnect done {"reason":"frozen"}
[2026-09-23T01:19:23.672Z] [pid=1710] [INFO] [EdgeSync] CHANNEL-SDK: [channel-sdk] [presence] timer drift detected {"driftMs":1053839,"expectedAtMs":1790125309705,"firedAtMs":1790126363544,"frozen":true}
[2026-09-23T01:19:23.677Z] [pid=1710] [ERROR] [EdgeSync] CHANNEL-SDK: [channel-sdk] [presence] degraded: no heartbeat ack for too long {"channel":"user:fdee3d54-95b6-4e9c-aaff-50ad9505aab4:devices","staleMs":1967723,"consecutiveFailures":0,"hint":"lightweight self-heal exhausted; business should rebuild the session"}
[2026-09-23T01:19:23.678Z] [pid=1710] [INFO] [EdgeSync] CHANNEL-SDK: [channel-sdk] [presence] triggering lightweight self-heal {"reason":"frozen","staleMs":1967856}
[2026-09-23T01:19:23.678Z] [pid=1710] [INFO] [EdgeSync] CHANNEL-SDK: [channel-sdk] [ws-transport] forcing reconnect (dropping possibly half-open socket) 
[2026-09-23T01:19:23.680Z] [pid=1710] [INFO] [EdgeSync] CHANNEL-SDK: [channel-sdk] [presence] timer drift detected {"driftMs":1053965,"expectedAtMs":1790125309715,"firedAtMs":1790126363680,"frozen":true}
[2026-09-23T01:19:23.680Z] [pid=1710] [ERROR] [EdgeSync] CHANNEL-SDK: [channel-sdk] [presence] degraded: no heartbeat ack for too long {"channel":"user:fdee3d54-95b6-4e9c-aaff-50ad9505aab4:devices","staleMs":1967873,"consecutiveFailures":0,"hint":"lightweight self-heal exhausted; business should rebuild the session"}
[2026-09-23T01:19:23.680Z] [pid=1710] [INFO] [EdgeSync] CHANNEL-SDK: [channel-sdk] [presence] triggering lightweight self-heal {"reason":"frozen","staleMs":1967873}
[2026-09-23T01:19:23.679Z] [pid=1710] [INFO] [EdgeSync] CHANNEL-SDK: [channel-sdk] [ws-transport] disconnected {"code":0,"reason":"disconnect called"}
[2026-09-23T01:19:23.681Z] [pid=1710] [INFO] [EdgeSync] CHANNEL-SDK: [channel-sdk] [ws-transport] forcing reconnect (dropping possibly half-open socket) 
[2026-09-23T01:19:23.690Z] [pid=1710] [INFO] [EdgeSync] CHANNEL-CREDS: fetching userId=fdee3d54-95b6-4e9c-aaff-50ad9505aab4 deviceId=4d6cede0-b354-523b-bf1f-9ad4d9ec28d2 deviceName=MacBook Pro (4) extraScopes=[]
[2026-09-23T01:19:23.681Z] [pid=1710] [INFO] [EdgeSync] CHANNEL-SDK: [channel-sdk] [ws-transport] disconnected {"code":0,"reason":"disconnect called"}
[2026-09-23T01:19:23.691Z] [pid=1710] [INFO] [EdgeSync] CHANNEL-CREDS: fetching userId=fdee3d54-95b6-4e9c-aaff-50ad9505aab4 deviceId=4d6cede0-b354-523b-bf1f-9ad4d9ec28d2 deviceName=MacBook Pro (4) extraScopes=[]
[2026-09-23T01:19:24.181Z] [pid=1710] [INFO] [EdgeSync] CHANNEL-CREDS urls: apisixPublishUrl=https://www.workbuddy.cn/cf-publish/api/publish cfWsUrl=wss://www.workbuddy.cn/cf-connect/websocket
[2026-09-23T01:19:24.183Z] [pid=1710] [INFO] [EdgeSync] CHANNEL-SDK: [channel-sdk] [handshake] token renewed via credManager {"keyVersion":1}
[2026-09-23T01:19:24.192Z] [pid=1710] [INFO] [EdgeSync] CHANNEL-CREDS urls: apisixPublishUrl=https://www.workbuddy.cn/cf-publish/api/publish cfWsUrl=wss://www.workbuddy.cn/cf-connect/websocket
[2026-09-23T01:19:24.192Z] [pid=1710] [INFO] [EdgeSync] CHANNEL-SDK: [channel-sdk] [handshake] token renewed via credManager {"keyVersion":1}
[2026-09-23T01:19:24.223Z] [pid=1710] [INFO] [EdgeSync] CHANNEL-SDK: [channel-sdk] [ws-transport] connected {"client":"e88e0a19-8db3-4b1e-ac87-3588ee0943d9"}
[2026-09-23T01:19:24.224Z] [pid=1710] [INFO] [EdgeSync] CHANNEL-SDK: [channel-sdk] [supervisor] recovered online {"outcome":"grace_recovered"}
[2026-09-23T01:19:24.224Z] [pid=1710] [INFO] [EdgeSync] CHANNEL-SDK: [channel-sdk] [client] flushing outbox on recovered online {"pending":0}
[2026-09-23T01:19:24.224Z] [pid=1710] [INFO] [EdgeSync] CHANNEL-SDK: [channel-sdk] [client] self-heal reconnect done {"reason":"frozen"}
[2026-09-23T01:19:24.252Z] [pid=1710] [INFO] [EdgeSync] CHANNEL-SDK: [channel-sdk] [ws-transport] connected {"client":"8cf87e6b-6498-4ab8-be7c-453de0ddac5c"}
[2026-09-23T01:19:24.252Z] [pid=1710] [INFO] [EdgeSync] CHANNEL-SDK: [channel-sdk] [supervisor] recovered online {"outcome":"grace_recovered"}
[2026-09-23T01:19:24.252Z] [pid=1710] [INFO] [EdgeSync] CHANNEL-SDK: [channel-sdk] [client] flushing outbox on recovered online {"pending":0}
[2026-09-23T01:19:24.253Z] [pid=1710] [INFO] [EdgeSync] CHANNEL-SDK: [channel-sdk] [client] self-heal reconnect done {"reason":"frozen"}
[2026-09-23T01:36:33.663Z] [pid=1710] [INFO] [EdgeSync] CHANNEL-SDK: [channel-sdk] [presence] timer drift detected {"driftMs":1019909,"expectedAtMs":1790126373672,"firedAtMs":1790127393581,"frozen":true}
[2026-09-23T01:36:33.667Z] [pid=1710] [ERROR] [EdgeSync] CHANNEL-SDK: [channel-sdk] [presence] degraded: no heartbeat ack for too long {"channel":"user:fdee3d54-95b6-4e9c-aaff-50ad9505aab4:devices","staleMs":2997760,"consecutiveFailures":1,"hint":"lightweight self-heal exhausted; business should rebuild the session"}
[2026-09-23T01:36:33.670Z] [pid=1710] [INFO] [EdgeSync] CHANNEL-SDK: [channel-sdk] [presence] triggering lightweight self-heal {"reason":"frozen","staleMs":2997847}
[2026-09-23T01:36:33.674Z] [pid=1710] [INFO] [EdgeSync] CHANNEL-SDK: [channel-sdk] [ws-transport] forcing reconnect (dropping possibly half-open socket) 
[2026-09-23T01:36:33.680Z] [pid=1710] [INFO] [EdgeSync] CHANNEL-SDK: [channel-sdk] [ws-transport] disconnected {"code":0,"reason":"disconnect called"}
[2026-09-23T01:36:33.681Z] [pid=1710] [ERROR] [EdgeSync] CHANNEL-SDK: [channel-sdk] [client] publish failed {"channel":"user:fdee3d54-95b6-4e9c-aaff-50ad9505aab4:devices","scope":"user","transport":"cf-ws","parts":1,"errorCode":"unknown","elapsedMs":1025007,"err":"code=11 message=connection closed"}
[2026-09-23T01:36:33.683Z] [pid=1710] [INFO] [EdgeSync] CHANNEL-SDK: [channel-sdk] [presence] timer drift detected {"driftMs":1020009,"expectedAtMs":1790126373672,"firedAtMs":1790127393681,"frozen":true}
[2026-09-23T01:36:33.684Z] [pid=1710] [ERROR] [EdgeSync] CHANNEL-SDK: [channel-sdk] [presence] degraded: no heartbeat ack for too long {"channel":"user:fdee3d54-95b6-4e9c-aaff-50ad9505aab4:devices","staleMs":2997874,"consecutiveFailures":1,"hint":"lightweight self-heal exhausted; business should rebuild the session"}
[2026-09-23T01:36:33.694Z] [pid=1710] [INFO] [EdgeSync] CHANNEL-SDK: [channel-sdk] [presence] triggering lightweight self-heal {"reason":"frozen","staleMs":2997877}
[2026-09-23T01:36:33.694Z] [pid=1710] [INFO] [EdgeSync] CHANNEL-SDK: [channel-sdk] [ws-transport] forcing reconnect (dropping possibly half-open socket) 
[2026-09-23T01:36:33.695Z] [pid=1710] [INFO] [EdgeSync] CHANNEL-SDK: [channel-sdk] [ws-transport] disconnected {"code":0,"reason":"disconnect called"}
[2026-09-23T01:36:33.696Z] [pid=1710] [ERROR] [EdgeSync] CHANNEL-SDK: [channel-sdk] [client] publish failed {"channel":"user:fdee3d54-95b6-4e9c-aaff-50ad9505aab4:devices","scope":"user","transport":"cf-ws","parts":1,"errorCode":"unknown","elapsedMs":1025023,"err":"code=11 message=connection closed"}
[2026-09-23T01:36:33.712Z] [pid=1710] [INFO] [EdgeSync] CHANNEL-CREDS: fetching userId=fdee3d54-95b6-4e9c-aaff-50ad9505aab4 deviceId=4d6cede0-b354-523b-bf1f-9ad4d9ec28d2 deviceName=MacBook Pro (4) extraScopes=[]
[2026-09-23T01:36:33.712Z] [pid=1710] [INFO] [EdgeSync] CHANNEL-CREDS: fetching userId=fdee3d54-95b6-4e9c-aaff-50ad9505aab4 deviceId=4d6cede0-b354-523b-bf1f-9ad4d9ec28d2 deviceName=MacBook Pro (4) extraScopes=[]
[2026-09-23T01:36:34.276Z] [pid=1710] [INFO] [EdgeSync] CHANNEL-CREDS urls: apisixPublishUrl=https://www.workbuddy.cn/cf-publish/api/publish cfWsUrl=wss://www.workbuddy.cn/cf-connect/websocket
[2026-09-23T01:36:34.277Z] [pid=1710] [INFO] [EdgeSync] CHANNEL-SDK: [channel-sdk] [handshake] token renewed via credManager {"keyVersion":1}
[2026-09-23T01:36:34.278Z] [pid=1710] [INFO] [EdgeSync] CHANNEL-SDK: [channel-sdk] [ws-transport] connected {"client":"91ddca13-004a-4869-9861-fff1e1dc4183"}
[2026-09-23T01:36:34.278Z] [pid=1710] [INFO] [EdgeSync] CHANNEL-SDK: [channel-sdk] [supervisor] recovered online {"outcome":"grace_recovered"}
[2026-09-23T01:36:34.278Z] [pid=1710] [INFO] [EdgeSync] CHANNEL-SDK: [channel-sdk] [client] flushing outbox on recovered online {"pending":0}
[2026-09-23T01:36:34.279Z] [pid=1710] [INFO] [EdgeSync] CHANNEL-SDK: [channel-sdk] [client] self-heal reconnect done {"reason":"frozen"}
[2026-09-23T01:36:34.284Z] [pid=1710] [INFO] [EdgeSync] CHANNEL-CREDS urls: apisixPublishUrl=https://www.workbuddy.cn/cf-publish/api/publish cfWsUrl=wss://www.workbuddy.cn/cf-connect/websocket
[2026-09-23T01:36:34.285Z] [pid=1710] [INFO] [EdgeSync] CHANNEL-SDK: [channel-sdk] [handshake] token renewed via credManager {"keyVersion":1}
[2026-09-23T01:36:34.334Z] [pid=1710] [INFO] [EdgeSync] CHANNEL-SDK: [channel-sdk] [ws-transport] connected {"client":"87cdeb2e-2260-40e0-a70d-2b64b413f583"}
[2026-09-23T01:36:34.334Z] [pid=1710] [INFO] [EdgeSync] CHANNEL-SDK: [channel-sdk] [supervisor] recovered online {"outcome":"grace_recovered"}
[2026-09-23T01:36:34.334Z] [pid=1710] [INFO] [EdgeSync] CHANNEL-SDK: [channel-sdk] [client] flushing outbox on recovered online {"pending":0}
[2026-09-23T01:36:34.334Z] [pid=1710] [INFO] [EdgeSync] CHANNEL-SDK: [channel-sdk] [client] self-heal reconnect done {"reason":"frozen"}
[2026-09-23T01:47:30.651Z] [pid=1710] [INFO] [EdgeSync] CHANNEL-SDK: [channel-sdk] [presence] timer drift detected {"driftMs":646853,"expectedAtMs":1790127403671,"firedAtMs":1790128050524,"frozen":true}
[2026-09-23T01:47:30.652Z] [pid=1710] [ERROR] [EdgeSync] CHANNEL-SDK: [channel-sdk] [presence] degraded: no heartbeat ack for too long {"channel":"user:fdee3d54-95b6-4e9c-aaff-50ad9505aab4:devices","staleMs":3654703,"consecutiveFailures":2,"hint":"lightweight self-heal exhausted; business should rebuild the session"}
[2026-09-23T01:47:30.657Z] [pid=1710] [ERROR] [EdgeSync] CHANNEL-SDK: [channel-sdk] [client] publish failed {"channel":"user:fdee3d54-95b6-4e9c-aaff-50ad9505aab4:devices","scope":"user","transport":"cf-ws","parts":1,"errorCode":"unknown","elapsedMs":651984,"err":"code=11 message=connection closed"}
[2026-09-23T01:47:30.657Z] [pid=1710] [ERROR] [EdgeSync] CHANNEL-SDK: [channel-sdk] [presence] device.online heartbeat persistently failing — device will be marked offline {"channel":"user:fdee3d54-95b6-4e9c-aaff-50ad9505aab4:devices","reason":"schedule","consecutiveFailures":3,"staleMs":3654836,"err":"code=11 message=connection closed","hint":"half-open WS / publish_proxy rejecting / missing publish permission; watchdog will force a self-heal"}
[2026-09-23T01:47:30.656Z] [pid=1710] [INFO] [EdgeSync] CHANNEL-SDK: [channel-sdk] [ws-transport] forcing reconnect (dropping possibly half-open socket) 
[2026-09-23T01:47:30.653Z] [pid=1710] [INFO] [EdgeSync] CHANNEL-SDK: [channel-sdk] [presence] triggering lightweight self-heal {"reason":"frozen","staleMs":3654831}
[2026-09-23T01:47:30.672Z] [pid=1710] [ERROR] [EdgeSync] CHANNEL-SDK: [channel-sdk] [presence] device.online heartbeat persistently failing — device will be marked offline {"channel":"user:fdee3d54-95b6-4e9c-aaff-50ad9505aab4:devices","reason":"schedule","consecutiveFailures":3,"staleMs":3654865,"err":"code=11 message=connection closed","hint":"half-open WS / publish_proxy rejecting / missing publish permission; watchdog will force a self-heal"}
[2026-09-23T01:47:30.672Z] [pid=1710] [ERROR] [EdgeSync] CHANNEL-SDK: [channel-sdk] [client] publish failed {"channel":"user:fdee3d54-95b6-4e9c-aaff-50ad9505aab4:devices","scope":"user","transport":"cf-ws","parts":1,"errorCode":"unknown","elapsedMs":651977,"err":"code=11 message=connection closed"}
[2026-09-23T01:47:30.668Z] [pid=1710] [ERROR] [EdgeSync] CHANNEL-SDK: [channel-sdk] [presence] degraded: no heartbeat ack for too long {"channel":"user:fdee3d54-95b6-4e9c-aaff-50ad9505aab4:devices","staleMs":3654850,"consecutiveFailures":2,"hint":"lightweight self-heal exhausted; business should rebuild the session"}
[2026-09-23T01:47:30.671Z] [pid=1710] [INFO] [EdgeSync] CHANNEL-SDK: [channel-sdk] [ws-transport] disconnected {"code":0,"reason":"disconnect called"}
[2026-09-23T01:47:30.658Z] [pid=1710] [INFO] [EdgeSync] CHANNEL-SDK: [channel-sdk] [presence] timer drift detected {"driftMs":646962,"expectedAtMs":1790127403695,"firedAtMs":1790128050657,"frozen":true}
[2026-09-23T01:47:30.671Z] [pid=1710] [INFO] [EdgeSync] CHANNEL-SDK: [channel-sdk] [presence] triggering lightweight self-heal {"reason":"frozen","staleMs":3654861}
[2026-09-23T01:47:30.671Z] [pid=1710] [INFO] [EdgeSync] CHANNEL-SDK: [channel-sdk] [ws-transport] forcing reconnect (dropping possibly half-open socket) 
[2026-09-23T01:47:30.656Z] [pid=1710] [INFO] [EdgeSync] CHANNEL-SDK: [channel-sdk] [ws-transport] disconnected {"code":0,"reason":"disconnect called"}
[2026-09-23T01:47:31.212Z] [pid=1710] [INFO] [EdgeSync] CHANNEL-SDK: [channel-sdk] [ws-transport] connected {"client":"d67f3903-5c68-440c-b234-d22888245847"}
[2026-09-23T01:47:31.212Z] [pid=1710] [INFO] [EdgeSync] CHANNEL-SDK: [channel-sdk] [supervisor] recovered online {"outcome":"grace_recovered"}
[2026-09-23T01:47:31.212Z] [pid=1710] [INFO] [EdgeSync] CHANNEL-SDK: [channel-sdk] [client] flushing outbox on recovered online {"pending":0}
[2026-09-23T01:47:31.212Z] [pid=1710] [INFO] [EdgeSync] CHANNEL-SDK: [channel-sdk] [client] self-heal reconnect done {"reason":"frozen"}
[2026-09-23T01:47:31.243Z] [pid=1710] [INFO] [EdgeSync] CHANNEL-SDK: [channel-sdk] [ws-transport] connected {"client":"5a708c30-e314-46bc-b316-108e94b25326"}
[2026-09-23T01:47:31.244Z] [pid=1710] [INFO] [EdgeSync] CHANNEL-SDK: [channel-sdk] [supervisor] recovered online {"outcome":"grace_recovered"}
[2026-09-23T01:47:31.244Z] [pid=1710] [INFO] [EdgeSync] CHANNEL-SDK: [channel-sdk] [client] flushing outbox on recovered online {"pending":0}
[2026-09-23T01:47:31.244Z] [pid=1710] [INFO] [EdgeSync] CHANNEL-SDK: [channel-sdk] [client] self-heal reconnect done {"reason":"frozen"}
[2026-09-23T01:47:35.749Z] [pid=1710] [INFO] [EdgeSync] CHANNEL-SDK: [channel-sdk] [presence] heartbeat recovered {"channel":"user:fdee3d54-95b6-4e9c-aaff-50ad9505aab4:devices","source":"echo","afterFailures":3}
[2026-09-23T01:47:35.797Z] [pid=1710] [INFO] [EdgeSync] CHANNEL-SDK: [channel-sdk] [presence] heartbeat recovered {"channel":"user:fdee3d54-95b6-4e9c-aaff-50ad9505aab4:devices","source":"echo","afterFailures":3}
[2026-09-23T02:03:59.677Z] [pid=1710] [INFO] [EdgeSync] CHANNEL-SDK: [channel-sdk] [presence] timer drift detected {"driftMs":963863,"expectedAtMs":1790128075688,"firedAtMs":1790129039551,"frozen":true}
[2026-09-23T02:03:59.687Z] [pid=1710] [INFO] [EdgeSync] CHANNEL-CREDS: fetching userId=fdee3d54-95b6-4e9c-aaff-50ad9505aab4 deviceId=4d6cede0-b354-523b-bf1f-9ad4d9ec28d2 deviceName=MacBook Pro (4) extraScopes=[]
[2026-09-23T02:03:59.680Z] [pid=1710] [ERROR] [EdgeSync] CHANNEL-SDK: [channel-sdk] [presence] degraded: no heartbeat ack for too long {"channel":"user:fdee3d54-95b6-4e9c-aaff-50ad9505aab4:devices","staleMs":983803,"consecutiveFailures":0,"hint":"lightweight self-heal exhausted; business should rebuild the session"}
[2026-09-23T02:03:59.681Z] [pid=1710] [INFO] [EdgeSync] CHANNEL-SDK: [channel-sdk] [ws-transport] disconnected {"code":0,"reason":"disconnect called"}
[2026-09-23T02:03:59.680Z] [pid=1710] [INFO] [EdgeSync] CHANNEL-SDK: [channel-sdk] [ws-transport] forcing reconnect (dropping possibly half-open socket) 
[2026-09-23T02:03:59.682Z] [pid=1710] [INFO] [EdgeSync] CHANNEL-SDK: [channel-sdk] [ws-transport] disconnected {"code":0,"reason":"disconnect called"}
[2026-09-23T02:03:59.680Z] [pid=1710] [INFO] [EdgeSync] CHANNEL-SDK: [channel-sdk] [presence] triggering lightweight self-heal {"reason":"frozen","staleMs":983932}
[2026-09-23T02:03:59.686Z] [pid=1710] [INFO] [EdgeSync] CHANNEL-CREDS: fetching userId=fdee3d54-95b6-4e9c-aaff-50ad9505aab4 deviceId=4d6cede0-b354-523b-bf1f-9ad4d9ec28d2 deviceName=MacBook Pro (4) extraScopes=[]
[2026-09-23T02:03:59.681Z] [pid=1710] [INFO] [EdgeSync] CHANNEL-SDK: [channel-sdk] [presence] timer drift detected {"driftMs":963978,"expectedAtMs":1790128075703,"firedAtMs":1790129039681,"frozen":true}
[2026-09-23T02:03:59.681Z] [pid=1710] [INFO] [EdgeSync] CHANNEL-SDK: [channel-sdk] [presence] triggering lightweight self-heal {"reason":"frozen","staleMs":983885}
[2026-09-23T02:03:59.682Z] [pid=1710] [INFO] [EdgeSync] CHANNEL-SDK: [channel-sdk] [ws-transport] forcing reconnect (dropping possibly half-open socket) 
[2026-09-23T02:03:59.681Z] [pid=1710] [ERROR] [EdgeSync] CHANNEL-SDK: [channel-sdk] [presence] degraded: no heartbeat ack for too long {"channel":"user:fdee3d54-95b6-4e9c-aaff-50ad9505aab4:devices","staleMs":983885,"consecutiveFailures":0,"hint":"lightweight self-heal exhausted; business should rebuild the session"}
[2026-09-23T02:04:00.293Z] [pid=1710] [INFO] [EdgeSync] CHANNEL-CREDS urls: apisixPublishUrl=https://www.workbuddy.cn/cf-publish/api/publish cfWsUrl=wss://www.workbuddy.cn/cf-connect/websocket
[2026-09-23T02:04:00.293Z] [pid=1710] [INFO] [EdgeSync] CHANNEL-SDK: [channel-sdk] [handshake] token renewed via credManager {"keyVersion":1}
[2026-09-23T02:04:00.302Z] [pid=1710] [INFO] [EdgeSync] CHANNEL-CREDS urls: apisixPublishUrl=https://www.workbuddy.cn/cf-publish/api/publish cfWsUrl=wss://www.workbuddy.cn/cf-connect/websocket
[2026-09-23T02:04:00.303Z] [pid=1710] [INFO] [EdgeSync] CHANNEL-SDK: [channel-sdk] [handshake] token renewed via credManager {"keyVersion":1}
[2026-09-23T02:04:00.345Z] [pid=1710] [INFO] [EdgeSync] CHANNEL-SDK: [channel-sdk] [ws-transport] connected {"client":"e24ab14f-a7d3-452b-81d2-55cb0a5c4936"}
[2026-09-23T02:04:00.346Z] [pid=1710] [INFO] [EdgeSync] CHANNEL-SDK: [channel-sdk] [supervisor] recovered online {"outcome":"grace_recovered"}
[2026-09-23T02:04:00.346Z] [pid=1710] [INFO] [EdgeSync] CHANNEL-SDK: [channel-sdk] [client] flushing outbox on recovered online {"pending":0}
[2026-09-23T02:04:00.347Z] [pid=1710] [INFO] [EdgeSync] CHANNEL-SDK: [channel-sdk] [client] self-heal reconnect done {"reason":"frozen"}
[2026-09-23T02:04:00.403Z] [pid=1710] [INFO] [EdgeSync] CHANNEL-SDK: [channel-sdk] [ws-transport] connected {"client":"c81f7fb6-8c79-4ec0-8d45-84df61bbd1ee"}
[2026-09-23T02:04:00.403Z] [pid=1710] [INFO] [EdgeSync] CHANNEL-SDK: [channel-sdk] [supervisor] recovered online {"outcome":"grace_recovered"}
[2026-09-23T02:04:00.403Z] [pid=1710] [INFO] [EdgeSync] CHANNEL-SDK: [channel-sdk] [client] flushing outbox on recovered online {"pending":0}
[2026-09-23T02:04:00.404Z] [pid=1710] [INFO] [EdgeSync] CHANNEL-SDK: [channel-sdk] [client] self-heal reconnect done {"reason":"frozen"}
[2026-09-23T02:20:19.671Z] [pid=1710] [INFO] [EdgeSync] CHANNEL-SDK: [channel-sdk] [presence] timer drift detected {"driftMs":969860,"expectedAtMs":1790129049678,"firedAtMs":1790130019538,"frozen":true}
[2026-09-23T02:20:19.673Z] [pid=1710] [ERROR] [EdgeSync] CHANNEL-SDK: [channel-sdk] [presence] degraded: no heartbeat ack for too long {"channel":"user:fdee3d54-95b6-4e9c-aaff-50ad9505aab4:devices","staleMs":979038,"consecutiveFailures":0,"hint":"lightweight self-heal exhausted; business should rebuild the session"}
[2026-09-23T02:20:19.674Z] [pid=1710] [INFO] [EdgeSync] CHANNEL-SDK: [channel-sdk] [presence] triggering lightweight self-heal {"reason":"frozen","staleMs":979173}
[2026-09-23T02:20:19.675Z] [pid=1710] [INFO] [EdgeSync] CHANNEL-SDK: [channel-sdk] [ws-transport] forcing reconnect (dropping possibly half-open socket) 
[2026-09-23T02:20:19.675Z] [pid=1710] [INFO] [EdgeSync] CHANNEL-SDK: [channel-sdk] [ws-transport] disconnected {"code":0,"reason":"disconnect called"}
[2026-09-23T02:20:19.678Z] [pid=1710] [INFO] [EdgeSync] CHANNEL-SDK: [channel-sdk] [presence] triggering lightweight self-heal {"reason":"frozen","staleMs":979251}
[2026-09-23T02:20:19.676Z] [pid=1710] [INFO] [EdgeSync] CHANNEL-SDK: [channel-sdk] [presence] timer drift detected {"driftMs":969998,"expectedAtMs":1790129049678,"firedAtMs":1790130019676,"frozen":true}
[2026-09-23T02:20:19.677Z] [pid=1710] [ERROR] [EdgeSync] CHANNEL-SDK: [channel-sdk] [presence] degraded: no heartbeat ack for too long {"channel":"user:fdee3d54-95b6-4e9c-aaff-50ad9505aab4:devices","staleMs":979250,"consecutiveFailures":0,"hint":"lightweight self-heal exhausted; business should rebuild the session"}
[2026-09-23T02:20:19.679Z] [pid=1710] [INFO] [EdgeSync] CHANNEL-SDK: [channel-sdk] [ws-transport] disconnected {"code":0,"reason":"disconnect called"}
[2026-09-23T02:20:19.678Z] [pid=1710] [INFO] [EdgeSync] CHANNEL-SDK: [channel-sdk] [ws-transport] forcing reconnect (dropping possibly half-open socket) 
[2026-09-23T02:20:19.692Z] [pid=1710] [INFO] [EdgeSync] CHANNEL-CREDS: fetching userId=fdee3d54-95b6-4e9c-aaff-50ad9505aab4 deviceId=4d6cede0-b354-523b-bf1f-9ad4d9ec28d2 deviceName=MacBook Pro (4) extraScopes=[]
[2026-09-23T02:20:19.692Z] [pid=1710] [INFO] [EdgeSync] CHANNEL-CREDS: fetching userId=fdee3d54-95b6-4e9c-aaff-50ad9505aab4 deviceId=4d6cede0-b354-523b-bf1f-9ad4d9ec28d2 deviceName=MacBook Pro (4) extraScopes=[]
[2026-09-23T02:20:20.374Z] [pid=1710] [INFO] [EdgeSync] CHANNEL-SDK: [channel-sdk] [ws-transport] connected {"client":"dcc23f13-b829-4745-9d96-f1233ae3dcc5"}
[2026-09-23T02:20:20.374Z] [pid=1710] [INFO] [EdgeSync] CHANNEL-SDK: [channel-sdk] [supervisor] recovered online {"outcome":"grace_recovered"}
[2026-09-23T02:20:20.374Z] [pid=1710] [INFO] [EdgeSync] CHANNEL-SDK: [channel-sdk] [client] flushing outbox on recovered online {"pending":0}
[2026-09-23T02:20:20.374Z] [pid=1710] [INFO] [EdgeSync] CHANNEL-SDK: [channel-sdk] [client] self-heal reconnect done {"reason":"frozen"}
[2026-09-23T02:20:20.395Z] [pid=1710] [INFO] [EdgeSync] CHANNEL-CREDS urls: apisixPublishUrl=https://www.workbuddy.cn/cf-publish/api/publish cfWsUrl=wss://www.workbuddy.cn/cf-connect/websocket
[2026-09-23T02:20:20.395Z] [pid=1710] [INFO] [EdgeSync] CHANNEL-SDK: [channel-sdk] [handshake] token renewed via credManager {"keyVersion":1}
[2026-09-23T02:20:20.395Z] [pid=1710] [INFO] [EdgeSync] CHANNEL-SDK: [channel-sdk] [ws-transport] connected {"client":"6b2002ab-1465-4a64-9951-27bc912c7275"}
[2026-09-23T02:20:20.396Z] [pid=1710] [INFO] [EdgeSync] CHANNEL-SDK: [channel-sdk] [supervisor] recovered online {"outcome":"grace_recovered"}
[2026-09-23T02:20:20.396Z] [pid=1710] [INFO] [EdgeSync] CHANNEL-SDK: [channel-sdk] [client] flushing outbox on recovered online {"pending":0}
[2026-09-23T02:20:20.396Z] [pid=1710] [INFO] [EdgeSync] CHANNEL-SDK: [channel-sdk] [client] self-heal reconnect done {"reason":"frozen"}
[2026-09-23T02:20:20.432Z] [pid=1710] [INFO] [EdgeSync] CHANNEL-CREDS urls: apisixPublishUrl=https://www.workbuddy.cn/cf-publish/api/publish cfWsUrl=wss://www.workbuddy.cn/cf-connect/websocket
[2026-09-23T02:20:20.433Z] [pid=1710] [INFO] [EdgeSync] CHANNEL-SDK: [channel-sdk] [handshake] token renewed via credManager {"keyVersion":1}
[2026-09-23T02:38:09.660Z] [pid=1710] [INFO] [EdgeSync] CHANNEL-SDK: [channel-sdk] [presence] timer drift detected {"driftMs":1059863,"expectedAtMs":1790130029670,"firedAtMs":1790131089533,"frozen":true}
[2026-09-23T02:38:09.664Z] [pid=1710] [ERROR] [EdgeSync] CHANNEL-SDK: [channel-sdk] [presence] degraded: no heartbeat ack for too long {"channel":"user:fdee3d54-95b6-4e9c-aaff-50ad9505aab4:devices","staleMs":2049033,"consecutiveFailures":0,"hint":"lightweight self-heal exhausted; business should rebuild the session"}
[2026-09-23T02:38:09.664Z] [pid=1710] [INFO] [EdgeSync] CHANNEL-SDK: [channel-sdk] [presence] triggering lightweight self-heal {"reason":"frozen","staleMs":2049164}
[2026-09-23T02:38:09.665Z] [pid=1710] [INFO] [EdgeSync] CHANNEL-SDK: [channel-sdk] [ws-transport] forcing reconnect (dropping possibly half-open socket) 
[2026-09-23T02:38:09.664Z] [pid=1710] [INFO] [EdgeSync] CHANNEL-SDK: [channel-sdk] [ws-transport] forcing reconnect (dropping possibly half-open socket) 
[2026-09-23T02:38:09.665Z] [pid=1710] [ERROR] [EdgeSync] CHANNEL-SDK: [channel-sdk] [presence] degraded: no heartbeat ack for too long {"channel":"user:fdee3d54-95b6-4e9c-aaff-50ad9505aab4:devices","staleMs":2049239,"consecutiveFailures":0,"hint":"lightweight self-heal exhausted; business should rebuild the session"}
[2026-09-23T02:38:09.665Z] [pid=1710] [INFO] [EdgeSync] CHANNEL-SDK: [channel-sdk] [presence] timer drift detected {"driftMs":1059991,"expectedAtMs":1790130029674,"firedAtMs":1790131089665,"frozen":true}
[2026-09-23T02:38:09.665Z] [pid=1710] [INFO] [EdgeSync] CHANNEL-SDK: [channel-sdk] [presence] triggering lightweight self-heal {"reason":"frozen","staleMs":2049239}
[2026-09-23T02:38:09.665Z] [pid=1710] [INFO] [EdgeSync] CHANNEL-SDK: [channel-sdk] [ws-transport] disconnected {"code":0,"reason":"disconnect called"}
[2026-09-23T02:38:09.664Z] [pid=1710] [INFO] [EdgeSync] CHANNEL-SDK: [channel-sdk] [ws-transport] disconnected {"code":0,"reason":"disconnect called"}
[2026-09-23T02:38:09.685Z] [pid=1710] [INFO] [EdgeSync] CHANNEL-CREDS: fetching userId=fdee3d54-95b6-4e9c-aaff-50ad9505aab4 deviceId=4d6cede0-b354-523b-bf1f-9ad4d9ec28d2 deviceName=MacBook Pro (4) extraScopes=[]
[2026-09-23T02:38:09.691Z] [pid=1710] [INFO] [EdgeSync] CHANNEL-CREDS: fetching userId=fdee3d54-95b6-4e9c-aaff-50ad9505aab4 deviceId=4d6cede0-b354-523b-bf1f-9ad4d9ec28d2 deviceName=MacBook Pro (4) extraScopes=[]
[2026-09-23T02:38:10.257Z] [pid=1710] [INFO] [EdgeSync] CHANNEL-CREDS urls: apisixPublishUrl=https://www.workbuddy.cn/cf-publish/api/publish cfWsUrl=wss://www.workbuddy.cn/cf-connect/websocket
[2026-09-23T02:38:10.258Z] [pid=1710] [INFO] [EdgeSync] CHANNEL-SDK: [channel-sdk] [handshake] token renewed via credManager {"keyVersion":1}
[2026-09-23T02:38:10.263Z] [pid=1710] [INFO] [EdgeSync] CHANNEL-CREDS urls: apisixPublishUrl=https://www.workbuddy.cn/cf-publish/api/publish cfWsUrl=wss://www.workbuddy.cn/cf-connect/websocket
[2026-09-23T02:38:10.263Z] [pid=1710] [INFO] [EdgeSync] CHANNEL-SDK: [channel-sdk] [handshake] token renewed via credManager {"keyVersion":1}
[2026-09-23T02:38:10.313Z] [pid=1710] [INFO] [EdgeSync] CHANNEL-SDK: [channel-sdk] [ws-transport] connected {"client":"5cf96aba-5482-44f5-b5fe-7bcec417a809"}
[2026-09-23T02:38:10.313Z] [pid=1710] [INFO] [EdgeSync] CHANNEL-SDK: [channel-sdk] [supervisor] recovered online {"outcome":"grace_recovered"}
[2026-09-23T02:38:10.313Z] [pid=1710] [INFO] [EdgeSync] CHANNEL-SDK: [channel-sdk] [client] flushing outbox on recovered online {"pending":0}
[2026-09-23T02:38:10.314Z] [pid=1710] [INFO] [EdgeSync] CHANNEL-SDK: [channel-sdk] [client] self-heal reconnect done {"reason":"frozen"}
[2026-09-23T02:38:10.316Z] [pid=1710] [INFO] [EdgeSync] CHANNEL-SDK: [channel-sdk] [ws-transport] connected {"client":"00e034ae-977b-4b9b-ba18-4809af207364"}
[2026-09-23T02:38:10.317Z] [pid=1710] [INFO] [EdgeSync] CHANNEL-SDK: [channel-sdk] [supervisor] recovered online {"outcome":"grace_recovered"}
[2026-09-23T02:38:10.317Z] [pid=1710] [INFO] [EdgeSync] CHANNEL-SDK: [channel-sdk] [client] flushing outbox on recovered online {"pending":0}
[2026-09-23T02:38:10.317Z] [pid=1710] [INFO] [EdgeSync] CHANNEL-SDK: [channel-sdk] [client] self-heal reconnect done {"reason":"frozen"}
[2026-09-23T02:48:30.654Z] [pid=1710] [ERROR] [EdgeSync] CHANNEL-SDK: [channel-sdk] [presence] degraded: no heartbeat ack for too long {"channel":"user:fdee3d54-95b6-4e9c-aaff-50ad9505aab4:devices","staleMs":2670024,"consecutiveFailures":1,"hint":"lightweight self-heal exhausted; business should rebuild the session"}
[2026-09-23T02:48:30.653Z] [pid=1710] [INFO] [EdgeSync] CHANNEL-SDK: [channel-sdk] [presence] timer drift detected {"driftMs":610857,"expectedAtMs":1790131099667,"firedAtMs":1790131710524,"frozen":true}
[2026-09-23T02:48:30.654Z] [pid=1710] [INFO] [EdgeSync] CHANNEL-SDK: [channel-sdk] [presence] triggering lightweight self-heal {"reason":"frozen","staleMs":2670154}
[2026-09-23T02:48:30.654Z] [pid=1710] [INFO] [EdgeSync] CHANNEL-SDK: [channel-sdk] [ws-transport] forcing reconnect (dropping possibly half-open socket) 
[2026-09-23T02:48:30.654Z] [pid=1710] [INFO] [EdgeSync] CHANNEL-SDK: [channel-sdk] [ws-transport] disconnected {"code":0,"reason":"disconnect called"}
[2026-09-23T02:48:30.655Z] [pid=1710] [ERROR] [EdgeSync] CHANNEL-SDK: [channel-sdk] [client] publish failed {"channel":"user:fdee3d54-95b6-4e9c-aaff-50ad9505aab4:devices","scope":"user","transport":"cf-ws","parts":1,"errorCode":"unknown","elapsedMs":615987,"err":"code=11 message=connection closed"}
[2026-09-23T02:48:30.655Z] [pid=1710] [INFO] [EdgeSync] CHANNEL-SDK: [channel-sdk] [presence] triggering lightweight self-heal {"reason":"frozen","staleMs":2670229}
[2026-09-23T02:48:30.655Z] [pid=1710] [ERROR] [EdgeSync] CHANNEL-SDK: [channel-sdk] [presence] degraded: no heartbeat ack for too long {"channel":"user:fdee3d54-95b6-4e9c-aaff-50ad9505aab4:devices","staleMs":2670229,"consecutiveFailures":1,"hint":"lightweight self-heal exhausted; business should rebuild the session"}
[2026-09-23T02:48:30.655Z] [pid=1710] [INFO] [EdgeSync] CHANNEL-SDK: [channel-sdk] [ws-transport] disconnected {"code":0,"reason":"disconnect called"}
[2026-09-23T02:48:30.655Z] [pid=1710] [ERROR] [EdgeSync] CHANNEL-SDK: [channel-sdk] [client] publish failed {"channel":"user:fdee3d54-95b6-4e9c-aaff-50ad9505aab4:devices","scope":"user","transport":"cf-ws","parts":1,"errorCode":"unknown","elapsedMs":615987,"err":"code=11 message=connection closed"}
[2026-09-23T02:48:30.655Z] [pid=1710] [INFO] [EdgeSync] CHANNEL-SDK: [channel-sdk] [presence] timer drift detected {"driftMs":610988,"expectedAtMs":1790131099667,"firedAtMs":1790131710655,"frozen":true}
[2026-09-23T02:48:30.655Z] [pid=1710] [INFO] [EdgeSync] CHANNEL-SDK: [channel-sdk] [ws-transport] forcing reconnect (dropping possibly half-open socket) 
[2026-09-23T02:48:31.287Z] [pid=1710] [INFO] [EdgeSync] CHANNEL-SDK: [channel-sdk] [ws-transport] connected {"client":"1b7d6359-cd69-4ed1-bd81-aa1ab0f4fddb"}
[2026-09-23T02:48:31.288Z] [pid=1710] [INFO] [EdgeSync] CHANNEL-SDK: [channel-sdk] [supervisor] recovered online {"outcome":"grace_recovered"}
[2026-09-23T02:48:31.288Z] [pid=1710] [INFO] [EdgeSync] CHANNEL-SDK: [channel-sdk] [client] flushing outbox on recovered online {"pending":0}
[2026-09-23T02:48:31.288Z] [pid=1710] [INFO] [EdgeSync] CHANNEL-SDK: [channel-sdk] [client] self-heal reconnect done {"reason":"frozen"}
[2026-09-23T02:48:31.350Z] [pid=1710] [INFO] [EdgeSync] CHANNEL-SDK: [channel-sdk] [ws-transport] connected {"client":"ce93d049-3fb5-49f8-96f5-e626cafa2ce7"}
[2026-09-23T02:48:31.350Z] [pid=1710] [INFO] [EdgeSync] CHANNEL-SDK: [channel-sdk] [supervisor] recovered online {"outcome":"grace_recovered"}
[2026-09-23T02:48:31.351Z] [pid=1710] [INFO] [EdgeSync] CHANNEL-SDK: [channel-sdk] [client] flushing outbox on recovered online {"pending":0}
[2026-09-23T02:48:31.351Z] [pid=1710] [INFO] [EdgeSync] CHANNEL-SDK: [channel-sdk] [client] self-heal reconnect done {"reason":"frozen"}
[2026-09-23T02:48:35.749Z] [pid=1710] [INFO] [EdgeSync] CHANNEL-SDK: [channel-sdk] [presence] heartbeat recovered {"channel":"user:fdee3d54-95b6-4e9c-aaff-50ad9505aab4:devices","source":"echo","afterFailures":2}
[2026-09-23T02:48:35.754Z] [pid=1710] [INFO] [EdgeSync] CHANNEL-SDK: [channel-sdk] [presence] heartbeat recovered {"channel":"user:fdee3d54-95b6-4e9c-aaff-50ad9505aab4:devices","source":"echo","afterFailures":2}
[2026-09-23T03:02:47.367Z] [pid=1710] [INFO] [EdgeSync] CHANNEL-SDK: [channel-sdk] [presence] timer drift detected {"driftMs":826549,"expectedAtMs":1790131740690,"firedAtMs":1790132567239,"frozen":true}
[2026-09-23T03:02:47.370Z] [pid=1710] [ERROR] [EdgeSync] CHANNEL-SDK: [channel-sdk] [presence] degraded: no heartbeat ack for too long {"channel":"user:fdee3d54-95b6-4e9c-aaff-50ad9505aab4:devices","staleMs":831457,"consecutiveFailures":0,"hint":"lightweight self-heal exhausted; business should rebuild the session"}
[2026-09-23T03:02:47.379Z] [pid=1710] [INFO] [EdgeSync] CHANNEL-SDK: [channel-sdk] [ws-transport] forcing reconnect (dropping possibly half-open socket) 
[2026-09-23T03:02:47.381Z] [pid=1710] [ERROR] [EdgeSync] CHANNEL-SDK: [channel-sdk] [presence] degraded: no heartbeat ack for too long {"channel":"user:fdee3d54-95b6-4e9c-aaff-50ad9505aab4:devices","staleMs":831598,"consecutiveFailures":0,"hint":"lightweight self-heal exhausted; business should rebuild the session"}
[2026-09-23T03:02:47.381Z] [pid=1710] [INFO] [EdgeSync] CHANNEL-SDK: [channel-sdk] [ws-transport] forcing reconnect (dropping possibly half-open socket) 
[2026-09-23T03:02:47.381Z] [pid=1710] [INFO] [EdgeSync] CHANNEL-SDK: [channel-sdk] [ws-transport] disconnected {"code":0,"reason":"disconnect called"}
[2026-09-23T03:02:47.379Z] [pid=1710] [INFO] [EdgeSync] CHANNEL-SDK: [channel-sdk] [presence] triggering lightweight self-heal {"reason":"frozen","staleMs":831588}
[2026-09-23T03:02:47.381Z] [pid=1710] [INFO] [EdgeSync] CHANNEL-SDK: [channel-sdk] [presence] timer drift detected {"driftMs":826690,"expectedAtMs":1790131740690,"firedAtMs":1790132567380,"frozen":true}
[2026-09-23T03:02:47.380Z] [pid=1710] [INFO] [EdgeSync] CHANNEL-SDK: [channel-sdk] [ws-transport] disconnected {"code":0,"reason":"disconnect called"}
[2026-09-23T03:02:47.381Z] [pid=1710] [INFO] [EdgeSync] CHANNEL-SDK: [channel-sdk] [presence] triggering lightweight self-heal {"reason":"frozen","staleMs":831599}
[2026-09-23T03:02:47.387Z] [pid=1710] [INFO] [EdgeSync] CHANNEL-CREDS: fetching userId=fdee3d54-95b6-4e9c-aaff-50ad9505aab4 deviceId=4d6cede0-b354-523b-bf1f-9ad4d9ec28d2 deviceName=MacBook Pro (4) extraScopes=[]
[2026-09-23T03:02:47.387Z] [pid=1710] [INFO] [EdgeSync] CHANNEL-CREDS: fetching userId=fdee3d54-95b6-4e9c-aaff-50ad9505aab4 deviceId=4d6cede0-b354-523b-bf1f-9ad4d9ec28d2 deviceName=MacBook Pro (4) extraScopes=[]
[2026-09-23T03:02:47.428Z] [pid=1710] [INFO] [EdgeSync] CHANNEL-RECOVERY start reason=system-resume
[2026-09-23T03:02:48.047Z] [pid=1710] [INFO] [EdgeSync] CHANNEL-CREDS urls: apisixPublishUrl=https://www.workbuddy.cn/cf-publish/api/publish cfWsUrl=wss://www.workbuddy.cn/cf-connect/websocket
[2026-09-23T03:02:48.051Z] [pid=1710] [INFO] [EdgeSync] CHANNEL-SDK: [channel-sdk] [handshake] token renewed via credManager {"keyVersion":1}
[2026-09-23T03:02:48.110Z] [pid=1710] [INFO] [EdgeSync] CHANNEL-SDK: [channel-sdk] [ws-transport] connected {"client":"96d16b21-a08a-4b47-be00-7bde053dd1e0"}
[2026-09-23T03:02:48.114Z] [pid=1710] [INFO] [EdgeSync] CHANNEL-SDK: [channel-sdk] [supervisor] recovered online {"outcome":"grace_recovered"}
[2026-09-23T03:02:48.122Z] [pid=1710] [INFO] [EdgeSync] CHANNEL-SDK: [channel-sdk] [client] flushing outbox on recovered online {"pending":0}
[2026-09-23T03:02:48.123Z] [pid=1710] [INFO] [EdgeSync] CHANNEL-SDK: [channel-sdk] [client] self-heal reconnect done {"reason":"frozen"}
[2026-09-23T03:02:48.175Z] [pid=1710] [INFO] [EdgeSync] CHANNEL-SDK: [channel-sdk] [ws-transport] connected {"client":"0f82c7cb-f4f7-4e6d-9b9d-ebd3d3d20dc9"}
[2026-09-23T03:02:48.175Z] [pid=1710] [INFO] [EdgeSync] CHANNEL-SDK: [channel-sdk] [supervisor] recovered online {"outcome":"grace_recovered"}
[2026-09-23T03:02:48.175Z] [pid=1710] [INFO] [EdgeSync] CHANNEL-SDK: [channel-sdk] [client] flushing outbox on recovered online {"pending":0}
[2026-09-23T03:02:48.175Z] [pid=1710] [INFO] [EdgeSync] CHANNEL-SDK: [channel-sdk] [client] self-heal reconnect done {"reason":"frozen"}
[2026-09-23T03:02:48.766Z] [pid=1710] [INFO] [EdgeSync] CHANNEL-CREDS urls: apisixPublishUrl=https://www.workbuddy.cn/cf-publish/api/publish cfWsUrl=wss://www.workbuddy.cn/cf-connect/websocket
[2026-09-23T03:02:48.767Z] [pid=1710] [INFO] [EdgeSync] CHANNEL-SDK: [channel-sdk] [handshake] token renewed via credManager {"keyVersion":1}
[2026-09-23T03:02:49.383Z] [pid=1710] [INFO] [waitForNetworkOnline] ready after 1954ms (first probe)
[2026-09-23T03:02:49.383Z] [pid=1710] [INFO] [EdgeSync] CHANNEL-RECOVERY network ready=true waitedMs=1954
[2026-09-23T03:02:49.384Z] [pid=1710] [INFO] [EdgeSync] CHANNEL-SDK: state=disconnected
[2026-09-23T03:02:49.384Z] [pid=1710] [CHANNEL_STATE] phase=disconnected reason=user_close code=-
[2026-09-23T03:02:50.886Z] [pid=1710] [INFO] [EdgeSync] CHANNEL-SDK: [channel-sdk] [ws-transport] disconnected {"code":0,"reason":"disconnect called"}
[2026-09-23T03:02:50.887Z] [pid=1710] [INFO] [EdgeSync] CHANNEL-SDK: handshake starting userId=fdee3d54-95b6-4e9c-aaff-50ad9505aab4 deviceId=4d6cede0-b354-523b-bf1f-9ad4d9ec28d2
[2026-09-23T03:02:50.888Z] [pid=1710] [INFO] [EdgeSync] CHANNEL-SDK: [channel-sdk] [handshake] start {"userId":"fdee3d54-95b6-4e9c-aaff-50ad9505aab4","deviceId":"4d6cede0-b354-523b-bf1f-9ad4d9ec28d2","clientType":"desktop"}
[2026-09-23T03:02:50.888Z] [pid=1710] [INFO] [EdgeSync] CHANNEL-CREDS: fetching userId=fdee3d54-95b6-4e9c-aaff-50ad9505aab4 deviceId=4d6cede0-b354-523b-bf1f-9ad4d9ec28d2 deviceName=MacBook Pro (4) extraScopes=[]
[2026-09-23T03:02:50.889Z] [pid=1710] [ERROR] [EdgeSync] CHANNEL-SDK: [channel-sdk] [client] publish failed {"channel":"user:fdee3d54-95b6-4e9c-aaff-50ad9505aab4:devices","scope":"user","transport":"cf-ws","parts":1,"errorCode":"unknown","elapsedMs":1503,"err":"code=11 message=connection closed"}
[2026-09-23T03:02:52.438Z] [pid=1710] [INFO] [EdgeSync] CHANNEL-CREDS urls: apisixPublishUrl=https://www.workbuddy.cn/cf-publish/api/publish cfWsUrl=wss://www.workbuddy.cn/cf-connect/websocket
[2026-09-23T03:02:52.439Z] [pid=1710] [INFO] [EdgeSync] CHANNEL-SDK: [channel-sdk] [handshake] credentials ready {"clientType":"desktop","keyVersion":1,"channels":4,"elapsedMs":1550}
[2026-09-23T03:03:02.385Z] [pid=1710] [INFO] [EdgeSync] CHANNEL-SDK: [channel-sdk] [presence] triggering lightweight self-heal {"reason":"ack_stale","staleMs":846602}
[2026-09-23T03:03:02.385Z] [pid=1710] [INFO] [EdgeSync] CHANNEL-SDK: [channel-sdk] [ws-transport] forcing reconnect (dropping possibly half-open socket) 
[2026-09-23T03:03:02.386Z] [pid=1710] [INFO] [EdgeSync] CHANNEL-SDK: [channel-sdk] [ws-transport] disconnected {"code":0,"reason":"disconnect called"}
[2026-09-23T03:03:02.441Z] [pid=1710] [INFO] [EdgeSync] CHANNEL-SDK: [channel-sdk] [ws-transport] connect timed out after 10000ms 
[2026-09-23T03:03:02.442Z] [pid=1710] [INFO] [EdgeSync] CHANNEL-SDK: [channel-sdk] [ws-transport] disconnected {"code":0,"reason":"disconnect called"}
[2026-09-23T03:03:02.443Z] [pid=1710] [ERROR] [EdgeSync] CHANNEL-SDK: [channel-sdk] [handshake] CF WS connect failed {"clientType":"desktop","transport":"ws","elapsedMs":10004,"err":"[ws-transport] connect timed out after 10000ms"}
[2026-09-23T03:03:02.444Z] [pid=1710] [ERROR] [EdgeSync] CHANNEL-SDK: handshake failed: [handshake] CF WS connection failed: [ws-transport] connect timed out after 10000ms
[2026-09-23T03:03:02.445Z] [pid=1710] [WARN] [EdgeSync] CHANNEL-RECOVERY attempt=1 failed: channel-sdk handshake failed
[2026-09-23T03:03:04.446Z] [pid=1710] [INFO] [EdgeSync] CHANNEL-SDK: handshake starting userId=fdee3d54-95b6-4e9c-aaff-50ad9505aab4 deviceId=4d6cede0-b354-523b-bf1f-9ad4d9ec28d2
[2026-09-23T03:03:04.447Z] [pid=1710] [INFO] [EdgeSync] CHANNEL-CREDS: fetching userId=fdee3d54-95b6-4e9c-aaff-50ad9505aab4 deviceId=4d6cede0-b354-523b-bf1f-9ad4d9ec28d2 deviceName=MacBook Pro (4) extraScopes=[]
[2026-09-23T03:03:04.447Z] [pid=1710] [INFO] [EdgeSync] CHANNEL-SDK: [channel-sdk] [handshake] start {"userId":"fdee3d54-95b6-4e9c-aaff-50ad9505aab4","deviceId":"4d6cede0-b354-523b-bf1f-9ad4d9ec28d2","clientType":"desktop"}
[2026-09-23T03:03:05.388Z] [pid=1710] [INFO] [EdgeSync] CHANNEL-SDK: state=reconnecting
[2026-09-23T03:03:05.388Z] [pid=1710] [CHANNEL_STATE] phase=reconnecting reason=- code=-
[2026-09-23T03:03:05.389Z] [pid=1710] [INFO] [EdgeSync] CHANNEL-SDK: [channel-sdk] [supervisor] escalated to reconnecting {"attempt":0}
[2026-09-23T03:03:06.793Z] [pid=1710] [INFO] [EdgeSync] CHANNEL-SDK: [channel-sdk] [ws-transport] connected {"client":"c7da24c9-2cc2-47bb-8728-4f19e4cae104"}
[2026-09-23T03:03:06.794Z] [pid=1710] [INFO] [EdgeSync] CHANNEL-SDK: [channel-sdk] [supervisor] recovered online {"outcome":"escalated"}
[2026-09-23T03:03:06.794Z] [pid=1710] [INFO] [EdgeSync] CHANNEL-SDK: state=connected
[2026-09-23T03:03:06.794Z] [pid=1710] [CHANNEL_STATE] phase=connected reason=- code=-
[2026-09-23T03:03:06.795Z] [pid=1710] [INFO] [EdgeSync] CHANNEL-SDK: [channel-sdk] [client] flushing outbox on recovered online {"pending":0}
[2026-09-23T03:03:06.795Z] [pid=1710] [INFO] [EdgeSync] CHANNEL-SDK: [channel-sdk] [client] self-heal reconnect done {"reason":"ack_stale"}
[2026-09-23T03:03:06.866Z] [pid=1710] [INFO] [EdgeSync] CHANNEL-CREDS urls: apisixPublishUrl=https://www.workbuddy.cn/cf-publish/api/publish cfWsUrl=wss://www.workbuddy.cn/cf-connect/websocket
[2026-09-23T03:03:06.867Z] [pid=1710] [INFO] [EdgeSync] CHANNEL-SDK: [channel-sdk] [handshake] credentials ready {"clientType":"desktop","keyVersion":1,"channels":4,"elapsedMs":2419}
[2026-09-23T03:03:07.194Z] [pid=1710] [INFO] [EdgeSync] CHANNEL-SDK: [channel-sdk] [ws-transport] connected {"client":"fd6bbcc3-7cda-41cc-86df-98de7c6b4066"}
[2026-09-23T03:03:07.194Z] [pid=1710] [INFO] [EdgeSync] CHANNEL-SDK: state=connected
[2026-09-23T03:03:07.194Z] [pid=1710] [CHANNEL_STATE] phase=connected reason=- code=-
[2026-09-23T03:03:07.199Z] [pid=1710] [INFO] [EdgeSync] CHANNEL-SDK: [channel-sdk] [handshake] completed {"clientType":"desktop","transport":"ws","keyVersion":1,"capabilities":{"acp":false,"outbox":true,"presence":true},"credentialsMs":2419,"connectMs":327,"totalMs":2751}
[2026-09-23T03:03:07.199Z] [pid=1710] [INFO] [EdgeSync] CHANNEL-SDK: handshake OK
[2026-09-23T03:03:07.200Z] [pid=1710] [INFO] [EdgeSync] §5 LISTENING channel=executor:4d6cede0-b354-523b-bf1f-9ad4d9ec28d2 handlers=session.create,session.stop,prompt.submit,session.set_mode,session.get_mode,session.set_model,session.get_model,session.set_permission_mode,session.get_permission_mode,tool.answer,tool.cancel,permission.resolve,get_page,get_automations,get_task_artifacts,get_artifact,get_models,get_session_config,get_skills
[2026-09-23T03:03:07.200Z] [pid=1710] [LISTENING] channel=executor:4d6cede0-b354-523b-bf1f-9ad4d9ec28d2
[2026-09-23T03:03:07.200Z] [pid=1710] [INFO] [EdgeSync] §5 listening on executor:4d6cede0-b354-523b-bf1f-9ad4d9ec28d2
[2026-09-23T03:03:07.200Z] [pid=1710] [DEVICE_ONLINE_SEND] channel=user:fdee3d54-95b6-4e9c-aaff-50ad9505aab4:devices deviceId=4d6cede0-b354-523b-bf1f-9ad4d9ec28d2 hostname=MacBook Pro (4) deviceName=MacBook Pro (4) displayName=MacBook Pro (4) appVersion=5.3.14
[2026-09-23T03:03:07.202Z] [pid=1710] [INFO] [EdgeSync] CHANNEL-RECOVERY success reason=system-resume attempt=2 elapsedMs=19781
[2026-09-23T03:03:07.295Z] [pid=1710] [DEVICE_ONLINE_OK] channel=user:fdee3d54-95b6-4e9c-aaff-50ad9505aab4:devices
[2026-09-23T03:03:07.495Z] [pid=1710] [INFO] [EdgeSync] CHANNEL-SDK: [channel-sdk] [presence] heartbeat recovered {"channel":"user:fdee3d54-95b6-4e9c-aaff-50ad9505aab4:devices","source":"echo","afterFailures":1}
[2026-09-23T03:16:48.385Z] [pid=1710] [INFO] [EdgeSync] CHANNEL-CREDS: fetching userId=fdee3d54-95b6-4e9c-aaff-50ad9505aab4 deviceId=4d6cede0-b354-523b-bf1f-9ad4d9ec28d2 deviceName=MacBook Pro (4) extraScopes=[]
[2026-09-23T03:16:48.644Z] [pid=1710] [INFO] [EdgeSync] CHANNEL-CREDS urls: apisixPublishUrl=https://www.workbuddy.cn/cf-publish/api/publish cfWsUrl=wss://www.workbuddy.cn/cf-connect/websocket
[2026-09-23T03:16:48.647Z] [pid=1710] [INFO] [EdgeSync] CHANNEL-SDK: [channel-sdk] [handshake] token renewed via credManager {"keyVersion":1}
[2026-09-23T03:16:57.433Z] [pid=1710] [INFO] [EdgeSync] CHANNEL-CREDS: fetching userId=fdee3d54-95b6-4e9c-aaff-50ad9505aab4 deviceId=4d6cede0-b354-523b-bf1f-9ad4d9ec28d2 deviceName=MacBook Pro (4) extraScopes=[]
[2026-09-23T03:16:57.658Z] [pid=1710] [INFO] [EdgeSync] CHANNEL-CREDS urls: apisixPublishUrl=https://www.workbuddy.cn/cf-publish/api/publish cfWsUrl=wss://www.workbuddy.cn/cf-connect/websocket
[2026-09-23T03:16:57.659Z] [pid=1710] [INFO] [EdgeSync] CHANNEL-SDK: [channel-sdk] [handshake] token renewed via credManager {"keyVersion":1}
[2026-09-23T03:30:48.365Z] [pid=1710] [INFO] [EdgeSync] CHANNEL-CREDS: fetching userId=fdee3d54-95b6-4e9c-aaff-50ad9505aab4 deviceId=4d6cede0-b354-523b-bf1f-9ad4d9ec28d2 deviceName=MacBook Pro (4) extraScopes=[]
[2026-09-23T03:30:48.579Z] [pid=1710] [INFO] [EdgeSync] CHANNEL-CREDS urls: apisixPublishUrl=https://www.workbuddy.cn/cf-publish/api/publish cfWsUrl=wss://www.workbuddy.cn/cf-connect/websocket
[2026-09-23T03:30:48.582Z] [pid=1710] [INFO] [EdgeSync] CHANNEL-SDK: [channel-sdk] [handshake] token renewed via credManager {"keyVersion":1}
[2026-09-23T03:30:52.871Z] [pid=1710] [INFO] [EdgeSync] CHANNEL-CREDS: fetching userId=fdee3d54-95b6-4e9c-aaff-50ad9505aab4 deviceId=4d6cede0-b354-523b-bf1f-9ad4d9ec28d2 deviceName=MacBook Pro (4) extraScopes=[]
[2026-09-23T03:30:53.127Z] [pid=1710] [INFO] [EdgeSync] CHANNEL-CREDS urls: apisixPublishUrl=https://www.workbuddy.cn/cf-publish/api/publish cfWsUrl=wss://www.workbuddy.cn/cf-connect/websocket
[2026-09-23T03:30:53.129Z] [pid=1710] [INFO] [EdgeSync] CHANNEL-SDK: [channel-sdk] [handshake] token renewed via credManager {"keyVersion":1}
[2026-09-23T03:44:48.275Z] [pid=1710] [INFO] [EdgeSync] CHANNEL-CREDS: fetching userId=fdee3d54-95b6-4e9c-aaff-50ad9505aab4 deviceId=4d6cede0-b354-523b-bf1f-9ad4d9ec28d2 deviceName=MacBook Pro (4) extraScopes=[]
[2026-09-23T03:44:48.464Z] [pid=1710] [INFO] [EdgeSync] CHANNEL-CREDS urls: apisixPublishUrl=https://www.workbuddy.cn/cf-publish/api/publish cfWsUrl=wss://www.workbuddy.cn/cf-connect/websocket
[2026-09-23T03:44:48.466Z] [pid=1710] [INFO] [EdgeSync] CHANNEL-SDK: [channel-sdk] [handshake] token renewed via credManager {"keyVersion":1}
[2026-09-23T03:44:50.546Z] [pid=1710] [INFO] [EdgeSync] CHANNEL-CREDS: fetching userId=fdee3d54-95b6-4e9c-aaff-50ad9505aab4 deviceId=4d6cede0-b354-523b-bf1f-9ad4d9ec28d2 deviceName=MacBook Pro (4) extraScopes=[]
[2026-09-23T03:44:50.688Z] [pid=1710] [INFO] [EdgeSync] CHANNEL-CREDS urls: apisixPublishUrl=https://www.workbuddy.cn/cf-publish/api/publish cfWsUrl=wss://www.workbuddy.cn/cf-connect/websocket
[2026-09-23T03:44:50.690Z] [pid=1710] [INFO] [EdgeSync] CHANNEL-SDK: [channel-sdk] [handshake] token renewed via credManager {"keyVersion":1}
[2026-09-23T04:12:01.721Z] [pid=1710] [INFO] [EdgeSync] CHANNEL-SDK: [channel-sdk] [presence] timer drift detected {"driftMs":982293,"expectedAtMs":1790135739303,"firedAtMs":1790136721596,"frozen":true}
[2026-09-23T04:12:01.732Z] [pid=1710] [INFO] [EdgeSync] CHANNEL-SDK: [channel-sdk] [presence] triggering lightweight self-heal {"reason":"frozen","staleMs":1002337}
[2026-09-23T04:12:01.725Z] [pid=1710] [ERROR] [EdgeSync] CHANNEL-SDK: [channel-sdk] [presence] degraded: no heartbeat ack for too long {"channel":"user:fdee3d54-95b6-4e9c-aaff-50ad9505aab4:devices","staleMs":1002208,"consecutiveFailures":0,"hint":"lightweight self-heal exhausted; business should rebuild the session"}
[2026-09-23T04:12:01.733Z] [pid=1710] [INFO] [EdgeSync] CHANNEL-SDK: [channel-sdk] [ws-transport] forcing reconnect (dropping possibly half-open socket) 
[2026-09-23T04:12:01.734Z] [pid=1710] [INFO] [EdgeSync] CHANNEL-SDK: [channel-sdk] [ws-transport] disconnected {"code":0,"reason":"disconnect called"}
[2026-09-23T04:12:01.746Z] [pid=1710] [INFO] [EdgeSync] CHANNEL-SDK: [channel-sdk] [presence] timer drift detected {"driftMs":982434,"expectedAtMs":1790135739303,"firedAtMs":1790136721737,"frozen":true}
[2026-09-23T04:12:01.749Z] [pid=1710] [ERROR] [EdgeSync] CHANNEL-SDK: [channel-sdk] [presence] degraded: no heartbeat ack for too long {"channel":"user:fdee3d54-95b6-4e9c-aaff-50ad9505aab4:devices","staleMs":1002349,"consecutiveFailures":0,"hint":"lightweight self-heal exhausted; business should rebuild the session"}
[2026-09-23T04:12:01.751Z] [pid=1710] [INFO] [EdgeSync] CHANNEL-SDK: [channel-sdk] [presence] triggering lightweight self-heal {"reason":"frozen","staleMs":1002361}
[2026-09-23T04:12:01.752Z] [pid=1710] [INFO] [EdgeSync] CHANNEL-SDK: [channel-sdk] [ws-transport] forcing reconnect (dropping possibly half-open socket) 
[2026-09-23T04:12:01.752Z] [pid=1710] [INFO] [EdgeSync] CHANNEL-SDK: [channel-sdk] [ws-transport] disconnected {"code":0,"reason":"disconnect called"}
[2026-09-23T04:12:01.774Z] [pid=1710] [INFO] [EdgeSync] CHANNEL-CREDS: fetching userId=fdee3d54-95b6-4e9c-aaff-50ad9505aab4 deviceId=4d6cede0-b354-523b-bf1f-9ad4d9ec28d2 deviceName=MacBook Pro (4) extraScopes=[]
[2026-09-23T04:12:01.774Z] [pid=1710] [INFO] [EdgeSync] CHANNEL-CREDS: fetching userId=fdee3d54-95b6-4e9c-aaff-50ad9505aab4 deviceId=4d6cede0-b354-523b-bf1f-9ad4d9ec28d2 deviceName=MacBook Pro (4) extraScopes=[]
[2026-09-23T04:12:02.412Z] [pid=1710] [INFO] [EdgeSync] CHANNEL-SDK: [channel-sdk] [ws-transport] connected {"client":"81701792-f796-4fc1-a51a-88de241c2a9d"}
[2026-09-23T04:12:02.413Z] [pid=1710] [INFO] [EdgeSync] CHANNEL-SDK: [channel-sdk] [supervisor] recovered online {"outcome":"grace_recovered"}
[2026-09-23T04:12:02.413Z] [pid=1710] [INFO] [EdgeSync] CHANNEL-SDK: [channel-sdk] [client] flushing outbox on recovered online {"pending":0}
[2026-09-23T04:12:02.413Z] [pid=1710] [INFO] [EdgeSync] CHANNEL-SDK: [channel-sdk] [client] self-heal reconnect done {"reason":"frozen"}
[2026-09-23T04:12:02.501Z] [pid=1710] [INFO] [EdgeSync] CHANNEL-SDK: [channel-sdk] [ws-transport] connected {"client":"bf4a1f90-bd9f-4818-a52d-3356027c07c9"}
[2026-09-23T04:12:02.501Z] [pid=1710] [INFO] [EdgeSync] CHANNEL-SDK: [channel-sdk] [supervisor] recovered online {"outcome":"grace_recovered"}
[2026-09-23T04:12:02.502Z] [pid=1710] [INFO] [EdgeSync] CHANNEL-SDK: [channel-sdk] [client] flushing outbox on recovered online {"pending":0}
[2026-09-23T04:12:02.502Z] [pid=1710] [INFO] [EdgeSync] CHANNEL-SDK: [channel-sdk] [client] self-heal reconnect done {"reason":"frozen"}
[2026-09-23T04:12:02.557Z] [pid=1710] [INFO] [EdgeSync] CHANNEL-CREDS urls: apisixPublishUrl=https://www.workbuddy.cn/cf-publish/api/publish cfWsUrl=wss://www.workbuddy.cn/cf-connect/websocket
[2026-09-23T04:12:02.557Z] [pid=1710] [INFO] [EdgeSync] CHANNEL-SDK: [channel-sdk] [handshake] token renewed via credManager {"keyVersion":1}
[2026-09-23T04:12:02.610Z] [pid=1710] [INFO] [EdgeSync] CHANNEL-CREDS urls: apisixPublishUrl=https://www.workbuddy.cn/cf-publish/api/publish cfWsUrl=wss://www.workbuddy.cn/cf-connect/websocket
[2026-09-23T04:12:02.611Z] [pid=1710] [INFO] [EdgeSync] CHANNEL-SDK: [channel-sdk] [handshake] token renewed via credManager {"keyVersion":1}
[2026-09-23T04:12:21.718Z] [pid=1710] [INFO] [EdgeSync] CHANNEL-SDK: [channel-sdk] [presence] triggering lightweight self-heal {"reason":"ack_stale","staleMs":1022328}
[2026-09-23T04:12:21.719Z] [pid=1710] [INFO] [EdgeSync] CHANNEL-SDK: [channel-sdk] [ws-transport] forcing reconnect (dropping possibly half-open socket) 
[2026-09-23T04:12:21.720Z] [pid=1710] [INFO] [EdgeSync] CHANNEL-SDK: [channel-sdk] [ws-transport] disconnected {"code":0,"reason":"disconnect called"}
[2026-09-23T04:12:21.735Z] [pid=1710] [INFO] [EdgeSync] CHANNEL-SDK: [channel-sdk] [presence] triggering lightweight self-heal {"reason":"ack_stale","staleMs":1022346}
[2026-09-23T04:12:21.735Z] [pid=1710] [INFO] [EdgeSync] CHANNEL-SDK: [channel-sdk] [ws-transport] forcing reconnect (dropping possibly half-open socket) 
[2026-09-23T04:12:21.736Z] [pid=1710] [INFO] [EdgeSync] CHANNEL-SDK: [channel-sdk] [ws-transport] disconnected {"code":0,"reason":"disconnect called"}
[2026-09-23T04:12:22.117Z] [pid=1710] [INFO] [EdgeSync] CHANNEL-SDK: [channel-sdk] [ws-transport] connected {"client":"c07aee04-faaa-4442-98bf-82700292d6ae"}
[2026-09-23T04:12:22.118Z] [pid=1710] [INFO] [EdgeSync] CHANNEL-SDK: [channel-sdk] [supervisor] recovered online {"outcome":"grace_recovered"}
[2026-09-23T04:12:22.118Z] [pid=1710] [INFO] [EdgeSync] CHANNEL-SDK: [channel-sdk] [client] flushing outbox on recovered online {"pending":0}
[2026-09-23T04:12:22.119Z] [pid=1710] [INFO] [EdgeSync] CHANNEL-SDK: [channel-sdk] [client] self-heal reconnect done {"reason":"ack_stale"}
[2026-09-23T04:12:22.173Z] [pid=1710] [INFO] [EdgeSync] CHANNEL-SDK: [channel-sdk] [ws-transport] connected {"client":"6062b783-d42a-447f-9343-3bef31a16353"}
[2026-09-23T04:12:22.174Z] [pid=1710] [INFO] [EdgeSync] CHANNEL-SDK: [channel-sdk] [supervisor] recovered online {"outcome":"grace_recovered"}
[2026-09-23T04:12:22.175Z] [pid=1710] [INFO] [EdgeSync] CHANNEL-SDK: [channel-sdk] [client] flushing outbox on recovered online {"pending":0}
[2026-09-23T04:12:22.176Z] [pid=1710] [INFO] [EdgeSync] CHANNEL-SDK: [channel-sdk] [client] self-heal reconnect done {"reason":"ack_stale"}
[2026-09-23T04:12:26.825Z] [pid=1710] [INFO] [EdgeSync] CHANNEL-SDK: [channel-sdk] [presence] heartbeat recovered {"channel":"user:fdee3d54-95b6-4e9c-aaff-50ad9505aab4:devices","source":"echo","afterFailures":1}
[2026-09-23T04:12:26.840Z] [pid=1710] [INFO] [EdgeSync] CHANNEL-SDK: [channel-sdk] [presence] heartbeat recovered {"channel":"user:fdee3d54-95b6-4e9c-aaff-50ad9505aab4:devices","source":"echo","afterFailures":1}
[2026-09-23T04:26:02.249Z] [pid=1710] [INFO] [EdgeSync] CHANNEL-CREDS: fetching userId=fdee3d54-95b6-4e9c-aaff-50ad9505aab4 deviceId=4d6cede0-b354-523b-bf1f-9ad4d9ec28d2 deviceName=MacBook Pro (4) extraScopes=[]
[2026-09-23T04:26:02.273Z] [pid=1710] [INFO] [EdgeSync] CHANNEL-CREDS: fetching userId=fdee3d54-95b6-4e9c-aaff-50ad9505aab4 deviceId=4d6cede0-b354-523b-bf1f-9ad4d9ec28d2 deviceName=MacBook Pro (4) extraScopes=[]
[2026-09-23T04:26:02.645Z] [pid=1710] [INFO] [EdgeSync] CHANNEL-CREDS urls: apisixPublishUrl=https://www.workbuddy.cn/cf-publish/api/publish cfWsUrl=wss://www.workbuddy.cn/cf-connect/websocket
[2026-09-23T04:26:02.647Z] [pid=1710] [INFO] [EdgeSync] CHANNEL-SDK: [channel-sdk] [handshake] token renewed via credManager {"keyVersion":1}
[2026-09-23T04:26:02.819Z] [pid=1710] [INFO] [EdgeSync] CHANNEL-CREDS urls: apisixPublishUrl=https://www.workbuddy.cn/cf-publish/api/publish cfWsUrl=wss://www.workbuddy.cn/cf-connect/websocket
[2026-09-23T04:26:02.821Z] [pid=1710] [INFO] [EdgeSync] CHANNEL-SDK: [channel-sdk] [handshake] token renewed via credManager {"keyVersion":1}
[2026-09-23T04:40:02.326Z] [pid=1710] [INFO] [EdgeSync] CHANNEL-CREDS: fetching userId=fdee3d54-95b6-4e9c-aaff-50ad9505aab4 deviceId=4d6cede0-b354-523b-bf1f-9ad4d9ec28d2 deviceName=MacBook Pro (4) extraScopes=[]
[2026-09-23T04:40:02.412Z] [pid=1710] [INFO] [EdgeSync] CHANNEL-CREDS: fetching userId=fdee3d54-95b6-4e9c-aaff-50ad9505aab4 deviceId=4d6cede0-b354-523b-bf1f-9ad4d9ec28d2 deviceName=MacBook Pro (4) extraScopes=[]
[2026-09-23T04:40:02.628Z] [pid=1710] [INFO] [EdgeSync] CHANNEL-CREDS urls: apisixPublishUrl=https://www.workbuddy.cn/cf-publish/api/publish cfWsUrl=wss://www.workbuddy.cn/cf-connect/websocket
[2026-09-23T04:40:02.631Z] [pid=1710] [INFO] [EdgeSync] CHANNEL-SDK: [channel-sdk] [handshake] token renewed via credManager {"keyVersion":1}
[2026-09-23T04:40:02.632Z] [pid=1710] [INFO] [EdgeSync] CHANNEL-CREDS urls: apisixPublishUrl=https://www.workbuddy.cn/cf-publish/api/publish cfWsUrl=wss://www.workbuddy.cn/cf-connect/websocket
[2026-09-23T04:40:02.634Z] [pid=1710] [INFO] [EdgeSync] CHANNEL-SDK: [channel-sdk] [handshake] token renewed via credManager {"keyVersion":1}
[2026-09-23T04:54:02.335Z] [pid=1710] [INFO] [EdgeSync] CHANNEL-CREDS: fetching userId=fdee3d54-95b6-4e9c-aaff-50ad9505aab4 deviceId=4d6cede0-b354-523b-bf1f-9ad4d9ec28d2 deviceName=MacBook Pro (4) extraScopes=[]
[2026-09-23T04:54:02.346Z] [pid=1710] [INFO] [EdgeSync] CHANNEL-CREDS: fetching userId=fdee3d54-95b6-4e9c-aaff-50ad9505aab4 deviceId=4d6cede0-b354-523b-bf1f-9ad4d9ec28d2 deviceName=MacBook Pro (4) extraScopes=[]
[2026-09-23T04:54:02.610Z] [pid=1710] [INFO] [EdgeSync] CHANNEL-CREDS urls: apisixPublishUrl=https://www.workbuddy.cn/cf-publish/api/publish cfWsUrl=wss://www.workbuddy.cn/cf-connect/websocket
[2026-09-23T04:54:02.612Z] [pid=1710] [INFO] [EdgeSync] CHANNEL-SDK: [channel-sdk] [handshake] token renewed via credManager {"keyVersion":1}
[2026-09-23T04:54:02.646Z] [pid=1710] [INFO] [EdgeSync] CHANNEL-CREDS urls: apisixPublishUrl=https://www.workbuddy.cn/cf-publish/api/publish cfWsUrl=wss://www.workbuddy.cn/cf-connect/websocket
[2026-09-23T04:54:02.649Z] [pid=1710] [INFO] [EdgeSync] CHANNEL-SDK: [channel-sdk] [handshake] token renewed via credManager {"keyVersion":1}
[2026-09-23T05:08:02.312Z] [pid=1710] [INFO] [EdgeSync] CHANNEL-CREDS: fetching userId=fdee3d54-95b6-4e9c-aaff-50ad9505aab4 deviceId=4d6cede0-b354-523b-bf1f-9ad4d9ec28d2 deviceName=MacBook Pro (4) extraScopes=[]
[2026-09-23T05:08:02.327Z] [pid=1710] [INFO] [EdgeSync] CHANNEL-CREDS: fetching userId=fdee3d54-95b6-4e9c-aaff-50ad9505aab4 deviceId=4d6cede0-b354-523b-bf1f-9ad4d9ec28d2 deviceName=MacBook Pro (4) extraScopes=[]
[2026-09-23T05:08:02.600Z] [pid=1710] [INFO] [EdgeSync] CHANNEL-CREDS urls: apisixPublishUrl=https://www.workbuddy.cn/cf-publish/api/publish cfWsUrl=wss://www.workbuddy.cn/cf-connect/websocket
[2026-09-23T05:08:02.602Z] [pid=1710] [INFO] [EdgeSync] CHANNEL-SDK: [channel-sdk] [handshake] token renewed via credManager {"keyVersion":1}
[2026-09-23T05:08:02.619Z] [pid=1710] [INFO] [EdgeSync] CHANNEL-CREDS urls: apisixPublishUrl=https://www.workbuddy.cn/cf-publish/api/publish cfWsUrl=wss://www.workbuddy.cn/cf-connect/websocket
[2026-09-23T05:08:02.621Z] [pid=1710] [INFO] [EdgeSync] CHANNEL-SDK: [channel-sdk] [handshake] token renewed via credManager {"keyVersion":1}
[2026-09-23T05:22:02.219Z] [pid=1710] [INFO] [EdgeSync] CHANNEL-CREDS: fetching userId=fdee3d54-95b6-4e9c-aaff-50ad9505aab4 deviceId=4d6cede0-b354-523b-bf1f-9ad4d9ec28d2 deviceName=MacBook Pro (4) extraScopes=[]
[2026-09-23T05:22:02.226Z] [pid=1710] [INFO] [EdgeSync] CHANNEL-CREDS: fetching userId=fdee3d54-95b6-4e9c-aaff-50ad9505aab4 deviceId=4d6cede0-b354-523b-bf1f-9ad4d9ec28d2 deviceName=MacBook Pro (4) extraScopes=[]
[2026-09-23T05:22:02.439Z] [pid=1710] [INFO] [EdgeSync] CHANNEL-CREDS urls: apisixPublishUrl=https://www.workbuddy.cn/cf-publish/api/publish cfWsUrl=wss://www.workbuddy.cn/cf-connect/websocket
[2026-09-23T05:22:02.441Z] [pid=1710] [INFO] [EdgeSync] CHANNEL-SDK: [channel-sdk] [handshake] token renewed via credManager {"keyVersion":1}
[2026-09-23T05:22:02.566Z] [pid=1710] [INFO] [EdgeSync] CHANNEL-CREDS urls: apisixPublishUrl=https://www.workbuddy.cn/cf-publish/api/publish cfWsUrl=wss://www.workbuddy.cn/cf-connect/websocket
[2026-09-23T05:22:02.568Z] [pid=1710] [INFO] [EdgeSync] CHANNEL-SDK: [channel-sdk] [handshake] token renewed via credManager {"keyVersion":1}
[2026-09-23T05:36:02.189Z] [pid=1710] [INFO] [EdgeSync] CHANNEL-CREDS: fetching userId=fdee3d54-95b6-4e9c-aaff-50ad9505aab4 deviceId=4d6cede0-b354-523b-bf1f-9ad4d9ec28d2 deviceName=MacBook Pro (4) extraScopes=[]
[2026-09-23T05:36:02.252Z] [pid=1710] [INFO] [EdgeSync] CHANNEL-CREDS: fetching userId=fdee3d54-95b6-4e9c-aaff-50ad9505aab4 deviceId=4d6cede0-b354-523b-bf1f-9ad4d9ec28d2 deviceName=MacBook Pro (4) extraScopes=[]
[2026-09-23T05:36:02.511Z] [pid=1710] [INFO] [EdgeSync] CHANNEL-CREDS urls: apisixPublishUrl=https://www.workbuddy.cn/cf-publish/api/publish cfWsUrl=wss://www.workbuddy.cn/cf-connect/websocket
[2026-09-23T05:36:02.512Z] [pid=1710] [INFO] [EdgeSync] CHANNEL-SDK: [channel-sdk] [handshake] token renewed via credManager {"keyVersion":1}
[2026-09-23T05:36:02.542Z] [pid=1710] [INFO] [EdgeSync] CHANNEL-CREDS urls: apisixPublishUrl=https://www.workbuddy.cn/cf-publish/api/publish cfWsUrl=wss://www.workbuddy.cn/cf-connect/websocket
[2026-09-23T05:36:02.544Z] [pid=1710] [INFO] [EdgeSync] CHANNEL-SDK: [channel-sdk] [handshake] token renewed via credManager {"keyVersion":1}
[2026-09-23T05:50:02.245Z] [pid=1710] [INFO] [EdgeSync] CHANNEL-CREDS: fetching userId=fdee3d54-95b6-4e9c-aaff-50ad9505aab4 deviceId=4d6cede0-b354-523b-bf1f-9ad4d9ec28d2 deviceName=MacBook Pro (4) extraScopes=[]
[2026-09-23T05:50:02.262Z] [pid=1710] [INFO] [EdgeSync] CHANNEL-CREDS: fetching userId=fdee3d54-95b6-4e9c-aaff-50ad9505aab4 deviceId=4d6cede0-b354-523b-bf1f-9ad4d9ec28d2 deviceName=MacBook Pro (4) extraScopes=[]
[2026-09-23T05:50:02.583Z] [pid=1710] [INFO] [EdgeSync] CHANNEL-CREDS urls: apisixPublishUrl=https://www.workbuddy.cn/cf-publish/api/publish cfWsUrl=wss://www.workbuddy.cn/cf-connect/websocket
[2026-09-23T05:50:02.585Z] [pid=1710] [INFO] [EdgeSync] CHANNEL-SDK: [channel-sdk] [handshake] token renewed via credManager {"keyVersion":1}
[2026-09-23T05:50:02.603Z] [pid=1710] [INFO] [EdgeSync] CHANNEL-CREDS urls: apisixPublishUrl=https://www.workbuddy.cn/cf-publish/api/publish cfWsUrl=wss://www.workbuddy.cn/cf-connect/websocket
[2026-09-23T05:50:02.606Z] [pid=1710] [INFO] [EdgeSync] CHANNEL-SDK: [channel-sdk] [handshake] token renewed via credManager {"keyVersion":1}
[2026-09-23T06:04:02.366Z] [pid=1710] [INFO] [EdgeSync] CHANNEL-CREDS: fetching userId=fdee3d54-95b6-4e9c-aaff-50ad9505aab4 deviceId=4d6cede0-b354-523b-bf1f-9ad4d9ec28d2 deviceName=MacBook Pro (4) extraScopes=[]
[2026-09-23T06:04:02.381Z] [pid=1710] [INFO] [EdgeSync] CHANNEL-CREDS: fetching userId=fdee3d54-95b6-4e9c-aaff-50ad9505aab4 deviceId=4d6cede0-b354-523b-bf1f-9ad4d9ec28d2 deviceName=MacBook Pro (4) extraScopes=[]
[2026-09-23T06:04:02.667Z] [pid=1710] [INFO] [EdgeSync] CHANNEL-CREDS urls: apisixPublishUrl=https://www.workbuddy.cn/cf-publish/api/publish cfWsUrl=wss://www.workbuddy.cn/cf-connect/websocket
[2026-09-23T06:04:02.669Z] [pid=1710] [INFO] [EdgeSync] CHANNEL-SDK: [channel-sdk] [handshake] token renewed via credManager {"keyVersion":1}
[2026-09-23T06:04:02.675Z] [pid=1710] [INFO] [EdgeSync] CHANNEL-CREDS urls: apisixPublishUrl=https://www.workbuddy.cn/cf-publish/api/publish cfWsUrl=wss://www.workbuddy.cn/cf-connect/websocket
[2026-09-23T06:04:02.676Z] [pid=1710] [INFO] [EdgeSync] CHANNEL-SDK: [channel-sdk] [handshake] token renewed via credManager {"keyVersion":1}
[2026-09-23T06:18:02.338Z] [pid=1710] [INFO] [EdgeSync] CHANNEL-CREDS: fetching userId=fdee3d54-95b6-4e9c-aaff-50ad9505aab4 deviceId=4d6cede0-b354-523b-bf1f-9ad4d9ec28d2 deviceName=MacBook Pro (4) extraScopes=[]
[2026-09-23T06:18:02.340Z] [pid=1710] [INFO] [EdgeSync] CHANNEL-CREDS: fetching userId=fdee3d54-95b6-4e9c-aaff-50ad9505aab4 deviceId=4d6cede0-b354-523b-bf1f-9ad4d9ec28d2 deviceName=MacBook Pro (4) extraScopes=[]
[2026-09-23T06:18:02.698Z] [pid=1710] [INFO] [EdgeSync] CHANNEL-CREDS urls: apisixPublishUrl=https://www.workbuddy.cn/cf-publish/api/publish cfWsUrl=wss://www.workbuddy.cn/cf-connect/websocket
[2026-09-23T06:18:02.701Z] [pid=1710] [INFO] [EdgeSync] CHANNEL-SDK: [channel-sdk] [handshake] token renewed via credManager {"keyVersion":1}
[2026-09-23T06:18:02.718Z] [pid=1710] [INFO] [EdgeSync] CHANNEL-CREDS urls: apisixPublishUrl=https://www.workbuddy.cn/cf-publish/api/publish cfWsUrl=wss://www.workbuddy.cn/cf-connect/websocket
[2026-09-23T06:18:02.720Z] [pid=1710] [INFO] [EdgeSync] CHANNEL-SDK: [channel-sdk] [handshake] token renewed via credManager {"keyVersion":1}
[2026-09-23T06:25:20.088Z] [pid=1710] [INFO] [EdgeSync] CHANNEL-RECOVERY start reason=system-resume
[2026-09-23T06:25:22.499Z] [pid=1710] [INFO] [waitForNetworkOnline] ready after 2411ms (first probe)
[2026-09-23T06:25:22.499Z] [pid=1710] [INFO] [EdgeSync] CHANNEL-RECOVERY network ready=true waitedMs=2411
[2026-09-23T06:25:22.500Z] [pid=1710] [INFO] [EdgeSync] CHANNEL-SDK: state=disconnected
[2026-09-23T06:25:22.500Z] [pid=1710] [CHANNEL_STATE] phase=disconnected reason=user_close code=-
[2026-09-23T06:25:22.707Z] [pid=1710] [INFO] [EdgeSync] CHANNEL-SDK: [channel-sdk] [ws-transport] disconnected {"code":0,"reason":"disconnect called"}
[2026-09-23T06:25:22.708Z] [pid=1710] [INFO] [EdgeSync] CHANNEL-SDK: handshake starting userId=fdee3d54-95b6-4e9c-aaff-50ad9505aab4 deviceId=4d6cede0-b354-523b-bf1f-9ad4d9ec28d2
[2026-09-23T06:25:22.708Z] [pid=1710] [INFO] [EdgeSync] CHANNEL-SDK: [channel-sdk] [handshake] start {"userId":"fdee3d54-95b6-4e9c-aaff-50ad9505aab4","deviceId":"4d6cede0-b354-523b-bf1f-9ad4d9ec28d2","clientType":"desktop"}
[2026-09-23T06:25:22.708Z] [pid=1710] [INFO] [EdgeSync] CHANNEL-CREDS: fetching userId=fdee3d54-95b6-4e9c-aaff-50ad9505aab4 deviceId=4d6cede0-b354-523b-bf1f-9ad4d9ec28d2 deviceName=MacBook Pro (4) extraScopes=[]
[2026-09-23T06:25:23.371Z] [pid=1710] [INFO] [EdgeSync] CHANNEL-CREDS urls: apisixPublishUrl=https://www.workbuddy.cn/cf-publish/api/publish cfWsUrl=wss://www.workbuddy.cn/cf-connect/websocket
[2026-09-23T06:25:23.372Z] [pid=1710] [INFO] [EdgeSync] CHANNEL-SDK: [channel-sdk] [handshake] credentials ready {"clientType":"desktop","keyVersion":1,"channels":4,"elapsedMs":664}
[2026-09-23T06:25:24.178Z] [pid=1710] [INFO] [EdgeSync] CHANNEL-SDK: [channel-sdk] [ws-transport] connected {"client":"d46225f9-41a0-4414-b1d9-0d9cb2acbd63"}
[2026-09-23T06:25:24.178Z] [pid=1710] [INFO] [EdgeSync] CHANNEL-SDK: state=connected
[2026-09-23T06:25:24.178Z] [pid=1710] [CHANNEL_STATE] phase=connected reason=- code=-
[2026-09-23T06:25:24.180Z] [pid=1710] [INFO] [EdgeSync] CHANNEL-SDK: [channel-sdk] [handshake] completed {"clientType":"desktop","transport":"ws","keyVersion":1,"capabilities":{"acp":false,"outbox":true,"presence":true},"credentialsMs":664,"connectMs":806,"totalMs":1471}
[2026-09-23T06:25:24.180Z] [pid=1710] [INFO] [EdgeSync] CHANNEL-SDK: handshake OK
[2026-09-23T06:25:24.180Z] [pid=1710] [INFO] [EdgeSync] §5 LISTENING channel=executor:4d6cede0-b354-523b-bf1f-9ad4d9ec28d2 handlers=session.create,session.stop,prompt.submit,session.set_mode,session.get_mode,session.set_model,session.get_model,session.set_permission_mode,session.get_permission_mode,tool.answer,tool.cancel,permission.resolve,get_page,get_automations,get_task_artifacts,get_artifact,get_models,get_session_config,get_skills
[2026-09-23T06:25:24.180Z] [pid=1710] [LISTENING] channel=executor:4d6cede0-b354-523b-bf1f-9ad4d9ec28d2
[2026-09-23T06:25:24.180Z] [pid=1710] [INFO] [EdgeSync] §5 listening on executor:4d6cede0-b354-523b-bf1f-9ad4d9ec28d2
[2026-09-23T06:25:24.180Z] [pid=1710] [DEVICE_ONLINE_SEND] channel=user:fdee3d54-95b6-4e9c-aaff-50ad9505aab4:devices deviceId=4d6cede0-b354-523b-bf1f-9ad4d9ec28d2 hostname=MacBook Pro (4) deviceName=MacBook Pro (4) displayName=MacBook Pro (4) appVersion=5.3.14
[2026-09-23T06:25:24.181Z] [pid=1710] [INFO] [EdgeSync] CHANNEL-RECOVERY success reason=system-resume attempt=1 elapsedMs=4107
[2026-09-23T06:25:24.282Z] [pid=1710] [DEVICE_ONLINE_OK] channel=user:fdee3d54-95b6-4e9c-aaff-50ad9505aab4:devices
[2026-09-23T06:32:02.317Z] [pid=1710] [INFO] [EdgeSync] CHANNEL-CREDS: fetching userId=fdee3d54-95b6-4e9c-aaff-50ad9505aab4 deviceId=4d6cede0-b354-523b-bf1f-9ad4d9ec28d2 deviceName=MacBook Pro (4) extraScopes=[]
[2026-09-23T06:32:02.573Z] [pid=1710] [INFO] [EdgeSync] CHANNEL-CREDS urls: apisixPublishUrl=https://www.workbuddy.cn/cf-publish/api/publish cfWsUrl=wss://www.workbuddy.cn/cf-connect/websocket
[2026-09-23T06:32:02.575Z] [pid=1710] [INFO] [EdgeSync] CHANNEL-SDK: [channel-sdk] [handshake] token renewed via credManager {"keyVersion":1}
[2026-09-23T06:36:54.317Z] [pid=1710] [ERROR] [EdgeSync] CHANNEL-SDK: [channel-sdk] [client] publish failed {"channel":"user:fdee3d54-95b6-4e9c-aaff-50ad9505aab4:devices","scope":"user","transport":"cf-ws","parts":1,"errorCode":"unknown","elapsedMs":5002,"err":"code=1 message=timeout"}
[2026-09-23T06:36:59.711Z] [pid=1710] [INFO] [EdgeSync] CHANNEL-SDK: [channel-sdk] [presence] heartbeat recovered {"channel":"user:fdee3d54-95b6-4e9c-aaff-50ad9505aab4:devices","source":"echo","afterFailures":1}
[2026-09-23T06:37:24.316Z] [pid=1710] [ERROR] [EdgeSync] CHANNEL-SDK: [channel-sdk] [client] publish failed {"channel":"user:fdee3d54-95b6-4e9c-aaff-50ad9505aab4:devices","scope":"user","transport":"cf-ws","parts":1,"errorCode":"unknown","elapsedMs":5000,"err":"code=1 message=timeout"}
[2026-09-23T06:37:30.323Z] [pid=1710] [INFO] [EdgeSync] CHANNEL-SDK: [channel-sdk] [presence] heartbeat recovered {"channel":"user:fdee3d54-95b6-4e9c-aaff-50ad9505aab4:devices","source":"echo","afterFailures":1}
[2026-09-23T06:37:59.272Z] [pid=1710] [ERROR] [EdgeSync] CHANNEL-SDK: [channel-sdk] [client] publish failed {"channel":"user:fdee3d54-95b6-4e9c-aaff-50ad9505aab4:devices","scope":"user","transport":"cf-ws","parts":1,"errorCode":"unknown","elapsedMs":5001,"err":"code=1 message=timeout"}
[2026-09-23T06:38:05.997Z] [pid=1710] [INFO] [EdgeSync] CHANNEL-SDK: [channel-sdk] [presence] heartbeat recovered {"channel":"user:fdee3d54-95b6-4e9c-aaff-50ad9505aab4:devices","source":"echo","afterFailures":1}
[2026-09-23T06:39:23.142Z] [pid=1710] [INFO] [EdgeSync] CHANNEL-CREDS: fetching userId=fdee3d54-95b6-4e9c-aaff-50ad9505aab4 deviceId=4d6cede0-b354-523b-bf1f-9ad4d9ec28d2 deviceName=MacBook Pro (4) extraScopes=[]
[2026-09-23T06:39:23.386Z] [pid=1710] [INFO] [EdgeSync] CHANNEL-CREDS urls: apisixPublishUrl=https://www.workbuddy.cn/cf-publish/api/publish cfWsUrl=wss://www.workbuddy.cn/cf-connect/websocket
[2026-09-23T06:39:23.388Z] [pid=1710] [INFO] [EdgeSync] CHANNEL-SDK: [channel-sdk] [handshake] token renewed via credManager {"keyVersion":1}
[2026-09-23T06:49:55.540Z] [pid=1710] [INFO] [EdgeSync] CHANNEL-SDK: [channel-sdk] [presence] timer drift detected {"driftMs":316199,"expectedAtMs":1790145879334,"firedAtMs":1790146195533,"frozen":true}
[2026-09-23T06:49:55.541Z] [pid=1710] [ERROR] [EdgeSync] CHANNEL-SDK: [channel-sdk] [presence] degraded: no heartbeat ack for too long {"channel":"user:fdee3d54-95b6-4e9c-aaff-50ad9505aab4:devices","staleMs":326120,"consecutiveFailures":0,"hint":"lightweight self-heal exhausted; business should rebuild the session"}
[2026-09-23T06:49:55.542Z] [pid=1710] [INFO] [EdgeSync] CHANNEL-SDK: [channel-sdk] [presence] triggering lightweight self-heal {"reason":"frozen","staleMs":326128}
[2026-09-23T06:49:55.542Z] [pid=1710] [INFO] [EdgeSync] CHANNEL-SDK: [channel-sdk] [ws-transport] forcing reconnect (dropping possibly half-open socket) 
[2026-09-23T06:49:55.543Z] [pid=1710] [INFO] [EdgeSync] CHANNEL-SDK: [channel-sdk] [ws-transport] disconnected {"code":0,"reason":"disconnect called"}
[2026-09-23T06:49:55.545Z] [pid=1710] [INFO] [EdgeSync] CHANNEL-SDK: [channel-sdk] [presence] timer drift detected {"driftMs":316162,"expectedAtMs":1790145879382,"firedAtMs":1790146195544,"frozen":true}
[2026-09-23T06:49:55.549Z] [pid=1710] [INFO] [EdgeSync] CHANNEL-SDK: [channel-sdk] [presence] triggering lightweight self-heal {"reason":"frozen","staleMs":321042}
[2026-09-23T06:49:55.546Z] [pid=1710] [ERROR] [EdgeSync] CHANNEL-SDK: [channel-sdk] [presence] degraded: no heartbeat ack for too long {"channel":"user:fdee3d54-95b6-4e9c-aaff-50ad9505aab4:devices","staleMs":321040,"consecutiveFailures":0,"hint":"lightweight self-heal exhausted; business should rebuild the session"}
[2026-09-23T06:49:55.550Z] [pid=1710] [INFO] [EdgeSync] CHANNEL-SDK: [channel-sdk] [ws-transport] forcing reconnect (dropping possibly half-open socket) 
[2026-09-23T06:49:55.720Z] [pid=1710] [INFO] [EdgeSync] CHANNEL-SDK: [channel-sdk] [ws-transport] disconnected {"code":0,"reason":"disconnect called"}
[2026-09-23T06:49:55.821Z] [pid=1710] [INFO] [EdgeSync] CHANNEL-CREDS: fetching userId=fdee3d54-95b6-4e9c-aaff-50ad9505aab4 deviceId=4d6cede0-b354-523b-bf1f-9ad4d9ec28d2 deviceName=MacBook Pro (4) extraScopes=[]
[2026-09-23T06:49:55.846Z] [pid=1710] [INFO] [EdgeSync] CHANNEL-RECOVERY start reason=system-resume
[2026-09-23T06:49:56.573Z] [pid=1710] [INFO] [EdgeSync] CHANNEL-SDK: [channel-sdk] [ws-transport] connected {"client":"66f60a17-dc27-469d-9088-d442a3b99fbd"}
[2026-09-23T06:49:56.578Z] [pid=1710] [INFO] [EdgeSync] CHANNEL-SDK: [channel-sdk] [supervisor] recovered online {"outcome":"grace_recovered"}
[2026-09-23T06:49:56.578Z] [pid=1710] [INFO] [EdgeSync] CHANNEL-SDK: [channel-sdk] [client] flushing outbox on recovered online {"pending":0}
[2026-09-23T06:49:56.580Z] [pid=1710] [INFO] [EdgeSync] CHANNEL-SDK: [channel-sdk] [client] self-heal reconnect done {"reason":"frozen"}
[2026-09-23T06:49:56.632Z] [pid=1710] [INFO] [EdgeSync] CHANNEL-CREDS urls: apisixPublishUrl=https://www.workbuddy.cn/cf-publish/api/publish cfWsUrl=wss://www.workbuddy.cn/cf-connect/websocket
[2026-09-23T06:49:56.634Z] [pid=1710] [INFO] [EdgeSync] CHANNEL-SDK: [channel-sdk] [handshake] token renewed via credManager {"keyVersion":1}
[2026-09-23T06:49:56.788Z] [pid=1710] [INFO] [EdgeSync] CHANNEL-SDK: [channel-sdk] [ws-transport] connected {"client":"f117329c-e8bd-4d88-878a-77b97e243b1a"}
[2026-09-23T06:49:56.788Z] [pid=1710] [INFO] [EdgeSync] CHANNEL-SDK: [channel-sdk] [supervisor] recovered online {"outcome":"grace_recovered"}
[2026-09-23T06:49:56.788Z] [pid=1710] [INFO] [EdgeSync] CHANNEL-SDK: [channel-sdk] [client] flushing outbox on recovered online {"pending":0}
[2026-09-23T06:49:56.789Z] [pid=1710] [INFO] [EdgeSync] CHANNEL-SDK: [channel-sdk] [client] self-heal reconnect done {"reason":"frozen"}
[2026-09-23T06:49:57.365Z] [pid=1710] [INFO] [waitForNetworkOnline] ready after 1518ms (first probe)
[2026-09-23T06:49:57.367Z] [pid=1710] [INFO] [EdgeSync] CHANNEL-RECOVERY network ready=true waitedMs=1518
[2026-09-23T06:49:57.371Z] [pid=1710] [INFO] [EdgeSync] CHANNEL-SDK: state=disconnected
[2026-09-23T06:49:57.372Z] [pid=1710] [CHANNEL_STATE] phase=disconnected reason=user_close code=-
[2026-09-23T06:49:58.541Z] [pid=1710] [INFO] [EdgeSync] CHANNEL-SDK: [channel-sdk] [ws-transport] disconnected {"code":0,"reason":"disconnect called"}
[2026-09-23T06:49:58.542Z] [pid=1710] [INFO] [EdgeSync] CHANNEL-SDK: handshake starting userId=fdee3d54-95b6-4e9c-aaff-50ad9505aab4 deviceId=4d6cede0-b354-523b-bf1f-9ad4d9ec28d2
[2026-09-23T06:49:58.542Z] [pid=1710] [INFO] [EdgeSync] CHANNEL-CREDS: fetching userId=fdee3d54-95b6-4e9c-aaff-50ad9505aab4 deviceId=4d6cede0-b354-523b-bf1f-9ad4d9ec28d2 deviceName=MacBook Pro (4) extraScopes=[]
[2026-09-23T06:49:58.542Z] [pid=1710] [INFO] [EdgeSync] CHANNEL-SDK: [channel-sdk] [handshake] start {"userId":"fdee3d54-95b6-4e9c-aaff-50ad9505aab4","deviceId":"4d6cede0-b354-523b-bf1f-9ad4d9ec28d2","clientType":"desktop"}
[2026-09-23T06:49:59.615Z] [pid=1710] [INFO] [EdgeSync] CHANNEL-CREDS urls: apisixPublishUrl=https://www.workbuddy.cn/cf-publish/api/publish cfWsUrl=wss://www.workbuddy.cn/cf-connect/websocket
[2026-09-23T06:49:59.616Z] [pid=1710] [INFO] [EdgeSync] CHANNEL-SDK: [channel-sdk] [handshake] credentials ready {"clientType":"desktop","keyVersion":1,"channels":4,"elapsedMs":1074}
[2026-09-23T06:50:00.362Z] [pid=1710] [INFO] [EdgeSync] CHANNEL-SDK: [channel-sdk] [ws-transport] connected {"client":"ec2d9628-622f-4c44-abf5-219a3b25fdb8"}
[2026-09-23T06:50:00.363Z] [pid=1710] [INFO] [EdgeSync] CHANNEL-SDK: state=connected
[2026-09-23T06:50:00.363Z] [pid=1710] [CHANNEL_STATE] phase=connected reason=- code=-
[2026-09-23T06:50:00.365Z] [pid=1710] [INFO] [EdgeSync] CHANNEL-SDK: [channel-sdk] [handshake] completed {"clientType":"desktop","transport":"ws","keyVersion":1,"capabilities":{"acp":false,"outbox":true,"presence":true},"credentialsMs":1074,"connectMs":746,"totalMs":1822}
[2026-09-23T06:50:00.365Z] [pid=1710] [INFO] [EdgeSync] CHANNEL-SDK: handshake OK
[2026-09-23T06:50:00.366Z] [pid=1710] [INFO] [EdgeSync] §5 LISTENING channel=executor:4d6cede0-b354-523b-bf1f-9ad4d9ec28d2 handlers=session.create,session.stop,prompt.submit,session.set_mode,session.get_mode,session.set_model,session.get_model,session.set_permission_mode,session.get_permission_mode,tool.answer,tool.cancel,permission.resolve,get_page,get_automations,get_task_artifacts,get_artifact,get_models,get_session_config,get_skills
[2026-09-23T06:50:00.366Z] [pid=1710] [LISTENING] channel=executor:4d6cede0-b354-523b-bf1f-9ad4d9ec28d2
[2026-09-23T06:50:00.367Z] [pid=1710] [INFO] [EdgeSync] §5 listening on executor:4d6cede0-b354-523b-bf1f-9ad4d9ec28d2
[2026-09-23T06:50:00.367Z] [pid=1710] [DEVICE_ONLINE_SEND] channel=user:fdee3d54-95b6-4e9c-aaff-50ad9505aab4:devices deviceId=4d6cede0-b354-523b-bf1f-9ad4d9ec28d2 hostname=MacBook Pro (4) deviceName=MacBook Pro (4) displayName=MacBook Pro (4) appVersion=5.3.14
[2026-09-23T06:50:00.368Z] [pid=1710] [INFO] [EdgeSync] CHANNEL-RECOVERY success reason=system-resume attempt=1 elapsedMs=4526
[2026-09-23T06:50:01.881Z] [pid=1710] [DEVICE_ONLINE_OK] channel=user:fdee3d54-95b6-4e9c-aaff-50ad9505aab4:devices
[2026-09-23T07:03:56.342Z] [pid=1710] [INFO] [EdgeSync] CHANNEL-CREDS: fetching userId=fdee3d54-95b6-4e9c-aaff-50ad9505aab4 deviceId=4d6cede0-b354-523b-bf1f-9ad4d9ec28d2 deviceName=MacBook Pro (4) extraScopes=[]
[2026-09-23T07:03:56.598Z] [pid=1710] [INFO] [EdgeSync] CHANNEL-CREDS urls: apisixPublishUrl=https://www.workbuddy.cn/cf-publish/api/publish cfWsUrl=wss://www.workbuddy.cn/cf-connect/websocket
[2026-09-23T07:03:56.600Z] [pid=1710] [INFO] [EdgeSync] CHANNEL-SDK: [channel-sdk] [handshake] token renewed via credManager {"keyVersion":1}
[2026-09-23T07:03:57.828Z] [pid=1710] [INFO] [EdgeSync] CHANNEL-CREDS: fetching userId=fdee3d54-95b6-4e9c-aaff-50ad9505aab4 deviceId=4d6cede0-b354-523b-bf1f-9ad4d9ec28d2 deviceName=MacBook Pro (4) extraScopes=[]
[2026-09-23T07:03:57.964Z] [pid=1710] [INFO] [EdgeSync] CHANNEL-CREDS urls: apisixPublishUrl=https://www.workbuddy.cn/cf-publish/api/publish cfWsUrl=wss://www.workbuddy.cn/cf-connect/websocket
[2026-09-23T07:03:57.965Z] [pid=1710] [INFO] [EdgeSync] CHANNEL-SDK: [channel-sdk] [handshake] token renewed via credManager {"keyVersion":1}
[2026-09-23T07:17:56.333Z] [pid=1710] [INFO] [EdgeSync] CHANNEL-CREDS: fetching userId=fdee3d54-95b6-4e9c-aaff-50ad9505aab4 deviceId=4d6cede0-b354-523b-bf1f-9ad4d9ec28d2 deviceName=MacBook Pro (4) extraScopes=[]
[2026-09-23T07:17:56.576Z] [pid=1710] [INFO] [EdgeSync] CHANNEL-CREDS urls: apisixPublishUrl=https://www.workbuddy.cn/cf-publish/api/publish cfWsUrl=wss://www.workbuddy.cn/cf-connect/websocket
[2026-09-23T07:17:56.578Z] [pid=1710] [INFO] [EdgeSync] CHANNEL-SDK: [channel-sdk] [handshake] token renewed via credManager {"keyVersion":1}
[2026-09-23T07:17:57.014Z] [pid=1710] [INFO] [EdgeSync] CHANNEL-CREDS: fetching userId=fdee3d54-95b6-4e9c-aaff-50ad9505aab4 deviceId=4d6cede0-b354-523b-bf1f-9ad4d9ec28d2 deviceName=MacBook Pro (4) extraScopes=[]
[2026-09-23T07:17:57.151Z] [pid=1710] [INFO] [EdgeSync] CHANNEL-CREDS urls: apisixPublishUrl=https://www.workbuddy.cn/cf-publish/api/publish cfWsUrl=wss://www.workbuddy.cn/cf-connect/websocket
[2026-09-23T07:17:57.153Z] [pid=1710] [INFO] [EdgeSync] CHANNEL-SDK: [channel-sdk] [handshake] token renewed via credManager {"keyVersion":1}
[2026-09-23T07:31:56.175Z] [pid=1710] [INFO] [EdgeSync] CHANNEL-CREDS: fetching userId=fdee3d54-95b6-4e9c-aaff-50ad9505aab4 deviceId=4d6cede0-b354-523b-bf1f-9ad4d9ec28d2 deviceName=MacBook Pro (4) extraScopes=[]
[2026-09-23T07:31:56.395Z] [pid=1710] [INFO] [EdgeSync] CHANNEL-CREDS urls: apisixPublishUrl=https://www.workbuddy.cn/cf-publish/api/publish cfWsUrl=wss://www.workbuddy.cn/cf-connect/websocket
[2026-09-23T07:31:56.397Z] [pid=1710] [INFO] [EdgeSync] CHANNEL-SDK: [channel-sdk] [handshake] token renewed via credManager {"keyVersion":1}
[2026-09-23T07:31:56.461Z] [pid=1710] [INFO] [EdgeSync] CHANNEL-CREDS: fetching userId=fdee3d54-95b6-4e9c-aaff-50ad9505aab4 deviceId=4d6cede0-b354-523b-bf1f-9ad4d9ec28d2 deviceName=MacBook Pro (4) extraScopes=[]
[2026-09-23T07:31:56.567Z] [pid=1710] [INFO] [EdgeSync] CHANNEL-CREDS urls: apisixPublishUrl=https://www.workbuddy.cn/cf-publish/api/publish cfWsUrl=wss://www.workbuddy.cn/cf-connect/websocket
[2026-09-23T07:31:56.569Z] [pid=1710] [INFO] [EdgeSync] CHANNEL-SDK: [channel-sdk] [handshake] token renewed via credManager {"keyVersion":1}
[2026-09-23T07:45:56.188Z] [pid=1710] [INFO] [EdgeSync] CHANNEL-CREDS: fetching userId=fdee3d54-95b6-4e9c-aaff-50ad9505aab4 deviceId=4d6cede0-b354-523b-bf1f-9ad4d9ec28d2 deviceName=MacBook Pro (4) extraScopes=[]
[2026-09-23T07:45:56.273Z] [pid=1710] [INFO] [EdgeSync] CHANNEL-CREDS: fetching userId=fdee3d54-95b6-4e9c-aaff-50ad9505aab4 deviceId=4d6cede0-b354-523b-bf1f-9ad4d9ec28d2 deviceName=MacBook Pro (4) extraScopes=[]
[2026-09-23T07:45:56.543Z] [pid=1710] [INFO] [EdgeSync] CHANNEL-CREDS urls: apisixPublishUrl=https://www.workbuddy.cn/cf-publish/api/publish cfWsUrl=wss://www.workbuddy.cn/cf-connect/websocket
[2026-09-23T07:45:56.545Z] [pid=1710] [INFO] [EdgeSync] CHANNEL-SDK: [channel-sdk] [handshake] token renewed via credManager {"keyVersion":1}
[2026-09-23T07:45:56.571Z] [pid=1710] [INFO] [EdgeSync] CHANNEL-CREDS urls: apisixPublishUrl=https://www.workbuddy.cn/cf-publish/api/publish cfWsUrl=wss://www.workbuddy.cn/cf-connect/websocket
[2026-09-23T07:45:56.573Z] [pid=1710] [INFO] [EdgeSync] CHANNEL-SDK: [channel-sdk] [handshake] token renewed via credManager {"keyVersion":1}
[2026-09-23T07:59:56.301Z] [pid=1710] [INFO] [EdgeSync] CHANNEL-CREDS: fetching userId=fdee3d54-95b6-4e9c-aaff-50ad9505aab4 deviceId=4d6cede0-b354-523b-bf1f-9ad4d9ec28d2 deviceName=MacBook Pro (4) extraScopes=[]
[2026-09-23T07:59:56.315Z] [pid=1710] [INFO] [EdgeSync] CHANNEL-CREDS: fetching userId=fdee3d54-95b6-4e9c-aaff-50ad9505aab4 deviceId=4d6cede0-b354-523b-bf1f-9ad4d9ec28d2 deviceName=MacBook Pro (4) extraScopes=[]
[2026-09-23T07:59:56.564Z] [pid=1710] [INFO] [EdgeSync] CHANNEL-CREDS urls: apisixPublishUrl=https://www.workbuddy.cn/cf-publish/api/publish cfWsUrl=wss://www.workbuddy.cn/cf-connect/websocket
[2026-09-23T07:59:56.566Z] [pid=1710] [INFO] [EdgeSync] CHANNEL-SDK: [channel-sdk] [handshake] token renewed via credManager {"keyVersion":1}
[2026-09-23T07:59:56.624Z] [pid=1710] [INFO] [EdgeSync] CHANNEL-CREDS urls: apisixPublishUrl=https://www.workbuddy.cn/cf-publish/api/publish cfWsUrl=wss://www.workbuddy.cn/cf-connect/websocket
[2026-09-23T07:59:56.626Z] [pid=1710] [INFO] [EdgeSync] CHANNEL-SDK: [channel-sdk] [handshake] token renewed via credManager {"keyVersion":1}
[2026-09-23T08:16:52.542Z] [pid=1710] [INFO] [EdgeSync] CHANNEL-SDK: [channel-sdk] [presence] timer drift detected {"driftMs":296328,"expectedAtMs":1790151116205,"firedAtMs":1790151412533,"frozen":true}
[2026-09-23T08:16:52.543Z] [pid=1710] [ERROR] [EdgeSync] CHANNEL-SDK: [channel-sdk] [presence] degraded: no heartbeat ack for too long {"channel":"user:fdee3d54-95b6-4e9c-aaff-50ad9505aab4:devices","staleMs":301226,"consecutiveFailures":0,"hint":"lightweight self-heal exhausted; business should rebuild the session"}
[2026-09-23T08:16:52.544Z] [pid=1710] [INFO] [EdgeSync] CHANNEL-SDK: [channel-sdk] [presence] triggering lightweight self-heal {"reason":"frozen","staleMs":301236}
[2026-09-23T08:16:52.557Z] [pid=1710] [INFO] [EdgeSync] CHANNEL-SDK: [channel-sdk] [presence] timer drift detected {"driftMs":296166,"expectedAtMs":1790151116387,"firedAtMs":1790151412553,"frozen":true}
[2026-09-23T08:16:52.547Z] [pid=1710] [INFO] [EdgeSync] CHANNEL-SDK: [channel-sdk] [ws-transport] forcing reconnect (dropping possibly half-open socket) 
[2026-09-23T08:16:52.549Z] [pid=1710] [INFO] [EdgeSync] CHANNEL-SDK: [channel-sdk] [ws-transport] disconnected {"code":0,"reason":"disconnect called"}
[2026-09-23T08:16:52.564Z] [pid=1710] [ERROR] [EdgeSync] CHANNEL-SDK: [channel-sdk] [presence] degraded: no heartbeat ack for too long {"channel":"user:fdee3d54-95b6-4e9c-aaff-50ad9505aab4:devices","staleMs":311056,"consecutiveFailures":0,"hint":"lightweight self-heal exhausted; business should rebuild the session"}
[2026-09-23T08:16:52.565Z] [pid=1710] [INFO] [EdgeSync] CHANNEL-SDK: [channel-sdk] [presence] triggering lightweight self-heal {"reason":"frozen","staleMs":311067}
[2026-09-23T08:16:52.565Z] [pid=1710] [INFO] [EdgeSync] CHANNEL-SDK: [channel-sdk] [ws-transport] forcing reconnect (dropping possibly half-open socket) 
[2026-09-23T08:16:52.565Z] [pid=1710] [INFO] [EdgeSync] CHANNEL-SDK: [channel-sdk] [ws-transport] disconnected {"code":0,"reason":"disconnect called"}
[2026-09-23T08:16:52.602Z] [pid=1710] [INFO] [EdgeSync] CHANNEL-CREDS: fetching userId=fdee3d54-95b6-4e9c-aaff-50ad9505aab4 deviceId=4d6cede0-b354-523b-bf1f-9ad4d9ec28d2 deviceName=MacBook Pro (4) extraScopes=[]
[2026-09-23T08:16:52.602Z] [pid=1710] [INFO] [EdgeSync] CHANNEL-CREDS: fetching userId=fdee3d54-95b6-4e9c-aaff-50ad9505aab4 deviceId=4d6cede0-b354-523b-bf1f-9ad4d9ec28d2 deviceName=MacBook Pro (4) extraScopes=[]
[2026-09-23T08:16:53.069Z] [pid=1710] [INFO] [EdgeSync] CHANNEL-SDK: [channel-sdk] [ws-transport] connected {"client":"32f8c28a-ac9b-4c21-82cd-df7ee9640217"}
[2026-09-23T08:16:53.070Z] [pid=1710] [INFO] [EdgeSync] CHANNEL-SDK: [channel-sdk] [supervisor] recovered online {"outcome":"grace_recovered"}
[2026-09-23T08:16:53.070Z] [pid=1710] [INFO] [EdgeSync] CHANNEL-SDK: [channel-sdk] [client] flushing outbox on recovered online {"pending":0}
[2026-09-23T08:16:53.071Z] [pid=1710] [INFO] [EdgeSync] CHANNEL-SDK: [channel-sdk] [client] self-heal reconnect done {"reason":"frozen"}
[2026-09-23T08:16:53.106Z] [pid=1710] [INFO] [EdgeSync] CHANNEL-SDK: [channel-sdk] [ws-transport] connected {"client":"c390a869-e9e4-41f6-9760-00213d6cfe36"}
[2026-09-23T08:16:53.107Z] [pid=1710] [INFO] [EdgeSync] CHANNEL-SDK: [channel-sdk] [supervisor] recovered online {"outcome":"grace_recovered"}
[2026-09-23T08:16:53.107Z] [pid=1710] [INFO] [EdgeSync] CHANNEL-SDK: [channel-sdk] [client] flushing outbox on recovered online {"pending":0}
[2026-09-23T08:16:53.108Z] [pid=1710] [INFO] [EdgeSync] CHANNEL-SDK: [channel-sdk] [client] self-heal reconnect done {"reason":"frozen"}
[2026-09-23T08:16:53.152Z] [pid=1710] [INFO] [EdgeSync] CHANNEL-CREDS urls: apisixPublishUrl=https://www.workbuddy.cn/cf-publish/api/publish cfWsUrl=wss://www.workbuddy.cn/cf-connect/websocket
[2026-09-23T08:16:53.153Z] [pid=1710] [INFO] [EdgeSync] CHANNEL-SDK: [channel-sdk] [handshake] token renewed via credManager {"keyVersion":1}
[2026-09-23T08:16:53.167Z] [pid=1710] [INFO] [EdgeSync] CHANNEL-CREDS urls: apisixPublishUrl=https://www.workbuddy.cn/cf-publish/api/publish cfWsUrl=wss://www.workbuddy.cn/cf-connect/websocket
[2026-09-23T08:16:53.168Z] [pid=1710] [INFO] [EdgeSync] CHANNEL-SDK: [channel-sdk] [handshake] token renewed via credManager {"keyVersion":1}
[2026-09-23T08:17:07.549Z] [pid=1710] [INFO] [EdgeSync] CHANNEL-SDK: [channel-sdk] [presence] triggering lightweight self-heal {"reason":"ack_stale","staleMs":316240}
[2026-09-23T08:17:07.550Z] [pid=1710] [INFO] [EdgeSync] CHANNEL-SDK: [channel-sdk] [ws-transport] forcing reconnect (dropping possibly half-open socket) 
[2026-09-23T08:17:07.551Z] [pid=1710] [INFO] [EdgeSync] CHANNEL-SDK: [channel-sdk] [ws-transport] disconnected {"code":0,"reason":"disconnect called"}
[2026-09-23T08:17:07.567Z] [pid=1710] [INFO] [EdgeSync] CHANNEL-SDK: [channel-sdk] [presence] triggering lightweight self-heal {"reason":"ack_stale","staleMs":326070}
[2026-09-23T08:17:07.567Z] [pid=1710] [INFO] [EdgeSync] CHANNEL-SDK: [channel-sdk] [ws-transport] forcing reconnect (dropping possibly half-open socket) 
[2026-09-23T08:17:07.568Z] [pid=1710] [INFO] [EdgeSync] CHANNEL-SDK: [channel-sdk] [ws-transport] disconnected {"code":0,"reason":"disconnect called"}
[2026-09-23T08:17:07.759Z] [pid=1710] [INFO] [EdgeSync] CHANNEL-SDK: [channel-sdk] [ws-transport] connected {"client":"9dab40ac-2a36-47c8-8471-0503ce3cbcd1"}
[2026-09-23T08:17:07.760Z] [pid=1710] [INFO] [EdgeSync] CHANNEL-SDK: [channel-sdk] [supervisor] recovered online {"outcome":"grace_recovered"}
[2026-09-23T08:17:07.761Z] [pid=1710] [INFO] [EdgeSync] CHANNEL-SDK: [channel-sdk] [client] flushing outbox on recovered online {"pending":0}
[2026-09-23T08:17:07.763Z] [pid=1710] [INFO] [EdgeSync] CHANNEL-SDK: [channel-sdk] [client] self-heal reconnect done {"reason":"ack_stale"}
[2026-09-23T08:17:07.916Z] [pid=1710] [INFO] [EdgeSync] CHANNEL-SDK: [channel-sdk] [ws-transport] connected {"client":"ce6380e3-bcac-46bc-b58a-e29ed188fba0"}
[2026-09-23T08:17:07.919Z] [pid=1710] [INFO] [EdgeSync] CHANNEL-SDK: [channel-sdk] [client] self-heal reconnect done {"reason":"ack_stale"}
[2026-09-23T08:17:07.918Z] [pid=1710] [INFO] [EdgeSync] CHANNEL-SDK: [channel-sdk] [client] flushing outbox on recovered online {"pending":0}
[2026-09-23T08:17:07.917Z] [pid=1710] [INFO] [EdgeSync] CHANNEL-SDK: [channel-sdk] [supervisor] recovered online {"outcome":"grace_recovered"}
[2026-09-23T08:17:12.610Z] [pid=1710] [INFO] [EdgeSync] CHANNEL-SDK: [channel-sdk] [presence] heartbeat recovered {"channel":"user:fdee3d54-95b6-4e9c-aaff-50ad9505aab4:devices","source":"echo","afterFailures":1}
[2026-09-23T08:17:12.691Z] [pid=1710] [INFO] [EdgeSync] CHANNEL-SDK: [channel-sdk] [presence] heartbeat recovered {"channel":"user:fdee3d54-95b6-4e9c-aaff-50ad9505aab4:devices","source":"echo","afterFailures":1}
[2026-09-23T08:33:59.527Z] [pid=1710] [INFO] [EdgeSync] CHANNEL-SDK: [channel-sdk] [presence] timer drift detected {"driftMs":976964,"expectedAtMs":1790151462561,"firedAtMs":1790152439525,"frozen":true}
[2026-09-23T08:33:59.528Z] [pid=1710] [ERROR] [EdgeSync] CHANNEL-SDK: [channel-sdk] [presence] degraded: no heartbeat ack for too long {"channel":"user:fdee3d54-95b6-4e9c-aaff-50ad9505aab4:devices","staleMs":986908,"consecutiveFailures":0,"hint":"lightweight self-heal exhausted; business should rebuild the session"}
[2026-09-23T08:33:59.533Z] [pid=1710] [INFO] [EdgeSync] CHANNEL-SDK: [channel-sdk] [presence] triggering lightweight self-heal {"reason":"frozen","staleMs":986911}
[2026-09-23T08:33:59.534Z] [pid=1710] [INFO] [EdgeSync] CHANNEL-SDK: [channel-sdk] [ws-transport] forcing reconnect (dropping possibly half-open socket) 
[2026-09-23T08:33:59.534Z] [pid=1710] [INFO] [EdgeSync] CHANNEL-SDK: [channel-sdk] [ws-transport] disconnected {"code":0,"reason":"disconnect called"}
[2026-09-23T08:33:59.535Z] [pid=1710] [INFO] [EdgeSync] CHANNEL-SDK: [channel-sdk] [presence] timer drift detected {"driftMs":976963,"expectedAtMs":1790151462571,"firedAtMs":1790152439534,"frozen":true}
[2026-09-23T08:33:59.536Z] [pid=1710] [ERROR] [EdgeSync] CHANNEL-SDK: [channel-sdk] [presence] degraded: no heartbeat ack for too long {"channel":"user:fdee3d54-95b6-4e9c-aaff-50ad9505aab4:devices","staleMs":986848,"consecutiveFailures":0,"hint":"lightweight self-heal exhausted; business should rebuild the session"}
[2026-09-23T08:33:59.536Z] [pid=1710] [INFO] [EdgeSync] CHANNEL-SDK: [channel-sdk] [presence] triggering lightweight self-heal {"reason":"frozen","staleMs":986850}
[2026-09-23T08:33:59.536Z] [pid=1710] [INFO] [EdgeSync] CHANNEL-SDK: [channel-sdk] [ws-transport] forcing reconnect (dropping possibly half-open socket) 
[2026-09-23T08:33:59.536Z] [pid=1710] [INFO] [EdgeSync] CHANNEL-SDK: [channel-sdk] [ws-transport] disconnected {"code":0,"reason":"disconnect called"}
[2026-09-23T08:33:59.550Z] [pid=1710] [INFO] [EdgeSync] CHANNEL-CREDS: fetching userId=fdee3d54-95b6-4e9c-aaff-50ad9505aab4 deviceId=4d6cede0-b354-523b-bf1f-9ad4d9ec28d2 deviceName=MacBook Pro (4) extraScopes=[]
[2026-09-23T08:33:59.551Z] [pid=1710] [INFO] [EdgeSync] CHANNEL-CREDS: fetching userId=fdee3d54-95b6-4e9c-aaff-50ad9505aab4 deviceId=4d6cede0-b354-523b-bf1f-9ad4d9ec28d2 deviceName=MacBook Pro (4) extraScopes=[]
[2026-09-23T08:34:00.198Z] [pid=1710] [INFO] [EdgeSync] CHANNEL-CREDS urls: apisixPublishUrl=https://www.workbuddy.cn/cf-publish/api/publish cfWsUrl=wss://www.workbuddy.cn/cf-connect/websocket
[2026-09-23T08:34:00.201Z] [pid=1710] [INFO] [EdgeSync] CHANNEL-SDK: [channel-sdk] [handshake] token renewed via credManager {"keyVersion":1}
[2026-09-23T08:34:00.254Z] [pid=1710] [INFO] [EdgeSync] CHANNEL-CREDS urls: apisixPublishUrl=https://www.workbuddy.cn/cf-publish/api/publish cfWsUrl=wss://www.workbuddy.cn/cf-connect/websocket
[2026-09-23T08:34:00.255Z] [pid=1710] [INFO] [EdgeSync] CHANNEL-SDK: [channel-sdk] [handshake] token renewed via credManager {"keyVersion":1}
[2026-09-23T08:34:00.285Z] [pid=1710] [INFO] [EdgeSync] CHANNEL-SDK: [channel-sdk] [ws-transport] connected {"client":"36be210d-a321-4751-951a-9a1f41fbd060"}
[2026-09-23T08:34:00.286Z] [pid=1710] [INFO] [EdgeSync] CHANNEL-SDK: [channel-sdk] [supervisor] recovered online {"outcome":"grace_recovered"}
[2026-09-23T08:34:00.286Z] [pid=1710] [INFO] [EdgeSync] CHANNEL-SDK: [channel-sdk] [client] flushing outbox on recovered online {"pending":0}
[2026-09-23T08:34:00.286Z] [pid=1710] [INFO] [EdgeSync] CHANNEL-SDK: [channel-sdk] [client] self-heal reconnect done {"reason":"frozen"}
[2026-09-23T08:34:00.451Z] [pid=1710] [INFO] [EdgeSync] CHANNEL-SDK: [channel-sdk] [ws-transport] connected {"client":"23d42a1e-67d4-45af-a950-7ce6f3c84f4f"}
[2026-09-23T08:34:00.454Z] [pid=1710] [INFO] [EdgeSync] CHANNEL-SDK: [channel-sdk] [client] flushing outbox on recovered online {"pending":0}
[2026-09-23T08:34:00.455Z] [pid=1710] [INFO] [EdgeSync] CHANNEL-SDK: [channel-sdk] [client] self-heal reconnect done {"reason":"frozen"}
[2026-09-23T08:34:00.453Z] [pid=1710] [INFO] [EdgeSync] CHANNEL-SDK: [channel-sdk] [supervisor] recovered online {"outcome":"grace_recovered"}
[2026-09-23T08:38:07.133Z] [pid=1710] [INFO] [EdgeSync] CHANNEL-RECOVERY start reason=system-resume
[2026-09-23T08:38:08.647Z] [pid=1710] [INFO] [waitForNetworkOnline] ready after 1506ms (first probe)
[2026-09-23T08:38:08.827Z] [pid=1710] [INFO] [EdgeSync] CHANNEL-RECOVERY network ready=true waitedMs=1506
[2026-09-23T08:38:08.831Z] [pid=1710] [CHANNEL_STATE] phase=disconnected reason=user_close code=-
[2026-09-23T08:38:08.831Z] [pid=1710] [INFO] [EdgeSync] CHANNEL-SDK: state=disconnected
[2026-09-23T08:38:10.335Z] [pid=1710] [INFO] [EdgeSync] CHANNEL-SDK: [channel-sdk] [ws-transport] disconnected {"code":0,"reason":"disconnect called"}
[2026-09-23T08:38:10.337Z] [pid=1710] [INFO] [EdgeSync] CHANNEL-SDK: handshake starting userId=fdee3d54-95b6-4e9c-aaff-50ad9505aab4 deviceId=4d6cede0-b354-523b-bf1f-9ad4d9ec28d2
[2026-09-23T08:38:10.338Z] [pid=1710] [INFO] [EdgeSync] CHANNEL-SDK: [channel-sdk] [handshake] start {"userId":"fdee3d54-95b6-4e9c-aaff-50ad9505aab4","deviceId":"4d6cede0-b354-523b-bf1f-9ad4d9ec28d2","clientType":"desktop"}
[2026-09-23T08:38:10.338Z] [pid=1710] [INFO] [EdgeSync] CHANNEL-CREDS: fetching userId=fdee3d54-95b6-4e9c-aaff-50ad9505aab4 deviceId=4d6cede0-b354-523b-bf1f-9ad4d9ec28d2 deviceName=MacBook Pro (4) extraScopes=[]
[2026-09-23T08:38:10.338Z] [pid=1710] [ERROR] [EdgeSync] CHANNEL-SDK: [channel-sdk] [client] publish failed {"channel":"user:fdee3d54-95b6-4e9c-aaff-50ad9505aab4:devices","scope":"user","transport":"cf-ws","parts":1,"errorCode":"unknown","elapsedMs":859,"err":"code=11 message=connection closed"}
[2026-09-23T08:38:16.797Z] [pid=1710] [INFO] [EdgeSync] CHANNEL-CREDS urls: apisixPublishUrl=https://www.workbuddy.cn/cf-publish/api/publish cfWsUrl=wss://www.workbuddy.cn/cf-connect/websocket
[2026-09-23T08:38:16.798Z] [pid=1710] [INFO] [EdgeSync] CHANNEL-SDK: [channel-sdk] [handshake] credentials ready {"clientType":"desktop","keyVersion":1,"channels":4,"elapsedMs":6460}
[2026-09-23T08:38:21.428Z] [pid=1710] [INFO] [EdgeSync] CHANNEL-SDK: [channel-sdk] [ws-transport] connected {"client":"3e882064-6f79-4713-9c50-18dcea7d3b9e"}
[2026-09-23T08:38:21.429Z] [pid=1710] [INFO] [EdgeSync] CHANNEL-SDK: state=connected
[2026-09-23T08:38:21.429Z] [pid=1710] [CHANNEL_STATE] phase=connected reason=- code=-
[2026-09-23T08:38:21.432Z] [pid=1710] [INFO] [EdgeSync] CHANNEL-SDK: [channel-sdk] [handshake] completed {"clientType":"desktop","transport":"ws","keyVersion":1,"capabilities":{"acp":false,"outbox":true,"presence":true},"credentialsMs":6460,"connectMs":4631,"totalMs":11094}
[2026-09-23T08:38:21.433Z] [pid=1710] [INFO] [EdgeSync] CHANNEL-SDK: handshake OK
[2026-09-23T08:38:21.434Z] [pid=1710] [INFO] [EdgeSync] §5 LISTENING channel=executor:4d6cede0-b354-523b-bf1f-9ad4d9ec28d2 handlers=session.create,session.stop,prompt.submit,session.set_mode,session.get_mode,session.set_model,session.get_model,session.set_permission_mode,session.get_permission_mode,tool.answer,tool.cancel,permission.resolve,get_page,get_automations,get_task_artifacts,get_artifact,get_models,get_session_config,get_skills
[2026-09-23T08:38:21.434Z] [pid=1710] [LISTENING] channel=executor:4d6cede0-b354-523b-bf1f-9ad4d9ec28d2
[2026-09-23T08:38:21.435Z] [pid=1710] [INFO] [EdgeSync] §5 listening on executor:4d6cede0-b354-523b-bf1f-9ad4d9ec28d2
[2026-09-23T08:38:21.435Z] [pid=1710] [DEVICE_ONLINE_SEND] channel=user:fdee3d54-95b6-4e9c-aaff-50ad9505aab4:devices deviceId=4d6cede0-b354-523b-bf1f-9ad4d9ec28d2 hostname=MacBook Pro (4) deviceName=MacBook Pro (4) displayName=MacBook Pro (4) appVersion=5.3.14
[2026-09-23T08:38:21.437Z] [pid=1710] [INFO] [EdgeSync] CHANNEL-RECOVERY success reason=system-resume attempt=1 elapsedMs=14310
[2026-09-23T08:38:21.711Z] [pid=1710] [DEVICE_ONLINE_OK] channel=user:fdee3d54-95b6-4e9c-aaff-50ad9505aab4:devices
[2026-09-23T08:41:46.475Z] [pid=1710] [ERROR] [EdgeSync] CHANNEL-SDK: [channel-sdk] [client] publish failed {"channel":"user:fdee3d54-95b6-4e9c-aaff-50ad9505aab4:devices","scope":"user","transport":"cf-ws","parts":1,"errorCode":"unknown","elapsedMs":5001,"err":"code=1 message=timeout"}
[2026-09-23T08:41:55.346Z] [pid=1710] [INFO] [EdgeSync] CHANNEL-SDK: [channel-sdk] [presence] heartbeat recovered {"channel":"user:fdee3d54-95b6-4e9c-aaff-50ad9505aab4:devices","source":"echo","afterFailures":1}
[2026-09-23T08:42:36.478Z] [pid=1710] [ERROR] [EdgeSync] CHANNEL-SDK: [channel-sdk] [client] publish failed {"channel":"user:fdee3d54-95b6-4e9c-aaff-50ad9505aab4:devices","scope":"user","transport":"cf-ws","parts":1,"errorCode":"unknown","elapsedMs":5001,"err":"code=1 message=timeout"}
[2026-09-23T08:42:41.627Z] [pid=1710] [INFO] [EdgeSync] CHANNEL-SDK: [channel-sdk] [presence] heartbeat recovered {"channel":"user:fdee3d54-95b6-4e9c-aaff-50ad9505aab4:devices","source":"echo","afterFailures":1}
[2026-09-23T08:43:26.487Z] [pid=1710] [ERROR] [EdgeSync] CHANNEL-SDK: [channel-sdk] [client] publish failed {"channel":"user:fdee3d54-95b6-4e9c-aaff-50ad9505aab4:devices","scope":"user","transport":"cf-ws","parts":1,"errorCode":"unknown","elapsedMs":5001,"err":"code=1 message=timeout"}
[2026-09-23T08:43:36.486Z] [pid=1710] [ERROR] [EdgeSync] CHANNEL-SDK: [channel-sdk] [client] publish failed {"channel":"user:fdee3d54-95b6-4e9c-aaff-50ad9505aab4:devices","scope":"user","transport":"cf-ws","parts":1,"errorCode":"unknown","elapsedMs":5001,"err":"code=1 message=timeout"}
[2026-09-23T08:43:42.737Z] [pid=1710] [INFO] [EdgeSync] CHANNEL-SDK: state=reconnecting
[2026-09-23T08:43:42.739Z] [pid=1710] [CHANNEL_STATE] phase=reconnecting reason=- code=-
[2026-09-23T08:43:42.743Z] [pid=1710] [INFO] [EdgeSync] CHANNEL-SDK: [channel-sdk] [supervisor] escalated to reconnecting {"attempt":0}
[2026-09-23T08:43:44.731Z] [pid=1710] [INFO] [EdgeSync] CHANNEL-SDK: [channel-sdk] [ws-transport] connected {"client":"607485f0-cc59-4d2b-a54f-089b5a9b7e6f"}
[2026-09-23T08:43:44.732Z] [pid=1710] [INFO] [EdgeSync] CHANNEL-SDK: [channel-sdk] [supervisor] recovered online {"outcome":"escalated"}
[2026-09-23T08:43:44.734Z] [pid=1710] [CHANNEL_STATE] phase=connected reason=- code=-
[2026-09-23T08:43:44.734Z] [pid=1710] [DEVICE_ONLINE_SEND] channel=user:fdee3d54-95b6-4e9c-aaff-50ad9505aab4:devices deviceId=4d6cede0-b354-523b-bf1f-9ad4d9ec28d2 hostname=MacBook Pro (4) deviceName=MacBook Pro (4) displayName=MacBook Pro (4) appVersion=5.3.14
[2026-09-23T08:43:44.733Z] [pid=1710] [INFO] [EdgeSync] CHANNEL-SDK: state=connected
[2026-09-23T08:43:44.735Z] [pid=1710] [INFO] [EdgeSync] CHANNEL-SDK: [channel-sdk] [client] flushing outbox on recovered online {"pending":0}
[2026-09-23T08:43:49.487Z] [pid=1710] [ERROR] [EdgeSync] CHANNEL-SDK: [channel-sdk] [presence] device.online heartbeat persistently failing — device will be marked offline {"channel":"user:fdee3d54-95b6-4e9c-aaff-50ad9505aab4:devices","reason":"watchdog","consecutiveFailures":3,"staleMs":47763,"err":"ChSdkPublishTimeoutError: device.online publish timed out after 8000ms (code=CH_SDK_5050)","hint":"half-open WS / publish_proxy rejecting / missing publish permission; watchdog will force a self-heal"}
[2026-09-23T08:43:49.488Z] [pid=1710] [ERROR] [EdgeSync] CHANNEL-SDK: [channel-sdk] [client] publish failed {"channel":"user:fdee3d54-95b6-4e9c-aaff-50ad9505aab4:devices","scope":"user","transport":"cf-ws","parts":1,"errorCode":"CH_SDK_5050","elapsedMs":8002,"err":"ChSdkPublishTimeoutError: [client] ws publish (channel=user:fdee3d54-95b6-4e9c-aaff-50ad9505aab4:devices) timed out after 8000ms (code=CH_SDK_5050)"}
[2026-09-23T08:43:49.738Z] [pid=1710] [ERROR] [EdgeSync] CHANNEL-SDK: [channel-sdk] [client] publish failed {"channel":"user:fdee3d54-95b6-4e9c-aaff-50ad9505aab4:devices","scope":"user","transport":"cf-ws","parts":1,"errorCode":"unknown","elapsedMs":5000,"err":"code=1 message=timeout"}
[2026-09-23T08:43:49.740Z] [pid=1710] [DEVICE_ONLINE_FAIL] channel=user:fdee3d54-95b6-4e9c-aaff-50ad9505aab4:devices err=[object Object]
[2026-09-23T08:43:51.487Z] [pid=1710] [INFO] [EdgeSync] CHANNEL-SDK: [channel-sdk] [presence] triggering lightweight self-heal {"reason":"ack_stale","staleMs":49763}
[2026-09-23T08:43:51.489Z] [pid=1710] [INFO] [EdgeSync] CHANNEL-SDK: [channel-sdk] [ws-transport] forcing reconnect (dropping possibly half-open socket) 
[2026-09-23T08:43:51.490Z] [pid=1710] [INFO] [EdgeSync] CHANNEL-SDK: [channel-sdk] [ws-transport] disconnected {"code":0,"reason":"disconnect called"}
[2026-09-23T08:43:54.494Z] [pid=1710] [INFO] [EdgeSync] CHANNEL-SDK: state=reconnecting
[2026-09-23T08:43:54.495Z] [pid=1710] [CHANNEL_STATE] phase=reconnecting reason=- code=-
[2026-09-23T08:43:54.496Z] [pid=1710] [INFO] [EdgeSync] CHANNEL-SDK: [channel-sdk] [supervisor] escalated to reconnecting {"attempt":0}
[2026-09-23T08:43:56.507Z] [pid=1710] [ERROR] [EdgeSync] CHANNEL-SDK: [channel-sdk] [client] publish failed {"channel":"user:fdee3d54-95b6-4e9c-aaff-50ad9505aab4:devices","scope":"user","transport":"cf-ws","parts":1,"errorCode":"unknown","elapsedMs":5001,"err":"code=1 message=timeout"}
[2026-09-23T08:44:01.495Z] [pid=1710] [INFO] [EdgeSync] CHANNEL-SDK: [channel-sdk] [ws-transport] connect timed out after 10000ms 
[2026-09-23T08:44:01.496Z] [pid=1710] [INFO] [EdgeSync] CHANNEL-SDK: state=disconnected
[2026-09-23T08:44:01.496Z] [pid=1710] [CHANNEL_STATE] phase=disconnected reason=fatal code=-
[2026-09-23T08:44:01.497Z] [pid=1710] [INFO] [EdgeSync] CHANNEL-RECOVERY start reason=sdk-fatal
[2026-09-23T08:44:01.497Z] [pid=1710] [INFO] [EdgeSync] CHANNEL-SDK: [channel-sdk] [ws-transport] disconnected {"code":0,"reason":"disconnect called"}
[2026-09-23T08:44:01.498Z] [pid=1710] [ERROR] [EdgeSync] CHANNEL-SDK: [channel-sdk] [client] publish failed {"channel":"user:fdee3d54-95b6-4e9c-aaff-50ad9505aab4:devices","scope":"user","transport":"cf-ws","parts":1,"errorCode":"unknown","elapsedMs":10,"err":"code=3 message=disconnected"}
[2026-09-23T08:44:01.498Z] [pid=1710] [INFO] [EdgeSync] CHANNEL-SDK: [channel-sdk] [presence] self-heal failed {"reason":"ack_stale","err":"Error: [ws-transport] connect timed out after 10000ms"}
[2026-09-23T08:44:03.002Z] [pid=1710] [INFO] [waitForNetworkOnline] ready after 1504ms (first probe)
[2026-09-23T08:44:03.003Z] [pid=1710] [INFO] [EdgeSync] CHANNEL-RECOVERY network ready=true waitedMs=1504
[2026-09-23T08:44:04.506Z] [pid=1710] [INFO] [EdgeSync] CHANNEL-SDK: handshake starting userId=fdee3d54-95b6-4e9c-aaff-50ad9505aab4 deviceId=4d6cede0-b354-523b-bf1f-9ad4d9ec28d2
[2026-09-23T08:44:04.506Z] [pid=1710] [INFO] [EdgeSync] CHANNEL-SDK: [channel-sdk] [handshake] start {"userId":"fdee3d54-95b6-4e9c-aaff-50ad9505aab4","deviceId":"4d6cede0-b354-523b-bf1f-9ad4d9ec28d2","clientType":"desktop"}
[2026-09-23T08:44:04.507Z] [pid=1710] [INFO] [EdgeSync] CHANNEL-CREDS: fetching userId=fdee3d54-95b6-4e9c-aaff-50ad9505aab4 deviceId=4d6cede0-b354-523b-bf1f-9ad4d9ec28d2 deviceName=MacBook Pro (4) extraScopes=[]
[2026-09-23T08:44:07.315Z] [pid=1710] [INFO] [EdgeSync] CHANNEL-CREDS urls: apisixPublishUrl=https://www.workbuddy.cn/cf-publish/api/publish cfWsUrl=wss://www.workbuddy.cn/cf-connect/websocket
[2026-09-23T08:44:07.317Z] [pid=1710] [INFO] [EdgeSync] CHANNEL-SDK: [channel-sdk] [handshake] credentials ready {"clientType":"desktop","keyVersion":1,"channels":4,"elapsedMs":2810}
[2026-09-23T08:44:07.988Z] [pid=1710] [INFO] [EdgeSync] CHANNEL-SDK: [channel-sdk] [ws-transport] connected {"client":"cbf0cb40-fa13-4053-b20f-afcba204cf69"}
[2026-09-23T08:44:07.989Z] [pid=1710] [INFO] [EdgeSync] CHANNEL-SDK: state=connected
[2026-09-23T08:44:07.989Z] [pid=1710] [CHANNEL_STATE] phase=connected reason=- code=-
[2026-09-23T08:44:07.992Z] [pid=1710] [INFO] [EdgeSync] §5 LISTENING channel=executor:4d6cede0-b354-523b-bf1f-9ad4d9ec28d2 handlers=session.create,session.stop,prompt.submit,session.set_mode,session.get_mode,session.set_model,session.get_model,session.set_permission_mode,session.get_permission_mode,tool.answer,tool.cancel,permission.resolve,get_page,get_automations,get_task_artifacts,get_artifact,get_models,get_session_config,get_skills
[2026-09-23T08:44:07.992Z] [pid=1710] [LISTENING] channel=executor:4d6cede0-b354-523b-bf1f-9ad4d9ec28d2
[2026-09-23T08:44:07.991Z] [pid=1710] [INFO] [EdgeSync] CHANNEL-SDK: handshake OK
[2026-09-23T08:44:07.990Z] [pid=1710] [INFO] [EdgeSync] CHANNEL-SDK: [channel-sdk] [handshake] completed {"clientType":"desktop","transport":"ws","keyVersion":1,"capabilities":{"acp":false,"outbox":true,"presence":true},"credentialsMs":2810,"connectMs":672,"totalMs":3484}
[2026-09-23T08:44:07.994Z] [pid=1710] [INFO] [EdgeSync] §5 listening on executor:4d6cede0-b354-523b-bf1f-9ad4d9ec28d2
[2026-09-23T08:44:07.994Z] [pid=1710] [DEVICE_ONLINE_SEND] channel=user:fdee3d54-95b6-4e9c-aaff-50ad9505aab4:devices deviceId=4d6cede0-b354-523b-bf1f-9ad4d9ec28d2 hostname=MacBook Pro (4) deviceName=MacBook Pro (4) displayName=MacBook Pro (4) appVersion=5.3.14
[2026-09-23T08:44:07.995Z] [pid=1710] [INFO] [EdgeSync] CHANNEL-RECOVERY success reason=sdk-fatal attempt=1 elapsedMs=6498
[2026-09-23T08:44:08.006Z] [pid=1710] [ERROR] [EdgeSync] CHANNEL-SDK: [channel-sdk] [client] publish failed {"channel":"user:fdee3d54-95b6-4e9c-aaff-50ad9505aab4:devices","scope":"user","transport":"cf-ws","parts":1,"errorCode":"unknown","elapsedMs":5001,"err":"code=1 message=timeout"}
[2026-09-23T08:44:08.119Z] [pid=1710] [DEVICE_ONLINE_OK] channel=user:fdee3d54-95b6-4e9c-aaff-50ad9505aab4:devices
[2026-09-23T08:44:32.995Z] [pid=1710] [ERROR] [EdgeSync] CHANNEL-SDK: [channel-sdk] [client] publish failed {"channel":"user:fdee3d54-95b6-4e9c-aaff-50ad9505aab4:devices","scope":"user","transport":"cf-ws","parts":1,"errorCode":"unknown","elapsedMs":5000,"err":"code=1 message=timeout"}
[2026-09-23T08:44:38.227Z] [pid=1710] [INFO] [EdgeSync] CHANNEL-SDK: [channel-sdk] [presence] heartbeat recovered {"channel":"user:fdee3d54-95b6-4e9c-aaff-50ad9505aab4:devices","source":"echo","afterFailures":1}
[2026-09-23T08:48:00.140Z] [pid=1710] [INFO] [EdgeSync] CHANNEL-CREDS: fetching userId=fdee3d54-95b6-4e9c-aaff-50ad9505aab4 deviceId=4d6cede0-b354-523b-bf1f-9ad4d9ec28d2 deviceName=MacBook Pro (4) extraScopes=[]
[2026-09-23T08:48:00.799Z] [pid=1710] [INFO] [EdgeSync] CHANNEL-CREDS urls: apisixPublishUrl=https://www.workbuddy.cn/cf-publish/api/publish cfWsUrl=wss://www.workbuddy.cn/cf-connect/websocket
[2026-09-23T08:48:00.801Z] [pid=1710] [INFO] [EdgeSync] CHANNEL-SDK: [channel-sdk] [handshake] token renewed via credManager {"keyVersion":1}
[2026-09-23T08:58:07.156Z] [pid=1710] [INFO] [EdgeSync] CHANNEL-CREDS: fetching userId=fdee3d54-95b6-4e9c-aaff-50ad9505aab4 deviceId=4d6cede0-b354-523b-bf1f-9ad4d9ec28d2 deviceName=MacBook Pro (4) extraScopes=[]
[2026-09-23T08:58:07.380Z] [pid=1710] [INFO] [EdgeSync] CHANNEL-CREDS urls: apisixPublishUrl=https://www.workbuddy.cn/cf-publish/api/publish cfWsUrl=wss://www.workbuddy.cn/cf-connect/websocket
[2026-09-23T08:58:07.381Z] [pid=1710] [INFO] [EdgeSync] CHANNEL-SDK: [channel-sdk] [handshake] token renewed via credManager {"keyVersion":1}
[2026-09-23T09:02:00.899Z] [pid=1710] [INFO] [EdgeSync] CHANNEL-CREDS: fetching userId=fdee3d54-95b6-4e9c-aaff-50ad9505aab4 deviceId=4d6cede0-b354-523b-bf1f-9ad4d9ec28d2 deviceName=MacBook Pro (4) extraScopes=[]
[2026-09-23T09:02:01.367Z] [pid=1710] [INFO] [EdgeSync] CHANNEL-CREDS urls: apisixPublishUrl=https://www.workbuddy.cn/cf-publish/api/publish cfWsUrl=wss://www.workbuddy.cn/cf-connect/websocket
[2026-09-23T09:02:01.368Z] [pid=1710] [INFO] [EdgeSync] CHANNEL-SDK: [channel-sdk] [handshake] token renewed via credManager {"keyVersion":1}
[2026-09-23T09:05:48.199Z] [pid=1710] [ERROR] [EdgeSync] CHANNEL-SDK: [channel-sdk] [client] publish failed {"channel":"user:fdee3d54-95b6-4e9c-aaff-50ad9505aab4:devices","scope":"user","transport":"cf-ws","parts":1,"errorCode":"unknown","elapsedMs":5002,"err":"code=1 message=timeout"}
[2026-09-23T09:05:49.931Z] [pid=1710] [ERROR] [EdgeSync] CHANNEL-SDK: [channel-sdk] [client] publish failed {"channel":"user:fdee3d54-95b6-4e9c-aaff-50ad9505aab4:devices","scope":"user","transport":"cf-ws","parts":1,"errorCode":"unknown","elapsedMs":5001,"err":"code=1 message=timeout"}
[2026-09-23T09:05:55.535Z] [pid=1710] [INFO] [EdgeSync] CHANNEL-SDK: state=reconnecting
[2026-09-23T09:05:55.536Z] [pid=1710] [CHANNEL_STATE] phase=reconnecting reason=- code=-
[2026-09-23T09:05:55.537Z] [pid=1710] [INFO] [EdgeSync] CHANNEL-SDK: [channel-sdk] [supervisor] escalated to reconnecting {"attempt":0}
[2026-09-23T09:05:58.196Z] [pid=1710] [ERROR] [EdgeSync] CHANNEL-SDK: [channel-sdk] [client] publish failed {"channel":"user:fdee3d54-95b6-4e9c-aaff-50ad9505aab4:devices","scope":"user","transport":"cf-ws","parts":1,"errorCode":"unknown","elapsedMs":5000,"err":"code=1 message=timeout"}
[2026-09-23T09:05:59.630Z] [pid=1710] [WATCHDOG_UNHEALTHY] disconnectedFor=1311641 hasSdk=true currentlyConnected=false hasPending=false
[2026-09-23T09:05:59.630Z] [pid=1710] [WATCHDOG_FORCE_RESTART] reason=watchdog-unhealthy hadPendingConnect=false
[2026-09-23T09:05:59.632Z] [pid=1710] [CHANNEL_STATE] phase=disconnected reason=user_close code=-
[2026-09-23T09:05:59.631Z] [pid=1710] [WARN] [EdgeSync] WATCHDOG force restart channel-sdk: reason=watchdog-unhealthy
[2026-09-23T09:05:59.632Z] [pid=1710] [INFO] [EdgeSync] CHANNEL-SDK: state=disconnected
[2026-09-23T09:05:59.891Z] [pid=1710] [INFO] [EdgeSync] CHANNEL-SDK: [channel-sdk] [presence] heartbeat recovered {"channel":"user:fdee3d54-95b6-4e9c-aaff-50ad9505aab4:devices","source":"echo","afterFailures":1}
[2026-09-23T09:06:01.135Z] [pid=1710] [INFO] [EdgeSync] CHANNEL-SDK: [channel-sdk] [ws-transport] disconnected {"code":0,"reason":"disconnect called"}
[2026-09-23T09:06:01.136Z] [pid=1710] [INFO] [EdgeSync] CHANNEL-SDK: handshake starting userId=fdee3d54-95b6-4e9c-aaff-50ad9505aab4 deviceId=4d6cede0-b354-523b-bf1f-9ad4d9ec28d2
[2026-09-23T09:06:01.137Z] [pid=1710] [ERROR] [EdgeSync] CHANNEL-SDK: [channel-sdk] [client] publish failed {"channel":"user:fdee3d54-95b6-4e9c-aaff-50ad9505aab4:devices","scope":"user","transport":"cf-ws","parts":1,"errorCode":"unknown","elapsedMs":1503,"err":"code=3 message=disconnected"}
[2026-09-23T09:06:01.139Z] [pid=1710] [INFO] [EdgeSync] CHANNEL-CREDS: fetching userId=fdee3d54-95b6-4e9c-aaff-50ad9505aab4 deviceId=4d6cede0-b354-523b-bf1f-9ad4d9ec28d2 deviceName=MacBook Pro (4) extraScopes=[]
[2026-09-23T09:06:01.138Z] [pid=1710] [INFO] [EdgeSync] CHANNEL-SDK: [channel-sdk] [handshake] start {"userId":"fdee3d54-95b6-4e9c-aaff-50ad9505aab4","deviceId":"4d6cede0-b354-523b-bf1f-9ad4d9ec28d2","clientType":"desktop"}
[2026-09-23T09:06:11.146Z] [pid=1710] [ERROR] [EdgeSync] CHANNEL-CREDS failed: The operation was aborted due to timeout
[2026-09-23T09:06:11.147Z] [pid=1710] [ERROR] [EdgeSync] CHANNEL-SDK: [channel-sdk] [handshake] fetchCredentials failed {"clientType":"desktop","elapsedMs":10008,"err":"The operation was aborted due to timeout"}
[2026-09-23T09:06:11.148Z] [pid=1710] [ERROR] [EdgeSync] CHANNEL-SDK: handshake failed: The operation was aborted due to timeout
[2026-09-23T09:06:11.148Z] [pid=1710] [WARN] [EdgeSync] WATCHDOG force restart failed: Error: channel-sdk force restart failed
[2026-09-23T09:06:19.944Z] [pid=1710] [ERROR] [EdgeSync] CHANNEL-SDK: [channel-sdk] [client] publish failed {"channel":"user:fdee3d54-95b6-4e9c-aaff-50ad9505aab4:devices","scope":"user","transport":"cf-ws","parts":1,"errorCode":"unknown","elapsedMs":5002,"err":"code=1 message=timeout"}
[2026-09-23T09:06:29.938Z] [pid=1710] [ERROR] [EdgeSync] CHANNEL-SDK: [channel-sdk] [client] publish failed {"channel":"user:fdee3d54-95b6-4e9c-aaff-50ad9505aab4:devices","scope":"user","transport":"cf-ws","parts":1,"errorCode":"unknown","elapsedMs":5002,"err":"code=1 message=timeout"}
[2026-09-23T09:06:39.940Z] [pid=1710] [ERROR] [EdgeSync] CHANNEL-SDK: [channel-sdk] [client] publish failed {"channel":"user:fdee3d54-95b6-4e9c-aaff-50ad9505aab4:devices","scope":"user","transport":"cf-ws","parts":1,"errorCode":"unknown","elapsedMs":5001,"err":"code=1 message=timeout"}
[2026-09-23T09:06:39.941Z] [pid=1710] [ERROR] [EdgeSync] CHANNEL-SDK: [channel-sdk] [presence] device.online heartbeat persistently failing — device will be marked offline {"channel":"user:fdee3d54-95b6-4e9c-aaff-50ad9505aab4:devices","reason":"watchdog","consecutiveFailures":3,"staleMs":40050,"err":"code=1 message=timeout","hint":"half-open WS / publish_proxy rejecting / missing publish permission; watchdog will force a self-heal"}
[2026-09-23T09:06:41.150Z] [pid=1710] [WATCHDOG_SKIP_COOLDOWN] disconnectedFor=1353160 sinceRestart=41519 hasSdk=false
[2026-09-23T09:06:44.941Z] [pid=1710] [INFO] [EdgeSync] CHANNEL-SDK: [channel-sdk] [presence] triggering lightweight self-heal {"reason":"ack_stale","staleMs":45049}
[2026-09-23T09:06:44.943Z] [pid=1710] [INFO] [EdgeSync] CHANNEL-SDK: [channel-sdk] [ws-transport] forcing reconnect (dropping possibly half-open socket) 
[2026-09-23T09:06:44.944Z] [pid=1710] [INFO] [EdgeSync] CHANNEL-SDK: [channel-sdk] [ws-transport] disconnected {"code":0,"reason":"disconnect called"}
[2026-09-23T09:06:47.946Z] [pid=1710] [INFO] [EdgeSync] CHANNEL-SDK: state=reconnecting
[2026-09-23T09:06:47.946Z] [pid=1710] [CHANNEL_STATE] phase=reconnecting reason=- code=-
[2026-09-23T09:06:47.948Z] [pid=1710] [INFO] [EdgeSync] CHANNEL-SDK: [channel-sdk] [supervisor] escalated to reconnecting {"attempt":0}
[2026-09-23T09:06:49.962Z] [pid=1710] [ERROR] [EdgeSync] CHANNEL-SDK: [channel-sdk] [client] publish failed {"channel":"user:fdee3d54-95b6-4e9c-aaff-50ad9505aab4:devices","scope":"user","transport":"cf-ws","parts":1,"errorCode":"unknown","elapsedMs":5001,"err":"code=1 message=timeout"}
[2026-09-23T09:06:54.946Z] [pid=1710] [INFO] [EdgeSync] CHANNEL-SDK: [channel-sdk] [ws-transport] connect timed out after 10000ms 
[2026-09-23T09:06:54.948Z] [pid=1710] [INFO] [EdgeSync] CHANNEL-RECOVERY start reason=sdk-fatal
[2026-09-23T09:06:54.947Z] [pid=1710] [INFO] [EdgeSync] CHANNEL-SDK: state=disconnected
[2026-09-23T09:06:54.948Z] [pid=1710] [CHANNEL_STATE] phase=disconnected reason=fatal code=-
[2026-09-23T09:06:54.949Z] [pid=1710] [INFO] [EdgeSync] CHANNEL-SDK: [channel-sdk] [ws-transport] disconnected {"code":0,"reason":"disconnect called"}
[2026-09-23T09:06:54.949Z] [pid=1710] [ERROR] [EdgeSync] CHANNEL-SDK: [channel-sdk] [client] publish failed {"channel":"user:fdee3d54-95b6-4e9c-aaff-50ad9505aab4:devices","scope":"user","transport":"cf-ws","parts":1,"errorCode":"unknown","elapsedMs":5,"err":"code=3 message=disconnected"}
[2026-09-23T09:06:54.950Z] [pid=1710] [INFO] [EdgeSync] CHANNEL-SDK: [channel-sdk] [presence] self-heal failed {"reason":"ack_stale","err":"Error: [ws-transport] connect timed out after 10000ms"}
[2026-09-23T09:06:56.453Z] [pid=1710] [INFO] [waitForNetworkOnline] ready after 1504ms (first probe)
[2026-09-23T09:06:56.454Z] [pid=1710] [INFO] [EdgeSync] CHANNEL-RECOVERY network ready=true waitedMs=1504
[2026-09-23T09:06:56.455Z] [pid=1710] [INFO] [EdgeSync] CHANNEL-SDK: [channel-sdk] [handshake] start {"userId":"fdee3d54-95b6-4e9c-aaff-50ad9505aab4","deviceId":"4d6cede0-b354-523b-bf1f-9ad4d9ec28d2","clientType":"desktop"}
[2026-09-23T09:06:56.456Z] [pid=1710] [INFO] [EdgeSync] CHANNEL-CREDS: fetching userId=fdee3d54-95b6-4e9c-aaff-50ad9505aab4 deviceId=4d6cede0-b354-523b-bf1f-9ad4d9ec28d2 deviceName=MacBook Pro (4) extraScopes=[]
[2026-09-23T09:06:56.455Z] [pid=1710] [INFO] [EdgeSync] CHANNEL-SDK: handshake starting userId=fdee3d54-95b6-4e9c-aaff-50ad9505aab4 deviceId=4d6cede0-b354-523b-bf1f-9ad4d9ec28d2
[2026-09-23T09:06:59.318Z] [pid=1710] [INFO] [EdgeSync] CHANNEL-CREDS urls: apisixPublishUrl=https://www.workbuddy.cn/cf-publish/api/publish cfWsUrl=wss://www.workbuddy.cn/cf-connect/websocket
[2026-09-23T09:06:59.319Z] [pid=1710] [INFO] [EdgeSync] CHANNEL-SDK: [channel-sdk] [handshake] credentials ready {"clientType":"desktop","keyVersion":1,"channels":4,"elapsedMs":2864}
[2026-09-23T09:06:59.514Z] [pid=1710] [INFO] [EdgeSync] CHANNEL-SDK: [channel-sdk] [ws-transport] connected {"client":"9c32cdd4-18de-45a6-9dc1-0027e12988c0"}
[2026-09-23T09:06:59.515Z] [pid=1710] [CHANNEL_STATE] phase=connected reason=- code=-
[2026-09-23T09:06:59.514Z] [pid=1710] [INFO] [EdgeSync] CHANNEL-SDK: state=connected
[2026-09-23T09:06:59.516Z] [pid=1710] [INFO] [EdgeSync] CHANNEL-SDK: [channel-sdk] [handshake] completed {"clientType":"desktop","transport":"ws","keyVersion":1,"capabilities":{"acp":false,"outbox":true,"presence":true},"credentialsMs":2864,"connectMs":196,"totalMs":3061}
[2026-09-23T09:06:59.517Z] [pid=1710] [INFO] [EdgeSync] CHANNEL-SDK: handshake OK
[2026-09-23T09:06:59.518Z] [pid=1710] [INFO] [EdgeSync] §5 LISTENING channel=executor:4d6cede0-b354-523b-bf1f-9ad4d9ec28d2 handlers=session.create,session.stop,prompt.submit,session.set_mode,session.get_mode,session.set_model,session.get_model,session.set_permission_mode,session.get_permission_mode,tool.answer,tool.cancel,permission.resolve,get_page,get_automations,get_task_artifacts,get_artifact,get_models,get_session_config,get_skills
[2026-09-23T09:06:59.518Z] [pid=1710] [LISTENING] channel=executor:4d6cede0-b354-523b-bf1f-9ad4d9ec28d2
[2026-09-23T09:06:59.519Z] [pid=1710] [INFO] [EdgeSync] §5 listening on executor:4d6cede0-b354-523b-bf1f-9ad4d9ec28d2
[2026-09-23T09:06:59.519Z] [pid=1710] [DEVICE_ONLINE_SEND] channel=user:fdee3d54-95b6-4e9c-aaff-50ad9505aab4:devices deviceId=4d6cede0-b354-523b-bf1f-9ad4d9ec28d2 hostname=MacBook Pro (4) deviceName=MacBook Pro (4) displayName=MacBook Pro (4) appVersion=5.3.14
[2026-09-23T09:06:59.520Z] [pid=1710] [INFO] [EdgeSync] CHANNEL-RECOVERY success reason=sdk-fatal attempt=1 elapsedMs=4572
[2026-09-23T09:06:59.575Z] [pid=1710] [DEVICE_ONLINE_OK] channel=user:fdee3d54-95b6-4e9c-aaff-50ad9505aab4:devices
[2026-09-23T09:06:59.945Z] [pid=1710] [INFO] [EdgeSync] CHANNEL-SDK: [channel-sdk] [presence] triggering lightweight self-heal {"reason":"ack_stale","staleMs":60053}
[2026-09-23T09:06:59.946Z] [pid=1710] [INFO] [EdgeSync] CHANNEL-SDK: [channel-sdk] [ws-transport] forcing reconnect (dropping possibly half-open socket) 
[2026-09-23T09:07:00.122Z] [pid=1710] [INFO] [EdgeSync] CHANNEL-SDK: [channel-sdk] [ws-transport] connected {"client":"4f9824ee-3c6b-4490-bf00-0ad1aad6985c"}
[2026-09-23T09:07:00.123Z] [pid=1710] [INFO] [EdgeSync] CHANNEL-SDK: [channel-sdk] [supervisor] recovered online {"outcome":"grace_recovered"}
[2026-09-23T09:07:00.124Z] [pid=1710] [CHANNEL_STATE] phase=connected reason=- code=-
[2026-09-23T09:07:00.124Z] [pid=1710] [INFO] [EdgeSync] CHANNEL-SDK: state=connected
[2026-09-23T09:07:00.124Z] [pid=1710] [DEVICE_ONLINE_SEND] channel=user:fdee3d54-95b6-4e9c-aaff-50ad9505aab4:devices deviceId=4d6cede0-b354-523b-bf1f-9ad4d9ec28d2 hostname=MacBook Pro (4) deviceName=MacBook Pro (4) displayName=MacBook Pro (4) appVersion=5.3.14
[2026-09-23T09:07:00.125Z] [pid=1710] [INFO] [EdgeSync] CHANNEL-SDK: [channel-sdk] [client] flushing outbox on recovered online {"pending":0}
[2026-09-23T09:07:00.126Z] [pid=1710] [INFO] [EdgeSync] CHANNEL-SDK: [channel-sdk] [client] self-heal reconnect done {"reason":"ack_stale"}
[2026-09-23T09:07:00.175Z] [pid=1710] [INFO] [EdgeSync] CHANNEL-SDK: [channel-sdk] [presence] heartbeat recovered {"channel":"user:fdee3d54-95b6-4e9c-aaff-50ad9505aab4:devices","source":"echo","afterFailures":5}
[2026-09-23T09:07:00.179Z] [pid=1710] [DEVICE_ONLINE_OK] channel=user:fdee3d54-95b6-4e9c-aaff-50ad9505aab4:devices
[2026-09-23T09:16:01.173Z] [pid=1710] [INFO] [EdgeSync] CHANNEL-CREDS: fetching userId=fdee3d54-95b6-4e9c-aaff-50ad9505aab4 deviceId=4d6cede0-b354-523b-bf1f-9ad4d9ec28d2 deviceName=MacBook Pro (4) extraScopes=[]
[2026-09-23T09:16:01.417Z] [pid=1710] [INFO] [EdgeSync] CHANNEL-CREDS urls: apisixPublishUrl=https://www.workbuddy.cn/cf-publish/api/publish cfWsUrl=wss://www.workbuddy.cn/cf-connect/websocket
[2026-09-23T09:16:01.420Z] [pid=1710] [INFO] [EdgeSync] CHANNEL-SDK: [channel-sdk] [handshake] token renewed via credManager {"keyVersion":1}
[2026-09-23T09:20:59.271Z] [pid=1710] [INFO] [EdgeSync] CHANNEL-CREDS: fetching userId=fdee3d54-95b6-4e9c-aaff-50ad9505aab4 deviceId=4d6cede0-b354-523b-bf1f-9ad4d9ec28d2 deviceName=MacBook Pro (4) extraScopes=[]
[2026-09-23T09:20:59.557Z] [pid=1710] [INFO] [EdgeSync] CHANNEL-CREDS urls: apisixPublishUrl=https://www.workbuddy.cn/cf-publish/api/publish cfWsUrl=wss://www.workbuddy.cn/cf-connect/websocket
[2026-09-23T09:20:59.560Z] [pid=1710] [INFO] [EdgeSync] CHANNEL-SDK: [channel-sdk] [handshake] token renewed via credManager {"keyVersion":1}
[2026-09-23T09:30:01.331Z] [pid=1710] [INFO] [EdgeSync] CHANNEL-CREDS: fetching userId=fdee3d54-95b6-4e9c-aaff-50ad9505aab4 deviceId=4d6cede0-b354-523b-bf1f-9ad4d9ec28d2 deviceName=MacBook Pro (4) extraScopes=[]
[2026-09-23T09:30:01.525Z] [pid=1710] [INFO] [EdgeSync] CHANNEL-CREDS urls: apisixPublishUrl=https://www.workbuddy.cn/cf-publish/api/publish cfWsUrl=wss://www.workbuddy.cn/cf-connect/websocket
[2026-09-23T09:30:01.527Z] [pid=1710] [INFO] [EdgeSync] CHANNEL-SDK: [channel-sdk] [handshake] token renewed via credManager {"keyVersion":1}
[2026-09-23T09:34:59.292Z] [pid=1710] [INFO] [EdgeSync] CHANNEL-CREDS: fetching userId=fdee3d54-95b6-4e9c-aaff-50ad9505aab4 deviceId=4d6cede0-b354-523b-bf1f-9ad4d9ec28d2 deviceName=MacBook Pro (4) extraScopes=[]
[2026-09-23T09:34:59.574Z] [pid=1710] [INFO] [EdgeSync] CHANNEL-CREDS urls: apisixPublishUrl=https://www.workbuddy.cn/cf-publish/api/publish cfWsUrl=wss://www.workbuddy.cn/cf-connect/websocket
[2026-09-23T09:34:59.575Z] [pid=1710] [INFO] [EdgeSync] CHANNEL-SDK: [channel-sdk] [handshake] token renewed via credManager {"keyVersion":1}
[2026-09-23T09:44:01.309Z] [pid=1710] [INFO] [EdgeSync] CHANNEL-CREDS: fetching userId=fdee3d54-95b6-4e9c-aaff-50ad9505aab4 deviceId=4d6cede0-b354-523b-bf1f-9ad4d9ec28d2 deviceName=MacBook Pro (4) extraScopes=[]
[2026-09-23T09:44:01.444Z] [pid=1710] [INFO] [EdgeSync] CHANNEL-CREDS urls: apisixPublishUrl=https://www.workbuddy.cn/cf-publish/api/publish cfWsUrl=wss://www.workbuddy.cn/cf-connect/websocket
[2026-09-23T09:44:01.446Z] [pid=1710] [INFO] [EdgeSync] CHANNEL-SDK: [channel-sdk] [handshake] token renewed via credManager {"keyVersion":1}
[2026-09-23T09:48:59.338Z] [pid=1710] [INFO] [EdgeSync] CHANNEL-CREDS: fetching userId=fdee3d54-95b6-4e9c-aaff-50ad9505aab4 deviceId=4d6cede0-b354-523b-bf1f-9ad4d9ec28d2 deviceName=MacBook Pro (4) extraScopes=[]
[2026-09-23T09:48:59.671Z] [pid=1710] [INFO] [EdgeSync] CHANNEL-CREDS urls: apisixPublishUrl=https://www.workbuddy.cn/cf-publish/api/publish cfWsUrl=wss://www.workbuddy.cn/cf-connect/websocket
[2026-09-23T09:48:59.673Z] [pid=1710] [INFO] [EdgeSync] CHANNEL-SDK: [channel-sdk] [handshake] token renewed via credManager {"keyVersion":1}
[2026-09-23T09:58:01.223Z] [pid=1710] [INFO] [EdgeSync] CHANNEL-CREDS: fetching userId=fdee3d54-95b6-4e9c-aaff-50ad9505aab4 deviceId=4d6cede0-b354-523b-bf1f-9ad4d9ec28d2 deviceName=MacBook Pro (4) extraScopes=[]
[2026-09-23T09:58:01.760Z] [pid=1710] [INFO] [EdgeSync] CHANNEL-CREDS urls: apisixPublishUrl=https://www.workbuddy.cn/cf-publish/api/publish cfWsUrl=wss://www.workbuddy.cn/cf-connect/websocket
[2026-09-23T09:58:01.761Z] [pid=1710] [INFO] [EdgeSync] CHANNEL-SDK: [channel-sdk] [handshake] token renewed via credManager {"keyVersion":1}
[2026-09-23T10:00:50.678Z] [pid=1710] [ERROR] [EdgeSync] CHANNEL-SDK: [channel-sdk] [client] publish failed {"channel":"user:fdee3d54-95b6-4e9c-aaff-50ad9505aab4:devices","scope":"user","transport":"cf-ws","parts":1,"errorCode":"unknown","elapsedMs":5001,"err":"code=1 message=timeout"}
[2026-09-23T10:01:00.695Z] [pid=1710] [ERROR] [EdgeSync] CHANNEL-SDK: [channel-sdk] [client] publish failed {"channel":"user:fdee3d54-95b6-4e9c-aaff-50ad9505aab4:devices","scope":"user","transport":"cf-ws","parts":1,"errorCode":"unknown","elapsedMs":5018,"err":"code=1 message=timeout"}
[2026-09-23T10:01:07.916Z] [pid=1710] [INFO] [EdgeSync] CHANNEL-SDK: state=reconnecting
[2026-09-23T10:01:07.916Z] [pid=1710] [CHANNEL_STATE] phase=reconnecting reason=- code=-
[2026-09-23T10:01:07.917Z] [pid=1710] [INFO] [EdgeSync] CHANNEL-SDK: [channel-sdk] [supervisor] escalated to reconnecting {"attempt":0}
[2026-09-23T10:01:10.241Z] [pid=1710] [ERROR] [EdgeSync] CHANNEL-SDK: [channel-sdk] [client] publish failed {"channel":"user:fdee3d54-95b6-4e9c-aaff-50ad9505aab4:devices","scope":"user","transport":"cf-ws","parts":1,"errorCode":"unknown","elapsedMs":5002,"err":"code=1 message=timeout"}
[2026-09-23T10:01:10.698Z] [pid=1710] [ERROR] [EdgeSync] CHANNEL-SDK: [channel-sdk] [client] publish failed {"channel":"user:fdee3d54-95b6-4e9c-aaff-50ad9505aab4:devices","scope":"user","transport":"cf-ws","parts":1,"errorCode":"unknown","elapsedMs":5000,"err":"code=1 message=timeout"}
[2026-09-23T10:01:10.699Z] [pid=1710] [ERROR] [EdgeSync] CHANNEL-SDK: [channel-sdk] [presence] device.online heartbeat persistently failing — device will be marked offline {"channel":"user:fdee3d54-95b6-4e9c-aaff-50ad9505aab4:devices","reason":"watchdog","consecutiveFailures":3,"staleMs":44929,"err":"code=1 message=timeout","hint":"half-open WS / publish_proxy rejecting / missing publish permission; watchdog will force a self-heal"}
[2026-09-23T10:01:11.419Z] [pid=1710] [WATCHDOG_UNHEALTHY] disconnectedFor=3251295 hasSdk=true currentlyConnected=false hasPending=false
[2026-09-23T10:01:11.419Z] [pid=1710] [WATCHDOG_FORCE_RESTART] reason=watchdog-unhealthy hadPendingConnect=false
[2026-09-23T10:01:11.421Z] [pid=1710] [WARN] [EdgeSync] WATCHDOG force restart channel-sdk: reason=watchdog-unhealthy
[2026-09-23T10:01:11.423Z] [pid=1710] [INFO] [EdgeSync] CHANNEL-SDK: state=disconnected
[2026-09-23T10:01:11.423Z] [pid=1710] [CHANNEL_STATE] phase=disconnected reason=user_close code=-
[2026-09-23T10:01:12.926Z] [pid=1710] [INFO] [EdgeSync] CHANNEL-SDK: [channel-sdk] [ws-transport] disconnected {"code":0,"reason":"disconnect called"}
[2026-09-23T10:01:12.927Z] [pid=1710] [INFO] [EdgeSync] CHANNEL-SDK: handshake starting userId=fdee3d54-95b6-4e9c-aaff-50ad9505aab4 deviceId=4d6cede0-b354-523b-bf1f-9ad4d9ec28d2
[2026-09-23T10:01:12.928Z] [pid=1710] [INFO] [EdgeSync] CHANNEL-CREDS: fetching userId=fdee3d54-95b6-4e9c-aaff-50ad9505aab4 deviceId=4d6cede0-b354-523b-bf1f-9ad4d9ec28d2 deviceName=MacBook Pro (4) extraScopes=[]
[2026-09-23T10:01:12.928Z] [pid=1710] [ERROR] [EdgeSync] CHANNEL-SDK: [channel-sdk] [client] publish failed {"channel":"user:fdee3d54-95b6-4e9c-aaff-50ad9505aab4:devices","scope":"user","transport":"cf-ws","parts":1,"errorCode":"unknown","elapsedMs":1504,"err":"code=11 message=connection closed"}
[2026-09-23T10:01:12.927Z] [pid=1710] [INFO] [EdgeSync] CHANNEL-SDK: [channel-sdk] [handshake] start {"userId":"fdee3d54-95b6-4e9c-aaff-50ad9505aab4","deviceId":"4d6cede0-b354-523b-bf1f-9ad4d9ec28d2","clientType":"desktop"}
[2026-09-23T10:01:15.699Z] [pid=1710] [INFO] [EdgeSync] CHANNEL-SDK: [channel-sdk] [presence] triggering lightweight self-heal {"reason":"ack_stale","staleMs":49928}
[2026-09-23T10:01:15.700Z] [pid=1710] [INFO] [EdgeSync] CHANNEL-SDK: [channel-sdk] [ws-transport] forcing reconnect (dropping possibly half-open socket) 
[2026-09-23T10:01:15.700Z] [pid=1710] [INFO] [EdgeSync] CHANNEL-SDK: [channel-sdk] [ws-transport] disconnected {"code":0,"reason":"disconnect called"}
[2026-09-23T10:01:20.717Z] [pid=1710] [ERROR] [EdgeSync] CHANNEL-SDK: [channel-sdk] [client] publish failed {"channel":"user:fdee3d54-95b6-4e9c-aaff-50ad9505aab4:devices","scope":"user","transport":"cf-ws","parts":1,"errorCode":"unknown","elapsedMs":5002,"err":"code=1 message=timeout"}
[2026-09-23T10:01:22.931Z] [pid=1710] [ERROR] [EdgeSync] CHANNEL-CREDS failed: The operation was aborted due to timeout
[2026-09-23T10:01:22.932Z] [pid=1710] [ERROR] [EdgeSync] CHANNEL-SDK: [channel-sdk] [handshake] fetchCredentials failed {"clientType":"desktop","elapsedMs":10004,"err":"The operation was aborted due to timeout"}
[2026-09-23T10:01:22.932Z] [pid=1710] [ERROR] [EdgeSync] CHANNEL-SDK: handshake failed: The operation was aborted due to timeout
[2026-09-23T10:01:22.933Z] [pid=1710] [WARN] [EdgeSync] WATCHDOG force restart failed: Error: channel-sdk force restart failed
[2026-09-23T10:01:25.701Z] [pid=1710] [INFO] [EdgeSync] CHANNEL-SDK: [channel-sdk] [ws-transport] connect timed out after 10000ms 
[2026-09-23T10:01:25.702Z] [pid=1710] [INFO] [EdgeSync] CHANNEL-SDK: state=disconnected
[2026-09-23T10:01:25.702Z] [pid=1710] [CHANNEL_STATE] phase=disconnected reason=fatal code=-
[2026-09-23T10:01:25.703Z] [pid=1710] [INFO] [EdgeSync] CHANNEL-RECOVERY start reason=sdk-fatal
[2026-09-23T10:01:25.704Z] [pid=1710] [INFO] [EdgeSync] CHANNEL-SDK: [channel-sdk] [ws-transport] disconnected {"code":0,"reason":"disconnect called"}
[2026-09-23T10:01:25.706Z] [pid=1710] [ERROR] [EdgeSync] CHANNEL-SDK: [channel-sdk] [client] publish failed {"channel":"user:fdee3d54-95b6-4e9c-aaff-50ad9505aab4:devices","scope":"user","transport":"cf-ws","parts":1,"errorCode":"unknown","elapsedMs":4,"err":"code=3 message=disconnected"}
[2026-09-23T10:01:25.706Z] [pid=1710] [INFO] [EdgeSync] CHANNEL-SDK: [channel-sdk] [presence] self-heal failed {"reason":"ack_stale","err":"Error: [ws-transport] connect timed out after 10000ms"}
[2026-09-23T10:01:27.208Z] [pid=1710] [INFO] [waitForNetworkOnline] ready after 1504ms (first probe)
[2026-09-23T10:01:27.209Z] [pid=1710] [INFO] [EdgeSync] CHANNEL-RECOVERY network ready=true waitedMs=1504
[2026-09-23T10:01:27.209Z] [pid=1710] [INFO] [EdgeSync] CHANNEL-SDK: handshake starting userId=fdee3d54-95b6-4e9c-aaff-50ad9505aab4 deviceId=4d6cede0-b354-523b-bf1f-9ad4d9ec28d2
[2026-09-23T10:01:27.210Z] [pid=1710] [INFO] [EdgeSync] CHANNEL-CREDS: fetching userId=fdee3d54-95b6-4e9c-aaff-50ad9505aab4 deviceId=4d6cede0-b354-523b-bf1f-9ad4d9ec28d2 deviceName=MacBook Pro (4) extraScopes=[]
[2026-09-23T10:01:27.210Z] [pid=1710] [INFO] [EdgeSync] CHANNEL-SDK: [channel-sdk] [handshake] start {"userId":"fdee3d54-95b6-4e9c-aaff-50ad9505aab4","deviceId":"4d6cede0-b354-523b-bf1f-9ad4d9ec28d2","clientType":"desktop"}
[2026-09-23T10:01:30.701Z] [pid=1710] [INFO] [EdgeSync] CHANNEL-SDK: [channel-sdk] [presence] triggering lightweight self-heal {"reason":"ack_stale","staleMs":64931}
[2026-09-23T10:01:30.702Z] [pid=1710] [INFO] [EdgeSync] CHANNEL-SDK: [channel-sdk] [ws-transport] forcing reconnect (dropping possibly half-open socket) 
[2026-09-23T10:01:33.704Z] [pid=1710] [INFO] [EdgeSync] CHANNEL-SDK: state=reconnecting
[2026-09-23T10:01:33.704Z] [pid=1710] [CHANNEL_STATE] phase=reconnecting reason=- code=-
[2026-09-23T10:01:33.705Z] [pid=1710] [INFO] [EdgeSync] CHANNEL-SDK: [channel-sdk] [supervisor] escalated to reconnecting {"attempt":3,"lastError":"connect called"}
[2026-09-23T10:01:35.714Z] [pid=1710] [ERROR] [EdgeSync] CHANNEL-SDK: [channel-sdk] [client] publish failed {"channel":"user:fdee3d54-95b6-4e9c-aaff-50ad9505aab4:devices","scope":"user","transport":"cf-ws","parts":1,"errorCode":"unknown","elapsedMs":5001,"err":"code=1 message=timeout"}
[2026-09-23T10:01:37.213Z] [pid=1710] [ERROR] [EdgeSync] CHANNEL-CREDS failed: The operation was aborted due to timeout
[2026-09-23T10:01:37.214Z] [pid=1710] [ERROR] [EdgeSync] CHANNEL-SDK: [channel-sdk] [handshake] fetchCredentials failed {"clientType":"desktop","elapsedMs":10004,"err":"The operation was aborted due to timeout"}
[2026-09-23T10:01:37.215Z] [pid=1710] [ERROR] [EdgeSync] CHANNEL-SDK: handshake failed: The operation was aborted due to timeout
[2026-09-23T10:01:37.215Z] [pid=1710] [WARN] [EdgeSync] CHANNEL-RECOVERY attempt=1 failed: channel-sdk handshake failed
[2026-09-23T10:01:39.218Z] [pid=1710] [INFO] [EdgeSync] CHANNEL-SDK: handshake starting userId=fdee3d54-95b6-4e9c-aaff-50ad9505aab4 deviceId=4d6cede0-b354-523b-bf1f-9ad4d9ec28d2
[2026-09-23T10:01:39.219Z] [pid=1710] [INFO] [EdgeSync] CHANNEL-SDK: [channel-sdk] [handshake] start {"userId":"fdee3d54-95b6-4e9c-aaff-50ad9505aab4","deviceId":"4d6cede0-b354-523b-bf1f-9ad4d9ec28d2","clientType":"desktop"}
[2026-09-23T10:01:39.219Z] [pid=1710] [INFO] [EdgeSync] CHANNEL-CREDS: fetching userId=fdee3d54-95b6-4e9c-aaff-50ad9505aab4 deviceId=4d6cede0-b354-523b-bf1f-9ad4d9ec28d2 deviceName=MacBook Pro (4) extraScopes=[]
[2026-09-23T10:01:40.703Z] [pid=1710] [INFO] [EdgeSync] CHANNEL-SDK: [channel-sdk] [ws-transport] connect timed out after 10000ms 
[2026-09-23T10:01:40.704Z] [pid=1710] [INFO] [EdgeSync] CHANNEL-SDK: state=disconnected
[2026-09-23T10:01:40.704Z] [pid=1710] [CHANNEL_STATE] phase=disconnected reason=fatal code=-
[2026-09-23T10:01:40.705Z] [pid=1710] [INFO] [EdgeSync] CHANNEL-SDK: [channel-sdk] [ws-transport] disconnected {"code":0,"reason":"disconnect called"}
[2026-09-23T10:01:40.705Z] [pid=1710] [INFO] [EdgeSync] CHANNEL-SDK: [channel-sdk] [presence] self-heal failed {"reason":"ack_stale","err":"Error: [ws-transport] connect timed out after 10000ms"}
[2026-09-23T10:01:45.707Z] [pid=1710] [INFO] [EdgeSync] CHANNEL-SDK: [channel-sdk] [presence] triggering lightweight self-heal {"reason":"ack_stale","staleMs":79937}
[2026-09-23T10:01:45.708Z] [pid=1710] [INFO] [EdgeSync] CHANNEL-SDK: [channel-sdk] [ws-transport] forcing reconnect (dropping possibly half-open socket) 
[2026-09-23T10:01:45.722Z] [pid=1710] [ERROR] [EdgeSync] CHANNEL-SDK: [channel-sdk] [client] publish failed {"channel":"user:fdee3d54-95b6-4e9c-aaff-50ad9505aab4:devices","scope":"user","transport":"cf-ws","parts":1,"errorCode":"unknown","elapsedMs":5015,"err":"code=1 message=timeout"}
[2026-09-23T10:01:48.710Z] [pid=1710] [INFO] [EdgeSync] CHANNEL-SDK: state=reconnecting
[2026-09-23T10:01:48.710Z] [pid=1710] [CHANNEL_STATE] phase=reconnecting reason=- code=-
[2026-09-23T10:01:48.710Z] [pid=1710] [INFO] [EdgeSync] CHANNEL-SDK: [channel-sdk] [supervisor] escalated to reconnecting {"attempt":4,"lastError":"connect called"}
[2026-09-23T10:01:49.224Z] [pid=1710] [ERROR] [EdgeSync] CHANNEL-CREDS failed: The operation was aborted due to timeout
[2026-09-23T10:01:49.224Z] [pid=1710] [ERROR] [EdgeSync] CHANNEL-SDK: [channel-sdk] [handshake] fetchCredentials failed {"clientType":"desktop","elapsedMs":10005,"err":"The operation was aborted due to timeout"}
[2026-09-23T10:01:49.225Z] [pid=1710] [ERROR] [EdgeSync] CHANNEL-SDK: handshake failed: The operation was aborted due to timeout
[2026-09-23T10:01:49.225Z] [pid=1710] [WARN] [EdgeSync] CHANNEL-RECOVERY attempt=2 failed: channel-sdk handshake failed
[2026-09-23T10:01:52.934Z] [pid=1710] [WATCHDOG_SKIP_COOLDOWN] disconnectedFor=3292810 sinceRestart=41515 hasSdk=false
[2026-09-23T10:01:54.228Z] [pid=1710] [INFO] [EdgeSync] CHANNEL-SDK: handshake starting userId=fdee3d54-95b6-4e9c-aaff-50ad9505aab4 deviceId=4d6cede0-b354-523b-bf1f-9ad4d9ec28d2
[2026-09-23T10:01:54.229Z] [pid=1710] [INFO] [EdgeSync] CHANNEL-SDK: [channel-sdk] [handshake] start {"userId":"fdee3d54-95b6-4e9c-aaff-50ad9505aab4","deviceId":"4d6cede0-b354-523b-bf1f-9ad4d9ec28d2","clientType":"desktop"}
[2026-09-23T10:01:54.229Z] [pid=1710] [INFO] [EdgeSync] CHANNEL-CREDS: fetching userId=fdee3d54-95b6-4e9c-aaff-50ad9505aab4 deviceId=4d6cede0-b354-523b-bf1f-9ad4d9ec28d2 deviceName=MacBook Pro (4) extraScopes=[]
[2026-09-23T10:01:55.709Z] [pid=1710] [INFO] [EdgeSync] CHANNEL-SDK: [channel-sdk] [ws-transport] connect timed out after 10000ms 
[2026-09-23T10:01:55.709Z] [pid=1710] [CHANNEL_STATE] phase=disconnected reason=fatal code=-
[2026-09-23T10:01:55.709Z] [pid=1710] [INFO] [EdgeSync] CHANNEL-SDK: state=disconnected
[2026-09-23T10:01:55.710Z] [pid=1710] [INFO] [EdgeSync] CHANNEL-SDK: [channel-sdk] [ws-transport] disconnected {"code":0,"reason":"disconnect called"}
[2026-09-23T10:01:55.711Z] [pid=1710] [ERROR] [EdgeSync] CHANNEL-SDK: [channel-sdk] [client] publish failed {"channel":"user:fdee3d54-95b6-4e9c-aaff-50ad9505aab4:devices","scope":"user","transport":"cf-ws","parts":1,"errorCode":"unknown","elapsedMs":5001,"err":"code=3 message=disconnected"}
[2026-09-23T10:01:55.711Z] [pid=1710] [INFO] [EdgeSync] CHANNEL-SDK: [channel-sdk] [presence] self-heal failed {"reason":"ack_stale","err":"Error: [ws-transport] connect timed out after 10000ms"}
[2026-09-23T10:02:00.717Z] [pid=1710] [ERROR] [EdgeSync] CHANNEL-SDK: [channel-sdk] [presence] degraded: no heartbeat ack for too long {"channel":"user:fdee3d54-95b6-4e9c-aaff-50ad9505aab4:devices","staleMs":94947,"consecutiveFailures":8,"hint":"lightweight self-heal exhausted; business should rebuild the session"}
[2026-09-23T10:02:00.717Z] [pid=1710] [INFO] [EdgeSync] CHANNEL-SDK: [channel-sdk] [presence] triggering lightweight self-heal {"reason":"ack_stale","staleMs":94948}
[2026-09-23T10:02:00.718Z] [pid=1710] [INFO] [EdgeSync] CHANNEL-SDK: [channel-sdk] [ws-transport] forcing reconnect (dropping possibly half-open socket) 
[2026-09-23T10:02:00.729Z] [pid=1710] [ERROR] [EdgeSync] CHANNEL-SDK: [channel-sdk] [client] publish failed {"channel":"user:fdee3d54-95b6-4e9c-aaff-50ad9505aab4:devices","scope":"user","transport":"cf-ws","parts":1,"errorCode":"unknown","elapsedMs":5013,"err":"code=1 message=timeout"}
[2026-09-23T10:02:03.719Z] [pid=1710] [INFO] [EdgeSync] CHANNEL-SDK: state=reconnecting
[2026-09-23T10:02:03.719Z] [pid=1710] [CHANNEL_STATE] phase=reconnecting reason=- code=-
[2026-09-23T10:02:03.720Z] [pid=1710] [INFO] [EdgeSync] CHANNEL-SDK: [channel-sdk] [supervisor] escalated to reconnecting {"attempt":5,"lastError":"connect called"}
[2026-09-23T10:02:04.232Z] [pid=1710] [ERROR] [EdgeSync] CHANNEL-CREDS failed: The operation was aborted due to timeout
[2026-09-23T10:02:04.233Z] [pid=1710] [ERROR] [EdgeSync] CHANNEL-SDK: handshake failed: The operation was aborted due to timeout
[2026-09-23T10:02:04.233Z] [pid=1710] [ERROR] [EdgeSync] CHANNEL-SDK: [channel-sdk] [handshake] fetchCredentials failed {"clientType":"desktop","elapsedMs":10004,"err":"The operation was aborted due to timeout"}
[2026-09-23T10:02:04.234Z] [pid=1710] [WARN] [EdgeSync] CHANNEL-RECOVERY attempt=3 failed: channel-sdk handshake failed
[2026-09-23T10:02:10.720Z] [pid=1710] [INFO] [EdgeSync] CHANNEL-SDK: [channel-sdk] [ws-transport] connect timed out after 10000ms 
[2026-09-23T10:02:10.722Z] [pid=1710] [INFO] [EdgeSync] CHANNEL-SDK: state=disconnected
[2026-09-23T10:02:10.722Z] [pid=1710] [CHANNEL_STATE] phase=disconnected reason=fatal code=-
[2026-09-23T10:02:10.723Z] [pid=1710] [INFO] [EdgeSync] CHANNEL-SDK: [channel-sdk] [ws-transport] disconnected {"code":0,"reason":"disconnect called"}
[2026-09-23T10:02:10.723Z] [pid=1710] [INFO] [EdgeSync] CHANNEL-SDK: [channel-sdk] [presence] self-heal failed {"reason":"ack_stale","err":"Error: [ws-transport] connect timed out after 10000ms"}
[2026-09-23T10:02:14.236Z] [pid=1710] [INFO] [EdgeSync] CHANNEL-SDK: handshake starting userId=fdee3d54-95b6-4e9c-aaff-50ad9505aab4 deviceId=4d6cede0-b354-523b-bf1f-9ad4d9ec28d2
[2026-09-23T10:02:14.237Z] [pid=1710] [INFO] [EdgeSync] CHANNEL-SDK: [channel-sdk] [handshake] start {"userId":"fdee3d54-95b6-4e9c-aaff-50ad9505aab4","deviceId":"4d6cede0-b354-523b-bf1f-9ad4d9ec28d2","clientType":"desktop"}
[2026-09-23T10:02:14.238Z] [pid=1710] [INFO] [EdgeSync] CHANNEL-CREDS: fetching userId=fdee3d54-95b6-4e9c-aaff-50ad9505aab4 deviceId=4d6cede0-b354-523b-bf1f-9ad4d9ec28d2 deviceName=MacBook Pro (4) extraScopes=[]
[2026-09-23T10:02:15.724Z] [pid=1710] [INFO] [EdgeSync] CHANNEL-SDK: [channel-sdk] [presence] triggering lightweight self-heal {"reason":"ack_stale","staleMs":109954}
[2026-09-23T10:02:15.725Z] [pid=1710] [INFO] [EdgeSync] CHANNEL-SDK: [channel-sdk] [ws-transport] forcing reconnect (dropping possibly half-open socket) 
[2026-09-23T10:02:18.727Z] [pid=1710] [INFO] [EdgeSync] CHANNEL-SDK: state=reconnecting
[2026-09-23T10:02:18.727Z] [pid=1710] [CHANNEL_STATE] phase=reconnecting reason=- code=-
[2026-09-23T10:02:18.728Z] [pid=1710] [INFO] [EdgeSync] CHANNEL-SDK: [channel-sdk] [supervisor] escalated to reconnecting {"attempt":6,"lastError":"connect called"}
[2026-09-23T10:02:20.740Z] [pid=1710] [ERROR] [EdgeSync] CHANNEL-SDK: [channel-sdk] [client] publish failed {"channel":"user:fdee3d54-95b6-4e9c-aaff-50ad9505aab4:devices","scope":"user","transport":"cf-ws","parts":1,"errorCode":"unknown","elapsedMs":5002,"err":"code=1 message=timeout"}
[2026-09-23T10:02:22.936Z] [pid=1710] [WATCHDOG_UNHEALTHY] disconnectedFor=3322812 hasSdk=false currentlyConnected=false hasPending=true
[2026-09-23T10:02:22.937Z] [pid=1710] [INFO] [EdgeSync] CHANNEL-SDK: handshake starting userId=fdee3d54-95b6-4e9c-aaff-50ad9505aab4 deviceId=4d6cede0-b354-523b-bf1f-9ad4d9ec28d2
[2026-09-23T10:02:22.936Z] [pid=1710] [WATCHDOG_FORCE_RESTART] reason=watchdog-unhealthy hadPendingConnect=true
[2026-09-23T10:02:22.937Z] [pid=1710] [WARN] [EdgeSync] WATCHDOG force restart channel-sdk: reason=watchdog-unhealthy
[2026-09-23T10:02:22.938Z] [pid=1710] [INFO] [EdgeSync] CHANNEL-SDK: [channel-sdk] [handshake] start {"userId":"fdee3d54-95b6-4e9c-aaff-50ad9505aab4","deviceId":"4d6cede0-b354-523b-bf1f-9ad4d9ec28d2","clientType":"desktop"}
[2026-09-23T10:02:22.938Z] [pid=1710] [INFO] [EdgeSync] CHANNEL-CREDS: fetching userId=fdee3d54-95b6-4e9c-aaff-50ad9505aab4 deviceId=4d6cede0-b354-523b-bf1f-9ad4d9ec28d2 deviceName=MacBook Pro (4) extraScopes=[]
[2026-09-23T10:02:24.242Z] [pid=1710] [ERROR] [EdgeSync] CHANNEL-CREDS failed: The operation was aborted due to timeout
[2026-09-23T10:02:24.243Z] [pid=1710] [ERROR] [EdgeSync] CHANNEL-SDK: [channel-sdk] [handshake] fetchCredentials failed {"clientType":"desktop","elapsedMs":10006,"err":"The operation was aborted due to timeout"}
[2026-09-23T10:02:24.244Z] [pid=1710] [ERROR] [EdgeSync] CHANNEL-SDK: handshake failed: The operation was aborted due to timeout
[2026-09-23T10:02:24.245Z] [pid=1710] [WARN] [EdgeSync] CHANNEL-RECOVERY attempt=4 failed: channel-sdk handshake failed
[2026-09-23T10:02:25.727Z] [pid=1710] [INFO] [EdgeSync] CHANNEL-SDK: [channel-sdk] [ws-transport] connect timed out after 10000ms 
[2026-09-23T10:02:25.728Z] [pid=1710] [INFO] [EdgeSync] CHANNEL-SDK: state=disconnected
[2026-09-23T10:02:25.728Z] [pid=1710] [CHANNEL_STATE] phase=disconnected reason=fatal code=-
[2026-09-23T10:02:25.730Z] [pid=1710] [INFO] [EdgeSync] CHANNEL-SDK: [channel-sdk] [ws-transport] disconnected {"code":0,"reason":"disconnect called"}
[2026-09-23T10:02:25.731Z] [pid=1710] [INFO] [EdgeSync] CHANNEL-SDK: [channel-sdk] [presence] self-heal failed {"reason":"ack_stale","err":"Error: [ws-transport] connect timed out after 10000ms"}
[2026-09-23T10:02:29.095Z] [pid=1710] [INFO] [EdgeSync] CHANNEL-CREDS urls: apisixPublishUrl=https://www.workbuddy.cn/cf-publish/api/publish cfWsUrl=wss://www.workbuddy.cn/cf-connect/websocket
[2026-09-23T10:02:29.098Z] [pid=1710] [INFO] [EdgeSync] CHANNEL-SDK: [channel-sdk] [handshake] credentials ready {"clientType":"desktop","keyVersion":1,"channels":4,"elapsedMs":6159}
[2026-09-23T10:02:30.734Z] [pid=1710] [INFO] [EdgeSync] CHANNEL-SDK: [channel-sdk] [presence] triggering lightweight self-heal {"reason":"ack_stale","staleMs":124964}
[2026-09-23T10:02:30.734Z] [pid=1710] [INFO] [EdgeSync] CHANNEL-SDK: [channel-sdk] [ws-transport] forcing reconnect (dropping possibly half-open socket) 
[2026-09-23T10:02:33.736Z] [pid=1710] [INFO] [EdgeSync] CHANNEL-SDK: state=reconnecting
[2026-09-23T10:02:33.736Z] [pid=1710] [CHANNEL_STATE] phase=reconnecting reason=- code=-
[2026-09-23T10:02:33.736Z] [pid=1710] [INFO] [EdgeSync] CHANNEL-SDK: [channel-sdk] [supervisor] escalated to reconnecting {"attempt":7,"lastError":"connect called"}
[2026-09-23T10:02:39.099Z] [pid=1710] [INFO] [EdgeSync] CHANNEL-SDK: [channel-sdk] [ws-transport] connect timed out after 10000ms 
[2026-09-23T10:02:39.099Z] [pid=1710] [INFO] [EdgeSync] CHANNEL-SDK: [channel-sdk] [ws-transport] disconnected {"code":0,"reason":"disconnect called"}
[2026-09-23T10:02:39.101Z] [pid=1710] [ERROR] [EdgeSync] CHANNEL-SDK: [channel-sdk] [handshake] CF WS connect failed {"clientType":"desktop","transport":"ws","elapsedMs":10002,"err":"[ws-transport] connect timed out after 10000ms"}
[2026-09-23T10:02:39.102Z] [pid=1710] [ERROR] [EdgeSync] CHANNEL-SDK: handshake failed: [handshake] CF WS connection failed: [ws-transport] connect timed out after 10000ms
[2026-09-23T10:02:39.102Z] [pid=1710] [WARN] [EdgeSync] WATCHDOG force restart failed: Error: channel-sdk force restart failed
[2026-09-23T10:02:40.736Z] [pid=1710] [INFO] [EdgeSync] CHANNEL-SDK: [channel-sdk] [ws-transport] connect timed out after 10000ms 
[2026-09-23T10:02:40.737Z] [pid=1710] [INFO] [EdgeSync] CHANNEL-SDK: state=disconnected
[2026-09-23T10:02:40.737Z] [pid=1710] [CHANNEL_STATE] phase=disconnected reason=fatal code=-
[2026-09-23T10:02:40.737Z] [pid=1710] [INFO] [EdgeSync] CHANNEL-SDK: [channel-sdk] [ws-transport] disconnected {"code":0,"reason":"disconnect called"}
[2026-09-23T10:02:40.738Z] [pid=1710] [ERROR] [EdgeSync] CHANNEL-SDK: [channel-sdk] [client] publish failed {"channel":"user:fdee3d54-95b6-4e9c-aaff-50ad9505aab4:devices","scope":"user","transport":"cf-ws","parts":1,"errorCode":"unknown","elapsedMs":5003,"err":"code=3 message=disconnected"}
[2026-09-23T10:02:40.738Z] [pid=1710] [INFO] [EdgeSync] CHANNEL-SDK: [channel-sdk] [presence] self-heal failed {"reason":"ack_stale","err":"Error: [ws-transport] connect timed out after 10000ms"}
[2026-09-23T10:02:45.741Z] [pid=1710] [INFO] [EdgeSync] CHANNEL-SDK: [channel-sdk] [presence] triggering lightweight self-heal {"reason":"ack_stale","staleMs":139970}
[2026-09-23T10:02:45.741Z] [pid=1710] [INFO] [EdgeSync] CHANNEL-SDK: [channel-sdk] [ws-transport] forcing reconnect (dropping possibly half-open socket) 
[2026-09-23T10:02:48.744Z] [pid=1710] [INFO] [EdgeSync] CHANNEL-SDK: state=reconnecting
[2026-09-23T10:02:48.744Z] [pid=1710] [CHANNEL_STATE] phase=reconnecting reason=- code=-
[2026-09-23T10:02:48.744Z] [pid=1710] [INFO] [EdgeSync] CHANNEL-SDK: [channel-sdk] [supervisor] escalated to reconnecting {"attempt":8,"lastError":"connect called"}
[2026-09-23T10:02:54.248Z] [pid=1710] [INFO] [EdgeSync] CHANNEL-SDK: handshake starting userId=fdee3d54-95b6-4e9c-aaff-50ad9505aab4 deviceId=4d6cede0-b354-523b-bf1f-9ad4d9ec28d2
[2026-09-23T10:02:54.248Z] [pid=1710] [INFO] [EdgeSync] CHANNEL-SDK: [channel-sdk] [handshake] start {"userId":"fdee3d54-95b6-4e9c-aaff-50ad9505aab4","deviceId":"4d6cede0-b354-523b-bf1f-9ad4d9ec28d2","clientType":"desktop"}
[2026-09-23T10:02:54.249Z] [pid=1710] [INFO] [EdgeSync] CHANNEL-CREDS: fetching userId=fdee3d54-95b6-4e9c-aaff-50ad9505aab4 deviceId=4d6cede0-b354-523b-bf1f-9ad4d9ec28d2 deviceName=MacBook Pro (4) extraScopes=[]
[2026-09-23T10:02:55.743Z] [pid=1710] [INFO] [EdgeSync] CHANNEL-SDK: [channel-sdk] [ws-transport] connect timed out after 10000ms 
[2026-09-23T10:02:55.743Z] [pid=1710] [INFO] [EdgeSync] CHANNEL-SDK: state=disconnected
[2026-09-23T10:02:55.743Z] [pid=1710] [CHANNEL_STATE] phase=disconnected reason=fatal code=-
[2026-09-23T10:02:55.744Z] [pid=1710] [INFO] [EdgeSync] CHANNEL-SDK: [channel-sdk] [ws-transport] disconnected {"code":0,"reason":"disconnect called"}
[2026-09-23T10:02:55.744Z] [pid=1710] [INFO] [EdgeSync] CHANNEL-SDK: [channel-sdk] [presence] self-heal failed {"reason":"ack_stale","err":"Error: [ws-transport] connect timed out after 10000ms"}
[2026-09-23T10:03:00.744Z] [pid=1710] [ERROR] [EdgeSync] CHANNEL-SDK: [channel-sdk] [presence] degraded: no heartbeat ack for too long {"channel":"user:fdee3d54-95b6-4e9c-aaff-50ad9505aab4:devices","staleMs":154974,"consecutiveFailures":11,"hint":"lightweight self-heal exhausted; business should rebuild the session"}
[2026-09-23T10:03:00.745Z] [pid=1710] [INFO] [EdgeSync] CHANNEL-SDK: [channel-sdk] [presence] triggering lightweight self-heal {"reason":"ack_stale","staleMs":154975}
[2026-09-23T10:03:00.745Z] [pid=1710] [INFO] [EdgeSync] CHANNEL-SDK: [channel-sdk] [ws-transport] forcing reconnect (dropping possibly half-open socket) 
[2026-09-23T10:03:00.758Z] [pid=1710] [ERROR] [EdgeSync] CHANNEL-SDK: [channel-sdk] [client] publish failed {"channel":"user:fdee3d54-95b6-4e9c-aaff-50ad9505aab4:devices","scope":"user","transport":"cf-ws","parts":1,"errorCode":"unknown","elapsedMs":5013,"err":"code=1 message=timeout"}
[2026-09-23T10:03:03.747Z] [pid=1710] [INFO] [EdgeSync] CHANNEL-SDK: state=reconnecting
[2026-09-23T10:03:03.747Z] [pid=1710] [CHANNEL_STATE] phase=reconnecting reason=- code=-
[2026-09-23T10:03:03.748Z] [pid=1710] [INFO] [EdgeSync] CHANNEL-SDK: [channel-sdk] [supervisor] escalated to reconnecting {"attempt":9,"lastError":"connect called"}
[2026-09-23T10:03:04.252Z] [pid=1710] [ERROR] [EdgeSync] CHANNEL-CREDS failed: The operation was aborted due to timeout
[2026-09-23T10:03:04.253Z] [pid=1710] [ERROR] [EdgeSync] CHANNEL-SDK: [channel-sdk] [handshake] fetchCredentials failed {"clientType":"desktop","elapsedMs":10005,"err":"The operation was aborted due to timeout"}
[2026-09-23T10:03:04.254Z] [pid=1710] [ERROR] [EdgeSync] CHANNEL-SDK: handshake failed: The operation was aborted due to timeout
[2026-09-23T10:03:04.255Z] [pid=1710] [WARN] [EdgeSync] CHANNEL-RECOVERY attempt=5 failed: channel-sdk handshake failed
[2026-09-23T10:03:04.257Z] [pid=1710] [WARN] [EdgeSync] CHANNEL-RECOVERY exhausted: Error: channel-sdk handshake failed
[2026-09-23T10:03:04.257Z] [pid=1710] [WARN] [EdgeSync] CHANNEL-RECOVERY exhausted: Error: channel-sdk handshake failed
[2026-09-23T10:03:04.257Z] [pid=1710] [WARN] [EdgeSync] CHANNEL-RECOVERY exhausted: Error: channel-sdk handshake failed
[2026-09-23T10:03:04.257Z] [pid=1710] [WARN] [EdgeSync] CHANNEL-RECOVERY exhausted: Error: channel-sdk handshake failed
[2026-09-23T10:03:04.258Z] [pid=1710] [WARN] [EdgeSync] CHANNEL-RECOVERY exhausted: Error: channel-sdk handshake failed
[2026-09-23T10:03:04.258Z] [pid=1710] [WARN] [EdgeSync] CHANNEL-RECOVERY exhausted: Error: channel-sdk handshake failed
[2026-09-23T10:03:04.258Z] [pid=1710] [WARN] [EdgeSync] CHANNEL-RECOVERY exhausted: Error: channel-sdk handshake failed
[2026-09-23T10:03:09.104Z] [pid=1710] [WATCHDOG_SKIP_COOLDOWN] disconnectedFor=3368980 sinceRestart=46168 hasSdk=false
[2026-09-23T10:03:10.747Z] [pid=1710] [INFO] [EdgeSync] CHANNEL-SDK: [channel-sdk] [ws-transport] connect timed out after 10000ms 
[2026-09-23T10:03:10.748Z] [pid=1710] [INFO] [EdgeSync] CHANNEL-SDK: state=disconnected
[2026-09-23T10:03:10.748Z] [pid=1710] [CHANNEL_STATE] phase=disconnected reason=fatal code=-
[2026-09-23T10:03:10.748Z] [pid=1710] [INFO] [EdgeSync] CHANNEL-RECOVERY start reason=sdk-fatal
[2026-09-23T10:03:10.749Z] [pid=1710] [INFO] [EdgeSync] CHANNEL-SDK: [channel-sdk] [ws-transport] disconnected {"code":0,"reason":"disconnect called"}
[2026-09-23T10:03:10.749Z] [pid=1710] [INFO] [EdgeSync] CHANNEL-SDK: [channel-sdk] [presence] self-heal failed {"reason":"ack_stale","err":"Error: [ws-transport] connect timed out after 10000ms"}
[2026-09-23T10:03:12.253Z] [pid=1710] [INFO] [waitForNetworkOnline] ready after 1504ms (first probe)
[2026-09-23T10:03:12.254Z] [pid=1710] [INFO] [EdgeSync] CHANNEL-RECOVERY network ready=true waitedMs=1504
[2026-09-23T10:03:12.258Z] [pid=1710] [INFO] [EdgeSync] CHANNEL-SDK: [channel-sdk] [handshake] start {"userId":"fdee3d54-95b6-4e9c-aaff-50ad9505aab4","deviceId":"4d6cede0-b354-523b-bf1f-9ad4d9ec28d2","clientType":"desktop"}
[2026-09-23T10:03:12.258Z] [pid=1710] [INFO] [EdgeSync] CHANNEL-CREDS: fetching userId=fdee3d54-95b6-4e9c-aaff-50ad9505aab4 deviceId=4d6cede0-b354-523b-bf1f-9ad4d9ec28d2 deviceName=MacBook Pro (4) extraScopes=[]
[2026-09-23T10:03:12.257Z] [pid=1710] [INFO] [EdgeSync] CHANNEL-SDK: handshake starting userId=fdee3d54-95b6-4e9c-aaff-50ad9505aab4 deviceId=4d6cede0-b354-523b-bf1f-9ad4d9ec28d2
[2026-09-23T10:03:15.747Z] [pid=1710] [INFO] [EdgeSync] CHANNEL-SDK: [channel-sdk] [presence] triggering lightweight self-heal {"reason":"ack_stale","staleMs":169977}
[2026-09-23T10:03:15.748Z] [pid=1710] [INFO] [EdgeSync] CHANNEL-SDK: [channel-sdk] [ws-transport] forcing reconnect (dropping possibly half-open socket) 
[2026-09-23T10:03:16.417Z] [pid=1710] [INFO] [EdgeSync] CHANNEL-CREDS urls: apisixPublishUrl=https://www.workbuddy.cn/cf-publish/api/publish cfWsUrl=wss://www.workbuddy.cn/cf-connect/websocket
[2026-09-23T10:03:16.418Z] [pid=1710] [INFO] [EdgeSync] CHANNEL-SDK: [channel-sdk] [handshake] credentials ready {"clientType":"desktop","keyVersion":1,"channels":4,"elapsedMs":4160}
[2026-09-23T10:03:18.751Z] [pid=1710] [INFO] [EdgeSync] CHANNEL-SDK: state=reconnecting
[2026-09-23T10:03:18.751Z] [pid=1710] [CHANNEL_STATE] phase=reconnecting reason=- code=-
[2026-09-23T10:03:18.752Z] [pid=1710] [INFO] [EdgeSync] CHANNEL-SDK: [channel-sdk] [supervisor] escalated to reconnecting {"attempt":10,"lastError":"connect called"}
[2026-09-23T10:03:20.764Z] [pid=1710] [ERROR] [EdgeSync] CHANNEL-SDK: [channel-sdk] [client] publish failed {"channel":"user:fdee3d54-95b6-4e9c-aaff-50ad9505aab4:devices","scope":"user","transport":"cf-ws","parts":1,"errorCode":"unknown","elapsedMs":5013,"err":"code=1 message=timeout"}
[2026-09-23T10:03:25.749Z] [pid=1710] [INFO] [EdgeSync] CHANNEL-SDK: [channel-sdk] [ws-transport] connect timed out after 10000ms 
[2026-09-23T10:03:25.750Z] [pid=1710] [CHANNEL_STATE] phase=disconnected reason=fatal code=-
[2026-09-23T10:03:25.750Z] [pid=1710] [INFO] [EdgeSync] CHANNEL-SDK: state=disconnected
[2026-09-23T10:03:25.750Z] [pid=1710] [INFO] [EdgeSync] CHANNEL-SDK: [channel-sdk] [ws-transport] disconnected {"code":0,"reason":"disconnect called"}
[2026-09-23T10:03:25.751Z] [pid=1710] [INFO] [EdgeSync] CHANNEL-SDK: [channel-sdk] [presence] self-heal failed {"reason":"ack_stale","err":"Error: [ws-transport] connect timed out after 10000ms"}
[2026-09-23T10:03:26.421Z] [pid=1710] [INFO] [EdgeSync] CHANNEL-SDK: [channel-sdk] [ws-transport] connect timed out after 10000ms 
[2026-09-23T10:03:26.423Z] [pid=1710] [INFO] [EdgeSync] CHANNEL-SDK: [channel-sdk] [ws-transport] disconnected {"code":0,"reason":"disconnect called"}
[2026-09-23T10:03:26.423Z] [pid=1710] [ERROR] [EdgeSync] CHANNEL-SDK: [channel-sdk] [handshake] CF WS connect failed {"clientType":"desktop","transport":"ws","elapsedMs":10005,"err":"[ws-transport] connect timed out after 10000ms"}
[2026-09-23T10:03:26.424Z] [pid=1710] [ERROR] [EdgeSync] CHANNEL-SDK: handshake failed: [handshake] CF WS connection failed: [ws-transport] connect timed out after 10000ms
[2026-09-23T10:03:26.424Z] [pid=1710] [WARN] [EdgeSync] CHANNEL-RECOVERY attempt=1 failed: channel-sdk handshake failed
[2026-09-23T10:03:28.425Z] [pid=1710] [INFO] [EdgeSync] CHANNEL-SDK: handshake starting userId=fdee3d54-95b6-4e9c-aaff-50ad9505aab4 deviceId=4d6cede0-b354-523b-bf1f-9ad4d9ec28d2
[2026-09-23T10:03:28.426Z] [pid=1710] [INFO] [EdgeSync] CHANNEL-SDK: [channel-sdk] [handshake] start {"userId":"fdee3d54-95b6-4e9c-aaff-50ad9505aab4","deviceId":"4d6cede0-b354-523b-bf1f-9ad4d9ec28d2","clientType":"desktop"}
[2026-09-23T10:03:28.427Z] [pid=1710] [INFO] [EdgeSync] CHANNEL-CREDS: fetching userId=fdee3d54-95b6-4e9c-aaff-50ad9505aab4 deviceId=4d6cede0-b354-523b-bf1f-9ad4d9ec28d2 deviceName=MacBook Pro (4) extraScopes=[]
[2026-09-23T10:03:29.195Z] [pid=1710] [INFO] [EdgeSync] CHANNEL-CREDS urls: apisixPublishUrl=https://www.workbuddy.cn/cf-publish/api/publish cfWsUrl=wss://www.workbuddy.cn/cf-connect/websocket
[2026-09-23T10:03:29.196Z] [pid=1710] [INFO] [EdgeSync] CHANNEL-SDK: [channel-sdk] [handshake] credentials ready {"clientType":"desktop","keyVersion":1,"channels":4,"elapsedMs":769}
[2026-09-23T10:03:30.755Z] [pid=1710] [INFO] [EdgeSync] CHANNEL-SDK: [channel-sdk] [presence] triggering lightweight self-heal {"reason":"ack_stale","staleMs":184984}
[2026-09-23T10:03:30.756Z] [pid=1710] [INFO] [EdgeSync] CHANNEL-SDK: [channel-sdk] [ws-transport] forcing reconnect (dropping possibly half-open socket) 
[2026-09-23T10:03:31.030Z] [pid=1710] [INFO] [EdgeSync] CHANNEL-SDK: [channel-sdk] [ws-transport] connected {"client":"2f48a678-44d4-45f3-855e-7d91deb47d20"}
[2026-09-23T10:03:31.032Z] [pid=1710] [INFO] [EdgeSync] CHANNEL-SDK: state=connected
[2026-09-23T10:03:31.032Z] [pid=1710] [CHANNEL_STATE] phase=connected reason=- code=-
[2026-09-23T10:03:31.039Z] [pid=1710] [INFO] [EdgeSync] CHANNEL-SDK: [channel-sdk] [handshake] completed {"clientType":"desktop","transport":"ws","keyVersion":1,"capabilities":{"acp":false,"outbox":true,"presence":true},"credentialsMs":769,"connectMs":1836,"totalMs":2612}
[2026-09-23T10:03:31.041Z] [pid=1710] [INFO] [EdgeSync] CHANNEL-SDK: handshake OK
[2026-09-23T10:03:31.042Z] [pid=1710] [INFO] [EdgeSync] §5 LISTENING channel=executor:4d6cede0-b354-523b-bf1f-9ad4d9ec28d2 handlers=session.create,session.stop,prompt.submit,session.set_mode,session.get_mode,session.set_model,session.get_model,session.set_permission_mode,session.get_permission_mode,tool.answer,tool.cancel,permission.resolve,get_page,get_automations,get_task_artifacts,get_artifact,get_models,get_session_config,get_skills
[2026-09-23T10:03:31.042Z] [pid=1710] [LISTENING] channel=executor:4d6cede0-b354-523b-bf1f-9ad4d9ec28d2
[2026-09-23T10:03:31.043Z] [pid=1710] [INFO] [EdgeSync] §5 listening on executor:4d6cede0-b354-523b-bf1f-9ad4d9ec28d2
[2026-09-23T10:03:31.043Z] [pid=1710] [INFO] [EdgeSync] CHANNEL-RECOVERY success reason=sdk-fatal attempt=2 elapsedMs=20295
[2026-09-23T10:03:31.043Z] [pid=1710] [DEVICE_ONLINE_SEND] channel=user:fdee3d54-95b6-4e9c-aaff-50ad9505aab4:devices deviceId=4d6cede0-b354-523b-bf1f-9ad4d9ec28d2 hostname=MacBook Pro (4) deviceName=MacBook Pro (4) displayName=MacBook Pro (4) appVersion=5.3.14
[2026-09-23T10:03:31.338Z] [pid=1710] [DEVICE_ONLINE_OK] channel=user:fdee3d54-95b6-4e9c-aaff-50ad9505aab4:devices
[2026-09-23T10:03:31.500Z] [pid=1710] [INFO] [EdgeSync] CHANNEL-SDK: [channel-sdk] [ws-transport] connected {"client":"8eb4276c-54fe-414a-a04e-e4a6881cc8cc"}
[2026-09-23T10:03:31.502Z] [pid=1710] [INFO] [EdgeSync] CHANNEL-SDK: [channel-sdk] [supervisor] recovered online {"outcome":"grace_recovered"}
[2026-09-23T10:03:31.503Z] [pid=1710] [INFO] [EdgeSync] CHANNEL-SDK: state=connected
[2026-09-23T10:03:31.503Z] [pid=1710] [CHANNEL_STATE] phase=connected reason=- code=-
[2026-09-23T10:03:31.503Z] [pid=1710] [DEVICE_ONLINE_SEND] channel=user:fdee3d54-95b6-4e9c-aaff-50ad9505aab4:devices deviceId=4d6cede0-b354-523b-bf1f-9ad4d9ec28d2 hostname=MacBook Pro (4) deviceName=MacBook Pro (4) displayName=MacBook Pro (4) appVersion=5.3.14
[2026-09-23T10:03:31.504Z] [pid=1710] [INFO] [EdgeSync] CHANNEL-SDK: [channel-sdk] [client] flushing outbox on recovered online {"pending":0}
[2026-09-23T10:03:31.506Z] [pid=1710] [INFO] [EdgeSync] CHANNEL-SDK: [channel-sdk] [client] self-heal reconnect done {"reason":"ack_stale"}
[2026-09-23T10:03:31.548Z] [pid=1710] [DEVICE_ONLINE_OK] channel=user:fdee3d54-95b6-4e9c-aaff-50ad9505aab4:devices
[2026-09-23T10:03:35.807Z] [pid=1710] [INFO] [EdgeSync] CHANNEL-SDK: [channel-sdk] [presence] heartbeat recovered {"channel":"user:fdee3d54-95b6-4e9c-aaff-50ad9505aab4:devices","source":"echo","afterFailures":13}
[2026-09-23T10:03:49.404Z] [pid=1710] [INFO] [EdgeSync] CHANNEL-SDK: [channel-sdk] [presence] timer drift detected {"driftMs":8516,"expectedAtMs":1790157820756,"firedAtMs":1790157829272,"frozen":false}
[2026-09-23T10:03:49.406Z] [pid=1710] [INFO] [EdgeSync] CHANNEL-SDK: [channel-sdk] [presence] timer drift detected {"driftMs":8368,"expectedAtMs":1790157821036,"firedAtMs":1790157829404,"frozen":false}
[2026-09-23T10:20:31.710Z] [pid=1710] [INFO] [EdgeSync] CHANNEL-SDK: [channel-sdk] [presence] timer drift detected {"driftMs":952174,"expectedAtMs":1790157879414,"firedAtMs":1790158831588,"frozen":true}
[2026-09-23T10:20:31.724Z] [pid=1710] [ERROR] [EdgeSync] CHANNEL-SDK: [channel-sdk] [presence] degraded: no heartbeat ack for too long {"channel":"user:fdee3d54-95b6-4e9c-aaff-50ad9505aab4:devices","staleMs":962003,"consecutiveFailures":0,"hint":"lightweight self-heal exhausted; business should rebuild the session"}
[2026-09-23T10:20:31.726Z] [pid=1710] [INFO] [EdgeSync] CHANNEL-SDK: [channel-sdk] [presence] triggering lightweight self-heal {"reason":"frozen","staleMs":962139}
[2026-09-23T10:20:31.733Z] [pid=1710] [INFO] [EdgeSync] CHANNEL-SDK: [channel-sdk] [ws-transport] forcing reconnect (dropping possibly half-open socket) 
[2026-09-23T10:20:31.735Z] [pid=1710] [INFO] [EdgeSync] CHANNEL-SDK: [channel-sdk] [ws-transport] disconnected {"code":0,"reason":"disconnect called"}
[2026-09-23T10:20:31.736Z] [pid=1710] [INFO] [EdgeSync] CHANNEL-SDK: [channel-sdk] [presence] timer drift detected {"driftMs":952321,"expectedAtMs":1790157879414,"firedAtMs":1790158831735,"frozen":true}
[2026-09-23T10:20:31.738Z] [pid=1710] [ERROR] [EdgeSync] CHANNEL-SDK: [channel-sdk] [presence] degraded: no heartbeat ack for too long {"channel":"user:fdee3d54-95b6-4e9c-aaff-50ad9505aab4:devices","staleMs":962288,"consecutiveFailures":0,"hint":"lightweight self-heal exhausted; business should rebuild the session"}
[2026-09-23T10:20:31.739Z] [pid=1710] [INFO] [EdgeSync] CHANNEL-SDK: [channel-sdk] [presence] triggering lightweight self-heal {"reason":"frozen","staleMs":962291}
[2026-09-23T10:20:31.739Z] [pid=1710] [INFO] [EdgeSync] CHANNEL-SDK: [channel-sdk] [ws-transport] forcing reconnect (dropping possibly half-open socket) 
[2026-09-23T10:20:31.740Z] [pid=1710] [INFO] [EdgeSync] CHANNEL-SDK: [channel-sdk] [ws-transport] disconnected {"code":0,"reason":"disconnect called"}
[2026-09-23T10:20:31.767Z] [pid=1710] [INFO] [EdgeSync] CHANNEL-CREDS: fetching userId=fdee3d54-95b6-4e9c-aaff-50ad9505aab4 deviceId=4d6cede0-b354-523b-bf1f-9ad4d9ec28d2 deviceName=MacBook Pro (4) extraScopes=[]
[2026-09-23T10:20:31.768Z] [pid=1710] [INFO] [EdgeSync] CHANNEL-CREDS: fetching userId=fdee3d54-95b6-4e9c-aaff-50ad9505aab4 deviceId=4d6cede0-b354-523b-bf1f-9ad4d9ec28d2 deviceName=MacBook Pro (4) extraScopes=[]
[2026-09-23T10:20:32.402Z] [pid=1710] [INFO] [EdgeSync] CHANNEL-SDK: [channel-sdk] [ws-transport] connected {"client":"3ac27a34-e068-43ca-8bbc-743875dd0abd"}
[2026-09-23T10:20:32.402Z] [pid=1710] [INFO] [EdgeSync] CHANNEL-SDK: [channel-sdk] [supervisor] recovered online {"outcome":"grace_recovered"}
[2026-09-23T10:20:32.403Z] [pid=1710] [INFO] [EdgeSync] CHANNEL-SDK: [channel-sdk] [client] flushing outbox on recovered online {"pending":0}
[2026-09-23T10:20:32.403Z] [pid=1710] [INFO] [EdgeSync] CHANNEL-SDK: [channel-sdk] [client] self-heal reconnect done {"reason":"frozen"}
[2026-09-23T10:20:32.443Z] [pid=1710] [INFO] [EdgeSync] CHANNEL-SDK: [channel-sdk] [ws-transport] connected {"client":"37adf248-efce-4d7a-8676-ef42ae5381e6"}
[2026-09-23T10:20:32.444Z] [pid=1710] [INFO] [EdgeSync] CHANNEL-SDK: [channel-sdk] [supervisor] recovered online {"outcome":"grace_recovered"}
[2026-09-23T10:20:32.445Z] [pid=1710] [INFO] [EdgeSync] CHANNEL-SDK: [channel-sdk] [client] flushing outbox on recovered online {"pending":0}
[2026-09-23T10:20:32.449Z] [pid=1710] [INFO] [EdgeSync] CHANNEL-SDK: [channel-sdk] [client] self-heal reconnect done {"reason":"frozen"}
[2026-09-23T10:20:32.451Z] [pid=1710] [INFO] [EdgeSync] CHANNEL-SDK: [channel-sdk] [handshake] token renewed via credManager {"keyVersion":1}
[2026-09-23T10:20:32.450Z] [pid=1710] [INFO] [EdgeSync] CHANNEL-CREDS urls: apisixPublishUrl=https://www.workbuddy.cn/cf-publish/api/publish cfWsUrl=wss://www.workbuddy.cn/cf-connect/websocket
[2026-09-23T10:20:32.588Z] [pid=1710] [INFO] [EdgeSync] CHANNEL-CREDS urls: apisixPublishUrl=https://www.workbuddy.cn/cf-publish/api/publish cfWsUrl=wss://www.workbuddy.cn/cf-connect/websocket
[2026-09-23T10:20:32.589Z] [pid=1710] [INFO] [EdgeSync] CHANNEL-SDK: [channel-sdk] [handshake] token renewed via credManager {"keyVersion":1}
[2026-09-23T10:39:53.747Z] [pid=1710] [INFO] [EdgeSync] CHANNEL-SDK: [channel-sdk] [presence] timer drift detected {"driftMs":976819,"expectedAtMs":1790159016803,"firedAtMs":1790159993622,"frozen":true}
[2026-09-23T10:39:53.750Z] [pid=1710] [ERROR] [EdgeSync] CHANNEL-SDK: [channel-sdk] [presence] degraded: no heartbeat ack for too long {"channel":"user:fdee3d54-95b6-4e9c-aaff-50ad9505aab4:devices","staleMs":981704,"consecutiveFailures":0,"hint":"lightweight self-heal exhausted; business should rebuild the session"}
[2026-09-23T10:39:53.755Z] [pid=1710] [INFO] [EdgeSync] CHANNEL-SDK: [channel-sdk] [presence] triggering lightweight self-heal {"reason":"frozen","staleMs":981832}
[2026-09-23T10:39:53.757Z] [pid=1710] [INFO] [EdgeSync] CHANNEL-SDK: [channel-sdk] [ws-transport] forcing reconnect (dropping possibly half-open socket) 
[2026-09-23T10:39:53.757Z] [pid=1710] [INFO] [EdgeSync] CHANNEL-SDK: [channel-sdk] [ws-transport] disconnected {"code":0,"reason":"disconnect called"}
[2026-09-23T10:39:53.758Z] [pid=1710] [INFO] [EdgeSync] CHANNEL-SDK: [channel-sdk] [presence] timer drift detected {"driftMs":976955,"expectedAtMs":1790159016803,"firedAtMs":1790159993758,"frozen":true}
[2026-09-23T10:39:53.758Z] [pid=1710] [ERROR] [EdgeSync] CHANNEL-SDK: [channel-sdk] [presence] degraded: no heartbeat ack for too long {"channel":"user:fdee3d54-95b6-4e9c-aaff-50ad9505aab4:devices","staleMs":981835,"consecutiveFailures":0,"hint":"lightweight self-heal exhausted; business should rebuild the session"}
[2026-09-23T10:39:53.759Z] [pid=1710] [INFO] [EdgeSync] CHANNEL-SDK: [channel-sdk] [presence] triggering lightweight self-heal {"reason":"frozen","staleMs":981835}
[2026-09-23T10:39:53.760Z] [pid=1710] [INFO] [EdgeSync] CHANNEL-SDK: [channel-sdk] [ws-transport] forcing reconnect (dropping possibly half-open socket) 
[2026-09-23T10:39:53.760Z] [pid=1710] [INFO] [EdgeSync] CHANNEL-SDK: [channel-sdk] [ws-transport] disconnected {"code":0,"reason":"disconnect called"}
[2026-09-23T10:39:53.773Z] [pid=1710] [INFO] [EdgeSync] CHANNEL-CREDS: fetching userId=fdee3d54-95b6-4e9c-aaff-50ad9505aab4 deviceId=4d6cede0-b354-523b-bf1f-9ad4d9ec28d2 deviceName=MacBook Pro (4) extraScopes=[]
[2026-09-23T10:39:53.788Z] [pid=1710] [INFO] [EdgeSync] CHANNEL-CREDS: fetching userId=fdee3d54-95b6-4e9c-aaff-50ad9505aab4 deviceId=4d6cede0-b354-523b-bf1f-9ad4d9ec28d2 deviceName=MacBook Pro (4) extraScopes=[]
[2026-09-23T10:39:54.519Z] [pid=1710] [INFO] [EdgeSync] CHANNEL-CREDS urls: apisixPublishUrl=https://www.workbuddy.cn/cf-publish/api/publish cfWsUrl=wss://www.workbuddy.cn/cf-connect/websocket
[2026-09-23T10:39:54.521Z] [pid=1710] [INFO] [EdgeSync] CHANNEL-SDK: [channel-sdk] [handshake] token renewed via credManager {"keyVersion":1}
[2026-09-23T10:39:54.622Z] [pid=1710] [INFO] [EdgeSync] CHANNEL-SDK: [channel-sdk] [ws-transport] connected {"client":"ceb79644-69e3-4ad1-802b-bd4b1bee99e4"}
[2026-09-23T10:39:54.623Z] [pid=1710] [INFO] [EdgeSync] CHANNEL-SDK: [channel-sdk] [supervisor] recovered online {"outcome":"grace_recovered"}
[2026-09-23T10:39:54.623Z] [pid=1710] [INFO] [EdgeSync] CHANNEL-SDK: [channel-sdk] [client] flushing outbox on recovered online {"pending":0}
[2026-09-23T10:39:54.625Z] [pid=1710] [INFO] [EdgeSync] CHANNEL-SDK: [channel-sdk] [client] self-heal reconnect done {"reason":"frozen"}
[2026-09-23T10:39:54.662Z] [pid=1710] [INFO] [EdgeSync] CHANNEL-SDK: [channel-sdk] [ws-transport] connected {"client":"2e1f864d-153a-489b-ac21-4f1583bd4c62"}
[2026-09-23T10:39:54.662Z] [pid=1710] [INFO] [EdgeSync] CHANNEL-SDK: [channel-sdk] [supervisor] recovered online {"outcome":"grace_recovered"}
[2026-09-23T10:39:54.663Z] [pid=1710] [INFO] [EdgeSync] CHANNEL-SDK: [channel-sdk] [client] flushing outbox on recovered online {"pending":0}
[2026-09-23T10:39:54.663Z] [pid=1710] [INFO] [EdgeSync] CHANNEL-SDK: [channel-sdk] [client] self-heal reconnect done {"reason":"frozen"}
[2026-09-23T10:39:54.782Z] [pid=1710] [INFO] [EdgeSync] CHANNEL-CREDS urls: apisixPublishUrl=https://www.workbuddy.cn/cf-publish/api/publish cfWsUrl=wss://www.workbuddy.cn/cf-connect/websocket
[2026-09-23T10:39:54.784Z] [pid=1710] [INFO] [EdgeSync] CHANNEL-SDK: [channel-sdk] [handshake] token renewed via credManager {"keyVersion":1}
[2026-09-23T10:40:13.748Z] [pid=1710] [INFO] [EdgeSync] CHANNEL-SDK: [channel-sdk] [presence] triggering lightweight self-heal {"reason":"ack_stale","staleMs":1001829}
[2026-09-23T10:40:13.749Z] [pid=1710] [INFO] [EdgeSync] CHANNEL-SDK: [channel-sdk] [ws-transport] forcing reconnect (dropping possibly half-open socket) 
[2026-09-23T10:40:13.749Z] [pid=1710] [INFO] [EdgeSync] CHANNEL-SDK: [channel-sdk] [ws-transport] disconnected {"code":0,"reason":"disconnect called"}
[2026-09-23T10:40:13.761Z] [pid=1710] [INFO] [EdgeSync] CHANNEL-SDK: [channel-sdk] [presence] triggering lightweight self-heal {"reason":"ack_stale","staleMs":1001837}
[2026-09-23T10:40:13.761Z] [pid=1710] [INFO] [EdgeSync] CHANNEL-SDK: [channel-sdk] [ws-transport] forcing reconnect (dropping possibly half-open socket) 
[2026-09-23T10:40:13.761Z] [pid=1710] [INFO] [EdgeSync] CHANNEL-SDK: [channel-sdk] [ws-transport] disconnected {"code":0,"reason":"disconnect called"}
[2026-09-23T10:40:14.212Z] [pid=1710] [INFO] [EdgeSync] CHANNEL-SDK: [channel-sdk] [ws-transport] connected {"client":"9f0b7a7d-e389-4274-8654-990c78a9d760"}
[2026-09-23T10:40:14.213Z] [pid=1710] [INFO] [EdgeSync] CHANNEL-SDK: [channel-sdk] [supervisor] recovered online {"outcome":"grace_recovered"}
[2026-09-23T10:40:14.214Z] [pid=1710] [INFO] [EdgeSync] CHANNEL-SDK: [channel-sdk] [client] flushing outbox on recovered online {"pending":0}
[2026-09-23T10:40:14.214Z] [pid=1710] [INFO] [EdgeSync] CHANNEL-SDK: [channel-sdk] [client] self-heal reconnect done {"reason":"ack_stale"}
[2026-09-23T10:40:14.219Z] [pid=1710] [INFO] [EdgeSync] CHANNEL-SDK: [channel-sdk] [ws-transport] connected {"client":"f2b9a51a-cba4-4055-a90a-e124b2897fce"}
[2026-09-23T10:40:14.219Z] [pid=1710] [INFO] [EdgeSync] CHANNEL-SDK: [channel-sdk] [supervisor] recovered online {"outcome":"grace_recovered"}
[2026-09-23T10:40:14.220Z] [pid=1710] [INFO] [EdgeSync] CHANNEL-SDK: [channel-sdk] [client] flushing outbox on recovered online {"pending":0}
[2026-09-23T10:40:14.220Z] [pid=1710] [INFO] [EdgeSync] CHANNEL-SDK: [channel-sdk] [client] self-heal reconnect done {"reason":"ack_stale"}
[2026-09-23T10:40:14.377Z] [pid=1710] [INFO] [EdgeSync] CHANNEL-SDK: [channel-sdk] [presence] heartbeat recovered {"channel":"user:fdee3d54-95b6-4e9c-aaff-50ad9505aab4:devices","source":"echo","afterFailures":1}
[2026-09-23T10:40:18.886Z] [pid=1710] [INFO] [EdgeSync] CHANNEL-SDK: [channel-sdk] [presence] heartbeat recovered {"channel":"user:fdee3d54-95b6-4e9c-aaff-50ad9505aab4:devices","source":"echo","afterFailures":1}
[2026-09-23T10:53:54.249Z] [pid=1710] [INFO] [EdgeSync] CHANNEL-CREDS: fetching userId=fdee3d54-95b6-4e9c-aaff-50ad9505aab4 deviceId=4d6cede0-b354-523b-bf1f-9ad4d9ec28d2 deviceName=MacBook Pro (4) extraScopes=[]
[2026-09-23T10:53:54.382Z] [pid=1710] [INFO] [EdgeSync] CHANNEL-CREDS: fetching userId=fdee3d54-95b6-4e9c-aaff-50ad9505aab4 deviceId=4d6cede0-b354-523b-bf1f-9ad4d9ec28d2 deviceName=MacBook Pro (4) extraScopes=[]
[2026-09-23T10:53:54.612Z] [pid=1710] [INFO] [EdgeSync] CHANNEL-CREDS urls: apisixPublishUrl=https://www.workbuddy.cn/cf-publish/api/publish cfWsUrl=wss://www.workbuddy.cn/cf-connect/websocket
[2026-09-23T10:53:54.613Z] [pid=1710] [INFO] [EdgeSync] CHANNEL-SDK: [channel-sdk] [handshake] token renewed via credManager {"keyVersion":1}
[2026-09-23T10:53:54.679Z] [pid=1710] [INFO] [EdgeSync] CHANNEL-CREDS urls: apisixPublishUrl=https://www.workbuddy.cn/cf-publish/api/publish cfWsUrl=wss://www.workbuddy.cn/cf-connect/websocket
[2026-09-23T10:53:54.680Z] [pid=1710] [INFO] [EdgeSync] CHANNEL-SDK: [channel-sdk] [handshake] token renewed via credManager {"keyVersion":1}
[2026-09-23T11:07:54.262Z] [pid=1710] [INFO] [EdgeSync] CHANNEL-CREDS: fetching userId=fdee3d54-95b6-4e9c-aaff-50ad9505aab4 deviceId=4d6cede0-b354-523b-bf1f-9ad4d9ec28d2 deviceName=MacBook Pro (4) extraScopes=[]
[2026-09-23T11:07:54.298Z] [pid=1710] [INFO] [EdgeSync] CHANNEL-CREDS: fetching userId=fdee3d54-95b6-4e9c-aaff-50ad9505aab4 deviceId=4d6cede0-b354-523b-bf1f-9ad4d9ec28d2 deviceName=MacBook Pro (4) extraScopes=[]
[2026-09-23T11:07:54.523Z] [pid=1710] [INFO] [EdgeSync] CHANNEL-CREDS urls: apisixPublishUrl=https://www.workbuddy.cn/cf-publish/api/publish cfWsUrl=wss://www.workbuddy.cn/cf-connect/websocket
[2026-09-23T11:07:54.525Z] [pid=1710] [INFO] [EdgeSync] CHANNEL-SDK: [channel-sdk] [handshake] token renewed via credManager {"keyVersion":1}
[2026-09-23T11:07:54.591Z] [pid=1710] [INFO] [EdgeSync] CHANNEL-CREDS urls: apisixPublishUrl=https://www.workbuddy.cn/cf-publish/api/publish cfWsUrl=wss://www.workbuddy.cn/cf-connect/websocket
[2026-09-23T11:07:54.592Z] [pid=1710] [INFO] [EdgeSync] CHANNEL-SDK: [channel-sdk] [handshake] token renewed via credManager {"keyVersion":1}
[2026-09-23T11:12:08.371Z] [pid=1710] [INFO] [EdgeSync] CHANNEL-RECOVERY start reason=system-resume
[2026-09-23T11:12:09.878Z] [pid=1710] [INFO] [waitForNetworkOnline] ready after 1506ms (first probe)
[2026-09-23T11:12:09.878Z] [pid=1710] [INFO] [EdgeSync] CHANNEL-RECOVERY network ready=true waitedMs=1506
[2026-09-23T11:12:09.880Z] [pid=1710] [INFO] [EdgeSync] CHANNEL-SDK: state=disconnected
[2026-09-23T11:12:09.880Z] [pid=1710] [CHANNEL_STATE] phase=disconnected reason=user_close code=-
[2026-09-23T11:12:10.688Z] [pid=1710] [INFO] [EdgeSync] CHANNEL-SDK: [channel-sdk] [ws-transport] disconnected {"code":0,"reason":"disconnect called"}
[2026-09-23T11:12:10.689Z] [pid=1710] [INFO] [EdgeSync] CHANNEL-SDK: handshake starting userId=fdee3d54-95b6-4e9c-aaff-50ad9505aab4 deviceId=4d6cede0-b354-523b-bf1f-9ad4d9ec28d2
[2026-09-23T11:12:10.690Z] [pid=1710] [INFO] [EdgeSync] CHANNEL-SDK: [channel-sdk] [handshake] start {"userId":"fdee3d54-95b6-4e9c-aaff-50ad9505aab4","deviceId":"4d6cede0-b354-523b-bf1f-9ad4d9ec28d2","clientType":"desktop"}
[2026-09-23T11:12:10.698Z] [pid=1710] [INFO] [EdgeSync] CHANNEL-CREDS: fetching userId=fdee3d54-95b6-4e9c-aaff-50ad9505aab4 deviceId=4d6cede0-b354-523b-bf1f-9ad4d9ec28d2 deviceName=MacBook Pro (4) extraScopes=[]
[2026-09-23T11:12:11.203Z] [pid=1710] [INFO] [EdgeSync] CHANNEL-CREDS urls: apisixPublishUrl=https://www.workbuddy.cn/cf-publish/api/publish cfWsUrl=wss://www.workbuddy.cn/cf-connect/websocket
[2026-09-23T11:12:11.206Z] [pid=1710] [INFO] [EdgeSync] CHANNEL-SDK: [channel-sdk] [handshake] credentials ready {"clientType":"desktop","keyVersion":1,"channels":4,"elapsedMs":515}
[2026-09-23T11:12:12.031Z] [pid=1710] [INFO] [EdgeSync] CHANNEL-SDK: [channel-sdk] [ws-transport] connected {"client":"e035035c-c7b8-43c3-926b-3bb1c863ee5d"}
[2026-09-23T11:12:12.032Z] [pid=1710] [INFO] [EdgeSync] CHANNEL-SDK: state=connected
[2026-09-23T11:12:12.032Z] [pid=1710] [CHANNEL_STATE] phase=connected reason=- code=-
[2026-09-23T11:12:12.032Z] [pid=1710] [INFO] [EdgeSync] CHANNEL-SDK: [channel-sdk] [handshake] completed {"clientType":"desktop","transport":"ws","keyVersion":1,"capabilities":{"acp":false,"outbox":true,"presence":true},"credentialsMs":515,"connectMs":826,"totalMs":1343}
[2026-09-23T11:12:12.033Z] [pid=1710] [INFO] [EdgeSync] CHANNEL-SDK: handshake OK
[2026-09-23T11:12:12.033Z] [pid=1710] [INFO] [EdgeSync] §5 LISTENING channel=executor:4d6cede0-b354-523b-bf1f-9ad4d9ec28d2 handlers=session.create,session.stop,prompt.submit,session.set_mode,session.get_mode,session.set_model,session.get_model,session.set_permission_mode,session.get_permission_mode,tool.answer,tool.cancel,permission.resolve,get_page,get_automations,get_task_artifacts,get_artifact,get_models,get_session_config,get_skills
[2026-09-23T11:12:12.033Z] [pid=1710] [LISTENING] channel=executor:4d6cede0-b354-523b-bf1f-9ad4d9ec28d2
[2026-09-23T11:12:12.034Z] [pid=1710] [INFO] [EdgeSync] §5 listening on executor:4d6cede0-b354-523b-bf1f-9ad4d9ec28d2
[2026-09-23T11:12:12.034Z] [pid=1710] [DEVICE_ONLINE_SEND] channel=user:fdee3d54-95b6-4e9c-aaff-50ad9505aab4:devices deviceId=4d6cede0-b354-523b-bf1f-9ad4d9ec28d2 hostname=MacBook Pro (4) deviceName=MacBook Pro (4) displayName=MacBook Pro (4) appVersion=5.3.14
[2026-09-23T11:12:12.034Z] [pid=1710] [INFO] [EdgeSync] CHANNEL-RECOVERY success reason=system-resume attempt=1 elapsedMs=3668
[2026-09-23T11:12:12.244Z] [pid=1710] [DEVICE_ONLINE_OK] channel=user:fdee3d54-95b6-4e9c-aaff-50ad9505aab4:devices
[2026-09-23T11:14:08.265Z] [pid=1710] [INFO] [EdgeSync] CHANNEL-RECOVERY start reason=system-resume
[2026-09-23T11:14:10.421Z] [pid=1710] [INFO] [waitForNetworkOnline] ready after 2156ms (first probe)
[2026-09-23T11:14:10.422Z] [pid=1710] [INFO] [EdgeSync] CHANNEL-RECOVERY network ready=true waitedMs=2156
[2026-09-23T11:14:10.423Z] [pid=1710] [CHANNEL_STATE] phase=disconnected reason=user_close code=-
[2026-09-23T11:14:10.423Z] [pid=1710] [INFO] [EdgeSync] CHANNEL-SDK: state=disconnected
[2026-09-23T11:14:10.890Z] [pid=1710] [INFO] [EdgeSync] CHANNEL-SDK: [channel-sdk] [ws-transport] disconnected {"code":0,"reason":"disconnect called"}
[2026-09-23T11:14:10.891Z] [pid=1710] [INFO] [EdgeSync] CHANNEL-SDK: handshake starting userId=fdee3d54-95b6-4e9c-aaff-50ad9505aab4 deviceId=4d6cede0-b354-523b-bf1f-9ad4d9ec28d2
[2026-09-23T11:14:10.892Z] [pid=1710] [INFO] [EdgeSync] CHANNEL-CREDS: fetching userId=fdee3d54-95b6-4e9c-aaff-50ad9505aab4 deviceId=4d6cede0-b354-523b-bf1f-9ad4d9ec28d2 deviceName=MacBook Pro (4) extraScopes=[]
[2026-09-23T11:14:10.891Z] [pid=1710] [INFO] [EdgeSync] CHANNEL-SDK: [channel-sdk] [handshake] start {"userId":"fdee3d54-95b6-4e9c-aaff-50ad9505aab4","deviceId":"4d6cede0-b354-523b-bf1f-9ad4d9ec28d2","clientType":"desktop"}
[2026-09-23T11:14:12.060Z] [pid=1710] [INFO] [EdgeSync] CHANNEL-CREDS urls: apisixPublishUrl=https://www.workbuddy.cn/cf-publish/api/publish cfWsUrl=wss://www.workbuddy.cn/cf-connect/websocket
[2026-09-23T11:14:12.061Z] [pid=1710] [INFO] [EdgeSync] CHANNEL-SDK: [channel-sdk] [handshake] credentials ready {"clientType":"desktop","keyVersion":1,"channels":4,"elapsedMs":1170}
[2026-09-23T11:14:12.685Z] [pid=1710] [INFO] [EdgeSync] CHANNEL-SDK: [channel-sdk] [ws-transport] connected {"client":"91100805-88b3-4147-88d6-73a69bc8ee4f"}
[2026-09-23T11:14:12.686Z] [pid=1710] [CHANNEL_STATE] phase=connected reason=- code=-
[2026-09-23T11:14:12.686Z] [pid=1710] [INFO] [EdgeSync] CHANNEL-SDK: state=connected
[2026-09-23T11:14:12.688Z] [pid=1710] [INFO] [EdgeSync] CHANNEL-SDK: [channel-sdk] [handshake] completed {"clientType":"desktop","transport":"ws","keyVersion":1,"capabilities":{"acp":false,"outbox":true,"presence":true},"credentialsMs":1170,"connectMs":625,"totalMs":1796}
[2026-09-23T11:14:12.689Z] [pid=1710] [INFO] [EdgeSync] CHANNEL-SDK: handshake OK
[2026-09-23T11:14:12.689Z] [pid=1710] [INFO] [EdgeSync] §5 LISTENING channel=executor:4d6cede0-b354-523b-bf1f-9ad4d9ec28d2 handlers=session.create,session.stop,prompt.submit,session.set_mode,session.get_mode,session.set_model,session.get_model,session.set_permission_mode,session.get_permission_mode,tool.answer,tool.cancel,permission.resolve,get_page,get_automations,get_task_artifacts,get_artifact,get_models,get_session_config,get_skills
[2026-09-23T11:14:12.689Z] [pid=1710] [LISTENING] channel=executor:4d6cede0-b354-523b-bf1f-9ad4d9ec28d2
[2026-09-23T11:14:12.690Z] [pid=1710] [INFO] [EdgeSync] §5 listening on executor:4d6cede0-b354-523b-bf1f-9ad4d9ec28d2
[2026-09-23T11:14:12.690Z] [pid=1710] [DEVICE_ONLINE_SEND] channel=user:fdee3d54-95b6-4e9c-aaff-50ad9505aab4:devices deviceId=4d6cede0-b354-523b-bf1f-9ad4d9ec28d2 hostname=MacBook Pro (4) deviceName=MacBook Pro (4) displayName=MacBook Pro (4) appVersion=5.3.14
[2026-09-23T11:14:12.692Z] [pid=1710] [INFO] [EdgeSync] CHANNEL-RECOVERY success reason=system-resume attempt=1 elapsedMs=4438
[2026-09-23T11:14:12.850Z] [pid=1710] [DEVICE_ONLINE_OK] channel=user:fdee3d54-95b6-4e9c-aaff-50ad9505aab4:devices
[2026-09-23T11:21:54.329Z] [pid=1710] [INFO] [EdgeSync] CHANNEL-CREDS: fetching userId=fdee3d54-95b6-4e9c-aaff-50ad9505aab4 deviceId=4d6cede0-b354-523b-bf1f-9ad4d9ec28d2 deviceName=MacBook Pro (4) extraScopes=[]
[2026-09-23T11:21:55.119Z] [pid=1710] [INFO] [EdgeSync] CHANNEL-CREDS urls: apisixPublishUrl=https://www.workbuddy.cn/cf-publish/api/publish cfWsUrl=wss://www.workbuddy.cn/cf-connect/websocket
[2026-09-23T11:21:55.120Z] [pid=1710] [INFO] [EdgeSync] CHANNEL-SDK: [channel-sdk] [handshake] token renewed via credManager {"keyVersion":1}
[2026-09-23T11:28:12.035Z] [pid=1710] [INFO] [EdgeSync] CHANNEL-CREDS: fetching userId=fdee3d54-95b6-4e9c-aaff-50ad9505aab4 deviceId=4d6cede0-b354-523b-bf1f-9ad4d9ec28d2 deviceName=MacBook Pro (4) extraScopes=[]
[2026-09-23T11:28:12.294Z] [pid=1710] [INFO] [EdgeSync] CHANNEL-CREDS urls: apisixPublishUrl=https://www.workbuddy.cn/cf-publish/api/publish cfWsUrl=wss://www.workbuddy.cn/cf-connect/websocket
[2026-09-23T11:28:12.295Z] [pid=1710] [INFO] [EdgeSync] CHANNEL-SDK: [channel-sdk] [handshake] token renewed via credManager {"keyVersion":1}
[2026-09-23T11:35:54.554Z] [pid=1710] [INFO] [EdgeSync] CHANNEL-CREDS: fetching userId=fdee3d54-95b6-4e9c-aaff-50ad9505aab4 deviceId=4d6cede0-b354-523b-bf1f-9ad4d9ec28d2 deviceName=MacBook Pro (4) extraScopes=[]
[2026-09-23T11:35:55.098Z] [pid=1710] [INFO] [EdgeSync] CHANNEL-CREDS urls: apisixPublishUrl=https://www.workbuddy.cn/cf-publish/api/publish cfWsUrl=wss://www.workbuddy.cn/cf-connect/websocket
[2026-09-23T11:35:55.099Z] [pid=1710] [INFO] [EdgeSync] CHANNEL-SDK: [channel-sdk] [handshake] token renewed via credManager {"keyVersion":1}
[2026-09-23T11:42:12.143Z] [pid=1710] [INFO] [EdgeSync] CHANNEL-CREDS: fetching userId=fdee3d54-95b6-4e9c-aaff-50ad9505aab4 deviceId=4d6cede0-b354-523b-bf1f-9ad4d9ec28d2 deviceName=MacBook Pro (4) extraScopes=[]
[2026-09-23T11:42:12.453Z] [pid=1710] [INFO] [EdgeSync] CHANNEL-CREDS urls: apisixPublishUrl=https://www.workbuddy.cn/cf-publish/api/publish cfWsUrl=wss://www.workbuddy.cn/cf-connect/websocket
[2026-09-23T11:42:12.455Z] [pid=1710] [INFO] [EdgeSync] CHANNEL-SDK: [channel-sdk] [handshake] token renewed via credManager {"keyVersion":1}
[2026-09-23T11:49:54.556Z] [pid=1710] [INFO] [EdgeSync] CHANNEL-CREDS: fetching userId=fdee3d54-95b6-4e9c-aaff-50ad9505aab4 deviceId=4d6cede0-b354-523b-bf1f-9ad4d9ec28d2 deviceName=MacBook Pro (4) extraScopes=[]
[2026-09-23T11:49:55.107Z] [pid=1710] [INFO] [EdgeSync] CHANNEL-CREDS urls: apisixPublishUrl=https://www.workbuddy.cn/cf-publish/api/publish cfWsUrl=wss://www.workbuddy.cn/cf-connect/websocket
[2026-09-23T11:49:55.109Z] [pid=1710] [INFO] [EdgeSync] CHANNEL-SDK: [channel-sdk] [handshake] token renewed via credManager {"keyVersion":1}
[2026-09-23T11:56:12.233Z] [pid=1710] [INFO] [EdgeSync] CHANNEL-CREDS: fetching userId=fdee3d54-95b6-4e9c-aaff-50ad9505aab4 deviceId=4d6cede0-b354-523b-bf1f-9ad4d9ec28d2 deviceName=MacBook Pro (4) extraScopes=[]
[2026-09-23T11:56:12.586Z] [pid=1710] [INFO] [EdgeSync] CHANNEL-CREDS urls: apisixPublishUrl=https://www.workbuddy.cn/cf-publish/api/publish cfWsUrl=wss://www.workbuddy.cn/cf-connect/websocket
[2026-09-23T11:56:12.588Z] [pid=1710] [INFO] [EdgeSync] CHANNEL-SDK: [channel-sdk] [handshake] token renewed via credManager {"keyVersion":1}
[2026-09-23T11:59:08.154Z] [pid=1710] [ERROR] [EdgeSync] CHANNEL-SDK: [channel-sdk] [client] publish failed {"channel":"user:fdee3d54-95b6-4e9c-aaff-50ad9505aab4:devices","scope":"user","transport":"cf-ws","parts":1,"errorCode":"unknown","elapsedMs":5002,"err":"code=1 message=timeout"}
[2026-09-23T11:59:14.890Z] [pid=1710] [ERROR] [EdgeSync] CHANNEL-SDK: [channel-sdk] [client] publish failed {"channel":"user:fdee3d54-95b6-4e9c-aaff-50ad9505aab4:devices","scope":"user","transport":"cf-ws","parts":1,"errorCode":"unknown","elapsedMs":5001,"err":"code=1 message=timeout"}
[2026-09-23T11:59:18.154Z] [pid=1710] [ERROR] [EdgeSync] CHANNEL-SDK: [channel-sdk] [client] publish failed {"channel":"user:fdee3d54-95b6-4e9c-aaff-50ad9505aab4:devices","scope":"user","transport":"cf-ws","parts":1,"errorCode":"unknown","elapsedMs":5001,"err":"code=1 message=timeout"}
[2026-09-23T11:59:24.890Z] [pid=1710] [ERROR] [EdgeSync] CHANNEL-SDK: [channel-sdk] [client] publish failed {"channel":"user:fdee3d54-95b6-4e9c-aaff-50ad9505aab4:devices","scope":"user","transport":"cf-ws","parts":1,"errorCode":"unknown","elapsedMs":5000,"err":"code=1 message=timeout"}
[2026-09-23T11:59:25.005Z] [pid=1710] [ERROR] [EdgeSync] CHANNEL-SDK: [channel-sdk] [client] publish failed {"channel":"user:fdee3d54-95b6-4e9c-aaff-50ad9505aab4:devices","scope":"user","transport":"cf-ws","parts":1,"errorCode":"unknown","elapsedMs":1850,"err":"code=11 message=connection closed"}
[2026-09-23T11:59:25.006Z] [pid=1710] [ERROR] [EdgeSync] CHANNEL-SDK: [channel-sdk] [presence] device.online heartbeat persistently failing — device will be marked offline {"channel":"user:fdee3d54-95b6-4e9c-aaff-50ad9505aab4:devices","reason":"watchdog","consecutiveFailures":3,"staleMs":41750,"err":"code=11 message=connection closed","hint":"half-open WS / publish_proxy rejecting / missing publish permission; watchdog will force a self-heal"}
[2026-09-23T11:59:28.006Z] [pid=1710] [INFO] [EdgeSync] CHANNEL-SDK: state=reconnecting
[2026-09-23T11:59:28.006Z] [pid=1710] [CHANNEL_STATE] phase=reconnecting reason=- code=-
[2026-09-23T11:59:28.007Z] [pid=1710] [INFO] [EdgeSync] CHANNEL-SDK: [channel-sdk] [supervisor] escalated to reconnecting {"attempt":0}
[2026-09-23T11:59:30.264Z] [pid=1710] [INFO] [EdgeSync] CHANNEL-SDK: state=reconnecting
[2026-09-23T11:59:30.264Z] [pid=1710] [CHANNEL_STATE] phase=reconnecting reason=- code=-
[2026-09-23T11:59:30.265Z] [pid=1710] [INFO] [EdgeSync] CHANNEL-SDK: [channel-sdk] [supervisor] escalated to reconnecting {"attempt":0}
[2026-09-23T11:59:33.155Z] [pid=1710] [INFO] [EdgeSync] CHANNEL-SDK: [channel-sdk] [presence] triggering lightweight self-heal {"reason":"ack_stale","staleMs":49899}
[2026-09-23T11:59:33.156Z] [pid=1710] [INFO] [EdgeSync] CHANNEL-SDK: [channel-sdk] [ws-transport] disconnected {"code":0,"reason":"disconnect called"}
[2026-09-23T11:59:33.155Z] [pid=1710] [INFO] [EdgeSync] CHANNEL-SDK: [channel-sdk] [ws-transport] forcing reconnect (dropping possibly half-open socket) 
[2026-09-23T11:59:33.198Z] [pid=1710] [ERROR] [EdgeSync] CHANNEL-SDK: [channel-sdk] [client] publish failed {"channel":"user:fdee3d54-95b6-4e9c-aaff-50ad9505aab4:devices","scope":"user","transport":"cf-ws","parts":1,"errorCode":"unknown","elapsedMs":5015,"err":"code=3 message=disconnected"}
[2026-09-23T11:59:33.609Z] [pid=1710] [INFO] [EdgeSync] CHANNEL-SDK: [channel-sdk] [ws-transport] connected {"client":"e1d22819-eda0-4b02-adaf-dd27ec8bc945"}
[2026-09-23T11:59:33.610Z] [pid=1710] [INFO] [EdgeSync] CHANNEL-SDK: [channel-sdk] [supervisor] recovered online {"outcome":"escalated"}
[2026-09-23T11:59:33.610Z] [pid=1710] [INFO] [EdgeSync] CHANNEL-SDK: state=connected
[2026-09-23T11:59:33.611Z] [pid=1710] [INFO] [EdgeSync] CHANNEL-SDK: [channel-sdk] [client] self-heal reconnect done {"reason":"ack_stale"}
[2026-09-23T11:59:33.611Z] [pid=1710] [INFO] [EdgeSync] CHANNEL-SDK: [channel-sdk] [client] flushing outbox on recovered online {"pending":0}
[2026-09-23T11:59:33.610Z] [pid=1710] [DEVICE_ONLINE_SEND] channel=user:fdee3d54-95b6-4e9c-aaff-50ad9505aab4:devices deviceId=4d6cede0-b354-523b-bf1f-9ad4d9ec28d2 hostname=MacBook Pro (4) deviceName=MacBook Pro (4) displayName=MacBook Pro (4) appVersion=5.3.14
[2026-09-23T11:59:33.610Z] [pid=1710] [CHANNEL_STATE] phase=connected reason=- code=-
[2026-09-23T11:59:33.739Z] [pid=1710] [DEVICE_ONLINE_OK] channel=user:fdee3d54-95b6-4e9c-aaff-50ad9505aab4:devices
[2026-09-23T11:59:34.892Z] [pid=1710] [ERROR] [EdgeSync] CHANNEL-SDK: [channel-sdk] [client] publish failed {"channel":"user:fdee3d54-95b6-4e9c-aaff-50ad9505aab4:devices","scope":"user","transport":"cf-ws","parts":1,"errorCode":"unknown","elapsedMs":5001,"err":"code=1 message=timeout"}
[2026-09-23T11:59:34.893Z] [pid=1710] [ERROR] [EdgeSync] CHANNEL-SDK: [channel-sdk] [presence] device.online heartbeat persistently failing — device will be marked offline {"channel":"user:fdee3d54-95b6-4e9c-aaff-50ad9505aab4:devices","reason":"watchdog","consecutiveFailures":3,"staleMs":44864,"err":"code=1 message=timeout","hint":"half-open WS / publish_proxy rejecting / missing publish permission; watchdog will force a self-heal"}
[2026-09-23T11:59:38.288Z] [pid=1710] [INFO] [EdgeSync] CHANNEL-SDK: [channel-sdk] [presence] heartbeat recovered {"channel":"user:fdee3d54-95b6-4e9c-aaff-50ad9505aab4:devices","source":"echo","afterFailures":4}
[2026-09-23T11:59:39.892Z] [pid=1710] [INFO] [EdgeSync] CHANNEL-SDK: [channel-sdk] [presence] triggering lightweight self-heal {"reason":"ack_stale","staleMs":49863}
[2026-09-23T11:59:39.894Z] [pid=1710] [INFO] [EdgeSync] CHANNEL-SDK: [channel-sdk] [ws-transport] forcing reconnect (dropping possibly half-open socket) 
[2026-09-23T11:59:39.895Z] [pid=1710] [INFO] [EdgeSync] CHANNEL-SDK: [channel-sdk] [ws-transport] disconnected {"code":0,"reason":"disconnect called"}
[2026-09-23T11:59:40.432Z] [pid=1710] [INFO] [EdgeSync] CHANNEL-SDK: [channel-sdk] [ws-transport] connected {"client":"645d1853-8687-49e4-976c-1ccaae002876"}
[2026-09-23T11:59:40.433Z] [pid=1710] [INFO] [EdgeSync] CHANNEL-SDK: [channel-sdk] [supervisor] recovered online {"outcome":"escalated"}
[2026-09-23T11:59:40.433Z] [pid=1710] [INFO] [EdgeSync] CHANNEL-SDK: state=connected
[2026-09-23T11:59:40.433Z] [pid=1710] [CHANNEL_STATE] phase=connected reason=- code=-
[2026-09-23T11:59:40.434Z] [pid=1710] [DEVICE_ONLINE_SEND] channel=user:fdee3d54-95b6-4e9c-aaff-50ad9505aab4:devices deviceId=4d6cede0-b354-523b-bf1f-9ad4d9ec28d2 hostname=MacBook Pro (4) deviceName=MacBook Pro (4) displayName=MacBook Pro (4) appVersion=5.3.14
[2026-09-23T11:59:40.434Z] [pid=1710] [INFO] [EdgeSync] CHANNEL-SDK: [channel-sdk] [client] flushing outbox on recovered online {"pending":0}
[2026-09-23T11:59:40.435Z] [pid=1710] [INFO] [EdgeSync] CHANNEL-SDK: [channel-sdk] [client] self-heal reconnect done {"reason":"ack_stale"}
[2026-09-23T11:59:40.563Z] [pid=1710] [INFO] [EdgeSync] CHANNEL-SDK: [channel-sdk] [presence] heartbeat recovered {"channel":"user:fdee3d54-95b6-4e9c-aaff-50ad9505aab4:devices","source":"echo","afterFailures":3}
[2026-09-23T11:59:40.570Z] [pid=1710] [DEVICE_ONLINE_OK] channel=user:fdee3d54-95b6-4e9c-aaff-50ad9505aab4:devices
[2026-09-23T12:03:54.561Z] [pid=1710] [INFO] [EdgeSync] CHANNEL-CREDS: fetching userId=fdee3d54-95b6-4e9c-aaff-50ad9505aab4 deviceId=4d6cede0-b354-523b-bf1f-9ad4d9ec28d2 deviceName=MacBook Pro (4) extraScopes=[]
[2026-09-23T12:03:54.890Z] [pid=1710] [INFO] [EdgeSync] CHANNEL-CREDS urls: apisixPublishUrl=https://www.workbuddy.cn/cf-publish/api/publish cfWsUrl=wss://www.workbuddy.cn/cf-connect/websocket
[2026-09-23T12:03:54.892Z] [pid=1710] [INFO] [EdgeSync] CHANNEL-SDK: [channel-sdk] [handshake] token renewed via credManager {"keyVersion":1}
[2026-09-23T12:10:12.300Z] [pid=1710] [INFO] [EdgeSync] CHANNEL-CREDS: fetching userId=fdee3d54-95b6-4e9c-aaff-50ad9505aab4 deviceId=4d6cede0-b354-523b-bf1f-9ad4d9ec28d2 deviceName=MacBook Pro (4) extraScopes=[]
[2026-09-23T12:10:12.481Z] [pid=1710] [INFO] [EdgeSync] CHANNEL-CREDS urls: apisixPublishUrl=https://www.workbuddy.cn/cf-publish/api/publish cfWsUrl=wss://www.workbuddy.cn/cf-connect/websocket
[2026-09-23T12:10:12.483Z] [pid=1710] [INFO] [EdgeSync] CHANNEL-SDK: [channel-sdk] [handshake] token renewed via credManager {"keyVersion":1}
[2026-09-23T12:17:54.451Z] [pid=1710] [INFO] [EdgeSync] CHANNEL-CREDS: fetching userId=fdee3d54-95b6-4e9c-aaff-50ad9505aab4 deviceId=4d6cede0-b354-523b-bf1f-9ad4d9ec28d2 deviceName=MacBook Pro (4) extraScopes=[]
[2026-09-23T12:17:54.795Z] [pid=1710] [INFO] [EdgeSync] CHANNEL-CREDS urls: apisixPublishUrl=https://www.workbuddy.cn/cf-publish/api/publish cfWsUrl=wss://www.workbuddy.cn/cf-connect/websocket
[2026-09-23T12:17:54.797Z] [pid=1710] [INFO] [EdgeSync] CHANNEL-SDK: [channel-sdk] [handshake] token renewed via credManager {"keyVersion":1}
[2026-09-23T12:24:12.247Z] [pid=1710] [INFO] [EdgeSync] CHANNEL-CREDS: fetching userId=fdee3d54-95b6-4e9c-aaff-50ad9505aab4 deviceId=4d6cede0-b354-523b-bf1f-9ad4d9ec28d2 deviceName=MacBook Pro (4) extraScopes=[]
[2026-09-23T12:24:12.618Z] [pid=1710] [INFO] [EdgeSync] CHANNEL-CREDS urls: apisixPublishUrl=https://www.workbuddy.cn/cf-publish/api/publish cfWsUrl=wss://www.workbuddy.cn/cf-connect/websocket
[2026-09-23T12:24:12.620Z] [pid=1710] [INFO] [EdgeSync] CHANNEL-SDK: [channel-sdk] [handshake] token renewed via credManager {"keyVersion":1}
[2026-09-23T12:31:54.432Z] [pid=1710] [INFO] [EdgeSync] CHANNEL-CREDS: fetching userId=fdee3d54-95b6-4e9c-aaff-50ad9505aab4 deviceId=4d6cede0-b354-523b-bf1f-9ad4d9ec28d2 deviceName=MacBook Pro (4) extraScopes=[]
[2026-09-23T12:31:54.802Z] [pid=1710] [INFO] [EdgeSync] CHANNEL-CREDS urls: apisixPublishUrl=https://www.workbuddy.cn/cf-publish/api/publish cfWsUrl=wss://www.workbuddy.cn/cf-connect/websocket
[2026-09-23T12:31:54.804Z] [pid=1710] [INFO] [EdgeSync] CHANNEL-SDK: [channel-sdk] [handshake] token renewed via credManager {"keyVersion":1}
[2026-09-23T12:38:12.346Z] [pid=1710] [INFO] [EdgeSync] CHANNEL-CREDS: fetching userId=fdee3d54-95b6-4e9c-aaff-50ad9505aab4 deviceId=4d6cede0-b354-523b-bf1f-9ad4d9ec28d2 deviceName=MacBook Pro (4) extraScopes=[]
[2026-09-23T12:38:12.911Z] [pid=1710] [INFO] [EdgeSync] CHANNEL-CREDS urls: apisixPublishUrl=https://www.workbuddy.cn/cf-publish/api/publish cfWsUrl=wss://www.workbuddy.cn/cf-connect/websocket
[2026-09-23T12:38:12.914Z] [pid=1710] [INFO] [EdgeSync] CHANNEL-SDK: [channel-sdk] [handshake] token renewed via credManager {"keyVersion":1}
[2026-09-23T12:45:54.412Z] [pid=1710] [INFO] [EdgeSync] CHANNEL-CREDS: fetching userId=fdee3d54-95b6-4e9c-aaff-50ad9505aab4 deviceId=4d6cede0-b354-523b-bf1f-9ad4d9ec28d2 deviceName=MacBook Pro (4) extraScopes=[]
[2026-09-23T12:45:54.808Z] [pid=1710] [INFO] [EdgeSync] CHANNEL-CREDS urls: apisixPublishUrl=https://www.workbuddy.cn/cf-publish/api/publish cfWsUrl=wss://www.workbuddy.cn/cf-connect/websocket
[2026-09-23T12:45:54.811Z] [pid=1710] [INFO] [EdgeSync] CHANNEL-SDK: [channel-sdk] [handshake] token renewed via credManager {"keyVersion":1}
[2026-09-23T12:52:12.468Z] [pid=1710] [INFO] [EdgeSync] CHANNEL-CREDS: fetching userId=fdee3d54-95b6-4e9c-aaff-50ad9505aab4 deviceId=4d6cede0-b354-523b-bf1f-9ad4d9ec28d2 deviceName=MacBook Pro (4) extraScopes=[]
[2026-09-23T12:52:12.764Z] [pid=1710] [INFO] [EdgeSync] CHANNEL-CREDS urls: apisixPublishUrl=https://www.workbuddy.cn/cf-publish/api/publish cfWsUrl=wss://www.workbuddy.cn/cf-connect/websocket
[2026-09-23T12:52:12.766Z] [pid=1710] [INFO] [EdgeSync] CHANNEL-SDK: [channel-sdk] [handshake] token renewed via credManager {"keyVersion":1}
[2026-09-23T12:57:45.427Z] [pid=1710] [INFO] [EdgeSync] CHANNEL-SDK: [channel-sdk] [presence] timer drift detected {"driftMs":316577,"expectedAtMs":1790167948740,"firedAtMs":1790168265317,"frozen":true}
[2026-09-23T12:57:45.432Z] [pid=1710] [ERROR] [EdgeSync] CHANNEL-SDK: [channel-sdk] [presence] degraded: no heartbeat ack for too long {"channel":"user:fdee3d54-95b6-4e9c-aaff-50ad9505aab4:devices","staleMs":326449,"consecutiveFailures":0,"hint":"lightweight self-heal exhausted; business should rebuild the session"}
[2026-09-23T12:57:45.434Z] [pid=1710] [INFO] [EdgeSync] CHANNEL-SDK: [channel-sdk] [presence] triggering lightweight self-heal {"reason":"frozen","staleMs":326564}
[2026-09-23T12:57:45.436Z] [pid=1710] [INFO] [EdgeSync] CHANNEL-SDK: [channel-sdk] [ws-transport] forcing reconnect (dropping possibly half-open socket) 
[2026-09-23T12:57:45.436Z] [pid=1710] [INFO] [EdgeSync] CHANNEL-SDK: [channel-sdk] [ws-transport] disconnected {"code":0,"reason":"disconnect called"}
[2026-09-23T12:57:45.441Z] [pid=1710] [INFO] [EdgeSync] CHANNEL-SDK: [channel-sdk] [presence] timer drift detected {"driftMs":314903,"expectedAtMs":1790167950534,"firedAtMs":1790168265437,"frozen":true}
[2026-09-23T12:57:45.442Z] [pid=1710] [ERROR] [EdgeSync] CHANNEL-SDK: [channel-sdk] [presence] degraded: no heartbeat ack for too long {"channel":"user:fdee3d54-95b6-4e9c-aaff-50ad9505aab4:devices","staleMs":324760,"consecutiveFailures":0,"hint":"lightweight self-heal exhausted; business should rebuild the session"}
[2026-09-23T12:57:45.447Z] [pid=1710] [INFO] [EdgeSync] CHANNEL-SDK: [channel-sdk] [presence] triggering lightweight self-heal {"reason":"frozen","staleMs":324765}
[2026-09-23T12:57:45.450Z] [pid=1710] [INFO] [EdgeSync] CHANNEL-SDK: [channel-sdk] [ws-transport] forcing reconnect (dropping possibly half-open socket) 
[2026-09-23T12:57:45.452Z] [pid=1710] [INFO] [EdgeSync] CHANNEL-SDK: [channel-sdk] [ws-transport] disconnected {"code":0,"reason":"disconnect called"}
[2026-09-23T12:57:46.262Z] [pid=1710] [INFO] [EdgeSync] CHANNEL-SDK: [channel-sdk] [ws-transport] connected {"client":"1bdf252d-e364-4f2e-be24-96741423625c"}
[2026-09-23T12:57:46.262Z] [pid=1710] [INFO] [EdgeSync] CHANNEL-SDK: [channel-sdk] [supervisor] recovered online {"outcome":"grace_recovered"}
[2026-09-23T12:57:46.262Z] [pid=1710] [INFO] [EdgeSync] CHANNEL-SDK: [channel-sdk] [client] flushing outbox on recovered online {"pending":0}
[2026-09-23T12:57:46.263Z] [pid=1710] [INFO] [EdgeSync] CHANNEL-SDK: [channel-sdk] [client] self-heal reconnect done {"reason":"frozen"}
[2026-09-23T12:57:46.324Z] [pid=1710] [INFO] [EdgeSync] CHANNEL-SDK: [channel-sdk] [ws-transport] connected {"client":"9439a51f-b339-436a-8769-c6ade193b8b8"}
[2026-09-23T12:57:46.325Z] [pid=1710] [INFO] [EdgeSync] CHANNEL-SDK: [channel-sdk] [supervisor] recovered online {"outcome":"grace_recovered"}
[2026-09-23T12:57:46.325Z] [pid=1710] [INFO] [EdgeSync] CHANNEL-SDK: [channel-sdk] [client] flushing outbox on recovered online {"pending":0}
[2026-09-23T12:57:46.325Z] [pid=1710] [INFO] [EdgeSync] CHANNEL-SDK: [channel-sdk] [client] self-heal reconnect done {"reason":"frozen"}
[2026-09-23T12:59:27.978Z] [pid=1710] [INFO] [EdgeSync] CHANNEL-RECOVERY start reason=system-resume
[2026-09-23T12:59:27.985Z] [pid=1710] [INFO] [EdgeSync] CHANNEL-SDK: [channel-sdk] [presence] timer drift detected {"driftMs":92547,"expectedAtMs":1790168275438,"firedAtMs":1790168367985,"frozen":true}
[2026-09-23T12:59:27.986Z] [pid=1710] [ERROR] [EdgeSync] CHANNEL-SDK: [channel-sdk] [presence] degraded: no heartbeat ack for too long {"channel":"user:fdee3d54-95b6-4e9c-aaff-50ad9505aab4:devices","staleMs":101574,"consecutiveFailures":0,"hint":"lightweight self-heal exhausted; business should rebuild the session"}
[2026-09-23T12:59:27.986Z] [pid=1710] [INFO] [EdgeSync] CHANNEL-SDK: [channel-sdk] [presence] triggering lightweight self-heal {"reason":"frozen","staleMs":101575}
[2026-09-23T12:59:27.992Z] [pid=1710] [INFO] [EdgeSync] CHANNEL-SDK: [channel-sdk] [ws-transport] forcing reconnect (dropping possibly half-open socket) 
[2026-09-23T12:59:27.993Z] [pid=1710] [INFO] [EdgeSync] CHANNEL-SDK: [channel-sdk] [ws-transport] disconnected {"code":0,"reason":"disconnect called"}
[2026-09-23T12:59:27.996Z] [pid=1710] [INFO] [EdgeSync] CHANNEL-SDK: [channel-sdk] [presence] timer drift detected {"driftMs":92543,"expectedAtMs":1790168275451,"firedAtMs":1790168367994,"frozen":true}
[2026-09-23T12:59:27.997Z] [pid=1710] [ERROR] [EdgeSync] CHANNEL-SDK: [channel-sdk] [presence] degraded: no heartbeat ack for too long {"channel":"user:fdee3d54-95b6-4e9c-aaff-50ad9505aab4:devices","staleMs":101492,"consecutiveFailures":0,"hint":"lightweight self-heal exhausted; business should rebuild the session"}
[2026-09-23T12:59:28.000Z] [pid=1710] [INFO] [EdgeSync] CHANNEL-SDK: [channel-sdk] [presence] triggering lightweight self-heal {"reason":"frozen","staleMs":101495}
[2026-09-23T12:59:28.003Z] [pid=1710] [INFO] [EdgeSync] CHANNEL-SDK: [channel-sdk] [ws-transport] forcing reconnect (dropping possibly half-open socket) 
[2026-09-23T12:59:28.045Z] [pid=1710] [INFO] [EdgeSync] CHANNEL-SDK: [channel-sdk] [ws-transport] disconnected {"code":0,"reason":"disconnect called"}
[2026-09-23T12:59:30.996Z] [pid=1710] [INFO] [EdgeSync] CHANNEL-SDK: state=reconnecting
[2026-09-23T12:59:30.997Z] [pid=1710] [CHANNEL_STATE] phase=reconnecting reason=- code=-
[2026-09-23T12:59:30.997Z] [pid=1710] [INFO] [EdgeSync] CHANNEL-SDK: [channel-sdk] [supervisor] escalated to reconnecting {"attempt":0}
[2026-09-23T12:59:31.050Z] [pid=1710] [INFO] [EdgeSync] CHANNEL-SDK: state=reconnecting
[2026-09-23T12:59:31.051Z] [pid=1710] [CHANNEL_STATE] phase=reconnecting reason=- code=-
[2026-09-23T12:59:31.051Z] [pid=1710] [INFO] [EdgeSync] CHANNEL-SDK: [channel-sdk] [supervisor] escalated to reconnecting {"attempt":0}
[2026-09-23T12:59:31.435Z] [pid=1710] [INFO] [waitForNetworkOnline] ready after 3452ms (first probe)
[2026-09-23T12:59:31.436Z] [pid=1710] [INFO] [EdgeSync] CHANNEL-RECOVERY network ready=true waitedMs=3452
[2026-09-23T12:59:31.437Z] [pid=1710] [INFO] [EdgeSync] CHANNEL-SDK: state=disconnected
[2026-09-23T12:59:31.437Z] [pid=1710] [CHANNEL_STATE] phase=disconnected reason=user_close code=-
[2026-09-23T12:59:32.896Z] [pid=1710] [INFO] [EdgeSync] CHANNEL-SDK: [channel-sdk] [ws-transport] connected {"client":"8c425fcd-abd0-4564-95d3-64366681da07"}
[2026-09-23T12:59:32.897Z] [pid=1710] [INFO] [EdgeSync] CHANNEL-SDK: [channel-sdk] [supervisor] recovered online {"outcome":"escalated"}
[2026-09-23T12:59:32.897Z] [pid=1710] [INFO] [EdgeSync] CHANNEL-SDK: state=connected
[2026-09-23T12:59:32.897Z] [pid=1710] [CHANNEL_STATE] phase=connected reason=- code=-
[2026-09-23T12:59:32.897Z] [pid=1710] [INFO] [EdgeSync] CHANNEL-SDK: [channel-sdk] [client] flushing outbox on recovered online {"pending":0}
[2026-09-23T12:59:32.898Z] [pid=1710] [INFO] [EdgeSync] CHANNEL-SDK: [channel-sdk] [client] self-heal reconnect done {"reason":"frozen"}
[2026-09-23T12:59:32.899Z] [pid=1710] [INFO] [EdgeSync] CHANNEL-SDK: [channel-sdk] [ws-transport] connected {"client":"5530effa-330a-408d-8b95-60b5b8355bf8"}
[2026-09-23T12:59:32.899Z] [pid=1710] [INFO] [EdgeSync] CHANNEL-SDK: [channel-sdk] [client] self-heal reconnect done {"reason":"frozen"}
[2026-09-23T12:59:32.941Z] [pid=1710] [INFO] [EdgeSync] CHANNEL-SDK: [channel-sdk] [ws-transport] disconnected {"code":0,"reason":"disconnect called"}
[2026-09-23T12:59:32.941Z] [pid=1710] [INFO] [EdgeSync] CHANNEL-SDK: handshake starting userId=fdee3d54-95b6-4e9c-aaff-50ad9505aab4 deviceId=4d6cede0-b354-523b-bf1f-9ad4d9ec28d2
[2026-09-23T12:59:32.942Z] [pid=1710] [INFO] [EdgeSync] CHANNEL-SDK: [channel-sdk] [handshake] start {"userId":"fdee3d54-95b6-4e9c-aaff-50ad9505aab4","deviceId":"4d6cede0-b354-523b-bf1f-9ad4d9ec28d2","clientType":"desktop"}
[2026-09-23T12:59:32.942Z] [pid=1710] [INFO] [EdgeSync] CHANNEL-CREDS: fetching userId=fdee3d54-95b6-4e9c-aaff-50ad9505aab4 deviceId=4d6cede0-b354-523b-bf1f-9ad4d9ec28d2 deviceName=MacBook Pro (4) extraScopes=[]
[2026-09-23T12:59:32.943Z] [pid=1710] [ERROR] [EdgeSync] CHANNEL-SDK: [channel-sdk] [client] publish failed {"channel":"user:fdee3d54-95b6-4e9c-aaff-50ad9505aab4:devices","scope":"user","transport":"cf-ws","parts":1,"errorCode":"unknown","elapsedMs":4877,"err":"code=11 message=connection closed"}
[2026-09-23T12:59:32.943Z] [pid=1710] [ERROR] [EdgeSync] CHANNEL-SDK: [channel-sdk] [client] publish failed {"channel":"user:fdee3d54-95b6-4e9c-aaff-50ad9505aab4:devices","scope":"user","transport":"cf-ws","parts":1,"errorCode":"unknown","elapsedMs":1072,"err":"code=11 message=connection closed"}
[2026-09-23T12:59:36.070Z] [pid=1710] [ERROR] [EdgeSync] CHANNEL-SDK: [channel-sdk] [client] publish failed {"channel":"user:fdee3d54-95b6-4e9c-aaff-50ad9505aab4:devices","scope":"user","transport":"cf-ws","parts":1,"errorCode":"CH_SDK_5050","elapsedMs":8004,"err":"ChSdkPublishTimeoutError: [client] ws publish (channel=user:fdee3d54-95b6-4e9c-aaff-50ad9505aab4:devices) timed out after 8000ms (code=CH_SDK_5050)"}
[2026-09-23T12:59:42.949Z] [pid=1710] [ERROR] [EdgeSync] CHANNEL-CREDS failed: The operation was aborted due to timeout
[2026-09-23T12:59:42.951Z] [pid=1710] [ERROR] [EdgeSync] CHANNEL-SDK: [channel-sdk] [handshake] fetchCredentials failed {"clientType":"desktop","elapsedMs":10007,"err":"The operation was aborted due to timeout"}
[2026-09-23T12:59:42.952Z] [pid=1710] [ERROR] [EdgeSync] CHANNEL-SDK: handshake failed: The operation was aborted due to timeout
[2026-09-23T12:59:42.953Z] [pid=1710] [WARN] [EdgeSync] CHANNEL-RECOVERY attempt=1 failed: channel-sdk handshake failed
[2026-09-23T12:59:43.004Z] [pid=1710] [INFO] [EdgeSync] CHANNEL-SDK: [channel-sdk] [presence] triggering lightweight self-heal {"reason":"ack_stale","staleMs":116502}
[2026-09-23T12:59:43.005Z] [pid=1710] [INFO] [EdgeSync] CHANNEL-SDK: [channel-sdk] [ws-transport] forcing reconnect (dropping possibly half-open socket) 
[2026-09-23T12:59:43.005Z] [pid=1710] [INFO] [EdgeSync] CHANNEL-SDK: [channel-sdk] [ws-transport] disconnected {"code":0,"reason":"disconnect called"}
[2026-09-23T12:59:44.956Z] [pid=1710] [INFO] [EdgeSync] CHANNEL-SDK: handshake starting userId=fdee3d54-95b6-4e9c-aaff-50ad9505aab4 deviceId=4d6cede0-b354-523b-bf1f-9ad4d9ec28d2
[2026-09-23T12:59:44.957Z] [pid=1710] [INFO] [EdgeSync] CHANNEL-SDK: [channel-sdk] [handshake] start {"userId":"fdee3d54-95b6-4e9c-aaff-50ad9505aab4","deviceId":"4d6cede0-b354-523b-bf1f-9ad4d9ec28d2","clientType":"desktop"}
[2026-09-23T12:59:44.958Z] [pid=1710] [INFO] [EdgeSync] CHANNEL-CREDS: fetching userId=fdee3d54-95b6-4e9c-aaff-50ad9505aab4 deviceId=4d6cede0-b354-523b-bf1f-9ad4d9ec28d2 deviceName=MacBook Pro (4) extraScopes=[]
[2026-09-23T12:59:46.009Z] [pid=1710] [INFO] [EdgeSync] CHANNEL-SDK: state=reconnecting
[2026-09-23T12:59:46.009Z] [pid=1710] [CHANNEL_STATE] phase=reconnecting reason=- code=-
[2026-09-23T12:59:46.010Z] [pid=1710] [INFO] [EdgeSync] CHANNEL-SDK: [channel-sdk] [supervisor] escalated to reconnecting {"attempt":0}
[2026-09-23T12:59:47.570Z] [pid=1710] [INFO] [EdgeSync] CHANNEL-SDK: [channel-sdk] [ws-transport] connected {"client":"69350595-68e0-4f9b-bc48-1ff644ffe221"}
[2026-09-23T12:59:47.571Z] [pid=1710] [INFO] [EdgeSync] CHANNEL-SDK: [channel-sdk] [supervisor] recovered online {"outcome":"escalated"}
[2026-09-23T12:59:47.572Z] [pid=1710] [INFO] [EdgeSync] CHANNEL-SDK: state=connected
[2026-09-23T12:59:47.572Z] [pid=1710] [CHANNEL_STATE] phase=connected reason=- code=-
[2026-09-23T12:59:47.573Z] [pid=1710] [INFO] [EdgeSync] CHANNEL-SDK: [channel-sdk] [client] flushing outbox on recovered online {"pending":0}
[2026-09-23T12:59:47.573Z] [pid=1710] [INFO] [EdgeSync] CHANNEL-SDK: [channel-sdk] [client] self-heal reconnect done {"reason":"ack_stale"}
[2026-09-23T12:59:48.136Z] [pid=1710] [INFO] [EdgeSync] CHANNEL-SDK: [channel-sdk] [presence] heartbeat recovered {"channel":"user:fdee3d54-95b6-4e9c-aaff-50ad9505aab4:devices","source":"echo","afterFailures":1}
[2026-09-23T12:59:49.671Z] [pid=1710] [INFO] [EdgeSync] CHANNEL-CREDS urls: apisixPublishUrl=https://www.workbuddy.cn/cf-publish/api/publish cfWsUrl=wss://www.workbuddy.cn/cf-connect/websocket
[2026-09-23T12:59:49.672Z] [pid=1710] [INFO] [EdgeSync] CHANNEL-SDK: [channel-sdk] [handshake] credentials ready {"clientType":"desktop","keyVersion":1,"channels":4,"elapsedMs":4715}
[2026-09-23T12:59:50.732Z] [pid=1710] [INFO] [EdgeSync] CHANNEL-SDK: [channel-sdk] [ws-transport] connected {"client":"10660b76-5ef2-4a33-bfe8-49d23a660faf"}
[2026-09-23T12:59:50.732Z] [pid=1710] [INFO] [EdgeSync] CHANNEL-SDK: state=connected
[2026-09-23T12:59:50.732Z] [pid=1710] [CHANNEL_STATE] phase=connected reason=- code=-
[2026-09-23T12:59:50.734Z] [pid=1710] [INFO] [EdgeSync] CHANNEL-SDK: [channel-sdk] [handshake] completed {"clientType":"desktop","transport":"ws","keyVersion":1,"capabilities":{"acp":false,"outbox":true,"presence":true},"credentialsMs":4715,"connectMs":1060,"totalMs":5777}
[2026-09-23T12:59:50.734Z] [pid=1710] [INFO] [EdgeSync] CHANNEL-SDK: handshake OK
[2026-09-23T12:59:50.735Z] [pid=1710] [INFO] [EdgeSync] §5 LISTENING channel=executor:4d6cede0-b354-523b-bf1f-9ad4d9ec28d2 handlers=session.create,session.stop,prompt.submit,session.set_mode,session.get_mode,session.set_model,session.get_model,session.set_permission_mode,session.get_permission_mode,tool.answer,tool.cancel,permission.resolve,get_page,get_automations,get_task_artifacts,get_artifact,get_models,get_session_config,get_skills
[2026-09-23T12:59:50.735Z] [pid=1710] [LISTENING] channel=executor:4d6cede0-b354-523b-bf1f-9ad4d9ec28d2
[2026-09-23T12:59:50.735Z] [pid=1710] [INFO] [EdgeSync] §5 listening on executor:4d6cede0-b354-523b-bf1f-9ad4d9ec28d2
[2026-09-23T12:59:50.735Z] [pid=1710] [DEVICE_ONLINE_SEND] channel=user:fdee3d54-95b6-4e9c-aaff-50ad9505aab4:devices deviceId=4d6cede0-b354-523b-bf1f-9ad4d9ec28d2 hostname=MacBook Pro (4) deviceName=MacBook Pro (4) displayName=MacBook Pro (4) appVersion=5.3.14
[2026-09-23T12:59:50.736Z] [pid=1710] [INFO] [EdgeSync] CHANNEL-RECOVERY success reason=system-resume attempt=2 elapsedMs=22878
[2026-09-23T12:59:50.974Z] [pid=1710] [DEVICE_ONLINE_OK] channel=user:fdee3d54-95b6-4e9c-aaff-50ad9505aab4:devices
[2026-09-23T12:59:54.428Z] [pid=1710] [INFO] [EdgeSync] CHANNEL-CREDS: fetching userId=fdee3d54-95b6-4e9c-aaff-50ad9505aab4 deviceId=4d6cede0-b354-523b-bf1f-9ad4d9ec28d2 deviceName=MacBook Pro (4) extraScopes=[]
[2026-09-23T12:59:54.617Z] [pid=1710] [INFO] [EdgeSync] CHANNEL-CREDS urls: apisixPublishUrl=https://www.workbuddy.cn/cf-publish/api/publish cfWsUrl=wss://www.workbuddy.cn/cf-connect/websocket
[2026-09-23T12:59:54.620Z] [pid=1710] [INFO] [EdgeSync] CHANNEL-SDK: [channel-sdk] [handshake] token renewed via credManager {"keyVersion":1}
[2026-09-23T13:05:45.226Z] [pid=1710] [INFO] [EdgeSync] CHANNEL-RECOVERY start reason=system-resume
[2026-09-23T13:05:45.248Z] [pid=1710] [INFO] [EdgeSync] CHANNEL-SDK: [channel-sdk] [presence] timer drift detected {"driftMs":24433,"expectedAtMs":1790168720814,"firedAtMs":1790168745247,"frozen":false}
[2026-09-23T13:05:45.250Z] [pid=1710] [INFO] [EdgeSync] CHANNEL-SDK: [channel-sdk] [presence] timer drift detected {"driftMs":22172,"expectedAtMs":1790168723076,"firedAtMs":1790168745248,"frozen":false}
[2026-09-23T13:05:46.730Z] [pid=1710] [INFO] [waitForNetworkOnline] ready after 1503ms (first probe)
[2026-09-23T13:05:46.730Z] [pid=1710] [INFO] [EdgeSync] CHANNEL-RECOVERY network ready=true waitedMs=1503
[2026-09-23T13:05:46.731Z] [pid=1710] [INFO] [EdgeSync] CHANNEL-SDK: state=disconnected
[2026-09-23T13:05:46.731Z] [pid=1710] [CHANNEL_STATE] phase=disconnected reason=user_close code=-
[2026-09-23T13:05:47.418Z] [pid=1710] [INFO] [EdgeSync] CHANNEL-SDK: [channel-sdk] [ws-transport] disconnected {"code":0,"reason":"disconnect called"}
[2026-09-23T13:05:47.419Z] [pid=1710] [INFO] [EdgeSync] CHANNEL-SDK: handshake starting userId=fdee3d54-95b6-4e9c-aaff-50ad9505aab4 deviceId=4d6cede0-b354-523b-bf1f-9ad4d9ec28d2
[2026-09-23T13:05:47.419Z] [pid=1710] [INFO] [EdgeSync] CHANNEL-SDK: [channel-sdk] [handshake] start {"userId":"fdee3d54-95b6-4e9c-aaff-50ad9505aab4","deviceId":"4d6cede0-b354-523b-bf1f-9ad4d9ec28d2","clientType":"desktop"}
[2026-09-23T13:05:47.419Z] [pid=1710] [INFO] [EdgeSync] CHANNEL-CREDS: fetching userId=fdee3d54-95b6-4e9c-aaff-50ad9505aab4 deviceId=4d6cede0-b354-523b-bf1f-9ad4d9ec28d2 deviceName=MacBook Pro (4) extraScopes=[]
[2026-09-23T13:05:47.766Z] [pid=1710] [INFO] [EdgeSync] CHANNEL-CREDS urls: apisixPublishUrl=https://www.workbuddy.cn/cf-publish/api/publish cfWsUrl=wss://www.workbuddy.cn/cf-connect/websocket
[2026-09-23T13:05:47.766Z] [pid=1710] [INFO] [EdgeSync] CHANNEL-SDK: [channel-sdk] [handshake] credentials ready {"clientType":"desktop","keyVersion":1,"channels":4,"elapsedMs":347}
[2026-09-23T13:05:48.401Z] [pid=1710] [INFO] [EdgeSync] CHANNEL-SDK: [channel-sdk] [ws-transport] connected {"client":"747ef698-98f0-4648-930d-30c3be313f35"}
[2026-09-23T13:05:48.401Z] [pid=1710] [INFO] [EdgeSync] CHANNEL-SDK: state=connected
[2026-09-23T13:05:48.401Z] [pid=1710] [CHANNEL_STATE] phase=connected reason=- code=-
[2026-09-23T13:05:48.402Z] [pid=1710] [INFO] [EdgeSync] CHANNEL-SDK: [channel-sdk] [handshake] completed {"clientType":"desktop","transport":"ws","keyVersion":1,"capabilities":{"acp":false,"outbox":true,"presence":true},"credentialsMs":347,"connectMs":635,"totalMs":983}
[2026-09-23T13:05:48.403Z] [pid=1710] [INFO] [EdgeSync] CHANNEL-SDK: handshake OK
[2026-09-23T13:05:48.403Z] [pid=1710] [INFO] [EdgeSync] §5 LISTENING channel=executor:4d6cede0-b354-523b-bf1f-9ad4d9ec28d2 handlers=session.create,session.stop,prompt.submit,session.set_mode,session.get_mode,session.set_model,session.get_model,session.set_permission_mode,session.get_permission_mode,tool.answer,tool.cancel,permission.resolve,get_page,get_automations,get_task_artifacts,get_artifact,get_models,get_session_config,get_skills
[2026-09-23T13:05:48.403Z] [pid=1710] [LISTENING] channel=executor:4d6cede0-b354-523b-bf1f-9ad4d9ec28d2
[2026-09-23T13:05:48.404Z] [pid=1710] [INFO] [EdgeSync] §5 listening on executor:4d6cede0-b354-523b-bf1f-9ad4d9ec28d2
[2026-09-23T13:05:48.404Z] [pid=1710] [DEVICE_ONLINE_SEND] channel=user:fdee3d54-95b6-4e9c-aaff-50ad9505aab4:devices deviceId=4d6cede0-b354-523b-bf1f-9ad4d9ec28d2 hostname=MacBook Pro (4) deviceName=MacBook Pro (4) displayName=MacBook Pro (4) appVersion=5.3.14
[2026-09-23T13:05:48.405Z] [pid=1710] [INFO] [EdgeSync] CHANNEL-RECOVERY success reason=system-resume attempt=1 elapsedMs=3305
[2026-09-23T13:05:48.514Z] [pid=1710] [DEVICE_ONLINE_OK] channel=user:fdee3d54-95b6-4e9c-aaff-50ad9505aab4:devices
[2026-09-23T13:07:05.869Z] [pid=1710] [INFO] [EdgeSync] CHANNEL-SDK: [channel-sdk] [presence] timer drift detected {"driftMs":70493,"expectedAtMs":1790168755250,"firedAtMs":1790168825743,"frozen":true}
[2026-09-23T13:07:05.873Z] [pid=1710] [INFO] [EdgeSync] CHANNEL-SDK: [channel-sdk] [presence] triggering lightweight self-heal {"reason":"frozen","staleMs":80222}
[2026-09-23T13:07:05.874Z] [pid=1710] [INFO] [EdgeSync] CHANNEL-SDK: [channel-sdk] [ws-transport] forcing reconnect (dropping possibly half-open socket) 
[2026-09-23T13:07:05.874Z] [pid=1710] [INFO] [EdgeSync] CHANNEL-SDK: [channel-sdk] [ws-transport] disconnected {"code":0,"reason":"disconnect called"}
[2026-09-23T13:07:05.875Z] [pid=1710] [INFO] [EdgeSync] CHANNEL-SDK: [channel-sdk] [presence] timer drift detected {"driftMs":67472,"expectedAtMs":1790168758403,"firedAtMs":1790168825875,"frozen":true}
[2026-09-23T13:07:05.875Z] [pid=1710] [INFO] [EdgeSync] CHANNEL-SDK: [channel-sdk] [presence] triggering lightweight self-heal {"reason":"frozen","staleMs":77474}
[2026-09-23T13:07:05.876Z] [pid=1710] [INFO] [EdgeSync] CHANNEL-SDK: [channel-sdk] [ws-transport] forcing reconnect (dropping possibly half-open socket) 
[2026-09-23T13:07:05.876Z] [pid=1710] [INFO] [EdgeSync] CHANNEL-SDK: [channel-sdk] [ws-transport] disconnected {"code":0,"reason":"disconnect called"}
[2026-09-23T13:07:08.879Z] [pid=1710] [INFO] [EdgeSync] CHANNEL-SDK: state=reconnecting
[2026-09-23T13:07:08.879Z] [pid=1710] [CHANNEL_STATE] phase=reconnecting reason=- code=-
[2026-09-23T13:07:08.880Z] [pid=1710] [INFO] [EdgeSync] CHANNEL-SDK: [channel-sdk] [supervisor] escalated to reconnecting {"attempt":0}
[2026-09-23T13:07:08.881Z] [pid=1710] [INFO] [EdgeSync] CHANNEL-SDK: state=reconnecting
[2026-09-23T13:07:08.881Z] [pid=1710] [CHANNEL_STATE] phase=reconnecting reason=- code=-
[2026-09-23T13:07:08.881Z] [pid=1710] [INFO] [EdgeSync] CHANNEL-SDK: [channel-sdk] [supervisor] escalated to reconnecting {"attempt":0}
[2026-09-23T13:07:10.890Z] [pid=1710] [ERROR] [EdgeSync] CHANNEL-SDK: [channel-sdk] [client] publish failed {"channel":"user:fdee3d54-95b6-4e9c-aaff-50ad9505aab4:devices","scope":"user","transport":"cf-ws","parts":1,"errorCode":"unknown","elapsedMs":5000,"err":"code=1 message=timeout"}
[2026-09-23T13:07:10.890Z] [pid=1710] [ERROR] [EdgeSync] CHANNEL-SDK: [channel-sdk] [client] publish failed {"channel":"user:fdee3d54-95b6-4e9c-aaff-50ad9505aab4:devices","scope":"user","transport":"cf-ws","parts":1,"errorCode":"unknown","elapsedMs":5001,"err":"code=1 message=timeout"}
[2026-09-23T13:07:15.877Z] [pid=1710] [ERROR] [EdgeSync] CHANNEL-SDK: [channel-sdk] [presence] degraded: no heartbeat ack for too long {"channel":"user:fdee3d54-95b6-4e9c-aaff-50ad9505aab4:devices","staleMs":90229,"consecutiveFailures":1,"hint":"lightweight self-heal exhausted; business should rebuild the session"}
[2026-09-23T13:07:15.878Z] [pid=1710] [INFO] [EdgeSync] CHANNEL-SDK: [channel-sdk] [ws-transport] connect timed out after 10000ms 
[2026-09-23T13:07:15.879Z] [pid=1710] [INFO] [EdgeSync] CHANNEL-SDK: state=disconnected
[2026-09-23T13:07:15.879Z] [pid=1710] [CHANNEL_STATE] phase=disconnected reason=fatal code=-
[2026-09-23T13:07:15.879Z] [pid=1710] [INFO] [EdgeSync] CHANNEL-RECOVERY start reason=sdk-fatal
[2026-09-23T13:07:15.880Z] [pid=1710] [INFO] [EdgeSync] CHANNEL-SDK: [channel-sdk] [ws-transport] disconnected {"code":0,"reason":"disconnect called"}
[2026-09-23T13:07:15.881Z] [pid=1710] [INFO] [EdgeSync] CHANNEL-SDK: [channel-sdk] [presence] self-heal failed {"reason":"frozen","err":"Error: [ws-transport] connect timed out after 10000ms"}
[2026-09-23T13:07:15.881Z] [pid=1710] [INFO] [EdgeSync] CHANNEL-SDK: [channel-sdk] [ws-transport] connect timed out after 10000ms 
[2026-09-23T13:07:15.882Z] [pid=1710] [INFO] [EdgeSync] CHANNEL-SDK: state=disconnected
[2026-09-23T13:07:15.882Z] [pid=1710] [CHANNEL_STATE] phase=disconnected reason=fatal code=-
[2026-09-23T13:07:15.882Z] [pid=1710] [INFO] [EdgeSync] CHANNEL-SDK: [channel-sdk] [ws-transport] disconnected {"code":0,"reason":"disconnect called"}
[2026-09-23T13:07:15.883Z] [pid=1710] [INFO] [EdgeSync] CHANNEL-SDK: [channel-sdk] [presence] self-heal failed {"reason":"frozen","err":"Error: [ws-transport] connect timed out after 10000ms"}
[2026-09-23T13:07:17.411Z] [pid=1710] [INFO] [waitForNetworkOnline] ready after 1530ms (first probe)
[2026-09-23T13:07:17.411Z] [pid=1710] [INFO] [EdgeSync] CHANNEL-RECOVERY network ready=true waitedMs=1530
[2026-09-23T13:09:05.526Z] [pid=1710] [INFO] [EdgeSync] CHANNEL-SDK: handshake starting userId=fdee3d54-95b6-4e9c-aaff-50ad9505aab4 deviceId=4d6cede0-b354-523b-bf1f-9ad4d9ec28d2
[2026-09-23T13:09:05.531Z] [pid=1710] [INFO] [EdgeSync] CHANNEL-SDK: [channel-sdk] [handshake] start {"userId":"fdee3d54-95b6-4e9c-aaff-50ad9505aab4","deviceId":"4d6cede0-b354-523b-bf1f-9ad4d9ec28d2","clientType":"desktop"}
[2026-09-23T13:09:05.531Z] [pid=1710] [INFO] [EdgeSync] CHANNEL-CREDS: fetching userId=fdee3d54-95b6-4e9c-aaff-50ad9505aab4 deviceId=4d6cede0-b354-523b-bf1f-9ad4d9ec28d2 deviceName=MacBook Pro (4) extraScopes=[]
[2026-09-23T13:09:05.532Z] [pid=1710] [INFO] [EdgeSync] CHANNEL-SDK: [channel-sdk] [presence] timer drift detected {"driftMs":104655,"expectedAtMs":1790168840877,"firedAtMs":1790168945532,"frozen":true}
[2026-09-23T13:09:05.532Z] [pid=1710] [ERROR] [EdgeSync] CHANNEL-SDK: [channel-sdk] [presence] degraded: no heartbeat ack for too long {"channel":"user:fdee3d54-95b6-4e9c-aaff-50ad9505aab4:devices","staleMs":199885,"consecutiveFailures":1,"hint":"lightweight self-heal exhausted; business should rebuild the session"}
[2026-09-23T13:09:05.532Z] [pid=1710] [INFO] [EdgeSync] CHANNEL-SDK: [channel-sdk] [presence] triggering lightweight self-heal {"reason":"frozen","staleMs":199885}
[2026-09-23T13:09:05.532Z] [pid=1710] [INFO] [EdgeSync] CHANNEL-SDK: [channel-sdk] [ws-transport] forcing reconnect (dropping possibly half-open socket) 
[2026-09-23T13:09:05.532Z] [pid=1710] [ERROR] [EdgeSync] CHANNEL-SDK: [channel-sdk] [client] publish failed {"channel":"user:fdee3d54-95b6-4e9c-aaff-50ad9505aab4:devices","scope":"user","transport":"cf-ws","parts":1,"errorCode":"unknown","elapsedMs":109649,"err":"code=1 message=timeout"}
[2026-09-23T13:09:05.533Z] [pid=1710] [ERROR] [EdgeSync] CHANNEL-SDK: [channel-sdk] [client] publish failed {"channel":"user:fdee3d54-95b6-4e9c-aaff-50ad9505aab4:devices","scope":"user","transport":"cf-ws","parts":1,"errorCode":"unknown","elapsedMs":108120,"err":"code=1 message=timeout"}
[2026-09-23T13:09:05.533Z] [pid=1710] [WATCHDOG_UNHEALTHY] disconnectedFor=197132 hasSdk=false currentlyConnected=false hasPending=true
[2026-09-23T13:09:05.533Z] [pid=1710] [WATCHDOG_FORCE_RESTART] reason=watchdog-unhealthy hadPendingConnect=true
[2026-09-23T13:09:05.533Z] [pid=1710] [WARN] [EdgeSync] WATCHDOG force restart channel-sdk: reason=watchdog-unhealthy
[2026-09-23T13:09:05.533Z] [pid=1710] [INFO] [EdgeSync] CHANNEL-SDK: handshake starting userId=fdee3d54-95b6-4e9c-aaff-50ad9505aab4 deviceId=4d6cede0-b354-523b-bf1f-9ad4d9ec28d2
[2026-09-23T13:09:05.533Z] [pid=1710] [INFO] [EdgeSync] CHANNEL-SDK: [channel-sdk] [handshake] start {"userId":"fdee3d54-95b6-4e9c-aaff-50ad9505aab4","deviceId":"4d6cede0-b354-523b-bf1f-9ad4d9ec28d2","clientType":"desktop"}
[2026-09-23T13:09:05.533Z] [pid=1710] [INFO] [EdgeSync] CHANNEL-CREDS: fetching userId=fdee3d54-95b6-4e9c-aaff-50ad9505aab4 deviceId=4d6cede0-b354-523b-bf1f-9ad4d9ec28d2 deviceName=MacBook Pro (4) extraScopes=[]
[2026-09-23T13:09:06.752Z] [pid=1710] [ERROR] [EdgeSync] CHANNEL-SDK: [channel-sdk] [handshake] fetchCredentials failed {"clientType":"desktop","elapsedMs":1219,"err":"fetch failed"}
[2026-09-23T13:09:06.752Z] [pid=1710] [ERROR] [EdgeSync] CHANNEL-CREDS failed: fetch failed
[2026-09-23T13:09:06.753Z] [pid=1710] [ERROR] [EdgeSync] CHANNEL-SDK: handshake failed: fetch failed
[2026-09-23T13:09:06.754Z] [pid=1710] [WARN] [EdgeSync] WATCHDOG force restart failed: Error: channel-sdk force restart failed
[2026-09-23T13:09:06.756Z] [pid=1710] [ERROR] [EdgeSync] CHANNEL-CREDS failed: fetch failed
[2026-09-23T13:09:06.757Z] [pid=1710] [ERROR] [EdgeSync] CHANNEL-SDK: [channel-sdk] [handshake] fetchCredentials failed {"clientType":"desktop","elapsedMs":1225,"err":"fetch failed"}
[2026-09-23T13:09:06.757Z] [pid=1710] [ERROR] [EdgeSync] CHANNEL-SDK: handshake failed: fetch failed
[2026-09-23T13:09:06.758Z] [pid=1710] [WARN] [EdgeSync] CHANNEL-RECOVERY attempt=1 failed: channel-sdk handshake failed
[2026-09-23T13:09:08.533Z] [pid=1710] [INFO] [EdgeSync] CHANNEL-SDK: state=reconnecting
[2026-09-23T13:09:08.534Z] [pid=1710] [CHANNEL_STATE] phase=reconnecting reason=- code=-
[2026-09-23T13:09:08.535Z] [pid=1710] [INFO] [EdgeSync] CHANNEL-SDK: [channel-sdk] [supervisor] escalated to reconnecting {"attempt":2,"lastError":"connect called"}
[2026-09-23T13:09:08.761Z] [pid=1710] [INFO] [EdgeSync] CHANNEL-SDK: handshake starting userId=fdee3d54-95b6-4e9c-aaff-50ad9505aab4 deviceId=4d6cede0-b354-523b-bf1f-9ad4d9ec28d2
[2026-09-23T13:09:08.762Z] [pid=1710] [INFO] [EdgeSync] CHANNEL-SDK: [channel-sdk] [handshake] start {"userId":"fdee3d54-95b6-4e9c-aaff-50ad9505aab4","deviceId":"4d6cede0-b354-523b-bf1f-9ad4d9ec28d2","clientType":"desktop"}
[2026-09-23T13:09:08.763Z] [pid=1710] [INFO] [EdgeSync] CHANNEL-CREDS: fetching userId=fdee3d54-95b6-4e9c-aaff-50ad9505aab4 deviceId=4d6cede0-b354-523b-bf1f-9ad4d9ec28d2 deviceName=MacBook Pro (4) extraScopes=[]
[2026-09-23T13:09:08.777Z] [pid=1710] [ERROR] [EdgeSync] CHANNEL-CREDS failed: fetch failed
[2026-09-23T13:09:08.777Z] [pid=1710] [ERROR] [EdgeSync] CHANNEL-SDK: [channel-sdk] [handshake] fetchCredentials failed {"clientType":"desktop","elapsedMs":15,"err":"fetch failed"}
[2026-09-23T13:09:08.777Z] [pid=1710] [ERROR] [EdgeSync] CHANNEL-SDK: handshake failed: fetch failed
[2026-09-23T13:09:08.778Z] [pid=1710] [WARN] [EdgeSync] CHANNEL-RECOVERY attempt=2 failed: channel-sdk handshake failed
[2026-09-23T13:09:10.554Z] [pid=1710] [ERROR] [EdgeSync] CHANNEL-SDK: [channel-sdk] [client] publish failed {"channel":"user:fdee3d54-95b6-4e9c-aaff-50ad9505aab4:devices","scope":"user","transport":"cf-ws","parts":1,"errorCode":"unknown","elapsedMs":5003,"err":"code=1 message=timeout"}
[2026-09-23T13:09:13.781Z] [pid=1710] [INFO] [EdgeSync] CHANNEL-SDK: handshake starting userId=fdee3d54-95b6-4e9c-aaff-50ad9505aab4 deviceId=4d6cede0-b354-523b-bf1f-9ad4d9ec28d2
[2026-09-23T13:09:13.782Z] [pid=1710] [INFO] [EdgeSync] CHANNEL-SDK: [channel-sdk] [handshake] start {"userId":"fdee3d54-95b6-4e9c-aaff-50ad9505aab4","deviceId":"4d6cede0-b354-523b-bf1f-9ad4d9ec28d2","clientType":"desktop"}
[2026-09-23T13:09:13.783Z] [pid=1710] [INFO] [EdgeSync] CHANNEL-CREDS: fetching userId=fdee3d54-95b6-4e9c-aaff-50ad9505aab4 deviceId=4d6cede0-b354-523b-bf1f-9ad4d9ec28d2 deviceName=MacBook Pro (4) extraScopes=[]
[2026-09-23T13:09:13.797Z] [pid=1710] [ERROR] [EdgeSync] CHANNEL-CREDS failed: fetch failed
[2026-09-23T13:09:13.798Z] [pid=1710] [ERROR] [EdgeSync] CHANNEL-SDK: [channel-sdk] [handshake] fetchCredentials failed {"clientType":"desktop","elapsedMs":15,"err":"fetch failed"}
[2026-09-23T13:09:13.798Z] [pid=1710] [ERROR] [EdgeSync] CHANNEL-SDK: handshake failed: fetch failed
[2026-09-23T13:09:13.798Z] [pid=1710] [WARN] [EdgeSync] CHANNEL-RECOVERY attempt=3 failed: channel-sdk handshake failed
[2026-09-23T13:09:15.534Z] [pid=1710] [INFO] [EdgeSync] CHANNEL-SDK: [channel-sdk] [ws-transport] connect timed out after 10000ms 
[2026-09-23T13:09:15.535Z] [pid=1710] [INFO] [EdgeSync] CHANNEL-SDK: state=disconnected
[2026-09-23T13:09:15.535Z] [pid=1710] [CHANNEL_STATE] phase=disconnected reason=fatal code=-
[2026-09-23T13:09:15.535Z] [pid=1710] [INFO] [EdgeSync] CHANNEL-SDK: [channel-sdk] [ws-transport] disconnected {"code":0,"reason":"disconnect called"}
[2026-09-23T13:09:15.536Z] [pid=1710] [INFO] [EdgeSync] CHANNEL-SDK: [channel-sdk] [presence] self-heal failed {"reason":"frozen","err":"Error: [ws-transport] connect timed out after 10000ms"}
[2026-09-23T13:09:31.027Z] [pid=1710] [INFO] [EdgeSync] CHANNEL-SDK: handshake starting userId=fdee3d54-95b6-4e9c-aaff-50ad9505aab4 deviceId=4d6cede0-b354-523b-bf1f-9ad4d9ec28d2
[2026-09-23T13:09:31.034Z] [pid=1710] [INFO] [EdgeSync] CHANNEL-SDK: [channel-sdk] [handshake] start {"userId":"fdee3d54-95b6-4e9c-aaff-50ad9505aab4","deviceId":"4d6cede0-b354-523b-bf1f-9ad4d9ec28d2","clientType":"desktop"}
[2026-09-23T13:09:31.035Z] [pid=1710] [INFO] [EdgeSync] CHANNEL-CREDS: fetching userId=fdee3d54-95b6-4e9c-aaff-50ad9505aab4 deviceId=4d6cede0-b354-523b-bf1f-9ad4d9ec28d2 deviceName=MacBook Pro (4) extraScopes=[]
[2026-09-23T13:09:31.040Z] [pid=1710] [INFO] [EdgeSync] CHANNEL-SDK: [channel-sdk] [presence] timer drift detected {"driftMs":10504,"expectedAtMs":1790168960536,"firedAtMs":1790168971040,"frozen":false}
[2026-09-23T13:09:31.040Z] [pid=1710] [INFO] [EdgeSync] CHANNEL-SDK: [channel-sdk] [presence] triggering lightweight self-heal {"reason":"ack_stale","staleMs":225393}
[2026-09-23T13:09:31.040Z] [pid=1710] [INFO] [EdgeSync] CHANNEL-SDK: [channel-sdk] [ws-transport] forcing reconnect (dropping possibly half-open socket) 
[2026-09-23T13:09:31.097Z] [pid=1710] [ERROR] [EdgeSync] CHANNEL-CREDS failed: fetch failed
[2026-09-23T13:09:31.101Z] [pid=1710] [ERROR] [EdgeSync] CHANNEL-SDK: [channel-sdk] [handshake] fetchCredentials failed {"clientType":"desktop","elapsedMs":63,"err":"fetch failed"}
[2026-09-23T13:09:31.108Z] [pid=1710] [ERROR] [EdgeSync] CHANNEL-SDK: handshake failed: fetch failed
[2026-09-23T13:09:31.110Z] [pid=1710] [WARN] [EdgeSync] CHANNEL-RECOVERY attempt=4 failed: channel-sdk handshake failed
[2026-09-23T13:09:34.042Z] [pid=1710] [INFO] [EdgeSync] CHANNEL-SDK: state=reconnecting
[2026-09-23T13:09:34.042Z] [pid=1710] [CHANNEL_STATE] phase=reconnecting reason=- code=-
[2026-09-23T13:09:34.043Z] [pid=1710] [INFO] [EdgeSync] CHANNEL-SDK: [channel-sdk] [supervisor] escalated to reconnecting {"attempt":3,"lastError":"connect called"}
[2026-09-23T13:09:36.114Z] [pid=1710] [ERROR] [EdgeSync] CHANNEL-SDK: [channel-sdk] [client] publish failed {"channel":"user:fdee3d54-95b6-4e9c-aaff-50ad9505aab4:devices","scope":"user","transport":"cf-ws","parts":1,"errorCode":"unknown","elapsedMs":5001,"err":"code=1 message=timeout"}
[2026-09-23T13:09:36.114Z] [pid=1710] [ERROR] [EdgeSync] CHANNEL-SDK: [channel-sdk] [presence] device.online heartbeat persistently failing — device will be marked offline {"channel":"user:fdee3d54-95b6-4e9c-aaff-50ad9505aab4:devices","reason":"drift","consecutiveFailures":3,"staleMs":230467,"err":"code=1 message=timeout","hint":"half-open WS / publish_proxy rejecting / missing publish permission; watchdog will force a self-heal"}
[2026-09-23T13:09:36.755Z] [pid=1710] [WATCHDOG_SKIP_COOLDOWN] disconnectedFor=228353 sinceRestart=31221 hasSdk=false
[2026-09-23T13:09:41.042Z] [pid=1710] [INFO] [EdgeSync] CHANNEL-SDK: [channel-sdk] [ws-transport] connect timed out after 10000ms 
[2026-09-23T13:09:41.044Z] [pid=1710] [INFO] [EdgeSync] CHANNEL-SDK: state=disconnected
[2026-09-23T13:09:41.044Z] [pid=1710] [CHANNEL_STATE] phase=disconnected reason=fatal code=-
[2026-09-23T13:09:41.044Z] [pid=1710] [INFO] [EdgeSync] CHANNEL-SDK: [channel-sdk] [ws-transport] disconnected {"code":0,"reason":"disconnect called"}
[2026-09-23T13:09:41.045Z] [pid=1710] [INFO] [EdgeSync] CHANNEL-SDK: [channel-sdk] [presence] self-heal failed {"reason":"ack_stale","err":"Error: [ws-transport] connect timed out after 10000ms"}
[2026-09-23T13:09:46.042Z] [pid=1710] [INFO] [EdgeSync] CHANNEL-SDK: [channel-sdk] [presence] triggering lightweight self-heal {"reason":"ack_stale","staleMs":240394}
[2026-09-23T13:09:46.043Z] [pid=1710] [INFO] [EdgeSync] CHANNEL-SDK: [channel-sdk] [ws-transport] forcing reconnect (dropping possibly half-open socket) 
[2026-09-23T13:09:47.062Z] [pid=1710] [INFO] [EdgeSync] CHANNEL-SDK: [channel-sdk] [ws-transport] connected {"client":"4c511354-fe19-4766-bef9-4c8d02e7ff29"}
[2026-09-23T13:09:47.063Z] [pid=1710] [INFO] [EdgeSync] CHANNEL-SDK: [channel-sdk] [supervisor] recovered online {"outcome":"grace_recovered"}
[2026-09-23T13:09:47.065Z] [pid=1710] [INFO] [EdgeSync] CHANNEL-SDK: state=connected
[2026-09-23T13:09:47.068Z] [pid=1710] [INFO] [EdgeSync] CHANNEL-SDK: [channel-sdk] [client] flushing outbox on recovered online {"pending":0}
[2026-09-23T13:09:47.065Z] [pid=1710] [CHANNEL_STATE] phase=connected reason=- code=-
[2026-09-23T13:09:47.069Z] [pid=1710] [INFO] [EdgeSync] CHANNEL-SDK: [channel-sdk] [client] self-heal reconnect done {"reason":"ack_stale"}
[2026-09-23T13:09:51.254Z] [pid=1710] [INFO] [EdgeSync] CHANNEL-SDK: [channel-sdk] [presence] heartbeat recovered {"channel":"user:fdee3d54-95b6-4e9c-aaff-50ad9505aab4:devices","source":"echo","afterFailures":3}
[2026-09-23T13:10:01.114Z] [pid=1710] [INFO] [EdgeSync] CHANNEL-SDK: handshake starting userId=fdee3d54-95b6-4e9c-aaff-50ad9505aab4 deviceId=4d6cede0-b354-523b-bf1f-9ad4d9ec28d2
[2026-09-23T13:10:01.115Z] [pid=1710] [INFO] [EdgeSync] CHANNEL-SDK: [channel-sdk] [handshake] start {"userId":"fdee3d54-95b6-4e9c-aaff-50ad9505aab4","deviceId":"4d6cede0-b354-523b-bf1f-9ad4d9ec28d2","clientType":"desktop"}
[2026-09-23T13:10:01.116Z] [pid=1710] [INFO] [EdgeSync] CHANNEL-CREDS: fetching userId=fdee3d54-95b6-4e9c-aaff-50ad9505aab4 deviceId=4d6cede0-b354-523b-bf1f-9ad4d9ec28d2 deviceName=MacBook Pro (4) extraScopes=[]
[2026-09-23T13:10:02.795Z] [pid=1710] [INFO] [EdgeSync] CHANNEL-CREDS urls: apisixPublishUrl=https://www.workbuddy.cn/cf-publish/api/publish cfWsUrl=wss://www.workbuddy.cn/cf-connect/websocket
[2026-09-23T13:10:02.798Z] [pid=1710] [INFO] [EdgeSync] CHANNEL-SDK: [channel-sdk] [handshake] credentials ready {"clientType":"desktop","keyVersion":1,"channels":4,"elapsedMs":1682}
[2026-09-23T13:10:03.749Z] [pid=1710] [INFO] [EdgeSync] CHANNEL-SDK: [channel-sdk] [ws-transport] connected {"client":"05d73fa4-7291-4640-b264-73cc55eface4"}
[2026-09-23T13:10:03.750Z] [pid=1710] [INFO] [EdgeSync] CHANNEL-SDK: state=connected
[2026-09-23T13:10:03.750Z] [pid=1710] [CHANNEL_STATE] phase=connected reason=- code=-
[2026-09-23T13:10:03.752Z] [pid=1710] [INFO] [EdgeSync] CHANNEL-SDK: [channel-sdk] [handshake] completed {"clientType":"desktop","transport":"ws","keyVersion":1,"capabilities":{"acp":false,"outbox":true,"presence":true},"credentialsMs":1682,"connectMs":952,"totalMs":2637}
[2026-09-23T13:10:03.752Z] [pid=1710] [INFO] [EdgeSync] CHANNEL-SDK: handshake OK
[2026-09-23T13:10:03.753Z] [pid=1710] [INFO] [EdgeSync] §5 LISTENING channel=executor:4d6cede0-b354-523b-bf1f-9ad4d9ec28d2 handlers=session.create,session.stop,prompt.submit,session.set_mode,session.get_mode,session.set_model,session.get_model,session.set_permission_mode,session.get_permission_mode,tool.answer,tool.cancel,permission.resolve,get_page,get_automations,get_task_artifacts,get_artifact,get_models,get_session_config,get_skills
[2026-09-23T13:10:03.753Z] [pid=1710] [LISTENING] channel=executor:4d6cede0-b354-523b-bf1f-9ad4d9ec28d2
[2026-09-23T13:10:03.754Z] [pid=1710] [INFO] [EdgeSync] §5 listening on executor:4d6cede0-b354-523b-bf1f-9ad4d9ec28d2
[2026-09-23T13:10:03.754Z] [pid=1710] [DEVICE_ONLINE_SEND] channel=user:fdee3d54-95b6-4e9c-aaff-50ad9505aab4:devices deviceId=4d6cede0-b354-523b-bf1f-9ad4d9ec28d2 hostname=MacBook Pro (4) deviceName=MacBook Pro (4) displayName=MacBook Pro (4) appVersion=5.3.14
[2026-09-23T13:10:03.756Z] [pid=1710] [INFO] [EdgeSync] CHANNEL-RECOVERY success reason=sdk-fatal attempt=5 elapsedMs=167876
[2026-09-23T13:10:03.962Z] [pid=1710] [DEVICE_ONLINE_OK] channel=user:fdee3d54-95b6-4e9c-aaff-50ad9505aab4:devices
[2026-09-23T13:14:47.819Z] [pid=1710] [INFO] [EdgeSync] CHANNEL-SDK: [channel-sdk] [presence] timer drift detected {"driftMs":141622,"expectedAtMs":1790169146069,"firedAtMs":1790169287691,"frozen":true}
[2026-09-23T13:14:47.821Z] [pid=1710] [ERROR] [EdgeSync] CHANNEL-SDK: [channel-sdk] [presence] degraded: no heartbeat ack for too long {"channel":"user:fdee3d54-95b6-4e9c-aaff-50ad9505aab4:devices","staleMs":156490,"consecutiveFailures":0,"hint":"lightweight self-heal exhausted; business should rebuild the session"}
[2026-09-23T13:14:47.830Z] [pid=1710] [INFO] [EdgeSync] CHANNEL-SDK: [channel-sdk] [presence] triggering lightweight self-heal {"reason":"frozen","staleMs":156620}
[2026-09-23T13:14:47.835Z] [pid=1710] [INFO] [EdgeSync] CHANNEL-SDK: [channel-sdk] [ws-transport] forcing reconnect (dropping possibly half-open socket) 
[2026-09-23T13:14:47.838Z] [pid=1710] [INFO] [EdgeSync] CHANNEL-SDK: [channel-sdk] [ws-transport] disconnected {"code":0,"reason":"disconnect called"}
[2026-09-23T13:14:47.928Z] [pid=1710] [INFO] [EdgeSync] CHANNEL-SDK: [channel-sdk] [presence] timer drift detected {"driftMs":139037,"expectedAtMs":1790169148810,"firedAtMs":1790169287847,"frozen":true}
[2026-09-23T13:14:47.991Z] [pid=1710] [ERROR] [EdgeSync] CHANNEL-SDK: [channel-sdk] [presence] degraded: no heartbeat ack for too long {"channel":"user:fdee3d54-95b6-4e9c-aaff-50ad9505aab4:devices","staleMs":143666,"consecutiveFailures":0,"hint":"lightweight self-heal exhausted; business should rebuild the session"}
[2026-09-23T13:14:48.142Z] [pid=1710] [INFO] [EdgeSync] CHANNEL-SDK: [channel-sdk] [presence] triggering lightweight self-heal {"reason":"frozen","staleMs":143810}
[2026-09-23T13:14:48.155Z] [pid=1710] [INFO] [EdgeSync] CHANNEL-SDK: [channel-sdk] [ws-transport] forcing reconnect (dropping possibly half-open socket) 
[2026-09-23T13:14:48.166Z] [pid=1710] [INFO] [EdgeSync] CHANNEL-SDK: [channel-sdk] [ws-transport] disconnected {"code":0,"reason":"disconnect called"}
[2026-09-23T13:14:48.626Z] [pid=1710] [INFO] [EdgeSync] CHANNEL-CREDS: fetching userId=fdee3d54-95b6-4e9c-aaff-50ad9505aab4 deviceId=4d6cede0-b354-523b-bf1f-9ad4d9ec28d2 deviceName=MacBook Pro (4) extraScopes=[]
[2026-09-23T13:14:48.640Z] [pid=1710] [INFO] [EdgeSync] CHANNEL-RECOVERY start reason=system-resume
[2026-09-23T13:14:49.279Z] [pid=1710] [INFO] [EdgeSync] CHANNEL-SDK: [channel-sdk] [ws-transport] connected {"client":"aeebb46b-25d6-498d-bdc9-58a1b8c10cd2"}
[2026-09-23T13:14:49.309Z] [pid=1710] [INFO] [EdgeSync] CHANNEL-SDK: [channel-sdk] [supervisor] recovered online {"outcome":"grace_recovered"}
[2026-09-23T13:14:49.323Z] [pid=1710] [INFO] [EdgeSync] CHANNEL-SDK: [channel-sdk] [client] flushing outbox on recovered online {"pending":0}
[2026-09-23T13:14:49.426Z] [pid=1710] [INFO] [EdgeSync] CHANNEL-SDK: [channel-sdk] [client] self-heal reconnect done {"reason":"frozen"}
[2026-09-23T13:14:49.651Z] [pid=1710] [INFO] [EdgeSync] CHANNEL-CREDS urls: apisixPublishUrl=https://www.workbuddy.cn/cf-publish/api/publish cfWsUrl=wss://www.workbuddy.cn/cf-connect/websocket
[2026-09-23T13:14:49.667Z] [pid=1710] [INFO] [EdgeSync] CHANNEL-SDK: [channel-sdk] [handshake] token renewed via credManager {"keyVersion":1}
[2026-09-23T13:14:49.720Z] [pid=1710] [INFO] [EdgeSync] CHANNEL-SDK: [channel-sdk] [ws-transport] connected {"client":"350af1f1-05d8-4730-a345-806fdb5f80eb"}
[2026-09-23T13:14:49.725Z] [pid=1710] [INFO] [EdgeSync] CHANNEL-SDK: [channel-sdk] [supervisor] recovered online {"outcome":"grace_recovered"}
[2026-09-23T13:14:49.726Z] [pid=1710] [INFO] [EdgeSync] CHANNEL-SDK: [channel-sdk] [client] flushing outbox on recovered online {"pending":0}
[2026-09-23T13:14:49.751Z] [pid=1710] [INFO] [EdgeSync] CHANNEL-SDK: [channel-sdk] [client] self-heal reconnect done {"reason":"frozen"}
[2026-09-23T13:14:50.146Z] [pid=1710] [INFO] [waitForNetworkOnline] ready after 1503ms (first probe)
[2026-09-23T13:14:50.147Z] [pid=1710] [INFO] [EdgeSync] CHANNEL-RECOVERY network ready=true waitedMs=1503
[2026-09-23T13:14:50.148Z] [pid=1710] [INFO] [EdgeSync] CHANNEL-SDK: state=disconnected
[2026-09-23T13:14:50.148Z] [pid=1710] [CHANNEL_STATE] phase=disconnected reason=user_close code=-
[2026-09-23T13:14:51.482Z] [pid=1710] [INFO] [EdgeSync] CHANNEL-SDK: [channel-sdk] [ws-transport] disconnected {"code":0,"reason":"disconnect called"}
[2026-09-23T13:14:51.483Z] [pid=1710] [INFO] [EdgeSync] CHANNEL-SDK: handshake starting userId=fdee3d54-95b6-4e9c-aaff-50ad9505aab4 deviceId=4d6cede0-b354-523b-bf1f-9ad4d9ec28d2
[2026-09-23T13:14:51.484Z] [pid=1710] [INFO] [EdgeSync] CHANNEL-SDK: [channel-sdk] [handshake] start {"userId":"fdee3d54-95b6-4e9c-aaff-50ad9505aab4","deviceId":"4d6cede0-b354-523b-bf1f-9ad4d9ec28d2","clientType":"desktop"}
[2026-09-23T13:14:51.484Z] [pid=1710] [INFO] [EdgeSync] CHANNEL-CREDS: fetching userId=fdee3d54-95b6-4e9c-aaff-50ad9505aab4 deviceId=4d6cede0-b354-523b-bf1f-9ad4d9ec28d2 deviceName=MacBook Pro (4) extraScopes=[]
[2026-09-23T13:14:51.703Z] [pid=1710] [INFO] [EdgeSync] CHANNEL-CREDS urls: apisixPublishUrl=https://www.workbuddy.cn/cf-publish/api/publish cfWsUrl=wss://www.workbuddy.cn/cf-connect/websocket
[2026-09-23T13:14:51.704Z] [pid=1710] [INFO] [EdgeSync] CHANNEL-SDK: [channel-sdk] [handshake] credentials ready {"clientType":"desktop","keyVersion":1,"channels":4,"elapsedMs":219}
[2026-09-23T13:14:52.339Z] [pid=1710] [INFO] [EdgeSync] CHANNEL-SDK: [channel-sdk] [ws-transport] connected {"client":"ad46396d-c836-4217-b87c-de0d19db5723"}
[2026-09-23T13:14:52.339Z] [pid=1710] [INFO] [EdgeSync] CHANNEL-SDK: state=connected
[2026-09-23T13:14:52.340Z] [pid=1710] [CHANNEL_STATE] phase=connected reason=- code=-
[2026-09-23T13:14:52.341Z] [pid=1710] [INFO] [EdgeSync] CHANNEL-SDK: [channel-sdk] [handshake] completed {"clientType":"desktop","transport":"ws","keyVersion":1,"capabilities":{"acp":false,"outbox":true,"presence":true},"credentialsMs":219,"connectMs":636,"totalMs":857}
[2026-09-23T13:14:52.341Z] [pid=1710] [INFO] [EdgeSync] CHANNEL-SDK: handshake OK
[2026-09-23T13:14:52.342Z] [pid=1710] [INFO] [EdgeSync] §5 LISTENING channel=executor:4d6cede0-b354-523b-bf1f-9ad4d9ec28d2 handlers=session.create,session.stop,prompt.submit,session.set_mode,session.get_mode,session.set_model,session.get_model,session.set_permission_mode,session.get_permission_mode,tool.answer,tool.cancel,permission.resolve,get_page,get_automations,get_task_artifacts,get_artifact,get_models,get_session_config,get_skills
[2026-09-23T13:14:52.342Z] [pid=1710] [LISTENING] channel=executor:4d6cede0-b354-523b-bf1f-9ad4d9ec28d2
[2026-09-23T13:14:52.343Z] [pid=1710] [INFO] [EdgeSync] §5 listening on executor:4d6cede0-b354-523b-bf1f-9ad4d9ec28d2
[2026-09-23T13:14:52.343Z] [pid=1710] [DEVICE_ONLINE_SEND] channel=user:fdee3d54-95b6-4e9c-aaff-50ad9505aab4:devices deviceId=4d6cede0-b354-523b-bf1f-9ad4d9ec28d2 hostname=MacBook Pro (4) deviceName=MacBook Pro (4) displayName=MacBook Pro (4) appVersion=5.3.14
[2026-09-23T13:14:52.345Z] [pid=1710] [INFO] [EdgeSync] CHANNEL-RECOVERY success reason=system-resume attempt=1 elapsedMs=3709
[2026-09-23T13:14:52.529Z] [pid=1710] [DEVICE_ONLINE_OK] channel=user:fdee3d54-95b6-4e9c-aaff-50ad9505aab4:devices
[2026-09-23T13:20:22.607Z] [pid=1710] [INFO] [EdgeSync] CHANNEL-SDK: [channel-sdk] [presence] timer drift detected {"driftMs":24583,"expectedAtMs":1790169597895,"firedAtMs":1790169622478,"frozen":false}
[2026-09-23T13:20:22.610Z] [pid=1710] [INFO] [EdgeSync] CHANNEL-SDK: [channel-sdk] [presence] timer drift detected {"driftMs":20205,"expectedAtMs":1790169602403,"firedAtMs":1790169622608,"frozen":false}
[2026-09-23T13:20:23.115Z] [pid=1710] [ERROR] [EdgeSync] CHANNEL-SDK: [channel-sdk] [client] publish failed {"channel":"user:fdee3d54-95b6-4e9c-aaff-50ad9505aab4:devices","scope":"user","transport":"cf-ws","parts":1,"errorCode":"unknown","elapsedMs":501,"err":"code=11 message=connection closed"}
[2026-09-23T13:20:23.148Z] [pid=1710] [ERROR] [EdgeSync] CHANNEL-SDK: [channel-sdk] [client] publish failed {"channel":"user:fdee3d54-95b6-4e9c-aaff-50ad9505aab4:devices","scope":"user","transport":"cf-ws","parts":1,"errorCode":"unknown","elapsedMs":517,"err":"code=11 message=connection closed"}
[2026-09-23T13:20:24.051Z] [pid=1710] [INFO] [EdgeSync] CHANNEL-SDK: [channel-sdk] [ws-transport] connected {"client":"b5d5e025-8478-4ea5-aeb1-87d1897a0008"}
[2026-09-23T13:20:24.052Z] [pid=1710] [INFO] [EdgeSync] CHANNEL-SDK: [channel-sdk] [supervisor] recovered online {"outcome":"grace_recovered"}
[2026-09-23T13:20:24.053Z] [pid=1710] [INFO] [EdgeSync] CHANNEL-SDK: [channel-sdk] [client] flushing outbox on recovered online {"pending":0}
[2026-09-23T13:20:24.069Z] [pid=1710] [INFO] [EdgeSync] CHANNEL-SDK: [channel-sdk] [ws-transport] connected {"client":"c582d853-137c-4273-978c-a63a8f6937dd"}
[2026-09-23T13:20:24.071Z] [pid=1710] [INFO] [EdgeSync] CHANNEL-SDK: [channel-sdk] [client] flushing outbox on recovered online {"pending":0}
[2026-09-23T13:20:24.070Z] [pid=1710] [INFO] [EdgeSync] CHANNEL-SDK: [channel-sdk] [supervisor] recovered online {"outcome":"grace_recovered"}
[2026-09-23T13:20:27.736Z] [pid=1710] [INFO] [EdgeSync] CHANNEL-SDK: [channel-sdk] [presence] heartbeat recovered {"channel":"user:fdee3d54-95b6-4e9c-aaff-50ad9505aab4:devices","source":"echo","afterFailures":1}
[2026-09-23T13:20:27.946Z] [pid=1710] [INFO] [EdgeSync] CHANNEL-SDK: [channel-sdk] [presence] heartbeat recovered {"channel":"user:fdee3d54-95b6-4e9c-aaff-50ad9505aab4:devices","source":"echo","afterFailures":1}
[2026-09-23T13:27:40.942Z] [pid=1710] [INFO] [EdgeSync] CHANNEL-SDK: [channel-sdk] [presence] timer drift detected {"driftMs":353176,"expectedAtMs":1790169707635,"firedAtMs":1790170060811,"frozen":true}
[2026-09-23T13:27:40.949Z] [pid=1710] [ERROR] [EdgeSync] CHANNEL-SDK: [channel-sdk] [presence] degraded: no heartbeat ack for too long {"channel":"user:fdee3d54-95b6-4e9c-aaff-50ad9505aab4:devices","staleMs":372820,"consecutiveFailures":0,"hint":"lightweight self-heal exhausted; business should rebuild the session"}
[2026-09-23T13:27:40.951Z] [pid=1710] [INFO] [EdgeSync] CHANNEL-SDK: [channel-sdk] [presence] triggering lightweight self-heal {"reason":"frozen","staleMs":372958}
[2026-09-23T13:27:40.952Z] [pid=1710] [INFO] [EdgeSync] CHANNEL-SDK: [channel-sdk] [ws-transport] forcing reconnect (dropping possibly half-open socket) 
[2026-09-23T13:27:40.954Z] [pid=1710] [INFO] [EdgeSync] CHANNEL-SDK: [channel-sdk] [ws-transport] disconnected {"code":0,"reason":"disconnect called"}
[2026-09-23T13:27:40.956Z] [pid=1710] [INFO] [EdgeSync] CHANNEL-SDK: [channel-sdk] [presence] timer drift detected {"driftMs":353319,"expectedAtMs":1790169707636,"firedAtMs":1790170060955,"frozen":true}
[2026-09-23T13:27:40.957Z] [pid=1710] [ERROR] [EdgeSync] CHANNEL-SDK: [channel-sdk] [presence] degraded: no heartbeat ack for too long {"channel":"user:fdee3d54-95b6-4e9c-aaff-50ad9505aab4:devices","staleMs":373219,"consecutiveFailures":0,"hint":"lightweight self-heal exhausted; business should rebuild the session"}
[2026-09-23T13:27:40.957Z] [pid=1710] [INFO] [EdgeSync] CHANNEL-SDK: [channel-sdk] [presence] triggering lightweight self-heal {"reason":"frozen","staleMs":373221}
[2026-09-23T13:27:40.958Z] [pid=1710] [INFO] [EdgeSync] CHANNEL-SDK: [channel-sdk] [ws-transport] forcing reconnect (dropping possibly half-open socket) 
[2026-09-23T13:27:40.959Z] [pid=1710] [INFO] [EdgeSync] CHANNEL-SDK: [channel-sdk] [ws-transport] disconnected {"code":0,"reason":"disconnect called"}
[2026-09-23T13:27:41.873Z] [pid=1710] [INFO] [EdgeSync] CHANNEL-RECOVERY start reason=system-resume
[2026-09-23T13:27:43.078Z] [pid=1710] [INFO] [EdgeSync] CHANNEL-SDK: [channel-sdk] [ws-transport] connected {"client":"6d6b16cf-81ad-49b3-8ee6-afdc3beb4ca1"}
[2026-09-23T13:27:43.082Z] [pid=1710] [INFO] [EdgeSync] CHANNEL-SDK: [channel-sdk] [supervisor] recovered online {"outcome":"grace_recovered"}
[2026-09-23T13:27:43.086Z] [pid=1710] [INFO] [EdgeSync] CHANNEL-SDK: [channel-sdk] [client] flushing outbox on recovered online {"pending":0}
[2026-09-23T13:27:43.122Z] [pid=1710] [INFO] [EdgeSync] CHANNEL-SDK: [channel-sdk] [client] self-heal reconnect done {"reason":"frozen"}
[2026-09-23T13:27:43.337Z] [pid=1710] [INFO] [EdgeSync] CHANNEL-SDK: [channel-sdk] [ws-transport] connected {"client":"10b4814d-2933-4315-b0ef-13687589e9a4"}
[2026-09-23T13:27:43.377Z] [pid=1710] [INFO] [EdgeSync] CHANNEL-SDK: [channel-sdk] [supervisor] recovered online {"outcome":"grace_recovered"}
[2026-09-23T13:27:43.380Z] [pid=1710] [INFO] [EdgeSync] CHANNEL-SDK: [channel-sdk] [client] flushing outbox on recovered online {"pending":0}
[2026-09-23T13:27:43.394Z] [pid=1710] [INFO] [EdgeSync] CHANNEL-SDK: [channel-sdk] [client] self-heal reconnect done {"reason":"frozen"}
[2026-09-23T13:27:43.403Z] [pid=1710] [INFO] [waitForNetworkOnline] ready after 1521ms (first probe)
[2026-09-23T13:27:43.407Z] [pid=1710] [INFO] [EdgeSync] CHANNEL-RECOVERY network ready=true waitedMs=1521
[2026-09-23T13:27:43.419Z] [pid=1710] [INFO] [EdgeSync] CHANNEL-SDK: state=disconnected
[2026-09-23T13:27:43.419Z] [pid=1710] [CHANNEL_STATE] phase=disconnected reason=user_close code=-
[2026-09-23T13:27:43.804Z] [pid=1710] [INFO] [EdgeSync] CHANNEL-SDK: [channel-sdk] [ws-transport] disconnected {"code":0,"reason":"disconnect called"}
[2026-09-23T13:27:43.805Z] [pid=1710] [INFO] [EdgeSync] CHANNEL-SDK: handshake starting userId=fdee3d54-95b6-4e9c-aaff-50ad9505aab4 deviceId=4d6cede0-b354-523b-bf1f-9ad4d9ec28d2
[2026-09-23T13:27:43.805Z] [pid=1710] [INFO] [EdgeSync] CHANNEL-SDK: [channel-sdk] [handshake] start {"userId":"fdee3d54-95b6-4e9c-aaff-50ad9505aab4","deviceId":"4d6cede0-b354-523b-bf1f-9ad4d9ec28d2","clientType":"desktop"}
[2026-09-23T13:27:43.805Z] [pid=1710] [INFO] [EdgeSync] CHANNEL-CREDS: fetching userId=fdee3d54-95b6-4e9c-aaff-50ad9505aab4 deviceId=4d6cede0-b354-523b-bf1f-9ad4d9ec28d2 deviceName=MacBook Pro (4) extraScopes=[]
[2026-09-23T13:27:45.002Z] [pid=1710] [INFO] [EdgeSync] CHANNEL-CREDS urls: apisixPublishUrl=https://www.workbuddy.cn/cf-publish/api/publish cfWsUrl=wss://www.workbuddy.cn/cf-connect/websocket
[2026-09-23T13:27:45.003Z] [pid=1710] [INFO] [EdgeSync] CHANNEL-SDK: [channel-sdk] [handshake] credentials ready {"clientType":"desktop","keyVersion":1,"channels":4,"elapsedMs":1198}
[2026-09-23T13:27:45.646Z] [pid=1710] [INFO] [EdgeSync] CHANNEL-SDK: [channel-sdk] [ws-transport] connected {"client":"4eb2c0cd-0e5a-4722-aeec-29ab99fecf2a"}
[2026-09-23T13:27:45.648Z] [pid=1710] [CHANNEL_STATE] phase=connected reason=- code=-
[2026-09-23T13:27:45.648Z] [pid=1710] [INFO] [EdgeSync] CHANNEL-SDK: state=connected
[2026-09-23T13:27:45.651Z] [pid=1710] [INFO] [EdgeSync] CHANNEL-SDK: [channel-sdk] [handshake] completed {"clientType":"desktop","transport":"ws","keyVersion":1,"capabilities":{"acp":false,"outbox":true,"presence":true},"credentialsMs":1198,"connectMs":645,"totalMs":1844}
[2026-09-23T13:27:45.652Z] [pid=1710] [INFO] [EdgeSync] CHANNEL-SDK: handshake OK
[2026-09-23T13:27:45.654Z] [pid=1710] [INFO] [EdgeSync] §5 LISTENING channel=executor:4d6cede0-b354-523b-bf1f-9ad4d9ec28d2 handlers=session.create,session.stop,prompt.submit,session.set_mode,session.get_mode,session.set_model,session.get_model,session.set_permission_mode,session.get_permission_mode,tool.answer,tool.cancel,permission.resolve,get_page,get_automations,get_task_artifacts,get_artifact,get_models,get_session_config,get_skills
[2026-09-23T13:27:45.654Z] [pid=1710] [LISTENING] channel=executor:4d6cede0-b354-523b-bf1f-9ad4d9ec28d2
[2026-09-23T13:27:45.656Z] [pid=1710] [INFO] [EdgeSync] §5 listening on executor:4d6cede0-b354-523b-bf1f-9ad4d9ec28d2
[2026-09-23T13:27:45.656Z] [pid=1710] [DEVICE_ONLINE_SEND] channel=user:fdee3d54-95b6-4e9c-aaff-50ad9505aab4:devices deviceId=4d6cede0-b354-523b-bf1f-9ad4d9ec28d2 hostname=MacBook Pro (4) deviceName=MacBook Pro (4) displayName=MacBook Pro (4) appVersion=5.3.14
[2026-09-23T13:27:45.657Z] [pid=1710] [INFO] [EdgeSync] CHANNEL-RECOVERY success reason=system-resume attempt=1 elapsedMs=3862
[2026-09-23T13:27:45.834Z] [pid=1710] [DEVICE_ONLINE_OK] channel=user:fdee3d54-95b6-4e9c-aaff-50ad9505aab4:devices
[2026-09-23T13:28:49.347Z] [pid=1710] [INFO] [EdgeSync] CHANNEL-CREDS: fetching userId=fdee3d54-95b6-4e9c-aaff-50ad9505aab4 deviceId=4d6cede0-b354-523b-bf1f-9ad4d9ec28d2 deviceName=MacBook Pro (4) extraScopes=[]
[2026-09-23T13:28:50.248Z] [pid=1710] [INFO] [EdgeSync] CHANNEL-CREDS urls: apisixPublishUrl=https://www.workbuddy.cn/cf-publish/api/publish cfWsUrl=wss://www.workbuddy.cn/cf-connect/websocket
[2026-09-23T13:28:50.251Z] [pid=1710] [INFO] [EdgeSync] CHANNEL-SDK: [channel-sdk] [handshake] token renewed via credManager {"keyVersion":1}
[2026-09-23T13:49:42.812Z] [pid=1710] [INFO] [EdgeSync] CHANNEL-SDK: [channel-sdk] [presence] timer drift detected {"driftMs":1026976,"expectedAtMs":1790170355709,"firedAtMs":1790171382685,"frozen":true}
[2026-09-23T13:49:42.817Z] [pid=1710] [ERROR] [EdgeSync] CHANNEL-SDK: [channel-sdk] [presence] degraded: no heartbeat ack for too long {"channel":"user:fdee3d54-95b6-4e9c-aaff-50ad9505aab4:devices","staleMs":1036838,"consecutiveFailures":0,"hint":"lightweight self-heal exhausted; business should rebuild the session"}
[2026-09-23T13:49:42.823Z] [pid=1710] [INFO] [EdgeSync] CHANNEL-SDK: [channel-sdk] [ws-transport] forcing reconnect (dropping possibly half-open socket) 
[2026-09-23T13:49:42.821Z] [pid=1710] [INFO] [EdgeSync] CHANNEL-SDK: [channel-sdk] [presence] triggering lightweight self-heal {"reason":"frozen","staleMs":1036970}
[2026-09-23T13:49:42.824Z] [pid=1710] [INFO] [EdgeSync] CHANNEL-SDK: [channel-sdk] [ws-transport] disconnected {"code":0,"reason":"disconnect called"}
[2026-09-23T13:49:42.829Z] [pid=1710] [INFO] [EdgeSync] CHANNEL-SDK: [channel-sdk] [presence] timer drift detected {"driftMs":1026815,"expectedAtMs":1790170356010,"firedAtMs":1790171382825,"frozen":true}
[2026-09-23T13:49:42.830Z] [pid=1710] [ERROR] [EdgeSync] CHANNEL-SDK: [channel-sdk] [presence] degraded: no heartbeat ack for too long {"channel":"user:fdee3d54-95b6-4e9c-aaff-50ad9505aab4:devices","staleMs":1041677,"consecutiveFailures":0,"hint":"lightweight self-heal exhausted; business should rebuild the session"}
[2026-09-23T13:49:42.830Z] [pid=1710] [INFO] [EdgeSync] CHANNEL-SDK: [channel-sdk] [presence] triggering lightweight self-heal {"reason":"frozen","staleMs":1041682}
[2026-09-23T13:49:42.831Z] [pid=1710] [INFO] [EdgeSync] CHANNEL-SDK: [channel-sdk] [ws-transport] forcing reconnect (dropping possibly half-open socket) 
[2026-09-23T13:49:42.833Z] [pid=1710] [INFO] [EdgeSync] CHANNEL-SDK: [channel-sdk] [ws-transport] disconnected {"code":0,"reason":"disconnect called"}
[2026-09-23T13:49:42.885Z] [pid=1710] [INFO] [EdgeSync] CHANNEL-CREDS: fetching userId=fdee3d54-95b6-4e9c-aaff-50ad9505aab4 deviceId=4d6cede0-b354-523b-bf1f-9ad4d9ec28d2 deviceName=MacBook Pro (4) extraScopes=[]
[2026-09-23T13:49:42.886Z] [pid=1710] [INFO] [EdgeSync] CHANNEL-CREDS: fetching userId=fdee3d54-95b6-4e9c-aaff-50ad9505aab4 deviceId=4d6cede0-b354-523b-bf1f-9ad4d9ec28d2 deviceName=MacBook Pro (4) extraScopes=[]
[2026-09-23T13:49:43.632Z] [pid=1710] [INFO] [EdgeSync] CHANNEL-SDK: [channel-sdk] [ws-transport] connected {"client":"d01e0a01-59d7-4b2b-8bf8-1ec35a9e8c47"}
[2026-09-23T13:49:43.633Z] [pid=1710] [INFO] [EdgeSync] CHANNEL-SDK: [channel-sdk] [supervisor] recovered online {"outcome":"grace_recovered"}
[2026-09-23T13:49:43.635Z] [pid=1710] [INFO] [EdgeSync] CHANNEL-SDK: [channel-sdk] [client] self-heal reconnect done {"reason":"frozen"}
[2026-09-23T13:49:43.634Z] [pid=1710] [INFO] [EdgeSync] CHANNEL-SDK: [channel-sdk] [client] flushing outbox on recovered online {"pending":0}
[2026-09-23T13:49:43.638Z] [pid=1710] [INFO] [EdgeSync] CHANNEL-CREDS urls: apisixPublishUrl=https://www.workbuddy.cn/cf-publish/api/publish cfWsUrl=wss://www.workbuddy.cn/cf-connect/websocket
[2026-09-23T13:49:43.640Z] [pid=1710] [INFO] [EdgeSync] CHANNEL-SDK: [channel-sdk] [handshake] token renewed via credManager {"keyVersion":1}
[2026-09-23T13:49:43.824Z] [pid=1710] [INFO] [EdgeSync] CHANNEL-CREDS urls: apisixPublishUrl=https://www.workbuddy.cn/cf-publish/api/publish cfWsUrl=wss://www.workbuddy.cn/cf-connect/websocket
[2026-09-23T13:49:43.826Z] [pid=1710] [INFO] [EdgeSync] CHANNEL-SDK: [channel-sdk] [handshake] token renewed via credManager {"keyVersion":1}
[2026-09-23T13:49:44.158Z] [pid=1710] [INFO] [EdgeSync] CHANNEL-SDK: [channel-sdk] [ws-transport] connected {"client":"8c0bdf40-55d7-4c80-961b-b89e11c622ec"}
[2026-09-23T13:49:44.158Z] [pid=1710] [INFO] [EdgeSync] CHANNEL-SDK: [channel-sdk] [supervisor] recovered online {"outcome":"grace_recovered"}
[2026-09-23T13:49:44.159Z] [pid=1710] [INFO] [EdgeSync] CHANNEL-SDK: [channel-sdk] [client] flushing outbox on recovered online {"pending":0}
[2026-09-23T13:49:44.159Z] [pid=1710] [INFO] [EdgeSync] CHANNEL-SDK: [channel-sdk] [client] self-heal reconnect done {"reason":"frozen"}
[2026-09-23T14:05:02.821Z] [pid=1710] [INFO] [EdgeSync] CHANNEL-SDK: [channel-sdk] [presence] timer drift detected {"driftMs":909872,"expectedAtMs":1790171392823,"firedAtMs":1790172302695,"frozen":true}
[2026-09-23T14:05:02.829Z] [pid=1710] [INFO] [EdgeSync] CHANNEL-SDK: [channel-sdk] [presence] triggering lightweight self-heal {"reason":"frozen","staleMs":919043}
[2026-09-23T14:05:02.838Z] [pid=1710] [INFO] [EdgeSync] CHANNEL-SDK: [channel-sdk] [ws-transport] forcing reconnect (dropping possibly half-open socket) 
[2026-09-23T14:05:02.828Z] [pid=1710] [ERROR] [EdgeSync] CHANNEL-SDK: [channel-sdk] [presence] degraded: no heartbeat ack for too long {"channel":"user:fdee3d54-95b6-4e9c-aaff-50ad9505aab4:devices","staleMs":918910,"consecutiveFailures":0,"hint":"lightweight self-heal exhausted; business should rebuild the session"}
[2026-09-23T14:05:02.841Z] [pid=1710] [INFO] [EdgeSync] CHANNEL-SDK: [channel-sdk] [ws-transport] disconnected {"code":0,"reason":"disconnect called"}
[2026-09-23T14:05:02.843Z] [pid=1710] [INFO] [EdgeSync] CHANNEL-SDK: [channel-sdk] [presence] timer drift detected {"driftMs":910011,"expectedAtMs":1790171392831,"firedAtMs":1790172302842,"frozen":true}
[2026-09-23T14:05:02.843Z] [pid=1710] [ERROR] [EdgeSync] CHANNEL-SDK: [channel-sdk] [presence] degraded: no heartbeat ack for too long {"channel":"user:fdee3d54-95b6-4e9c-aaff-50ad9505aab4:devices","staleMs":918462,"consecutiveFailures":0,"hint":"lightweight self-heal exhausted; business should rebuild the session"}
[2026-09-23T14:05:02.844Z] [pid=1710] [INFO] [EdgeSync] CHANNEL-SDK: [channel-sdk] [presence] triggering lightweight self-heal {"reason":"frozen","staleMs":918463}
[2026-09-23T14:05:02.844Z] [pid=1710] [INFO] [EdgeSync] CHANNEL-SDK: [channel-sdk] [ws-transport] forcing reconnect (dropping possibly half-open socket) 
[2026-09-23T14:05:02.844Z] [pid=1710] [INFO] [EdgeSync] CHANNEL-SDK: [channel-sdk] [ws-transport] disconnected {"code":0,"reason":"disconnect called"}
[2026-09-23T14:05:02.872Z] [pid=1710] [INFO] [EdgeSync] CHANNEL-CREDS: fetching userId=fdee3d54-95b6-4e9c-aaff-50ad9505aab4 deviceId=4d6cede0-b354-523b-bf1f-9ad4d9ec28d2 deviceName=MacBook Pro (4) extraScopes=[]
[2026-09-23T14:05:02.873Z] [pid=1710] [INFO] [EdgeSync] CHANNEL-CREDS: fetching userId=fdee3d54-95b6-4e9c-aaff-50ad9505aab4 deviceId=4d6cede0-b354-523b-bf1f-9ad4d9ec28d2 deviceName=MacBook Pro (4) extraScopes=[]
[2026-09-23T14:05:03.465Z] [pid=1710] [INFO] [EdgeSync] CHANNEL-CREDS urls: apisixPublishUrl=https://www.workbuddy.cn/cf-publish/api/publish cfWsUrl=wss://www.workbuddy.cn/cf-connect/websocket
[2026-09-23T14:05:03.465Z] [pid=1710] [INFO] [EdgeSync] CHANNEL-SDK: [channel-sdk] [handshake] token renewed via credManager {"keyVersion":1}
[2026-09-23T14:05:03.489Z] [pid=1710] [INFO] [EdgeSync] CHANNEL-SDK: [channel-sdk] [ws-transport] connected {"client":"95066cfc-ce18-49c4-9de6-75b2d74e94ee"}
[2026-09-23T14:05:03.490Z] [pid=1710] [INFO] [EdgeSync] CHANNEL-SDK: [channel-sdk] [client] flushing outbox on recovered online {"pending":0}
[2026-09-23T14:05:03.490Z] [pid=1710] [INFO] [EdgeSync] CHANNEL-SDK: [channel-sdk] [supervisor] recovered online {"outcome":"grace_recovered"}
[2026-09-23T14:05:03.491Z] [pid=1710] [INFO] [EdgeSync] CHANNEL-SDK: [channel-sdk] [client] self-heal reconnect done {"reason":"frozen"}
[2026-09-23T14:05:03.674Z] [pid=1710] [INFO] [EdgeSync] CHANNEL-SDK: [channel-sdk] [ws-transport] connected {"client":"ac62bdbb-5352-4866-b318-eb54f62393c2"}
[2026-09-23T14:05:03.675Z] [pid=1710] [INFO] [EdgeSync] CHANNEL-SDK: [channel-sdk] [supervisor] recovered online {"outcome":"grace_recovered"}
[2026-09-23T14:05:03.675Z] [pid=1710] [INFO] [EdgeSync] CHANNEL-SDK: [channel-sdk] [client] flushing outbox on recovered online {"pending":0}
[2026-09-23T14:05:03.676Z] [pid=1710] [INFO] [EdgeSync] CHANNEL-SDK: [channel-sdk] [client] self-heal reconnect done {"reason":"frozen"}
[2026-09-23T14:05:03.728Z] [pid=1710] [INFO] [EdgeSync] CHANNEL-CREDS urls: apisixPublishUrl=https://www.workbuddy.cn/cf-publish/api/publish cfWsUrl=wss://www.workbuddy.cn/cf-connect/websocket
[2026-09-23T14:05:03.729Z] [pid=1710] [INFO] [EdgeSync] CHANNEL-SDK: [channel-sdk] [handshake] token renewed via credManager {"keyVersion":1}
[2026-09-23T14:21:02.829Z] [pid=1710] [INFO] [EdgeSync] CHANNEL-SDK: [channel-sdk] [presence] timer drift detected {"driftMs":949997,"expectedAtMs":1790172312828,"firedAtMs":1790173262825,"frozen":true}
[2026-09-23T14:21:02.832Z] [pid=1710] [ERROR] [EdgeSync] CHANNEL-SDK: [channel-sdk] [presence] degraded: no heartbeat ack for too long {"channel":"user:fdee3d54-95b6-4e9c-aaff-50ad9505aab4:devices","staleMs":1879040,"consecutiveFailures":0,"hint":"lightweight self-heal exhausted; business should rebuild the session"}
[2026-09-23T14:21:02.838Z] [pid=1710] [INFO] [EdgeSync] CHANNEL-SDK: [channel-sdk] [presence] triggering lightweight self-heal {"reason":"frozen","staleMs":1879047}
[2026-09-23T14:21:02.839Z] [pid=1710] [INFO] [EdgeSync] CHANNEL-SDK: [channel-sdk] [ws-transport] forcing reconnect (dropping possibly half-open socket) 
[2026-09-23T14:21:02.839Z] [pid=1710] [INFO] [EdgeSync] CHANNEL-SDK: [channel-sdk] [ws-transport] disconnected {"code":0,"reason":"disconnect called"}
[2026-09-23T14:21:02.841Z] [pid=1710] [INFO] [EdgeSync] CHANNEL-SDK: [channel-sdk] [presence] timer drift detected {"driftMs":950000,"expectedAtMs":1790172312840,"firedAtMs":1790173262840,"frozen":true}
[2026-09-23T14:21:02.841Z] [pid=1710] [ERROR] [EdgeSync] CHANNEL-SDK: [channel-sdk] [presence] degraded: no heartbeat ack for too long {"channel":"user:fdee3d54-95b6-4e9c-aaff-50ad9505aab4:devices","staleMs":1878460,"consecutiveFailures":0,"hint":"lightweight self-heal exhausted; business should rebuild the session"}
[2026-09-23T14:21:02.842Z] [pid=1710] [INFO] [EdgeSync] CHANNEL-SDK: [channel-sdk] [presence] triggering lightweight self-heal {"reason":"frozen","staleMs":1878461}
[2026-09-23T14:21:02.843Z] [pid=1710] [INFO] [EdgeSync] CHANNEL-SDK: [channel-sdk] [ws-transport] forcing reconnect (dropping possibly half-open socket) 
[2026-09-23T14:21:02.843Z] [pid=1710] [INFO] [EdgeSync] CHANNEL-SDK: [channel-sdk] [ws-transport] disconnected {"code":0,"reason":"disconnect called"}
[2026-09-23T14:21:02.852Z] [pid=1710] [INFO] [EdgeSync] CHANNEL-CREDS: fetching userId=fdee3d54-95b6-4e9c-aaff-50ad9505aab4 deviceId=4d6cede0-b354-523b-bf1f-9ad4d9ec28d2 deviceName=MacBook Pro (4) extraScopes=[]
[2026-09-23T14:21:02.853Z] [pid=1710] [INFO] [EdgeSync] CHANNEL-CREDS: fetching userId=fdee3d54-95b6-4e9c-aaff-50ad9505aab4 deviceId=4d6cede0-b354-523b-bf1f-9ad4d9ec28d2 deviceName=MacBook Pro (4) extraScopes=[]
[2026-09-23T14:21:03.496Z] [pid=1710] [INFO] [EdgeSync] CHANNEL-CREDS urls: apisixPublishUrl=https://www.workbuddy.cn/cf-publish/api/publish cfWsUrl=wss://www.workbuddy.cn/cf-connect/websocket
[2026-09-23T14:21:03.497Z] [pid=1710] [INFO] [EdgeSync] CHANNEL-SDK: [channel-sdk] [handshake] token renewed via credManager {"keyVersion":1}
[2026-09-23T14:21:03.576Z] [pid=1710] [INFO] [EdgeSync] CHANNEL-SDK: [channel-sdk] [ws-transport] connected {"client":"462856c9-d465-4959-9dd6-ba46279cafe7"}
[2026-09-23T14:21:03.577Z] [pid=1710] [INFO] [EdgeSync] CHANNEL-SDK: [channel-sdk] [supervisor] recovered online {"outcome":"grace_recovered"}
[2026-09-23T14:21:03.577Z] [pid=1710] [INFO] [EdgeSync] CHANNEL-SDK: [channel-sdk] [client] flushing outbox on recovered online {"pending":0}
[2026-09-23T14:21:03.578Z] [pid=1710] [INFO] [EdgeSync] CHANNEL-SDK: [channel-sdk] [client] self-heal reconnect done {"reason":"frozen"}
[2026-09-23T14:21:03.580Z] [pid=1710] [INFO] [EdgeSync] CHANNEL-SDK: [channel-sdk] [ws-transport] connected {"client":"99cce27a-d274-4c87-be91-97e29efcc1b1"}
[2026-09-23T14:21:03.581Z] [pid=1710] [INFO] [EdgeSync] CHANNEL-SDK: [channel-sdk] [supervisor] recovered online {"outcome":"grace_recovered"}
[2026-09-23T14:21:03.581Z] [pid=1710] [INFO] [EdgeSync] CHANNEL-SDK: [channel-sdk] [client] flushing outbox on recovered online {"pending":0}
[2026-09-23T14:21:03.581Z] [pid=1710] [INFO] [EdgeSync] CHANNEL-SDK: [channel-sdk] [client] self-heal reconnect done {"reason":"frozen"}
[2026-09-23T14:21:03.847Z] [pid=1710] [INFO] [EdgeSync] CHANNEL-CREDS urls: apisixPublishUrl=https://www.workbuddy.cn/cf-publish/api/publish cfWsUrl=wss://www.workbuddy.cn/cf-connect/websocket
[2026-09-23T14:21:03.848Z] [pid=1710] [INFO] [EdgeSync] CHANNEL-SDK: [channel-sdk] [handshake] token renewed via credManager {"keyVersion":1}
[2026-09-23T14:37:23.003Z] [pid=1710] [ERROR] [EdgeSync] CHANNEL-SDK: [channel-sdk] [presence] degraded: no heartbeat ack for too long {"channel":"user:fdee3d54-95b6-4e9c-aaff-50ad9505aab4:devices","staleMs":2859217,"consecutiveFailures":1,"hint":"lightweight self-heal exhausted; business should rebuild the session"}
[2026-09-23T14:37:23.003Z] [pid=1710] [INFO] [EdgeSync] CHANNEL-SDK: [channel-sdk] [presence] triggering lightweight self-heal {"reason":"frozen","staleMs":2859218}
[2026-09-23T14:37:23.003Z] [pid=1710] [INFO] [EdgeSync] CHANNEL-SDK: [channel-sdk] [ws-transport] forcing reconnect (dropping possibly half-open socket) 
[2026-09-23T14:37:23.004Z] [pid=1710] [INFO] [EdgeSync] CHANNEL-SDK: [channel-sdk] [ws-transport] disconnected {"code":0,"reason":"disconnect called"}
[2026-09-23T14:37:23.003Z] [pid=1710] [INFO] [EdgeSync] CHANNEL-SDK: [channel-sdk] [presence] timer drift detected {"driftMs":975164,"expectedAtMs":1790173267838,"firedAtMs":1790174243002,"frozen":true}
[2026-09-23T14:37:23.004Z] [pid=1710] [INFO] [EdgeSync] CHANNEL-SDK: [channel-sdk] [presence] timer drift detected {"driftMs":975162,"expectedAtMs":1790173267842,"firedAtMs":1790174243004,"frozen":true}
[2026-09-23T14:37:23.004Z] [pid=1710] [ERROR] [EdgeSync] CHANNEL-SDK: [channel-sdk] [presence] degraded: no heartbeat ack for too long {"channel":"user:fdee3d54-95b6-4e9c-aaff-50ad9505aab4:devices","staleMs":2858624,"consecutiveFailures":1,"hint":"lightweight self-heal exhausted; business should rebuild the session"}
[2026-09-23T14:37:23.004Z] [pid=1710] [INFO] [EdgeSync] CHANNEL-SDK: [channel-sdk] [presence] triggering lightweight self-heal {"reason":"frozen","staleMs":2858624}
[2026-09-23T14:37:23.004Z] [pid=1710] [INFO] [EdgeSync] CHANNEL-SDK: [channel-sdk] [ws-transport] forcing reconnect (dropping possibly half-open socket) 
[2026-09-23T14:37:23.005Z] [pid=1710] [INFO] [EdgeSync] CHANNEL-SDK: [channel-sdk] [ws-transport] disconnected {"code":0,"reason":"disconnect called"}
[2026-09-23T14:37:23.014Z] [pid=1710] [INFO] [EdgeSync] CHANNEL-CREDS: fetching userId=fdee3d54-95b6-4e9c-aaff-50ad9505aab4 deviceId=4d6cede0-b354-523b-bf1f-9ad4d9ec28d2 deviceName=MacBook Pro (4) extraScopes=[]
[2026-09-23T14:37:23.015Z] [pid=1710] [INFO] [EdgeSync] CHANNEL-CREDS: fetching userId=fdee3d54-95b6-4e9c-aaff-50ad9505aab4 deviceId=4d6cede0-b354-523b-bf1f-9ad4d9ec28d2 deviceName=MacBook Pro (4) extraScopes=[]
[2026-09-23T14:37:23.432Z] [pid=1710] [INFO] [EdgeSync] CHANNEL-CREDS urls: apisixPublishUrl=https://www.workbuddy.cn/cf-publish/api/publish cfWsUrl=wss://www.workbuddy.cn/cf-connect/websocket
[2026-09-23T14:37:23.433Z] [pid=1710] [INFO] [EdgeSync] CHANNEL-SDK: [channel-sdk] [handshake] token renewed via credManager {"keyVersion":1}
[2026-09-23T14:37:23.480Z] [pid=1710] [INFO] [EdgeSync] CHANNEL-CREDS urls: apisixPublishUrl=https://www.workbuddy.cn/cf-publish/api/publish cfWsUrl=wss://www.workbuddy.cn/cf-connect/websocket
[2026-09-23T14:37:23.481Z] [pid=1710] [INFO] [EdgeSync] CHANNEL-SDK: [channel-sdk] [handshake] token renewed via credManager {"keyVersion":1}
[2026-09-23T14:37:23.523Z] [pid=1710] [INFO] [EdgeSync] CHANNEL-SDK: [channel-sdk] [ws-transport] connected {"client":"59746943-4ccd-4b1a-a56c-5aa5a10f4c13"}
[2026-09-23T14:37:23.523Z] [pid=1710] [INFO] [EdgeSync] CHANNEL-SDK: [channel-sdk] [supervisor] recovered online {"outcome":"grace_recovered"}
[2026-09-23T14:37:23.523Z] [pid=1710] [INFO] [EdgeSync] CHANNEL-SDK: [channel-sdk] [client] flushing outbox on recovered online {"pending":0}
[2026-09-23T14:37:23.524Z] [pid=1710] [INFO] [EdgeSync] CHANNEL-SDK: [channel-sdk] [client] self-heal reconnect done {"reason":"frozen"}
[2026-09-23T14:37:23.590Z] [pid=1710] [INFO] [EdgeSync] CHANNEL-SDK: [channel-sdk] [ws-transport] connected {"client":"77fcc18e-aa70-4156-b464-283715098776"}
[2026-09-23T14:37:23.590Z] [pid=1710] [INFO] [EdgeSync] CHANNEL-SDK: [channel-sdk] [supervisor] recovered online {"outcome":"grace_recovered"}
[2026-09-23T14:37:23.590Z] [pid=1710] [INFO] [EdgeSync] CHANNEL-SDK: [channel-sdk] [client] flushing outbox on recovered online {"pending":0}
[2026-09-23T14:37:23.591Z] [pid=1710] [INFO] [EdgeSync] CHANNEL-SDK: [channel-sdk] [client] self-heal reconnect done {"reason":"frozen"}
[2026-09-23T14:53:09.662Z] [pid=1710] [INFO] [EdgeSync] CHANNEL-SDK: [channel-sdk] [presence] timer drift detected {"driftMs":941535,"expectedAtMs":1790174248003,"firedAtMs":1790175189538,"frozen":true}
[2026-09-23T14:53:09.670Z] [pid=1710] [ERROR] [EdgeSync] CHANNEL-SDK: [channel-sdk] [presence] degraded: no heartbeat ack for too long {"channel":"user:fdee3d54-95b6-4e9c-aaff-50ad9505aab4:devices","staleMs":3805753,"consecutiveFailures":1,"hint":"lightweight self-heal exhausted; business should rebuild the session"}
[2026-09-23T14:53:09.673Z] [pid=1710] [INFO] [EdgeSync] CHANNEL-SDK: [channel-sdk] [presence] triggering lightweight self-heal {"reason":"frozen","staleMs":3805885}
[2026-09-23T14:53:09.674Z] [pid=1710] [INFO] [EdgeSync] CHANNEL-SDK: [channel-sdk] [ws-transport] forcing reconnect (dropping possibly half-open socket) 
[2026-09-23T14:53:09.674Z] [pid=1710] [INFO] [EdgeSync] CHANNEL-SDK: [channel-sdk] [ws-transport] disconnected {"code":0,"reason":"disconnect called"}
[2026-09-23T14:53:09.675Z] [pid=1710] [INFO] [EdgeSync] CHANNEL-SDK: [channel-sdk] [presence] timer drift detected {"driftMs":941671,"expectedAtMs":1790174248004,"firedAtMs":1790175189675,"frozen":true}
[2026-09-23T14:53:09.676Z] [pid=1710] [ERROR] [EdgeSync] CHANNEL-SDK: [channel-sdk] [presence] degraded: no heartbeat ack for too long {"channel":"user:fdee3d54-95b6-4e9c-aaff-50ad9505aab4:devices","staleMs":3805295,"consecutiveFailures":1,"hint":"lightweight self-heal exhausted; business should rebuild the session"}
[2026-09-23T14:53:09.676Z] [pid=1710] [INFO] [EdgeSync] CHANNEL-SDK: [channel-sdk] [presence] triggering lightweight self-heal {"reason":"frozen","staleMs":3805296}
[2026-09-23T14:53:09.676Z] [pid=1710] [INFO] [EdgeSync] CHANNEL-SDK: [channel-sdk] [ws-transport] forcing reconnect (dropping possibly half-open socket) 
[2026-09-23T14:53:09.677Z] [pid=1710] [INFO] [EdgeSync] CHANNEL-SDK: [channel-sdk] [ws-transport] disconnected {"code":0,"reason":"disconnect called"}
[2026-09-23T14:53:09.700Z] [pid=1710] [INFO] [EdgeSync] CHANNEL-CREDS: fetching userId=fdee3d54-95b6-4e9c-aaff-50ad9505aab4 deviceId=4d6cede0-b354-523b-bf1f-9ad4d9ec28d2 deviceName=MacBook Pro (4) extraScopes=[]
[2026-09-23T14:53:09.700Z] [pid=1710] [INFO] [EdgeSync] CHANNEL-CREDS: fetching userId=fdee3d54-95b6-4e9c-aaff-50ad9505aab4 deviceId=4d6cede0-b354-523b-bf1f-9ad4d9ec28d2 deviceName=MacBook Pro (4) extraScopes=[]
[2026-09-23T14:53:10.305Z] [pid=1710] [INFO] [EdgeSync] CHANNEL-CREDS urls: apisixPublishUrl=https://www.workbuddy.cn/cf-publish/api/publish cfWsUrl=wss://www.workbuddy.cn/cf-connect/websocket
[2026-09-23T14:53:10.306Z] [pid=1710] [INFO] [EdgeSync] CHANNEL-SDK: [channel-sdk] [handshake] token renewed via credManager {"keyVersion":1}
[2026-09-23T14:53:10.335Z] [pid=1710] [INFO] [EdgeSync] CHANNEL-SDK: [channel-sdk] [handshake] token renewed via credManager {"keyVersion":1}
[2026-09-23T14:53:10.335Z] [pid=1710] [INFO] [EdgeSync] CHANNEL-CREDS urls: apisixPublishUrl=https://www.workbuddy.cn/cf-publish/api/publish cfWsUrl=wss://www.workbuddy.cn/cf-connect/websocket
[2026-09-23T14:53:10.362Z] [pid=1710] [INFO] [EdgeSync] CHANNEL-SDK: [channel-sdk] [ws-transport] connected {"client":"61a53426-f7ea-46bc-873d-4f23ee9c2ab0"}
[2026-09-23T14:53:10.363Z] [pid=1710] [INFO] [EdgeSync] CHANNEL-SDK: [channel-sdk] [supervisor] recovered online {"outcome":"grace_recovered"}
[2026-09-23T14:53:10.363Z] [pid=1710] [INFO] [EdgeSync] CHANNEL-SDK: [channel-sdk] [client] flushing outbox on recovered online {"pending":0}
[2026-09-23T14:53:10.363Z] [pid=1710] [INFO] [EdgeSync] CHANNEL-SDK: [channel-sdk] [client] self-heal reconnect done {"reason":"frozen"}
[2026-09-23T14:53:10.459Z] [pid=1710] [INFO] [EdgeSync] CHANNEL-SDK: [channel-sdk] [ws-transport] connected {"client":"52d147da-30ca-406e-9744-5a0461ced8d0"}
[2026-09-23T14:53:10.459Z] [pid=1710] [INFO] [EdgeSync] CHANNEL-SDK: [channel-sdk] [supervisor] recovered online {"outcome":"grace_recovered"}
[2026-09-23T14:53:10.460Z] [pid=1710] [INFO] [EdgeSync] CHANNEL-SDK: [channel-sdk] [client] flushing outbox on recovered online {"pending":0}
[2026-09-23T14:53:10.460Z] [pid=1710] [INFO] [EdgeSync] CHANNEL-SDK: [channel-sdk] [client] self-heal reconnect done {"reason":"frozen"}
[2026-09-23T15:09:13.640Z] [pid=1710] [ERROR] [EdgeSync] CHANNEL-SDK: [channel-sdk] [presence] degraded: no heartbeat ack for too long {"channel":"user:fdee3d54-95b6-4e9c-aaff-50ad9505aab4:devices","staleMs":4769733,"consecutiveFailures":2,"hint":"lightweight self-heal exhausted; business should rebuild the session"}
[2026-09-23T15:09:13.639Z] [pid=1710] [INFO] [EdgeSync] CHANNEL-SDK: [channel-sdk] [presence] timer drift detected {"driftMs":953843,"expectedAtMs":1790175199675,"firedAtMs":1790176153518,"frozen":true}
[2026-09-23T15:09:13.640Z] [pid=1710] [INFO] [EdgeSync] CHANNEL-SDK: [channel-sdk] [presence] triggering lightweight self-heal {"reason":"frozen","staleMs":4769855}
[2026-09-23T15:09:13.640Z] [pid=1710] [INFO] [EdgeSync] CHANNEL-SDK: [channel-sdk] [ws-transport] disconnected {"code":0,"reason":"disconnect called"}
[2026-09-23T15:09:13.640Z] [pid=1710] [INFO] [EdgeSync] CHANNEL-SDK: [channel-sdk] [ws-transport] forcing reconnect (dropping possibly half-open socket) 
[2026-09-23T15:09:13.641Z] [pid=1710] [ERROR] [EdgeSync] CHANNEL-SDK: [channel-sdk] [client] publish failed {"channel":"user:fdee3d54-95b6-4e9c-aaff-50ad9505aab4:devices","scope":"user","transport":"cf-ws","parts":1,"errorCode":"unknown","elapsedMs":958965,"err":"code=11 message=connection closed"}
[2026-09-23T15:09:13.641Z] [pid=1710] [ERROR] [EdgeSync] CHANNEL-SDK: [channel-sdk] [presence] device.online heartbeat persistently failing — device will be marked offline {"channel":"user:fdee3d54-95b6-4e9c-aaff-50ad9505aab4:devices","reason":"schedule","consecutiveFailures":3,"staleMs":4769856,"err":"code=11 message=connection closed","hint":"half-open WS / publish_proxy rejecting / missing publish permission; watchdog will force a self-heal"}
[2026-09-23T15:09:13.641Z] [pid=1710] [INFO] [EdgeSync] CHANNEL-SDK: [channel-sdk] [presence] timer drift detected {"driftMs":953965,"expectedAtMs":1790175199676,"firedAtMs":1790176153641,"frozen":true}
[2026-09-23T15:09:13.641Z] [pid=1710] [ERROR] [EdgeSync] CHANNEL-SDK: [channel-sdk] [presence] degraded: no heartbeat ack for too long {"channel":"user:fdee3d54-95b6-4e9c-aaff-50ad9505aab4:devices","staleMs":4769261,"consecutiveFailures":2,"hint":"lightweight self-heal exhausted; business should rebuild the session"}
[2026-09-23T15:09:13.641Z] [pid=1710] [INFO] [EdgeSync] CHANNEL-SDK: [channel-sdk] [presence] triggering lightweight self-heal {"reason":"frozen","staleMs":4769261}
[2026-09-23T15:09:13.641Z] [pid=1710] [INFO] [EdgeSync] CHANNEL-SDK: [channel-sdk] [ws-transport] forcing reconnect (dropping possibly half-open socket) 
[2026-09-23T15:09:13.641Z] [pid=1710] [INFO] [EdgeSync] CHANNEL-SDK: [channel-sdk] [ws-transport] disconnected {"code":0,"reason":"disconnect called"}
[2026-09-23T15:09:13.642Z] [pid=1710] [ERROR] [EdgeSync] CHANNEL-SDK: [channel-sdk] [client] publish failed {"channel":"user:fdee3d54-95b6-4e9c-aaff-50ad9505aab4:devices","scope":"user","transport":"cf-ws","parts":1,"errorCode":"unknown","elapsedMs":958965,"err":"code=11 message=connection closed"}
[2026-09-23T15:09:13.642Z] [pid=1710] [ERROR] [EdgeSync] CHANNEL-SDK: [channel-sdk] [presence] device.online heartbeat persistently failing — device will be marked offline {"channel":"user:fdee3d54-95b6-4e9c-aaff-50ad9505aab4:devices","reason":"schedule","consecutiveFailures":3,"staleMs":4769262,"err":"code=11 message=connection closed","hint":"half-open WS / publish_proxy rejecting / missing publish permission; watchdog will force a self-heal"}
[2026-09-23T15:09:13.650Z] [pid=1710] [INFO] [EdgeSync] CHANNEL-CREDS: fetching userId=fdee3d54-95b6-4e9c-aaff-50ad9505aab4 deviceId=4d6cede0-b354-523b-bf1f-9ad4d9ec28d2 deviceName=MacBook Pro (4) extraScopes=[]
[2026-09-23T15:09:13.651Z] [pid=1710] [INFO] [EdgeSync] CHANNEL-CREDS: fetching userId=fdee3d54-95b6-4e9c-aaff-50ad9505aab4 deviceId=4d6cede0-b354-523b-bf1f-9ad4d9ec28d2 deviceName=MacBook Pro (4) extraScopes=[]
[2026-09-23T15:09:14.358Z] [pid=1710] [INFO] [EdgeSync] CHANNEL-CREDS urls: apisixPublishUrl=https://www.workbuddy.cn/cf-publish/api/publish cfWsUrl=wss://www.workbuddy.cn/cf-connect/websocket
[2026-09-23T15:09:14.359Z] [pid=1710] [INFO] [EdgeSync] CHANNEL-SDK: [channel-sdk] [handshake] token renewed via credManager {"keyVersion":1}
[2026-09-23T15:09:14.373Z] [pid=1710] [INFO] [EdgeSync] CHANNEL-SDK: [channel-sdk] [handshake] token renewed via credManager {"keyVersion":1}
[2026-09-23T15:09:14.372Z] [pid=1710] [INFO] [EdgeSync] CHANNEL-CREDS urls: apisixPublishUrl=https://www.workbuddy.cn/cf-publish/api/publish cfWsUrl=wss://www.workbuddy.cn/cf-connect/websocket
[2026-09-23T15:09:14.451Z] [pid=1710] [INFO] [EdgeSync] CHANNEL-SDK: [channel-sdk] [ws-transport] connected {"client":"e7dbfcf4-ff81-4044-ae31-392e3e542a96"}
[2026-09-23T15:09:14.451Z] [pid=1710] [INFO] [EdgeSync] CHANNEL-SDK: [channel-sdk] [supervisor] recovered online {"outcome":"grace_recovered"}
[2026-09-23T15:09:14.451Z] [pid=1710] [INFO] [EdgeSync] CHANNEL-SDK: [channel-sdk] [client] flushing outbox on recovered online {"pending":0}
[2026-09-23T15:09:14.451Z] [pid=1710] [INFO] [EdgeSync] CHANNEL-SDK: [channel-sdk] [client] self-heal reconnect done {"reason":"frozen"}
[2026-09-23T15:09:14.517Z] [pid=1710] [INFO] [EdgeSync] CHANNEL-SDK: [channel-sdk] [ws-transport] connected {"client":"95fee004-e4ce-4508-a44a-f173b586a513"}
[2026-09-23T15:09:14.517Z] [pid=1710] [INFO] [EdgeSync] CHANNEL-SDK: [channel-sdk] [client] flushing outbox on recovered online {"pending":0}
[2026-09-23T15:09:14.517Z] [pid=1710] [INFO] [EdgeSync] CHANNEL-SDK: [channel-sdk] [client] self-heal reconnect done {"reason":"frozen"}
[2026-09-23T15:09:14.517Z] [pid=1710] [INFO] [EdgeSync] CHANNEL-SDK: [channel-sdk] [supervisor] recovered online {"outcome":"grace_recovered"}
[2026-09-23T15:24:42.632Z] [pid=1710] [INFO] [EdgeSync] CHANNEL-SDK: [channel-sdk] [presence] timer drift detected {"driftMs":918897,"expectedAtMs":1790176163640,"firedAtMs":1790177082537,"frozen":true}
[2026-09-23T15:24:42.644Z] [pid=1710] [ERROR] [EdgeSync] CHANNEL-SDK: [channel-sdk] [presence] degraded: no heartbeat ack for too long {"channel":"user:fdee3d54-95b6-4e9c-aaff-50ad9505aab4:devices","staleMs":5698752,"consecutiveFailures":3,"hint":"lightweight self-heal exhausted; business should rebuild the session"}
[2026-09-23T15:24:42.647Z] [pid=1710] [INFO] [EdgeSync] CHANNEL-SDK: [channel-sdk] [presence] triggering lightweight self-heal {"reason":"frozen","staleMs":5698859}
[2026-09-23T15:24:42.658Z] [pid=1710] [ERROR] [EdgeSync] CHANNEL-SDK: [channel-sdk] [client] publish failed {"channel":"user:fdee3d54-95b6-4e9c-aaff-50ad9505aab4:devices","scope":"user","transport":"cf-ws","parts":1,"errorCode":"unknown","elapsedMs":924015,"err":"code=11 message=connection closed"}
[2026-09-23T15:24:42.659Z] [pid=1710] [INFO] [EdgeSync] CHANNEL-SDK: [channel-sdk] [presence] timer drift detected {"driftMs":919017,"expectedAtMs":1790176163641,"firedAtMs":1790177082658,"frozen":true}
[2026-09-23T15:24:42.698Z] [pid=1710] [INFO] [EdgeSync] CHANNEL-CREDS: fetching userId=fdee3d54-95b6-4e9c-aaff-50ad9505aab4 deviceId=4d6cede0-b354-523b-bf1f-9ad4d9ec28d2 deviceName=MacBook Pro (4) extraScopes=[]
[2026-09-23T15:24:42.652Z] [pid=1710] [INFO] [EdgeSync] CHANNEL-SDK: [channel-sdk] [ws-transport] forcing reconnect (dropping possibly half-open socket) 
[2026-09-23T15:24:42.661Z] [pid=1710] [INFO] [EdgeSync] CHANNEL-SDK: [channel-sdk] [presence] triggering lightweight self-heal {"reason":"frozen","staleMs":5698280}
[2026-09-23T15:24:42.669Z] [pid=1710] [ERROR] [EdgeSync] CHANNEL-SDK: [channel-sdk] [client] publish failed {"channel":"user:fdee3d54-95b6-4e9c-aaff-50ad9505aab4:devices","scope":"user","transport":"cf-ws","parts":1,"errorCode":"unknown","elapsedMs":924027,"err":"code=11 message=connection closed"}
[2026-09-23T15:24:42.667Z] [pid=1710] [INFO] [EdgeSync] CHANNEL-SDK: [channel-sdk] [ws-transport] disconnected {"code":0,"reason":"disconnect called"}
[2026-09-23T15:24:42.656Z] [pid=1710] [INFO] [EdgeSync] CHANNEL-SDK: [channel-sdk] [ws-transport] disconnected {"code":0,"reason":"disconnect called"}
[2026-09-23T15:24:42.666Z] [pid=1710] [INFO] [EdgeSync] CHANNEL-SDK: [channel-sdk] [ws-transport] forcing reconnect (dropping possibly half-open socket) 
[2026-09-23T15:24:42.660Z] [pid=1710] [ERROR] [EdgeSync] CHANNEL-SDK: [channel-sdk] [presence] degraded: no heartbeat ack for too long {"channel":"user:fdee3d54-95b6-4e9c-aaff-50ad9505aab4:devices","staleMs":5698278,"consecutiveFailures":3,"hint":"lightweight self-heal exhausted; business should rebuild the session"}
[2026-09-23T15:24:42.699Z] [pid=1710] [INFO] [EdgeSync] CHANNEL-CREDS: fetching userId=fdee3d54-95b6-4e9c-aaff-50ad9505aab4 deviceId=4d6cede0-b354-523b-bf1f-9ad4d9ec28d2 deviceName=MacBook Pro (4) extraScopes=[]
[2026-09-23T15:24:43.230Z] [pid=1710] [INFO] [EdgeSync] CHANNEL-CREDS urls: apisixPublishUrl=https://www.workbuddy.cn/cf-publish/api/publish cfWsUrl=wss://www.workbuddy.cn/cf-connect/websocket
[2026-09-23T15:24:43.231Z] [pid=1710] [INFO] [EdgeSync] CHANNEL-SDK: [channel-sdk] [handshake] token renewed via credManager {"keyVersion":1}
[2026-09-23T15:24:43.233Z] [pid=1710] [INFO] [EdgeSync] CHANNEL-SDK: [channel-sdk] [ws-transport] connected {"client":"cf946d35-30c2-4a44-a149-1c4e7910e08b"}
[2026-09-23T15:24:43.234Z] [pid=1710] [INFO] [EdgeSync] CHANNEL-SDK: [channel-sdk] [supervisor] recovered online {"outcome":"grace_recovered"}
[2026-09-23T15:24:43.234Z] [pid=1710] [INFO] [EdgeSync] CHANNEL-SDK: [channel-sdk] [client] flushing outbox on recovered online {"pending":0}
[2026-09-23T15:24:43.234Z] [pid=1710] [INFO] [EdgeSync] CHANNEL-SDK: [channel-sdk] [client] self-heal reconnect done {"reason":"frozen"}
[2026-09-23T15:24:43.303Z] [pid=1710] [INFO] [EdgeSync] CHANNEL-SDK: [channel-sdk] [ws-transport] connected {"client":"862232be-2014-4ad6-b578-867b759dd4b5"}
[2026-09-23T15:24:43.303Z] [pid=1710] [INFO] [EdgeSync] CHANNEL-SDK: [channel-sdk] [supervisor] recovered online {"outcome":"grace_recovered"}
[2026-09-23T15:24:43.303Z] [pid=1710] [INFO] [EdgeSync] CHANNEL-SDK: [channel-sdk] [client] flushing outbox on recovered online {"pending":0}
[2026-09-23T15:24:43.303Z] [pid=1710] [INFO] [EdgeSync] CHANNEL-SDK: [channel-sdk] [client] self-heal reconnect done {"reason":"frozen"}
[2026-09-23T15:24:43.317Z] [pid=1710] [INFO] [EdgeSync] CHANNEL-CREDS urls: apisixPublishUrl=https://www.workbuddy.cn/cf-publish/api/publish cfWsUrl=wss://www.workbuddy.cn/cf-connect/websocket
[2026-09-23T15:24:43.317Z] [pid=1710] [INFO] [EdgeSync] CHANNEL-SDK: [channel-sdk] [handshake] token renewed via credManager {"keyVersion":1}
[2026-09-23T15:33:28.627Z] [pid=1710] [INFO] [EdgeSync] CHANNEL-SDK: [channel-sdk] [presence] timer drift detected {"driftMs":515847,"expectedAtMs":1790177092654,"firedAtMs":1790177608501,"frozen":true}
[2026-09-23T15:33:28.628Z] [pid=1710] [ERROR] [EdgeSync] CHANNEL-SDK: [channel-sdk] [presence] degraded: no heartbeat ack for too long {"channel":"user:fdee3d54-95b6-4e9c-aaff-50ad9505aab4:devices","staleMs":6224716,"consecutiveFailures":4,"hint":"lightweight self-heal exhausted; business should rebuild the session"}
[2026-09-23T15:33:28.631Z] [pid=1710] [INFO] [EdgeSync] CHANNEL-SDK: [channel-sdk] [presence] triggering lightweight self-heal {"reason":"frozen","staleMs":6224843}
[2026-09-23T15:33:28.631Z] [pid=1710] [INFO] [EdgeSync] CHANNEL-SDK: [channel-sdk] [ws-transport] forcing reconnect (dropping possibly half-open socket) 
[2026-09-23T15:33:28.632Z] [pid=1710] [INFO] [EdgeSync] CHANNEL-SDK: [channel-sdk] [ws-transport] disconnected {"code":0,"reason":"disconnect called"}
[2026-09-23T15:33:28.632Z] [pid=1710] [ERROR] [EdgeSync] CHANNEL-SDK: [channel-sdk] [client] publish failed {"channel":"user:fdee3d54-95b6-4e9c-aaff-50ad9505aab4:devices","scope":"user","transport":"cf-ws","parts":1,"errorCode":"unknown","elapsedMs":520978,"err":"code=11 message=connection closed"}
[2026-09-23T15:33:28.633Z] [pid=1710] [INFO] [EdgeSync] CHANNEL-SDK: [channel-sdk] [presence] timer drift detected {"driftMs":515965,"expectedAtMs":1790177092667,"firedAtMs":1790177608632,"frozen":true}
[2026-09-23T15:33:28.633Z] [pid=1710] [ERROR] [EdgeSync] CHANNEL-SDK: [channel-sdk] [presence] degraded: no heartbeat ack for too long {"channel":"user:fdee3d54-95b6-4e9c-aaff-50ad9505aab4:devices","staleMs":6224252,"consecutiveFailures":4,"hint":"lightweight self-heal exhausted; business should rebuild the session"}
[2026-09-23T15:33:28.634Z] [pid=1710] [INFO] [EdgeSync] CHANNEL-SDK: [channel-sdk] [presence] triggering lightweight self-heal {"reason":"frozen","staleMs":6224253}
[2026-09-23T15:33:28.634Z] [pid=1710] [INFO] [EdgeSync] CHANNEL-SDK: [channel-sdk] [ws-transport] forcing reconnect (dropping possibly half-open socket) 
[2026-09-23T15:33:28.634Z] [pid=1710] [INFO] [EdgeSync] CHANNEL-SDK: [channel-sdk] [ws-transport] disconnected {"code":0,"reason":"disconnect called"}
[2026-09-23T15:33:28.634Z] [pid=1710] [ERROR] [EdgeSync] CHANNEL-SDK: [channel-sdk] [client] publish failed {"channel":"user:fdee3d54-95b6-4e9c-aaff-50ad9505aab4:devices","scope":"user","transport":"cf-ws","parts":1,"errorCode":"unknown","elapsedMs":520966,"err":"code=11 message=connection closed"}
[2026-09-23T15:33:29.204Z] [pid=1710] [INFO] [EdgeSync] CHANNEL-SDK: [channel-sdk] [ws-transport] connected {"client":"b7ab623e-3a07-4df9-beff-3c43a906db52"}
[2026-09-23T15:33:29.204Z] [pid=1710] [INFO] [EdgeSync] CHANNEL-SDK: [channel-sdk] [supervisor] recovered online {"outcome":"grace_recovered"}
[2026-09-23T15:33:29.205Z] [pid=1710] [INFO] [EdgeSync] CHANNEL-SDK: [channel-sdk] [client] flushing outbox on recovered online {"pending":0}
[2026-09-23T15:33:29.205Z] [pid=1710] [INFO] [EdgeSync] CHANNEL-SDK: [channel-sdk] [client] self-heal reconnect done {"reason":"frozen"}
[2026-09-23T15:33:29.233Z] [pid=1710] [INFO] [EdgeSync] CHANNEL-SDK: [channel-sdk] [ws-transport] connected {"client":"d4d5b50f-c669-458f-86b7-f8f19488a5b1"}
[2026-09-23T15:33:29.233Z] [pid=1710] [INFO] [EdgeSync] CHANNEL-SDK: [channel-sdk] [supervisor] recovered online {"outcome":"grace_recovered"}
[2026-09-23T15:33:29.233Z] [pid=1710] [INFO] [EdgeSync] CHANNEL-SDK: [channel-sdk] [client] flushing outbox on recovered online {"pending":0}
[2026-09-23T15:33:29.233Z] [pid=1710] [INFO] [EdgeSync] CHANNEL-SDK: [channel-sdk] [client] self-heal reconnect done {"reason":"frozen"}
[2026-09-23T15:33:33.745Z] [pid=1710] [INFO] [EdgeSync] CHANNEL-SDK: [channel-sdk] [presence] heartbeat recovered {"channel":"user:fdee3d54-95b6-4e9c-aaff-50ad9505aab4:devices","source":"echo","afterFailures":5}
[2026-09-23T15:33:33.749Z] [pid=1710] [INFO] [EdgeSync] CHANNEL-SDK: [channel-sdk] [presence] heartbeat recovered {"channel":"user:fdee3d54-95b6-4e9c-aaff-50ad9505aab4:devices","source":"echo","afterFailures":5}
[2026-09-23T15:50:05.633Z] [pid=1710] [INFO] [EdgeSync] CHANNEL-SDK: [channel-sdk] [presence] timer drift detected {"driftMs":986868,"expectedAtMs":1790177618642,"firedAtMs":1790178605510,"frozen":true}
[2026-09-23T15:50:05.636Z] [pid=1710] [ERROR] [EdgeSync] CHANNEL-SDK: [channel-sdk] [presence] degraded: no heartbeat ack for too long {"channel":"user:fdee3d54-95b6-4e9c-aaff-50ad9505aab4:devices","staleMs":991762,"consecutiveFailures":0,"hint":"lightweight self-heal exhausted; business should rebuild the session"}
[2026-09-23T15:50:05.639Z] [pid=1710] [INFO] [EdgeSync] CHANNEL-SDK: [channel-sdk] [presence] triggering lightweight self-heal {"reason":"frozen","staleMs":991888}
[2026-09-23T15:50:05.640Z] [pid=1710] [INFO] [EdgeSync] CHANNEL-SDK: [channel-sdk] [ws-transport] forcing reconnect (dropping possibly half-open socket) 
[2026-09-23T15:50:05.643Z] [pid=1710] [INFO] [EdgeSync] CHANNEL-SDK: [channel-sdk] [ws-transport] disconnected {"code":0,"reason":"disconnect called"}
[2026-09-23T15:50:05.648Z] [pid=1710] [INFO] [EdgeSync] CHANNEL-SDK: [channel-sdk] [presence] timer drift detected {"driftMs":987002,"expectedAtMs":1790177618642,"firedAtMs":1790178605644,"frozen":true}
[2026-09-23T15:50:05.648Z] [pid=1710] [ERROR] [EdgeSync] CHANNEL-SDK: [channel-sdk] [presence] degraded: no heartbeat ack for too long {"channel":"user:fdee3d54-95b6-4e9c-aaff-50ad9505aab4:devices","staleMs":991901,"consecutiveFailures":0,"hint":"lightweight self-heal exhausted; business should rebuild the session"}
[2026-09-23T15:50:05.649Z] [pid=1710] [INFO] [EdgeSync] CHANNEL-SDK: [channel-sdk] [presence] triggering lightweight self-heal {"reason":"frozen","staleMs":991905}
[2026-09-23T15:50:05.650Z] [pid=1710] [INFO] [EdgeSync] CHANNEL-SDK: [channel-sdk] [ws-transport] forcing reconnect (dropping possibly half-open socket) 
[2026-09-23T15:50:05.650Z] [pid=1710] [INFO] [EdgeSync] CHANNEL-SDK: [channel-sdk] [ws-transport] disconnected {"code":0,"reason":"disconnect called"}
[2026-09-23T15:50:05.656Z] [pid=1710] [INFO] [EdgeSync] CHANNEL-CREDS: fetching userId=fdee3d54-95b6-4e9c-aaff-50ad9505aab4 deviceId=4d6cede0-b354-523b-bf1f-9ad4d9ec28d2 deviceName=MacBook Pro (4) extraScopes=[]
[2026-09-23T15:50:05.656Z] [pid=1710] [INFO] [EdgeSync] CHANNEL-CREDS: fetching userId=fdee3d54-95b6-4e9c-aaff-50ad9505aab4 deviceId=4d6cede0-b354-523b-bf1f-9ad4d9ec28d2 deviceName=MacBook Pro (4) extraScopes=[]
[2026-09-23T15:50:06.284Z] [pid=1710] [INFO] [EdgeSync] CHANNEL-CREDS urls: apisixPublishUrl=https://www.workbuddy.cn/cf-publish/api/publish cfWsUrl=wss://www.workbuddy.cn/cf-connect/websocket
[2026-09-23T15:50:06.285Z] [pid=1710] [INFO] [EdgeSync] CHANNEL-SDK: [channel-sdk] [handshake] token renewed via credManager {"keyVersion":1}
[2026-09-23T15:50:06.402Z] [pid=1710] [INFO] [EdgeSync] CHANNEL-SDK: [channel-sdk] [ws-transport] connected {"client":"18cefff2-38fb-400f-8a70-467462b7710e"}
[2026-09-23T15:50:06.402Z] [pid=1710] [INFO] [EdgeSync] CHANNEL-SDK: [channel-sdk] [supervisor] recovered online {"outcome":"grace_recovered"}
[2026-09-23T15:50:06.402Z] [pid=1710] [INFO] [EdgeSync] CHANNEL-SDK: [channel-sdk] [client] flushing outbox on recovered online {"pending":0}
[2026-09-23T15:50:06.402Z] [pid=1710] [INFO] [EdgeSync] CHANNEL-SDK: [channel-sdk] [client] self-heal reconnect done {"reason":"frozen"}
[2026-09-23T15:50:06.408Z] [pid=1710] [INFO] [EdgeSync] CHANNEL-SDK: [channel-sdk] [ws-transport] connected {"client":"fadafaa5-7e2e-4b24-b0e8-95a64020e837"}
[2026-09-23T15:50:06.408Z] [pid=1710] [INFO] [EdgeSync] CHANNEL-SDK: [channel-sdk] [supervisor] recovered online {"outcome":"grace_recovered"}
[2026-09-23T15:50:06.408Z] [pid=1710] [INFO] [EdgeSync] CHANNEL-SDK: [channel-sdk] [client] flushing outbox on recovered online {"pending":0}
[2026-09-23T15:50:06.408Z] [pid=1710] [INFO] [EdgeSync] CHANNEL-SDK: [channel-sdk] [client] self-heal reconnect done {"reason":"frozen"}
[2026-09-23T15:50:06.496Z] [pid=1710] [INFO] [EdgeSync] CHANNEL-CREDS urls: apisixPublishUrl=https://www.workbuddy.cn/cf-publish/api/publish cfWsUrl=wss://www.workbuddy.cn/cf-connect/websocket
[2026-09-23T15:50:06.497Z] [pid=1710] [INFO] [EdgeSync] CHANNEL-SDK: [channel-sdk] [handshake] token renewed via credManager {"keyVersion":1}
[2026-09-23T16:06:36.695Z] [pid=1710] [INFO] [EdgeSync] CHANNEL-SDK: [channel-sdk] [presence] timer drift detected {"driftMs":980856,"expectedAtMs":1790178615704,"firedAtMs":1790179596560,"frozen":true}
[2026-09-23T16:06:36.715Z] [pid=1710] [ERROR] [EdgeSync] CHANNEL-SDK: [channel-sdk] [presence] degraded: no heartbeat ack for too long {"channel":"user:fdee3d54-95b6-4e9c-aaff-50ad9505aab4:devices","staleMs":1982971,"consecutiveFailures":0,"hint":"lightweight self-heal exhausted; business should rebuild the session"}
[2026-09-23T16:06:36.708Z] [pid=1710] [ERROR] [EdgeSync] CHANNEL-SDK: [channel-sdk] [presence] degraded: no heartbeat ack for too long {"channel":"user:fdee3d54-95b6-4e9c-aaff-50ad9505aab4:devices","staleMs":1982812,"consecutiveFailures":0,"hint":"lightweight self-heal exhausted; business should rebuild the session"}
[2026-09-23T16:06:36.713Z] [pid=1710] [INFO] [EdgeSync] CHANNEL-SDK: [channel-sdk] [ws-transport] forcing reconnect (dropping possibly half-open socket) 
[2026-09-23T16:06:36.714Z] [pid=1710] [INFO] [EdgeSync] CHANNEL-SDK: [channel-sdk] [ws-transport] disconnected {"code":0,"reason":"disconnect called"}
[2026-09-23T16:06:36.715Z] [pid=1710] [INFO] [EdgeSync] CHANNEL-SDK: [channel-sdk] [presence] timer drift detected {"driftMs":980999,"expectedAtMs":1790178615715,"firedAtMs":1790179596714,"frozen":true}
[2026-09-23T16:06:36.715Z] [pid=1710] [INFO] [EdgeSync] CHANNEL-SDK: [channel-sdk] [presence] triggering lightweight self-heal {"reason":"frozen","staleMs":1982972}
[2026-09-23T16:06:36.720Z] [pid=1710] [INFO] [EdgeSync] CHANNEL-SDK: [channel-sdk] [ws-transport] forcing reconnect (dropping possibly half-open socket) 
[2026-09-23T16:06:36.712Z] [pid=1710] [INFO] [EdgeSync] CHANNEL-SDK: [channel-sdk] [presence] triggering lightweight self-heal {"reason":"frozen","staleMs":1982960}
[2026-09-23T16:06:36.720Z] [pid=1710] [INFO] [EdgeSync] CHANNEL-SDK: [channel-sdk] [ws-transport] disconnected {"code":0,"reason":"disconnect called"}
[2026-09-23T16:06:36.742Z] [pid=1710] [INFO] [EdgeSync] CHANNEL-CREDS: fetching userId=fdee3d54-95b6-4e9c-aaff-50ad9505aab4 deviceId=4d6cede0-b354-523b-bf1f-9ad4d9ec28d2 deviceName=MacBook Pro (4) extraScopes=[]
[2026-09-23T16:06:36.742Z] [pid=1710] [INFO] [EdgeSync] CHANNEL-CREDS: fetching userId=fdee3d54-95b6-4e9c-aaff-50ad9505aab4 deviceId=4d6cede0-b354-523b-bf1f-9ad4d9ec28d2 deviceName=MacBook Pro (4) extraScopes=[]
[2026-09-23T16:06:37.288Z] [pid=1710] [INFO] [EdgeSync] CHANNEL-CREDS urls: apisixPublishUrl=https://www.workbuddy.cn/cf-publish/api/publish cfWsUrl=wss://www.workbuddy.cn/cf-connect/websocket
[2026-09-23T16:06:37.289Z] [pid=1710] [INFO] [EdgeSync] CHANNEL-SDK: [channel-sdk] [handshake] token renewed via credManager {"keyVersion":1}
[2026-09-23T16:06:37.290Z] [pid=1710] [INFO] [EdgeSync] CHANNEL-CREDS urls: apisixPublishUrl=https://www.workbuddy.cn/cf-publish/api/publish cfWsUrl=wss://www.workbuddy.cn/cf-connect/websocket
[2026-09-23T16:06:37.291Z] [pid=1710] [INFO] [EdgeSync] CHANNEL-SDK: [channel-sdk] [handshake] token renewed via credManager {"keyVersion":1}
[2026-09-23T16:06:37.346Z] [pid=1710] [INFO] [EdgeSync] CHANNEL-SDK: [channel-sdk] [ws-transport] connected {"client":"6fdc342c-2aa8-4d4f-91dd-681e32873808"}
[2026-09-23T16:06:37.346Z] [pid=1710] [INFO] [EdgeSync] CHANNEL-SDK: [channel-sdk] [supervisor] recovered online {"outcome":"grace_recovered"}
[2026-09-23T16:06:37.346Z] [pid=1710] [INFO] [EdgeSync] CHANNEL-SDK: [channel-sdk] [client] flushing outbox on recovered online {"pending":0}
[2026-09-23T16:06:37.346Z] [pid=1710] [INFO] [EdgeSync] CHANNEL-SDK: [channel-sdk] [client] self-heal reconnect done {"reason":"frozen"}
[2026-09-23T16:06:37.350Z] [pid=1710] [INFO] [EdgeSync] CHANNEL-SDK: [channel-sdk] [ws-transport] connected {"client":"d16b5115-7749-44b2-b1ec-b2ee07efe622"}
[2026-09-23T16:06:37.350Z] [pid=1710] [INFO] [EdgeSync] CHANNEL-SDK: [channel-sdk] [supervisor] recovered online {"outcome":"grace_recovered"}
[2026-09-23T16:06:37.350Z] [pid=1710] [INFO] [EdgeSync] CHANNEL-SDK: [channel-sdk] [client] flushing outbox on recovered online {"pending":0}
[2026-09-23T16:06:37.350Z] [pid=1710] [INFO] [EdgeSync] CHANNEL-SDK: [channel-sdk] [client] self-heal reconnect done {"reason":"frozen"}
[2026-09-23T16:24:02.689Z] [pid=1710] [INFO] [EdgeSync] CHANNEL-SDK: [channel-sdk] [presence] timer drift detected {"driftMs":1035860,"expectedAtMs":1790179606712,"firedAtMs":1790180642572,"frozen":true}
[2026-09-23T16:24:02.692Z] [pid=1710] [ERROR] [EdgeSync] CHANNEL-SDK: [channel-sdk] [presence] degraded: no heartbeat ack for too long {"channel":"user:fdee3d54-95b6-4e9c-aaff-50ad9505aab4:devices","staleMs":3028824,"consecutiveFailures":1,"hint":"lightweight self-heal exhausted; business should rebuild the session"}
[2026-09-23T16:24:02.694Z] [pid=1710] [INFO] [EdgeSync] CHANNEL-SDK: [channel-sdk] [presence] triggering lightweight self-heal {"reason":"frozen","staleMs":3028944}
[2026-09-23T16:24:02.696Z] [pid=1710] [INFO] [EdgeSync] CHANNEL-SDK: [channel-sdk] [ws-transport] forcing reconnect (dropping possibly half-open socket) 
[2026-09-23T16:24:02.698Z] [pid=1710] [INFO] [EdgeSync] CHANNEL-SDK: [channel-sdk] [ws-transport] forcing reconnect (dropping possibly half-open socket) 
[2026-09-23T16:24:02.699Z] [pid=1710] [ERROR] [EdgeSync] CHANNEL-SDK: [channel-sdk] [client] publish failed {"channel":"user:fdee3d54-95b6-4e9c-aaff-50ad9505aab4:devices","scope":"user","transport":"cf-ws","parts":1,"errorCode":"unknown","elapsedMs":1040984,"err":"code=11 message=connection closed"}
[2026-09-23T16:24:02.709Z] [pid=1710] [INFO] [EdgeSync] CHANNEL-CREDS: fetching userId=fdee3d54-95b6-4e9c-aaff-50ad9505aab4 deviceId=4d6cede0-b354-523b-bf1f-9ad4d9ec28d2 deviceName=MacBook Pro (4) extraScopes=[]
[2026-09-23T16:24:02.698Z] [pid=1710] [INFO] [EdgeSync] CHANNEL-SDK: [channel-sdk] [ws-transport] disconnected {"code":0,"reason":"disconnect called"}
[2026-09-23T16:24:02.697Z] [pid=1710] [INFO] [EdgeSync] CHANNEL-SDK: [channel-sdk] [presence] timer drift detected {"driftMs":1035983,"expectedAtMs":1790179606714,"firedAtMs":1790180642697,"frozen":true}
[2026-09-23T16:24:02.696Z] [pid=1710] [INFO] [EdgeSync] CHANNEL-SDK: [channel-sdk] [ws-transport] disconnected {"code":0,"reason":"disconnect called"}
[2026-09-23T16:24:02.697Z] [pid=1710] [ERROR] [EdgeSync] CHANNEL-SDK: [channel-sdk] [client] publish failed {"channel":"user:fdee3d54-95b6-4e9c-aaff-50ad9505aab4:devices","scope":"user","transport":"cf-ws","parts":1,"errorCode":"unknown","elapsedMs":1040982,"err":"code=11 message=connection closed"}
[2026-09-23T16:24:02.698Z] [pid=1710] [ERROR] [EdgeSync] CHANNEL-SDK: [channel-sdk] [presence] degraded: no heartbeat ack for too long {"channel":"user:fdee3d54-95b6-4e9c-aaff-50ad9505aab4:devices","staleMs":3028954,"consecutiveFailures":1,"hint":"lightweight self-heal exhausted; business should rebuild the session"}
[2026-09-23T16:24:02.709Z] [pid=1710] [INFO] [EdgeSync] CHANNEL-CREDS: fetching userId=fdee3d54-95b6-4e9c-aaff-50ad9505aab4 deviceId=4d6cede0-b354-523b-bf1f-9ad4d9ec28d2 deviceName=MacBook Pro (4) extraScopes=[]
[2026-09-23T16:24:02.698Z] [pid=1710] [INFO] [EdgeSync] CHANNEL-SDK: [channel-sdk] [presence] triggering lightweight self-heal {"reason":"frozen","staleMs":3028955}
[2026-09-23T16:24:03.312Z] [pid=1710] [INFO] [EdgeSync] CHANNEL-CREDS urls: apisixPublishUrl=https://www.workbuddy.cn/cf-publish/api/publish cfWsUrl=wss://www.workbuddy.cn/cf-connect/websocket
[2026-09-23T16:24:03.312Z] [pid=1710] [INFO] [EdgeSync] CHANNEL-SDK: [channel-sdk] [handshake] token renewed via credManager {"keyVersion":1}
[2026-09-23T16:24:03.326Z] [pid=1710] [INFO] [EdgeSync] CHANNEL-CREDS urls: apisixPublishUrl=https://www.workbuddy.cn/cf-publish/api/publish cfWsUrl=wss://www.workbuddy.cn/cf-connect/websocket
[2026-09-23T16:24:03.327Z] [pid=1710] [INFO] [EdgeSync] CHANNEL-SDK: [channel-sdk] [handshake] token renewed via credManager {"keyVersion":1}
[2026-09-23T16:24:03.330Z] [pid=1710] [INFO] [EdgeSync] CHANNEL-SDK: [channel-sdk] [ws-transport] connected {"client":"2a10c99a-fd1b-4261-91f7-0af1d66e1228"}
[2026-09-23T16:24:03.330Z] [pid=1710] [INFO] [EdgeSync] CHANNEL-SDK: [channel-sdk] [client] flushing outbox on recovered online {"pending":0}
[2026-09-23T16:24:03.330Z] [pid=1710] [INFO] [EdgeSync] CHANNEL-SDK: [channel-sdk] [supervisor] recovered online {"outcome":"grace_recovered"}
[2026-09-23T16:24:03.331Z] [pid=1710] [INFO] [EdgeSync] CHANNEL-SDK: [channel-sdk] [client] self-heal reconnect done {"reason":"frozen"}
[2026-09-23T16:24:03.427Z] [pid=1710] [INFO] [EdgeSync] CHANNEL-SDK: [channel-sdk] [ws-transport] connected {"client":"6eb7e973-eb05-4a6c-b124-0fb4bc258837"}
[2026-09-23T16:24:03.427Z] [pid=1710] [INFO] [EdgeSync] CHANNEL-SDK: [channel-sdk] [supervisor] recovered online {"outcome":"grace_recovered"}
[2026-09-23T16:24:03.427Z] [pid=1710] [INFO] [EdgeSync] CHANNEL-SDK: [channel-sdk] [client] flushing outbox on recovered online {"pending":0}
[2026-09-23T16:24:03.428Z] [pid=1710] [INFO] [EdgeSync] CHANNEL-SDK: [channel-sdk] [client] self-heal reconnect done {"reason":"frozen"}
[2026-09-23T16:39:19.698Z] [pid=1710] [INFO] [EdgeSync] CHANNEL-SDK: [channel-sdk] [presence] timer drift detected {"driftMs":906873,"expectedAtMs":1790180652699,"firedAtMs":1790181559572,"frozen":true}
[2026-09-23T16:39:19.699Z] [pid=1710] [ERROR] [EdgeSync] CHANNEL-SDK: [channel-sdk] [presence] degraded: no heartbeat ack for too long {"channel":"user:fdee3d54-95b6-4e9c-aaff-50ad9505aab4:devices","staleMs":3945824,"consecutiveFailures":2,"hint":"lightweight self-heal exhausted; business should rebuild the session"}
[2026-09-23T16:39:19.699Z] [pid=1710] [INFO] [EdgeSync] CHANNEL-SDK: [channel-sdk] [presence] triggering lightweight self-heal {"reason":"frozen","staleMs":3945951}
[2026-09-23T16:39:19.699Z] [pid=1710] [INFO] [EdgeSync] CHANNEL-SDK: [channel-sdk] [ws-transport] forcing reconnect (dropping possibly half-open socket) 
[2026-09-23T16:39:19.699Z] [pid=1710] [INFO] [EdgeSync] CHANNEL-SDK: [channel-sdk] [ws-transport] disconnected {"code":0,"reason":"disconnect called"}
[2026-09-23T16:39:19.700Z] [pid=1710] [ERROR] [EdgeSync] CHANNEL-SDK: [channel-sdk] [client] publish failed {"channel":"user:fdee3d54-95b6-4e9c-aaff-50ad9505aab4:devices","scope":"user","transport":"cf-ws","parts":1,"errorCode":"unknown","elapsedMs":912001,"err":"code=11 message=connection closed"}
[2026-09-23T16:39:19.700Z] [pid=1710] [ERROR] [EdgeSync] CHANNEL-SDK: [channel-sdk] [presence] device.online heartbeat persistently failing — device will be marked offline {"channel":"user:fdee3d54-95b6-4e9c-aaff-50ad9505aab4:devices","reason":"schedule","consecutiveFailures":3,"staleMs":3945952,"err":"code=11 message=connection closed","hint":"half-open WS / publish_proxy rejecting / missing publish permission; watchdog will force a self-heal"}
[2026-09-23T16:39:19.700Z] [pid=1710] [INFO] [EdgeSync] CHANNEL-SDK: [channel-sdk] [presence] timer drift detected {"driftMs":906998,"expectedAtMs":1790180652702,"firedAtMs":1790181559700,"frozen":true}
[2026-09-23T16:39:19.700Z] [pid=1710] [ERROR] [EdgeSync] CHANNEL-SDK: [channel-sdk] [presence] degraded: no heartbeat ack for too long {"channel":"user:fdee3d54-95b6-4e9c-aaff-50ad9505aab4:devices","staleMs":3945957,"consecutiveFailures":2,"hint":"lightweight self-heal exhausted; business should rebuild the session"}
[2026-09-23T16:39:19.700Z] [pid=1710] [INFO] [EdgeSync] CHANNEL-SDK: [channel-sdk] [presence] triggering lightweight self-heal {"reason":"frozen","staleMs":3945957}
[2026-09-23T16:39:19.700Z] [pid=1710] [INFO] [EdgeSync] CHANNEL-SDK: [channel-sdk] [ws-transport] forcing reconnect (dropping possibly half-open socket) 
[2026-09-23T16:39:19.700Z] [pid=1710] [INFO] [EdgeSync] CHANNEL-SDK: [channel-sdk] [ws-transport] disconnected {"code":0,"reason":"disconnect called"}
[2026-09-23T16:39:19.701Z] [pid=1710] [ERROR] [EdgeSync] CHANNEL-SDK: [channel-sdk] [client] publish failed {"channel":"user:fdee3d54-95b6-4e9c-aaff-50ad9505aab4:devices","scope":"user","transport":"cf-ws","parts":1,"errorCode":"unknown","elapsedMs":911999,"err":"code=11 message=connection closed"}
[2026-09-23T16:39:19.701Z] [pid=1710] [ERROR] [EdgeSync] CHANNEL-SDK: [channel-sdk] [presence] device.online heartbeat persistently failing — device will be marked offline {"channel":"user:fdee3d54-95b6-4e9c-aaff-50ad9505aab4:devices","reason":"schedule","consecutiveFailures":3,"staleMs":3945958,"err":"code=11 message=connection closed","hint":"half-open WS / publish_proxy rejecting / missing publish permission; watchdog will force a self-heal"}
[2026-09-23T16:39:19.708Z] [pid=1710] [INFO] [EdgeSync] CHANNEL-CREDS: fetching userId=fdee3d54-95b6-4e9c-aaff-50ad9505aab4 deviceId=4d6cede0-b354-523b-bf1f-9ad4d9ec28d2 deviceName=MacBook Pro (4) extraScopes=[]
[2026-09-23T16:39:19.708Z] [pid=1710] [INFO] [EdgeSync] CHANNEL-CREDS: fetching userId=fdee3d54-95b6-4e9c-aaff-50ad9505aab4 deviceId=4d6cede0-b354-523b-bf1f-9ad4d9ec28d2 deviceName=MacBook Pro (4) extraScopes=[]
[2026-09-23T16:39:20.280Z] [pid=1710] [INFO] [EdgeSync] CHANNEL-CREDS urls: apisixPublishUrl=https://www.workbuddy.cn/cf-publish/api/publish cfWsUrl=wss://www.workbuddy.cn/cf-connect/websocket
[2026-09-23T16:39:20.281Z] [pid=1710] [INFO] [EdgeSync] CHANNEL-SDK: [channel-sdk] [handshake] token renewed via credManager {"keyVersion":1}
[2026-09-23T16:39:20.297Z] [pid=1710] [INFO] [EdgeSync] CHANNEL-CREDS urls: apisixPublishUrl=https://www.workbuddy.cn/cf-publish/api/publish cfWsUrl=wss://www.workbuddy.cn/cf-connect/websocket
[2026-09-23T16:39:20.298Z] [pid=1710] [INFO] [EdgeSync] CHANNEL-SDK: [channel-sdk] [handshake] token renewed via credManager {"keyVersion":1}
[2026-09-23T16:39:20.361Z] [pid=1710] [INFO] [EdgeSync] CHANNEL-SDK: [channel-sdk] [ws-transport] connected {"client":"fb6494a6-535f-441b-beda-c59ef8d36b5f"}
[2026-09-23T16:39:20.361Z] [pid=1710] [INFO] [EdgeSync] CHANNEL-SDK: [channel-sdk] [supervisor] recovered online {"outcome":"grace_recovered"}
[2026-09-23T16:39:20.362Z] [pid=1710] [INFO] [EdgeSync] CHANNEL-SDK: [channel-sdk] [client] flushing outbox on recovered online {"pending":0}
[2026-09-23T16:39:20.362Z] [pid=1710] [INFO] [EdgeSync] CHANNEL-SDK: [channel-sdk] [client] self-heal reconnect done {"reason":"frozen"}
[2026-09-23T16:39:20.365Z] [pid=1710] [INFO] [EdgeSync] CHANNEL-SDK: [channel-sdk] [ws-transport] connected {"client":"a361e934-3aac-45ec-a8d3-13682141a514"}
[2026-09-23T16:39:20.365Z] [pid=1710] [INFO] [EdgeSync] CHANNEL-SDK: [channel-sdk] [supervisor] recovered online {"outcome":"grace_recovered"}
[2026-09-23T16:39:20.365Z] [pid=1710] [INFO] [EdgeSync] CHANNEL-SDK: [channel-sdk] [client] flushing outbox on recovered online {"pending":0}
[2026-09-23T16:39:20.366Z] [pid=1710] [INFO] [EdgeSync] CHANNEL-SDK: [channel-sdk] [client] self-heal reconnect done {"reason":"frozen"}
[2026-09-23T16:54:54.723Z] [pid=1710] [INFO] [EdgeSync] CHANNEL-SDK: [channel-sdk] [presence] timer drift detected {"driftMs":924879,"expectedAtMs":1790181569711,"firedAtMs":1790182494590,"frozen":true}
[2026-09-23T16:54:54.728Z] [pid=1710] [ERROR] [EdgeSync] CHANNEL-SDK: [channel-sdk] [presence] degraded: no heartbeat ack for too long {"channel":"user:fdee3d54-95b6-4e9c-aaff-50ad9505aab4:devices","staleMs":4880842,"consecutiveFailures":3,"hint":"lightweight self-heal exhausted; business should rebuild the session"}
[2026-09-23T16:54:54.728Z] [pid=1710] [INFO] [EdgeSync] CHANNEL-SDK: [channel-sdk] [presence] triggering lightweight self-heal {"reason":"frozen","staleMs":4880980}
[2026-09-23T16:54:54.733Z] [pid=1710] [INFO] [EdgeSync] CHANNEL-SDK: [channel-sdk] [ws-transport] forcing reconnect (dropping possibly half-open socket) 
[2026-09-23T16:54:54.734Z] [pid=1710] [INFO] [EdgeSync] CHANNEL-SDK: [channel-sdk] [ws-transport] disconnected {"code":0,"reason":"disconnect called"}
[2026-09-23T16:54:54.737Z] [pid=1710] [ERROR] [EdgeSync] CHANNEL-SDK: [channel-sdk] [client] publish failed {"channel":"user:fdee3d54-95b6-4e9c-aaff-50ad9505aab4:devices","scope":"user","transport":"cf-ws","parts":1,"errorCode":"unknown","elapsedMs":930023,"err":"code=11 message=connection closed"}
[2026-09-23T16:54:54.739Z] [pid=1710] [INFO] [EdgeSync] CHANNEL-SDK: [channel-sdk] [presence] timer drift detected {"driftMs":925025,"expectedAtMs":1790181569712,"firedAtMs":1790182494737,"frozen":true}
[2026-09-23T16:54:54.744Z] [pid=1710] [ERROR] [EdgeSync] CHANNEL-SDK: [channel-sdk] [presence] degraded: no heartbeat ack for too long {"channel":"user:fdee3d54-95b6-4e9c-aaff-50ad9505aab4:devices","staleMs":4880994,"consecutiveFailures":3,"hint":"lightweight self-heal exhausted; business should rebuild the session"}
[2026-09-23T16:54:54.750Z] [pid=1710] [INFO] [EdgeSync] CHANNEL-SDK: [channel-sdk] [presence] triggering lightweight self-heal {"reason":"frozen","staleMs":4881001}
[2026-09-23T16:54:54.750Z] [pid=1710] [INFO] [EdgeSync] CHANNEL-SDK: [channel-sdk] [ws-transport] forcing reconnect (dropping possibly half-open socket) 
[2026-09-23T16:54:54.751Z] [pid=1710] [INFO] [EdgeSync] CHANNEL-SDK: [channel-sdk] [ws-transport] disconnected {"code":0,"reason":"disconnect called"}
[2026-09-23T16:54:54.752Z] [pid=1710] [ERROR] [EdgeSync] CHANNEL-SDK: [channel-sdk] [client] publish failed {"channel":"user:fdee3d54-95b6-4e9c-aaff-50ad9505aab4:devices","scope":"user","transport":"cf-ws","parts":1,"errorCode":"unknown","elapsedMs":930039,"err":"code=11 message=connection closed"}
[2026-09-23T16:54:54.768Z] [pid=1710] [INFO] [EdgeSync] CHANNEL-CREDS: fetching userId=fdee3d54-95b6-4e9c-aaff-50ad9505aab4 deviceId=4d6cede0-b354-523b-bf1f-9ad4d9ec28d2 deviceName=MacBook Pro (4) extraScopes=[]
[2026-09-23T16:54:54.769Z] [pid=1710] [INFO] [EdgeSync] CHANNEL-CREDS: fetching userId=fdee3d54-95b6-4e9c-aaff-50ad9505aab4 deviceId=4d6cede0-b354-523b-bf1f-9ad4d9ec28d2 deviceName=MacBook Pro (4) extraScopes=[]
[2026-09-23T16:54:55.227Z] [pid=1710] [INFO] [EdgeSync] CHANNEL-SDK: [channel-sdk] [ws-transport] connected {"client":"e1c19144-a852-4962-bddb-ee193a086bbf"}
[2026-09-23T16:54:55.227Z] [pid=1710] [INFO] [EdgeSync] CHANNEL-SDK: [channel-sdk] [supervisor] recovered online {"outcome":"grace_recovered"}
[2026-09-23T16:54:55.227Z] [pid=1710] [INFO] [EdgeSync] CHANNEL-SDK: [channel-sdk] [client] flushing outbox on recovered online {"pending":0}
[2026-09-23T16:54:55.228Z] [pid=1710] [INFO] [EdgeSync] CHANNEL-SDK: [channel-sdk] [client] self-heal reconnect done {"reason":"frozen"}
[2026-09-23T16:54:55.236Z] [pid=1710] [INFO] [EdgeSync] CHANNEL-CREDS urls: apisixPublishUrl=https://www.workbuddy.cn/cf-publish/api/publish cfWsUrl=wss://www.workbuddy.cn/cf-connect/websocket
[2026-09-23T16:54:55.237Z] [pid=1710] [INFO] [EdgeSync] CHANNEL-SDK: [channel-sdk] [handshake] token renewed via credManager {"keyVersion":1}
[2026-09-23T16:54:55.241Z] [pid=1710] [INFO] [EdgeSync] CHANNEL-CREDS urls: apisixPublishUrl=https://www.workbuddy.cn/cf-publish/api/publish cfWsUrl=wss://www.workbuddy.cn/cf-connect/websocket
[2026-09-23T16:54:55.241Z] [pid=1710] [INFO] [EdgeSync] CHANNEL-SDK: [channel-sdk] [handshake] token renewed via credManager {"keyVersion":1}
[2026-09-23T16:54:55.250Z] [pid=1710] [INFO] [EdgeSync] CHANNEL-SDK: [channel-sdk] [ws-transport] connected {"client":"6912002b-a137-4614-9eda-b023e7269316"}
[2026-09-23T16:54:55.250Z] [pid=1710] [INFO] [EdgeSync] CHANNEL-SDK: [channel-sdk] [supervisor] recovered online {"outcome":"grace_recovered"}
[2026-09-23T16:54:55.250Z] [pid=1710] [INFO] [EdgeSync] CHANNEL-SDK: [channel-sdk] [client] flushing outbox on recovered online {"pending":0}
[2026-09-23T16:54:55.251Z] [pid=1710] [INFO] [EdgeSync] CHANNEL-SDK: [channel-sdk] [client] self-heal reconnect done {"reason":"frozen"}
[2026-09-23T17:11:49.737Z] [pid=1710] [INFO] [EdgeSync] CHANNEL-SDK: [channel-sdk] [presence] timer drift detected {"driftMs":1004867,"expectedAtMs":1790182504740,"firedAtMs":1790183509607,"frozen":true}
[2026-09-23T17:11:49.738Z] [pid=1710] [ERROR] [EdgeSync] CHANNEL-SDK: [channel-sdk] [presence] degraded: no heartbeat ack for too long {"channel":"user:fdee3d54-95b6-4e9c-aaff-50ad9505aab4:devices","staleMs":5895859,"consecutiveFailures":4,"hint":"lightweight self-heal exhausted; business should rebuild the session"}
[2026-09-23T17:11:49.739Z] [pid=1710] [INFO] [EdgeSync] CHANNEL-SDK: [channel-sdk] [presence] triggering lightweight self-heal {"reason":"frozen","staleMs":5895990}
[2026-09-23T17:11:49.742Z] [pid=1710] [INFO] [EdgeSync] CHANNEL-SDK: [channel-sdk] [ws-transport] forcing reconnect (dropping possibly half-open socket) 
[2026-09-23T17:11:49.743Z] [pid=1710] [INFO] [EdgeSync] CHANNEL-SDK: [channel-sdk] [ws-transport] disconnected {"code":0,"reason":"disconnect called"}
[2026-09-23T17:11:49.744Z] [pid=1710] [ERROR] [EdgeSync] CHANNEL-SDK: [channel-sdk] [client] publish failed {"channel":"user:fdee3d54-95b6-4e9c-aaff-50ad9505aab4:devices","scope":"user","transport":"cf-ws","parts":1,"errorCode":"unknown","elapsedMs":1010003,"err":"code=11 message=connection closed"}
[2026-09-23T17:11:49.760Z] [pid=1710] [INFO] [EdgeSync] CHANNEL-SDK: [channel-sdk] [presence] timer drift detected {"driftMs":1004983,"expectedAtMs":1790182504761,"firedAtMs":1790183509744,"frozen":true}
[2026-09-23T17:11:49.761Z] [pid=1710] [ERROR] [EdgeSync] CHANNEL-SDK: [channel-sdk] [presence] degraded: no heartbeat ack for too long {"channel":"user:fdee3d54-95b6-4e9c-aaff-50ad9505aab4:devices","staleMs":5896001,"consecutiveFailures":4,"hint":"lightweight self-heal exhausted; business should rebuild the session"}
[2026-09-23T17:11:49.762Z] [pid=1710] [INFO] [EdgeSync] CHANNEL-SDK: [channel-sdk] [presence] triggering lightweight self-heal {"reason":"frozen","staleMs":5896018}
[2026-09-23T17:11:49.762Z] [pid=1710] [INFO] [EdgeSync] CHANNEL-SDK: [channel-sdk] [ws-transport] forcing reconnect (dropping possibly half-open socket) 
[2026-09-23T17:11:49.763Z] [pid=1710] [INFO] [EdgeSync] CHANNEL-SDK: [channel-sdk] [ws-transport] disconnected {"code":0,"reason":"disconnect called"}
[2026-09-23T17:11:49.763Z] [pid=1710] [ERROR] [EdgeSync] CHANNEL-SDK: [channel-sdk] [client] publish failed {"channel":"user:fdee3d54-95b6-4e9c-aaff-50ad9505aab4:devices","scope":"user","transport":"cf-ws","parts":1,"errorCode":"unknown","elapsedMs":1010001,"err":"code=11 message=connection closed"}
[2026-09-23T17:11:49.771Z] [pid=1710] [INFO] [EdgeSync] CHANNEL-CREDS: fetching userId=fdee3d54-95b6-4e9c-aaff-50ad9505aab4 deviceId=4d6cede0-b354-523b-bf1f-9ad4d9ec28d2 deviceName=MacBook Pro (4) extraScopes=[]
[2026-09-23T17:11:49.771Z] [pid=1710] [INFO] [EdgeSync] CHANNEL-CREDS: fetching userId=fdee3d54-95b6-4e9c-aaff-50ad9505aab4 deviceId=4d6cede0-b354-523b-bf1f-9ad4d9ec28d2 deviceName=MacBook Pro (4) extraScopes=[]
[2026-09-23T17:11:50.234Z] [pid=1710] [INFO] [EdgeSync] CHANNEL-CREDS urls: apisixPublishUrl=https://www.workbuddy.cn/cf-publish/api/publish cfWsUrl=wss://www.workbuddy.cn/cf-connect/websocket
[2026-09-23T17:11:50.235Z] [pid=1710] [INFO] [EdgeSync] CHANNEL-SDK: [channel-sdk] [handshake] token renewed via credManager {"keyVersion":1}
[2026-09-23T17:11:50.236Z] [pid=1710] [INFO] [EdgeSync] CHANNEL-CREDS urls: apisixPublishUrl=https://www.workbuddy.cn/cf-publish/api/publish cfWsUrl=wss://www.workbuddy.cn/cf-connect/websocket
[2026-09-23T17:11:50.237Z] [pid=1710] [INFO] [EdgeSync] CHANNEL-SDK: [channel-sdk] [handshake] token renewed via credManager {"keyVersion":1}
[2026-09-23T17:11:50.333Z] [pid=1710] [INFO] [EdgeSync] CHANNEL-SDK: [channel-sdk] [ws-transport] connected {"client":"80001871-114f-47a0-8b2f-e2dc866acb55"}
[2026-09-23T17:11:50.333Z] [pid=1710] [INFO] [EdgeSync] CHANNEL-SDK: [channel-sdk] [supervisor] recovered online {"outcome":"grace_recovered"}
[2026-09-23T17:11:50.334Z] [pid=1710] [INFO] [EdgeSync] CHANNEL-SDK: [channel-sdk] [client] flushing outbox on recovered online {"pending":0}
[2026-09-23T17:11:50.334Z] [pid=1710] [INFO] [EdgeSync] CHANNEL-SDK: [channel-sdk] [client] self-heal reconnect done {"reason":"frozen"}
[2026-09-23T17:11:50.336Z] [pid=1710] [INFO] [EdgeSync] CHANNEL-SDK: [channel-sdk] [ws-transport] connected {"client":"07b1393e-0f9f-42b7-83c3-f26aec4d535d"}
[2026-09-23T17:11:50.337Z] [pid=1710] [INFO] [EdgeSync] CHANNEL-SDK: [channel-sdk] [supervisor] recovered online {"outcome":"grace_recovered"}
[2026-09-23T17:11:50.337Z] [pid=1710] [INFO] [EdgeSync] CHANNEL-SDK: [channel-sdk] [client] flushing outbox on recovered online {"pending":0}
[2026-09-23T17:11:50.337Z] [pid=1710] [INFO] [EdgeSync] CHANNEL-SDK: [channel-sdk] [client] self-heal reconnect done {"reason":"frozen"}
[2026-09-23T17:26:58.734Z] [pid=1710] [INFO] [EdgeSync] CHANNEL-SDK: [channel-sdk] [presence] timer drift detected {"driftMs":898970,"expectedAtMs":1790183519738,"firedAtMs":1790184418708,"frozen":true}
[2026-09-23T17:26:58.739Z] [pid=1710] [INFO] [EdgeSync] CHANNEL-SDK: [channel-sdk] [ws-transport] forcing reconnect (dropping possibly half-open socket) 
[2026-09-23T17:26:58.740Z] [pid=1710] [ERROR] [EdgeSync] CHANNEL-SDK: [channel-sdk] [client] publish failed {"channel":"user:fdee3d54-95b6-4e9c-aaff-50ad9505aab4:devices","scope":"user","transport":"cf-ws","parts":1,"errorCode":"unknown","elapsedMs":904000,"err":"code=11 message=connection closed"}
[2026-09-23T17:26:58.739Z] [pid=1710] [INFO] [EdgeSync] CHANNEL-SDK: [channel-sdk] [ws-transport] disconnected {"code":0,"reason":"disconnect called"}
[2026-09-23T17:26:58.737Z] [pid=1710] [ERROR] [EdgeSync] CHANNEL-SDK: [channel-sdk] [presence] degraded: no heartbeat ack for too long {"channel":"user:fdee3d54-95b6-4e9c-aaff-50ad9505aab4:devices","staleMs":6804960,"consecutiveFailures":5,"hint":"lightweight self-heal exhausted; business should rebuild the session"}
[2026-09-23T17:26:58.739Z] [pid=1710] [INFO] [EdgeSync] CHANNEL-SDK: [channel-sdk] [presence] triggering lightweight self-heal {"reason":"frozen","staleMs":6804989}
[2026-09-23T17:26:58.740Z] [pid=1710] [INFO] [EdgeSync] CHANNEL-SDK: [channel-sdk] [presence] timer drift detected {"driftMs":898979,"expectedAtMs":1790183519761,"firedAtMs":1790184418740,"frozen":true}
[2026-09-23T17:26:58.740Z] [pid=1710] [ERROR] [EdgeSync] CHANNEL-SDK: [channel-sdk] [presence] degraded: no heartbeat ack for too long {"channel":"user:fdee3d54-95b6-4e9c-aaff-50ad9505aab4:devices","staleMs":6804997,"consecutiveFailures":5,"hint":"lightweight self-heal exhausted; business should rebuild the session"}
[2026-09-23T17:26:58.741Z] [pid=1710] [INFO] [EdgeSync] CHANNEL-SDK: [channel-sdk] [presence] triggering lightweight self-heal {"reason":"frozen","staleMs":6804997}
[2026-09-23T17:26:58.742Z] [pid=1710] [INFO] [EdgeSync] CHANNEL-SDK: [channel-sdk] [ws-transport] forcing reconnect (dropping possibly half-open socket) 
[2026-09-23T17:26:58.742Z] [pid=1710] [INFO] [EdgeSync] CHANNEL-SDK: [channel-sdk] [ws-transport] disconnected {"code":0,"reason":"disconnect called"}
[2026-09-23T17:26:58.742Z] [pid=1710] [ERROR] [EdgeSync] CHANNEL-SDK: [channel-sdk] [client] publish failed {"channel":"user:fdee3d54-95b6-4e9c-aaff-50ad9505aab4:devices","scope":"user","transport":"cf-ws","parts":1,"errorCode":"unknown","elapsedMs":903980,"err":"code=11 message=connection closed"}
[2026-09-23T17:26:58.751Z] [pid=1710] [INFO] [EdgeSync] CHANNEL-CREDS: fetching userId=fdee3d54-95b6-4e9c-aaff-50ad9505aab4 deviceId=4d6cede0-b354-523b-bf1f-9ad4d9ec28d2 deviceName=MacBook Pro (4) extraScopes=[]
[2026-09-23T17:26:58.751Z] [pid=1710] [INFO] [EdgeSync] CHANNEL-CREDS: fetching userId=fdee3d54-95b6-4e9c-aaff-50ad9505aab4 deviceId=4d6cede0-b354-523b-bf1f-9ad4d9ec28d2 deviceName=MacBook Pro (4) extraScopes=[]
[2026-09-23T17:26:59.377Z] [pid=1710] [INFO] [EdgeSync] CHANNEL-CREDS urls: apisixPublishUrl=https://www.workbuddy.cn/cf-publish/api/publish cfWsUrl=wss://www.workbuddy.cn/cf-connect/websocket
[2026-09-23T17:26:59.377Z] [pid=1710] [INFO] [EdgeSync] CHANNEL-SDK: [channel-sdk] [handshake] token renewed via credManager {"keyVersion":1}
[2026-09-23T17:26:59.387Z] [pid=1710] [INFO] [EdgeSync] CHANNEL-CREDS urls: apisixPublishUrl=https://www.workbuddy.cn/cf-publish/api/publish cfWsUrl=wss://www.workbuddy.cn/cf-connect/websocket
[2026-09-23T17:26:59.388Z] [pid=1710] [INFO] [EdgeSync] CHANNEL-SDK: [channel-sdk] [handshake] token renewed via credManager {"keyVersion":1}
[2026-09-23T17:26:59.431Z] [pid=1710] [INFO] [EdgeSync] CHANNEL-SDK: [channel-sdk] [ws-transport] connected {"client":"9d38f2cc-e978-4db4-8255-7e6e8fb10b81"}
[2026-09-23T17:26:59.432Z] [pid=1710] [INFO] [EdgeSync] CHANNEL-SDK: [channel-sdk] [supervisor] recovered online {"outcome":"grace_recovered"}
[2026-09-23T17:26:59.432Z] [pid=1710] [INFO] [EdgeSync] CHANNEL-SDK: [channel-sdk] [client] flushing outbox on recovered online {"pending":0}
[2026-09-23T17:26:59.432Z] [pid=1710] [INFO] [EdgeSync] CHANNEL-SDK: [channel-sdk] [client] self-heal reconnect done {"reason":"frozen"}
[2026-09-23T17:26:59.438Z] [pid=1710] [INFO] [EdgeSync] CHANNEL-SDK: [channel-sdk] [ws-transport] connected {"client":"3e8c22d1-74e4-4e08-ba76-2b6364a29555"}
[2026-09-23T17:26:59.438Z] [pid=1710] [INFO] [EdgeSync] CHANNEL-SDK: [channel-sdk] [supervisor] recovered online {"outcome":"grace_recovered"}
[2026-09-23T17:26:59.438Z] [pid=1710] [INFO] [EdgeSync] CHANNEL-SDK: [channel-sdk] [client] flushing outbox on recovered online {"pending":0}
[2026-09-23T17:26:59.438Z] [pid=1710] [INFO] [EdgeSync] CHANNEL-SDK: [channel-sdk] [client] self-heal reconnect done {"reason":"frozen"}
[2026-09-23T17:27:03.837Z] [pid=1710] [INFO] [EdgeSync] CHANNEL-SDK: [channel-sdk] [presence] heartbeat recovered {"channel":"user:fdee3d54-95b6-4e9c-aaff-50ad9505aab4:devices","source":"echo","afterFailures":6}
[2026-09-23T17:27:03.838Z] [pid=1710] [INFO] [EdgeSync] CHANNEL-SDK: [channel-sdk] [presence] heartbeat recovered {"channel":"user:fdee3d54-95b6-4e9c-aaff-50ad9505aab4:devices","source":"echo","afterFailures":6}
[2026-09-23T17:43:47.732Z] [pid=1710] [ERROR] [EdgeSync] CHANNEL-SDK: [channel-sdk] [presence] degraded: no heartbeat ack for too long {"channel":"user:fdee3d54-95b6-4e9c-aaff-50ad9505aab4:devices","staleMs":983759,"consecutiveFailures":0,"hint":"lightweight self-heal exhausted; business should rebuild the session"}
[2026-09-23T17:43:47.729Z] [pid=1710] [INFO] [EdgeSync] CHANNEL-SDK: [channel-sdk] [presence] timer drift detected {"driftMs":978861,"expectedAtMs":1790184448740,"firedAtMs":1790185427601,"frozen":true}
[2026-09-23T17:43:47.735Z] [pid=1710] [INFO] [EdgeSync] CHANNEL-SDK: [channel-sdk] [presence] triggering lightweight self-heal {"reason":"frozen","staleMs":983890}
[2026-09-23T17:43:47.736Z] [pid=1710] [INFO] [EdgeSync] CHANNEL-SDK: [channel-sdk] [ws-transport] forcing reconnect (dropping possibly half-open socket) 
[2026-09-23T17:43:47.737Z] [pid=1710] [INFO] [EdgeSync] CHANNEL-SDK: [channel-sdk] [ws-transport] disconnected {"code":0,"reason":"disconnect called"}
[2026-09-23T17:43:47.738Z] [pid=1710] [INFO] [EdgeSync] CHANNEL-SDK: [channel-sdk] [presence] triggering lightweight self-heal {"reason":"frozen","staleMs":983896}
[2026-09-23T17:43:47.738Z] [pid=1710] [INFO] [EdgeSync] CHANNEL-SDK: [channel-sdk] [ws-transport] forcing reconnect (dropping possibly half-open socket) 
[2026-09-23T17:43:47.738Z] [pid=1710] [INFO] [EdgeSync] CHANNEL-SDK: [channel-sdk] [ws-transport] disconnected {"code":0,"reason":"disconnect called"}
[2026-09-23T17:43:47.738Z] [pid=1710] [INFO] [EdgeSync] CHANNEL-SDK: [channel-sdk] [presence] timer drift detected {"driftMs":978996,"expectedAtMs":1790184448741,"firedAtMs":1790185427737,"frozen":true}
[2026-09-23T17:43:47.738Z] [pid=1710] [ERROR] [EdgeSync] CHANNEL-SDK: [channel-sdk] [presence] degraded: no heartbeat ack for too long {"channel":"user:fdee3d54-95b6-4e9c-aaff-50ad9505aab4:devices","staleMs":983895,"consecutiveFailures":0,"hint":"lightweight self-heal exhausted; business should rebuild the session"}
[2026-09-23T17:43:47.747Z] [pid=1710] [INFO] [EdgeSync] CHANNEL-CREDS: fetching userId=fdee3d54-95b6-4e9c-aaff-50ad9505aab4 deviceId=4d6cede0-b354-523b-bf1f-9ad4d9ec28d2 deviceName=MacBook Pro (4) extraScopes=[]
[2026-09-23T17:43:47.747Z] [pid=1710] [INFO] [EdgeSync] CHANNEL-CREDS: fetching userId=fdee3d54-95b6-4e9c-aaff-50ad9505aab4 deviceId=4d6cede0-b354-523b-bf1f-9ad4d9ec28d2 deviceName=MacBook Pro (4) extraScopes=[]
[2026-09-23T17:43:48.268Z] [pid=1710] [INFO] [EdgeSync] CHANNEL-CREDS urls: apisixPublishUrl=https://www.workbuddy.cn/cf-publish/api/publish cfWsUrl=wss://www.workbuddy.cn/cf-connect/websocket
[2026-09-23T17:43:48.269Z] [pid=1710] [INFO] [EdgeSync] CHANNEL-SDK: [channel-sdk] [handshake] token renewed via credManager {"keyVersion":1}
[2026-09-23T17:43:48.273Z] [pid=1710] [INFO] [EdgeSync] CHANNEL-CREDS urls: apisixPublishUrl=https://www.workbuddy.cn/cf-publish/api/publish cfWsUrl=wss://www.workbuddy.cn/cf-connect/websocket
[2026-09-23T17:43:48.274Z] [pid=1710] [INFO] [EdgeSync] CHANNEL-SDK: [channel-sdk] [handshake] token renewed via credManager {"keyVersion":1}
[2026-09-23T17:43:48.334Z] [pid=1710] [INFO] [EdgeSync] CHANNEL-SDK: [channel-sdk] [ws-transport] connected {"client":"aaa40300-843a-4bbe-a5cf-81dfbdda11ea"}
[2026-09-23T17:43:48.334Z] [pid=1710] [INFO] [EdgeSync] CHANNEL-SDK: [channel-sdk] [supervisor] recovered online {"outcome":"grace_recovered"}
[2026-09-23T17:43:48.335Z] [pid=1710] [INFO] [EdgeSync] CHANNEL-SDK: [channel-sdk] [client] flushing outbox on recovered online {"pending":0}
[2026-09-23T17:43:48.335Z] [pid=1710] [INFO] [EdgeSync] CHANNEL-SDK: [channel-sdk] [client] self-heal reconnect done {"reason":"frozen"}
[2026-09-23T17:43:48.341Z] [pid=1710] [INFO] [EdgeSync] CHANNEL-SDK: [channel-sdk] [ws-transport] connected {"client":"71f63d1e-7faa-4092-9da8-c9958510ccf2"}
[2026-09-23T17:43:48.341Z] [pid=1710] [INFO] [EdgeSync] CHANNEL-SDK: [channel-sdk] [supervisor] recovered online {"outcome":"grace_recovered"}
[2026-09-23T17:43:48.341Z] [pid=1710] [INFO] [EdgeSync] CHANNEL-SDK: [channel-sdk] [client] flushing outbox on recovered online {"pending":0}
[2026-09-23T17:43:48.342Z] [pid=1710] [INFO] [EdgeSync] CHANNEL-SDK: [channel-sdk] [client] self-heal reconnect done {"reason":"frozen"}
[2026-09-23T18:01:28.740Z] [pid=1710] [INFO] [EdgeSync] CHANNEL-SDK: [channel-sdk] [presence] timer drift detected {"driftMs":1050870,"expectedAtMs":1790185437741,"firedAtMs":1790186488611,"frozen":true}
[2026-09-23T18:01:28.750Z] [pid=1710] [INFO] [EdgeSync] CHANNEL-SDK: [channel-sdk] [ws-transport] forcing reconnect (dropping possibly half-open socket) 
[2026-09-23T18:01:28.746Z] [pid=1710] [ERROR] [EdgeSync] CHANNEL-SDK: [channel-sdk] [presence] degraded: no heartbeat ack for too long {"channel":"user:fdee3d54-95b6-4e9c-aaff-50ad9505aab4:devices","staleMs":1060170,"consecutiveFailures":0,"hint":"lightweight self-heal exhausted; business should rebuild the session"}
[2026-09-23T18:01:28.748Z] [pid=1710] [INFO] [EdgeSync] CHANNEL-SDK: [channel-sdk] [presence] triggering lightweight self-heal {"reason":"frozen","staleMs":1060305}
[2026-09-23T18:01:28.750Z] [pid=1710] [INFO] [EdgeSync] CHANNEL-SDK: [channel-sdk] [ws-transport] disconnected {"code":0,"reason":"disconnect called"}
[2026-09-23T18:01:28.751Z] [pid=1710] [INFO] [EdgeSync] CHANNEL-SDK: [channel-sdk] [presence] timer drift detected {"driftMs":1051008,"expectedAtMs":1790185437742,"firedAtMs":1790186488750,"frozen":true}
[2026-09-23T18:01:28.752Z] [pid=1710] [ERROR] [EdgeSync] CHANNEL-SDK: [channel-sdk] [presence] degraded: no heartbeat ack for too long {"channel":"user:fdee3d54-95b6-4e9c-aaff-50ad9505aab4:devices","staleMs":1060309,"consecutiveFailures":0,"hint":"lightweight self-heal exhausted; business should rebuild the session"}
[2026-09-23T18:01:28.752Z] [pid=1710] [INFO] [EdgeSync] CHANNEL-SDK: [channel-sdk] [presence] triggering lightweight self-heal {"reason":"frozen","staleMs":1060311}
[2026-09-23T18:01:28.753Z] [pid=1710] [INFO] [EdgeSync] CHANNEL-SDK: [channel-sdk] [ws-transport] forcing reconnect (dropping possibly half-open socket) 
[2026-09-23T18:01:28.754Z] [pid=1710] [INFO] [EdgeSync] CHANNEL-SDK: [channel-sdk] [ws-transport] disconnected {"code":0,"reason":"disconnect called"}
[2026-09-23T18:01:28.773Z] [pid=1710] [INFO] [EdgeSync] CHANNEL-CREDS: fetching userId=fdee3d54-95b6-4e9c-aaff-50ad9505aab4 deviceId=4d6cede0-b354-523b-bf1f-9ad4d9ec28d2 deviceName=MacBook Pro (4) extraScopes=[]
[2026-09-23T18:01:28.774Z] [pid=1710] [INFO] [EdgeSync] CHANNEL-CREDS: fetching userId=fdee3d54-95b6-4e9c-aaff-50ad9505aab4 deviceId=4d6cede0-b354-523b-bf1f-9ad4d9ec28d2 deviceName=MacBook Pro (4) extraScopes=[]
[2026-09-23T18:01:29.396Z] [pid=1710] [INFO] [EdgeSync] CHANNEL-CREDS urls: apisixPublishUrl=https://www.workbuddy.cn/cf-publish/api/publish cfWsUrl=wss://www.workbuddy.cn/cf-connect/websocket
[2026-09-23T18:01:29.398Z] [pid=1710] [INFO] [EdgeSync] CHANNEL-SDK: [channel-sdk] [handshake] token renewed via credManager {"keyVersion":1}
[2026-09-23T18:01:29.399Z] [pid=1710] [INFO] [EdgeSync] CHANNEL-CREDS urls: apisixPublishUrl=https://www.workbuddy.cn/cf-publish/api/publish cfWsUrl=wss://www.workbuddy.cn/cf-connect/websocket
[2026-09-23T18:01:29.401Z] [pid=1710] [INFO] [EdgeSync] CHANNEL-SDK: [channel-sdk] [handshake] token renewed via credManager {"keyVersion":1}
[2026-09-23T18:01:29.462Z] [pid=1710] [INFO] [EdgeSync] CHANNEL-SDK: [channel-sdk] [ws-transport] connected {"client":"fdeba5b0-786e-4da6-af07-a79c556bb9e2"}
[2026-09-23T18:01:29.462Z] [pid=1710] [INFO] [EdgeSync] CHANNEL-SDK: [channel-sdk] [supervisor] recovered online {"outcome":"grace_recovered"}
[2026-09-23T18:01:29.463Z] [pid=1710] [INFO] [EdgeSync] CHANNEL-SDK: [channel-sdk] [client] flushing outbox on recovered online {"pending":0}
[2026-09-23T18:01:29.463Z] [pid=1710] [INFO] [EdgeSync] CHANNEL-SDK: [channel-sdk] [client] self-heal reconnect done {"reason":"frozen"}
[2026-09-23T18:01:29.467Z] [pid=1710] [INFO] [EdgeSync] CHANNEL-SDK: [channel-sdk] [ws-transport] connected {"client":"46ef7990-79ae-499e-8b4b-3317f064d011"}
[2026-09-23T18:01:29.468Z] [pid=1710] [INFO] [EdgeSync] CHANNEL-SDK: [channel-sdk] [supervisor] recovered online {"outcome":"grace_recovered"}
[2026-09-23T18:01:29.468Z] [pid=1710] [INFO] [EdgeSync] CHANNEL-SDK: [channel-sdk] [client] flushing outbox on recovered online {"pending":0}
[2026-09-23T18:01:29.468Z] [pid=1710] [INFO] [EdgeSync] CHANNEL-SDK: [channel-sdk] [client] self-heal reconnect done {"reason":"frozen"}
[2026-09-23T18:09:10.760Z] [pid=1710] [INFO] [EdgeSync] CHANNEL-SDK: [channel-sdk] [presence] timer drift detected {"driftMs":451868,"expectedAtMs":1790186498753,"firedAtMs":1790186950621,"frozen":true}
[2026-09-23T18:09:10.764Z] [pid=1710] [ERROR] [EdgeSync] CHANNEL-SDK: [channel-sdk] [presence] degraded: no heartbeat ack for too long {"channel":"user:fdee3d54-95b6-4e9c-aaff-50ad9505aab4:devices","staleMs":1522180,"consecutiveFailures":0,"hint":"lightweight self-heal exhausted; business should rebuild the session"}
[2026-09-23T18:09:10.768Z] [pid=1710] [INFO] [EdgeSync] CHANNEL-SDK: [channel-sdk] [presence] triggering lightweight self-heal {"reason":"frozen","staleMs":1522323}
[2026-09-23T18:09:10.771Z] [pid=1710] [INFO] [EdgeSync] CHANNEL-SDK: [channel-sdk] [ws-transport] forcing reconnect (dropping possibly half-open socket) 
[2026-09-23T18:09:10.772Z] [pid=1710] [INFO] [EdgeSync] CHANNEL-SDK: [channel-sdk] [ws-transport] disconnected {"code":0,"reason":"disconnect called"}
[2026-09-23T18:09:10.775Z] [pid=1710] [INFO] [EdgeSync] CHANNEL-SDK: [channel-sdk] [presence] timer drift detected {"driftMs":452016,"expectedAtMs":1790186498757,"firedAtMs":1790186950773,"frozen":true}
[2026-09-23T18:09:10.775Z] [pid=1710] [ERROR] [EdgeSync] CHANNEL-SDK: [channel-sdk] [presence] degraded: no heartbeat ack for too long {"channel":"user:fdee3d54-95b6-4e9c-aaff-50ad9505aab4:devices","staleMs":1522332,"consecutiveFailures":0,"hint":"lightweight self-heal exhausted; business should rebuild the session"}
[2026-09-23T18:09:10.792Z] [pid=1710] [INFO] [EdgeSync] CHANNEL-SDK: [channel-sdk] [presence] triggering lightweight self-heal {"reason":"frozen","staleMs":1522334}
[2026-09-23T18:09:10.793Z] [pid=1710] [INFO] [EdgeSync] CHANNEL-SDK: [channel-sdk] [ws-transport] forcing reconnect (dropping possibly half-open socket) 
[2026-09-23T18:09:10.794Z] [pid=1710] [INFO] [EdgeSync] CHANNEL-SDK: [channel-sdk] [ws-transport] disconnected {"code":0,"reason":"disconnect called"}
[2026-09-23T18:09:11.386Z] [pid=1710] [INFO] [EdgeSync] CHANNEL-SDK: [channel-sdk] [ws-transport] connected {"client":"54c15481-f1a7-45b8-8f13-0cdbe5eab46a"}
[2026-09-23T18:09:11.387Z] [pid=1710] [INFO] [EdgeSync] CHANNEL-SDK: [channel-sdk] [supervisor] recovered online {"outcome":"grace_recovered"}
[2026-09-23T18:09:11.388Z] [pid=1710] [INFO] [EdgeSync] CHANNEL-SDK: [channel-sdk] [client] flushing outbox on recovered online {"pending":0}
[2026-09-23T18:09:11.389Z] [pid=1710] [INFO] [EdgeSync] CHANNEL-SDK: [channel-sdk] [client] self-heal reconnect done {"reason":"frozen"}
[2026-09-23T18:09:11.392Z] [pid=1710] [INFO] [EdgeSync] CHANNEL-SDK: [channel-sdk] [ws-transport] connected {"client":"7b24d887-4d7e-4bf5-a303-c7218c2cb71c"}
[2026-09-23T18:09:11.393Z] [pid=1710] [INFO] [EdgeSync] CHANNEL-SDK: [channel-sdk] [supervisor] recovered online {"outcome":"grace_recovered"}
[2026-09-23T18:09:11.394Z] [pid=1710] [INFO] [EdgeSync] CHANNEL-SDK: [channel-sdk] [client] flushing outbox on recovered online {"pending":0}
[2026-09-23T18:09:11.395Z] [pid=1710] [INFO] [EdgeSync] CHANNEL-SDK: [channel-sdk] [client] self-heal reconnect done {"reason":"frozen"}
[2026-09-23T18:09:15.881Z] [pid=1710] [INFO] [EdgeSync] CHANNEL-SDK: [channel-sdk] [presence] heartbeat recovered {"channel":"user:fdee3d54-95b6-4e9c-aaff-50ad9505aab4:devices","source":"echo","afterFailures":1}
[2026-09-23T18:09:15.902Z] [pid=1710] [INFO] [EdgeSync] CHANNEL-SDK: [channel-sdk] [presence] heartbeat recovered {"channel":"user:fdee3d54-95b6-4e9c-aaff-50ad9505aab4:devices","source":"echo","afterFailures":1}
[2026-09-23T18:26:55.760Z] [pid=1710] [INFO] [EdgeSync] CHANNEL-SDK: [channel-sdk] [presence] timer drift detected {"driftMs":1054882,"expectedAtMs":1790186960774,"firedAtMs":1790188015656,"frozen":true}
[2026-09-23T18:26:55.763Z] [pid=1710] [ERROR] [EdgeSync] CHANNEL-SDK: [channel-sdk] [presence] degraded: no heartbeat ack for too long {"channel":"user:fdee3d54-95b6-4e9c-aaff-50ad9505aab4:devices","staleMs":1059776,"consecutiveFailures":0,"hint":"lightweight self-heal exhausted; business should rebuild the session"}
[2026-09-23T18:26:55.767Z] [pid=1710] [INFO] [EdgeSync] CHANNEL-SDK: [channel-sdk] [presence] triggering lightweight self-heal {"reason":"frozen","staleMs":1059883}
[2026-09-23T18:26:55.773Z] [pid=1710] [INFO] [EdgeSync] CHANNEL-SDK: [channel-sdk] [ws-transport] forcing reconnect (dropping possibly half-open socket) 
[2026-09-23T18:26:55.774Z] [pid=1710] [INFO] [EdgeSync] CHANNEL-SDK: [channel-sdk] [ws-transport] disconnected {"code":0,"reason":"disconnect called"}
[2026-09-23T18:26:55.775Z] [pid=1710] [INFO] [EdgeSync] CHANNEL-SDK: [channel-sdk] [presence] timer drift detected {"driftMs":1054977,"expectedAtMs":1790186960797,"firedAtMs":1790188015774,"frozen":true}
[2026-09-23T18:26:55.776Z] [pid=1710] [ERROR] [EdgeSync] CHANNEL-SDK: [channel-sdk] [presence] degraded: no heartbeat ack for too long {"channel":"user:fdee3d54-95b6-4e9c-aaff-50ad9505aab4:devices","staleMs":1059873,"consecutiveFailures":0,"hint":"lightweight self-heal exhausted; business should rebuild the session"}
[2026-09-23T18:26:55.779Z] [pid=1710] [INFO] [EdgeSync] CHANNEL-SDK: [channel-sdk] [presence] triggering lightweight self-heal {"reason":"frozen","staleMs":1059875}
[2026-09-23T18:26:55.783Z] [pid=1710] [INFO] [EdgeSync] CHANNEL-SDK: [channel-sdk] [ws-transport] forcing reconnect (dropping possibly half-open socket) 
[2026-09-23T18:26:55.783Z] [pid=1710] [INFO] [EdgeSync] CHANNEL-SDK: [channel-sdk] [ws-transport] disconnected {"code":0,"reason":"disconnect called"}
[2026-09-23T18:26:55.788Z] [pid=1710] [INFO] [EdgeSync] CHANNEL-CREDS: fetching userId=fdee3d54-95b6-4e9c-aaff-50ad9505aab4 deviceId=4d6cede0-b354-523b-bf1f-9ad4d9ec28d2 deviceName=MacBook Pro (4) extraScopes=[]
[2026-09-23T18:26:55.788Z] [pid=1710] [INFO] [EdgeSync] CHANNEL-CREDS: fetching userId=fdee3d54-95b6-4e9c-aaff-50ad9505aab4 deviceId=4d6cede0-b354-523b-bf1f-9ad4d9ec28d2 deviceName=MacBook Pro (4) extraScopes=[]
[2026-09-23T18:26:56.379Z] [pid=1710] [INFO] [EdgeSync] CHANNEL-CREDS urls: apisixPublishUrl=https://www.workbuddy.cn/cf-publish/api/publish cfWsUrl=wss://www.workbuddy.cn/cf-connect/websocket
[2026-09-23T18:26:56.381Z] [pid=1710] [INFO] [EdgeSync] CHANNEL-SDK: [channel-sdk] [handshake] token renewed via credManager {"keyVersion":1}
[2026-09-23T18:26:56.387Z] [pid=1710] [INFO] [EdgeSync] CHANNEL-CREDS urls: apisixPublishUrl=https://www.workbuddy.cn/cf-publish/api/publish cfWsUrl=wss://www.workbuddy.cn/cf-connect/websocket
[2026-09-23T18:26:56.389Z] [pid=1710] [INFO] [EdgeSync] CHANNEL-SDK: [channel-sdk] [handshake] token renewed via credManager {"keyVersion":1}
[2026-09-23T18:26:56.422Z] [pid=1710] [INFO] [EdgeSync] CHANNEL-SDK: [channel-sdk] [ws-transport] connected {"client":"c0444638-7efa-4ccd-b0a2-2ee600aaab4b"}
[2026-09-23T18:26:56.423Z] [pid=1710] [INFO] [EdgeSync] CHANNEL-SDK: [channel-sdk] [supervisor] recovered online {"outcome":"grace_recovered"}
[2026-09-23T18:26:56.423Z] [pid=1710] [INFO] [EdgeSync] CHANNEL-SDK: [channel-sdk] [client] flushing outbox on recovered online {"pending":0}
[2026-09-23T18:26:56.423Z] [pid=1710] [INFO] [EdgeSync] CHANNEL-SDK: [channel-sdk] [client] self-heal reconnect done {"reason":"frozen"}
[2026-09-23T18:26:56.427Z] [pid=1710] [INFO] [EdgeSync] CHANNEL-SDK: [channel-sdk] [ws-transport] connected {"client":"8881367e-a3f8-4a1a-b3b2-a6f0d0b88a40"}
[2026-09-23T18:26:56.428Z] [pid=1710] [INFO] [EdgeSync] CHANNEL-SDK: [channel-sdk] [supervisor] recovered online {"outcome":"grace_recovered"}
[2026-09-23T18:26:56.428Z] [pid=1710] [INFO] [EdgeSync] CHANNEL-SDK: [channel-sdk] [client] flushing outbox on recovered online {"pending":0}
[2026-09-23T18:26:56.428Z] [pid=1710] [INFO] [EdgeSync] CHANNEL-SDK: [channel-sdk] [client] self-heal reconnect done {"reason":"frozen"}
[2026-09-23T18:43:14.771Z] [pid=1710] [INFO] [EdgeSync] CHANNEL-SDK: [channel-sdk] [presence] timer drift detected {"driftMs":968870,"expectedAtMs":1790188025771,"firedAtMs":1790188994641,"frozen":true}
[2026-09-23T18:43:14.780Z] [pid=1710] [INFO] [EdgeSync] CHANNEL-SDK: [channel-sdk] [presence] triggering lightweight self-heal {"reason":"frozen","staleMs":978265}
[2026-09-23T18:43:14.779Z] [pid=1710] [ERROR] [EdgeSync] CHANNEL-SDK: [channel-sdk] [presence] degraded: no heartbeat ack for too long {"channel":"user:fdee3d54-95b6-4e9c-aaff-50ad9505aab4:devices","staleMs":978127,"consecutiveFailures":0,"hint":"lightweight self-heal exhausted; business should rebuild the session"}
[2026-09-23T18:43:14.780Z] [pid=1710] [INFO] [EdgeSync] CHANNEL-SDK: [channel-sdk] [ws-transport] forcing reconnect (dropping possibly half-open socket) 
[2026-09-23T18:43:14.780Z] [pid=1710] [INFO] [EdgeSync] CHANNEL-SDK: [channel-sdk] [ws-transport] disconnected {"code":0,"reason":"disconnect called"}
[2026-09-23T18:43:14.781Z] [pid=1710] [INFO] [EdgeSync] CHANNEL-SDK: [channel-sdk] [presence] timer drift detected {"driftMs":968998,"expectedAtMs":1790188025783,"firedAtMs":1790188994781,"frozen":true}
[2026-09-23T18:43:14.781Z] [pid=1710] [ERROR] [EdgeSync] CHANNEL-SDK: [channel-sdk] [presence] degraded: no heartbeat ack for too long {"channel":"user:fdee3d54-95b6-4e9c-aaff-50ad9505aab4:devices","staleMs":978257,"consecutiveFailures":0,"hint":"lightweight self-heal exhausted; business should rebuild the session"}
[2026-09-23T18:43:14.781Z] [pid=1710] [INFO] [EdgeSync] CHANNEL-SDK: [channel-sdk] [presence] triggering lightweight self-heal {"reason":"frozen","staleMs":978257}
[2026-09-23T18:43:14.781Z] [pid=1710] [INFO] [EdgeSync] CHANNEL-SDK: [channel-sdk] [ws-transport] forcing reconnect (dropping possibly half-open socket) 
[2026-09-23T18:43:14.782Z] [pid=1710] [INFO] [EdgeSync] CHANNEL-SDK: [channel-sdk] [ws-transport] disconnected {"code":0,"reason":"disconnect called"}
[2026-09-23T18:43:14.791Z] [pid=1710] [INFO] [EdgeSync] CHANNEL-CREDS: fetching userId=fdee3d54-95b6-4e9c-aaff-50ad9505aab4 deviceId=4d6cede0-b354-523b-bf1f-9ad4d9ec28d2 deviceName=MacBook Pro (4) extraScopes=[]
[2026-09-23T18:43:14.792Z] [pid=1710] [INFO] [EdgeSync] CHANNEL-CREDS: fetching userId=fdee3d54-95b6-4e9c-aaff-50ad9505aab4 deviceId=4d6cede0-b354-523b-bf1f-9ad4d9ec28d2 deviceName=MacBook Pro (4) extraScopes=[]
[2026-09-23T18:43:15.349Z] [pid=1710] [INFO] [EdgeSync] CHANNEL-CREDS urls: apisixPublishUrl=https://www.workbuddy.cn/cf-publish/api/publish cfWsUrl=wss://www.workbuddy.cn/cf-connect/websocket
[2026-09-23T18:43:15.350Z] [pid=1710] [INFO] [EdgeSync] CHANNEL-SDK: [channel-sdk] [handshake] token renewed via credManager {"keyVersion":1}
[2026-09-23T18:43:15.356Z] [pid=1710] [INFO] [EdgeSync] CHANNEL-CREDS urls: apisixPublishUrl=https://www.workbuddy.cn/cf-publish/api/publish cfWsUrl=wss://www.workbuddy.cn/cf-connect/websocket
[2026-09-23T18:43:15.357Z] [pid=1710] [INFO] [EdgeSync] CHANNEL-SDK: [channel-sdk] [handshake] token renewed via credManager {"keyVersion":1}
[2026-09-23T18:43:15.394Z] [pid=1710] [INFO] [EdgeSync] CHANNEL-SDK: [channel-sdk] [ws-transport] connected {"client":"b150e5f0-8d15-45b5-9bd6-1df08531e3ef"}
[2026-09-23T18:43:15.395Z] [pid=1710] [INFO] [EdgeSync] CHANNEL-SDK: [channel-sdk] [supervisor] recovered online {"outcome":"grace_recovered"}
[2026-09-23T18:43:15.395Z] [pid=1710] [INFO] [EdgeSync] CHANNEL-SDK: [channel-sdk] [client] flushing outbox on recovered online {"pending":0}
[2026-09-23T18:43:15.395Z] [pid=1710] [INFO] [EdgeSync] CHANNEL-SDK: [channel-sdk] [client] self-heal reconnect done {"reason":"frozen"}
[2026-09-23T18:43:15.460Z] [pid=1710] [INFO] [EdgeSync] CHANNEL-SDK: [channel-sdk] [ws-transport] connected {"client":"f6214b89-a2bf-47bb-80cd-e4e229fbee2c"}
[2026-09-23T18:43:15.461Z] [pid=1710] [INFO] [EdgeSync] CHANNEL-SDK: [channel-sdk] [supervisor] recovered online {"outcome":"grace_recovered"}
[2026-09-23T18:43:15.462Z] [pid=1710] [INFO] [EdgeSync] CHANNEL-SDK: [channel-sdk] [client] self-heal reconnect done {"reason":"frozen"}
[2026-09-23T18:43:15.461Z] [pid=1710] [INFO] [EdgeSync] CHANNEL-SDK: [channel-sdk] [client] flushing outbox on recovered online {"pending":0}
[2026-09-23T18:59:21.780Z] [pid=1710] [INFO] [EdgeSync] CHANNEL-SDK: [channel-sdk] [presence] timer drift detected {"driftMs":956875,"expectedAtMs":1790189004784,"firedAtMs":1790189961659,"frozen":true}
[2026-09-23T18:59:21.783Z] [pid=1710] [INFO] [EdgeSync] CHANNEL-SDK: [channel-sdk] [presence] triggering lightweight self-heal {"reason":"frozen","staleMs":1945269}
[2026-09-23T18:59:21.783Z] [pid=1710] [ERROR] [EdgeSync] CHANNEL-SDK: [channel-sdk] [presence] degraded: no heartbeat ack for too long {"channel":"user:fdee3d54-95b6-4e9c-aaff-50ad9505aab4:devices","staleMs":1945145,"consecutiveFailures":0,"hint":"lightweight self-heal exhausted; business should rebuild the session"}
[2026-09-23T18:59:21.788Z] [pid=1710] [INFO] [EdgeSync] CHANNEL-SDK: [channel-sdk] [ws-transport] disconnected {"code":0,"reason":"disconnect called"}
[2026-09-23T18:59:21.784Z] [pid=1710] [INFO] [EdgeSync] CHANNEL-SDK: [channel-sdk] [ws-transport] forcing reconnect (dropping possibly half-open socket) 
[2026-09-23T18:59:21.785Z] [pid=1710] [INFO] [EdgeSync] CHANNEL-SDK: [channel-sdk] [presence] timer drift detected {"driftMs":957000,"expectedAtMs":1790189004784,"firedAtMs":1790189961784,"frozen":true}
[2026-09-23T18:59:21.784Z] [pid=1710] [INFO] [EdgeSync] CHANNEL-SDK: [channel-sdk] [ws-transport] disconnected {"code":0,"reason":"disconnect called"}
[2026-09-23T18:59:21.787Z] [pid=1710] [INFO] [EdgeSync] CHANNEL-SDK: [channel-sdk] [ws-transport] forcing reconnect (dropping possibly half-open socket) 
[2026-09-23T18:59:21.786Z] [pid=1710] [ERROR] [EdgeSync] CHANNEL-SDK: [channel-sdk] [presence] degraded: no heartbeat ack for too long {"channel":"user:fdee3d54-95b6-4e9c-aaff-50ad9505aab4:devices","staleMs":1945260,"consecutiveFailures":0,"hint":"lightweight self-heal exhausted; business should rebuild the session"}
[2026-09-23T18:59:21.787Z] [pid=1710] [INFO] [EdgeSync] CHANNEL-SDK: [channel-sdk] [presence] triggering lightweight self-heal {"reason":"frozen","staleMs":1945262}
[2026-09-23T18:59:21.798Z] [pid=1710] [INFO] [EdgeSync] CHANNEL-CREDS: fetching userId=fdee3d54-95b6-4e9c-aaff-50ad9505aab4 deviceId=4d6cede0-b354-523b-bf1f-9ad4d9ec28d2 deviceName=MacBook Pro (4) extraScopes=[]
[2026-09-23T18:59:21.798Z] [pid=1710] [INFO] [EdgeSync] CHANNEL-CREDS: fetching userId=fdee3d54-95b6-4e9c-aaff-50ad9505aab4 deviceId=4d6cede0-b354-523b-bf1f-9ad4d9ec28d2 deviceName=MacBook Pro (4) extraScopes=[]
[2026-09-23T18:59:22.354Z] [pid=1710] [INFO] [EdgeSync] CHANNEL-CREDS urls: apisixPublishUrl=https://www.workbuddy.cn/cf-publish/api/publish cfWsUrl=wss://www.workbuddy.cn/cf-connect/websocket
[2026-09-23T18:59:22.354Z] [pid=1710] [INFO] [EdgeSync] CHANNEL-SDK: [channel-sdk] [handshake] token renewed via credManager {"keyVersion":1}
[2026-09-23T18:59:22.403Z] [pid=1710] [INFO] [EdgeSync] CHANNEL-SDK: [channel-sdk] [ws-transport] connected {"client":"b4fa957d-d065-4818-b48b-bece5f64babd"}
[2026-09-23T18:59:22.404Z] [pid=1710] [INFO] [EdgeSync] CHANNEL-SDK: [channel-sdk] [supervisor] recovered online {"outcome":"grace_recovered"}
[2026-09-23T18:59:22.404Z] [pid=1710] [INFO] [EdgeSync] CHANNEL-SDK: [channel-sdk] [client] flushing outbox on recovered online {"pending":0}
[2026-09-23T18:59:22.404Z] [pid=1710] [INFO] [EdgeSync] CHANNEL-SDK: [channel-sdk] [client] self-heal reconnect done {"reason":"frozen"}
[2026-09-23T18:59:22.417Z] [pid=1710] [INFO] [EdgeSync] CHANNEL-SDK: [channel-sdk] [ws-transport] connected {"client":"2d44afb4-532b-4275-8621-7f72d081480e"}
[2026-09-23T18:59:22.417Z] [pid=1710] [INFO] [EdgeSync] CHANNEL-SDK: [channel-sdk] [supervisor] recovered online {"outcome":"grace_recovered"}
[2026-09-23T18:59:22.417Z] [pid=1710] [INFO] [EdgeSync] CHANNEL-SDK: [channel-sdk] [client] flushing outbox on recovered online {"pending":0}
[2026-09-23T18:59:22.417Z] [pid=1710] [INFO] [EdgeSync] CHANNEL-SDK: [channel-sdk] [client] self-heal reconnect done {"reason":"frozen"}
[2026-09-23T18:59:22.648Z] [pid=1710] [INFO] [EdgeSync] CHANNEL-CREDS urls: apisixPublishUrl=https://www.workbuddy.cn/cf-publish/api/publish cfWsUrl=wss://www.workbuddy.cn/cf-connect/websocket
[2026-09-23T18:59:22.649Z] [pid=1710] [INFO] [EdgeSync] CHANNEL-SDK: [channel-sdk] [handshake] token renewed via credManager {"keyVersion":1}
[2026-09-23T19:14:48.780Z] [pid=1710] [INFO] [EdgeSync] CHANNEL-SDK: [channel-sdk] [presence] timer drift detected {"driftMs":916868,"expectedAtMs":1790189971780,"firedAtMs":1790190888648,"frozen":true}
[2026-09-23T19:14:48.783Z] [pid=1710] [ERROR] [EdgeSync] CHANNEL-SDK: [channel-sdk] [presence] degraded: no heartbeat ack for too long {"channel":"user:fdee3d54-95b6-4e9c-aaff-50ad9505aab4:devices","staleMs":2872134,"consecutiveFailures":1,"hint":"lightweight self-heal exhausted; business should rebuild the session"}
[2026-09-23T19:14:48.784Z] [pid=1710] [ERROR] [EdgeSync] CHANNEL-SDK: [channel-sdk] [presence] degraded: no heartbeat ack for too long {"channel":"user:fdee3d54-95b6-4e9c-aaff-50ad9505aab4:devices","staleMs":2872260,"consecutiveFailures":1,"hint":"lightweight self-heal exhausted; business should rebuild the session"}
[2026-09-23T19:14:48.783Z] [pid=1710] [INFO] [EdgeSync] CHANNEL-SDK: [channel-sdk] [presence] triggering lightweight self-heal {"reason":"frozen","staleMs":2872269}
[2026-09-23T19:14:48.783Z] [pid=1710] [INFO] [EdgeSync] CHANNEL-SDK: [channel-sdk] [ws-transport] forcing reconnect (dropping possibly half-open socket) 
[2026-09-23T19:14:48.784Z] [pid=1710] [INFO] [EdgeSync] CHANNEL-SDK: [channel-sdk] [presence] timer drift detected {"driftMs":917002,"expectedAtMs":1790189971782,"firedAtMs":1790190888784,"frozen":true}
[2026-09-23T19:14:48.783Z] [pid=1710] [INFO] [EdgeSync] CHANNEL-SDK: [channel-sdk] [ws-transport] disconnected {"code":0,"reason":"disconnect called"}
[2026-09-23T19:14:48.793Z] [pid=1710] [INFO] [EdgeSync] CHANNEL-CREDS: fetching userId=fdee3d54-95b6-4e9c-aaff-50ad9505aab4 deviceId=4d6cede0-b354-523b-bf1f-9ad4d9ec28d2 deviceName=MacBook Pro (4) extraScopes=[]
[2026-09-23T19:14:48.784Z] [pid=1710] [ERROR] [EdgeSync] CHANNEL-SDK: [channel-sdk] [client] publish failed {"channel":"user:fdee3d54-95b6-4e9c-aaff-50ad9505aab4:devices","scope":"user","transport":"cf-ws","parts":1,"errorCode":"unknown","elapsedMs":922002,"err":"code=11 message=connection closed"}
[2026-09-23T19:14:48.784Z] [pid=1710] [ERROR] [EdgeSync] CHANNEL-SDK: [channel-sdk] [client] publish failed {"channel":"user:fdee3d54-95b6-4e9c-aaff-50ad9505aab4:devices","scope":"user","transport":"cf-ws","parts":1,"errorCode":"unknown","elapsedMs":922003,"err":"code=11 message=connection closed"}
[2026-09-23T19:14:48.784Z] [pid=1710] [INFO] [EdgeSync] CHANNEL-SDK: [channel-sdk] [ws-transport] forcing reconnect (dropping possibly half-open socket) 
[2026-09-23T19:14:48.784Z] [pid=1710] [INFO] [EdgeSync] CHANNEL-SDK: [channel-sdk] [presence] triggering lightweight self-heal {"reason":"frozen","staleMs":2872260}
[2026-09-23T19:14:48.784Z] [pid=1710] [INFO] [EdgeSync] CHANNEL-SDK: [channel-sdk] [ws-transport] disconnected {"code":0,"reason":"disconnect called"}
[2026-09-23T19:14:48.794Z] [pid=1710] [INFO] [EdgeSync] CHANNEL-CREDS: fetching userId=fdee3d54-95b6-4e9c-aaff-50ad9505aab4 deviceId=4d6cede0-b354-523b-bf1f-9ad4d9ec28d2 deviceName=MacBook Pro (4) extraScopes=[]
[2026-09-23T19:14:49.423Z] [pid=1710] [INFO] [EdgeSync] CHANNEL-CREDS urls: apisixPublishUrl=https://www.workbuddy.cn/cf-publish/api/publish cfWsUrl=wss://www.workbuddy.cn/cf-connect/websocket
[2026-09-23T19:14:49.424Z] [pid=1710] [INFO] [EdgeSync] CHANNEL-SDK: [channel-sdk] [handshake] token renewed via credManager {"keyVersion":1}
[2026-09-23T19:14:49.429Z] [pid=1710] [INFO] [EdgeSync] CHANNEL-CREDS urls: apisixPublishUrl=https://www.workbuddy.cn/cf-publish/api/publish cfWsUrl=wss://www.workbuddy.cn/cf-connect/websocket
[2026-09-23T19:14:49.430Z] [pid=1710] [INFO] [EdgeSync] CHANNEL-SDK: [channel-sdk] [handshake] token renewed via credManager {"keyVersion":1}
[2026-09-23T19:14:49.510Z] [pid=1710] [INFO] [EdgeSync] CHANNEL-SDK: [channel-sdk] [ws-transport] connected {"client":"8babf89c-2674-46d9-a847-898bbd21120d"}
[2026-09-23T19:14:49.510Z] [pid=1710] [INFO] [EdgeSync] CHANNEL-SDK: [channel-sdk] [supervisor] recovered online {"outcome":"grace_recovered"}
[2026-09-23T19:14:49.510Z] [pid=1710] [INFO] [EdgeSync] CHANNEL-SDK: [channel-sdk] [client] flushing outbox on recovered online {"pending":0}
[2026-09-23T19:14:49.511Z] [pid=1710] [INFO] [EdgeSync] CHANNEL-SDK: [channel-sdk] [client] self-heal reconnect done {"reason":"frozen"}
[2026-09-23T19:14:49.519Z] [pid=1710] [INFO] [EdgeSync] CHANNEL-SDK: [channel-sdk] [ws-transport] connected {"client":"a137f837-6ebd-422e-b9f1-b9758f48eaf4"}
[2026-09-23T19:14:49.520Z] [pid=1710] [INFO] [EdgeSync] CHANNEL-SDK: [channel-sdk] [supervisor] recovered online {"outcome":"grace_recovered"}
[2026-09-23T19:14:49.520Z] [pid=1710] [INFO] [EdgeSync] CHANNEL-SDK: [channel-sdk] [client] flushing outbox on recovered online {"pending":0}
[2026-09-23T19:14:49.520Z] [pid=1710] [INFO] [EdgeSync] CHANNEL-SDK: [channel-sdk] [client] self-heal reconnect done {"reason":"frozen"}
[2026-09-23T19:29:21.771Z] [pid=1710] [INFO] [EdgeSync] CHANNEL-SDK: [channel-sdk] [presence] timer drift detected {"driftMs":862868,"expectedAtMs":1790190898779,"firedAtMs":1790191761647,"frozen":true}
[2026-09-23T19:29:21.787Z] [pid=1710] [ERROR] [EdgeSync] CHANNEL-SDK: [channel-sdk] [presence] degraded: no heartbeat ack for too long {"channel":"user:fdee3d54-95b6-4e9c-aaff-50ad9505aab4:devices","staleMs":3745133,"consecutiveFailures":2,"hint":"lightweight self-heal exhausted; business should rebuild the session"}
[2026-09-23T19:29:21.794Z] [pid=1710] [INFO] [EdgeSync] CHANNEL-SDK: [channel-sdk] [ws-transport] forcing reconnect (dropping possibly half-open socket) 
[2026-09-23T19:29:21.800Z] [pid=1710] [INFO] [EdgeSync] CHANNEL-SDK: [channel-sdk] [ws-transport] disconnected {"code":0,"reason":"disconnect called"}
[2026-09-23T19:29:21.801Z] [pid=1710] [ERROR] [EdgeSync] CHANNEL-SDK: [channel-sdk] [client] publish failed {"channel":"user:fdee3d54-95b6-4e9c-aaff-50ad9505aab4:devices","scope":"user","transport":"cf-ws","parts":1,"errorCode":"unknown","elapsedMs":868020,"err":"code=11 message=connection closed"}
[2026-09-23T19:29:21.790Z] [pid=1710] [INFO] [EdgeSync] CHANNEL-SDK: [channel-sdk] [presence] triggering lightweight self-heal {"reason":"frozen","staleMs":3745273}
[2026-09-23T19:29:21.803Z] [pid=1710] [ERROR] [EdgeSync] CHANNEL-SDK: [channel-sdk] [presence] device.online heartbeat persistently failing — device will be marked offline {"channel":"user:fdee3d54-95b6-4e9c-aaff-50ad9505aab4:devices","reason":"schedule","consecutiveFailures":3,"staleMs":3745287,"err":"code=11 message=connection closed","hint":"half-open WS / publish_proxy rejecting / missing publish permission; watchdog will force a self-heal"}
[2026-09-23T19:29:21.803Z] [pid=1710] [INFO] [EdgeSync] CHANNEL-SDK: [channel-sdk] [presence] timer drift detected {"driftMs":863024,"expectedAtMs":1790190898779,"firedAtMs":1790191761803,"frozen":true}
[2026-09-23T19:29:21.803Z] [pid=1710] [ERROR] [EdgeSync] CHANNEL-SDK: [channel-sdk] [presence] degraded: no heartbeat ack for too long {"channel":"user:fdee3d54-95b6-4e9c-aaff-50ad9505aab4:devices","staleMs":3745279,"consecutiveFailures":2,"hint":"lightweight self-heal exhausted; business should rebuild the session"}
[2026-09-23T19:29:21.804Z] [pid=1710] [INFO] [EdgeSync] CHANNEL-SDK: [channel-sdk] [presence] triggering lightweight self-heal {"reason":"frozen","staleMs":3745279}
[2026-09-23T19:29:21.805Z] [pid=1710] [INFO] [EdgeSync] CHANNEL-SDK: [channel-sdk] [ws-transport] forcing reconnect (dropping possibly half-open socket) 
[2026-09-23T19:29:21.805Z] [pid=1710] [INFO] [EdgeSync] CHANNEL-SDK: [channel-sdk] [ws-transport] disconnected {"code":0,"reason":"disconnect called"}
[2026-09-23T19:29:21.805Z] [pid=1710] [ERROR] [EdgeSync] CHANNEL-SDK: [channel-sdk] [client] publish failed {"channel":"user:fdee3d54-95b6-4e9c-aaff-50ad9505aab4:devices","scope":"user","transport":"cf-ws","parts":1,"errorCode":"unknown","elapsedMs":868025,"err":"code=11 message=connection closed"}
[2026-09-23T19:29:21.805Z] [pid=1710] [ERROR] [EdgeSync] CHANNEL-SDK: [channel-sdk] [presence] device.online heartbeat persistently failing — device will be marked offline {"channel":"user:fdee3d54-95b6-4e9c-aaff-50ad9505aab4:devices","reason":"schedule","consecutiveFailures":3,"staleMs":3745281,"err":"code=11 message=connection closed","hint":"half-open WS / publish_proxy rejecting / missing publish permission; watchdog will force a self-heal"}
[2026-09-23T19:29:21.817Z] [pid=1710] [INFO] [EdgeSync] CHANNEL-CREDS: fetching userId=fdee3d54-95b6-4e9c-aaff-50ad9505aab4 deviceId=4d6cede0-b354-523b-bf1f-9ad4d9ec28d2 deviceName=MacBook Pro (4) extraScopes=[]
[2026-09-23T19:29:21.817Z] [pid=1710] [INFO] [EdgeSync] CHANNEL-CREDS: fetching userId=fdee3d54-95b6-4e9c-aaff-50ad9505aab4 deviceId=4d6cede0-b354-523b-bf1f-9ad4d9ec28d2 deviceName=MacBook Pro (4) extraScopes=[]
[2026-09-23T19:29:22.345Z] [pid=1710] [INFO] [EdgeSync] CHANNEL-CREDS urls: apisixPublishUrl=https://www.workbuddy.cn/cf-publish/api/publish cfWsUrl=wss://www.workbuddy.cn/cf-connect/websocket
[2026-09-23T19:29:22.345Z] [pid=1710] [INFO] [EdgeSync] CHANNEL-SDK: [channel-sdk] [handshake] token renewed via credManager {"keyVersion":1}
[2026-09-23T19:29:22.363Z] [pid=1710] [INFO] [EdgeSync] CHANNEL-CREDS urls: apisixPublishUrl=https://www.workbuddy.cn/cf-publish/api/publish cfWsUrl=wss://www.workbuddy.cn/cf-connect/websocket
[2026-09-23T19:29:22.364Z] [pid=1710] [INFO] [EdgeSync] CHANNEL-SDK: [channel-sdk] [handshake] token renewed via credManager {"keyVersion":1}
[2026-09-23T19:29:22.454Z] [pid=1710] [INFO] [EdgeSync] CHANNEL-SDK: [channel-sdk] [ws-transport] connected {"client":"abc5eeee-c33f-4e56-8a1b-f79eb6a0758f"}
[2026-09-23T19:29:22.454Z] [pid=1710] [INFO] [EdgeSync] CHANNEL-SDK: [channel-sdk] [supervisor] recovered online {"outcome":"grace_recovered"}
[2026-09-23T19:29:22.454Z] [pid=1710] [INFO] [EdgeSync] CHANNEL-SDK: [channel-sdk] [client] flushing outbox on recovered online {"pending":0}
[2026-09-23T19:29:22.454Z] [pid=1710] [INFO] [EdgeSync] CHANNEL-SDK: [channel-sdk] [client] self-heal reconnect done {"reason":"frozen"}
[2026-09-23T19:29:22.476Z] [pid=1710] [INFO] [EdgeSync] CHANNEL-SDK: [channel-sdk] [ws-transport] connected {"client":"c2f4e8e7-30d3-400c-8125-c5122d94e4b8"}
[2026-09-23T19:29:22.477Z] [pid=1710] [INFO] [EdgeSync] CHANNEL-SDK: [channel-sdk] [supervisor] recovered online {"outcome":"grace_recovered"}
[2026-09-23T19:29:22.477Z] [pid=1710] [INFO] [EdgeSync] CHANNEL-SDK: [channel-sdk] [client] flushing outbox on recovered online {"pending":0}
[2026-09-23T19:29:22.477Z] [pid=1710] [INFO] [EdgeSync] CHANNEL-SDK: [channel-sdk] [client] self-heal reconnect done {"reason":"frozen"}
[2026-09-23T19:29:26.897Z] [pid=1710] [INFO] [EdgeSync] CHANNEL-SDK: [channel-sdk] [presence] heartbeat recovered {"channel":"user:fdee3d54-95b6-4e9c-aaff-50ad9505aab4:devices","source":"echo","afterFailures":3}
[2026-09-23T19:29:26.898Z] [pid=1710] [INFO] [EdgeSync] CHANNEL-SDK: [channel-sdk] [presence] heartbeat recovered {"channel":"user:fdee3d54-95b6-4e9c-aaff-50ad9505aab4:devices","source":"echo","afterFailures":3}
[2026-09-23T19:45:17.764Z] [pid=1710] [INFO] [EdgeSync] CHANNEL-SDK: [channel-sdk] [presence] timer drift detected {"driftMs":945850,"expectedAtMs":1790191771787,"firedAtMs":1790192717637,"frozen":true}
[2026-09-23T19:45:17.766Z] [pid=1710] [ERROR] [EdgeSync] CHANNEL-SDK: [channel-sdk] [presence] degraded: no heartbeat ack for too long {"channel":"user:fdee3d54-95b6-4e9c-aaff-50ad9505aab4:devices","staleMs":950741,"consecutiveFailures":0,"hint":"lightweight self-heal exhausted; business should rebuild the session"}
[2026-09-23T19:45:17.774Z] [pid=1710] [INFO] [EdgeSync] CHANNEL-SDK: [channel-sdk] [presence] triggering lightweight self-heal {"reason":"frozen","staleMs":950870}
[2026-09-23T19:45:17.781Z] [pid=1710] [INFO] [EdgeSync] CHANNEL-SDK: [channel-sdk] [ws-transport] forcing reconnect (dropping possibly half-open socket) 
[2026-09-23T19:45:17.783Z] [pid=1710] [INFO] [EdgeSync] CHANNEL-SDK: [channel-sdk] [ws-transport] disconnected {"code":0,"reason":"disconnect called"}
[2026-09-23T19:45:17.805Z] [pid=1710] [INFO] [EdgeSync] CHANNEL-SDK: [channel-sdk] [presence] timer drift detected {"driftMs":945982,"expectedAtMs":1790191771801,"firedAtMs":1790192717783,"frozen":true}
[2026-09-23T19:45:17.806Z] [pid=1710] [ERROR] [EdgeSync] CHANNEL-SDK: [channel-sdk] [presence] degraded: no heartbeat ack for too long {"channel":"user:fdee3d54-95b6-4e9c-aaff-50ad9505aab4:devices","staleMs":950885,"consecutiveFailures":0,"hint":"lightweight self-heal exhausted; business should rebuild the session"}
[2026-09-23T19:45:17.806Z] [pid=1710] [INFO] [EdgeSync] CHANNEL-SDK: [channel-sdk] [presence] triggering lightweight self-heal {"reason":"frozen","staleMs":950908}
[2026-09-23T19:45:17.809Z] [pid=1710] [INFO] [EdgeSync] CHANNEL-SDK: [channel-sdk] [ws-transport] forcing reconnect (dropping possibly half-open socket) 
[2026-09-23T19:45:17.809Z] [pid=1710] [INFO] [EdgeSync] CHANNEL-SDK: [channel-sdk] [ws-transport] disconnected {"code":0,"reason":"disconnect called"}
[2026-09-23T19:45:17.816Z] [pid=1710] [INFO] [EdgeSync] CHANNEL-CREDS: fetching userId=fdee3d54-95b6-4e9c-aaff-50ad9505aab4 deviceId=4d6cede0-b354-523b-bf1f-9ad4d9ec28d2 deviceName=MacBook Pro (4) extraScopes=[]
[2026-09-23T19:45:17.817Z] [pid=1710] [INFO] [EdgeSync] CHANNEL-CREDS: fetching userId=fdee3d54-95b6-4e9c-aaff-50ad9505aab4 deviceId=4d6cede0-b354-523b-bf1f-9ad4d9ec28d2 deviceName=MacBook Pro (4) extraScopes=[]
[2026-09-23T19:45:18.331Z] [pid=1710] [INFO] [EdgeSync] CHANNEL-CREDS urls: apisixPublishUrl=https://www.workbuddy.cn/cf-publish/api/publish cfWsUrl=wss://www.workbuddy.cn/cf-connect/websocket
[2026-09-23T19:45:18.332Z] [pid=1710] [INFO] [EdgeSync] CHANNEL-SDK: [channel-sdk] [handshake] token renewed via credManager {"keyVersion":1}
[2026-09-23T19:45:18.340Z] [pid=1710] [INFO] [EdgeSync] CHANNEL-CREDS urls: apisixPublishUrl=https://www.workbuddy.cn/cf-publish/api/publish cfWsUrl=wss://www.workbuddy.cn/cf-connect/websocket
[2026-09-23T19:45:18.341Z] [pid=1710] [INFO] [EdgeSync] CHANNEL-SDK: [channel-sdk] [handshake] token renewed via credManager {"keyVersion":1}
[2026-09-23T19:45:18.405Z] [pid=1710] [INFO] [EdgeSync] CHANNEL-SDK: [channel-sdk] [ws-transport] connected {"client":"d6587676-7de8-4ce1-bc49-832a72a5a760"}
[2026-09-23T19:45:18.405Z] [pid=1710] [INFO] [EdgeSync] CHANNEL-SDK: [channel-sdk] [supervisor] recovered online {"outcome":"grace_recovered"}
[2026-09-23T19:45:18.405Z] [pid=1710] [INFO] [EdgeSync] CHANNEL-SDK: [channel-sdk] [client] flushing outbox on recovered online {"pending":0}
[2026-09-23T19:45:18.405Z] [pid=1710] [INFO] [EdgeSync] CHANNEL-SDK: [channel-sdk] [client] self-heal reconnect done {"reason":"frozen"}
[2026-09-23T19:45:18.406Z] [pid=1710] [INFO] [EdgeSync] CHANNEL-SDK: [channel-sdk] [ws-transport] connected {"client":"3d614cf3-529f-4dcb-a0b5-499e13db6c21"}
[2026-09-23T19:45:18.406Z] [pid=1710] [INFO] [EdgeSync] CHANNEL-SDK: [channel-sdk] [supervisor] recovered online {"outcome":"grace_recovered"}
[2026-09-23T19:45:18.406Z] [pid=1710] [INFO] [EdgeSync] CHANNEL-SDK: [channel-sdk] [client] flushing outbox on recovered online {"pending":0}
[2026-09-23T19:45:18.406Z] [pid=1710] [INFO] [EdgeSync] CHANNEL-SDK: [channel-sdk] [client] self-heal reconnect done {"reason":"frozen"}
[2026-09-23T20:02:57.766Z] [pid=1710] [INFO] [EdgeSync] CHANNEL-SDK: [channel-sdk] [presence] timer drift detected {"driftMs":1049864,"expectedAtMs":1790192727776,"firedAtMs":1790193777640,"frozen":true}
[2026-09-23T20:02:57.767Z] [pid=1710] [ERROR] [EdgeSync] CHANNEL-SDK: [channel-sdk] [presence] degraded: no heartbeat ack for too long {"channel":"user:fdee3d54-95b6-4e9c-aaff-50ad9505aab4:devices","staleMs":2010744,"consecutiveFailures":0,"hint":"lightweight self-heal exhausted; business should rebuild the session"}
[2026-09-23T20:02:57.768Z] [pid=1710] [INFO] [EdgeSync] CHANNEL-SDK: [channel-sdk] [ws-transport] forcing reconnect (dropping possibly half-open socket) 
[2026-09-23T20:02:57.768Z] [pid=1710] [INFO] [EdgeSync] CHANNEL-SDK: [channel-sdk] [ws-transport] disconnected {"code":0,"reason":"disconnect called"}
[2026-09-23T20:02:57.775Z] [pid=1710] [INFO] [EdgeSync] CHANNEL-SDK: [channel-sdk] [ws-transport] disconnected {"code":0,"reason":"disconnect called"}
[2026-09-23T20:02:57.770Z] [pid=1710] [ERROR] [EdgeSync] CHANNEL-SDK: [channel-sdk] [presence] degraded: no heartbeat ack for too long {"channel":"user:fdee3d54-95b6-4e9c-aaff-50ad9505aab4:devices","staleMs":2010871,"consecutiveFailures":0,"hint":"lightweight self-heal exhausted; business should rebuild the session"}
[2026-09-23T20:02:57.774Z] [pid=1710] [INFO] [EdgeSync] CHANNEL-SDK: [channel-sdk] [presence] triggering lightweight self-heal {"reason":"frozen","staleMs":2010872}
[2026-09-23T20:02:57.769Z] [pid=1710] [INFO] [EdgeSync] CHANNEL-SDK: [channel-sdk] [presence] timer drift detected {"driftMs":1049962,"expectedAtMs":1790192727807,"firedAtMs":1790193777769,"frozen":true}
[2026-09-23T20:02:57.767Z] [pid=1710] [INFO] [EdgeSync] CHANNEL-SDK: [channel-sdk] [presence] triggering lightweight self-heal {"reason":"frozen","staleMs":2010871}
[2026-09-23T20:02:57.775Z] [pid=1710] [INFO] [EdgeSync] CHANNEL-SDK: [channel-sdk] [ws-transport] forcing reconnect (dropping possibly half-open socket) 
[2026-09-23T20:02:57.783Z] [pid=1710] [INFO] [EdgeSync] CHANNEL-CREDS: fetching userId=fdee3d54-95b6-4e9c-aaff-50ad9505aab4 deviceId=4d6cede0-b354-523b-bf1f-9ad4d9ec28d2 deviceName=MacBook Pro (4) extraScopes=[]
[2026-09-23T20:02:57.785Z] [pid=1710] [INFO] [EdgeSync] CHANNEL-CREDS: fetching userId=fdee3d54-95b6-4e9c-aaff-50ad9505aab4 deviceId=4d6cede0-b354-523b-bf1f-9ad4d9ec28d2 deviceName=MacBook Pro (4) extraScopes=[]
[2026-09-23T20:02:58.299Z] [pid=1710] [INFO] [EdgeSync] CHANNEL-CREDS urls: apisixPublishUrl=https://www.workbuddy.cn/cf-publish/api/publish cfWsUrl=wss://www.workbuddy.cn/cf-connect/websocket
[2026-09-23T20:02:58.300Z] [pid=1710] [INFO] [EdgeSync] CHANNEL-SDK: [channel-sdk] [handshake] token renewed via credManager {"keyVersion":1}
[2026-09-23T20:02:58.303Z] [pid=1710] [INFO] [EdgeSync] CHANNEL-CREDS urls: apisixPublishUrl=https://www.workbuddy.cn/cf-publish/api/publish cfWsUrl=wss://www.workbuddy.cn/cf-connect/websocket
[2026-09-23T20:02:58.304Z] [pid=1710] [INFO] [EdgeSync] CHANNEL-SDK: [channel-sdk] [handshake] token renewed via credManager {"keyVersion":1}
[2026-09-23T20:02:58.309Z] [pid=1710] [INFO] [EdgeSync] CHANNEL-SDK: [channel-sdk] [ws-transport] connected {"client":"9aaa3c43-2c3b-4b3b-989b-fea6cc36cf22"}
[2026-09-23T20:02:58.309Z] [pid=1710] [INFO] [EdgeSync] CHANNEL-SDK: [channel-sdk] [supervisor] recovered online {"outcome":"grace_recovered"}
[2026-09-23T20:02:58.309Z] [pid=1710] [INFO] [EdgeSync] CHANNEL-SDK: [channel-sdk] [client] flushing outbox on recovered online {"pending":0}
[2026-09-23T20:02:58.309Z] [pid=1710] [INFO] [EdgeSync] CHANNEL-SDK: [channel-sdk] [client] self-heal reconnect done {"reason":"frozen"}
[2026-09-23T20:02:58.324Z] [pid=1710] [INFO] [EdgeSync] CHANNEL-SDK: [channel-sdk] [ws-transport] connected {"client":"ebee88df-c3bf-49e0-9b78-5f616e11a7c1"}
[2026-09-23T20:02:58.324Z] [pid=1710] [INFO] [EdgeSync] CHANNEL-SDK: [channel-sdk] [supervisor] recovered online {"outcome":"grace_recovered"}
[2026-09-23T20:02:58.325Z] [pid=1710] [INFO] [EdgeSync] CHANNEL-SDK: [channel-sdk] [client] flushing outbox on recovered online {"pending":0}
[2026-09-23T20:02:58.325Z] [pid=1710] [INFO] [EdgeSync] CHANNEL-SDK: [channel-sdk] [client] self-heal reconnect done {"reason":"frozen"}
[2026-09-23T20:20:08.704Z] [pid=1710] [INFO] [EdgeSync] CHANNEL-SDK: [channel-sdk] [presence] timer drift detected {"driftMs":1020910,"expectedAtMs":1790193787714,"firedAtMs":1790194808624,"frozen":true}
[2026-09-23T20:20:08.708Z] [pid=1710] [ERROR] [EdgeSync] CHANNEL-SDK: [channel-sdk] [presence] degraded: no heartbeat ack for too long {"channel":"user:fdee3d54-95b6-4e9c-aaff-50ad9505aab4:devices","staleMs":3041728,"consecutiveFailures":1,"hint":"lightweight self-heal exhausted; business should rebuild the session"}
[2026-09-23T20:20:08.712Z] [pid=1710] [INFO] [EdgeSync] CHANNEL-SDK: [channel-sdk] [presence] triggering lightweight self-heal {"reason":"frozen","staleMs":3041812}
[2026-09-23T20:20:08.713Z] [pid=1710] [INFO] [EdgeSync] CHANNEL-SDK: [channel-sdk] [ws-transport] forcing reconnect (dropping possibly half-open socket) 
[2026-09-23T20:20:08.714Z] [pid=1710] [INFO] [EdgeSync] CHANNEL-SDK: [channel-sdk] [ws-transport] disconnected {"code":0,"reason":"disconnect called"}
[2026-09-23T20:20:08.714Z] [pid=1710] [ERROR] [EdgeSync] CHANNEL-SDK: [channel-sdk] [client] publish failed {"channel":"user:fdee3d54-95b6-4e9c-aaff-50ad9505aab4:devices","scope":"user","transport":"cf-ws","parts":1,"errorCode":"unknown","elapsedMs":1026000,"err":"code=11 message=connection closed"}
[2026-09-23T20:20:08.715Z] [pid=1710] [INFO] [EdgeSync] CHANNEL-SDK: [channel-sdk] [presence] timer drift detected {"driftMs":1020994,"expectedAtMs":1790193787720,"firedAtMs":1790194808714,"frozen":true}
[2026-09-23T20:20:08.715Z] [pid=1710] [ERROR] [EdgeSync] CHANNEL-SDK: [channel-sdk] [presence] degraded: no heartbeat ack for too long {"channel":"user:fdee3d54-95b6-4e9c-aaff-50ad9505aab4:devices","staleMs":3041816,"consecutiveFailures":1,"hint":"lightweight self-heal exhausted; business should rebuild the session"}
[2026-09-23T20:20:08.715Z] [pid=1710] [INFO] [EdgeSync] CHANNEL-SDK: [channel-sdk] [ws-transport] forcing reconnect (dropping possibly half-open socket) 
[2026-09-23T20:20:08.715Z] [pid=1710] [ERROR] [EdgeSync] CHANNEL-SDK: [channel-sdk] [client] publish failed {"channel":"user:fdee3d54-95b6-4e9c-aaff-50ad9505aab4:devices","scope":"user","transport":"cf-ws","parts":1,"errorCode":"unknown","elapsedMs":1025995,"err":"code=11 message=connection closed"}
[2026-09-23T20:20:08.715Z] [pid=1710] [INFO] [EdgeSync] CHANNEL-SDK: [channel-sdk] [ws-transport] disconnected {"code":0,"reason":"disconnect called"}
[2026-09-23T20:20:08.715Z] [pid=1710] [INFO] [EdgeSync] CHANNEL-SDK: [channel-sdk] [presence] triggering lightweight self-heal {"reason":"frozen","staleMs":3041817}
[2026-09-23T20:20:08.725Z] [pid=1710] [INFO] [EdgeSync] CHANNEL-CREDS: fetching userId=fdee3d54-95b6-4e9c-aaff-50ad9505aab4 deviceId=4d6cede0-b354-523b-bf1f-9ad4d9ec28d2 deviceName=MacBook Pro (4) extraScopes=[]
[2026-09-23T20:20:08.726Z] [pid=1710] [INFO] [EdgeSync] CHANNEL-CREDS: fetching userId=fdee3d54-95b6-4e9c-aaff-50ad9505aab4 deviceId=4d6cede0-b354-523b-bf1f-9ad4d9ec28d2 deviceName=MacBook Pro (4) extraScopes=[]
[2026-09-23T20:20:09.284Z] [pid=1710] [INFO] [EdgeSync] CHANNEL-CREDS urls: apisixPublishUrl=https://www.workbuddy.cn/cf-publish/api/publish cfWsUrl=wss://www.workbuddy.cn/cf-connect/websocket
[2026-09-23T20:20:09.284Z] [pid=1710] [INFO] [EdgeSync] CHANNEL-SDK: [channel-sdk] [handshake] token renewed via credManager {"keyVersion":1}
[2026-09-23T20:20:09.296Z] [pid=1710] [INFO] [EdgeSync] CHANNEL-CREDS urls: apisixPublishUrl=https://www.workbuddy.cn/cf-publish/api/publish cfWsUrl=wss://www.workbuddy.cn/cf-connect/websocket
[2026-09-23T20:20:09.297Z] [pid=1710] [INFO] [EdgeSync] CHANNEL-SDK: [channel-sdk] [handshake] token renewed via credManager {"keyVersion":1}
[2026-09-23T20:20:09.367Z] [pid=1710] [INFO] [EdgeSync] CHANNEL-SDK: [channel-sdk] [ws-transport] connected {"client":"599fe674-7adf-437e-b9c9-969b1872c19d"}
[2026-09-23T20:20:09.367Z] [pid=1710] [INFO] [EdgeSync] CHANNEL-SDK: [channel-sdk] [supervisor] recovered online {"outcome":"grace_recovered"}
[2026-09-23T20:20:09.367Z] [pid=1710] [INFO] [EdgeSync] CHANNEL-SDK: [channel-sdk] [client] flushing outbox on recovered online {"pending":0}
[2026-09-23T20:20:09.367Z] [pid=1710] [INFO] [EdgeSync] CHANNEL-SDK: [channel-sdk] [client] self-heal reconnect done {"reason":"frozen"}
[2026-09-23T20:20:09.375Z] [pid=1710] [INFO] [EdgeSync] CHANNEL-SDK: [channel-sdk] [ws-transport] connected {"client":"f49cfd89-3617-4014-9e2c-bda41df14fe0"}
[2026-09-23T20:20:09.375Z] [pid=1710] [INFO] [EdgeSync] CHANNEL-SDK: [channel-sdk] [supervisor] recovered online {"outcome":"grace_recovered"}
[2026-09-23T20:20:09.376Z] [pid=1710] [INFO] [EdgeSync] CHANNEL-SDK: [channel-sdk] [client] flushing outbox on recovered online {"pending":0}
[2026-09-23T20:20:09.376Z] [pid=1710] [INFO] [EdgeSync] CHANNEL-SDK: [channel-sdk] [client] self-heal reconnect done {"reason":"frozen"}
[2026-09-23T20:35:51.699Z] [pid=1710] [INFO] [EdgeSync] CHANNEL-SDK: [channel-sdk] [presence] timer drift detected {"driftMs":932855,"expectedAtMs":1790194818714,"firedAtMs":1790195751569,"frozen":true}
[2026-09-23T20:35:51.703Z] [pid=1710] [ERROR] [EdgeSync] CHANNEL-SDK: [channel-sdk] [presence] degraded: no heartbeat ack for too long {"channel":"user:fdee3d54-95b6-4e9c-aaff-50ad9505aab4:devices","staleMs":3984673,"consecutiveFailures":2,"hint":"lightweight self-heal exhausted; business should rebuild the session"}
[2026-09-23T20:35:51.703Z] [pid=1710] [INFO] [EdgeSync] CHANNEL-SDK: [channel-sdk] [presence] triggering lightweight self-heal {"reason":"frozen","staleMs":3984807}
[2026-09-23T20:35:51.704Z] [pid=1710] [INFO] [EdgeSync] CHANNEL-SDK: [channel-sdk] [ws-transport] forcing reconnect (dropping possibly half-open socket) 
[2026-09-23T20:35:51.704Z] [pid=1710] [INFO] [EdgeSync] CHANNEL-SDK: [channel-sdk] [ws-transport] disconnected {"code":0,"reason":"disconnect called"}
[2026-09-23T20:35:51.719Z] [pid=1710] [INFO] [EdgeSync] CHANNEL-SDK: [channel-sdk] [presence] triggering lightweight self-heal {"reason":"frozen","staleMs":3984821}
[2026-09-23T20:35:51.721Z] [pid=1710] [ERROR] [EdgeSync] CHANNEL-SDK: [channel-sdk] [presence] device.online heartbeat persistently failing — device will be marked offline {"channel":"user:fdee3d54-95b6-4e9c-aaff-50ad9505aab4:devices","reason":"schedule","consecutiveFailures":3,"staleMs":3984822,"err":"code=11 message=connection closed","hint":"half-open WS / publish_proxy rejecting / missing publish permission; watchdog will force a self-heal"}
[2026-09-23T20:35:51.719Z] [pid=1710] [INFO] [EdgeSync] CHANNEL-SDK: [channel-sdk] [ws-transport] forcing reconnect (dropping possibly half-open socket) 
[2026-09-23T20:35:51.720Z] [pid=1710] [INFO] [EdgeSync] CHANNEL-SDK: [channel-sdk] [ws-transport] disconnected {"code":0,"reason":"disconnect called"}
[2026-09-23T20:35:51.720Z] [pid=1710] [ERROR] [EdgeSync] CHANNEL-SDK: [channel-sdk] [client] publish failed {"channel":"user:fdee3d54-95b6-4e9c-aaff-50ad9505aab4:devices","scope":"user","transport":"cf-ws","parts":1,"errorCode":"unknown","elapsedMs":938005,"err":"code=11 message=connection closed"}
[2026-09-23T20:35:51.705Z] [pid=1710] [ERROR] [EdgeSync] CHANNEL-SDK: [channel-sdk] [client] publish failed {"channel":"user:fdee3d54-95b6-4e9c-aaff-50ad9505aab4:devices","scope":"user","transport":"cf-ws","parts":1,"errorCode":"unknown","elapsedMs":937989,"err":"code=11 message=connection closed"}
[2026-09-23T20:35:51.719Z] [pid=1710] [ERROR] [EdgeSync] CHANNEL-SDK: [channel-sdk] [presence] degraded: no heartbeat ack for too long {"channel":"user:fdee3d54-95b6-4e9c-aaff-50ad9505aab4:devices","staleMs":3984820,"consecutiveFailures":2,"hint":"lightweight self-heal exhausted; business should rebuild the session"}
[2026-09-23T20:35:51.718Z] [pid=1710] [ERROR] [EdgeSync] CHANNEL-SDK: [channel-sdk] [presence] device.online heartbeat persistently failing — device will be marked offline {"channel":"user:fdee3d54-95b6-4e9c-aaff-50ad9505aab4:devices","reason":"schedule","consecutiveFailures":3,"staleMs":3984809,"err":"code=11 message=connection closed","hint":"half-open WS / publish_proxy rejecting / missing publish permission; watchdog will force a self-heal"}
[2026-09-23T20:35:51.718Z] [pid=1710] [INFO] [EdgeSync] CHANNEL-SDK: [channel-sdk] [presence] timer drift detected {"driftMs":933003,"expectedAtMs":1790194818715,"firedAtMs":1790195751718,"frozen":true}
[2026-09-23T20:35:51.729Z] [pid=1710] [INFO] [EdgeSync] CHANNEL-CREDS: fetching userId=fdee3d54-95b6-4e9c-aaff-50ad9505aab4 deviceId=4d6cede0-b354-523b-bf1f-9ad4d9ec28d2 deviceName=MacBook Pro (4) extraScopes=[]
[2026-09-23T20:35:51.730Z] [pid=1710] [INFO] [EdgeSync] CHANNEL-CREDS: fetching userId=fdee3d54-95b6-4e9c-aaff-50ad9505aab4 deviceId=4d6cede0-b354-523b-bf1f-9ad4d9ec28d2 deviceName=MacBook Pro (4) extraScopes=[]
[2026-09-23T20:35:52.221Z] [pid=1710] [INFO] [EdgeSync] CHANNEL-CREDS urls: apisixPublishUrl=https://www.workbuddy.cn/cf-publish/api/publish cfWsUrl=wss://www.workbuddy.cn/cf-connect/websocket
[2026-09-23T20:35:52.221Z] [pid=1710] [INFO] [EdgeSync] CHANNEL-SDK: [channel-sdk] [handshake] token renewed via credManager {"keyVersion":1}
[2026-09-23T20:35:52.229Z] [pid=1710] [INFO] [EdgeSync] CHANNEL-CREDS urls: apisixPublishUrl=https://www.workbuddy.cn/cf-publish/api/publish cfWsUrl=wss://www.workbuddy.cn/cf-connect/websocket
[2026-09-23T20:35:52.230Z] [pid=1710] [INFO] [EdgeSync] CHANNEL-SDK: [channel-sdk] [handshake] token renewed via credManager {"keyVersion":1}
[2026-09-23T20:35:52.263Z] [pid=1710] [INFO] [EdgeSync] CHANNEL-SDK: [channel-sdk] [ws-transport] connected {"client":"d833de07-54b7-4e5a-ad2a-c104055e787b"}
[2026-09-23T20:35:52.263Z] [pid=1710] [INFO] [EdgeSync] CHANNEL-SDK: [channel-sdk] [supervisor] recovered online {"outcome":"grace_recovered"}
[2026-09-23T20:35:52.263Z] [pid=1710] [INFO] [EdgeSync] CHANNEL-SDK: [channel-sdk] [client] flushing outbox on recovered online {"pending":0}
[2026-09-23T20:35:52.263Z] [pid=1710] [INFO] [EdgeSync] CHANNEL-SDK: [channel-sdk] [client] self-heal reconnect done {"reason":"frozen"}
[2026-09-23T20:35:52.266Z] [pid=1710] [INFO] [EdgeSync] CHANNEL-SDK: [channel-sdk] [ws-transport] connected {"client":"ac2521b3-aa2a-454f-9279-93269250644d"}
[2026-09-23T20:35:52.266Z] [pid=1710] [INFO] [EdgeSync] CHANNEL-SDK: [channel-sdk] [supervisor] recovered online {"outcome":"grace_recovered"}
[2026-09-23T20:35:52.266Z] [pid=1710] [INFO] [EdgeSync] CHANNEL-SDK: [channel-sdk] [client] flushing outbox on recovered online {"pending":0}
[2026-09-23T20:35:52.266Z] [pid=1710] [INFO] [EdgeSync] CHANNEL-SDK: [channel-sdk] [client] self-heal reconnect done {"reason":"frozen"}
[2026-09-23T20:52:04.680Z] [pid=1710] [INFO] [EdgeSync] CHANNEL-SDK: [channel-sdk] [presence] timer drift detected {"driftMs":962855,"expectedAtMs":1790195761699,"firedAtMs":1790196724554,"frozen":true}
[2026-09-23T20:52:04.683Z] [pid=1710] [ERROR] [EdgeSync] CHANNEL-SDK: [channel-sdk] [presence] degraded: no heartbeat ack for too long {"channel":"user:fdee3d54-95b6-4e9c-aaff-50ad9505aab4:devices","staleMs":4957658,"consecutiveFailures":3,"hint":"lightweight self-heal exhausted; business should rebuild the session"}
[2026-09-23T20:52:04.687Z] [pid=1710] [INFO] [EdgeSync] CHANNEL-SDK: [channel-sdk] [presence] triggering lightweight self-heal {"reason":"frozen","staleMs":4957787}
[2026-09-23T20:52:04.697Z] [pid=1710] [INFO] [EdgeSync] CHANNEL-SDK: [channel-sdk] [ws-transport] forcing reconnect (dropping possibly half-open socket) 
[2026-09-23T20:52:04.700Z] [pid=1710] [INFO] [EdgeSync] CHANNEL-SDK: [channel-sdk] [ws-transport] disconnected {"code":0,"reason":"disconnect called"}
[2026-09-23T20:52:04.717Z] [pid=1710] [INFO] [EdgeSync] CHANNEL-SDK: [channel-sdk] [presence] timer drift detected {"driftMs":963000,"expectedAtMs":1790195761715,"firedAtMs":1790196724715,"frozen":true}
[2026-09-23T20:52:04.717Z] [pid=1710] [ERROR] [EdgeSync] CHANNEL-SDK: [channel-sdk] [presence] degraded: no heartbeat ack for too long {"channel":"user:fdee3d54-95b6-4e9c-aaff-50ad9505aab4:devices","staleMs":4957817,"consecutiveFailures":3,"hint":"lightweight self-heal exhausted; business should rebuild the session"}
[2026-09-23T20:52:04.715Z] [pid=1710] [ERROR] [EdgeSync] CHANNEL-SDK: [channel-sdk] [client] publish failed {"channel":"user:fdee3d54-95b6-4e9c-aaff-50ad9505aab4:devices","scope":"user","transport":"cf-ws","parts":1,"errorCode":"unknown","elapsedMs":968001,"err":"code=11 message=connection closed"}
[2026-09-23T20:52:04.718Z] [pid=1710] [INFO] [EdgeSync] CHANNEL-SDK: [channel-sdk] [presence] triggering lightweight self-heal {"reason":"frozen","staleMs":4957819}
[2026-09-23T20:52:04.719Z] [pid=1710] [INFO] [EdgeSync] CHANNEL-SDK: [channel-sdk] [ws-transport] forcing reconnect (dropping possibly half-open socket) 
[2026-09-23T20:52:04.720Z] [pid=1710] [INFO] [EdgeSync] CHANNEL-SDK: [channel-sdk] [ws-transport] disconnected {"code":0,"reason":"disconnect called"}
[2026-09-23T20:52:04.721Z] [pid=1710] [ERROR] [EdgeSync] CHANNEL-SDK: [channel-sdk] [client] publish failed {"channel":"user:fdee3d54-95b6-4e9c-aaff-50ad9505aab4:devices","scope":"user","transport":"cf-ws","parts":1,"errorCode":"unknown","elapsedMs":968004,"err":"code=11 message=connection closed"}
[2026-09-23T20:52:04.731Z] [pid=1710] [INFO] [EdgeSync] CHANNEL-CREDS: fetching userId=fdee3d54-95b6-4e9c-aaff-50ad9505aab4 deviceId=4d6cede0-b354-523b-bf1f-9ad4d9ec28d2 deviceName=MacBook Pro (4) extraScopes=[]
[2026-09-23T20:52:04.732Z] [pid=1710] [INFO] [EdgeSync] CHANNEL-CREDS: fetching userId=fdee3d54-95b6-4e9c-aaff-50ad9505aab4 deviceId=4d6cede0-b354-523b-bf1f-9ad4d9ec28d2 deviceName=MacBook Pro (4) extraScopes=[]
[2026-09-23T20:52:05.210Z] [pid=1710] [INFO] [EdgeSync] CHANNEL-CREDS urls: apisixPublishUrl=https://www.workbuddy.cn/cf-publish/api/publish cfWsUrl=wss://www.workbuddy.cn/cf-connect/websocket
[2026-09-23T20:52:05.211Z] [pid=1710] [INFO] [EdgeSync] CHANNEL-SDK: [channel-sdk] [handshake] token renewed via credManager {"keyVersion":1}
[2026-09-23T20:52:05.229Z] [pid=1710] [INFO] [EdgeSync] CHANNEL-CREDS urls: apisixPublishUrl=https://www.workbuddy.cn/cf-publish/api/publish cfWsUrl=wss://www.workbuddy.cn/cf-connect/websocket
[2026-09-23T20:52:05.229Z] [pid=1710] [INFO] [EdgeSync] CHANNEL-SDK: [channel-sdk] [handshake] token renewed via credManager {"keyVersion":1}
[2026-09-23T20:52:05.370Z] [pid=1710] [INFO] [EdgeSync] CHANNEL-SDK: [channel-sdk] [ws-transport] connected {"client":"b5faab5b-35bf-4a47-89c6-ebd882d16cab"}
[2026-09-23T20:52:05.370Z] [pid=1710] [INFO] [EdgeSync] CHANNEL-SDK: [channel-sdk] [supervisor] recovered online {"outcome":"grace_recovered"}
[2026-09-23T20:52:05.371Z] [pid=1710] [INFO] [EdgeSync] CHANNEL-SDK: [channel-sdk] [client] flushing outbox on recovered online {"pending":0}
[2026-09-23T20:52:05.371Z] [pid=1710] [INFO] [EdgeSync] CHANNEL-SDK: [channel-sdk] [client] self-heal reconnect done {"reason":"frozen"}
[2026-09-23T20:52:05.380Z] [pid=1710] [INFO] [EdgeSync] CHANNEL-SDK: [channel-sdk] [ws-transport] connected {"client":"bcbe24d0-772e-46a9-b982-5451e1593409"}
[2026-09-23T20:52:05.380Z] [pid=1710] [INFO] [EdgeSync] CHANNEL-SDK: [channel-sdk] [supervisor] recovered online {"outcome":"grace_recovered"}
[2026-09-23T20:52:05.381Z] [pid=1710] [INFO] [EdgeSync] CHANNEL-SDK: [channel-sdk] [client] self-heal reconnect done {"reason":"frozen"}
[2026-09-23T20:52:05.380Z] [pid=1710] [INFO] [EdgeSync] CHANNEL-SDK: [channel-sdk] [client] flushing outbox on recovered online {"pending":0}
[2026-09-23T21:08:48.656Z] [pid=1710] [INFO] [EdgeSync] CHANNEL-SDK: [channel-sdk] [presence] timer drift detected {"driftMs":993852,"expectedAtMs":1790196734679,"firedAtMs":1790197728531,"frozen":true}
[2026-09-23T21:08:48.665Z] [pid=1710] [ERROR] [EdgeSync] CHANNEL-SDK: [channel-sdk] [client] publish failed {"channel":"user:fdee3d54-95b6-4e9c-aaff-50ad9505aab4:devices","scope":"user","transport":"cf-ws","parts":1,"errorCode":"unknown","elapsedMs":998984,"err":"code=11 message=connection closed"}
[2026-09-23T21:08:48.661Z] [pid=1710] [ERROR] [EdgeSync] CHANNEL-SDK: [channel-sdk] [presence] degraded: no heartbeat ack for too long {"channel":"user:fdee3d54-95b6-4e9c-aaff-50ad9505aab4:devices","staleMs":5961635,"consecutiveFailures":4,"hint":"lightweight self-heal exhausted; business should rebuild the session"}
[2026-09-23T21:08:48.662Z] [pid=1710] [INFO] [EdgeSync] CHANNEL-SDK: [channel-sdk] [presence] triggering lightweight self-heal {"reason":"frozen","staleMs":5961765}
[2026-09-23T21:08:48.663Z] [pid=1710] [INFO] [EdgeSync] CHANNEL-SDK: [channel-sdk] [ws-transport] forcing reconnect (dropping possibly half-open socket) 
[2026-09-23T21:08:48.664Z] [pid=1710] [INFO] [EdgeSync] CHANNEL-SDK: [channel-sdk] [ws-transport] disconnected {"code":0,"reason":"disconnect called"}
[2026-09-23T21:08:48.666Z] [pid=1710] [INFO] [EdgeSync] CHANNEL-SDK: [channel-sdk] [presence] timer drift detected {"driftMs":993956,"expectedAtMs":1790196734709,"firedAtMs":1790197728665,"frozen":true}
[2026-09-23T21:08:48.667Z] [pid=1710] [ERROR] [EdgeSync] CHANNEL-SDK: [channel-sdk] [presence] degraded: no heartbeat ack for too long {"channel":"user:fdee3d54-95b6-4e9c-aaff-50ad9505aab4:devices","staleMs":5961767,"consecutiveFailures":4,"hint":"lightweight self-heal exhausted; business should rebuild the session"}
[2026-09-23T21:08:48.668Z] [pid=1710] [INFO] [EdgeSync] CHANNEL-SDK: [channel-sdk] [presence] triggering lightweight self-heal {"reason":"frozen","staleMs":5961769}
[2026-09-23T21:08:48.668Z] [pid=1710] [INFO] [EdgeSync] CHANNEL-SDK: [channel-sdk] [ws-transport] forcing reconnect (dropping possibly half-open socket) 
[2026-09-23T21:08:48.669Z] [pid=1710] [INFO] [EdgeSync] CHANNEL-SDK: [channel-sdk] [ws-transport] disconnected {"code":0,"reason":"disconnect called"}
[2026-09-23T21:08:48.669Z] [pid=1710] [ERROR] [EdgeSync] CHANNEL-SDK: [channel-sdk] [client] publish failed {"channel":"user:fdee3d54-95b6-4e9c-aaff-50ad9505aab4:devices","scope":"user","transport":"cf-ws","parts":1,"errorCode":"unknown","elapsedMs":998960,"err":"code=11 message=connection closed"}
[2026-09-23T21:08:48.676Z] [pid=1710] [INFO] [EdgeSync] CHANNEL-CREDS: fetching userId=fdee3d54-95b6-4e9c-aaff-50ad9505aab4 deviceId=4d6cede0-b354-523b-bf1f-9ad4d9ec28d2 deviceName=MacBook Pro (4) extraScopes=[]
[2026-09-23T21:08:48.677Z] [pid=1710] [INFO] [EdgeSync] CHANNEL-CREDS: fetching userId=fdee3d54-95b6-4e9c-aaff-50ad9505aab4 deviceId=4d6cede0-b354-523b-bf1f-9ad4d9ec28d2 deviceName=MacBook Pro (4) extraScopes=[]
[2026-09-23T21:08:49.152Z] [pid=1710] [INFO] [EdgeSync] CHANNEL-CREDS urls: apisixPublishUrl=https://www.workbuddy.cn/cf-publish/api/publish cfWsUrl=wss://www.workbuddy.cn/cf-connect/websocket
[2026-09-23T21:08:49.154Z] [pid=1710] [INFO] [EdgeSync] CHANNEL-SDK: [channel-sdk] [handshake] token renewed via credManager {"keyVersion":1}
[2026-09-23T21:08:49.175Z] [pid=1710] [INFO] [EdgeSync] CHANNEL-CREDS urls: apisixPublishUrl=https://www.workbuddy.cn/cf-publish/api/publish cfWsUrl=wss://www.workbuddy.cn/cf-connect/websocket
[2026-09-23T21:08:49.177Z] [pid=1710] [INFO] [EdgeSync] CHANNEL-SDK: [channel-sdk] [handshake] token renewed via credManager {"keyVersion":1}
[2026-09-23T21:08:49.227Z] [pid=1710] [INFO] [EdgeSync] CHANNEL-SDK: [channel-sdk] [ws-transport] connected {"client":"3d45511f-fffe-4245-9ae4-ae612678b5fb"}
[2026-09-23T21:08:49.227Z] [pid=1710] [INFO] [EdgeSync] CHANNEL-SDK: [channel-sdk] [supervisor] recovered online {"outcome":"grace_recovered"}
[2026-09-23T21:08:49.227Z] [pid=1710] [INFO] [EdgeSync] CHANNEL-SDK: [channel-sdk] [client] flushing outbox on recovered online {"pending":0}
[2026-09-23T21:08:49.228Z] [pid=1710] [INFO] [EdgeSync] CHANNEL-SDK: [channel-sdk] [client] self-heal reconnect done {"reason":"frozen"}
[2026-09-23T21:08:49.233Z] [pid=1710] [INFO] [EdgeSync] CHANNEL-SDK: [channel-sdk] [ws-transport] connected {"client":"bf1236a8-b2f4-4a38-9ebd-ddc4d7897a5f"}
[2026-09-23T21:08:49.234Z] [pid=1710] [INFO] [EdgeSync] CHANNEL-SDK: [channel-sdk] [supervisor] recovered online {"outcome":"grace_recovered"}
[2026-09-23T21:08:49.234Z] [pid=1710] [INFO] [EdgeSync] CHANNEL-SDK: [channel-sdk] [client] flushing outbox on recovered online {"pending":0}
[2026-09-23T21:08:49.234Z] [pid=1710] [INFO] [EdgeSync] CHANNEL-SDK: [channel-sdk] [client] self-heal reconnect done {"reason":"frozen"}
[2026-09-23T21:24:25.642Z] [pid=1710] [INFO] [EdgeSync] CHANNEL-SDK: [channel-sdk] [presence] timer drift detected {"driftMs":926899,"expectedAtMs":1790197738660,"firedAtMs":1790198665559,"frozen":true}
[2026-09-23T21:24:25.643Z] [pid=1710] [ERROR] [EdgeSync] CHANNEL-SDK: [channel-sdk] [presence] degraded: no heartbeat ack for too long {"channel":"user:fdee3d54-95b6-4e9c-aaff-50ad9505aab4:devices","staleMs":6898663,"consecutiveFailures":5,"hint":"lightweight self-heal exhausted; business should rebuild the session"}
[2026-09-23T21:24:25.644Z] [pid=1710] [INFO] [EdgeSync] CHANNEL-SDK: [channel-sdk] [presence] triggering lightweight self-heal {"reason":"frozen","staleMs":6898747}
[2026-09-23T21:24:25.644Z] [pid=1710] [INFO] [EdgeSync] CHANNEL-SDK: [channel-sdk] [ws-transport] forcing reconnect (dropping possibly half-open socket) 
[2026-09-23T21:24:25.645Z] [pid=1710] [INFO] [EdgeSync] CHANNEL-SDK: [channel-sdk] [ws-transport] disconnected {"code":0,"reason":"disconnect called"}
[2026-09-23T21:24:25.650Z] [pid=1710] [INFO] [EdgeSync] CHANNEL-SDK: [channel-sdk] [presence] timer drift detected {"driftMs":926986,"expectedAtMs":1790197738664,"firedAtMs":1790198665650,"frozen":true}
[2026-09-23T21:24:25.650Z] [pid=1710] [ERROR] [EdgeSync] CHANNEL-SDK: [channel-sdk] [client] publish failed {"channel":"user:fdee3d54-95b6-4e9c-aaff-50ad9505aab4:devices","scope":"user","transport":"cf-ws","parts":1,"errorCode":"unknown","elapsedMs":931984,"err":"code=11 message=connection closed"}
[2026-09-23T21:24:25.650Z] [pid=1710] [ERROR] [EdgeSync] CHANNEL-SDK: [channel-sdk] [presence] degraded: no heartbeat ack for too long {"channel":"user:fdee3d54-95b6-4e9c-aaff-50ad9505aab4:devices","staleMs":6898752,"consecutiveFailures":5,"hint":"lightweight self-heal exhausted; business should rebuild the session"}
[2026-09-23T21:24:25.650Z] [pid=1710] [INFO] [EdgeSync] CHANNEL-SDK: [channel-sdk] [presence] triggering lightweight self-heal {"reason":"frozen","staleMs":6898752}
[2026-09-23T21:24:25.650Z] [pid=1710] [INFO] [EdgeSync] CHANNEL-SDK: [channel-sdk] [ws-transport] forcing reconnect (dropping possibly half-open socket) 
[2026-09-23T21:24:25.651Z] [pid=1710] [INFO] [EdgeSync] CHANNEL-SDK: [channel-sdk] [ws-transport] disconnected {"code":0,"reason":"disconnect called"}
[2026-09-23T21:24:25.651Z] [pid=1710] [ERROR] [EdgeSync] CHANNEL-SDK: [channel-sdk] [client] publish failed {"channel":"user:fdee3d54-95b6-4e9c-aaff-50ad9505aab4:devices","scope":"user","transport":"cf-ws","parts":1,"errorCode":"unknown","elapsedMs":931987,"err":"code=11 message=connection closed"}
[2026-09-23T21:24:25.659Z] [pid=1710] [INFO] [EdgeSync] CHANNEL-CREDS: fetching userId=fdee3d54-95b6-4e9c-aaff-50ad9505aab4 deviceId=4d6cede0-b354-523b-bf1f-9ad4d9ec28d2 deviceName=MacBook Pro (4) extraScopes=[]
[2026-09-23T21:24:25.659Z] [pid=1710] [INFO] [EdgeSync] CHANNEL-CREDS: fetching userId=fdee3d54-95b6-4e9c-aaff-50ad9505aab4 deviceId=4d6cede0-b354-523b-bf1f-9ad4d9ec28d2 deviceName=MacBook Pro (4) extraScopes=[]
[2026-09-23T21:24:26.213Z] [pid=1710] [INFO] [EdgeSync] CHANNEL-CREDS urls: apisixPublishUrl=https://www.workbuddy.cn/cf-publish/api/publish cfWsUrl=wss://www.workbuddy.cn/cf-connect/websocket
[2026-09-23T21:24:26.214Z] [pid=1710] [INFO] [EdgeSync] CHANNEL-SDK: [channel-sdk] [handshake] token renewed via credManager {"keyVersion":1}
[2026-09-23T21:24:26.234Z] [pid=1710] [INFO] [EdgeSync] CHANNEL-CREDS urls: apisixPublishUrl=https://www.workbuddy.cn/cf-publish/api/publish cfWsUrl=wss://www.workbuddy.cn/cf-connect/websocket
[2026-09-23T21:24:26.236Z] [pid=1710] [INFO] [EdgeSync] CHANNEL-SDK: [channel-sdk] [handshake] token renewed via credManager {"keyVersion":1}
[2026-09-23T21:24:26.312Z] [pid=1710] [INFO] [EdgeSync] CHANNEL-SDK: [channel-sdk] [ws-transport] connected {"client":"430acfd9-44bf-48ae-a32c-e2694c27e115"}
[2026-09-23T21:24:26.312Z] [pid=1710] [INFO] [EdgeSync] CHANNEL-SDK: [channel-sdk] [supervisor] recovered online {"outcome":"grace_recovered"}
[2026-09-23T21:24:26.312Z] [pid=1710] [INFO] [EdgeSync] CHANNEL-SDK: [channel-sdk] [client] flushing outbox on recovered online {"pending":0}
[2026-09-23T21:24:26.312Z] [pid=1710] [INFO] [EdgeSync] CHANNEL-SDK: [channel-sdk] [client] self-heal reconnect done {"reason":"frozen"}
[2026-09-23T21:24:26.323Z] [pid=1710] [INFO] [EdgeSync] CHANNEL-SDK: [channel-sdk] [ws-transport] connected {"client":"c35d45bb-6f8f-474b-b9eb-dda5ddf988ff"}
[2026-09-23T21:24:26.324Z] [pid=1710] [INFO] [EdgeSync] CHANNEL-SDK: [channel-sdk] [supervisor] recovered online {"outcome":"grace_recovered"}
[2026-09-23T21:24:26.324Z] [pid=1710] [INFO] [EdgeSync] CHANNEL-SDK: [channel-sdk] [client] flushing outbox on recovered online {"pending":0}
[2026-09-23T21:24:26.324Z] [pid=1710] [INFO] [EdgeSync] CHANNEL-SDK: [channel-sdk] [client] self-heal reconnect done {"reason":"frozen"}
[2026-09-23T21:30:21.635Z] [pid=1710] [INFO] [EdgeSync] CHANNEL-SDK: [channel-sdk] [presence] timer drift detected {"driftMs":345863,"expectedAtMs":1790198675642,"firedAtMs":1790199021505,"frozen":true}
[2026-09-23T21:30:21.637Z] [pid=1710] [ERROR] [EdgeSync] CHANNEL-SDK: [channel-sdk] [presence] degraded: no heartbeat ack for too long {"channel":"user:fdee3d54-95b6-4e9c-aaff-50ad9505aab4:devices","staleMs":7254609,"consecutiveFailures":6,"hint":"lightweight self-heal exhausted; business should rebuild the session"}
[2026-09-23T21:30:21.638Z] [pid=1710] [INFO] [EdgeSync] CHANNEL-SDK: [channel-sdk] [presence] triggering lightweight self-heal {"reason":"frozen","staleMs":7254741}
[2026-09-23T21:30:21.640Z] [pid=1710] [INFO] [EdgeSync] CHANNEL-SDK: [channel-sdk] [ws-transport] forcing reconnect (dropping possibly half-open socket) 
[2026-09-23T21:30:21.641Z] [pid=1710] [INFO] [EdgeSync] CHANNEL-SDK: [channel-sdk] [ws-transport] disconnected {"code":0,"reason":"disconnect called"}
[2026-09-23T21:30:21.644Z] [pid=1710] [ERROR] [EdgeSync] CHANNEL-SDK: [channel-sdk] [client] publish failed {"channel":"user:fdee3d54-95b6-4e9c-aaff-50ad9505aab4:devices","scope":"user","transport":"cf-ws","parts":1,"errorCode":"unknown","elapsedMs":350998,"err":"code=11 message=connection closed"}
[2026-09-23T21:30:21.644Z] [pid=1710] [INFO] [EdgeSync] CHANNEL-SDK: [channel-sdk] [presence] timer drift detected {"driftMs":345996,"expectedAtMs":1790198675648,"firedAtMs":1790199021644,"frozen":true}
[2026-09-23T21:30:21.645Z] [pid=1710] [ERROR] [EdgeSync] CHANNEL-SDK: [channel-sdk] [presence] degraded: no heartbeat ack for too long {"channel":"user:fdee3d54-95b6-4e9c-aaff-50ad9505aab4:devices","staleMs":7254746,"consecutiveFailures":6,"hint":"lightweight self-heal exhausted; business should rebuild the session"}
[2026-09-23T21:30:21.647Z] [pid=1710] [INFO] [EdgeSync] CHANNEL-SDK: [channel-sdk] [presence] triggering lightweight self-heal {"reason":"frozen","staleMs":7254747}
[2026-09-23T21:30:21.648Z] [pid=1710] [INFO] [EdgeSync] CHANNEL-SDK: [channel-sdk] [ws-transport] forcing reconnect (dropping possibly half-open socket) 
[2026-09-23T21:30:21.648Z] [pid=1710] [INFO] [EdgeSync] CHANNEL-SDK: [channel-sdk] [ws-transport] disconnected {"code":0,"reason":"disconnect called"}
[2026-09-23T21:30:21.649Z] [pid=1710] [ERROR] [EdgeSync] CHANNEL-SDK: [channel-sdk] [client] publish failed {"channel":"user:fdee3d54-95b6-4e9c-aaff-50ad9505aab4:devices","scope":"user","transport":"cf-ws","parts":1,"errorCode":"unknown","elapsedMs":351000,"err":"code=11 message=connection closed"}
[2026-09-23T21:30:22.197Z] [pid=1710] [INFO] [EdgeSync] CHANNEL-SDK: [channel-sdk] [ws-transport] connected {"client":"8f2a7023-48a4-495c-9205-16b9320c7507"}
[2026-09-23T21:30:22.197Z] [pid=1710] [INFO] [EdgeSync] CHANNEL-SDK: [channel-sdk] [supervisor] recovered online {"outcome":"grace_recovered"}
[2026-09-23T21:30:22.197Z] [pid=1710] [INFO] [EdgeSync] CHANNEL-SDK: [channel-sdk] [client] flushing outbox on recovered online {"pending":0}
[2026-09-23T21:30:22.197Z] [pid=1710] [INFO] [EdgeSync] CHANNEL-SDK: [channel-sdk] [client] self-heal reconnect done {"reason":"frozen"}
[2026-09-23T21:30:22.205Z] [pid=1710] [INFO] [EdgeSync] CHANNEL-SDK: [channel-sdk] [ws-transport] connected {"client":"f90cbbf8-2ef2-45a7-b78e-65b329dfee41"}
[2026-09-23T21:30:22.205Z] [pid=1710] [INFO] [EdgeSync] CHANNEL-SDK: [channel-sdk] [supervisor] recovered online {"outcome":"grace_recovered"}
[2026-09-23T21:30:22.206Z] [pid=1710] [INFO] [EdgeSync] CHANNEL-SDK: [channel-sdk] [client] flushing outbox on recovered online {"pending":0}
[2026-09-23T21:30:22.206Z] [pid=1710] [INFO] [EdgeSync] CHANNEL-SDK: [channel-sdk] [client] self-heal reconnect done {"reason":"frozen"}
[2026-09-23T21:30:26.739Z] [pid=1710] [INFO] [EdgeSync] CHANNEL-SDK: [channel-sdk] [presence] heartbeat recovered {"channel":"user:fdee3d54-95b6-4e9c-aaff-50ad9505aab4:devices","source":"echo","afterFailures":7}
[2026-09-23T21:30:26.756Z] [pid=1710] [INFO] [EdgeSync] CHANNEL-SDK: [channel-sdk] [presence] heartbeat recovered {"channel":"user:fdee3d54-95b6-4e9c-aaff-50ad9505aab4:devices","source":"echo","afterFailures":7}
[2026-09-23T21:45:43.622Z] [pid=1710] [INFO] [EdgeSync] CHANNEL-SDK: [channel-sdk] [presence] timer drift detected {"driftMs":911858,"expectedAtMs":1790199031638,"firedAtMs":1790199943496,"frozen":true}
[2026-09-23T21:45:43.626Z] [pid=1710] [ERROR] [EdgeSync] CHANNEL-SDK: [channel-sdk] [presence] degraded: no heartbeat ack for too long {"channel":"user:fdee3d54-95b6-4e9c-aaff-50ad9505aab4:devices","staleMs":916741,"consecutiveFailures":0,"hint":"lightweight self-heal exhausted; business should rebuild the session"}
[2026-09-23T21:45:43.631Z] [pid=1710] [INFO] [EdgeSync] CHANNEL-SDK: [channel-sdk] [presence] triggering lightweight self-heal {"reason":"frozen","staleMs":916871}
[2026-09-23T21:45:43.633Z] [pid=1710] [INFO] [EdgeSync] CHANNEL-SDK: [channel-sdk] [ws-transport] forcing reconnect (dropping possibly half-open socket) 
[2026-09-23T21:45:43.640Z] [pid=1710] [INFO] [EdgeSync] CHANNEL-SDK: [channel-sdk] [ws-transport] disconnected {"code":0,"reason":"disconnect called"}
[2026-09-23T21:45:43.642Z] [pid=1710] [INFO] [EdgeSync] CHANNEL-SDK: [channel-sdk] [presence] timer drift detected {"driftMs":911993,"expectedAtMs":1790199031647,"firedAtMs":1790199943640,"frozen":true}
[2026-09-23T21:45:43.643Z] [pid=1710] [ERROR] [EdgeSync] CHANNEL-SDK: [channel-sdk] [presence] degraded: no heartbeat ack for too long {"channel":"user:fdee3d54-95b6-4e9c-aaff-50ad9505aab4:devices","staleMs":916902,"consecutiveFailures":0,"hint":"lightweight self-heal exhausted; business should rebuild the session"}
[2026-09-23T21:45:43.643Z] [pid=1710] [INFO] [EdgeSync] CHANNEL-SDK: [channel-sdk] [presence] triggering lightweight self-heal {"reason":"frozen","staleMs":916905}
[2026-09-23T21:45:43.643Z] [pid=1710] [INFO] [EdgeSync] CHANNEL-SDK: [channel-sdk] [ws-transport] forcing reconnect (dropping possibly half-open socket) 
[2026-09-23T21:45:43.643Z] [pid=1710] [INFO] [EdgeSync] CHANNEL-SDK: [channel-sdk] [ws-transport] disconnected {"code":0,"reason":"disconnect called"}
[2026-09-23T21:45:43.652Z] [pid=1710] [INFO] [EdgeSync] CHANNEL-CREDS: fetching userId=fdee3d54-95b6-4e9c-aaff-50ad9505aab4 deviceId=4d6cede0-b354-523b-bf1f-9ad4d9ec28d2 deviceName=MacBook Pro (4) extraScopes=[]
[2026-09-23T21:45:43.653Z] [pid=1710] [INFO] [EdgeSync] CHANNEL-CREDS: fetching userId=fdee3d54-95b6-4e9c-aaff-50ad9505aab4 deviceId=4d6cede0-b354-523b-bf1f-9ad4d9ec28d2 deviceName=MacBook Pro (4) extraScopes=[]
[2026-09-23T21:45:44.187Z] [pid=1710] [INFO] [EdgeSync] CHANNEL-CREDS urls: apisixPublishUrl=https://www.workbuddy.cn/cf-publish/api/publish cfWsUrl=wss://www.workbuddy.cn/cf-connect/websocket
[2026-09-23T21:45:44.188Z] [pid=1710] [INFO] [EdgeSync] CHANNEL-SDK: [channel-sdk] [handshake] token renewed via credManager {"keyVersion":1}
[2026-09-23T21:45:44.189Z] [pid=1710] [INFO] [EdgeSync] CHANNEL-CREDS urls: apisixPublishUrl=https://www.workbuddy.cn/cf-publish/api/publish cfWsUrl=wss://www.workbuddy.cn/cf-connect/websocket
[2026-09-23T21:45:44.189Z] [pid=1710] [INFO] [EdgeSync] CHANNEL-SDK: [channel-sdk] [handshake] token renewed via credManager {"keyVersion":1}
[2026-09-23T21:45:44.220Z] [pid=1710] [INFO] [EdgeSync] CHANNEL-SDK: [channel-sdk] [ws-transport] connected {"client":"0841e2ff-d068-4dc1-be24-43779ba6d891"}
[2026-09-23T21:45:44.220Z] [pid=1710] [INFO] [EdgeSync] CHANNEL-SDK: [channel-sdk] [supervisor] recovered online {"outcome":"grace_recovered"}
[2026-09-23T21:45:44.220Z] [pid=1710] [INFO] [EdgeSync] CHANNEL-SDK: [channel-sdk] [client] flushing outbox on recovered online {"pending":0}
[2026-09-23T21:45:44.220Z] [pid=1710] [INFO] [EdgeSync] CHANNEL-SDK: [channel-sdk] [client] self-heal reconnect done {"reason":"frozen"}
[2026-09-23T21:45:44.223Z] [pid=1710] [INFO] [EdgeSync] CHANNEL-SDK: [channel-sdk] [ws-transport] connected {"client":"3cd253c6-4584-4d25-bddc-e9adaf90c9dc"}
[2026-09-23T21:45:44.224Z] [pid=1710] [INFO] [EdgeSync] CHANNEL-SDK: [channel-sdk] [supervisor] recovered online {"outcome":"grace_recovered"}
[2026-09-23T21:45:44.224Z] [pid=1710] [INFO] [EdgeSync] CHANNEL-SDK: [channel-sdk] [client] flushing outbox on recovered online {"pending":0}
[2026-09-23T21:45:44.224Z] [pid=1710] [INFO] [EdgeSync] CHANNEL-SDK: [channel-sdk] [client] self-heal reconnect done {"reason":"frozen"}
[2026-09-23T22:02:56.617Z] [pid=1710] [INFO] [EdgeSync] CHANNEL-SDK: [channel-sdk] [presence] timer drift detected {"driftMs":1022853,"expectedAtMs":1790199953634,"firedAtMs":1790200976487,"frozen":true}
[2026-09-23T22:02:56.621Z] [pid=1710] [ERROR] [EdgeSync] CHANNEL-SDK: [channel-sdk] [presence] degraded: no heartbeat ack for too long {"channel":"user:fdee3d54-95b6-4e9c-aaff-50ad9505aab4:devices","staleMs":1032170,"consecutiveFailures":0,"hint":"lightweight self-heal exhausted; business should rebuild the session"}
[2026-09-23T22:02:56.622Z] [pid=1710] [INFO] [EdgeSync] CHANNEL-SDK: [channel-sdk] [presence] triggering lightweight self-heal {"reason":"frozen","staleMs":1032304}
[2026-09-23T22:02:56.623Z] [pid=1710] [INFO] [EdgeSync] CHANNEL-SDK: [channel-sdk] [ws-transport] forcing reconnect (dropping possibly half-open socket) 
[2026-09-23T22:02:56.624Z] [pid=1710] [INFO] [EdgeSync] CHANNEL-SDK: [channel-sdk] [ws-transport] disconnected {"code":0,"reason":"disconnect called"}
[2026-09-23T22:02:56.624Z] [pid=1710] [INFO] [EdgeSync] CHANNEL-SDK: [channel-sdk] [presence] timer drift detected {"driftMs":1022980,"expectedAtMs":1790199953644,"firedAtMs":1790200976624,"frozen":true}
[2026-09-23T22:02:56.625Z] [pid=1710] [ERROR] [EdgeSync] CHANNEL-SDK: [channel-sdk] [presence] degraded: no heartbeat ack for too long {"channel":"user:fdee3d54-95b6-4e9c-aaff-50ad9505aab4:devices","staleMs":1032295,"consecutiveFailures":0,"hint":"lightweight self-heal exhausted; business should rebuild the session"}
[2026-09-23T22:02:56.625Z] [pid=1710] [INFO] [EdgeSync] CHANNEL-SDK: [channel-sdk] [presence] triggering lightweight self-heal {"reason":"frozen","staleMs":1032296}
[2026-09-23T22:02:56.625Z] [pid=1710] [INFO] [EdgeSync] CHANNEL-SDK: [channel-sdk] [ws-transport] forcing reconnect (dropping possibly half-open socket) 
[2026-09-23T22:02:56.626Z] [pid=1710] [INFO] [EdgeSync] CHANNEL-SDK: [channel-sdk] [ws-transport] disconnected {"code":0,"reason":"disconnect called"}
[2026-09-23T22:02:56.638Z] [pid=1710] [INFO] [EdgeSync] CHANNEL-CREDS: fetching userId=fdee3d54-95b6-4e9c-aaff-50ad9505aab4 deviceId=4d6cede0-b354-523b-bf1f-9ad4d9ec28d2 deviceName=MacBook Pro (4) extraScopes=[]
[2026-09-23T22:02:56.638Z] [pid=1710] [INFO] [EdgeSync] CHANNEL-CREDS: fetching userId=fdee3d54-95b6-4e9c-aaff-50ad9505aab4 deviceId=4d6cede0-b354-523b-bf1f-9ad4d9ec28d2 deviceName=MacBook Pro (4) extraScopes=[]
[2026-09-23T22:02:57.245Z] [pid=1710] [INFO] [EdgeSync] CHANNEL-CREDS urls: apisixPublishUrl=https://www.workbuddy.cn/cf-publish/api/publish cfWsUrl=wss://www.workbuddy.cn/cf-connect/websocket
[2026-09-23T22:02:57.246Z] [pid=1710] [INFO] [EdgeSync] CHANNEL-SDK: [channel-sdk] [handshake] token renewed via credManager {"keyVersion":1}
[2026-09-23T22:02:57.248Z] [pid=1710] [INFO] [EdgeSync] CHANNEL-CREDS urls: apisixPublishUrl=https://www.workbuddy.cn/cf-publish/api/publish cfWsUrl=wss://www.workbuddy.cn/cf-connect/websocket
[2026-09-23T22:02:57.249Z] [pid=1710] [INFO] [EdgeSync] CHANNEL-SDK: [channel-sdk] [handshake] token renewed via credManager {"keyVersion":1}
[2026-09-23T22:02:57.320Z] [pid=1710] [INFO] [EdgeSync] CHANNEL-SDK: [channel-sdk] [ws-transport] connected {"client":"574e8deb-15e3-4e8b-b05f-32871ff69cb4"}
[2026-09-23T22:02:57.320Z] [pid=1710] [INFO] [EdgeSync] CHANNEL-SDK: [channel-sdk] [supervisor] recovered online {"outcome":"grace_recovered"}
[2026-09-23T22:02:57.320Z] [pid=1710] [INFO] [EdgeSync] CHANNEL-SDK: [channel-sdk] [client] flushing outbox on recovered online {"pending":0}
[2026-09-23T22:02:57.320Z] [pid=1710] [INFO] [EdgeSync] CHANNEL-SDK: [channel-sdk] [client] self-heal reconnect done {"reason":"frozen"}
[2026-09-23T22:02:57.321Z] [pid=1710] [INFO] [EdgeSync] CHANNEL-SDK: [channel-sdk] [ws-transport] connected {"client":"16915601-491f-4ed6-b57a-33ca2cddb87d"}
[2026-09-23T22:02:57.321Z] [pid=1710] [INFO] [EdgeSync] CHANNEL-SDK: [channel-sdk] [supervisor] recovered online {"outcome":"grace_recovered"}
[2026-09-23T22:02:57.321Z] [pid=1710] [INFO] [EdgeSync] CHANNEL-SDK: [channel-sdk] [client] flushing outbox on recovered online {"pending":0}
[2026-09-23T22:02:57.321Z] [pid=1710] [INFO] [EdgeSync] CHANNEL-SDK: [channel-sdk] [client] self-heal reconnect done {"reason":"frozen"}
[2026-09-23T22:19:44.682Z] [pid=1710] [INFO] [EdgeSync] CHANNEL-SDK: [channel-sdk] [presence] timer drift detected {"driftMs":997863,"expectedAtMs":1790200986685,"firedAtMs":1790201984548,"frozen":true}
[2026-09-23T22:19:44.684Z] [pid=1710] [ERROR] [EdgeSync] CHANNEL-SDK: [channel-sdk] [presence] degraded: no heartbeat ack for too long {"channel":"user:fdee3d54-95b6-4e9c-aaff-50ad9505aab4:devices","staleMs":2040231,"consecutiveFailures":0,"hint":"lightweight self-heal exhausted; business should rebuild the session"}
[2026-09-23T22:19:44.685Z] [pid=1710] [INFO] [EdgeSync] CHANNEL-SDK: [channel-sdk] [presence] triggering lightweight self-heal {"reason":"frozen","staleMs":2040368}
[2026-09-23T22:19:44.685Z] [pid=1710] [INFO] [EdgeSync] CHANNEL-SDK: [channel-sdk] [ws-transport] forcing reconnect (dropping possibly half-open socket) 
[2026-09-23T22:19:44.696Z] [pid=1710] [INFO] [EdgeSync] CHANNEL-CREDS: fetching userId=fdee3d54-95b6-4e9c-aaff-50ad9505aab4 deviceId=4d6cede0-b354-523b-bf1f-9ad4d9ec28d2 deviceName=MacBook Pro (4) extraScopes=[]
[2026-09-23T22:19:44.688Z] [pid=1710] [INFO] [EdgeSync] CHANNEL-SDK: [channel-sdk] [ws-transport] forcing reconnect (dropping possibly half-open socket) 
[2026-09-23T22:19:44.686Z] [pid=1710] [INFO] [EdgeSync] CHANNEL-SDK: [channel-sdk] [ws-transport] disconnected {"code":0,"reason":"disconnect called"}
[2026-09-23T22:19:44.689Z] [pid=1710] [INFO] [EdgeSync] CHANNEL-SDK: [channel-sdk] [ws-transport] disconnected {"code":0,"reason":"disconnect called"}
[2026-09-23T22:19:44.687Z] [pid=1710] [INFO] [EdgeSync] CHANNEL-SDK: [channel-sdk] [presence] timer drift detected {"driftMs":997999,"expectedAtMs":1790200986687,"firedAtMs":1790201984686,"frozen":true}
[2026-09-23T22:19:44.687Z] [pid=1710] [INFO] [EdgeSync] CHANNEL-SDK: [channel-sdk] [presence] triggering lightweight self-heal {"reason":"frozen","staleMs":2040358}
[2026-09-23T22:19:44.687Z] [pid=1710] [ERROR] [EdgeSync] CHANNEL-SDK: [channel-sdk] [presence] degraded: no heartbeat ack for too long {"channel":"user:fdee3d54-95b6-4e9c-aaff-50ad9505aab4:devices","staleMs":2040357,"consecutiveFailures":0,"hint":"lightweight self-heal exhausted; business should rebuild the session"}
[2026-09-23T22:19:44.696Z] [pid=1710] [INFO] [EdgeSync] CHANNEL-CREDS: fetching userId=fdee3d54-95b6-4e9c-aaff-50ad9505aab4 deviceId=4d6cede0-b354-523b-bf1f-9ad4d9ec28d2 deviceName=MacBook Pro (4) extraScopes=[]
[2026-09-23T22:19:45.186Z] [pid=1710] [INFO] [EdgeSync] CHANNEL-CREDS urls: apisixPublishUrl=https://www.workbuddy.cn/cf-publish/api/publish cfWsUrl=wss://www.workbuddy.cn/cf-connect/websocket
[2026-09-23T22:19:45.187Z] [pid=1710] [INFO] [EdgeSync] CHANNEL-SDK: [channel-sdk] [handshake] token renewed via credManager {"keyVersion":1}
[2026-09-23T22:19:45.193Z] [pid=1710] [INFO] [EdgeSync] CHANNEL-CREDS urls: apisixPublishUrl=https://www.workbuddy.cn/cf-publish/api/publish cfWsUrl=wss://www.workbuddy.cn/cf-connect/websocket
[2026-09-23T22:19:45.194Z] [pid=1710] [INFO] [EdgeSync] CHANNEL-SDK: [channel-sdk] [handshake] token renewed via credManager {"keyVersion":1}
[2026-09-23T22:19:45.273Z] [pid=1710] [INFO] [EdgeSync] CHANNEL-SDK: [channel-sdk] [ws-transport] connected {"client":"9fb7c220-bffb-41e9-b932-5260c4e4fb22"}
[2026-09-23T22:19:45.273Z] [pid=1710] [INFO] [EdgeSync] CHANNEL-SDK: [channel-sdk] [supervisor] recovered online {"outcome":"grace_recovered"}
[2026-09-23T22:19:45.273Z] [pid=1710] [INFO] [EdgeSync] CHANNEL-SDK: [channel-sdk] [client] flushing outbox on recovered online {"pending":0}
[2026-09-23T22:19:45.273Z] [pid=1710] [INFO] [EdgeSync] CHANNEL-SDK: [channel-sdk] [client] self-heal reconnect done {"reason":"frozen"}
[2026-09-23T22:19:45.281Z] [pid=1710] [INFO] [EdgeSync] CHANNEL-SDK: [channel-sdk] [ws-transport] connected {"client":"599bb6c7-9e25-4415-89f6-1feba8fec117"}
[2026-09-23T22:19:45.281Z] [pid=1710] [INFO] [EdgeSync] CHANNEL-SDK: [channel-sdk] [supervisor] recovered online {"outcome":"grace_recovered"}
[2026-09-23T22:19:45.281Z] [pid=1710] [INFO] [EdgeSync] CHANNEL-SDK: [channel-sdk] [client] flushing outbox on recovered online {"pending":0}
[2026-09-23T22:19:45.281Z] [pid=1710] [INFO] [EdgeSync] CHANNEL-SDK: [channel-sdk] [client] self-heal reconnect done {"reason":"frozen"}
[2026-09-23T22:31:21.684Z] [pid=1710] [INFO] [EdgeSync] CHANNEL-SDK: [channel-sdk] [presence] timer drift detected {"driftMs":686871,"expectedAtMs":1790201994689,"firedAtMs":1790202681560,"frozen":true}
[2026-09-23T22:31:21.685Z] [pid=1710] [ERROR] [EdgeSync] CHANNEL-SDK: [channel-sdk] [presence] degraded: no heartbeat ack for too long {"channel":"user:fdee3d54-95b6-4e9c-aaff-50ad9505aab4:devices","staleMs":2737243,"consecutiveFailures":1,"hint":"lightweight self-heal exhausted; business should rebuild the session"}
[2026-09-23T22:31:21.686Z] [pid=1710] [INFO] [EdgeSync] CHANNEL-SDK: [channel-sdk] [presence] triggering lightweight self-heal {"reason":"frozen","staleMs":2737368}
[2026-09-23T22:31:21.693Z] [pid=1710] [INFO] [EdgeSync] CHANNEL-SDK: [channel-sdk] [presence] timer drift detected {"driftMs":687002,"expectedAtMs":1790201994691,"firedAtMs":1790202681693,"frozen":true}
[2026-09-23T22:31:21.687Z] [pid=1710] [INFO] [EdgeSync] CHANNEL-SDK: [channel-sdk] [ws-transport] forcing reconnect (dropping possibly half-open socket) 
[2026-09-23T22:31:21.692Z] [pid=1710] [INFO] [EdgeSync] CHANNEL-SDK: [channel-sdk] [ws-transport] disconnected {"code":0,"reason":"disconnect called"}
[2026-09-23T22:31:21.693Z] [pid=1710] [ERROR] [EdgeSync] CHANNEL-SDK: [channel-sdk] [client] publish failed {"channel":"user:fdee3d54-95b6-4e9c-aaff-50ad9505aab4:devices","scope":"user","transport":"cf-ws","parts":1,"errorCode":"unknown","elapsedMs":692003,"err":"code=11 message=connection closed"}
[2026-09-23T22:31:21.694Z] [pid=1710] [INFO] [EdgeSync] CHANNEL-SDK: [channel-sdk] [presence] triggering lightweight self-heal {"reason":"frozen","staleMs":2737365}
[2026-09-23T22:31:21.694Z] [pid=1710] [ERROR] [EdgeSync] CHANNEL-SDK: [channel-sdk] [presence] degraded: no heartbeat ack for too long {"channel":"user:fdee3d54-95b6-4e9c-aaff-50ad9505aab4:devices","staleMs":2737364,"consecutiveFailures":1,"hint":"lightweight self-heal exhausted; business should rebuild the session"}
[2026-09-23T22:31:21.694Z] [pid=1710] [INFO] [EdgeSync] CHANNEL-SDK: [channel-sdk] [ws-transport] forcing reconnect (dropping possibly half-open socket) 
[2026-09-23T22:31:21.694Z] [pid=1710] [INFO] [EdgeSync] CHANNEL-SDK: [channel-sdk] [ws-transport] disconnected {"code":0,"reason":"disconnect called"}
[2026-09-23T22:31:21.695Z] [pid=1710] [ERROR] [EdgeSync] CHANNEL-SDK: [channel-sdk] [client] publish failed {"channel":"user:fdee3d54-95b6-4e9c-aaff-50ad9505aab4:devices","scope":"user","transport":"cf-ws","parts":1,"errorCode":"unknown","elapsedMs":692003,"err":"code=11 message=connection closed"}
[2026-09-23T22:31:22.281Z] [pid=1710] [INFO] [EdgeSync] CHANNEL-SDK: [channel-sdk] [ws-transport] connected {"client":"01f48195-5170-47ad-a5fd-f35cf2fdb5a5"}
[2026-09-23T22:31:22.282Z] [pid=1710] [INFO] [EdgeSync] CHANNEL-SDK: [channel-sdk] [supervisor] recovered online {"outcome":"grace_recovered"}
[2026-09-23T22:31:22.282Z] [pid=1710] [INFO] [EdgeSync] CHANNEL-SDK: [channel-sdk] [client] flushing outbox on recovered online {"pending":0}
[2026-09-23T22:31:22.282Z] [pid=1710] [INFO] [EdgeSync] CHANNEL-SDK: [channel-sdk] [client] self-heal reconnect done {"reason":"frozen"}
[2026-09-23T22:31:22.315Z] [pid=1710] [INFO] [EdgeSync] CHANNEL-SDK: [channel-sdk] [ws-transport] connected {"client":"745be3aa-eb95-4a16-9195-197eaf8e2095"}
[2026-09-23T22:31:22.316Z] [pid=1710] [INFO] [EdgeSync] CHANNEL-SDK: [channel-sdk] [supervisor] recovered online {"outcome":"grace_recovered"}
[2026-09-23T22:31:22.316Z] [pid=1710] [INFO] [EdgeSync] CHANNEL-SDK: [channel-sdk] [client] flushing outbox on recovered online {"pending":0}
[2026-09-23T22:31:22.316Z] [pid=1710] [INFO] [EdgeSync] CHANNEL-SDK: [channel-sdk] [client] self-heal reconnect done {"reason":"frozen"}
[2026-09-23T22:31:26.799Z] [pid=1710] [INFO] [EdgeSync] CHANNEL-SDK: [channel-sdk] [presence] heartbeat recovered {"channel":"user:fdee3d54-95b6-4e9c-aaff-50ad9505aab4:devices","source":"echo","afterFailures":2}
[2026-09-23T22:31:26.804Z] [pid=1710] [INFO] [EdgeSync] CHANNEL-SDK: [channel-sdk] [presence] heartbeat recovered {"channel":"user:fdee3d54-95b6-4e9c-aaff-50ad9505aab4:devices","source":"echo","afterFailures":2}
[2026-09-23T22:47:22.714Z] [pid=1710] [INFO] [EdgeSync] CHANNEL-SDK: [channel-sdk] [presence] timer drift detected {"driftMs":945873,"expectedAtMs":1790202696706,"firedAtMs":1790203642579,"frozen":true}
[2026-09-23T22:47:22.717Z] [pid=1710] [INFO] [EdgeSync] CHANNEL-SDK: [channel-sdk] [ws-transport] disconnected {"code":0,"reason":"disconnect called"}
[2026-09-23T22:47:22.715Z] [pid=1710] [ERROR] [EdgeSync] CHANNEL-SDK: [channel-sdk] [presence] degraded: no heartbeat ack for too long {"channel":"user:fdee3d54-95b6-4e9c-aaff-50ad9505aab4:devices","staleMs":955775,"consecutiveFailures":0,"hint":"lightweight self-heal exhausted; business should rebuild the session"}
[2026-09-23T22:47:22.717Z] [pid=1710] [INFO] [EdgeSync] CHANNEL-SDK: [channel-sdk] [presence] triggering lightweight self-heal {"reason":"frozen","staleMs":955919}
[2026-09-23T22:47:22.715Z] [pid=1710] [INFO] [EdgeSync] CHANNEL-SDK: [channel-sdk] [presence] triggering lightweight self-heal {"reason":"frozen","staleMs":955911}
[2026-09-23T22:47:22.716Z] [pid=1710] [INFO] [EdgeSync] CHANNEL-SDK: [channel-sdk] [presence] timer drift detected {"driftMs":946003,"expectedAtMs":1790202696713,"firedAtMs":1790203642716,"frozen":true}
[2026-09-23T22:47:22.715Z] [pid=1710] [INFO] [EdgeSync] CHANNEL-SDK: [channel-sdk] [ws-transport] forcing reconnect (dropping possibly half-open socket) 
[2026-09-23T22:47:22.715Z] [pid=1710] [INFO] [EdgeSync] CHANNEL-SDK: [channel-sdk] [ws-transport] disconnected {"code":0,"reason":"disconnect called"}
[2026-09-23T22:47:22.716Z] [pid=1710] [ERROR] [EdgeSync] CHANNEL-SDK: [channel-sdk] [presence] degraded: no heartbeat ack for too long {"channel":"user:fdee3d54-95b6-4e9c-aaff-50ad9505aab4:devices","staleMs":955918,"consecutiveFailures":0,"hint":"lightweight self-heal exhausted; business should rebuild the session"}
[2026-09-23T22:47:22.717Z] [pid=1710] [INFO] [EdgeSync] CHANNEL-SDK: [channel-sdk] [ws-transport] forcing reconnect (dropping possibly half-open socket) 
[2026-09-23T22:47:22.721Z] [pid=1710] [INFO] [EdgeSync] CHANNEL-CREDS: fetching userId=fdee3d54-95b6-4e9c-aaff-50ad9505aab4 deviceId=4d6cede0-b354-523b-bf1f-9ad4d9ec28d2 deviceName=MacBook Pro (4) extraScopes=[]
[2026-09-23T22:47:22.721Z] [pid=1710] [INFO] [EdgeSync] CHANNEL-CREDS: fetching userId=fdee3d54-95b6-4e9c-aaff-50ad9505aab4 deviceId=4d6cede0-b354-523b-bf1f-9ad4d9ec28d2 deviceName=MacBook Pro (4) extraScopes=[]
[2026-09-23T22:47:23.311Z] [pid=1710] [INFO] [EdgeSync] CHANNEL-CREDS urls: apisixPublishUrl=https://www.workbuddy.cn/cf-publish/api/publish cfWsUrl=wss://www.workbuddy.cn/cf-connect/websocket
[2026-09-23T22:47:23.312Z] [pid=1710] [INFO] [EdgeSync] CHANNEL-SDK: [channel-sdk] [handshake] token renewed via credManager {"keyVersion":1}
[2026-09-23T22:47:23.313Z] [pid=1710] [INFO] [EdgeSync] CHANNEL-CREDS urls: apisixPublishUrl=https://www.workbuddy.cn/cf-publish/api/publish cfWsUrl=wss://www.workbuddy.cn/cf-connect/websocket
[2026-09-23T22:47:23.314Z] [pid=1710] [INFO] [EdgeSync] CHANNEL-SDK: [channel-sdk] [handshake] token renewed via credManager {"keyVersion":1}
[2026-09-23T22:47:23.405Z] [pid=1710] [INFO] [EdgeSync] CHANNEL-SDK: [channel-sdk] [ws-transport] connected {"client":"5772c2b1-06f8-49a6-87b4-c07aa6d5d5ae"}
[2026-09-23T22:47:23.405Z] [pid=1710] [INFO] [EdgeSync] CHANNEL-SDK: [channel-sdk] [supervisor] recovered online {"outcome":"grace_recovered"}
[2026-09-23T22:47:23.405Z] [pid=1710] [INFO] [EdgeSync] CHANNEL-SDK: [channel-sdk] [client] flushing outbox on recovered online {"pending":0}
[2026-09-23T22:47:23.405Z] [pid=1710] [INFO] [EdgeSync] CHANNEL-SDK: [channel-sdk] [client] self-heal reconnect done {"reason":"frozen"}
[2026-09-23T22:47:23.409Z] [pid=1710] [INFO] [EdgeSync] CHANNEL-SDK: [channel-sdk] [ws-transport] connected {"client":"23d8ceba-8791-4e64-aabd-cff550c57f90"}
[2026-09-23T22:47:23.409Z] [pid=1710] [INFO] [EdgeSync] CHANNEL-SDK: [channel-sdk] [supervisor] recovered online {"outcome":"grace_recovered"}
[2026-09-23T22:47:23.409Z] [pid=1710] [INFO] [EdgeSync] CHANNEL-SDK: [channel-sdk] [client] flushing outbox on recovered online {"pending":0}
[2026-09-23T22:47:23.409Z] [pid=1710] [INFO] [EdgeSync] CHANNEL-SDK: [channel-sdk] [client] self-heal reconnect done {"reason":"frozen"}
[2026-09-23T23:03:21.726Z] [pid=1710] [INFO] [EdgeSync] CHANNEL-SDK: [channel-sdk] [presence] timer drift detected {"driftMs":948877,"expectedAtMs":1790203652725,"firedAtMs":1790204601602,"frozen":true}
[2026-09-23T23:03:21.726Z] [pid=1710] [ERROR] [EdgeSync] CHANNEL-SDK: [channel-sdk] [presence] degraded: no heartbeat ack for too long {"channel":"user:fdee3d54-95b6-4e9c-aaff-50ad9505aab4:devices","staleMs":1914798,"consecutiveFailures":0,"hint":"lightweight self-heal exhausted; business should rebuild the session"}
[2026-09-23T23:03:21.726Z] [pid=1710] [INFO] [EdgeSync] CHANNEL-SDK: [channel-sdk] [presence] triggering lightweight self-heal {"reason":"frozen","staleMs":1914922}
[2026-09-23T23:03:21.727Z] [pid=1710] [INFO] [EdgeSync] CHANNEL-SDK: [channel-sdk] [ws-transport] forcing reconnect (dropping possibly half-open socket) 
[2026-09-23T23:03:21.728Z] [pid=1710] [INFO] [EdgeSync] CHANNEL-SDK: [channel-sdk] [presence] timer drift detected {"driftMs":949003,"expectedAtMs":1790203652725,"firedAtMs":1790204601728,"frozen":true}
[2026-09-23T23:03:21.728Z] [pid=1710] [ERROR] [EdgeSync] CHANNEL-SDK: [channel-sdk] [presence] degraded: no heartbeat ack for too long {"channel":"user:fdee3d54-95b6-4e9c-aaff-50ad9505aab4:devices","staleMs":1914930,"consecutiveFailures":0,"hint":"lightweight self-heal exhausted; business should rebuild the session"}
[2026-09-23T23:03:21.729Z] [pid=1710] [INFO] [EdgeSync] CHANNEL-SDK: [channel-sdk] [ws-transport] disconnected {"code":0,"reason":"disconnect called"}
[2026-09-23T23:03:21.727Z] [pid=1710] [INFO] [EdgeSync] CHANNEL-SDK: [channel-sdk] [ws-transport] disconnected {"code":0,"reason":"disconnect called"}
[2026-09-23T23:03:21.737Z] [pid=1710] [INFO] [EdgeSync] CHANNEL-CREDS: fetching userId=fdee3d54-95b6-4e9c-aaff-50ad9505aab4 deviceId=4d6cede0-b354-523b-bf1f-9ad4d9ec28d2 deviceName=MacBook Pro (4) extraScopes=[]
[2026-09-23T23:03:21.728Z] [pid=1710] [INFO] [EdgeSync] CHANNEL-SDK: [channel-sdk] [presence] triggering lightweight self-heal {"reason":"frozen","staleMs":1914930}
[2026-09-23T23:03:21.729Z] [pid=1710] [INFO] [EdgeSync] CHANNEL-SDK: [channel-sdk] [ws-transport] forcing reconnect (dropping possibly half-open socket) 
[2026-09-23T23:03:21.737Z] [pid=1710] [INFO] [EdgeSync] CHANNEL-CREDS: fetching userId=fdee3d54-95b6-4e9c-aaff-50ad9505aab4 deviceId=4d6cede0-b354-523b-bf1f-9ad4d9ec28d2 deviceName=MacBook Pro (4) extraScopes=[]
[2026-09-23T23:03:22.238Z] [pid=1710] [INFO] [EdgeSync] CHANNEL-CREDS urls: apisixPublishUrl=https://www.workbuddy.cn/cf-publish/api/publish cfWsUrl=wss://www.workbuddy.cn/cf-connect/websocket
[2026-09-23T23:03:22.239Z] [pid=1710] [INFO] [EdgeSync] CHANNEL-SDK: [channel-sdk] [handshake] token renewed via credManager {"keyVersion":1}
[2026-09-23T23:03:22.247Z] [pid=1710] [INFO] [EdgeSync] CHANNEL-CREDS urls: apisixPublishUrl=https://www.workbuddy.cn/cf-publish/api/publish cfWsUrl=wss://www.workbuddy.cn/cf-connect/websocket
[2026-09-23T23:03:22.247Z] [pid=1710] [INFO] [EdgeSync] CHANNEL-SDK: [channel-sdk] [handshake] token renewed via credManager {"keyVersion":1}
[2026-09-23T23:03:22.321Z] [pid=1710] [INFO] [EdgeSync] CHANNEL-SDK: [channel-sdk] [ws-transport] connected {"client":"3b109776-118f-4963-81d0-d8428d2c0510"}
[2026-09-23T23:03:22.321Z] [pid=1710] [INFO] [EdgeSync] CHANNEL-SDK: [channel-sdk] [supervisor] recovered online {"outcome":"grace_recovered"}
[2026-09-23T23:03:22.321Z] [pid=1710] [INFO] [EdgeSync] CHANNEL-SDK: [channel-sdk] [client] flushing outbox on recovered online {"pending":0}
[2026-09-23T23:03:22.321Z] [pid=1710] [INFO] [EdgeSync] CHANNEL-SDK: [channel-sdk] [client] self-heal reconnect done {"reason":"frozen"}
[2026-09-23T23:03:22.338Z] [pid=1710] [INFO] [EdgeSync] CHANNEL-SDK: [channel-sdk] [ws-transport] connected {"client":"3700cc9f-9cba-485a-abc2-da1ebefa97e9"}
[2026-09-23T23:03:22.338Z] [pid=1710] [INFO] [EdgeSync] CHANNEL-SDK: [channel-sdk] [supervisor] recovered online {"outcome":"grace_recovered"}
[2026-09-23T23:03:22.338Z] [pid=1710] [INFO] [EdgeSync] CHANNEL-SDK: [channel-sdk] [client] flushing outbox on recovered online {"pending":0}
[2026-09-23T23:03:22.338Z] [pid=1710] [INFO] [EdgeSync] CHANNEL-SDK: [channel-sdk] [client] self-heal reconnect done {"reason":"frozen"}
[2026-09-23T23:19:59.744Z] [pid=1710] [INFO] [EdgeSync] CHANNEL-SDK: [channel-sdk] [presence] timer drift detected {"driftMs":987886,"expectedAtMs":1790204611737,"firedAtMs":1790205599623,"frozen":true}
[2026-09-23T23:19:59.749Z] [pid=1710] [ERROR] [EdgeSync] CHANNEL-SDK: [channel-sdk] [presence] degraded: no heartbeat ack for too long {"channel":"user:fdee3d54-95b6-4e9c-aaff-50ad9505aab4:devices","staleMs":2912819,"consecutiveFailures":1,"hint":"lightweight self-heal exhausted; business should rebuild the session"}
[2026-09-23T23:19:59.753Z] [pid=1710] [INFO] [EdgeSync] CHANNEL-SDK: [channel-sdk] [presence] triggering lightweight self-heal {"reason":"frozen","staleMs":2912945}
[2026-09-23T23:19:59.761Z] [pid=1710] [INFO] [EdgeSync] CHANNEL-SDK: [channel-sdk] [ws-transport] disconnected {"code":0,"reason":"disconnect called"}
[2026-09-23T23:19:59.760Z] [pid=1710] [INFO] [EdgeSync] CHANNEL-SDK: [channel-sdk] [presence] triggering lightweight self-heal {"reason":"frozen","staleMs":2912962}
[2026-09-23T23:19:59.761Z] [pid=1710] [INFO] [EdgeSync] CHANNEL-SDK: [channel-sdk] [ws-transport] forcing reconnect (dropping possibly half-open socket) 
[2026-09-23T23:19:59.759Z] [pid=1710] [ERROR] [EdgeSync] CHANNEL-SDK: [channel-sdk] [client] publish failed {"channel":"user:fdee3d54-95b6-4e9c-aaff-50ad9505aab4:devices","scope":"user","transport":"cf-ws","parts":1,"errorCode":"unknown","elapsedMs":993021,"err":"code=11 message=connection closed"}
[2026-09-23T23:19:59.760Z] [pid=1710] [ERROR] [EdgeSync] CHANNEL-SDK: [channel-sdk] [presence] degraded: no heartbeat ack for too long {"channel":"user:fdee3d54-95b6-4e9c-aaff-50ad9505aab4:devices","staleMs":2912961,"consecutiveFailures":1,"hint":"lightweight self-heal exhausted; business should rebuild the session"}
[2026-09-23T23:19:59.754Z] [pid=1710] [INFO] [EdgeSync] CHANNEL-SDK: [channel-sdk] [ws-transport] forcing reconnect (dropping possibly half-open socket) 
[2026-09-23T23:19:59.762Z] [pid=1710] [ERROR] [EdgeSync] CHANNEL-SDK: [channel-sdk] [client] publish failed {"channel":"user:fdee3d54-95b6-4e9c-aaff-50ad9505aab4:devices","scope":"user","transport":"cf-ws","parts":1,"errorCode":"unknown","elapsedMs":993024,"err":"code=11 message=connection closed"}
[2026-09-23T23:19:59.758Z] [pid=1710] [INFO] [EdgeSync] CHANNEL-SDK: [channel-sdk] [ws-transport] disconnected {"code":0,"reason":"disconnect called"}
[2026-09-23T23:19:59.759Z] [pid=1710] [INFO] [EdgeSync] CHANNEL-SDK: [channel-sdk] [presence] timer drift detected {"driftMs":988022,"expectedAtMs":1790204611737,"firedAtMs":1790205599759,"frozen":true}
[2026-09-23T23:19:59.773Z] [pid=1710] [INFO] [EdgeSync] CHANNEL-CREDS: fetching userId=fdee3d54-95b6-4e9c-aaff-50ad9505aab4 deviceId=4d6cede0-b354-523b-bf1f-9ad4d9ec28d2 deviceName=MacBook Pro (4) extraScopes=[]
[2026-09-23T23:19:59.785Z] [pid=1710] [INFO] [EdgeSync] CHANNEL-CREDS: fetching userId=fdee3d54-95b6-4e9c-aaff-50ad9505aab4 deviceId=4d6cede0-b354-523b-bf1f-9ad4d9ec28d2 deviceName=MacBook Pro (4) extraScopes=[]
[2026-09-23T23:20:00.391Z] [pid=1710] [INFO] [EdgeSync] CHANNEL-SDK: [channel-sdk] [ws-transport] connected {"client":"88e99fe6-4a89-413b-8eb0-93db19cd0f00"}
[2026-09-23T23:20:00.392Z] [pid=1710] [INFO] [EdgeSync] CHANNEL-SDK: [channel-sdk] [supervisor] recovered online {"outcome":"grace_recovered"}
[2026-09-23T23:20:00.392Z] [pid=1710] [INFO] [EdgeSync] CHANNEL-SDK: [channel-sdk] [client] flushing outbox on recovered online {"pending":0}
[2026-09-23T23:20:00.392Z] [pid=1710] [INFO] [EdgeSync] CHANNEL-SDK: [channel-sdk] [client] self-heal reconnect done {"reason":"frozen"}
[2026-09-23T23:20:00.436Z] [pid=1710] [INFO] [EdgeSync] CHANNEL-SDK: [channel-sdk] [ws-transport] connected {"client":"c50cfce0-7155-45ed-9b0e-41c1e5b18314"}
[2026-09-23T23:20:00.437Z] [pid=1710] [INFO] [EdgeSync] CHANNEL-SDK: [channel-sdk] [client] self-heal reconnect done {"reason":"frozen"}
[2026-09-23T23:20:00.437Z] [pid=1710] [INFO] [EdgeSync] CHANNEL-SDK: [channel-sdk] [supervisor] recovered online {"outcome":"grace_recovered"}
[2026-09-23T23:20:00.437Z] [pid=1710] [INFO] [EdgeSync] CHANNEL-SDK: [channel-sdk] [client] flushing outbox on recovered online {"pending":0}
[2026-09-23T23:20:00.481Z] [pid=1710] [INFO] [EdgeSync] CHANNEL-CREDS urls: apisixPublishUrl=https://www.workbuddy.cn/cf-publish/api/publish cfWsUrl=wss://www.workbuddy.cn/cf-connect/websocket
[2026-09-23T23:20:00.482Z] [pid=1710] [INFO] [EdgeSync] CHANNEL-SDK: [channel-sdk] [handshake] token renewed via credManager {"keyVersion":1}
[2026-09-23T23:20:00.483Z] [pid=1710] [INFO] [EdgeSync] CHANNEL-CREDS urls: apisixPublishUrl=https://www.workbuddy.cn/cf-publish/api/publish cfWsUrl=wss://www.workbuddy.cn/cf-connect/websocket
[2026-09-23T23:20:00.483Z] [pid=1710] [INFO] [EdgeSync] CHANNEL-SDK: [channel-sdk] [handshake] token renewed via credManager {"keyVersion":1}
[2026-09-23T23:32:21.756Z] [pid=1710] [INFO] [EdgeSync] CHANNEL-SDK: [channel-sdk] [presence] timer drift detected {"driftMs":731926,"expectedAtMs":1790205609760,"firedAtMs":1790206341686,"frozen":true}
[2026-09-23T23:32:21.763Z] [pid=1710] [ERROR] [EdgeSync] CHANNEL-SDK: [channel-sdk] [presence] degraded: no heartbeat ack for too long {"channel":"user:fdee3d54-95b6-4e9c-aaff-50ad9505aab4:devices","staleMs":3654882,"consecutiveFailures":2,"hint":"lightweight self-heal exhausted; business should rebuild the session"}
[2026-09-23T23:32:21.764Z] [pid=1710] [INFO] [EdgeSync] CHANNEL-SDK: [channel-sdk] [presence] triggering lightweight self-heal {"reason":"frozen","staleMs":3654959}
[2026-09-23T23:32:21.764Z] [pid=1710] [INFO] [EdgeSync] CHANNEL-SDK: [channel-sdk] [ws-transport] forcing reconnect (dropping possibly half-open socket) 
[2026-09-23T23:32:21.764Z] [pid=1710] [INFO] [EdgeSync] CHANNEL-SDK: [channel-sdk] [ws-transport] disconnected {"code":0,"reason":"disconnect called"}
[2026-09-23T23:32:21.765Z] [pid=1710] [ERROR] [EdgeSync] CHANNEL-SDK: [channel-sdk] [client] publish failed {"channel":"user:fdee3d54-95b6-4e9c-aaff-50ad9505aab4:devices","scope":"user","transport":"cf-ws","parts":1,"errorCode":"unknown","elapsedMs":737004,"err":"code=11 message=connection closed"}
[2026-09-23T23:32:21.765Z] [pid=1710] [ERROR] [EdgeSync] CHANNEL-SDK: [channel-sdk] [presence] device.online heartbeat persistently failing — device will be marked offline {"channel":"user:fdee3d54-95b6-4e9c-aaff-50ad9505aab4:devices","reason":"schedule","consecutiveFailures":3,"staleMs":3654961,"err":"code=11 message=connection closed","hint":"half-open WS / publish_proxy rejecting / missing publish permission; watchdog will force a self-heal"}
[2026-09-23T23:32:21.765Z] [pid=1710] [INFO] [EdgeSync] CHANNEL-SDK: [channel-sdk] [presence] timer drift detected {"driftMs":731999,"expectedAtMs":1790205609766,"firedAtMs":1790206341765,"frozen":true}
[2026-09-23T23:32:21.766Z] [pid=1710] [ERROR] [EdgeSync] CHANNEL-SDK: [channel-sdk] [presence] degraded: no heartbeat ack for too long {"channel":"user:fdee3d54-95b6-4e9c-aaff-50ad9505aab4:devices","staleMs":3654967,"consecutiveFailures":2,"hint":"lightweight self-heal exhausted; business should rebuild the session"}
[2026-09-23T23:32:21.766Z] [pid=1710] [INFO] [EdgeSync] CHANNEL-SDK: [channel-sdk] [presence] triggering lightweight self-heal {"reason":"frozen","staleMs":3654968}
[2026-09-23T23:32:21.766Z] [pid=1710] [INFO] [EdgeSync] CHANNEL-SDK: [channel-sdk] [ws-transport] forcing reconnect (dropping possibly half-open socket) 
[2026-09-23T23:32:21.766Z] [pid=1710] [INFO] [EdgeSync] CHANNEL-SDK: [channel-sdk] [ws-transport] disconnected {"code":0,"reason":"disconnect called"}
[2026-09-23T23:32:21.767Z] [pid=1710] [ERROR] [EdgeSync] CHANNEL-SDK: [channel-sdk] [client] publish failed {"channel":"user:fdee3d54-95b6-4e9c-aaff-50ad9505aab4:devices","scope":"user","transport":"cf-ws","parts":1,"errorCode":"unknown","elapsedMs":736999,"err":"code=11 message=connection closed"}
[2026-09-23T23:32:21.767Z] [pid=1710] [ERROR] [EdgeSync] CHANNEL-SDK: [channel-sdk] [presence] device.online heartbeat persistently failing — device will be marked offline {"channel":"user:fdee3d54-95b6-4e9c-aaff-50ad9505aab4:devices","reason":"schedule","consecutiveFailures":3,"staleMs":3654969,"err":"code=11 message=connection closed","hint":"half-open WS / publish_proxy rejecting / missing publish permission; watchdog will force a self-heal"}
[2026-09-23T23:32:22.392Z] [pid=1710] [INFO] [EdgeSync] CHANNEL-SDK: [channel-sdk] [ws-transport] connected {"client":"c4d90e64-a3bb-41a0-8b00-8631b703f4e4"}
[2026-09-23T23:32:22.392Z] [pid=1710] [INFO] [EdgeSync] CHANNEL-SDK: [channel-sdk] [supervisor] recovered online {"outcome":"grace_recovered"}
[2026-09-23T23:32:22.392Z] [pid=1710] [INFO] [EdgeSync] CHANNEL-SDK: [channel-sdk] [client] flushing outbox on recovered online {"pending":0}
[2026-09-23T23:32:22.393Z] [pid=1710] [INFO] [EdgeSync] CHANNEL-SDK: [channel-sdk] [client] self-heal reconnect done {"reason":"frozen"}
[2026-09-23T23:32:22.402Z] [pid=1710] [INFO] [EdgeSync] CHANNEL-SDK: [channel-sdk] [ws-transport] connected {"client":"1961f25a-94f4-4bd2-8470-732055bbb78a"}
[2026-09-23T23:32:22.403Z] [pid=1710] [INFO] [EdgeSync] CHANNEL-SDK: [channel-sdk] [supervisor] recovered online {"outcome":"grace_recovered"}
[2026-09-23T23:32:22.403Z] [pid=1710] [INFO] [EdgeSync] CHANNEL-SDK: [channel-sdk] [client] flushing outbox on recovered online {"pending":0}
[2026-09-23T23:32:22.403Z] [pid=1710] [INFO] [EdgeSync] CHANNEL-SDK: [channel-sdk] [client] self-heal reconnect done {"reason":"frozen"}
[2026-09-23T23:32:26.865Z] [pid=1710] [INFO] [EdgeSync] CHANNEL-SDK: [channel-sdk] [presence] heartbeat recovered {"channel":"user:fdee3d54-95b6-4e9c-aaff-50ad9505aab4:devices","source":"echo","afterFailures":3}
[2026-09-23T23:32:26.878Z] [pid=1710] [INFO] [EdgeSync] CHANNEL-SDK: [channel-sdk] [presence] heartbeat recovered {"channel":"user:fdee3d54-95b6-4e9c-aaff-50ad9505aab4:devices","source":"echo","afterFailures":3}
[2026-09-23T23:50:08.771Z] [pid=1710] [INFO] [EdgeSync] CHANNEL-SDK: [channel-sdk] [presence] timer drift detected {"driftMs":1051895,"expectedAtMs":1790206356773,"firedAtMs":1790207408668,"frozen":true}
[2026-09-23T23:50:08.773Z] [pid=1710] [ERROR] [EdgeSync] CHANNEL-SDK: [channel-sdk] [presence] degraded: no heartbeat ack for too long {"channel":"user:fdee3d54-95b6-4e9c-aaff-50ad9505aab4:devices","staleMs":1061804,"consecutiveFailures":0,"hint":"lightweight self-heal exhausted; business should rebuild the session"}
[2026-09-23T23:50:08.773Z] [pid=1710] [INFO] [EdgeSync] CHANNEL-SDK: [channel-sdk] [presence] triggering lightweight self-heal {"reason":"frozen","staleMs":1061909}
[2026-09-23T23:50:08.773Z] [pid=1710] [INFO] [EdgeSync] CHANNEL-CREDS: fetching userId=fdee3d54-95b6-4e9c-aaff-50ad9505aab4 deviceId=4d6cede0-b354-523b-bf1f-9ad4d9ec28d2 deviceName=MacBook Pro (4) extraScopes=[]
[2026-09-23T23:50:08.774Z] [pid=1710] [INFO] [EdgeSync] CHANNEL-SDK: [channel-sdk] [presence] timer drift detected {"driftMs":1052001,"expectedAtMs":1790206356773,"firedAtMs":1790207408774,"frozen":true}
[2026-09-23T23:50:08.777Z] [pid=1710] [ERROR] [EdgeSync] CHANNEL-SDK: [channel-sdk] [presence] degraded: no heartbeat ack for too long {"channel":"user:fdee3d54-95b6-4e9c-aaff-50ad9505aab4:devices","staleMs":1061897,"consecutiveFailures":0,"hint":"lightweight self-heal exhausted; business should rebuild the session"}
[2026-09-23T23:50:08.778Z] [pid=1710] [INFO] [EdgeSync] CHANNEL-SDK: [channel-sdk] [presence] triggering lightweight self-heal {"reason":"frozen","staleMs":1061900}
[2026-09-23T23:50:08.780Z] [pid=1710] [INFO] [EdgeSync] CHANNEL-CREDS: fetching userId=fdee3d54-95b6-4e9c-aaff-50ad9505aab4 deviceId=4d6cede0-b354-523b-bf1f-9ad4d9ec28d2 deviceName=MacBook Pro (4) extraScopes=[]
[2026-09-23T23:50:09.392Z] [pid=1710] [INFO] [EdgeSync] CHANNEL-CREDS urls: apisixPublishUrl=https://www.workbuddy.cn/cf-publish/api/publish cfWsUrl=wss://www.workbuddy.cn/cf-connect/websocket
[2026-09-23T23:50:09.393Z] [pid=1710] [INFO] [EdgeSync] CHANNEL-SDK: [channel-sdk] [handshake] token renewed via credManager {"keyVersion":1}
[2026-09-23T23:50:09.393Z] [pid=1710] [INFO] [EdgeSync] CHANNEL-SDK: [channel-sdk] [ws-transport] forcing reconnect (dropping possibly half-open socket) 
[2026-09-23T23:50:09.393Z] [pid=1710] [INFO] [EdgeSync] CHANNEL-SDK: [channel-sdk] [ws-transport] disconnected {"code":0,"reason":"disconnect called"}
[2026-09-23T23:50:09.407Z] [pid=1710] [INFO] [EdgeSync] CHANNEL-CREDS urls: apisixPublishUrl=https://www.workbuddy.cn/cf-publish/api/publish cfWsUrl=wss://www.workbuddy.cn/cf-connect/websocket
[2026-09-23T23:50:09.408Z] [pid=1710] [INFO] [EdgeSync] CHANNEL-SDK: [channel-sdk] [handshake] token renewed via credManager {"keyVersion":1}
[2026-09-23T23:50:09.408Z] [pid=1710] [INFO] [EdgeSync] CHANNEL-SDK: [channel-sdk] [ws-transport] forcing reconnect (dropping possibly half-open socket) 
[2026-09-23T23:50:09.408Z] [pid=1710] [INFO] [EdgeSync] CHANNEL-SDK: [channel-sdk] [ws-transport] disconnected {"code":0,"reason":"disconnect called"}
[2026-09-23T23:50:09.664Z] [pid=1710] [INFO] [EdgeSync] CHANNEL-SDK: [channel-sdk] [ws-transport] connected {"client":"151e2ecc-9f34-4406-a7b5-f24dd5adf542"}
[2026-09-23T23:50:09.665Z] [pid=1710] [INFO] [EdgeSync] CHANNEL-SDK: [channel-sdk] [supervisor] recovered online {"outcome":"grace_recovered"}
[2026-09-23T23:50:09.665Z] [pid=1710] [INFO] [EdgeSync] CHANNEL-SDK: [channel-sdk] [client] flushing outbox on recovered online {"pending":0}
[2026-09-23T23:50:09.666Z] [pid=1710] [INFO] [EdgeSync] CHANNEL-SDK: [channel-sdk] [client] self-heal reconnect done {"reason":"frozen"}
[2026-09-23T23:50:09.677Z] [pid=1710] [INFO] [EdgeSync] CHANNEL-SDK: [channel-sdk] [ws-transport] connected {"client":"4e7ec486-6cc6-44b6-ae5b-2b139b646002"}
[2026-09-23T23:50:09.677Z] [pid=1710] [INFO] [EdgeSync] CHANNEL-SDK: [channel-sdk] [supervisor] recovered online {"outcome":"grace_recovered"}
[2026-09-23T23:50:09.678Z] [pid=1710] [INFO] [EdgeSync] CHANNEL-SDK: [channel-sdk] [client] flushing outbox on recovered online {"pending":0}
[2026-09-23T23:50:09.678Z] [pid=1710] [INFO] [EdgeSync] CHANNEL-SDK: [channel-sdk] [client] self-heal reconnect done {"reason":"frozen"}
