Workspace Path: /Users/didi/WorkBuddy/2026-09-24-21-39-57
[9/25/2026, 9:42:31 PM.783] [Warning] [WecomApiClient] Not fully configured for sending. Missing env vars: CODEBUDDY_GATEWAY_WECOM_CORP_ID, CODEBUDDY_GATEWAY_WECOM_CORP_SECRET, CODEBUDDY_GATEWAY_WECOM_AGENT_ID
[9/25/2026, 9:42:31 PM.791] [Warning] [WecomAdapter] Not configured. Missing env vars: CODEBUDDY_GATEWAY_WECOM_TOKEN, CODEBUDDY_GATEWAY_WECOM_ENCODING_AES_KEY, CODEBUDDY_GATEWAY_WECOM_CORP_ID
[9/25/2026, 9:42:31 PM.791] [Warning] [WechatKfApiClient] Not fully configured. Missing env vars: CODEBUDDY_GATEWAY_WECHAT_KF_CORP_ID, CODEBUDDY_GATEWAY_WECHAT_KF_CORP_SECRET
[9/25/2026, 9:42:31 PM.791] [Warning] [WechatKfAdapter] Not configured. Missing env vars: CODEBUDDY_GATEWAY_WECHAT_KF_TOKEN, CODEBUDDY_GATEWAY_WECHAT_KF_ENCODING_AES_KEY, CODEBUDDY_GATEWAY_WECHAT_KF_CORP_ID
[9/25/2026, 9:42:31 PM.791] [Info] [PluginPolicyService]  [MergedPlugins][DEBUG] PluginPolicyService @PostConstruct - calling loadPolicies for the first time
[9/25/2026, 9:42:31 PM.791] [Info] [PluginPolicyService]  [MergedPlugins] Loaded 0 merged plugin entries
[9/25/2026, 9:42:31 PM.791] [Info] [Startup] McpReadyService: headless mode — initializing MCP config (DYNAMIC scope)
[9/25/2026, 9:42:31 PM.791] [Info] [Startup] McpManager.setNonInteractiveMode(true)
[9/25/2026, 9:42:31 PM.791] [Info] [Startup] McpManager: non-interactive projection enabled, calling list()...
[9/25/2026, 9:42:31 PM.791] [Info] [Startup] McpManager.list: starting (scope=all)
[9/25/2026, 9:42:31 PM.791] [Info] [LSPManager]  LSP Manager initialized
[9/25/2026, 9:42:31 PM.791] [Info] [ShellService]  Shell snapshot warmup scheduled in 2000ms
[9/25/2026, 9:42:31 PM.791] [Info] [HotReload] cwd changed to "/Users/didi/WorkBuddy/2026-09-24-21-39-57", rebinding watchers & invalidating project caches
[9/25/2026, 9:42:31 PM.791] [Info] [SubdirectoryMemoryLoader]  Subdirectory memory cache cleared
[9/25/2026, 9:42:31 PM.791] [Info] [MCP] config scope=project changed — scheduling desired revision 1
[9/25/2026, 9:42:31 PM.791] [Info] [MCP] config scope=local changed — scheduling desired revision 2
[9/25/2026, 9:42:31 PM.791] [Info] [RemoteControlLifecycle]  Remote Control module initializing...
[9/25/2026, 9:42:31 PM.791] [Info] [SessionHistoryCleanService]  Session history cleanup service disabled by environment
[9/25/2026, 9:42:31 PM.791] [Info] [CliSvnCommitWatcher]  [CliSvnCommitWatcher] initialize
[9/25/2026, 9:42:31 PM.791] [Info] [CliSvnCommitWatcher]  [CliSvnCommitWatcher] code-adoption-rate not enabled at startup; subscribing for late config push
[9/25/2026, 9:42:31 PM.791] [Info] [CliSettingSourcesProvider]  Setting sources initialized: user -> project -> local
[9/25/2026, 9:42:31 PM.791] [Info] [MCP] reconcile revision=0 started (list)
[9/25/2026, 9:42:31 PM.791] [Info] [Startup] McpConfigManager.list: loading scope=internal
[9/25/2026, 9:42:31 PM.791] [Info] [LSPManager]  Loaded LSP configurations from all enabled plugins
[9/25/2026, 9:42:31 PM.792] [Info] [CliSettingsProvider]  Loaded CLI settings with 3 key(s)
[9/25/2026, 9:42:31 PM.792] [Info] [CliSettingsProvider]  CLI --model option set: kimi-k3-1
[9/25/2026, 9:42:31 PM.793] [Info] [WorkflowMemProbe] installed
[9/25/2026, 9:42:31 PM.793] [Info] [CliSettingsProvider]  CLI settings initialized: {"enabledPlugins":{"welcomemode-work@workbuddy-builtin":true,"interactionmode-craft@workbuddy-builtin":true,"prompt-common@workbuddy-builtin":true},"trustedDirectories":["/Users/didi/WorkBuddy/2026-09-24-21-39-57/**"],"language":"简体中文","model":"kimi-k3-1"}
[9/25/2026, 9:42:31 PM.793] [Info] [Startup] AgentManager.rebuildAgents: START
[9/25/2026, 9:42:31 PM.812] [Info] [CliSettingSourcesProvider]  Setting sources reloaded: user -> project -> local
[9/25/2026, 9:42:31 PM.812] [Info] [Startup] McpConfigManager.list: scope=internal read completed (29ms)
[9/25/2026, 9:42:31 PM.812] [Info] [PromptVarsFileContextInitializer] prompt vars cache miss | file=0a5479d6-a616-4baa-8ade-594ddff67fb1.prompt-vars.json
[9/25/2026, 9:42:31 PM.812] [Info] [CliSettingsProvider]  Loaded CLI settings with 3 key(s)
[9/25/2026, 9:42:31 PM.812] [Info] [CliSettingsProvider]  CLI --model option set: kimi-k3-1
[9/25/2026, 9:42:31 PM.812] [Info] [PluginRuntime] refresh started (startup)
[9/25/2026, 9:42:31 PM.812] [Info] [CliDispatcher]  [Dispatch] entry opts: sessionId=0a5479d6-a616-4baa-8ade-594ddff67fb1 serve=true acp=false permissionMode=bypassPermissions model=kimi-k3-1 agent=N/A systemPromptFile=N/A mcpConfig={"mcpServers":{"connector-proxy":{"type":"http","url":"http://127.0.0.1:50052/mcp","defer_loading":true,"tools":{"present_files":{"defer_loading":false},"connect_cloud_service":{"defer_loading":true,"bare_name":true},"connect_open_platform":{"defer_loading":true,"bare_name":true},"automation_update":{"defer_loading":false},"read_me":{"defer_loading":false},"show_widget":{"defer_loading":false},"conversation_search":{"defer_loading":true,"bare_name":true},"workbuddy_cloudstudio_deploy":{"defer_loading":true,"bare_name":true},"agentic_search":{"defer_loading":true,"bare_name":true},"workbuddy_marketplace_skill":{"defer_loading":true,"bare_name":true},"mcp__agent-mail__upload_attachment":{"defer_loading":true,"bare_name":true},"mcp__agent-mail__download_attachment":{"defer_loading":true,"bare_name":true},"agent-mail_GetMe":{"server_name":"agent-mail"},"agent-mail_ListMessages":{"server_name":"agent-mail"},"agent-mail_GetMessage":{"server_name":"agent-mail"},"agent-mail_SendMessage":{"server_name":"agent-mail"},"agent-mail_ReplyMessage":{"server_name":"agent-mail"},"agent-mail_ForwardMessage":{"server_name":"agent-mail"},"agent-mail_DeleteMessage":{"server_name":"agent-mail"},"agent-mail_PermanentDeleteMessage":{"server_name":"agent-mail"},"agent-mail_ClearTrash":{"server_name":"agent-mail"},"agent-mail_ListAttachments":{"server_name":"agent-mail"},"agent-mail_SearchMessages":{"server_name":"agent-mail"}},"transparent_proxy":true,"builtin_tools":["present_files","connect_cloud_service","connect_open_platform","automation_update","read_me","show_widget","conversation_search","workbuddy_cloudstudio_deploy","agentic_search","workbuddy_marketplace_skill","mcp__agent-mail__upload_attachment","mcp__agent-mail__download_attachment"],"headers":{"Authorization":"Bearer cOfL-tskOzH0GIoU-_2Ciwsc0rZlFnTW6fsU7kmm21Q","X-WorkBuddy-Session-Id":"0a5479d6-a616-4baa-8ade-594ddff67fb1","X-WorkBuddy-Welcome-Mode":"work"}}}} strictMcpConfig=true settingsLen=236 allowedTools=["present_files","read_me","show_widget","connect_cloud_service","connect_open_platform","WebFetch","Bash(mcporter:*)","present_files","read_me","show_widget","connect_cloud_service","connect_open_platform","WebFetch","Bash(mcporter:*)","present_files","read_me","show_widget","connect_cloud_service","connect_open_platform","WebFetch","Bash(mcporter:*)","present_files","read_me","show_widget","connect_cloud_service","connect_open_platform","WebFetch","Bash(mcporter:*)","present_files","read_me","show_widget","connect_cloud_service","connect_open_platform","WebFetch","Bash(mcporter:*)","present_files","read_me","show_widget","connect_cloud_service","connect_open_platform","WebFetch","Bash(mcporter:*)","present_files","read_me","show_widget","connect_cloud_service","connect_open_platform","WebFetch","Bash(mcporter:*)","present_files","read_me","show_widget","connect_cloud_service","connect_open_platform","WebFetch","Bash(mcporter:*)"] port=0 argv=["/Applications/WorkBuddy.app/Contents/MacOS/Electron","/Applications/WorkBuddy.app/Contents/Resources/app.asar.unpacked/cli/bin/codebuddy","--serve","--session-id","0a5479d6-a616-4baa-8ade-594ddff67fb1","--permission-mode","bypassPermissions","--permission-mode-before-plan","bypassPermissions","--allowedTools","present_files","read_me","show_widget","connect_cloud_service","connect_open_platform","WebFetch","Bash(mcporter:*)","--model","kimi-k3-1","--settings","{\"enabledPlugins\":{\"welcomemode-work@workbuddy-builtin\":true,\"interactionmode-craft@workbuddy-builtin\":true,\"prompt-common@workbuddy-builtin\":true},\"trustedDirectories\":[\"/Users/didi/WorkBuddy/2026-09-24-21-39-57/**\"],\"language\":\"简体中文\"}","--mcp-config","{\"mcpServers\":{\"connector-proxy\":{\"type\":\"http\",\"url\":\"http://127.0.0.1:50052/mcp\",\"defer_loading\":true,\"tools\":{\"present_files\":{\"defer_loading\":false},\"connect_cloud_service\":{\"defer_loading\":true,\"bare_name\":true},\"connect_open_platform\":{\"defer_loading\":true,\"bare_name\":true},\"automation_update\":{\"defer_loading\":false},\"read_me\":{\"defer_loading\":false},\"show_widget\":{\"defer_loading\":false},\"conversation_search\":{\"defer_loading\":true,\"bare_name\":true},\"workbuddy_cloudstudio_deploy\":{\"defer_loading\":true,\"bare_name\":true},\"agentic_search\":{\"defer_loading\":true,\"bare_name\":true},\"workbuddy_marketplace_skill\":{\"defer_loading\":true,\"bare_name\":true},\"mcp__agent-mail__upload_attachment\":{\"defer_loading\":true,\"bare_name\":true},\"mcp__agent-mail__download_attachment\":{\"defer_loading\":true,\"bare_name\":true},\"agent-mail_GetMe\":{\"server_name\":\"agent-mail\"},\"agent-mail_ListMessages\":{\"server_name\":\"agent-mail\"},\"agent-mail_GetMessage\":{\"server_name\":\"agent-mail\"},\"agent-mail_SendMessage\":{\"server_name\":\"agent-mail\"},\"agent-mail_ReplyMessage\":{\"server_name\":\"agent-mail\"},\"agent-mail_ForwardMessage\":{\"server_name\":\"agent-mail\"},\"agent-mail_DeleteMessage\":{\"server_name\":\"agent-mail\"},\"agent-mail_PermanentDeleteMessage\":{\"server_name\":\"agent-mail\"},\"agent-mail_ClearTrash\":{\"server_name\":\"agent-mail\"},\"agent-mail_ListAttachments\":{\"server_name\":\"agent-mail\"},\"agent-mail_SearchMessages\":{\"server_name\":\"agent-mail\"}},\"transparent_proxy\":true,\"builtin_tools\":[\"present_files\",\"connect_cloud_service\",\"connect_open_platform\",\"automation_update\",\"read_me\",\"show_widget\",\"conversation_search\",\"workbuddy_cloudstudio_deploy\",\"agentic_search\",\"workbuddy_marketplace_skill\",\"mcp__agent-mail__upload_attachment\",\"mcp__agent-mail__download_attachment\"],\"headers\":{\"Authorization\":\"Bearer cOfL-tskOzH0GIoU-_2Ciwsc0rZlFnTW6fsU7kmm21Q\",\"X-WorkBuddy-Session-Id\":\"0a5479d6-a616-4baa-8ade-594ddff67fb1\",\"X-WorkBuddy-Welcome-Mode\":\"work\"}}}}","--strict-mcp-config","--prompt-vars-file","/var/folders/f3/2gv0jww54zb8r9tg9bk508s00000ks/T/workbuddy-prompt-vars/0a5479d6-a616-4baa-8ade-594ddff67fb1.prompt-vars.json","--port","0"]
[9/25/2026, 9:42:31 PM.812] [Info] [CliDispatcher]  stdin is TTY, skipping stdin read
[9/25/2026, 9:42:31 PM.812] [Info] [ClientProductProvider]  Reading product configuration from /Applications/WorkBuddy.app/Contents/Resources/app.asar.unpacked/cli/product.json
[9/25/2026, 9:42:31 PM.812] [Info] [ClientProductProvider]  Product configuration loaded and cached successfully
[9/25/2026, 9:42:31 PM.812] [Info] [Startup] McpConfigManager.list: loading scope=sdk
[9/25/2026, 9:42:31 PM.812] [Info] [TracingService]  Tracing uses @tencent/galileo-node-sdk global OpenTelemetry provider; @genie OTLP exporter is skipped.
[9/25/2026, 9:42:31 PM.812] [Info] [TracingService]  Tracing config resolved: {"productEnabled":true,"enabledByEnv":false,"endpoint":"https://copilot.tencent.com","galileoEnabled":true}
[9/25/2026, 9:42:31 PM.812] [Info] [CliSettingsProvider]  CLI settings reloaded: {"enabledPlugins":{"welcomemode-work@workbuddy-builtin":true,"interactionmode-craft@workbuddy-builtin":true,"prompt-common@workbuddy-builtin":true},"trustedDirectories":["/Users/didi/WorkBuddy/2026-09-24-21-39-57/**"],"language":"简体中文","model":"kimi-k3-1"}
[9/25/2026, 9:42:31 PM.813] [Info] [Startup] McpConfigManager.list: scope=sdk read completed (14ms)
[9/25/2026, 9:42:31 PM.813] [Info] [Startup] McpConfigManager.list: loading scope=plugin
[9/25/2026, 9:42:31 PM.813] [Info] [Startup] McpConfigManager: reading MCP servers from plugins...
[9/25/2026, 9:42:31 PM.813] [Info] [Startup] McpConfigManager: got 0 active plugins
[9/25/2026, 9:42:31 PM.813] [Info] [Startup] McpConfigManager: total MCP servers from plugins: 0
[9/25/2026, 9:42:31 PM.813] [Info] [Startup] McpConfigManager.list: scope=plugin read completed (1ms)
[9/25/2026, 9:42:31 PM.813] [Info] [Startup] McpConfigManager.list: loading scope=user
[9/25/2026, 9:42:31 PM.813] [Info] [Startup] McpConfigManager.list: scope=user read completed (0ms)
[9/25/2026, 9:42:31 PM.813] [Info] [Startup] McpConfigManager.list: loading scope=project
[9/25/2026, 9:42:31 PM.813] [Info] [Startup] McpConfigManager.list: scope=project read completed (0ms)
[9/25/2026, 9:42:31 PM.813] [Info] [Startup] McpConfigManager.list: loading scope=local
[9/25/2026, 9:42:31 PM.813] [Info] [Startup] McpConfigManager.list: scope=local read completed (0ms)
[9/25/2026, 9:42:31 PM.813] [Info] [Startup] McpConfigManager.list: loading scope=dynamic
[9/25/2026, 9:42:31 PM.813] [Info] [Startup] McpConfigManager.list: scope=dynamic cache hit (0ms)
[9/25/2026, 9:42:31 PM.813] [Info] [MCP] reconcile revision=0 projected (retained=0, pending=1, evicted=0)
[9/25/2026, 9:42:31 PM.814] [Info] [MCP] reconcile revision=1 started (config:project)
[9/25/2026, 9:42:31 PM.814] [Info] [Startup] McpConfigManager.list: loading scope=internal
[9/25/2026, 9:42:31 PM.814] [Info] [Startup] McpConfigManager.list: scope=internal cache hit (0ms)
[9/25/2026, 9:42:31 PM.814] [Info] [Startup] McpConfigManager.list: loading scope=sdk
[9/25/2026, 9:42:31 PM.814] [Info] [Startup] McpConfigManager.list: scope=sdk cache hit (0ms)
[9/25/2026, 9:42:31 PM.814] [Info] [Startup] McpConfigManager.list: loading scope=plugin
[9/25/2026, 9:42:31 PM.814] [Info] [Startup] McpConfigManager.list: scope=plugin cache hit (0ms)
[9/25/2026, 9:42:31 PM.814] [Info] [Startup] McpConfigManager.list: loading scope=user
[9/25/2026, 9:42:31 PM.814] [Info] [Startup] McpConfigManager.list: scope=user cache hit (0ms)
[9/25/2026, 9:42:31 PM.814] [Info] [Startup] McpConfigManager.list: loading scope=project
[9/25/2026, 9:42:31 PM.814] [Info] [Startup] McpConfigManager.list: scope=project cache hit (0ms)
[9/25/2026, 9:42:31 PM.814] [Info] [Startup] McpConfigManager.list: loading scope=local
[9/25/2026, 9:42:31 PM.814] [Info] [Startup] McpConfigManager.list: scope=local cache hit (0ms)
[9/25/2026, 9:42:31 PM.814] [Info] [Startup] McpConfigManager.list: loading scope=dynamic
[9/25/2026, 9:42:31 PM.814] [Info] [Startup] McpConfigManager.list: scope=dynamic cache hit (0ms)
[9/25/2026, 9:42:31 PM.814] [Info] [MCP] reconcile revision=1 projected (retained=1, pending=0, evicted=0)
[9/25/2026, 9:42:31 PM.814] [Info] [MCP] reconcile revision=2 started (config:local)
[9/25/2026, 9:42:31 PM.814] [Info] [Startup] McpConfigManager.list: loading scope=internal
[9/25/2026, 9:42:31 PM.814] [Info] [Startup] McpConfigManager.list: scope=internal cache hit (0ms)
[9/25/2026, 9:42:31 PM.814] [Info] [Startup] McpConfigManager.list: loading scope=sdk
[9/25/2026, 9:42:31 PM.814] [Info] [Startup] McpConfigManager.list: scope=sdk cache hit (0ms)
[9/25/2026, 9:42:31 PM.814] [Info] [Startup] McpConfigManager.list: loading scope=plugin
[9/25/2026, 9:42:31 PM.814] [Info] [Startup] McpConfigManager.list: scope=plugin cache hit (0ms)
[9/25/2026, 9:42:31 PM.814] [Info] [Startup] McpConfigManager.list: loading scope=user
[9/25/2026, 9:42:31 PM.814] [Info] [Startup] McpConfigManager.list: scope=user cache hit (0ms)
[9/25/2026, 9:42:31 PM.814] [Info] [Startup] McpConfigManager.list: loading scope=project
[9/25/2026, 9:42:31 PM.814] [Info] [Startup] McpConfigManager.list: scope=project cache hit (0ms)
[9/25/2026, 9:42:31 PM.814] [Info] [Startup] McpConfigManager.list: loading scope=local
[9/25/2026, 9:42:31 PM.814] [Info] [Startup] McpConfigManager.list: scope=local cache hit (0ms)
[9/25/2026, 9:42:31 PM.814] [Info] [Startup] McpConfigManager.list: loading scope=dynamic
[9/25/2026, 9:42:31 PM.814] [Info] [Startup] McpConfigManager.list: scope=dynamic cache hit (0ms)
[9/25/2026, 9:42:31 PM.814] [Info] [MCP] reconcile revision=2 projected (retained=1, pending=0, evicted=0)
[9/25/2026, 9:42:31 PM.818] [Info] [SandboxAudit] SDK initialized | endpoint=https://xti.qq.com/api/v4/claw/audit | deviceId=4D6CEDE0-B354-523B-BF1F-9AD4D9EC28D2
[9/25/2026, 9:42:31 PM.821] [Info] [RemoteControlApiClient]  API client initialized
[9/25/2026, 9:42:31 PM.821] [Info] [RemoteControlMessageHandler]  Message handler initialized
[9/25/2026, 9:42:31 PM.821] [Info] [CentrifugoClient]  Centrifugo client initialized
[9/25/2026, 9:42:31 PM.821] [Info] [RemoteControlLifecycle]  Registered 1 long connection client(s): centrifugo:default
[9/25/2026, 9:42:31 PM.821] [Info] [RemoteControlService]  Remote Control Service created, deferring async initialization...
[9/25/2026, 9:42:31 PM.821] [Info] [RemoteControlLifecycle]  Remote Control module initialized successfully
[9/25/2026, 9:42:31 PM.822] [Info] [MCP][cacheDbg] status setter: server=connector-proxy pending -> connecting
[9/25/2026, 9:42:31 PM.822] [Info] [MCP][cacheDbg] changedSubject.next #1: server=connector-proxy status=connecting
[9/25/2026, 9:42:31 PM.822] [Info] [MCP][cacheDbg] run#1 ENTER (inflight=1): trigger=connector-proxy status=connecting isActive=false | cacheBefore=[] (size=0)
[9/25/2026, 9:42:31 PM.822] [Info] [MCP][cacheDbg] run#1 activeNow=[] | allServers=[connector-proxy:connecting]
[9/25/2026, 9:42:31 PM.822] [Info] [MCP][cacheDbg] run#1 cache rebuilt: cacheAfter=[] (size=0)
[9/25/2026, 9:42:31 PM.822] [Info] [MCP][cacheDbg] run#1 EXIT (inflight=0)
[9/25/2026, 9:42:31 PM.822] [Info] [MCP][cacheDbg] serverManager.create() set "connector-proxy" | serverCache keys=[connector-proxy]
[9/25/2026, 9:42:31 PM.822] [Info] [MCP][cacheDbg] doConnect START: server=connector-proxy type=http
[9/25/2026, 9:42:31 PM.822] [Info] [Startup] McpConfigManager.list: loading scope=internal
[9/25/2026, 9:42:31 PM.822] [Info] [Startup] McpConfigManager.list: scope=internal cache hit (0ms)
[9/25/2026, 9:42:31 PM.822] [Info] [Startup] McpConfigManager.list: loading scope=sdk
[9/25/2026, 9:42:31 PM.822] [Info] [Startup] McpConfigManager.list: scope=sdk cache hit (0ms)
[9/25/2026, 9:42:31 PM.822] [Info] [Startup] McpConfigManager.list: loading scope=plugin
[9/25/2026, 9:42:31 PM.822] [Info] [Startup] McpConfigManager.list: scope=plugin cache hit (0ms)
[9/25/2026, 9:42:31 PM.822] [Info] [Startup] McpConfigManager.list: loading scope=user
[9/25/2026, 9:42:31 PM.822] [Info] [Startup] McpConfigManager.list: scope=user cache hit (0ms)
[9/25/2026, 9:42:31 PM.822] [Info] [Startup] McpConfigManager.list: loading scope=project
[9/25/2026, 9:42:31 PM.822] [Info] [Startup] McpConfigManager.list: scope=project cache hit (0ms)
[9/25/2026, 9:42:31 PM.822] [Info] [Startup] McpConfigManager.list: loading scope=local
[9/25/2026, 9:42:31 PM.822] [Info] [Startup] McpConfigManager.list: scope=local cache hit (0ms)
[9/25/2026, 9:42:31 PM.822] [Info] [Startup] McpConfigManager.list: loading scope=dynamic
[9/25/2026, 9:42:31 PM.822] [Info] [Startup] McpConfigManager.list: scope=dynamic cache hit (0ms)
[9/25/2026, 9:42:31 PM.825] [Info] [RemoteControlService]  Initializing Remote Control Service...
[9/25/2026, 9:42:31 PM.825] [Info] [MarketplaceStorage]  [MarketplaceStorage] doEnsureConfigFile ensureDir=12ms pathExists=1ms writeFile=0ms total=13ms dir=/Users/didi/.workbuddy/plugins
[9/25/2026, 9:42:31 PM.826] [Info] [PromptVarsFileContextInitializer] prompt vars cache loaded | file=0a5479d6-a616-4baa-8ade-594ddff67fb1.prompt-vars.json | variableCount=32
[9/25/2026, 9:42:31 PM.835] [Info] [AuthenticationSessionListener] [auth_success: 青石]  认证成功,执行 Notification 钩子:
[9/25/2026, 9:42:31 PM.835] [Info] [AuthenticationManager]  [00000000000000000000000000000000] Start refresh session...
[9/25/2026, 9:42:31 PM.840] [Info] [PTY Service] WebSocket server initialized on HTTP upgrade
[9/25/2026, 9:42:31 PM.840] [Info] [ACP Server] HTTP Server ready, auto-starting streamable-http mode
[9/25/2026, 9:42:31 PM.841] [Info] [GatewayAuth]  Auth enabled (mode: password)
[9/25/2026, 9:42:31 PM.846] [Info] [HotReload] Watching 3 paths for changes
[9/25/2026, 9:42:31 PM.852] [Info] [MarketplaceStorage]  [MarketplaceStorage] getMarketplaces ensureConfigFile=13ms readAndRepair=27ms migration=0ms total=40ms count=5 path=/Users/didi/.workbuddy/plugins/known_marketplaces.json
[9/25/2026, 9:42:31 PM.853] [Info] [BuiltInMarketplaceProvider]  Found 2 built-in marketplace(s)
[9/25/2026, 9:42:31 PM.856] [Info] [AgentManager] runtime cli agent view ready: 19 agents (used for registration and Agent tool descriptions)
[9/25/2026, 9:42:31 PM.856] [Info] [Startup] McpReadyService.waitForServersReady: config projection triggered; network connections continue asynchronously
[9/25/2026, 9:42:31 PM.857] [Info] [Startup] McpReadyService.waitForServersReady: config projection triggered; network connections continue asynchronously
[9/25/2026, 9:42:31 PM.857] [Info] [Startup] McpReadyService.waitForServersReady: config projection triggered; network connections continue asynchronously
[9/25/2026, 9:42:31 PM.858] [Info] [Startup] McpManager.list: starting (scope=all)
[9/25/2026, 9:42:31 PM.858] [Info] [Startup] McpManager.list: starting (scope=all)
[9/25/2026, 9:42:31 PM.858] [Info] [Startup] McpManager.list: starting (scope=all)
[9/25/2026, 9:42:31 PM.858] [Info] [MCP][cacheDbg] getConnectedServers() called: nonInteractive=true waitForSettle=false cacheNow=[] allServers=[connector-proxy:connecting]
[9/25/2026, 9:42:31 PM.858] [Info] [MCP][cacheDbg] getConnectedServers() returning: [] (size=0)
[9/25/2026, 9:42:31 PM.858] [Info] [MCP][cacheDbg] getConnectedServers() called: nonInteractive=true waitForSettle=false cacheNow=[] allServers=[connector-proxy:connecting]
[9/25/2026, 9:42:31 PM.858] [Info] [MCP][cacheDbg] getConnectedServers() returning: [] (size=0)
[9/25/2026, 9:42:31 PM.858] [Info] [MCP][cacheDbg] getConnectedServers() called: nonInteractive=true waitForSettle=false cacheNow=[] allServers=[connector-proxy:connecting]
[9/25/2026, 9:42:31 PM.858] [Info] [MCP][cacheDbg] getConnectedServers() returning: [] (size=0)
[9/25/2026, 9:42:31 PM.858] [Info] [MCP][buildMcpServers] wait breakdown: waitForServersReady=1ms getConnectedServers=0ms
[9/25/2026, 9:42:31 PM.858] [Info] [MCP][buildMcpServers] connected servers=[] (count=0)
[9/25/2026, 9:42:31 PM.858] [Info] [MCP][buildMcpServers] wait breakdown: waitForServersReady=1ms getConnectedServers=0ms
[9/25/2026, 9:42:31 PM.858] [Info] [MCP][buildMcpServers] connected servers=[] (count=0)
[9/25/2026, 9:42:31 PM.858] [Info] [MCP][registerAgent] agent=contextSummary mcpServers=[] (count=0) grantMcpAccess=false
[9/25/2026, 9:42:31 PM.858] [Info] [MCP][registerAgent] agent=contentAnalyzer mcpServers=[] (count=0) grantMcpAccess=false
[9/25/2026, 9:42:31 PM.858] [Info] [MCP][registerAgent] agent=terminalTitleGenerator mcpServers=[] (count=0) grantMcpAccess=false
[9/25/2026, 9:42:31 PM.858] [Info] [MCP][registerAgent] agent=promptSuggestion mcpServers=[] (count=0) grantMcpAccess=false
[9/25/2026, 9:42:31 PM.858] [Info] [MCP][registerAgent] agent=memorySelector mcpServers=[] (count=0) grantMcpAccess=false
[9/25/2026, 9:42:31 PM.858] [Info] [MCP][registerAgent] agent=summaryGenerator mcpServers=[] (count=0) grantMcpAccess=false
[9/25/2026, 9:42:31 PM.858] [Info] [MCP][registerAgent] agent=autoModeClassifier mcpServers=[] (count=0) grantMcpAccess=false
[9/25/2026, 9:42:31 PM.858] [Info] [MCP][registerAgent] agent=promptHookEvaluator mcpServers=[] (count=0) grantMcpAccess=false
[9/25/2026, 9:42:31 PM.858] [Info] [MCP][registerAgent] agent=insightsAnalyzer mcpServers=[] (count=0) grantMcpAccess=false
[9/25/2026, 9:42:31 PM.858] [Info] [MCP][registerAgent] agent=agentInstructions mcpServers=[] (count=0) grantMcpAccess=false
[9/25/2026, 9:42:31 PM.858] [Info] [MCP][buildMcpServers] wait breakdown: waitForServersReady=1ms getConnectedServers=0ms
[9/25/2026, 9:42:31 PM.858] [Info] [MCP][buildMcpServers] connected servers=[] (count=0)
[9/25/2026, 9:42:31 PM.858] [Info] [GatewayCors]  CORS allowed origins: [http://127.0.0.1:60200, http://localhost:60200, http://[::1]:60200]
[9/25/2026, 9:42:31 PM.859] [Info] [RemoteControlService]  Remote Control baseUrl resolution: ENV_REMOTE_CONTROL_BASE_URL=(not set), SETTINGS_REMOTE_CONTROL_BASE_URL=(not set), ENV_CODEBUDDY_BASE_URL=(not set), DEFAULT=https://tencent.sso.codebuddy.cn/v2, finalBaseUrl=https://tencent.sso.codebuddy.cn/v2
[9/25/2026, 9:42:31 PM.859] [Info] [RemoteControlService]  Generated hostId: ecc508c7-67bc-412f-bf6c-44e82ab61135
[9/25/2026, 9:42:31 PM.859] [Info] [RemoteControlApiClient]  Config set, baseUrl: https://tencent.sso.codebuddy.cn/v2
[9/25/2026, 9:42:31 PM.859] [Info] [RemoteControlService]  Initialized, enabled: true, hostId: ecc508c7-67bc-412f-bf6c-44e82ab61135
[9/25/2026, 9:42:31 PM.859] [Info] [RemoteControlService]  User logged in, starting remote control service...
[9/25/2026, 9:42:31 PM.859] [Info] [RemoteControlService]  Starting remote control service...
[9/25/2026, 9:42:31 PM.859] [Info] [RemoteControlService]  Remote control service started
[9/25/2026, 9:42:31 PM.862] [Info] [AcpConnectionGuard]  Setup complete: maxConnections=32, tokenTtlMs=86400000
[9/25/2026, 9:42:31 PM.862] [Info] [ACP Server] Creating AgentSideConnection for connectionId=stdio-main
[9/25/2026, 9:42:31 PM.862] [Info] [ACP Server] Setting connection on agent, connectionId=stdio-main
[9/25/2026, 9:42:31 PM.862] [Info] [AcpAgentManager]  Agent registered: stdio-main
[9/25/2026, 9:42:31 PM.862] [Info] [ACP Server] Agent registered for connectionId=stdio-main
[9/25/2026, 9:42:31 PM.864] [Info] [MCP][cacheDbg] status setter: server=connector-proxy connecting -> connected
[9/25/2026, 9:42:31 PM.864] [Info] [MCP][cacheDbg] changedSubject.next #2: server=connector-proxy status=connected
[9/25/2026, 9:42:31 PM.864] [Info] [MCP][cacheDbg] doConnect OK: server=connector-proxy elapsed=41ms
[9/25/2026, 9:42:31 PM.864] [Info] [MCP][cacheDbg] run#2 ENTER (inflight=1): trigger=connector-proxy status=connected isActive=true | cacheBefore=[] (size=0)
[9/25/2026, 9:42:31 PM.864] [Info] Indexing deferred tools for server: connector-proxy
[9/25/2026, 9:42:31 PM.864] [Info] [ProxyResolver] L0 PAC: https://copilot.tencent.com/v2/plugin/auth/token/refresh → DIRECT
[9/25/2026, 9:42:31 PM.871] [Info] [ClientInternetEnviromentProductProvider]  Reading product configuration from /Applications/WorkBuddy.app/Contents/Resources/app.asar.unpacked/cli/product.internal.json
[9/25/2026, 9:42:31 PM.871] [Info] [ClientInternetEnviromentProductProvider]  Product configuration for environment 'internal' loaded and cached successfully
[9/25/2026, 9:42:31 PM.872] [Info] [GitInfoCollector]  CODEBUDDY_GIT_REPO_SCAN_DISABLED 1
[9/25/2026, 9:42:31 PM.872] [Info] [GitInfoCollector]  Git repository scan is disabled via CODEBUDDY_GIT_REPO_SCAN_DISABLED environment variable
[9/25/2026, 9:42:31 PM.872] [Info] [WorkerRegistryLifecycle]  Worker registered with endpoint: http://127.0.0.1:60200
[9/25/2026, 9:42:31 PM.875] [Info] [ProxyResolver] L0 PAC: https://copilot.tencent.com/v3/config → DIRECT
[9/25/2026, 9:42:31 PM.887] [Info] starting POST /api/v1/acp/connect
[9/25/2026, 9:42:31 PM.894] [Info] [AcpConnectionGuard]  Token issued for connectionId=67b1a48d-af81-4c18-b67b-5eb2143b1b10, active=1/32
[9/25/2026, 9:42:31 PM.894] [Info] [GatewayAudit]  [AUDIT] connection.open from=127.0.0.1 conn=67b1a48d
[9/25/2026, 9:42:31 PM.894] [Info] [ACP Server] Creating AgentSideConnection for connectionId=67b1a48d-af81-4c18-b67b-5eb2143b1b10
[9/25/2026, 9:42:31 PM.894] [Info] [ACP Server] Setting connection on agent, connectionId=67b1a48d-af81-4c18-b67b-5eb2143b1b10
[9/25/2026, 9:42:31 PM.894] [Info] [AcpAgentManager]  Agent registered: 67b1a48d-af81-4c18-b67b-5eb2143b1b10
[9/25/2026, 9:42:31 PM.894] [Info] [ACP Server] Agent registered for connectionId=67b1a48d-af81-4c18-b67b-5eb2143b1b10
[9/25/2026, 9:42:31 PM.894] [Info] ending POST /api/v1/acp/connect [8ms]
[9/25/2026, 9:42:31 PM.903] [Info] [MCP][cacheDbg] run#2 activeNow=[connector-proxy] | allServers=[connector-proxy:connected]
[9/25/2026, 9:42:31 PM.903] [Info] [MCP][cacheDbg] run#2 cache rebuilt: cacheAfter=[connector-proxy] (size=1)
[9/25/2026, 9:42:31 PM.903] [Info] [Startup] McpReadyService.resolve: marked resolved
[9/25/2026, 9:42:31 PM.903] [Info] [MCP][cacheDbg] run#2 EXIT (inflight=0)
[9/25/2026, 9:42:31 PM.905] [Info] starting GET /api/v1/acp
[9/25/2026, 9:42:31 PM.906] [Info] ending GET /api/v1/acp [2ms]
[9/25/2026, 9:42:31 PM.909] [Info] starting POST /api/v1/acp
[9/25/2026, 9:42:31 PM.914] [Info] [ACP StreamManager] handlePost: hasPrompt=false, inFlightPromptCount=0, messages=initialize
[9/25/2026, 9:42:31 PM.914] [Info] [ACP StreamManager] handlePost: Creating stream 0cdfa355-61e4-4309-bcf8-294f23d2ed1b for requests
[9/25/2026, 9:42:31 PM.914] [Info] [ACP StreamManager] handlePost: Mapped request id=1 (method=initialize) to stream 0cdfa355-61e4-4309-bcf8-294f23d2ed1b
[9/25/2026, 9:42:31 PM.914] [Info] [ACP StreamManager] handlePost: After mapping, requestToStreamMapping keys=[1]
[9/25/2026, 9:42:31 PM.914] [Info] [ACP Agent] initialize() called
[9/25/2026, 9:42:31 PM.914] [Info] [ACP Agent] initialize() returning response
[9/25/2026, 9:42:31 PM.915] [Info] [ACP StreamManager] sendToClient: Sending response for request 1
[9/25/2026, 9:42:31 PM.915] [Info] [ACP StreamManager] sendToClient: requestToStreamMapping size=1, keys=[1]
[9/25/2026, 9:42:31 PM.915] [Info] [ACP StreamManager] sendToClient: Found stream 0cdfa355-61e4-4309-bcf8-294f23d2ed1b for request 1
[9/25/2026, 9:42:31 PM.915] [Info] [ACP StreamManager] sendToClient: stream exists=true, writableEnded=false
[9/25/2026, 9:42:31 PM.915] [Info] [ACP StreamManager] sendToClient: Writing SSE event to stream 0cdfa355-61e4-4309-bcf8-294f23d2ed1b
[9/25/2026, 9:42:31 PM.915] [Info] [ACP StreamManager] sendToClient: SSE event written successfully
[9/25/2026, 9:42:31 PM.915] [Info] [ACP StreamManager] scheduleStreamClose: Scheduling delayed close for stream 0cdfa355-61e4-4309-bcf8-294f23d2ed1b (0ms)
[9/25/2026, 9:42:31 PM.915] [Info] ending POST /api/v1/acp [8ms]
[9/25/2026, 9:42:31 PM.916] [Info] [ACP StreamManager] scheduleStreamClose: Delayed close timer fired for stream 0cdfa355-61e4-4309-bcf8-294f23d2ed1b
[9/25/2026, 9:42:31 PM.916] [Info] [ACP StreamManager] handlePost: Stream 0cdfa355-61e4-4309-bcf8-294f23d2ed1b closed
[9/25/2026, 9:42:31 PM.918] [Info] starting POST /api/v1/acp
[9/25/2026, 9:42:31 PM.920] [Info] [ACP StreamManager] handlePost: hasPrompt=false, inFlightPromptCount=0, messages=session/resume
[9/25/2026, 9:42:31 PM.920] [Info] [ACP StreamManager] handlePost: Creating stream 76282e1e-b181-4f34-a308-8cd077a69298 for requests
[9/25/2026, 9:42:31 PM.920] [Info] [ACP StreamManager] handlePost: Mapped request id=2 (method=session/resume) to stream 76282e1e-b181-4f34-a308-8cd077a69298
[9/25/2026, 9:42:31 PM.920] [Info] [ACP StreamManager] handlePost: After mapping, requestToStreamMapping keys=[2]
[9/25/2026, 9:42:31 PM.920] [Info] [ACP Agent] unstable_resumeSession() called, sessionId=0a5479d6-a616-4baa-8ade-594ddff67fb1
[9/25/2026, 9:42:31 PM.920] [Info] [ACP Agent] initializeSession: type=resume, sessionId=0a5479d6-a616-4baa-8ade-594ddff67fb1
[9/25/2026, 9:42:31 PM.920] [Info] [ACP Agent] initializeSession: sending request to http://127.0.0.1:60200/internal/agent
[9/25/2026, 9:42:31 PM.920] [Info] ending POST /api/v1/acp [3ms]
[9/25/2026, 9:42:31 PM.922] [Info] starting POST /internal/agent
[9/25/2026, 9:42:31 PM.923] [Info] [Startup] SessionMiddleware.handle: START
[9/25/2026, 9:42:31 PM.923] [Info] [SessionMiddleware] getOrCreateSession: sessionId=0a5479d6-a616-4baa-8ade-594ddff67fb1, forkSession=undefined, resume=undefined
[9/25/2026, 9:42:31 PM.923] [Info] [SessionMiddleware] findExistingSession called with sessionId: 0a5479d6-a616-4baa-8ade-594ddff67fb1, shouldContinue: undefined
[9/25/2026, 9:42:31 PM.924] [Info] [PluginManager]  Loaded 5 marketplaces (2 built-in) total=111ms storage=40ms builtIn=0ms autoUpdate=8ms
[9/25/2026, 9:42:31 PM.926] [Info] [MemoryLoader]  No memory rules loaded
[9/25/2026, 9:42:31 PM.950] [Info] [Startup] McpConfigManager.list: loading scope=internal
[9/25/2026, 9:42:31 PM.950] [Info] [Startup] McpConfigManager.list: scope=internal cache hit (0ms)
[9/25/2026, 9:42:31 PM.950] [Info] [Startup] McpConfigManager.list: loading scope=internal
[9/25/2026, 9:42:31 PM.950] [Info] [Startup] McpConfigManager.list: scope=internal cache hit (0ms)
[9/25/2026, 9:42:31 PM.950] [Info] [Startup] McpConfigManager.list: loading scope=internal
[9/25/2026, 9:42:31 PM.950] [Info] [Startup] McpConfigManager.list: scope=internal cache hit (0ms)
[9/25/2026, 9:42:31 PM.950] [Info] [Startup] McpConfigManager.list: loading scope=internal
[9/25/2026, 9:42:31 PM.950] [Info] [Startup] McpConfigManager.list: scope=internal cache hit (0ms)
[9/25/2026, 9:42:31 PM.950] [Info] [Startup] McpConfigManager.list: loading scope=internal
[9/25/2026, 9:42:31 PM.950] [Info] [Startup] McpConfigManager.list: scope=internal cache hit (1ms)
[9/25/2026, 9:42:31 PM.950] [Info] [Startup] McpConfigManager.list: loading scope=sdk
[9/25/2026, 9:42:31 PM.950] [Info] [Startup] McpConfigManager.list: scope=sdk cache hit (0ms)
[9/25/2026, 9:42:31 PM.950] [Info] [Startup] McpConfigManager.list: loading scope=sdk
[9/25/2026, 9:42:31 PM.950] [Info] [Startup] McpConfigManager.list: scope=sdk cache hit (0ms)
[9/25/2026, 9:42:31 PM.950] [Info] [Startup] McpConfigManager.list: loading scope=sdk
[9/25/2026, 9:42:31 PM.950] [Info] [Startup] McpConfigManager.list: scope=sdk cache hit (0ms)
[9/25/2026, 9:42:31 PM.950] [Info] [Startup] McpConfigManager.list: loading scope=sdk
[9/25/2026, 9:42:31 PM.950] [Info] [Startup] McpConfigManager.list: scope=sdk cache hit (0ms)
[9/25/2026, 9:42:31 PM.950] [Info] [Startup] McpConfigManager.list: loading scope=sdk
[9/25/2026, 9:42:31 PM.950] [Info] [Startup] McpConfigManager.list: scope=sdk cache hit (0ms)
[9/25/2026, 9:42:31 PM.950] [Info] [DeferredToolBridge] registered globalThis.__codebuddyResolveDeferredTool
[9/25/2026, 9:42:31 PM.950] [Info] [Startup] McpConfigManager.list: loading scope=plugin
[9/25/2026, 9:42:31 PM.950] [Info] [Startup] McpConfigManager.list: scope=plugin cache hit (0ms)
[9/25/2026, 9:42:31 PM.950] [Info] [Startup] McpConfigManager.list: loading scope=plugin
[9/25/2026, 9:42:31 PM.950] [Info] [Startup] McpConfigManager.list: scope=plugin cache hit (0ms)
[9/25/2026, 9:42:31 PM.950] [Info] [Startup] McpConfigManager.list: loading scope=plugin
[9/25/2026, 9:42:31 PM.950] [Info] [Startup] McpConfigManager.list: scope=plugin cache hit (0ms)
[9/25/2026, 9:42:31 PM.950] [Info] [Startup] McpConfigManager.list: loading scope=plugin
[9/25/2026, 9:42:31 PM.950] [Info] [Startup] McpConfigManager.list: scope=plugin cache hit (0ms)
[9/25/2026, 9:42:31 PM.950] [Info] [Startup] McpConfigManager.list: loading scope=plugin
[9/25/2026, 9:42:31 PM.950] [Info] [Startup] McpConfigManager.list: scope=plugin cache hit (0ms)
[9/25/2026, 9:42:31 PM.950] [Info] [Startup] McpConfigManager.list: loading scope=user
[9/25/2026, 9:42:31 PM.950] [Info] [Startup] McpConfigManager.list: scope=user cache hit (0ms)
[9/25/2026, 9:42:31 PM.950] [Info] [Startup] McpConfigManager.list: loading scope=user
[9/25/2026, 9:42:31 PM.950] [Info] [Startup] McpConfigManager.list: scope=user cache hit (0ms)
[9/25/2026, 9:42:31 PM.950] [Info] [Startup] McpConfigManager.list: loading scope=user
[9/25/2026, 9:42:31 PM.950] [Info] [Startup] McpConfigManager.list: scope=user cache hit (0ms)
[9/25/2026, 9:42:31 PM.950] [Info] [Startup] McpConfigManager.list: loading scope=user
[9/25/2026, 9:42:31 PM.950] [Info] [Startup] McpConfigManager.list: scope=user cache hit (0ms)
[9/25/2026, 9:42:31 PM.950] [Info] [Startup] McpConfigManager.list: loading scope=user
[9/25/2026, 9:42:31 PM.950] [Info] [Startup] McpConfigManager.list: scope=user cache hit (0ms)
[9/25/2026, 9:42:31 PM.950] [Info] [Startup] McpConfigManager.list: loading scope=project
[9/25/2026, 9:42:31 PM.950] [Info] [Startup] McpConfigManager.list: scope=project cache hit (0ms)
[9/25/2026, 9:42:31 PM.950] [Info] [Startup] McpConfigManager.list: loading scope=project
[9/25/2026, 9:42:31 PM.950] [Info] [Startup] McpConfigManager.list: scope=project cache hit (0ms)
[9/25/2026, 9:42:31 PM.950] [Info] [Startup] McpConfigManager.list: loading scope=project
[9/25/2026, 9:42:31 PM.950] [Info] [Startup] McpConfigManager.list: scope=project cache hit (0ms)
[9/25/2026, 9:42:31 PM.950] [Info] [Startup] McpConfigManager.list: loading scope=project
[9/25/2026, 9:42:31 PM.950] [Info] [Startup] McpConfigManager.list: scope=project cache hit (0ms)
[9/25/2026, 9:42:31 PM.950] [Info] [Startup] McpConfigManager.list: loading scope=project
[9/25/2026, 9:42:31 PM.950] [Info] [Startup] McpConfigManager.list: scope=project cache hit (0ms)
[9/25/2026, 9:42:31 PM.950] [Info] [Startup] McpConfigManager.list: loading scope=local
[9/25/2026, 9:42:31 PM.950] [Info] [Startup] McpConfigManager.list: scope=local cache hit (0ms)
[9/25/2026, 9:42:31 PM.951] [Info] [Startup] McpConfigManager.list: loading scope=local
[9/25/2026, 9:42:31 PM.951] [Info] [Startup] McpConfigManager.list: scope=local cache hit (0ms)
[9/25/2026, 9:42:31 PM.951] [Info] [Startup] McpConfigManager.list: loading scope=local
[9/25/2026, 9:42:31 PM.951] [Info] [Startup] McpConfigManager.list: scope=local cache hit (0ms)
[9/25/2026, 9:42:31 PM.951] [Info] [Startup] McpConfigManager.list: loading scope=local
[9/25/2026, 9:42:31 PM.951] [Info] [Startup] McpConfigManager.list: scope=local cache hit (0ms)
[9/25/2026, 9:42:31 PM.951] [Info] [Startup] McpConfigManager.list: loading scope=local
[9/25/2026, 9:42:31 PM.951] [Info] [Startup] McpConfigManager.list: scope=local cache hit (0ms)
[9/25/2026, 9:42:31 PM.951] [Info] [Startup] McpManager.list: starting (scope=all)
[9/25/2026, 9:42:31 PM.951] [Info] [Startup] McpManager.list: starting (scope=all)
[9/25/2026, 9:42:31 PM.951] [Info] [Startup] McpManager.list: starting (scope=all)
[9/25/2026, 9:42:31 PM.951] [Info] [Startup] McpManager.list: starting (scope=all)
[9/25/2026, 9:42:31 PM.951] [Info] [Startup] McpManager.list: starting (scope=all)
[9/25/2026, 9:42:31 PM.951] [Info] [PromptVarsFileContextInitializer] prompt vars cache hit | file=0a5479d6-a616-4baa-8ade-594ddff67fb1.prompt-vars.json | variableCount=32
[9/25/2026, 9:42:31 PM.963] [Info] [MCP][registerAgent] agent=compact mcpServers=[] (count=0) grantMcpAccess=false
[9/25/2026, 9:42:31 PM.964] [Info] [MCP][registerAgent] agent=pulse mcpServers=[] (count=0) grantMcpAccess=false
[9/25/2026, 9:42:31 PM.964] [Info] [MCP][registerAgent] agent=handoff-summary mcpServers=[] (count=0) grantMcpAccess=false
[9/25/2026, 9:42:31 PM.964] [Info] [MCP][registerAgent] agent=enhance-prompt mcpServers=[] (count=0) grantMcpAccess=false
[9/25/2026, 9:42:31 PM.967] [Info] [SessionMiddleware] sessionManager.get(0a5479d6-a616-4baa-8ade-594ddff67fb1) returned: found, history length: 13
[9/25/2026, 9:42:31 PM.967] [Info] [SessionMiddleware] Found existing session, returning it
[9/25/2026, 9:42:31 PM.967] [Info] [Startup] SessionMiddleware.handle: getOrCreateSession completed in 45ms (source=resume)
[9/25/2026, 9:42:31 PM.968] [Info] [MCP][registerAgent] agent=statusline-setup mcpServers=[] (count=0) grantMcpAccess=false
[9/25/2026, 9:42:31 PM.969] [Info] [MCP][registerAgent] agent=Plan mcpServers=[] (count=0) grantMcpAccess=false
[9/25/2026, 9:42:31 PM.969] [Info] [MCP][registerAgent] agent=cli mcpServers=[connector-proxy] (count=1) grantMcpAccess=true
[9/25/2026, 9:42:31 PM.969] [Info] [MCP][registerAgent] agent=general-purpose mcpServers=[connector-proxy] (count=1) grantMcpAccess=true
[9/25/2026, 9:42:31 PM.969] [Info] [MCP][registerAgent] agent=Explore mcpServers=[connector-proxy] (count=1) grantMcpAccess=true
[9/25/2026, 9:42:31 PM.969] [Info] [Startup] AgentManager.rebuildAgents: completed in 187ms, resolving readyDeferred
[9/25/2026, 9:42:31 PM.971] [Info] [SandboxExecPolicy] user rules reloaded | allow=0 forbidden=0
[9/25/2026, 9:42:31 PM.972] [Info] [Startup] SessionMiddleware.handle: initializeContext completed in 4ms
[9/25/2026, 9:42:31 PM.972] [Info] [Startup] SessionMiddleware.handle: executionSessionStartHook fired in 0ms (async, not awaited)
[9/25/2026, 9:42:31 PM.972] [Info] [Startup] SessionMiddleware.handle: updatePermissionMode completed in 0ms
[9/25/2026, 9:42:31 PM.972] [Info] [WorkerRegistryLifecycle]  Worker PID file synced with session UUID: 0a5479d6-a616-4baa-8ade-594ddff67fb1
[9/25/2026, 9:42:31 PM.972] [Info] [TerminalTitleUpdater]  Terminal title updated to: 了解美联储降息动态
[9/25/2026, 9:42:31 PM.972] [Info] [GatewayAcpBridge]  [setPrimarySession] Primary session set: 0a5479d6-a616-4baa-8ade-594ddff67fb1
[9/25/2026, 9:42:31 PM.973] [Info] [waitFor] Registered mainSession: id=0a5479d6-a616-4baa-8ade-594ddff67fb1, meta=null
[9/25/2026, 9:42:31 PM.973] [Info] [Startup] SessionMiddleware.handle: pre-next() total=50ms, calling next()
[9/25/2026, 9:42:31 PM.973] [Info] SessionAbortMiddleware: Starting to handle request
[9/25/2026, 9:42:31 PM.973] [Info] SessionAbortMiddleware: Skipping for ACP session 0a5479d6-a616-4baa-8ade-594ddff67fb1
[9/25/2026, 9:42:31 PM.973] [Info] [Startup] McpManager.setNonInteractiveMode(true)
[9/25/2026, 9:42:31 PM.973] [Info] [Startup] McpManager: non-interactive projection enabled, calling list()...
[9/25/2026, 9:42:31 PM.973] [Info] [Startup] McpManager.list: starting (scope=all)
[9/25/2026, 9:42:31 PM.973] [Info] [MCP] config scope=dynamic changed — scheduling desired revision 3
[9/25/2026, 9:42:31 PM.973] [Info] [MCP] reconcile revision=3 started (config:dynamic)
[9/25/2026, 9:42:31 PM.973] [Info] [Startup] McpConfigManager.list: loading scope=internal
[9/25/2026, 9:42:31 PM.973] [Info] [Startup] McpConfigManager.list: scope=internal cache hit (0ms)
[9/25/2026, 9:42:31 PM.973] [Info] [Startup] McpConfigManager.list: loading scope=sdk
[9/25/2026, 9:42:31 PM.973] [Info] [Startup] McpConfigManager.list: scope=sdk cache hit (0ms)
[9/25/2026, 9:42:31 PM.973] [Info] [Startup] McpConfigManager.list: loading scope=plugin
[9/25/2026, 9:42:31 PM.973] [Info] [Startup] McpConfigManager.list: scope=plugin cache hit (0ms)
[9/25/2026, 9:42:31 PM.973] [Info] [Startup] McpConfigManager.list: loading scope=user
[9/25/2026, 9:42:31 PM.973] [Info] [Startup] McpConfigManager.list: scope=user cache hit (0ms)
[9/25/2026, 9:42:31 PM.973] [Info] [Startup] McpConfigManager.list: loading scope=project
[9/25/2026, 9:42:31 PM.973] [Info] [Startup] McpConfigManager.list: scope=project cache hit (0ms)
[9/25/2026, 9:42:31 PM.973] [Info] [Startup] McpConfigManager.list: loading scope=local
[9/25/2026, 9:42:31 PM.973] [Info] [Startup] McpConfigManager.list: scope=local cache hit (0ms)
[9/25/2026, 9:42:31 PM.973] [Info] [Startup] McpConfigManager.list: loading scope=dynamic
[9/25/2026, 9:42:31 PM.973] [Info] [Startup] McpConfigManager.list: scope=dynamic cache hit (0ms)
[9/25/2026, 9:42:31 PM.973] [Info] [MCP] reconcile revision=3 projected (retained=1, pending=0, evicted=0)
[9/25/2026, 9:42:31 PM.974] [Info] [Startup] AgentController.run: received request (print=undefined, hasPrompt=false)
[9/25/2026, 9:42:31 PM.975] [Info] [AcpView]  Got agent for connectionId: 67b1a48d-af81-4c18-b67b-5eb2143b1b10
[9/25/2026, 9:42:31 PM.975] [Info] [AcpView]  Processing session request: type=resume, sessionId=0a5479d6-a616-4baa-8ade-594ddff67fb1
[9/25/2026, 9:42:31 PM.975] [Info] [ACP Agent] setSession called for session 0a5479d6-a616-4baa-8ade-594ddff67fb1
[9/25/2026, 9:42:31 PM.975] [Info] [ACP Agent] initializeSession: session received: 0a5479d6-a616-4baa-8ade-594ddff67fb1
[9/25/2026, 9:42:31 PM.975] [Info] [ACP Agent] getModelsInfo: START
[9/25/2026, 9:42:31 PM.975] [Info] [ACP Agent] getModelsInfo: got defaultAgent=cli
[9/25/2026, 9:42:31 PM.975] [Info] [ACP Agent] getModelsInfo: got 17 models
[9/25/2026, 9:42:31 PM.975] [Info] [ACP Agent] getModelsInfo: sessionId=0a5479d6-a616-4baa-8ade-594ddff67fb1, currentModelId=kimi-k3-1, reqOptModel=<none>, optModel=kimi-k3-1
[9/25/2026, 9:42:31 PM.975] [Info] [ACP Agent] getModelsInfo: END, returning 17 models
[9/25/2026, 9:42:31 PM.976] [Info] [ACP Agent] getModelsInfo: START
[9/25/2026, 9:42:31 PM.976] [Info] [ACP Agent] getModelsInfo: got defaultAgent=cli
[9/25/2026, 9:42:31 PM.976] [Info] [ACP Agent] getModelsInfo: got 17 models
[9/25/2026, 9:42:31 PM.976] [Info] [ACP Agent] getModelsInfo: sessionId=0a5479d6-a616-4baa-8ade-594ddff67fb1, currentModelId=kimi-k3-1, reqOptModel=<none>, optModel=kimi-k3-1
[9/25/2026, 9:42:31 PM.976] [Info] [ACP Agent] getModelsInfo: END, returning 17 models
[9/25/2026, 9:42:31 PM.977] [Info] [ACP Agent] getModelsInfo: START
[9/25/2026, 9:42:31 PM.977] [Info] [ACP Agent] getModelsInfo: got defaultAgent=cli
[9/25/2026, 9:42:31 PM.977] [Info] [ACP Agent] getModelsInfo: got 17 models
[9/25/2026, 9:42:31 PM.977] [Info] [ACP Agent] getModelsInfo: sessionId=0a5479d6-a616-4baa-8ade-594ddff67fb1, currentModelId=kimi-k3-1, reqOptModel=<none>, optModel=kimi-k3-1
[9/25/2026, 9:42:31 PM.977] [Info] [ACP Agent] getModelsInfo: END, returning 17 models
[9/25/2026, 9:42:31 PM.979] [Info] [ACP Agent] unstable_resumeSession() returning response
[9/25/2026, 9:42:31 PM.981] [Info] [ACP Agent] workspace_info sent: sessionId=0a5479d6-a616-4baa-8ade-594ddff67fb1 isGitWorkspace=false isProjectionActive=undefined
[9/25/2026, 9:42:31 PM.988] [Info] [AcpUsagePublisher]  [AcpUsagePublisher] credit consumed source=resume_session sessionId=0a5479d6-a616-4baa-8ade-594ddff67fb1 requestId=unknown messageId=17b384355317415b9752139bc886af13 credit=5.06
[9/25/2026, 9:42:31 PM.988] [Info] [ACP StreamManager] sendToClient: Sending response for request 2
[9/25/2026, 9:42:31 PM.988] [Info] [ACP StreamManager] sendToClient: requestToStreamMapping size=1, keys=[2]
[9/25/2026, 9:42:31 PM.988] [Info] [ACP StreamManager] sendToClient: Found stream 76282e1e-b181-4f34-a308-8cd077a69298 for request 2
[9/25/2026, 9:42:31 PM.988] [Info] [ACP StreamManager] sendToClient: stream exists=true, writableEnded=false
[9/25/2026, 9:42:31 PM.988] [Info] [ACP StreamManager] sendToClient: Writing SSE event to stream 76282e1e-b181-4f34-a308-8cd077a69298
[9/25/2026, 9:42:31 PM.988] [Info] [ACP StreamManager] sendToClient: SSE event written successfully
[9/25/2026, 9:42:31 PM.988] [Info] [ACP StreamManager] scheduleStreamClose: Scheduling delayed close for stream 76282e1e-b181-4f34-a308-8cd077a69298 (0ms)
[9/25/2026, 9:42:31 PM.989] [Info] [ACP StreamManager] scheduleStreamClose: Delayed close timer fired for stream 76282e1e-b181-4f34-a308-8cd077a69298
[9/25/2026, 9:42:31 PM.989] [Info] [ACP StreamManager] handlePost: Stream 76282e1e-b181-4f34-a308-8cd077a69298 closed
[9/25/2026, 9:42:31 PM.990] [Info] starting POST /api/v1/acp
[9/25/2026, 9:42:31 PM.992] [Info] [ACP StreamManager] handlePost: hasPrompt=false, inFlightPromptCount=0, messages=session/set_config_option
[9/25/2026, 9:42:31 PM.992] [Info] [ACP StreamManager] handlePost: Creating stream b9289620-5a0a-486a-ba7e-21ff47f4c086 for requests
[9/25/2026, 9:42:31 PM.992] [Info] [ACP StreamManager] handlePost: Mapped request id=3 (method=session/set_config_option) to stream b9289620-5a0a-486a-ba7e-21ff47f4c086
[9/25/2026, 9:42:31 PM.992] [Info] [ACP StreamManager] handlePost: After mapping, requestToStreamMapping keys=[3]
[9/25/2026, 9:42:31 PM.992] [Info] [ACP Agent] setSessionConfigOption called: configId=sandbox, value=true
[9/25/2026, 9:42:31 PM.992] [Info] [CliSettingsProvider]  CLI setting updated: sandbox = {"enabled":true}
[9/25/2026, 9:42:31 PM.992] [Info] [ACP Agent] Applied sandbox.enabled=true to session-level settings for session 0a5479d6-a616-4baa-8ade-594ddff67fb1
[9/25/2026, 9:42:31 PM.992] [Info] [AcpView]  Config changed: sandbox = true
[9/25/2026, 9:42:31 PM.992] [Info] ending POST /api/v1/acp [2ms]
[9/25/2026, 9:42:31 PM.992] [Info] [ACP Agent] getModelsInfo: START
[9/25/2026, 9:42:31 PM.992] [Info] [ACP Agent] getModelsInfo: got defaultAgent=cli
[9/25/2026, 9:42:31 PM.992] [Info] [ACP Agent] getModelsInfo: got 17 models
[9/25/2026, 9:42:31 PM.992] [Info] [ACP Agent] getModelsInfo: sessionId=0a5479d6-a616-4baa-8ade-594ddff67fb1, currentModelId=kimi-k3-1, reqOptModel=<none>, optModel=kimi-k3-1
[9/25/2026, 9:42:31 PM.992] [Info] [ACP Agent] getModelsInfo: END, returning 17 models
[9/25/2026, 9:42:31 PM.993] [Info] [ACP Agent] getModelsInfo: START
[9/25/2026, 9:42:31 PM.993] [Info] [ACP Agent] getModelsInfo: got defaultAgent=cli
[9/25/2026, 9:42:31 PM.993] [Info] [ACP Agent] getModelsInfo: got 17 models
[9/25/2026, 9:42:31 PM.993] [Info] [ACP Agent] getModelsInfo: sessionId=0a5479d6-a616-4baa-8ade-594ddff67fb1, currentModelId=kimi-k3-1, reqOptModel=<none>, optModel=kimi-k3-1
[9/25/2026, 9:42:31 PM.993] [Info] [ACP Agent] getModelsInfo: END, returning 17 models
[9/25/2026, 9:42:31 PM.994] [Info] [ACP StreamManager] sendToClient: Sending response for request 3
[9/25/2026, 9:42:31 PM.994] [Info] [ACP StreamManager] sendToClient: requestToStreamMapping size=1, keys=[3]
[9/25/2026, 9:42:31 PM.994] [Info] [ACP StreamManager] sendToClient: Found stream b9289620-5a0a-486a-ba7e-21ff47f4c086 for request 3
[9/25/2026, 9:42:31 PM.994] [Info] [ACP StreamManager] sendToClient: stream exists=true, writableEnded=false
[9/25/2026, 9:42:31 PM.994] [Info] [ACP StreamManager] sendToClient: Writing SSE event to stream b9289620-5a0a-486a-ba7e-21ff47f4c086
[9/25/2026, 9:42:31 PM.994] [Info] [ACP StreamManager] sendToClient: SSE event written successfully
[9/25/2026, 9:42:31 PM.994] [Info] [ACP StreamManager] scheduleStreamClose: Scheduling delayed close for stream b9289620-5a0a-486a-ba7e-21ff47f4c086 (0ms)
[9/25/2026, 9:42:31 PM.995] [Info] [ACP StreamManager] scheduleStreamClose: Delayed close timer fired for stream b9289620-5a0a-486a-ba7e-21ff47f4c086
[9/25/2026, 9:42:31 PM.995] [Info] [ACP StreamManager] handlePost: Stream b9289620-5a0a-486a-ba7e-21ff47f4c086 closed
[9/25/2026, 9:42:31 PM.995] [Info] starting POST /api/v1/acp
[9/25/2026, 9:42:31 PM.996] [Info] [ACP StreamManager] handlePost: hasPrompt=false, inFlightPromptCount=0, messages=session/set_mode
[9/25/2026, 9:42:31 PM.996] [Info] [ACP StreamManager] handlePost: Creating stream 971b0f63-cc8d-41fb-995e-d15525f50138 for requests
[9/25/2026, 9:42:31 PM.996] [Info] [ACP StreamManager] handlePost: Mapped request id=4 (method=session/set_mode) to stream 971b0f63-cc8d-41fb-995e-d15525f50138
[9/25/2026, 9:42:31 PM.996] [Info] [ACP StreamManager] handlePost: After mapping, requestToStreamMapping keys=[4]
[9/25/2026, 9:42:31 PM.996] [Info] [ACP Agent] setSessionMode called: sessionId=0a5479d6-a616-4baa-8ade-594ddff67fb1, modeId=bypassPermissions
[9/25/2026, 9:42:31 PM.996] [Info] [AcpView]  Applying mode bypassPermissions to session 0a5479d6-a616-4baa-8ade-594ddff67fb1
[9/25/2026, 9:42:31 PM.996] [Info] [AcpView]  Config changed: mode = bypassPermissions
[9/25/2026, 9:42:31 PM.997] [Info] [ACP StreamManager] sendToClient: Sending response for request 4
[9/25/2026, 9:42:31 PM.997] [Info] [ACP StreamManager] sendToClient: requestToStreamMapping size=1, keys=[4]
[9/25/2026, 9:42:31 PM.997] [Info] [ACP StreamManager] sendToClient: Found stream 971b0f63-cc8d-41fb-995e-d15525f50138 for request 4
[9/25/2026, 9:42:31 PM.997] [Info] [ACP StreamManager] sendToClient: stream exists=true, writableEnded=false
[9/25/2026, 9:42:31 PM.997] [Info] [ACP StreamManager] sendToClient: Writing SSE event to stream 971b0f63-cc8d-41fb-995e-d15525f50138
[9/25/2026, 9:42:31 PM.997] [Info] [ACP StreamManager] sendToClient: SSE event written successfully
[9/25/2026, 9:42:31 PM.997] [Info] [ACP StreamManager] scheduleStreamClose: Scheduling delayed close for stream 971b0f63-cc8d-41fb-995e-d15525f50138 (0ms)
[9/25/2026, 9:42:31 PM.997] [Info] ending POST /api/v1/acp [2ms]
[9/25/2026, 9:42:31 PM.997] [Info] [ACP Agent] getModelsInfo: START
[9/25/2026, 9:42:31 PM.998] [Info] [ACP Agent] getModelsInfo: got defaultAgent=cli
[9/25/2026, 9:42:31 PM.998] [Info] [ACP Agent] getModelsInfo: got 17 models
[9/25/2026, 9:42:31 PM.998] [Info] [ACP Agent] getModelsInfo: sessionId=0a5479d6-a616-4baa-8ade-594ddff67fb1, currentModelId=kimi-k3-1, reqOptModel=<none>, optModel=kimi-k3-1
[9/25/2026, 9:42:31 PM.998] [Info] [ACP Agent] getModelsInfo: END, returning 17 models
[9/25/2026, 9:42:31 PM.998] [Info] [ACP StreamManager] flushDelayedStreamClose: Flushing delayed close for stream 971b0f63-cc8d-41fb-995e-d15525f50138
[9/25/2026, 9:42:31 PM.998] [Info] [ACP StreamManager] handlePost: Stream 971b0f63-cc8d-41fb-995e-d15525f50138 closed
[9/25/2026, 9:42:32 PM.040] [Info] [PluginManager]  Checking for built-in marketplaces to install...
[9/25/2026, 9:42:32 PM.040] [Info] [BuiltInMarketplaceProvider]  Found 2 built-in marketplace(s)
[9/25/2026, 9:42:32 PM.040] [Info] [PluginManager]  Found 2 built-in marketplace(s)
[9/25/2026, 9:42:32 PM.042] [Info] [MarketplaceStorage]  [MarketplaceStorage] getMarketplaces ensureConfigFile=0ms readAndRepair=1ms migration=0ms total=2ms count=5 path=/Users/didi/.workbuddy/plugins/known_marketplaces.json
[9/25/2026, 9:42:32 PM.042] [Info] [PluginManager]  All built-in marketplaces are already installed
[9/25/2026, 9:42:32 PM.042] [Info] [PluginManager]  Checking for marketplaces to install from settings...
[9/25/2026, 9:42:32 PM.042] [Info] [PluginManager]  No new marketplaces to install from settings
[9/25/2026, 9:42:32 PM.043] [Info] [MarketplaceStorage]  [MarketplaceStorage] getMarketplaces ensureConfigFile=0ms readAndRepair=1ms migration=0ms total=1ms count=5 path=/Users/didi/.workbuddy/plugins/known_marketplaces.json
[9/25/2026, 9:42:32 PM.043] [Info] [BuiltInMarketplaceProvider]  Found 2 built-in marketplace(s)
[9/25/2026, 9:42:32 PM.046] [Info] [PluginManager]  Loaded 5 marketplaces (2 built-in) total=3ms storage=1ms builtIn=0ms autoUpdate=0ms
[9/25/2026, 9:42:32 PM.046] [Info] [PluginManager]  Checking for missing enabled plugins...
[9/25/2026, 9:42:32 PM.051] [Info] [PluginManager]  All enabled plugins are already installed
[9/25/2026, 9:42:32 PM.067] [Info] [CloudProductManager]  fetch cloud product success, agents(1): cli, models(53): auto,fast-model,balanced-model,deep-model,hy3,hy3-b,hy3-c,hy3-x,hy4-preview,hy4-preview-f,minimax-m2.5,glm-5v-turbo,glm-5.3,glm-5.3-flash,glm-5.2,glm-5.1,glm-5.0-turbo,glm-4.6v,kimi-k3-1,kimi-k2.8-preview,kimi-k2.7,kimi-k2.6,kimi-k2.5,kimi-k2-thinking,minimax-m3,minimax-m2.7,glm-4.6,deepseek-v4-flash,deepseek-v4.1-flash,deepseek-v4-pro,deepseek-v3-2-volc,deepseek-v3-1-volc,deepseek-v3-1-lkeap,deepseek-v3-1,deepseek-v3-0324-lkeap,deepseek-r1-0528-lkeap,kimi-k2-instruct-taiji,completion-gf,default-1.1,hunyuan-3b,hunyuan-7b-dense,codewise-completions,codewise-rewrite,codewise-nes-a4-027-aide,codewise-jump,deepseek-r1-0528,deepseek-v3-0324-taco-completion,deepseek-v3-0324,default-1.2,hunyuan-2.0-instruct,hunyuan-chat,hunyuan-image-alpha,hunyuan-image-alpha-edit
[9/25/2026, 9:42:32 PM.067] [Info] [CloudProductManager]  Fetched configuration from remote [194ms]
[9/25/2026, 9:42:32 PM.073] [Info] [PluginManager]  Loaded 13 installed plugins total=21ms
[9/25/2026, 9:42:32 PM.110] [Info] [PluginsProductProvider.provide] active=0, ids=[]
[9/25/2026, 9:42:32 PM.110] [Info] [MCP][cacheDbg] getConnectedServers() called: nonInteractive=true waitForSettle=false cacheNow=[connector-proxy] allServers=[connector-proxy:connected]
[9/25/2026, 9:42:32 PM.110] [Info] [MCP][cacheDbg] getConnectedServers() returning: [connector-proxy] (size=1)
[9/25/2026, 9:42:32 PM.115] [Info] [CustomModelsProductProvider] productName=WorkBuddy, isWorkBuddy=true, userConfigPath=/Users/didi/.workbuddy/models.json
[9/25/2026, 9:42:32 PM.115] [Info] Loaded custom models config from user: /Users/didi/.workbuddy/models.json
[9/25/2026, 9:42:32 PM.115] [Info] [ModelsProductProvider] enterpriseId: undefined, endpoint: https://copilot.tencent.com
[9/25/2026, 9:42:32 PM.115] [Warning] [ModelsProductProvider] enterpriseId is missing, skipping models API call
[9/25/2026, 9:42:32 PM.116] [Info] [AgentModelResolver] product config input: 54 models, 19 agents
[9/25/2026, 9:42:32 PM.116] [Info] [AgentModelResolver] model ids: auto, fast-model, balanced-model, deep-model, hy3, hy3-b, hy3-c, hy3-x, hy4-preview, hy4-preview-f, minimax-m2.5, glm-5v-turbo, glm-5.3, glm-5.3-flash, glm-5.2, glm-5.1, glm-5.0-turbo, glm-4.6v, kimi-k3-1, kimi-k2.8-preview, kimi-k2.7, kimi-k2.6, kimi-k2.5, kimi-k2-thinking, minimax-m3, minimax-m2.7, glm-4.6, deepseek-v4-flash, deepseek-v4.1-flash, deepseek-v4-pro, deepseek-v3-2-volc, deepseek-v3-1-volc, deepseek-v3-1-lkeap, deepseek-v3-1, deepseek-v3-0324-lkeap, deepseek-r1-0528-lkeap, kimi-k2-instruct-taiji, completion-gf, default-1.1, hunyuan-3b, hunyuan-7b-dense, codewise-completions, codewise-rewrite, codewise-nes-a4-027-aide, codewise-jump, deepseek-r1-0528, deepseek-v3-0324-taco-completion, deepseek-v3-0324, default-1.2, hunyuan-2.0-instruct, hunyuan-chat, hunyuan-image-alpha, hunyuan-image-alpha-edit, custom-local:kimi-k3
[9/25/2026, 9:42:32 PM.116] [Info] [AgentModelResolver] agent "cli" original_models=["auto","hy4-preview-f","hy3","hy3-x","deepseek-v4.1-flash","glm-5.3","glm-5.3-flash","glm-5.2","glm-5.1","glm-5v-turbo","minimax-m3","kimi-k3-1","kimi-k2.8-preview","kimi-k2.7","kimi-k2.6","deepseek-v4-pro"] -> resolved_models=["auto","hy4-preview-f","hy3","hy3-x","deepseek-v4.1-flash","glm-5.3","glm-5.3-flash","glm-5.2","glm-5.1","glm-5v-turbo","minimax-m3","kimi-k3-1","kimi-k2.8-preview","kimi-k2.7","kimi-k2.6","deepseek-v4-pro"]
[9/25/2026, 9:42:32 PM.116] [Info] [AgentModelResolver] agent "general-purpose" original_models=[] -> resolved_models=[]
[9/25/2026, 9:42:32 PM.116] [Info] [AgentModelResolver] agent "compact" original_models=[] -> resolved_models=[]
[9/25/2026, 9:42:32 PM.116] [Info] [AgentModelResolver] agent "contextSummary" original_models=[] -> resolved_models=[]
[9/25/2026, 9:42:32 PM.116] [Info] [AgentModelResolver] agent "contentAnalyzer" original_models=[] -> resolved_models=[]
[9/25/2026, 9:42:32 PM.116] [Info] [AgentModelResolver] agent "terminalTitleGenerator" original_models=[] -> resolved_models=[]
[9/25/2026, 9:42:32 PM.116] [Info] [AgentModelResolver] agent "promptSuggestion" original_models=[] -> resolved_models=[]
[9/25/2026, 9:42:32 PM.116] [Info] [AgentModelResolver] agent "memorySelector" original_models=["lite"] -> resolved_models=["lite"]
[9/25/2026, 9:42:32 PM.116] [Info] [AgentModelResolver] agent "summaryGenerator" original_models=[] -> resolved_models=[]
[9/25/2026, 9:42:32 PM.116] [Info] [AgentModelResolver] agent "autoModeClassifier" original_models=[] -> resolved_models=[]
[9/25/2026, 9:42:32 PM.116] [Info] [AgentModelResolver] agent "promptHookEvaluator" original_models=["lite"] -> resolved_models=["lite"]
[9/25/2026, 9:42:32 PM.116] [Info] [AgentModelResolver] agent "insightsAnalyzer" original_models=[] -> resolved_models=[]
[9/25/2026, 9:42:32 PM.116] [Info] [AgentModelResolver] agent "agentInstructions" original_models=[] -> resolved_models=[]
[9/25/2026, 9:42:32 PM.116] [Info] [AgentModelResolver] agent "statusline-setup" original_models=[] -> resolved_models=[]
[9/25/2026, 9:42:32 PM.116] [Info] [AgentModelResolver] agent "Explore" original_models=["lite"] -> resolved_models=["lite"]
[9/25/2026, 9:42:32 PM.116] [Info] [AgentModelResolver] agent "Plan" original_models=[] -> resolved_models=[]
[9/25/2026, 9:42:32 PM.116] [Info] [AgentModelResolver] agent "pulse" original_models=[] -> resolved_models=[]
[9/25/2026, 9:42:32 PM.116] [Info] [AgentModelResolver] agent "handoff-summary" original_models=undefined -> resolved_models=[]
[9/25/2026, 9:42:32 PM.116] [Info] [AgentModelResolver] agent "enhance-prompt" original_models=[] -> resolved_models=[]
[9/25/2026, 9:42:32 PM.127] [Info] [PluginPolicyService]  [MergedPlugins][DEBUG] ProductManager.onDidChange fired, reloading policies...
[9/25/2026, 9:42:32 PM.127] [Info] [PluginPolicyService]  [MergedPlugins][DEBUG] Current config builtInMarketPluginsMerge: [{"autoEnable":true,"marketplaceName":"codebuddy-plugins-official","name":"agent-browser","scope":"user"}]
[9/25/2026, 9:42:32 PM.127] [Info] [PluginPolicyService]  [MergedPlugins] Loaded 1 merged plugin entries
[9/25/2026, 9:42:32 PM.127] [Info] [PluginPolicyService]  [MergedPlugins] Merged plugins changed, firing onDidChange
[9/25/2026, 9:42:32 PM.127] [Info] [Startup] AgentManager.rebuildAgents: START
[9/25/2026, 9:42:32 PM.132] [Info] [AgentManager] runtime cli agent view ready: 19 agents (used for registration and Agent tool descriptions)
[9/25/2026, 9:42:32 PM.132] [Info] [Startup] McpReadyService.waitForServersReady: config projection triggered; network connections continue asynchronously
[9/25/2026, 9:42:32 PM.132] [Info] [Startup] McpReadyService.waitForServersReady: config projection triggered; network connections continue asynchronously
[9/25/2026, 9:42:32 PM.132] [Info] [Startup] McpReadyService.waitForServersReady: config projection triggered; network connections continue asynchronously
[9/25/2026, 9:42:32 PM.132] [Info] [Startup] McpManager.list: starting (scope=all)
[9/25/2026, 9:42:32 PM.132] [Info] [Startup] McpManager.list: starting (scope=all)
[9/25/2026, 9:42:32 PM.133] [Info] [Startup] McpConfigManager.list: loading scope=internal
[9/25/2026, 9:42:32 PM.133] [Info] [Startup] McpConfigManager.list: scope=internal cache hit (0ms)
[9/25/2026, 9:42:32 PM.133] [Info] [Startup] McpManager.list: starting (scope=all)
[9/25/2026, 9:42:32 PM.133] [Info] [Startup] McpConfigManager.list: loading scope=internal
[9/25/2026, 9:42:32 PM.133] [Info] [Startup] McpConfigManager.list: scope=internal cache hit (0ms)
[9/25/2026, 9:42:32 PM.133] [Info] [MCP][cacheDbg] getConnectedServers() called: nonInteractive=true waitForSettle=false cacheNow=[connector-proxy] allServers=[connector-proxy:connected]
[9/25/2026, 9:42:32 PM.133] [Info] [MCP][cacheDbg] getConnectedServers() returning: [connector-proxy] (size=1)
[9/25/2026, 9:42:32 PM.133] [Info] [MCP][cacheDbg] getConnectedServers() called: nonInteractive=true waitForSettle=false cacheNow=[connector-proxy] allServers=[connector-proxy:connected]
[9/25/2026, 9:42:32 PM.133] [Info] [MCP][cacheDbg] getConnectedServers() returning: [connector-proxy] (size=1)
[9/25/2026, 9:42:32 PM.133] [Info] [Startup] McpConfigManager.list: loading scope=sdk
[9/25/2026, 9:42:32 PM.133] [Info] [Startup] McpConfigManager.list: scope=sdk cache hit (0ms)
[9/25/2026, 9:42:32 PM.133] [Info] [MCP][cacheDbg] getConnectedServers() called: nonInteractive=true waitForSettle=false cacheNow=[connector-proxy] allServers=[connector-proxy:connected]
[9/25/2026, 9:42:32 PM.133] [Info] [MCP][cacheDbg] getConnectedServers() returning: [connector-proxy] (size=1)
[9/25/2026, 9:42:32 PM.133] [Info] [Startup] McpConfigManager.list: loading scope=sdk
[9/25/2026, 9:42:32 PM.133] [Info] [Startup] McpConfigManager.list: scope=sdk cache hit (0ms)
[9/25/2026, 9:42:32 PM.133] [Info] [MCP][buildMcpServers] wait breakdown: waitForServersReady=1ms getConnectedServers=0ms
[9/25/2026, 9:42:32 PM.133] [Info] [MCP][buildMcpServers] connected servers=[connector-proxy] (count=1)
[9/25/2026, 9:42:32 PM.133] [Info] [MCP][buildMcpServers] wait breakdown: waitForServersReady=1ms getConnectedServers=0ms
[9/25/2026, 9:42:32 PM.133] [Info] [MCP][buildMcpServers] connected servers=[connector-proxy] (count=1)
[9/25/2026, 9:42:32 PM.134] [Info] [MCP][registerAgent] agent=contextSummary mcpServers=[] (count=0) grantMcpAccess=false
[9/25/2026, 9:42:32 PM.134] [Info] [MCP][registerAgent] agent=contentAnalyzer mcpServers=[] (count=0) grantMcpAccess=false
[9/25/2026, 9:42:32 PM.134] [Info] [MCP][registerAgent] agent=terminalTitleGenerator mcpServers=[] (count=0) grantMcpAccess=false
[9/25/2026, 9:42:32 PM.134] [Info] [MCP][registerAgent] agent=promptSuggestion mcpServers=[] (count=0) grantMcpAccess=false
[9/25/2026, 9:42:32 PM.134] [Info] [MCP][registerAgent] agent=memorySelector mcpServers=[] (count=0) grantMcpAccess=false
[9/25/2026, 9:42:32 PM.134] [Info] [MCP][registerAgent] agent=summaryGenerator mcpServers=[] (count=0) grantMcpAccess=false
[9/25/2026, 9:42:32 PM.134] [Info] [MCP][registerAgent] agent=autoModeClassifier mcpServers=[] (count=0) grantMcpAccess=false
[9/25/2026, 9:42:32 PM.134] [Info] [MCP][registerAgent] agent=promptHookEvaluator mcpServers=[] (count=0) grantMcpAccess=false
[9/25/2026, 9:42:32 PM.134] [Info] [MCP][registerAgent] agent=insightsAnalyzer mcpServers=[] (count=0) grantMcpAccess=false
[9/25/2026, 9:42:32 PM.134] [Info] [MCP][registerAgent] agent=agentInstructions mcpServers=[] (count=0) grantMcpAccess=false
[9/25/2026, 9:42:32 PM.134] [Info] [Startup] McpConfigManager.list: loading scope=plugin
[9/25/2026, 9:42:32 PM.134] [Info] [Startup] McpConfigManager.list: scope=plugin cache hit (0ms)
[9/25/2026, 9:42:32 PM.134] [Info] [MCP][buildMcpServers] wait breakdown: waitForServersReady=0ms getConnectedServers=1ms
[9/25/2026, 9:42:32 PM.134] [Info] [MCP][buildMcpServers] connected servers=[connector-proxy] (count=1)
[9/25/2026, 9:42:32 PM.134] [Info] [Startup] McpConfigManager.list: loading scope=plugin
[9/25/2026, 9:42:32 PM.134] [Info] [Startup] McpConfigManager.list: scope=plugin cache hit (0ms)
[9/25/2026, 9:42:32 PM.134] [Info] [Startup] McpConfigManager.list: loading scope=user
[9/25/2026, 9:42:32 PM.134] [Info] [Startup] McpConfigManager.list: scope=user cache hit (0ms)
[9/25/2026, 9:42:32 PM.134] [Info] [Startup] McpConfigManager.list: loading scope=user
[9/25/2026, 9:42:32 PM.134] [Info] [Startup] McpConfigManager.list: scope=user cache hit (0ms)
[9/25/2026, 9:42:32 PM.134] [Info] [Startup] McpConfigManager.list: loading scope=internal
[9/25/2026, 9:42:32 PM.134] [Info] [Startup] McpConfigManager.list: scope=internal cache hit (0ms)
[9/25/2026, 9:42:32 PM.134] [Info] [Startup] McpConfigManager.list: loading scope=internal
[9/25/2026, 9:42:32 PM.134] [Info] [Startup] McpConfigManager.list: scope=internal cache hit (0ms)
[9/25/2026, 9:42:32 PM.134] [Info] [Startup] McpConfigManager.list: loading scope=project
[9/25/2026, 9:42:32 PM.134] [Info] [Startup] McpConfigManager.list: scope=project cache hit (0ms)
[9/25/2026, 9:42:32 PM.134] [Info] [Startup] McpConfigManager.list: loading scope=internal
[9/25/2026, 9:42:32 PM.134] [Info] [Startup] McpConfigManager.list: scope=internal cache hit (0ms)
[9/25/2026, 9:42:32 PM.134] [Info] [Startup] McpConfigManager.list: loading scope=project
[9/25/2026, 9:42:32 PM.134] [Info] [Startup] McpConfigManager.list: scope=project cache hit (0ms)
[9/25/2026, 9:42:32 PM.134] [Info] [Startup] McpConfigManager.list: loading scope=sdk
[9/25/2026, 9:42:32 PM.134] [Info] [Startup] McpConfigManager.list: scope=sdk cache hit (0ms)
[9/25/2026, 9:42:32 PM.135] [Info] [Startup] McpConfigManager.list: loading scope=sdk
[9/25/2026, 9:42:32 PM.135] [Info] [Startup] McpConfigManager.list: scope=sdk cache hit (0ms)
[9/25/2026, 9:42:32 PM.135] [Info] [Startup] McpConfigManager.list: loading scope=local
[9/25/2026, 9:42:32 PM.135] [Info] [Startup] McpConfigManager.list: scope=local cache hit (0ms)
[9/25/2026, 9:42:32 PM.135] [Info] [Startup] McpConfigManager.list: loading scope=sdk
[9/25/2026, 9:42:32 PM.135] [Info] [Startup] McpConfigManager.list: scope=sdk cache hit (0ms)
[9/25/2026, 9:42:32 PM.135] [Info] [Startup] McpConfigManager.list: loading scope=local
[9/25/2026, 9:42:32 PM.135] [Info] [Startup] McpConfigManager.list: scope=local cache hit (0ms)
[9/25/2026, 9:42:32 PM.135] [Info] [Startup] McpConfigManager.list: loading scope=plugin
[9/25/2026, 9:42:32 PM.135] [Info] [Startup] McpConfigManager.list: scope=plugin cache hit (0ms)
[9/25/2026, 9:42:32 PM.135] [Info] [Startup] McpConfigManager.list: loading scope=plugin
[9/25/2026, 9:42:32 PM.135] [Info] [Startup] McpConfigManager.list: scope=plugin cache hit (0ms)
[9/25/2026, 9:42:32 PM.135] [Info] [Startup] McpConfigManager.list: loading scope=plugin
[9/25/2026, 9:42:32 PM.135] [Info] [Startup] McpConfigManager.list: scope=plugin cache hit (0ms)
[9/25/2026, 9:42:32 PM.135] [Info] [Startup] McpConfigManager.list: loading scope=user
[9/25/2026, 9:42:32 PM.135] [Info] [Startup] McpConfigManager.list: scope=user cache hit (0ms)
[9/25/2026, 9:42:32 PM.135] [Info] [Startup] McpConfigManager.list: loading scope=user
[9/25/2026, 9:42:32 PM.135] [Info] [Startup] McpConfigManager.list: scope=user cache hit (0ms)
[9/25/2026, 9:42:32 PM.135] [Info] [Startup] McpManager.list: starting (scope=all)
[9/25/2026, 9:42:32 PM.135] [Info] [Startup] McpConfigManager.list: loading scope=user
[9/25/2026, 9:42:32 PM.135] [Info] [Startup] McpConfigManager.list: scope=user cache hit (0ms)
[9/25/2026, 9:42:32 PM.135] [Info] [Startup] McpManager.list: starting (scope=all)
[9/25/2026, 9:42:32 PM.135] [Info] [Startup] McpConfigManager.list: loading scope=project
[9/25/2026, 9:42:32 PM.135] [Info] [Startup] McpConfigManager.list: scope=project cache hit (0ms)
[9/25/2026, 9:42:32 PM.135] [Info] [Startup] McpConfigManager.list: loading scope=project
[9/25/2026, 9:42:32 PM.135] [Info] [Startup] McpConfigManager.list: scope=project cache hit (0ms)
[9/25/2026, 9:42:32 PM.135] [Info] [Startup] McpConfigManager.list: loading scope=project
[9/25/2026, 9:42:32 PM.135] [Info] [Startup] McpConfigManager.list: scope=project cache hit (0ms)
[9/25/2026, 9:42:32 PM.135] [Info] [Startup] McpConfigManager.list: loading scope=local
[9/25/2026, 9:42:32 PM.135] [Info] [Startup] McpConfigManager.list: scope=local cache hit (0ms)
[9/25/2026, 9:42:32 PM.135] [Info] [Startup] McpConfigManager.list: loading scope=local
[9/25/2026, 9:42:32 PM.135] [Info] [Startup] McpConfigManager.list: scope=local cache hit (0ms)
[9/25/2026, 9:42:32 PM.135] [Info] [Startup] McpConfigManager.list: loading scope=local
[9/25/2026, 9:42:32 PM.135] [Info] [Startup] McpConfigManager.list: scope=local cache hit (0ms)
[9/25/2026, 9:42:32 PM.135] [Info] [Startup] McpManager.list: starting (scope=all)
[9/25/2026, 9:42:32 PM.135] [Info] [Startup] McpManager.list: starting (scope=all)
[9/25/2026, 9:42:32 PM.135] [Info] [Startup] McpManager.list: starting (scope=all)
[9/25/2026, 9:42:32 PM.138] [Info] [MCP][registerAgent] agent=compact mcpServers=[] (count=0) grantMcpAccess=false
[9/25/2026, 9:42:32 PM.138] [Info] [MCP][registerAgent] agent=pulse mcpServers=[] (count=0) grantMcpAccess=false
[9/25/2026, 9:42:32 PM.138] [Info] [MCP][registerAgent] agent=handoff-summary mcpServers=[] (count=0) grantMcpAccess=false
[9/25/2026, 9:42:32 PM.139] [Info] [MCP][registerAgent] agent=enhance-prompt mcpServers=[] (count=0) grantMcpAccess=false
[9/25/2026, 9:42:32 PM.141] [Info] [MCP][registerAgent] agent=statusline-setup mcpServers=[] (count=0) grantMcpAccess=false
[9/25/2026, 9:42:32 PM.141] [Info] [MCP][registerAgent] agent=Plan mcpServers=[] (count=0) grantMcpAccess=false
[9/25/2026, 9:42:32 PM.141] [Info] [MCP][registerAgent] agent=cli mcpServers=[connector-proxy] (count=1) grantMcpAccess=true
[9/25/2026, 9:42:32 PM.141] [Info] [MCP][registerAgent] agent=general-purpose mcpServers=[connector-proxy] (count=1) grantMcpAccess=true
[9/25/2026, 9:42:32 PM.141] [Info] [MCP][registerAgent] agent=Explore mcpServers=[connector-proxy] (count=1) grantMcpAccess=true
[9/25/2026, 9:42:32 PM.141] [Info] [Startup] AgentManager.rebuildAgents: completed in 22ms, resolving readyDeferred
[9/25/2026, 9:42:32 PM.142] [Info] [PluginManager]  [BuiltInMarketplace-HotReload] Subscribed to ProductManager.onDidChange
[9/25/2026, 9:42:32 PM.142] [Info] [PluginManager]  [PluginManager] doInit done total=330ms loadMarketplaces=111ms loadInstalledPlugins=21ms
[9/25/2026, 9:42:32 PM.143] [Info] [PluginManager]  Checking for built-in marketplaces to install...
[9/25/2026, 9:42:32 PM.143] [Info] [BuiltInMarketplaceProvider]  Found 2 built-in marketplace(s)
[9/25/2026, 9:42:32 PM.143] [Info] [PluginManager]  Found 2 built-in marketplace(s)
[9/25/2026, 9:42:32 PM.143] [Info] [MarketplaceStorage]  [MarketplaceStorage] getMarketplaces ensureConfigFile=0ms readAndRepair=0ms migration=0ms total=0ms count=5 path=/Users/didi/.workbuddy/plugins/known_marketplaces.json
[9/25/2026, 9:42:32 PM.143] [Info] [PluginManager]  All built-in marketplaces are already installed
[9/25/2026, 9:42:32 PM.143] [Info] [PluginManager]  Checking for marketplaces to install from settings...
[9/25/2026, 9:42:32 PM.143] [Info] [PluginManager]  No new marketplaces to install from settings
[9/25/2026, 9:42:32 PM.144] [Info] [MarketplaceStorage]  [MarketplaceStorage] getMarketplaces ensureConfigFile=0ms readAndRepair=1ms migration=0ms total=1ms count=5 path=/Users/didi/.workbuddy/plugins/known_marketplaces.json
[9/25/2026, 9:42:32 PM.144] [Info] [BuiltInMarketplaceProvider]  Found 2 built-in marketplace(s)
[9/25/2026, 9:42:32 PM.145] [Info] [PluginManager]  Loaded 5 marketplaces (2 built-in) total=2ms storage=1ms builtIn=0ms autoUpdate=0ms
[9/25/2026, 9:42:32 PM.145] [Info] [PluginManager]  Checking for missing enabled plugins...
[9/25/2026, 9:42:32 PM.156] [Info] [PluginManager]  All enabled plugins are already installed
[9/25/2026, 9:42:32 PM.156] [Info] [PluginManager]  [ManagedPolicy] Startup apply managed policies (fallback)
[9/25/2026, 9:42:32 PM.156] [Info] [PluginManager]  [MergedPlugins] Applying 1 merged plugin policies...
[9/25/2026, 9:42:32 PM.156] [Info] [PluginManager]  [MergedPlugins][DEBUG] applySinglePolicy called for agent-browser@codebuddy-plugins-official, scope=user, autoEnable=true
[9/25/2026, 9:42:32 PM.156] [Info] [PluginManager]  [MergedPlugins][DEBUG] agent-browser@codebuddy-plugins-official: installed=true, installedPath=/Users/didi/.workbuddy/plugins/cache/codebuddy-plugins-official/agent-browser/1.3.0, enabledState={"enabled":true,"scope":"user"}
[9/25/2026, 9:42:32 PM.157] [Info] [MarketplaceStorage]  [MarketplaceStorage] getMarketplaces ensureConfigFile=0ms readAndRepair=0ms migration=0ms total=0ms count=5 path=/Users/didi/.workbuddy/plugins/known_marketplaces.json
[9/25/2026, 9:42:32 PM.157] [Info] [BuiltInMarketplaceProvider]  Found 2 built-in marketplace(s)
[9/25/2026, 9:42:32 PM.158] [Info] [MarketplaceStorage]  [MarketplaceStorage] getMarketplaces ensureConfigFile=0ms readAndRepair=1ms migration=0ms total=1ms count=5 path=/Users/didi/.workbuddy/plugins/known_marketplaces.json
[9/25/2026, 9:42:32 PM.158] [Info] [BuiltInMarketplaceProvider]  Found 2 built-in marketplace(s)
[9/25/2026, 9:42:32 PM.158] [Info] [MarketplaceStorage]  [MarketplaceStorage] getMarketplaces ensureConfigFile=0ms readAndRepair=1ms migration=0ms total=1ms count=5 path=/Users/didi/.workbuddy/plugins/known_marketplaces.json
[9/25/2026, 9:42:32 PM.158] [Info] [BuiltInMarketplaceProvider]  Found 2 built-in marketplace(s)
[9/25/2026, 9:42:32 PM.159] [Info] [MarketplaceStorage]  [MarketplaceStorage] getMarketplaces ensureConfigFile=0ms readAndRepair=2ms migration=0ms total=2ms count=5 path=/Users/didi/.workbuddy/plugins/known_marketplaces.json
[9/25/2026, 9:42:32 PM.159] [Info] [BuiltInMarketplaceProvider]  Found 2 built-in marketplace(s)
[9/25/2026, 9:42:32 PM.161] [Info] [PluginManager]  Loaded 5 marketplaces (2 built-in) total=4ms storage=0ms builtIn=0ms autoUpdate=1ms
[9/25/2026, 9:42:32 PM.161] [Info] [PluginManager]  Loaded 5 marketplaces (2 built-in) total=4ms storage=1ms builtIn=0ms autoUpdate=0ms
[9/25/2026, 9:42:32 PM.161] [Info] [PluginManager]  Loaded 5 marketplaces (2 built-in) total=4ms storage=1ms builtIn=0ms autoUpdate=1ms
[9/25/2026, 9:42:32 PM.161] [Info] [PluginManager]  Loaded 5 marketplaces (2 built-in) total=4ms storage=2ms builtIn=0ms autoUpdate=0ms
[9/25/2026, 9:42:32 PM.178] [Info] [PluginManager]  Loaded 13 installed plugins total=21ms
[9/25/2026, 9:42:32 PM.181] [Info] [PluginManager]  Loading plugin components for weixinpay@workbuddy-builtin
[9/25/2026, 9:42:32 PM.181] [Info] [PluginManager]  Loading plugin components for tencent-docs-plugin@workbuddy-builtin
[9/25/2026, 9:42:32 PM.181] [Info] [PluginManager]  Loading plugin components for sheetagent@workbuddy-builtin
[9/25/2026, 9:42:32 PM.181] [Info] [PluginManager]  Loading plugin components for tencent-pptx@workbuddy-builtin
[9/25/2026, 9:42:32 PM.181] [Info] [PluginManager]  Loading plugin components for tencent-docx@workbuddy-builtin
[9/25/2026, 9:42:32 PM.181] [Info] [PluginManager]  Loading plugin components for agent-browser@codebuddy-plugins-official
[9/25/2026, 9:42:32 PM.181] [Info] [PluginManager]  Loading plugin components for find-skills@codebuddy-plugins-official
[9/25/2026, 9:42:32 PM.181] [Info] [PluginManager]  Loading plugin components for welcomemode-work@workbuddy-builtin
[9/25/2026, 9:42:32 PM.181] [Info] [PluginManager]  Loading plugin components for interactionmode-craft@workbuddy-builtin
[9/25/2026, 9:42:32 PM.181] [Info] [PluginManager]  Loading plugin components for prompt-common@workbuddy-builtin
[9/25/2026, 9:42:32 PM.181] [Info] [PluginManager]  Loading plugin components for agent-browser@inline
[9/25/2026, 9:42:32 PM.181] [Info] [PluginManager]  Loading plugin components for find-skills@inline
[9/25/2026, 9:42:32 PM.181] [Info] [PluginLoaderManager]  Loading plugin components for weixinpay@workbuddy-builtin from /Users/didi/.workbuddy/plugins/cache/workbuddy-builtin/weixinpay/1.6.107
[9/25/2026, 9:42:32 PM.181] [Info] [PluginLoaderManager]  Loading plugin components for agent-browser@codebuddy-plugins-official from /Users/didi/.workbuddy/plugins/cache/codebuddy-plugins-official/agent-browser/1.3.0
[9/25/2026, 9:42:32 PM.181] [Info] [PluginLoaderManager]  Loading plugin components for find-skills@codebuddy-plugins-official from /Users/didi/.workbuddy/plugins/cache/codebuddy-plugins-official/find-skills/1.0.0
[9/25/2026, 9:42:32 PM.181] [Info] [PluginLoaderManager]  Loading plugin components for welcomemode-work@workbuddy-builtin from /Users/didi/.workbuddy/plugins/cache/workbuddy-builtin/welcomemode-work/0.1.5
[9/25/2026, 9:42:32 PM.181] [Info] [PluginLoaderManager]  Loading plugin components for interactionmode-craft@workbuddy-builtin from /Users/didi/.workbuddy/plugins/cache/workbuddy-builtin/interactionmode-craft/0.1.4
[9/25/2026, 9:42:32 PM.181] [Info] [PluginLoaderManager]  Loading plugin components for prompt-common@workbuddy-builtin from /Users/didi/.workbuddy/plugins/cache/workbuddy-builtin/prompt-common/0.1.2
[9/25/2026, 9:42:32 PM.181] [Info] [PluginLoaderManager]  Loading plugin components for agent-browser@inline from /Users/didi/.workbuddy/plugins/marketplaces/codebuddy-plugins-official/plugins/agent-browser
[9/25/2026, 9:42:32 PM.181] [Info] [PluginLoaderManager]  Loading plugin components for find-skills@inline from /Users/didi/.workbuddy/plugins/marketplaces/codebuddy-plugins-official/plugins/find-skills
[9/25/2026, 9:42:32 PM.182] [Info] [PluginLoaderManager]  Loading plugin components for tencent-docs-plugin@workbuddy-builtin from /Users/didi/.workbuddy/plugins/cache/workbuddy-builtin/tencent-docs-plugin/1.0.0
[9/25/2026, 9:42:32 PM.182] [Info] [PluginLoaderManager]  Loading plugin components for sheetagent@workbuddy-builtin from /Users/didi/.workbuddy/plugins/cache/workbuddy-builtin/sheetagent/0.1.1784877812
[9/25/2026, 9:42:32 PM.182] [Info] [PluginLoaderManager]  Loading plugin components for tencent-pptx@workbuddy-builtin from /Users/didi/.workbuddy/plugins/cache/workbuddy-builtin/tencent-pptx/v20260727
[9/25/2026, 9:42:32 PM.182] [Info] [PluginLoaderManager]  Loading plugin components for tencent-docx@workbuddy-builtin from /Users/didi/.workbuddy/plugins/cache/workbuddy-builtin/tencent-docx/0.3.0
[9/25/2026, 9:42:32 PM.183] [Info] [PluginLoaderManager]  Loaded plugin components for interactionmode-craft@workbuddy-builtin: 0 agent(s), 0 command(s), 0 skill(s), 0 hook(s), 0 MCP server(s), 0 LSP server(s), 0 output style(s)
[9/25/2026, 9:42:32 PM.183] [Info] [PluginLoaderManager]  Loaded plugin components for prompt-common@workbuddy-builtin: 0 agent(s), 0 command(s), 0 skill(s), 0 hook(s), 0 MCP server(s), 0 LSP server(s), 0 output style(s)
[9/25/2026, 9:42:32 PM.187] [Info] [SkillExtensionLoader]  Loaded 1 skill(s) from extension: agent-browser@codebuddy-plugins-official [agent-browser]
[9/25/2026, 9:42:32 PM.188] [Info] [PluginLoaderManager]  Loaded plugin components for agent-browser@codebuddy-plugins-official: 0 agent(s), 0 command(s), 1 skill(s), 0 hook(s), 0 MCP server(s), 0 LSP server(s), 0 output style(s)
[9/25/2026, 9:42:32 PM.188] [Info] [SkillExtensionLoader]  Loaded 1 skill(s) from extension: agent-browser@inline [agent-browser]
[9/25/2026, 9:42:32 PM.188] [Info] [PluginLoaderManager]  Loaded plugin components for agent-browser@inline: 0 agent(s), 0 command(s), 1 skill(s), 0 hook(s), 0 MCP server(s), 0 LSP server(s), 0 output style(s)
[9/25/2026, 9:42:32 PM.188] [Error] [HookExtensionLoader] [Error: EISDIR: illegal operation on a directory, read]  Failed to load hooks from file /Users/didi/.workbuddy/plugins/cache/workbuddy-builtin/tencent-docs-plugin/1.0.0:
[9/25/2026, 9:42:32 PM.191] [Info] [MCPExtensionLoader]  Loaded 1 MCP server(s) from extension: weixinpay@workbuddy-builtin
[9/25/2026, 9:42:32 PM.191] [Info] [SkillExtensionLoader]  Loaded 3 skill(s) from extension: weixinpay@workbuddy-builtin [weixinpay-feedback,weixinpay-pay,weixinpay-register]
[9/25/2026, 9:42:32 PM.191] [Info] [PluginLoaderManager]  Loaded plugin components for weixinpay@workbuddy-builtin: 0 agent(s), 0 command(s), 3 skill(s), 0 hook(s), 1 MCP server(s), 0 LSP server(s), 0 output style(s)
[9/25/2026, 9:42:32 PM.191] [Info] [SkillExtensionLoader]  Loaded 1 skill(s) from extension: find-skills@codebuddy-plugins-official [find-skills]
[9/25/2026, 9:42:32 PM.191] [Info] [PluginLoaderManager]  Loaded plugin components for find-skills@codebuddy-plugins-official: 0 agent(s), 0 command(s), 1 skill(s), 0 hook(s), 0 MCP server(s), 0 LSP server(s), 0 output style(s)
[9/25/2026, 9:42:32 PM.191] [Info] [SkillExtensionLoader]  Loaded 1 skill(s) from extension: find-skills@inline [find-skills]
[9/25/2026, 9:42:32 PM.191] [Info] [PluginLoaderManager]  Loaded plugin components for find-skills@inline: 0 agent(s), 0 command(s), 1 skill(s), 0 hook(s), 0 MCP server(s), 0 LSP server(s), 0 output style(s)
[9/25/2026, 9:42:32 PM.193] [Info] [AgentExtensionLoader]  Loaded 1 agent(s) from extension: sheetagent@workbuddy-builtin
[9/25/2026, 9:42:32 PM.194] [Info] [AgentExtensionLoader]  Loaded 1 agent(s) from extension: welcomemode-work@workbuddy-builtin
[9/25/2026, 9:42:32 PM.194] [Info] [PluginLoaderManager]  Loaded plugin components for welcomemode-work@workbuddy-builtin: 1 agent(s), 0 command(s), 0 skill(s), 0 hook(s), 0 MCP server(s), 0 LSP server(s), 0 output style(s)
[9/25/2026, 9:42:32 PM.203] [Info] [SkillExtensionLoader]  Loaded 2 skill(s) from extension: tencent-docs-plugin@workbuddy-builtin [tencent-docs,tencent-saas-docs]
[9/25/2026, 9:42:32 PM.203] [Info] [PluginLoaderManager]  Loaded plugin components for tencent-docs-plugin@workbuddy-builtin: 0 agent(s), 0 command(s), 2 skill(s), 0 hook(s), 0 MCP server(s), 0 LSP server(s), 0 output style(s)
[9/25/2026, 9:42:32 PM.203] [Info] [SkillExtensionLoader]  Loaded 2 skill(s) from extension: sheetagent@workbuddy-builtin [tencent-docs-sheet-generation,tencent-docs-sheetagent]
[9/25/2026, 9:42:32 PM.203] [Info] [HookExtensionLoader]  Loaded hooks configuration from extension: sheetagent@workbuddy-builtin
[9/25/2026, 9:42:32 PM.203] [Info] [HookExtensionLoader]  Loaded hooks configuration from extension: tencent-pptx@workbuddy-builtin
[9/25/2026, 9:42:32 PM.203] [Info] [HookExtensionLoader]  Loaded hooks configuration from extension: tencent-docx@workbuddy-builtin
[9/25/2026, 9:42:32 PM.204] [Info] [SkillExtensionLoader]  Loaded 1 skill(s) from extension: tencent-pptx@workbuddy-builtin [tencent-pptx]
[9/25/2026, 9:42:32 PM.204] [Info] [PluginLoaderManager]  Loaded plugin components for tencent-pptx@workbuddy-builtin: 0 agent(s), 0 command(s), 1 skill(s), 2 hook(s), 0 MCP server(s), 0 LSP server(s), 0 output style(s)
[9/25/2026, 9:42:32 PM.204] [Info] [MCPExtensionLoader]  Loaded 1 MCP server(s) from extension: sheetagent@workbuddy-builtin
[9/25/2026, 9:42:32 PM.204] [Info] [CommandExtensionLoader]  Loaded 2 command(s) from extension: sheetagent@workbuddy-builtin
[9/25/2026, 9:42:32 PM.204] [Info] [PluginLoaderManager]  Loaded plugin components for sheetagent@workbuddy-builtin: 1 agent(s), 2 command(s), 2 skill(s), 2 hook(s), 1 MCP server(s), 0 LSP server(s), 0 output style(s)
[9/25/2026, 9:42:32 PM.205] [Info] [AgentExtensionLoader]  Loaded 3 agent(s) from extension: tencent-docx@workbuddy-builtin
[9/25/2026, 9:42:32 PM.212] [Info] [SkillExtensionLoader]  Loaded 11 skill(s) from extension: tencent-docx@workbuddy-builtin [design-token,doc-typeset,format-extract,generate-fillable-contract-html,html-review,html-to-docx,humanizer,humanizer-zh,tdoc-orchestrator,underline-toolkit,tencent-docx]
[9/25/2026, 9:42:32 PM.212] [Info] [PluginLoaderManager]  Loaded plugin components for tencent-docx@workbuddy-builtin: 3 agent(s), 0 command(s), 11 skill(s), 2 hook(s), 0 MCP server(s), 0 LSP server(s), 0 output style(s)
[9/25/2026, 9:42:32 PM.212] [Info] [PluginManager]  [PluginManager] active plugins refreshed: 12 enabled, errors=0
[9/25/2026, 9:42:32 PM.212] [Info] [MCP] config scope=plugin changed — scheduling desired revision 4
[9/25/2026, 9:42:32 PM.212] [Info] [MCP] reconcile revision=4 started (config:plugin)
[9/25/2026, 9:42:32 PM.212] [Info] [Startup] McpConfigManager.list: loading scope=internal
[9/25/2026, 9:42:32 PM.212] [Info] [Startup] McpConfigManager.list: scope=internal cache hit (0ms)
[9/25/2026, 9:42:32 PM.212] [Info] [Startup] McpConfigManager.list: loading scope=sdk
[9/25/2026, 9:42:32 PM.212] [Info] [Startup] McpConfigManager.list: scope=sdk cache hit (0ms)
[9/25/2026, 9:42:32 PM.212] [Info] [Startup] McpConfigManager.list: loading scope=plugin
[9/25/2026, 9:42:32 PM.212] [Info] [Startup] McpConfigManager: reading MCP servers from plugins...
[9/25/2026, 9:42:32 PM.212] [Info] [Startup] McpConfigManager: got 12 active plugins
[9/25/2026, 9:42:32 PM.212] [Info] [Startup] McpConfigManager: loading components for enabled plugin: weixinpay@workbuddy-builtin
[9/25/2026, 9:42:32 PM.212] [Info] [Startup] McpConfigManager: plugin weixinpay has 1 MCP servers
[9/25/2026, 9:42:32 PM.212] [Info] [Startup] McpConfigManager: loading components for enabled plugin: tencent-docs-plugin@workbuddy-builtin
[9/25/2026, 9:42:32 PM.212] [Info] [Startup] McpConfigManager: loading components for enabled plugin: sheetagent@workbuddy-builtin
[9/25/2026, 9:42:32 PM.212] [Info] [Startup] McpConfigManager: plugin sheetagent has 1 MCP servers
[9/25/2026, 9:42:32 PM.212] [Info] [Startup] McpConfigManager: loading components for enabled plugin: tencent-pptx@workbuddy-builtin
[9/25/2026, 9:42:32 PM.212] [Info] [Startup] McpConfigManager: loading components for enabled plugin: tencent-docx@workbuddy-builtin
[9/25/2026, 9:42:32 PM.212] [Info] [Startup] McpConfigManager: loading components for enabled plugin: agent-browser@codebuddy-plugins-official
[9/25/2026, 9:42:32 PM.212] [Info] [Startup] McpConfigManager: loading components for enabled plugin: find-skills@codebuddy-plugins-official
[9/25/2026, 9:42:32 PM.212] [Info] [Startup] McpConfigManager: loading components for enabled plugin: welcomemode-work@workbuddy-builtin
[9/25/2026, 9:42:32 PM.212] [Info] [Startup] McpConfigManager: loading components for enabled plugin: interactionmode-craft@workbuddy-builtin
[9/25/2026, 9:42:32 PM.212] [Info] [Startup] McpConfigManager: loading components for enabled plugin: prompt-common@workbuddy-builtin
[9/25/2026, 9:42:32 PM.212] [Info] [Startup] McpConfigManager: loading components for enabled plugin: agent-browser@inline
[9/25/2026, 9:42:32 PM.212] [Info] [Startup] McpConfigManager: loading components for enabled plugin: find-skills@inline
[9/25/2026, 9:42:32 PM.212] [Info] [Startup] McpConfigManager: total MCP servers from plugins: 2
[9/25/2026, 9:42:32 PM.212] [Info] [Startup] McpConfigManager.list: scope=plugin read completed (0ms)
[9/25/2026, 9:42:32 PM.212] [Info] [Startup] McpConfigManager.list: loading scope=user
[9/25/2026, 9:42:32 PM.212] [Info] [Startup] McpConfigManager.list: scope=user cache hit (0ms)
[9/25/2026, 9:42:32 PM.212] [Info] [Startup] McpConfigManager.list: loading scope=project
[9/25/2026, 9:42:32 PM.212] [Info] [Startup] McpConfigManager.list: scope=project cache hit (0ms)
[9/25/2026, 9:42:32 PM.212] [Info] [Startup] McpConfigManager.list: loading scope=local
[9/25/2026, 9:42:32 PM.212] [Info] [Startup] McpConfigManager.list: scope=local cache hit (0ms)
[9/25/2026, 9:42:32 PM.213] [Info] [Startup] McpConfigManager.list: loading scope=dynamic
[9/25/2026, 9:42:32 PM.213] [Info] [Startup] McpConfigManager.list: scope=dynamic cache hit (0ms)
[9/25/2026, 9:42:32 PM.213] [Info] [MCP] reconcile revision=4 projected (retained=1, pending=2, evicted=0)
[9/25/2026, 9:42:32 PM.213] [Info] [LSPManager]  Shutting down all LSP servers
[9/25/2026, 9:42:32 PM.213] [Info] [LSPManager]  All LSP servers shut down
[9/25/2026, 9:42:32 PM.213] [Info] [LSPManager]  Loaded LSP configurations from all enabled plugins
[9/25/2026, 9:42:32 PM.213] [Info] [MCP][cacheDbg] status setter: server=weixinpay pending -> connecting
[9/25/2026, 9:42:32 PM.213] [Info] [MCP][cacheDbg] changedSubject.next #3: server=weixinpay status=connecting
[9/25/2026, 9:42:32 PM.213] [Info] [MCP][cacheDbg] run#3 ENTER (inflight=1): trigger=weixinpay status=connecting isActive=false | cacheBefore=[connector-proxy] (size=1)
[9/25/2026, 9:42:32 PM.213] [Info] [MCP][cacheDbg] run#3 activeNow=[connector-proxy] | allServers=[connector-proxy:connected,weixinpay:connecting,sheetagent:pending]
[9/25/2026, 9:42:32 PM.213] [Info] [MCP][cacheDbg] run#3 cache rebuilt: cacheAfter=[connector-proxy] (size=1)
[9/25/2026, 9:42:32 PM.213] [Info] [MCP][cacheDbg] run#3 EXIT (inflight=0)
[9/25/2026, 9:42:32 PM.213] [Info] [MCP] instantiateServer stdio env: server=weixinpay providerValue=elicitation.form,weixinpay.interception envFallback=elicitation.form,weixinpay.interception final=elicitation.form,weixinpay.interception
[9/25/2026, 9:42:32 PM.213] [Info] [MCP][cacheDbg] serverManager.create() set "weixinpay" | serverCache keys=[connector-proxy,weixinpay]
[9/25/2026, 9:42:32 PM.214] [Info] [MCP][cacheDbg] doConnect START: server=weixinpay type=stdio
[9/25/2026, 9:42:32 PM.214] [Info] [Startup] McpConfigManager.list: loading scope=internal
[9/25/2026, 9:42:32 PM.214] [Info] [Startup] McpConfigManager.list: scope=internal cache hit (0ms)
[9/25/2026, 9:42:32 PM.214] [Info] [Startup] McpConfigManager.list: loading scope=sdk
[9/25/2026, 9:42:32 PM.214] [Info] [Startup] McpConfigManager.list: scope=sdk cache hit (0ms)
[9/25/2026, 9:42:32 PM.214] [Info] [Startup] McpConfigManager.list: loading scope=plugin
[9/25/2026, 9:42:32 PM.214] [Info] [Startup] McpConfigManager.list: scope=plugin cache hit (0ms)
[9/25/2026, 9:42:32 PM.214] [Info] [Startup] McpConfigManager.list: loading scope=user
[9/25/2026, 9:42:32 PM.214] [Info] [Startup] McpConfigManager.list: scope=user cache hit (0ms)
[9/25/2026, 9:42:32 PM.214] [Info] [Startup] McpConfigManager.list: loading scope=project
[9/25/2026, 9:42:32 PM.214] [Info] [Startup] McpConfigManager.list: scope=project cache hit (0ms)
[9/25/2026, 9:42:32 PM.214] [Info] [Startup] McpConfigManager.list: loading scope=local
[9/25/2026, 9:42:32 PM.214] [Info] [Startup] McpConfigManager.list: scope=local cache hit (0ms)
[9/25/2026, 9:42:32 PM.214] [Info] [Startup] McpConfigManager.list: loading scope=dynamic
[9/25/2026, 9:42:32 PM.214] [Info] [Startup] McpConfigManager.list: scope=dynamic cache hit (0ms)
[9/25/2026, 9:42:32 PM.217] [Info] [MCP][cacheDbg] status setter: server=sheetagent pending -> connecting
[9/25/2026, 9:42:32 PM.217] [Info] [MCP][cacheDbg] changedSubject.next #4: server=sheetagent status=connecting
[9/25/2026, 9:42:32 PM.217] [Info] [MCP][cacheDbg] run#4 ENTER (inflight=1): trigger=sheetagent status=connecting isActive=false | cacheBefore=[connector-proxy] (size=1)
[9/25/2026, 9:42:32 PM.217] [Info] [MCP][cacheDbg] run#4 activeNow=[connector-proxy] | allServers=[connector-proxy:connected,weixinpay:connecting,sheetagent:connecting]
[9/25/2026, 9:42:32 PM.217] [Info] [MCP][cacheDbg] run#4 cache rebuilt: cacheAfter=[connector-proxy] (size=1)
[9/25/2026, 9:42:32 PM.217] [Info] [MCP][cacheDbg] run#4 EXIT (inflight=0)
[9/25/2026, 9:42:32 PM.217] [Info] [MCP] instantiateServer stdio env: server=sheetagent providerValue=elicitation.form,weixinpay.interception envFallback=elicitation.form,weixinpay.interception final=elicitation.form,weixinpay.interception
[9/25/2026, 9:42:32 PM.217] [Info] [MCP][cacheDbg] serverManager.create() set "sheetagent" | serverCache keys=[connector-proxy,weixinpay,sheetagent]
[9/25/2026, 9:42:32 PM.218] [Info] [MCP][cacheDbg] doConnect START: server=sheetagent type=stdio
[9/25/2026, 9:42:32 PM.218] [Info] [Startup] McpConfigManager.list: loading scope=internal
[9/25/2026, 9:42:32 PM.218] [Info] [Startup] McpConfigManager.list: scope=internal cache hit (0ms)
[9/25/2026, 9:42:32 PM.218] [Info] [Startup] McpConfigManager.list: loading scope=sdk
[9/25/2026, 9:42:32 PM.218] [Info] [Startup] McpConfigManager.list: scope=sdk cache hit (0ms)
[9/25/2026, 9:42:32 PM.218] [Info] [Startup] McpConfigManager.list: loading scope=plugin
[9/25/2026, 9:42:32 PM.218] [Info] [Startup] McpConfigManager.list: scope=plugin cache hit (0ms)
[9/25/2026, 9:42:32 PM.218] [Info] [Startup] McpConfigManager.list: loading scope=user
[9/25/2026, 9:42:32 PM.218] [Info] [Startup] McpConfigManager.list: scope=user cache hit (0ms)
[9/25/2026, 9:42:32 PM.218] [Info] [Startup] McpConfigManager.list: loading scope=project
[9/25/2026, 9:42:32 PM.218] [Info] [Startup] McpConfigManager.list: scope=project cache hit (0ms)
[9/25/2026, 9:42:32 PM.218] [Info] [Startup] McpConfigManager.list: loading scope=local
[9/25/2026, 9:42:32 PM.218] [Info] [Startup] McpConfigManager.list: scope=local cache hit (0ms)
[9/25/2026, 9:42:32 PM.218] [Info] [Startup] McpConfigManager.list: loading scope=dynamic
[9/25/2026, 9:42:32 PM.218] [Info] [Startup] McpConfigManager.list: scope=dynamic cache hit (0ms)
[9/25/2026, 9:42:32 PM.232] [Info] [PluginsProductProvider.provide] active=12, ids=[weixinpay@workbuddy-builtin,tencent-docs-plugin@workbuddy-builtin,sheetagent@workbuddy-builtin,tencent-pptx@workbuddy-builtin,tencent-docx@workbuddy-builtin,agent-browser@codebuddy-plugins-official,find-skills@codebuddy-plugins-official,welcomemode-work@workbuddy-builtin,interactionmode-craft@workbuddy-builtin,prompt-common@workbuddy-builtin,agent-browser@inline,find-skills@inline]
[9/25/2026, 9:42:32 PM.232] [Info] [MCP][cacheDbg] getConnectedServers() called: nonInteractive=true waitForSettle=false cacheNow=[connector-proxy] allServers=[connector-proxy:connected,weixinpay:connecting,sheetagent:connecting]
[9/25/2026, 9:42:32 PM.232] [Info] [MCP][cacheDbg] getConnectedServers() returning: [connector-proxy] (size=1)
[9/25/2026, 9:42:32 PM.236] [Info] [WorkbuddyEnvAgentsPatchProductProvider] patched env agents inline: key=ACC_PRODUCT_CONFIG_V3, before=19, after=24
[9/25/2026, 9:42:32 PM.240] [Info] [CustomModelsProductProvider] productName=WorkBuddy, isWorkBuddy=true, userConfigPath=/Users/didi/.workbuddy/models.json
[9/25/2026, 9:42:32 PM.240] [Info] Loaded custom models config from user: /Users/didi/.workbuddy/models.json
[9/25/2026, 9:42:32 PM.240] [Info] [ModelsProductProvider] enterpriseId: undefined, endpoint: https://copilot.tencent.com
[9/25/2026, 9:42:32 PM.240] [Warning] [ModelsProductProvider] enterpriseId is missing, skipping models API call
[9/25/2026, 9:42:32 PM.240] [Info] [AgentModelResolver] product config input: 54 models, 24 agents
[9/25/2026, 9:42:32 PM.240] [Info] [AgentModelResolver] model ids: auto, fast-model, balanced-model, deep-model, hy3, hy3-b, hy3-c, hy3-x, hy4-preview, hy4-preview-f, minimax-m2.5, glm-5v-turbo, glm-5.3, glm-5.3-flash, glm-5.2, glm-5.1, glm-5.0-turbo, glm-4.6v, kimi-k3-1, kimi-k2.8-preview, kimi-k2.7, kimi-k2.6, kimi-k2.5, kimi-k2-thinking, minimax-m3, minimax-m2.7, glm-4.6, deepseek-v4-flash, deepseek-v4.1-flash, deepseek-v4-pro, deepseek-v3-2-volc, deepseek-v3-1-volc, deepseek-v3-1-lkeap, deepseek-v3-1, deepseek-v3-0324-lkeap, deepseek-r1-0528-lkeap, kimi-k2-instruct-taiji, completion-gf, default-1.1, hunyuan-3b, hunyuan-7b-dense, codewise-completions, codewise-rewrite, codewise-nes-a4-027-aide, codewise-jump, deepseek-r1-0528, deepseek-v3-0324-taco-completion, deepseek-v3-0324, default-1.2, hunyuan-2.0-instruct, hunyuan-chat, hunyuan-image-alpha, hunyuan-image-alpha-edit, custom-local:kimi-k3
[9/25/2026, 9:42:32 PM.240] [Info] [AgentModelResolver] agent "cli" original_models=["auto","hy4-preview-f","hy3","hy3-x","deepseek-v4.1-flash","glm-5.3","glm-5.3-flash","glm-5.2","glm-5.1","glm-5v-turbo","minimax-m3","kimi-k3-1","kimi-k2.8-preview","kimi-k2.7","kimi-k2.6","deepseek-v4-pro"] -> resolved_models=["auto","hy4-preview-f","hy3","hy3-x","deepseek-v4.1-flash","glm-5.3","glm-5.3-flash","glm-5.2","glm-5.1","glm-5v-turbo","minimax-m3","kimi-k3-1","kimi-k2.8-preview","kimi-k2.7","kimi-k2.6","deepseek-v4-pro"]
[9/25/2026, 9:42:32 PM.240] [Info] [AgentModelResolver] agent "general-purpose" original_models=[] -> resolved_models=[]
[9/25/2026, 9:42:32 PM.240] [Info] [AgentModelResolver] agent "compact" original_models=[] -> resolved_models=[]
[9/25/2026, 9:42:32 PM.240] [Info] [AgentModelResolver] agent "contextSummary" original_models=[] -> resolved_models=[]
[9/25/2026, 9:42:32 PM.240] [Info] [AgentModelResolver] agent "contentAnalyzer" original_models=[] -> resolved_models=[]
[9/25/2026, 9:42:32 PM.240] [Info] [AgentModelResolver] agent "terminalTitleGenerator" original_models=[] -> resolved_models=[]
[9/25/2026, 9:42:32 PM.240] [Info] [AgentModelResolver] agent "promptSuggestion" original_models=[] -> resolved_models=[]
[9/25/2026, 9:42:32 PM.240] [Info] [AgentModelResolver] agent "memorySelector" original_models=["lite"] -> resolved_models=["lite"]
[9/25/2026, 9:42:32 PM.240] [Info] [AgentModelResolver] agent "summaryGenerator" original_models=[] -> resolved_models=[]
[9/25/2026, 9:42:32 PM.240] [Info] [AgentModelResolver] agent "autoModeClassifier" original_models=[] -> resolved_models=[]
[9/25/2026, 9:42:32 PM.240] [Info] [AgentModelResolver] agent "promptHookEvaluator" original_models=["lite"] -> resolved_models=["lite"]
[9/25/2026, 9:42:32 PM.240] [Info] [AgentModelResolver] agent "insightsAnalyzer" original_models=[] -> resolved_models=[]
[9/25/2026, 9:42:32 PM.240] [Info] [AgentModelResolver] agent "agentInstructions" original_models=[] -> resolved_models=[]
[9/25/2026, 9:42:32 PM.240] [Info] [AgentModelResolver] agent "statusline-setup" original_models=[] -> resolved_models=[]
[9/25/2026, 9:42:32 PM.240] [Info] [AgentModelResolver] agent "Explore" original_models=["lite"] -> resolved_models=["lite"]
[9/25/2026, 9:42:32 PM.240] [Info] [AgentModelResolver] agent "Plan" original_models=[] -> resolved_models=[]
[9/25/2026, 9:42:32 PM.240] [Info] [AgentModelResolver] agent "pulse" original_models=[] -> resolved_models=[]
[9/25/2026, 9:42:32 PM.240] [Info] [AgentModelResolver] agent "handoff-summary" original_models=undefined -> resolved_models=[]
[9/25/2026, 9:42:32 PM.240] [Info] [AgentModelResolver] agent "enhance-prompt" original_models=[] -> resolved_models=[]
[9/25/2026, 9:42:32 PM.240] [Info] [AgentModelResolver] agent "sheet-agent" original_models=[] -> resolved_models=[]
[9/25/2026, 9:42:32 PM.240] [Info] [AgentModelResolver] agent "doc-converter" original_models=[] -> resolved_models=[]
[9/25/2026, 9:42:32 PM.240] [Info] [AgentModelResolver] agent "doc-formatter" original_models=[] -> resolved_models=[]
[9/25/2026, 9:42:32 PM.240] [Info] [AgentModelResolver] agent "doc-writer" original_models=[] -> resolved_models=[]
[9/25/2026, 9:42:32 PM.240] [Info] [AgentModelResolver] agent "work" original_models=[] -> resolved_models=[]
[9/25/2026, 9:42:32 PM.255] [Info] [PluginPolicyService]  [MergedPlugins][DEBUG] ProductManager.onDidChange fired, reloading policies...
[9/25/2026, 9:42:32 PM.255] [Info] [PluginPolicyService]  [MergedPlugins][DEBUG] Current config builtInMarketPluginsMerge: [{"autoEnable":true,"marketplaceName":"codebuddy-plugins-official","name":"agent-browser","scope":"user"}]
[9/25/2026, 9:42:32 PM.255] [Info] [PluginPolicyService]  [MergedPlugins] Loaded 1 merged plugin entries
[9/25/2026, 9:42:32 PM.255] [Info] [Startup] AgentManager.rebuildAgents: START
[9/25/2026, 9:42:32 PM.263] [Info] [PluginAgentCompose] default agent MCP tool whitelist synced agent=cli reason=plugin-settings-agent count=35
[9/25/2026, 9:42:32 PM.263] [Info] plugin settings.agent: applied "work" config onto default agent "cli"
[9/25/2026, 9:42:32 PM.263] [Info] [PluginManager]  Checking for built-in marketplaces to install...
[9/25/2026, 9:42:32 PM.263] [Info] [BuiltInMarketplaceProvider]  Found 2 built-in marketplace(s)
[9/25/2026, 9:42:32 PM.263] [Info] [PluginManager]  Found 2 built-in marketplace(s)
[9/25/2026, 9:42:32 PM.266] [Info] [AgentManager] runtime cli agent view ready: 23 agents (used for registration and Agent tool descriptions)
[9/25/2026, 9:42:32 PM.266] [Info] [Startup] McpReadyService.waitForServersReady: config projection triggered; network connections continue asynchronously
[9/25/2026, 9:42:32 PM.267] [Info] [Startup] McpReadyService.waitForServersReady: config projection triggered; network connections continue asynchronously
[9/25/2026, 9:42:32 PM.267] [Info] [Startup] McpReadyService.waitForServersReady: config projection triggered; network connections continue asynchronously
[9/25/2026, 9:42:32 PM.267] [Info] [MCP][cacheDbg] getConnectedServers() called: nonInteractive=true waitForSettle=false cacheNow=[connector-proxy] allServers=[connector-proxy:connected,weixinpay:connecting,sheetagent:connecting]
[9/25/2026, 9:42:32 PM.267] [Info] [MCP][cacheDbg] getConnectedServers() returning: [connector-proxy] (size=1)
[9/25/2026, 9:42:32 PM.267] [Info] [Startup] McpManager.list: starting (scope=all)
[9/25/2026, 9:42:32 PM.268] [Info] [Startup] McpManager.list: starting (scope=all)
[9/25/2026, 9:42:32 PM.268] [Info] [Startup] McpConfigManager.list: loading scope=internal
[9/25/2026, 9:42:32 PM.268] [Info] [Startup] McpConfigManager.list: scope=internal cache hit (0ms)
[9/25/2026, 9:42:32 PM.268] [Info] [Startup] McpManager.list: starting (scope=all)
[9/25/2026, 9:42:32 PM.268] [Info] [Startup] McpConfigManager.list: loading scope=internal
[9/25/2026, 9:42:32 PM.268] [Info] [Startup] McpConfigManager.list: scope=internal cache hit (0ms)
[9/25/2026, 9:42:32 PM.268] [Info] [Startup] McpReadyService.waitForServersReady: config projection triggered; network connections continue asynchronously
[9/25/2026, 9:42:32 PM.268] [Info] [Startup] McpReadyService.waitForServersReady: config projection triggered; network connections continue asynchronously
[9/25/2026, 9:42:32 PM.269] [Info] [Startup] McpReadyService.waitForServersReady: config projection triggered; network connections continue asynchronously
[9/25/2026, 9:42:32 PM.269] [Info] [MCP][cacheDbg] getConnectedServers() called: nonInteractive=true waitForSettle=false cacheNow=[connector-proxy] allServers=[connector-proxy:connected,weixinpay:connecting,sheetagent:connecting]
[9/25/2026, 9:42:32 PM.269] [Info] [MCP][cacheDbg] getConnectedServers() returning: [connector-proxy] (size=1)
[9/25/2026, 9:42:32 PM.269] [Info] [MCP][cacheDbg] getConnectedServers() called: nonInteractive=true waitForSettle=false cacheNow=[connector-proxy] allServers=[connector-proxy:connected,weixinpay:connecting,sheetagent:connecting]
[9/25/2026, 9:42:32 PM.269] [Info] [MCP][cacheDbg] getConnectedServers() returning: [connector-proxy] (size=1)
[9/25/2026, 9:42:32 PM.270] [Info] [Startup] McpConfigManager.list: loading scope=sdk
[9/25/2026, 9:42:32 PM.270] [Info] [Startup] McpConfigManager.list: scope=sdk cache hit (0ms)
[9/25/2026, 9:42:32 PM.270] [Info] [MCP][cacheDbg] getConnectedServers() called: nonInteractive=true waitForSettle=false cacheNow=[connector-proxy] allServers=[connector-proxy:connected,weixinpay:connecting,sheetagent:connecting]
[9/25/2026, 9:42:32 PM.270] [Info] [MCP][cacheDbg] getConnectedServers() returning: [connector-proxy] (size=1)
[9/25/2026, 9:42:32 PM.270] [Info] [Startup] McpConfigManager.list: loading scope=sdk
[9/25/2026, 9:42:32 PM.270] [Info] [Startup] McpConfigManager.list: scope=sdk cache hit (0ms)
[9/25/2026, 9:42:32 PM.270] [Info] [Startup] McpManager.list: starting (scope=all)
[9/25/2026, 9:42:32 PM.270] [Info] [Startup] McpManager.list: starting (scope=all)
[9/25/2026, 9:42:32 PM.270] [Info] [Startup] McpManager.list: starting (scope=all)
[9/25/2026, 9:42:32 PM.270] [Info] [MCP][buildMcpServers] wait breakdown: waitForServersReady=1ms getConnectedServers=0ms
[9/25/2026, 9:42:32 PM.270] [Info] [MCP][buildMcpServers] connected servers=[connector-proxy] (count=1)
[9/25/2026, 9:42:32 PM.270] [Info] [MCP][buildMcpServers] wait breakdown: waitForServersReady=1ms getConnectedServers=0ms
[9/25/2026, 9:42:32 PM.270] [Info] [MCP][buildMcpServers] connected servers=[connector-proxy] (count=1)
[9/25/2026, 9:42:32 PM.270] [Info] [MCP][registerAgent] agent=contextSummary mcpServers=[] (count=0) grantMcpAccess=false
[9/25/2026, 9:42:32 PM.270] [Info] [MCP][registerAgent] agent=contentAnalyzer mcpServers=[] (count=0) grantMcpAccess=false
[9/25/2026, 9:42:32 PM.270] [Info] [MCP][registerAgent] agent=terminalTitleGenerator mcpServers=[] (count=0) grantMcpAccess=false
[9/25/2026, 9:42:32 PM.270] [Info] [MCP][registerAgent] agent=promptSuggestion mcpServers=[] (count=0) grantMcpAccess=false
[9/25/2026, 9:42:32 PM.270] [Info] [MCP][registerAgent] agent=memorySelector mcpServers=[] (count=0) grantMcpAccess=false
[9/25/2026, 9:42:32 PM.270] [Info] [MCP][registerAgent] agent=summaryGenerator mcpServers=[] (count=0) grantMcpAccess=false
[9/25/2026, 9:42:32 PM.270] [Info] [MCP][registerAgent] agent=autoModeClassifier mcpServers=[] (count=0) grantMcpAccess=false
[9/25/2026, 9:42:32 PM.270] [Info] [MCP][registerAgent] agent=promptHookEvaluator mcpServers=[] (count=0) grantMcpAccess=false
[9/25/2026, 9:42:32 PM.270] [Info] [MCP][registerAgent] agent=insightsAnalyzer mcpServers=[] (count=0) grantMcpAccess=false
[9/25/2026, 9:42:32 PM.270] [Info] [MCP][registerAgent] agent=agentInstructions mcpServers=[] (count=0) grantMcpAccess=false
[9/25/2026, 9:42:32 PM.270] [Info] [Startup] McpConfigManager.list: loading scope=plugin
[9/25/2026, 9:42:32 PM.270] [Info] [Startup] McpConfigManager.list: scope=plugin cache hit (0ms)
[9/25/2026, 9:42:32 PM.270] [Info] [MCP][buildMcpServers] wait breakdown: waitForServersReady=1ms getConnectedServers=0ms
[9/25/2026, 9:42:32 PM.270] [Info] [MCP][buildMcpServers] connected servers=[connector-proxy] (count=1)
[9/25/2026, 9:42:32 PM.270] [Info] [Startup] McpConfigManager.list: loading scope=plugin
[9/25/2026, 9:42:32 PM.270] [Info] [Startup] McpConfigManager.list: scope=plugin cache hit (0ms)
[9/25/2026, 9:42:32 PM.270] [Info] [MCP][cacheDbg] getConnectedServers() called: nonInteractive=true waitForSettle=false cacheNow=[connector-proxy] allServers=[connector-proxy:connected,weixinpay:connecting,sheetagent:connecting]
[9/25/2026, 9:42:32 PM.270] [Info] [MCP][cacheDbg] getConnectedServers() returning: [connector-proxy] (size=1)
[9/25/2026, 9:42:32 PM.270] [Info] [MCP][cacheDbg] getConnectedServers() called: nonInteractive=true waitForSettle=false cacheNow=[connector-proxy] allServers=[connector-proxy:connected,weixinpay:connecting,sheetagent:connecting]
[9/25/2026, 9:42:32 PM.270] [Info] [MCP][cacheDbg] getConnectedServers() returning: [connector-proxy] (size=1)
[9/25/2026, 9:42:32 PM.270] [Info] [MCP][cacheDbg] getConnectedServers() called: nonInteractive=true waitForSettle=false cacheNow=[connector-proxy] allServers=[connector-proxy:connected,weixinpay:connecting,sheetagent:connecting]
[9/25/2026, 9:42:32 PM.270] [Info] [MCP][cacheDbg] getConnectedServers() returning: [connector-proxy] (size=1)
[9/25/2026, 9:42:32 PM.271] [Info] [Startup] McpConfigManager.list: loading scope=user
[9/25/2026, 9:42:32 PM.271] [Info] [Startup] McpConfigManager.list: scope=user cache hit (0ms)
[9/25/2026, 9:42:32 PM.271] [Info] [Startup] McpConfigManager.list: loading scope=user
[9/25/2026, 9:42:32 PM.271] [Info] [Startup] McpConfigManager.list: scope=user cache hit (0ms)
[9/25/2026, 9:42:32 PM.271] [Info] [MCP][buildMcpServers] wait breakdown: waitForServersReady=0ms getConnectedServers=1ms
[9/25/2026, 9:42:32 PM.271] [Info] [MCP][buildMcpServers] connected servers=[connector-proxy] (count=1)
[9/25/2026, 9:42:32 PM.271] [Info] [MCP][buildMcpServers] wait breakdown: waitForServersReady=0ms getConnectedServers=1ms
[9/25/2026, 9:42:32 PM.271] [Info] [MCP][buildMcpServers] connected servers=[connector-proxy] (count=1)
[9/25/2026, 9:42:32 PM.271] [Info] [MCP][buildMcpServers] wait breakdown: waitForServersReady=0ms getConnectedServers=1ms
[9/25/2026, 9:42:32 PM.271] [Info] [MCP][buildMcpServers] connected servers=[connector-proxy] (count=1)
[9/25/2026, 9:42:32 PM.271] [Info] [Startup] McpConfigManager.list: loading scope=internal
[9/25/2026, 9:42:32 PM.271] [Info] [Startup] McpConfigManager.list: scope=internal cache hit (0ms)
[9/25/2026, 9:42:32 PM.271] [Info] [Startup] McpConfigManager.list: loading scope=project
[9/25/2026, 9:42:32 PM.271] [Info] [Startup] McpConfigManager.list: scope=project cache hit (0ms)
[9/25/2026, 9:42:32 PM.271] [Info] [Startup] McpConfigManager.list: loading scope=internal
[9/25/2026, 9:42:32 PM.271] [Info] [Startup] McpConfigManager.list: scope=internal cache hit (0ms)
[9/25/2026, 9:42:32 PM.271] [Info] [Startup] McpConfigManager.list: loading scope=project
[9/25/2026, 9:42:32 PM.271] [Info] [Startup] McpConfigManager.list: scope=project cache hit (0ms)
[9/25/2026, 9:42:32 PM.271] [Info] [Startup] McpConfigManager.list: loading scope=sdk
[9/25/2026, 9:42:32 PM.271] [Info] [Startup] McpConfigManager.list: scope=sdk cache hit (0ms)
[9/25/2026, 9:42:32 PM.272] [Info] [Startup] McpConfigManager.list: loading scope=local
[9/25/2026, 9:42:32 PM.272] [Info] [Startup] McpConfigManager.list: scope=local cache hit (0ms)
[9/25/2026, 9:42:32 PM.272] [Info] [Startup] McpConfigManager.list: loading scope=sdk
[9/25/2026, 9:42:32 PM.272] [Info] [Startup] McpConfigManager.list: scope=sdk cache hit (0ms)
[9/25/2026, 9:42:32 PM.272] [Info] [Startup] McpConfigManager.list: loading scope=local
[9/25/2026, 9:42:32 PM.272] [Info] [Startup] McpConfigManager.list: scope=local cache hit (0ms)
[9/25/2026, 9:42:32 PM.272] [Info] [Startup] McpConfigManager.list: loading scope=internal
[9/25/2026, 9:42:32 PM.272] [Info] [Startup] McpConfigManager.list: scope=internal cache hit (0ms)
[9/25/2026, 9:42:32 PM.272] [Info] [Startup] McpConfigManager.list: loading scope=internal
[9/25/2026, 9:42:32 PM.272] [Info] [Startup] McpConfigManager.list: scope=internal cache hit (0ms)
[9/25/2026, 9:42:32 PM.272] [Info] [Startup] McpConfigManager.list: loading scope=internal
[9/25/2026, 9:42:32 PM.272] [Info] [Startup] McpConfigManager.list: scope=internal cache hit (0ms)
[9/25/2026, 9:42:32 PM.272] [Info] [Startup] McpConfigManager.list: loading scope=plugin
[9/25/2026, 9:42:32 PM.272] [Info] [Startup] McpConfigManager.list: scope=plugin cache hit (0ms)
[9/25/2026, 9:42:32 PM.272] [Info] [Startup] McpConfigManager.list: loading scope=plugin
[9/25/2026, 9:42:32 PM.272] [Info] [Startup] McpConfigManager.list: scope=plugin cache hit (0ms)
[9/25/2026, 9:42:32 PM.272] [Info] [Startup] McpConfigManager.list: loading scope=sdk
[9/25/2026, 9:42:32 PM.272] [Info] [Startup] McpConfigManager.list: scope=sdk cache hit (0ms)
[9/25/2026, 9:42:32 PM.272] [Info] [Startup] McpConfigManager.list: loading scope=sdk
[9/25/2026, 9:42:32 PM.272] [Info] [Startup] McpConfigManager.list: scope=sdk cache hit (0ms)
[9/25/2026, 9:42:32 PM.272] [Info] [Startup] McpConfigManager.list: loading scope=sdk
[9/25/2026, 9:42:32 PM.272] [Info] [Startup] McpConfigManager.list: scope=sdk cache hit (0ms)
[9/25/2026, 9:42:32 PM.272] [Info] [Startup] McpConfigManager.list: loading scope=user
[9/25/2026, 9:42:32 PM.272] [Info] [Startup] McpConfigManager.list: scope=user cache hit (0ms)
[9/25/2026, 9:42:32 PM.272] [Info] [Startup] McpManager.list: starting (scope=all)
[9/25/2026, 9:42:32 PM.272] [Info] [Startup] McpConfigManager.list: loading scope=user
[9/25/2026, 9:42:32 PM.272] [Info] [Startup] McpConfigManager.list: scope=user cache hit (0ms)
[9/25/2026, 9:42:32 PM.272] [Info] [Startup] McpManager.list: starting (scope=all)
[9/25/2026, 9:42:32 PM.272] [Info] [Startup] McpConfigManager.list: loading scope=plugin
[9/25/2026, 9:42:32 PM.272] [Info] [Startup] McpConfigManager.list: scope=plugin cache hit (0ms)
[9/25/2026, 9:42:32 PM.272] [Info] [Startup] McpConfigManager.list: loading scope=plugin
[9/25/2026, 9:42:32 PM.272] [Info] [Startup] McpConfigManager.list: scope=plugin cache hit (0ms)
[9/25/2026, 9:42:32 PM.272] [Info] [Startup] McpConfigManager.list: loading scope=plugin
[9/25/2026, 9:42:32 PM.272] [Info] [Startup] McpConfigManager.list: scope=plugin cache hit (0ms)
[9/25/2026, 9:42:32 PM.272] [Info] [Startup] McpConfigManager.list: loading scope=project
[9/25/2026, 9:42:32 PM.272] [Info] [Startup] McpConfigManager.list: scope=project cache hit (0ms)
[9/25/2026, 9:42:32 PM.272] [Info] [Startup] McpConfigManager.list: loading scope=project
[9/25/2026, 9:42:32 PM.272] [Info] [Startup] McpConfigManager.list: scope=project cache hit (0ms)
[9/25/2026, 9:42:32 PM.272] [Info] [Startup] McpConfigManager.list: loading scope=user
[9/25/2026, 9:42:32 PM.272] [Info] [Startup] McpConfigManager.list: scope=user cache hit (0ms)
[9/25/2026, 9:42:32 PM.272] [Info] [Startup] McpConfigManager.list: loading scope=user
[9/25/2026, 9:42:32 PM.272] [Info] [Startup] McpConfigManager.list: scope=user cache hit (0ms)
[9/25/2026, 9:42:32 PM.272] [Info] [Startup] McpConfigManager.list: loading scope=user
[9/25/2026, 9:42:32 PM.272] [Info] [Startup] McpConfigManager.list: scope=user cache hit (0ms)
[9/25/2026, 9:42:32 PM.272] [Info] [Startup] McpConfigManager.list: loading scope=local
[9/25/2026, 9:42:32 PM.272] [Info] [Startup] McpConfigManager.list: scope=local cache hit (0ms)
[9/25/2026, 9:42:32 PM.272] [Info] [Startup] McpConfigManager.list: loading scope=local
[9/25/2026, 9:42:32 PM.272] [Info] [Startup] McpConfigManager.list: scope=local cache hit (0ms)
[9/25/2026, 9:42:32 PM.272] [Info] [Startup] McpConfigManager.list: loading scope=project
[9/25/2026, 9:42:32 PM.272] [Info] [Startup] McpConfigManager.list: scope=project cache hit (0ms)
[9/25/2026, 9:42:32 PM.272] [Info] [Startup] McpConfigManager.list: loading scope=project
[9/25/2026, 9:42:32 PM.272] [Info] [Startup] McpConfigManager.list: scope=project cache hit (0ms)
[9/25/2026, 9:42:32 PM.272] [Info] [Startup] McpConfigManager.list: loading scope=project
[9/25/2026, 9:42:32 PM.272] [Info] [Startup] McpConfigManager.list: scope=project cache hit (0ms)
[9/25/2026, 9:42:32 PM.272] [Info] [Startup] McpConfigManager.list: loading scope=local
[9/25/2026, 9:42:32 PM.272] [Info] [Startup] McpConfigManager.list: scope=local cache hit (0ms)
[9/25/2026, 9:42:32 PM.272] [Info] [Startup] McpConfigManager.list: loading scope=local
[9/25/2026, 9:42:32 PM.272] [Info] [Startup] McpConfigManager.list: scope=local cache hit (0ms)
[9/25/2026, 9:42:32 PM.272] [Info] [Startup] McpConfigManager.list: loading scope=local
[9/25/2026, 9:42:32 PM.272] [Info] [Startup] McpConfigManager.list: scope=local cache hit (0ms)
[9/25/2026, 9:42:32 PM.273] [Info] [Startup] McpManager.list: starting (scope=all)
[9/25/2026, 9:42:32 PM.273] [Info] [Startup] McpManager.list: starting (scope=all)
[9/25/2026, 9:42:32 PM.273] [Info] [Startup] McpManager.list: starting (scope=all)
[9/25/2026, 9:42:32 PM.273] [Info] [Startup] McpManager.list: starting (scope=all)
[9/25/2026, 9:42:32 PM.273] [Info] [Startup] McpManager.list: starting (scope=all)
[9/25/2026, 9:42:32 PM.275] [Info] [MarketplaceStorage]  [MarketplaceStorage] getMarketplaces ensureConfigFile=0ms readAndRepair=12ms migration=0ms total=12ms count=5 path=/Users/didi/.workbuddy/plugins/known_marketplaces.json
[9/25/2026, 9:42:32 PM.275] [Info] [PluginManager]  All built-in marketplaces are already installed
[9/25/2026, 9:42:32 PM.275] [Info] [MCP][registerAgent] agent=compact mcpServers=[] (count=0) grantMcpAccess=false
[9/25/2026, 9:42:32 PM.276] [Info] [MCP][registerAgent] agent=pulse mcpServers=[] (count=0) grantMcpAccess=false
[9/25/2026, 9:42:32 PM.276] [Info] [MCP][registerAgent] agent=handoff-summary mcpServers=[] (count=0) grantMcpAccess=false
[9/25/2026, 9:42:32 PM.276] [Info] [MCP][registerAgent] agent=enhance-prompt mcpServers=[] (count=0) grantMcpAccess=false
[9/25/2026, 9:42:32 PM.282] [Info] [Startup] McpConfigManager.list: loading scope=internal
[9/25/2026, 9:42:32 PM.282] [Info] [Startup] McpConfigManager.list: scope=internal cache hit (0ms)
[9/25/2026, 9:42:32 PM.282] [Info] [Startup] McpConfigManager.list: loading scope=sdk
[9/25/2026, 9:42:32 PM.282] [Info] [Startup] McpConfigManager.list: scope=sdk cache hit (0ms)
[9/25/2026, 9:42:32 PM.282] [Info] [Startup] McpConfigManager.list: loading scope=plugin
[9/25/2026, 9:42:32 PM.282] [Info] [Startup] McpConfigManager.list: scope=plugin cache hit (0ms)
[9/25/2026, 9:42:32 PM.282] [Info] [Startup] McpConfigManager.list: loading scope=user
[9/25/2026, 9:42:32 PM.282] [Info] [Startup] McpConfigManager.list: scope=user cache hit (0ms)
[9/25/2026, 9:42:32 PM.282] [Info] [Startup] McpConfigManager.list: loading scope=project
[9/25/2026, 9:42:32 PM.282] [Info] [Startup] McpConfigManager.list: scope=project cache hit (0ms)
[9/25/2026, 9:42:32 PM.282] [Info] [Startup] McpConfigManager.list: loading scope=local
[9/25/2026, 9:42:32 PM.282] [Info] [Startup] McpConfigManager.list: scope=local cache hit (0ms)
[9/25/2026, 9:42:32 PM.282] [Info] [Startup] McpManager.list: starting (scope=all)
[9/25/2026, 9:42:32 PM.285] [Info] [MarketplaceStorage]  [MarketplaceStorage] getMarketplaces ensureConfigFile=0ms readAndRepair=9ms migration=0ms total=9ms count=5 path=/Users/didi/.workbuddy/plugins/known_marketplaces.json
[9/25/2026, 9:42:32 PM.285] [Info] [BuiltInMarketplaceProvider]  Found 2 built-in marketplace(s)
[9/25/2026, 9:42:32 PM.285] [Info] [MCP][registerAgent] agent=sheet-agent mcpServers=[] (count=0) grantMcpAccess=true
[9/25/2026, 9:42:32 PM.286] [Info] [MCP][registerAgent] agent=statusline-setup mcpServers=[] (count=0) grantMcpAccess=false
[9/25/2026, 9:42:32 PM.286] [Info] [MCP][registerAgent] agent=Plan mcpServers=[] (count=0) grantMcpAccess=false
[9/25/2026, 9:42:32 PM.287] [Info] [MCP][registerAgent] agent=general-purpose mcpServers=[connector-proxy] (count=1) grantMcpAccess=true
[9/25/2026, 9:42:32 PM.287] [Info] [MCP][registerAgent] agent=Explore mcpServers=[connector-proxy] (count=1) grantMcpAccess=true
[9/25/2026, 9:42:32 PM.287] [Info] [MCP][registerAgent] agent=doc-converter mcpServers=[connector-proxy] (count=1) grantMcpAccess=true
[9/25/2026, 9:42:32 PM.287] [Info] [MCP][registerAgent] agent=doc-formatter mcpServers=[connector-proxy] (count=1) grantMcpAccess=true
[9/25/2026, 9:42:32 PM.287] [Info] [MCP][registerAgent] agent=doc-writer mcpServers=[connector-proxy] (count=1) grantMcpAccess=true
[9/25/2026, 9:42:32 PM.287] [Info] [MCP][registerAgent] agent=cli mcpServers=[connector-proxy] (count=1) grantMcpAccess=true
[9/25/2026, 9:42:32 PM.287] [Info] [Startup] AgentManager.rebuildAgents: completed in 43ms, resolving readyDeferred
[9/25/2026, 9:42:32 PM.289] [Info] [PluginManager]  Loaded 5 marketplaces (2 built-in) total=14ms storage=9ms builtIn=1ms autoUpdate=2ms
[9/25/2026, 9:42:32 PM.318] [Info] [PluginsProductProvider.provide] active=12, ids=[weixinpay@workbuddy-builtin,tencent-docs-plugin@workbuddy-builtin,sheetagent@workbuddy-builtin,tencent-pptx@workbuddy-builtin,tencent-docx@workbuddy-builtin,agent-browser@codebuddy-plugins-official,find-skills@codebuddy-plugins-official,welcomemode-work@workbuddy-builtin,interactionmode-craft@workbuddy-builtin,prompt-common@workbuddy-builtin,agent-browser@inline,find-skills@inline]
[9/25/2026, 9:42:32 PM.318] [Info] [MCP][cacheDbg] getConnectedServers() called: nonInteractive=true waitForSettle=false cacheNow=[connector-proxy] allServers=[connector-proxy:connected,weixinpay:connecting,sheetagent:connecting]
[9/25/2026, 9:42:32 PM.318] [Info] [MCP][cacheDbg] getConnectedServers() returning: [connector-proxy] (size=1)
[9/25/2026, 9:42:32 PM.324] [Info] [CustomModelsProductProvider] productName=WorkBuddy, isWorkBuddy=true, userConfigPath=/Users/didi/.workbuddy/models.json
[9/25/2026, 9:42:32 PM.324] [Info] Loaded custom models config from user: /Users/didi/.workbuddy/models.json
[9/25/2026, 9:42:32 PM.324] [Info] [ModelsProductProvider] enterpriseId: undefined, endpoint: https://copilot.tencent.com
[9/25/2026, 9:42:32 PM.324] [Warning] [ModelsProductProvider] enterpriseId is missing, skipping models API call
[9/25/2026, 9:42:32 PM.325] [Info] [AgentModelResolver] product config input: 54 models, 24 agents
[9/25/2026, 9:42:32 PM.325] [Info] [AgentModelResolver] model ids: auto, fast-model, balanced-model, deep-model, hy3, hy3-b, hy3-c, hy3-x, hy4-preview, hy4-preview-f, minimax-m2.5, glm-5v-turbo, glm-5.3, glm-5.3-flash, glm-5.2, glm-5.1, glm-5.0-turbo, glm-4.6v, kimi-k3-1, kimi-k2.8-preview, kimi-k2.7, kimi-k2.6, kimi-k2.5, kimi-k2-thinking, minimax-m3, minimax-m2.7, glm-4.6, deepseek-v4-flash, deepseek-v4.1-flash, deepseek-v4-pro, deepseek-v3-2-volc, deepseek-v3-1-volc, deepseek-v3-1-lkeap, deepseek-v3-1, deepseek-v3-0324-lkeap, deepseek-r1-0528-lkeap, kimi-k2-instruct-taiji, completion-gf, default-1.1, hunyuan-3b, hunyuan-7b-dense, codewise-completions, codewise-rewrite, codewise-nes-a4-027-aide, codewise-jump, deepseek-r1-0528, deepseek-v3-0324-taco-completion, deepseek-v3-0324, default-1.2, hunyuan-2.0-instruct, hunyuan-chat, hunyuan-image-alpha, hunyuan-image-alpha-edit, custom-local:kimi-k3
[9/25/2026, 9:42:32 PM.325] [Info] [AgentModelResolver] agent "cli" original_models=["auto","hy4-preview-f","hy3","hy3-x","deepseek-v4.1-flash","glm-5.3","glm-5.3-flash","glm-5.2","glm-5.1","glm-5v-turbo","minimax-m3","kimi-k3-1","kimi-k2.8-preview","kimi-k2.7","kimi-k2.6","deepseek-v4-pro"] -> resolved_models=["auto","hy4-preview-f","hy3","hy3-x","deepseek-v4.1-flash","glm-5.3","glm-5.3-flash","glm-5.2","glm-5.1","glm-5v-turbo","minimax-m3","kimi-k3-1","kimi-k2.8-preview","kimi-k2.7","kimi-k2.6","deepseek-v4-pro"]
[9/25/2026, 9:42:32 PM.325] [Info] [AgentModelResolver] agent "general-purpose" original_models=[] -> resolved_models=[]
[9/25/2026, 9:42:32 PM.325] [Info] [AgentModelResolver] agent "compact" original_models=[] -> resolved_models=[]
[9/25/2026, 9:42:32 PM.325] [Info] [AgentModelResolver] agent "contextSummary" original_models=[] -> resolved_models=[]
[9/25/2026, 9:42:32 PM.325] [Info] [AgentModelResolver] agent "contentAnalyzer" original_models=[] -> resolved_models=[]
[9/25/2026, 9:42:32 PM.325] [Info] [AgentModelResolver] agent "terminalTitleGenerator" original_models=[] -> resolved_models=[]
[9/25/2026, 9:42:32 PM.325] [Info] [AgentModelResolver] agent "promptSuggestion" original_models=[] -> resolved_models=[]
[9/25/2026, 9:42:32 PM.325] [Info] [AgentModelResolver] agent "memorySelector" original_models=["lite"] -> resolved_models=["lite"]
[9/25/2026, 9:42:32 PM.325] [Info] [AgentModelResolver] agent "summaryGenerator" original_models=[] -> resolved_models=[]
[9/25/2026, 9:42:32 PM.325] [Info] [AgentModelResolver] agent "autoModeClassifier" original_models=[] -> resolved_models=[]
[9/25/2026, 9:42:32 PM.325] [Info] [AgentModelResolver] agent "promptHookEvaluator" original_models=["lite"] -> resolved_models=["lite"]
[9/25/2026, 9:42:32 PM.325] [Info] [AgentModelResolver] agent "insightsAnalyzer" original_models=[] -> resolved_models=[]
[9/25/2026, 9:42:32 PM.325] [Info] [AgentModelResolver] agent "agentInstructions" original_models=[] -> resolved_models=[]
[9/25/2026, 9:42:32 PM.325] [Info] [AgentModelResolver] agent "statusline-setup" original_models=[] -> resolved_models=[]
[9/25/2026, 9:42:32 PM.325] [Info] [AgentModelResolver] agent "Explore" original_models=["lite"] -> resolved_models=["lite"]
[9/25/2026, 9:42:32 PM.325] [Info] [AgentModelResolver] agent "Plan" original_models=[] -> resolved_models=[]
[9/25/2026, 9:42:32 PM.325] [Info] [AgentModelResolver] agent "pulse" original_models=[] -> resolved_models=[]
[9/25/2026, 9:42:32 PM.325] [Info] [AgentModelResolver] agent "handoff-summary" original_models=undefined -> resolved_models=[]
[9/25/2026, 9:42:32 PM.325] [Info] [AgentModelResolver] agent "enhance-prompt" original_models=[] -> resolved_models=[]
[9/25/2026, 9:42:32 PM.325] [Info] [AgentModelResolver] agent "sheet-agent" original_models=[] -> resolved_models=[]
[9/25/2026, 9:42:32 PM.325] [Info] [AgentModelResolver] agent "doc-converter" original_models=[] -> resolved_models=[]
[9/25/2026, 9:42:32 PM.325] [Info] [AgentModelResolver] agent "doc-formatter" original_models=[] -> resolved_models=[]
[9/25/2026, 9:42:32 PM.325] [Info] [AgentModelResolver] agent "doc-writer" original_models=[] -> resolved_models=[]
[9/25/2026, 9:42:32 PM.325] [Info] [AgentModelResolver] agent "work" original_models=[] -> resolved_models=[]
[9/25/2026, 9:42:32 PM.339] [Info] [PluginPolicyService]  [MergedPlugins][DEBUG] ProductManager.onDidChange fired, reloading policies...
[9/25/2026, 9:42:32 PM.339] [Info] [PluginPolicyService]  [MergedPlugins][DEBUG] Current config builtInMarketPluginsMerge: [{"autoEnable":true,"marketplaceName":"codebuddy-plugins-official","name":"agent-browser","scope":"user"}]
[9/25/2026, 9:42:32 PM.339] [Info] [PluginPolicyService]  [MergedPlugins] Loaded 1 merged plugin entries
[9/25/2026, 9:42:32 PM.339] [Info] [Startup] AgentManager.rebuildAgents: START
[9/25/2026, 9:42:32 PM.339] [Info] [Startup] AgentManager.rebuildAgents: completed in 10ms, resolving readyDeferred
[9/25/2026, 9:42:32 PM.339] [Info] [PluginManager]  Checking for built-in marketplaces to install...
[9/25/2026, 9:42:32 PM.339] [Info] [BuiltInMarketplaceProvider]  Found 2 built-in marketplace(s)
[9/25/2026, 9:42:32 PM.339] [Info] [PluginManager]  Found 2 built-in marketplace(s)
[9/25/2026, 9:42:32 PM.340] [Info] [MarketplaceStorage]  [MarketplaceStorage] getMarketplaces ensureConfigFile=0ms readAndRepair=1ms migration=0ms total=1ms count=5 path=/Users/didi/.workbuddy/plugins/known_marketplaces.json
[9/25/2026, 9:42:32 PM.340] [Info] [PluginManager]  All built-in marketplaces are already installed
[9/25/2026, 9:42:32 PM.341] [Info] [MarketplaceStorage]  [MarketplaceStorage] getMarketplaces ensureConfigFile=0ms readAndRepair=1ms migration=0ms total=1ms count=5 path=/Users/didi/.workbuddy/plugins/known_marketplaces.json
[9/25/2026, 9:42:32 PM.341] [Info] [BuiltInMarketplaceProvider]  Found 2 built-in marketplace(s)
[9/25/2026, 9:42:32 PM.342] [Info] Initialized 3 output styles
[9/25/2026, 9:42:32 PM.342] [Info] [Startup] AgentManager.rebuildAgents: START
[9/25/2026, 9:42:32 PM.344] [Info] [PluginAgentCompose] default agent MCP tool whitelist synced agent=cli reason=plugin-settings-agent count=35
[9/25/2026, 9:42:32 PM.344] [Info] plugin settings.agent: applied "work" config onto default agent "cli"
[9/25/2026, 9:42:32 PM.345] [Info] [AgentManager] runtime cli agent view ready: 23 agents (used for registration and Agent tool descriptions)
[9/25/2026, 9:42:32 PM.345] [Info] [Startup] McpReadyService.waitForServersReady: config projection triggered; network connections continue asynchronously
[9/25/2026, 9:42:32 PM.346] [Info] [Startup] McpReadyService.waitForServersReady: config projection triggered; network connections continue asynchronously
[9/25/2026, 9:42:32 PM.346] [Info] [Startup] McpReadyService.waitForServersReady: config projection triggered; network connections continue asynchronously
[9/25/2026, 9:42:32 PM.346] [Info] [MCP][cacheDbg] getConnectedServers() called: nonInteractive=true waitForSettle=false cacheNow=[connector-proxy] allServers=[connector-proxy:connected,weixinpay:connecting,sheetagent:connecting]
[9/25/2026, 9:42:32 PM.346] [Info] [MCP][cacheDbg] getConnectedServers() returning: [connector-proxy] (size=1)
[9/25/2026, 9:42:32 PM.346] [Info] [Startup] McpManager.list: starting (scope=all)
[9/25/2026, 9:42:32 PM.346] [Info] [Startup] McpManager.list: starting (scope=all)
[9/25/2026, 9:42:32 PM.346] [Info] [Startup] McpManager.list: starting (scope=all)
[9/25/2026, 9:42:32 PM.346] [Info] [Startup] McpReadyService.waitForServersReady: config projection triggered; network connections continue asynchronously
[9/25/2026, 9:42:32 PM.346] [Info] [Startup] McpReadyService.waitForServersReady: config projection triggered; network connections continue asynchronously
[9/25/2026, 9:42:32 PM.347] [Info] [Startup] McpReadyService.waitForServersReady: config projection triggered; network connections continue asynchronously
[9/25/2026, 9:42:32 PM.347] [Info] [MCP][cacheDbg] getConnectedServers() called: nonInteractive=true waitForSettle=false cacheNow=[connector-proxy] allServers=[connector-proxy:connected,weixinpay:connecting,sheetagent:connecting]
[9/25/2026, 9:42:32 PM.347] [Info] [MCP][cacheDbg] getConnectedServers() returning: [connector-proxy] (size=1)
[9/25/2026, 9:42:32 PM.347] [Info] [MCP][cacheDbg] getConnectedServers() called: nonInteractive=true waitForSettle=false cacheNow=[connector-proxy] allServers=[connector-proxy:connected,weixinpay:connecting,sheetagent:connecting]
[9/25/2026, 9:42:32 PM.347] [Info] [MCP][cacheDbg] getConnectedServers() returning: [connector-proxy] (size=1)
[9/25/2026, 9:42:32 PM.347] [Info] [MCP][cacheDbg] getConnectedServers() called: nonInteractive=true waitForSettle=false cacheNow=[connector-proxy] allServers=[connector-proxy:connected,weixinpay:connecting,sheetagent:connecting]
[9/25/2026, 9:42:32 PM.347] [Info] [MCP][cacheDbg] getConnectedServers() returning: [connector-proxy] (size=1)
[9/25/2026, 9:42:32 PM.348] [Info] [Startup] McpManager.list: starting (scope=all)
[9/25/2026, 9:42:32 PM.348] [Info] [Startup] McpManager.list: starting (scope=all)
[9/25/2026, 9:42:32 PM.348] [Info] [Startup] McpManager.list: starting (scope=all)
[9/25/2026, 9:42:32 PM.348] [Info] [MCP][buildMcpServers] wait breakdown: waitForServersReady=1ms getConnectedServers=0ms
[9/25/2026, 9:42:32 PM.348] [Info] [MCP][buildMcpServers] connected servers=[connector-proxy] (count=1)
[9/25/2026, 9:42:32 PM.348] [Info] [MCP][buildMcpServers] wait breakdown: waitForServersReady=1ms getConnectedServers=0ms
[9/25/2026, 9:42:32 PM.348] [Info] [MCP][buildMcpServers] connected servers=[connector-proxy] (count=1)
[9/25/2026, 9:42:32 PM.348] [Info] [MCP][registerAgent] agent=contextSummary mcpServers=[] (count=0) grantMcpAccess=false
[9/25/2026, 9:42:32 PM.348] [Info] [MCP][registerAgent] agent=contentAnalyzer mcpServers=[] (count=0) grantMcpAccess=false
[9/25/2026, 9:42:32 PM.348] [Info] [MCP][registerAgent] agent=terminalTitleGenerator mcpServers=[] (count=0) grantMcpAccess=false
[9/25/2026, 9:42:32 PM.348] [Info] [MCP][registerAgent] agent=promptSuggestion mcpServers=[] (count=0) grantMcpAccess=false
[9/25/2026, 9:42:32 PM.348] [Info] [MCP][registerAgent] agent=memorySelector mcpServers=[] (count=0) grantMcpAccess=false
[9/25/2026, 9:42:32 PM.348] [Info] [MCP][registerAgent] agent=summaryGenerator mcpServers=[] (count=0) grantMcpAccess=false
[9/25/2026, 9:42:32 PM.348] [Info] [MCP][registerAgent] agent=autoModeClassifier mcpServers=[] (count=0) grantMcpAccess=false
[9/25/2026, 9:42:32 PM.348] [Info] [MCP][registerAgent] agent=promptHookEvaluator mcpServers=[] (count=0) grantMcpAccess=false
[9/25/2026, 9:42:32 PM.348] [Info] [MCP][registerAgent] agent=insightsAnalyzer mcpServers=[] (count=0) grantMcpAccess=false
[9/25/2026, 9:42:32 PM.348] [Info] [MCP][registerAgent] agent=agentInstructions mcpServers=[] (count=0) grantMcpAccess=false
[9/25/2026, 9:42:32 PM.348] [Info] [MCP][buildMcpServers] connected servers=[connector-proxy] (count=1)
[9/25/2026, 9:42:32 PM.348] [Info] [MCP][cacheDbg] getConnectedServers() called: nonInteractive=true waitForSettle=false cacheNow=[connector-proxy] allServers=[connector-proxy:connected,weixinpay:connecting,sheetagent:connecting]
[9/25/2026, 9:42:32 PM.348] [Info] [MCP][cacheDbg] getConnectedServers() returning: [connector-proxy] (size=1)
[9/25/2026, 9:42:32 PM.348] [Info] [MCP][cacheDbg] getConnectedServers() called: nonInteractive=true waitForSettle=false cacheNow=[connector-proxy] allServers=[connector-proxy:connected,weixinpay:connecting,sheetagent:connecting]
[9/25/2026, 9:42:32 PM.348] [Info] [MCP][cacheDbg] getConnectedServers() returning: [connector-proxy] (size=1)
[9/25/2026, 9:42:32 PM.348] [Info] [MCP][cacheDbg] getConnectedServers() called: nonInteractive=true waitForSettle=false cacheNow=[connector-proxy] allServers=[connector-proxy:connected,weixinpay:connecting,sheetagent:connecting]
[9/25/2026, 9:42:32 PM.348] [Info] [MCP][cacheDbg] getConnectedServers() returning: [connector-proxy] (size=1)
[9/25/2026, 9:42:32 PM.348] [Info] [MCP][buildMcpServers] wait breakdown: waitForServersReady=0ms getConnectedServers=1ms
[9/25/2026, 9:42:32 PM.348] [Info] [MCP][buildMcpServers] connected servers=[connector-proxy] (count=1)
[9/25/2026, 9:42:32 PM.348] [Info] [MCP][buildMcpServers] wait breakdown: waitForServersReady=0ms getConnectedServers=1ms
[9/25/2026, 9:42:32 PM.348] [Info] [MCP][buildMcpServers] connected servers=[connector-proxy] (count=1)
[9/25/2026, 9:42:32 PM.348] [Info] [MCP][buildMcpServers] wait breakdown: waitForServersReady=0ms getConnectedServers=1ms
[9/25/2026, 9:42:32 PM.348] [Info] [MCP][buildMcpServers] connected servers=[connector-proxy] (count=1)
[9/25/2026, 9:42:32 PM.353] [Info] [MCP][registerAgent] agent=compact mcpServers=[] (count=0) grantMcpAccess=false
[9/25/2026, 9:42:32 PM.353] [Info] [MCP][registerAgent] agent=statusline-setup mcpServers=[] (count=0) grantMcpAccess=false
[9/25/2026, 9:42:32 PM.353] [Info] [MCP][registerAgent] agent=Plan mcpServers=[] (count=0) grantMcpAccess=false
[9/25/2026, 9:42:32 PM.353] [Info] [MCP][registerAgent] agent=pulse mcpServers=[] (count=0) grantMcpAccess=false
[9/25/2026, 9:42:32 PM.353] [Info] [MCP][registerAgent] agent=handoff-summary mcpServers=[] (count=0) grantMcpAccess=false
[9/25/2026, 9:42:32 PM.353] [Info] [MCP][registerAgent] agent=enhance-prompt mcpServers=[] (count=0) grantMcpAccess=false
[9/25/2026, 9:42:32 PM.353] [Info] [MCP][registerAgent] agent=sheet-agent mcpServers=[] (count=0) grantMcpAccess=true
[9/25/2026, 9:42:32 PM.354] [Info] [MCP][registerAgent] agent=cli mcpServers=[connector-proxy] (count=1) grantMcpAccess=true
[9/25/2026, 9:42:32 PM.355] [Info] [MCP][registerAgent] agent=Explore mcpServers=[connector-proxy] (count=1) grantMcpAccess=true
[9/25/2026, 9:42:32 PM.355] [Info] [MCP][registerAgent] agent=general-purpose mcpServers=[connector-proxy] (count=1) grantMcpAccess=true
[9/25/2026, 9:42:32 PM.355] [Info] [MCP][registerAgent] agent=doc-converter mcpServers=[connector-proxy] (count=1) grantMcpAccess=true
[9/25/2026, 9:42:32 PM.356] [Info] [MCP][registerAgent] agent=doc-formatter mcpServers=[connector-proxy] (count=1) grantMcpAccess=true
[9/25/2026, 9:42:32 PM.356] [Info] [MCP][registerAgent] agent=doc-writer mcpServers=[connector-proxy] (count=1) grantMcpAccess=true
[9/25/2026, 9:42:32 PM.356] [Info] [Startup] AgentManager.rebuildAgents: completed in 14ms, resolving readyDeferred
[9/25/2026, 9:42:32 PM.356] [Info] [PluginRuntime] refresh completed (startup), active=12
[9/25/2026, 9:42:32 PM.356] [Info] [Startup] executionSessionStartHook: skipping directoryTrust (print=false, acp=true)
[9/25/2026, 9:42:32 PM.362] [Info] [HookExecutor] spawn pid=8824 shell=/bin/bash timeout=5000ms cmd=bash "/Users/didi/.workbuddy/plugins/cache/workbuddy-builtin/tencent-docx/0.3.0/scripts/wb/local/setup.sh" </dev/null >/dev/null 2>&1 &
[9/25/2026, 9:42:32 PM.363] [Info] [PluginManager]  Loaded 5 marketplaces (2 built-in) total=23ms storage=1ms builtIn=0ms autoUpdate=0ms
[9/25/2026, 9:42:32 PM.365] [Info] [SessionHookManager] executeSessionStartHooks source=resume hasHooksCheck=0ms executeHooks=8ms total=8ms
[9/25/2026, 9:42:32 PM.365] [Info] [Startup] executionSessionStartHook: emitSessionStart completed in 8ms, total=394ms
[9/25/2026, 9:42:32 PM.493] [Info] [AuthenticationSessionListener] [auth_success: 青石]  认证成功,执行 Notification 钩子:
[9/25/2026, 9:42:32 PM.526] [Info] [PluginsProductProvider.provide] active=12, ids=[weixinpay@workbuddy-builtin,tencent-docs-plugin@workbuddy-builtin,sheetagent@workbuddy-builtin,tencent-pptx@workbuddy-builtin,tencent-docx@workbuddy-builtin,agent-browser@codebuddy-plugins-official,find-skills@codebuddy-plugins-official,welcomemode-work@workbuddy-builtin,interactionmode-craft@workbuddy-builtin,prompt-common@workbuddy-builtin,agent-browser@inline,find-skills@inline]
[9/25/2026, 9:42:32 PM.527] [Info] [MCP][cacheDbg] getConnectedServers() called: nonInteractive=true waitForSettle=false cacheNow=[connector-proxy] allServers=[connector-proxy:connected,weixinpay:connecting,sheetagent:connecting]
[9/25/2026, 9:42:32 PM.527] [Info] [MCP][cacheDbg] getConnectedServers() returning: [connector-proxy] (size=1)
[9/25/2026, 9:42:32 PM.533] [Info] [CustomModelsProductProvider] productName=WorkBuddy, isWorkBuddy=true, userConfigPath=/Users/didi/.workbuddy/models.json
[9/25/2026, 9:42:32 PM.533] [Info] Loaded custom models config from user: /Users/didi/.workbuddy/models.json
[9/25/2026, 9:42:32 PM.533] [Info] [ModelsProductProvider] enterpriseId: undefined, endpoint: https://copilot.tencent.com
[9/25/2026, 9:42:32 PM.533] [Warning] [ModelsProductProvider] enterpriseId is missing, skipping models API call
[9/25/2026, 9:42:32 PM.533] [Info] [AgentModelResolver] product config input: 54 models, 24 agents
[9/25/2026, 9:42:32 PM.533] [Info] [AgentModelResolver] model ids: auto, fast-model, balanced-model, deep-model, hy3, hy3-b, hy3-c, hy3-x, hy4-preview, hy4-preview-f, minimax-m2.5, glm-5v-turbo, glm-5.3, glm-5.3-flash, glm-5.2, glm-5.1, glm-5.0-turbo, glm-4.6v, kimi-k3-1, kimi-k2.8-preview, kimi-k2.7, kimi-k2.6, kimi-k2.5, kimi-k2-thinking, minimax-m3, minimax-m2.7, glm-4.6, deepseek-v4-flash, deepseek-v4.1-flash, deepseek-v4-pro, deepseek-v3-2-volc, deepseek-v3-1-volc, deepseek-v3-1-lkeap, deepseek-v3-1, deepseek-v3-0324-lkeap, deepseek-r1-0528-lkeap, kimi-k2-instruct-taiji, completion-gf, default-1.1, hunyuan-3b, hunyuan-7b-dense, codewise-completions, codewise-rewrite, codewise-nes-a4-027-aide, codewise-jump, deepseek-r1-0528, deepseek-v3-0324-taco-completion, deepseek-v3-0324, default-1.2, hunyuan-2.0-instruct, hunyuan-chat, hunyuan-image-alpha, hunyuan-image-alpha-edit, custom-local:kimi-k3
[9/25/2026, 9:42:32 PM.533] [Info] [AgentModelResolver] agent "cli" original_models=["auto","hy4-preview-f","hy3","hy3-x","deepseek-v4.1-flash","glm-5.3","glm-5.3-flash","glm-5.2","glm-5.1","glm-5v-turbo","minimax-m3","kimi-k3-1","kimi-k2.8-preview","kimi-k2.7","kimi-k2.6","deepseek-v4-pro"] -> resolved_models=["auto","hy4-preview-f","hy3","hy3-x","deepseek-v4.1-flash","glm-5.3","glm-5.3-flash","glm-5.2","glm-5.1","glm-5v-turbo","minimax-m3","kimi-k3-1","kimi-k2.8-preview","kimi-k2.7","kimi-k2.6","deepseek-v4-pro"]
[9/25/2026, 9:42:32 PM.533] [Info] [AgentModelResolver] agent "general-purpose" original_models=[] -> resolved_models=[]
[9/25/2026, 9:42:32 PM.533] [Info] [AgentModelResolver] agent "compact" original_models=[] -> resolved_models=[]
[9/25/2026, 9:42:32 PM.533] [Info] [AgentModelResolver] agent "contextSummary" original_models=[] -> resolved_models=[]
[9/25/2026, 9:42:32 PM.533] [Info] [AgentModelResolver] agent "contentAnalyzer" original_models=[] -> resolved_models=[]
[9/25/2026, 9:42:32 PM.533] [Info] [AgentModelResolver] agent "terminalTitleGenerator" original_models=[] -> resolved_models=[]
[9/25/2026, 9:42:32 PM.533] [Info] [AgentModelResolver] agent "promptSuggestion" original_models=[] -> resolved_models=[]
[9/25/2026, 9:42:32 PM.533] [Info] [AgentModelResolver] agent "memorySelector" original_models=["lite"] -> resolved_models=["lite"]
[9/25/2026, 9:42:32 PM.533] [Info] [AgentModelResolver] agent "summaryGenerator" original_models=[] -> resolved_models=[]
[9/25/2026, 9:42:32 PM.533] [Info] [AgentModelResolver] agent "autoModeClassifier" original_models=[] -> resolved_models=[]
[9/25/2026, 9:42:32 PM.533] [Info] [AgentModelResolver] agent "promptHookEvaluator" original_models=["lite"] -> resolved_models=["lite"]
[9/25/2026, 9:42:32 PM.533] [Info] [AgentModelResolver] agent "insightsAnalyzer" original_models=[] -> resolved_models=[]
[9/25/2026, 9:42:32 PM.533] [Info] [AgentModelResolver] agent "agentInstructions" original_models=[] -> resolved_models=[]
[9/25/2026, 9:42:32 PM.533] [Info] [AgentModelResolver] agent "statusline-setup" original_models=[] -> resolved_models=[]
[9/25/2026, 9:42:32 PM.533] [Info] [AgentModelResolver] agent "Explore" original_models=["lite"] -> resolved_models=["lite"]
[9/25/2026, 9:42:32 PM.533] [Info] [AgentModelResolver] agent "Plan" original_models=[] -> resolved_models=[]
[9/25/2026, 9:42:32 PM.533] [Info] [AgentModelResolver] agent "pulse" original_models=[] -> resolved_models=[]
[9/25/2026, 9:42:32 PM.533] [Info] [AgentModelResolver] agent "handoff-summary" original_models=undefined -> resolved_models=[]
[9/25/2026, 9:42:32 PM.533] [Info] [AgentModelResolver] agent "enhance-prompt" original_models=[] -> resolved_models=[]
[9/25/2026, 9:42:32 PM.533] [Info] [AgentModelResolver] agent "sheet-agent" original_models=[] -> resolved_models=[]
[9/25/2026, 9:42:32 PM.533] [Info] [AgentModelResolver] agent "doc-converter" original_models=[] -> resolved_models=[]
[9/25/2026, 9:42:32 PM.533] [Info] [AgentModelResolver] agent "doc-formatter" original_models=[] -> resolved_models=[]
[9/25/2026, 9:42:32 PM.533] [Info] [AgentModelResolver] agent "doc-writer" original_models=[] -> resolved_models=[]
[9/25/2026, 9:42:32 PM.533] [Info] [AgentModelResolver] agent "work" original_models=[] -> resolved_models=[]
[9/25/2026, 9:42:32 PM.548] [Info] [PluginPolicyService]  [MergedPlugins][DEBUG] ProductManager.onDidChange fired, reloading policies...
[9/25/2026, 9:42:32 PM.548] [Info] [PluginPolicyService]  [MergedPlugins][DEBUG] Current config builtInMarketPluginsMerge: [{"autoEnable":true,"marketplaceName":"codebuddy-plugins-official","name":"agent-browser","scope":"user"}]
[9/25/2026, 9:42:32 PM.548] [Info] [PluginPolicyService]  [MergedPlugins] Loaded 1 merged plugin entries
[9/25/2026, 9:42:32 PM.548] [Info] [Startup] AgentManager.rebuildAgents: START
[9/25/2026, 9:42:32 PM.549] [Info] [Startup] AgentManager.rebuildAgents: completed in 12ms, resolving readyDeferred
[9/25/2026, 9:42:32 PM.549] [Info] [PluginManager]  Checking for built-in marketplaces to install...
[9/25/2026, 9:42:32 PM.549] [Info] [BuiltInMarketplaceProvider]  Found 2 built-in marketplace(s)
[9/25/2026, 9:42:32 PM.549] [Info] [PluginManager]  Found 2 built-in marketplace(s)
[9/25/2026, 9:42:32 PM.551] [Info] [MarketplaceStorage]  [MarketplaceStorage] getMarketplaces ensureConfigFile=0ms readAndRepair=1ms migration=0ms total=1ms count=5 path=/Users/didi/.workbuddy/plugins/known_marketplaces.json
[9/25/2026, 9:42:32 PM.551] [Info] [PluginManager]  All built-in marketplaces are already installed
[9/25/2026, 9:42:32 PM.552] [Info] [MarketplaceStorage]  [MarketplaceStorage] getMarketplaces ensureConfigFile=0ms readAndRepair=1ms migration=0ms total=1ms count=5 path=/Users/didi/.workbuddy/plugins/known_marketplaces.json
[9/25/2026, 9:42:32 PM.552] [Info] [BuiltInMarketplaceProvider]  Found 2 built-in marketplace(s)
[9/25/2026, 9:42:32 PM.555] [Info] [PluginManager]  Loaded 5 marketplaces (2 built-in) total=4ms storage=1ms builtIn=0ms autoUpdate=0ms
[9/25/2026, 9:42:32 PM.624] [Info] [MCP][cacheDbg] status setter: server=weixinpay connecting -> connected
[9/25/2026, 9:42:32 PM.624] [Info] [MCP][cacheDbg] changedSubject.next #5: server=weixinpay status=connected
[9/25/2026, 9:42:32 PM.624] [Info] [MCP][cacheDbg] doConnect OK: server=weixinpay elapsed=410ms
[9/25/2026, 9:42:32 PM.624] [Info] [MCP][cacheDbg] run#5 ENTER (inflight=1): trigger=weixinpay status=connected isActive=true | cacheBefore=[connector-proxy] (size=1)
[9/25/2026, 9:42:32 PM.624] [Info] Indexing deferred tools for server: weixinpay
[9/25/2026, 9:42:32 PM.626] [Info] [MCP][cacheDbg] run#5 activeNow=[connector-proxy,weixinpay] | allServers=[connector-proxy:connected,weixinpay:connected,sheetagent:connecting]
[9/25/2026, 9:42:32 PM.626] [Info] [MCP][cacheDbg] run#5 cache rebuilt: cacheAfter=[connector-proxy,weixinpay] (size=2)
[9/25/2026, 9:42:32 PM.626] [Info] [MCP][cacheDbg] run#5 EXIT (inflight=0)
[9/25/2026, 9:42:32 PM.641] [Info] [MCP][cacheDbg] status setter: server=sheetagent connecting -> connected
[9/25/2026, 9:42:32 PM.641] [Info] [MCP][cacheDbg] changedSubject.next #6: server=sheetagent status=connected
[9/25/2026, 9:42:32 PM.641] [Info] [MCP][cacheDbg] doConnect OK: server=sheetagent elapsed=424ms
[9/25/2026, 9:42:32 PM.641] [Info] [MCP][cacheDbg] run#6 ENTER (inflight=1): trigger=sheetagent status=connected isActive=true | cacheBefore=[connector-proxy,weixinpay] (size=2)
[9/25/2026, 9:42:32 PM.641] [Info] Indexing deferred tools for server: sheetagent
[9/25/2026, 9:42:32 PM.647] [Info] [MCP][cacheDbg] run#6 activeNow=[connector-proxy,weixinpay,sheetagent] | allServers=[connector-proxy:connected,weixinpay:connected,sheetagent:connected]
[9/25/2026, 9:42:32 PM.647] [Info] [MCP][cacheDbg] run#6 cache rebuilt: cacheAfter=[connector-proxy,weixinpay,sheetagent] (size=3)
[9/25/2026, 9:42:32 PM.647] [Info] [MCP][cacheDbg] run#6 EXIT (inflight=0)
[9/25/2026, 9:42:32 PM.670] [Info] starting POST /api/v1/acp
[9/25/2026, 9:42:32 PM.672] [Info] [ACP StreamManager] handlePost: hasPrompt=true, inFlightPromptCount=0, messages=session/prompt
[9/25/2026, 9:42:32 PM.672] [Info] [ACP StreamManager] handlePost: Creating stream ae07bc38-7a4d-428a-a13a-a8b51cc87174 for requests
[9/25/2026, 9:42:32 PM.672] [Info] [ACP StreamManager] handlePost: Mapped request id=5 (method=session/prompt) to stream ae07bc38-7a4d-428a-a13a-a8b51cc87174
[9/25/2026, 9:42:32 PM.672] [Info] [ACP StreamManager] handlePost: After mapping, requestToStreamMapping keys=[5]
[9/25/2026, 9:42:32 PM.673] [Info] [ACP Agent] prompt() called for session 0a5479d6-a616-4baa-8ade-594ddff67fb1
[9/25/2026, 9:42:32 PM.673] [Info] [ACP Agent] adopt upstream promptRequestId=f478c9bbb8ec440b85bec215eab62ae2 for session 0a5479d6-a616-4baa-8ade-594ddff67fb1
[9/25/2026, 9:42:32 PM.673] [Info] [AcpView]  [AcpView][PromptIterator] received prompt session=0a5479d6-a616-4baa-8ade-594ddff67fb1 route=resolveWaiter runState=idle queueLen=0 hasWaiter=true
[9/25/2026, 9:42:32 PM.673] [Info] [AcpView]  Executing prompt for session 0a5479d6-a616-4baa-8ade-594ddff67fb1
[9/25/2026, 9:42:32 PM.674] [Info] [AcpBroadcastService]  Starting broadcast for session 0a5479d6-a616-4baa-8ade-594ddff67fb1, excluding connection 67b1a48d-af81-4c18-b67b-5eb2143b1b10
[9/25/2026, 9:42:32 PM.674] [Info] [ACP Agent] createEventForwardingPromise: subscribing to session 0a5479d6-a616-4baa-8ade-594ddff67fb1
[9/25/2026, 9:42:32 PM.675] [Info] [ACP Agent] Progress update: null
[9/25/2026, 9:42:32 PM.676] [Info] [MCP][resolveAgentForSession] run agent=cli mcpServers=[connector-proxy,weixinpay,sheetagent] (count=3)
[9/25/2026, 9:42:32 PM.676] [Info] ending POST /api/v1/acp [5ms]
[9/25/2026, 9:42:32 PM.676] [Info] [SessionRunStateMachine] transition | sessionId=0a5479d6-a616-4baa-8ade-594ddff67fb1 | event=RUN_PREPARING | from=idle | to=preparing | lifecycle=preparing | busy=true | queueBusy=false
[9/25/2026, 9:42:32 PM.677] [Info] [SessionRunStateMachine] transition | sessionId=0a5479d6-a616-4baa-8ade-594ddff67fb1 | event=RUN_ACCEPTED | from=preparing | to=pending | lifecycle=preparing | busy=true | queueBusy=true | elapsedSinceLastTransitionMs=2
[9/25/2026, 9:42:32 PM.679] [Info] [addHistory] START sessionId=0a5479d6-a616-4baa-8ade-594ddff67fb1, storeId=undefined, types=[message], input=[{type: message, id: N/A}]
[9/25/2026, 9:42:32 PM.681] [Info] [TraceStartHook]  External Trace ID: f478c9bbb8ec440b85bec215eab62ae2, Span ID: undefined, External Span ID: e819b022da5d96c9
[9/25/2026, 9:42:32 PM.686] [Info] [ProxyResolver] L0 PAC: https://copilot.tencent.com/v2/plugin/accounts → DIRECT
[9/25/2026, 9:42:32 PM.962] [Info] [TracingService]  Galileo dual-report enabled: primary OTLP processor attached to global provider.
[9/25/2026, 9:42:32 PM.963] [Info] [GalileoService] initialized successfully
[9/25/2026, 9:42:32 PM.963] [Info] [TraceStartHook] [f478c9bbb8ec440b85bec215eab62ae2]  TraceStartHook executed
[9/25/2026, 9:42:32 PM.963] [Info] [addHistory] START sessionId=0a5479d6-a616-4baa-8ade-594ddff67fb1, storeId=undefined, types=[file-history-snapshot], input=[{type: file-history-snapshot, id: e613a494-bed3-4f1a-b916-972b551b95f8}]
[9/25/2026, 9:42:32 PM.964] [Info] [SessionStore.appendHistory] id=0a5479d6-a616-4baa-8ade-594ddff67fb1, items=1, bytesWritten=2242, fileSize=88424
[9/25/2026, 9:42:32 PM.964] [Info] [addHistory] COMPLETED sessionId=0a5479d6-a616-4baa-8ade-594ddff67fb1
[9/25/2026, 9:42:32 PM.965] [Info] [SandboxAgentRunInterceptor] fileBackup resolve: raw=null, platformSupported=false, resolved=false
[9/25/2026, 9:42:32 PM.965] [Info] [SessionStore.appendHistory] id=0a5479d6-a616-4baa-8ade-594ddff67fb1, items=1, bytesWritten=266, fileSize=88690
[9/25/2026, 9:42:32 PM.965] [Info] [addHistory] COMPLETED sessionId=0a5479d6-a616-4baa-8ade-594ddff67fb1
[9/25/2026, 9:42:32 PM.972] [Info] [SandboxLifecycle] ensureReady first call | sessionId=0a5479d6-a616-4baa-8ade-594ddff67fb1 | appHomeDir=/Users/didi/.workbuddy | appGroupId=<none> | autoProjection=false | showConsoleWindow=false
[9/25/2026, 9:42:32 PM.972] [Info] [SandboxLifecycle] _startAndConnect called, sessionId=0a5479d6-a616-4baa-8ade-594ddff67fb1
[9/25/2026, 9:42:32 PM.972] [Info] [SandboxLifecycle] Starting sandbox-cli process...
[9/25/2026, 9:42:32 PM.972] [Info] [SandboxCLI] start() called, current state=idle, hasIpcAddress=false
[9/25/2026, 9:42:32 PM.972] [Info] [SandboxCLI] State changed to starting, spawning process...
[9/25/2026, 9:42:32 PM.972] [Info] [SandboxCLI] resolved via vendor/sandbox/5.3.3/: /Applications/WorkBuddy.app/Contents/Resources/app.asar.unpacked/cli/vendor/sandbox/5.3.3/sandbox-cli
[9/25/2026, 9:42:32 PM.972] [Info] [SandboxCLI] Starting sandbox-cli: /Applications/WorkBuddy.app/Contents/Resources/app.asar.unpacked/cli/vendor/sandbox/5.3.3/sandbox-cli, ipcAddress=WorkBuddy_56995d2d24b9f067
[9/25/2026, 9:42:32 PM.972] [Info] [SandboxCLI] app_home: /Users/didi/.workbuddy
[9/25/2026, 9:42:32 PM.972] [Info] [SandboxCLI] Spawn args: exe=/Applications/WorkBuddy.app/Contents/Resources/app.asar.unpacked/cli/vendor/sandbox/5.3.3/sandbox-cli, args=["--config","{\"extraPath\":[\"/Applications/WorkBuddy.app/Contents/Resources/app.asar.unpacked/cli/bin/runtime/git/bin\"],\"enableGlobalProjection\":false,\"ipcAddress\":\"WorkBuddy_56995d2d24b9f067\",\"workbuddyInstallDir\":\"/Applications/WorkBuddy.app\"}","--gc_retain_sec","600","--app_home","/Users/didi/.workbuddy"], showConsole=false, env={"PATH":"/Applications/WorkBuddy.app/Contents/Resources/app.asar.unpacked/cli/bin/runtime/git/bin:/Users/didi/.workbuddy/binaries/node/versions/22.22.2/bin:/Users/didi/.local/bin:/usr/local/bin:/System/Cryptexes/App/usr/bin:/usr/bin:/bin:/usr/sbin:/sbin:/var/run/com.apple.security.cryptexd/codex.system/bootstrap/usr/local/bin:/var/run/com.apple.security.cryptexd/codex.system/bootstrap/usr/bin:/var/run/com.apple.security.cryptexd/codex.system/bootstrap/usr/appleinternal/bin:/opt/homebrew/bin"}
[9/25/2026, 9:42:33 PM.078] [Info] [AuthenticationManager]  [AuthenticationManager] Discard refresh: session changed while refresh was in flight
[9/25/2026, 9:42:33 PM.475] [Info] [SandboxCLI] Process alive after 500ms, ipcAddress=WorkBuddy_56995d2d24b9f067
[9/25/2026, 9:42:33 PM.475] [Info] [SandboxCLI] start() succeeded, address=WorkBuddy_56995d2d24b9f067
[9/25/2026, 9:42:33 PM.475] [Info] [SandboxCLI] GC: 1 version dir(s) found, nothing to collect
[9/25/2026, 9:42:33 PM.475] [Info] [SandboxLifecycle] Process started, ipcAddress=WorkBuddy_56995d2d24b9f067
[9/25/2026, 9:42:33 PM.475] [Info] [SandboxLifecycle] Connecting client...
[9/25/2026, 9:42:33 PM.475] [Info] [SandboxCLIClient] Connecting to /tmp/WorkBuddy_56995d2d24b9f067.sock (timeout=10000ms)
[9/25/2026, 9:42:33 PM.475] [Info] [SandboxCLIClient] Connected successfully (attempt 1)
[9/25/2026, 9:42:33 PM.475] [Info] [SandboxLifecycle] Client connected successfully
[9/25/2026, 9:42:33 PM.475] [Info] [SandboxLifecycle] Sending OpenSession request | sessionId=0a5479d6-a616-4baa-8ade-594ddff67fb1 | workingDir=/Users/didi/WorkBuddy/2026-09-24-21-39-57 | autoProjection=false
[9/25/2026, 9:42:33 PM.475] [Info] [SandboxCLIClient] sendRequest | id=ts-msg-0 | cmd=OpenSession | timeout=120000ms | msg={"sessionId":"0a5479d6-a616-4baa-8ade-594ddff67fb1","messageId":"ts-msg-0","command":"OpenSession","data":{"name":"0a5479d6-a616-4baa-8ade-594ddff67fb1","workingDir":"/Users/didi/WorkBuddy/2026-09-24-21-39-57","autoProjection":false}}
[9/25/2026, 9:42:33 PM.475] [Info] [SandboxCLIClient] Response OK | id=ts-msg-0 | cmd=OpenSession | data={"workingDir":"/Users/didi/WorkBuddy/2026-09-24-21-39-57"}
[9/25/2026, 9:42:33 PM.476] [Info] [SandboxLifecycle] OpenSession response | workingDir=/Users/didi/WorkBuddy/2026-09-24-21-39-57
[9/25/2026, 9:42:33 PM.476] [Info] [SandboxLifecycle] bootstrap done | workdir=/Users/didi/WorkBuddy/2026-09-24-21-39-57 | isProjectionActive=false | readyGeneration=1
[9/25/2026, 9:42:33 PM.476] [Info] [SandboxShell] reverse handler registered via sessionReady callback
[9/25/2026, 9:42:33 PM.476] [Info] [SandboxAgentRunInterceptor] onSessionReady | sid=0a5479d6-a616-4baa-8ade-594ddff67fb1 gen=1 reason=bootstrap
[9/25/2026, 9:42:33 PM.476] [Info] [SandboxCLIClient] sendRequest | id=ts-msg-1 | cmd=EnableModifyBackup | timeout=120000ms | msg={"sessionId":"0a5479d6-a616-4baa-8ade-594ddff67fb1","messageId":"ts-msg-1","command":"EnableModifyBackup","data":{"enabled":false}}
[9/25/2026, 9:42:33 PM.476] [Info] [SandboxCLIClient] Response OK | id=ts-msg-1 | cmd=EnableModifyBackup | data={"enabled":false,"previousEnabled":false}
[9/25/2026, 9:42:33 PM.476] [Info] [SandboxAgentRunInterceptor] modify backup config synced: enabled=false, previousEnabled=false, fileBackupMaxSizeMB=<unset>
[9/25/2026, 9:42:33 PM.478] [Info] [SandboxCLIClient] sendRequest | id=ts-msg-2 | cmd=SetFileRules | timeout=120000ms | msg={"sessionId":"0a5479d6-a616-4baa-8ade-594ddff67fb1","messageId":"ts-msg-2","command":"SetFileRules","data":{"rules":[{"path":"/","type":"inherit_user","source":"global","isDirectory":true},{"path":"/Users/didi/WorkBuddy/2026-09-24-21-39-57","type":"inherit_user","source":"global","isDirectory":true},{"path":"/dev/stdout","type":"inherit_user","source":"global"},{"path":"/dev/stderr","type":"inherit_user","source":"global"},{"path":"/dev/null","type":"inherit_user","source":"global"},{"path":"/dev/tty","type":"inherit_user","source":"global"},{"path":"/dev/dtracehelper","type":"inherit_user","source":"global"},{"path":"/dev/autofs_nowait","type":"inherit_user","source":"global"},{"path":"/tmp/codebuddy","type":"inherit_user","source":"global"},{"path":"/private/tmp/codebuddy","type":"inherit_user","source":"global"},{"path":"/Users/didi/.npm/_logs","type":"inherit_user","source":"global","isDirectory":true},{"path":"/Users/didi/.workbuddy/debug","type":"inherit_user","source":"global"},{"path":"/Users/didi/.workbuddy/statsig","type":"inherit_user","source":"global"},{"path":"/Users/didi/.workbuddy/plugin-marketplace-state-new","type":"inherit_user","source":"global","isDirectory":true},{"path":"/Users/didi/.workbuddy/plugins","type":"inherit_user","source":"global","isDirectory":true},{"path":"/Users/didi/.workbuddy/skills","type":"inherit_user","source":"global","isDirectory":true},{"path":"/Users/didi/.workbuddy/skills-marketplace","type":"inherit_user","source":"global"},{"path":"/Users/didi/.workbuddy/connectors","type":"inherit_user","source":"global","isDirectory":true},{"path":"/Users/didi/.workbuddy/connectors-marketplace","type":"inherit_user","source":"global","isDirectory":true},{"path":"/Users/didi/.workbuddy/binaries","type":"inherit_user","source":"global","isDirectory":true},{"path":"/Users/didi/.workbuddy/plans","type":"inherit_user","source":"global","isDirectory":true},{"path":"/Users/didi/.codebuddy/skills","type":"inherit_user","source":"global"},{"path":"/Users/didi/.claude","type":"inherit_user","source":"global","isDirectory":true},{"path":"/Users/didi/.codex","type":"inherit_user","source":"global","isDirectory":true},{"path":"/Users/didi/.openclaw","type":"inherit_user","source":"global"},{"path":"/Users/didi/.hermes","type":"inherit_user","source":"global","isDirectory":true},{"path":"/Users/didi/.agents/skills","type":"inherit_user","source":"global","isDirectory":true},{"path":"/Users/didi/library/caches","type":"inherit_user","source":"global","isDirectory":true},{"path":"/Users/didi/library/python","type":"inherit_user","source":"global","isDirectory":true},{"path":"/Users/didi/.Trash","type":"inherit_user","source":"global","isDirectory":true},{"path":"/Users/didi/.cache","type":"inherit_user","source":"global","isDirectory":true},{"path":"/Users/didi/.local/bin","type":"inherit_user","source":"global","isDirectory":true},{"path":"/Users/didi/.local/lib","type":"inherit_user","source":"global"},{"path":"/Users/didi/.local/share/pip","type":"inherit_user","source":"global"},{"path":"/Users/didi/.npm/_cacache","type":"inherit_user","source":"global","isDirectory":true},{"path":"/Users/didi/.npm/_npx","type":"inherit_user","source":"global","isDirectory":true},{"path":"/Users/didi/.pnpm-store","type":"inherit_user","source":"global"},{"path":"/Users/didi/.cargo/registry","type":"inherit_user","source":"global"},{"path":"/Users/didi/.cargo/bin","type":"inherit_user","source":"global"},{"path":"/Users/didi/.rustup","type":"inherit_user","source":"global"},{"path":"/Users/didi/go/bin","type":"inherit_user","source":"global","isDirectory":true},{"path":"/Users/didi/go/pkg/mod/cache","type":"inherit_user","source":"global","isDirectory":true},{"path":"/Users/didi/.gradle/caches","type":"inherit_user","source":"global"},{"path":"/Users/didi/.m2/repository","type":"inherit_user","source":"global"},{"path":"/Users/didi/.nuget/packages","type":"inherit_user","source":"global"},{"path":"/Users/didi/.bun","type":"inherit_user","source":"global"},{"path":"/Users/didi/.deno","type":"inherit_user","source":"global"},{"path":"/Users/didi/.npm-global","type":"inherit_user","source":"global"},{"path":"/Users/didi/appdata/local/temp","type":"inherit_user","source":"global"},{"path":"/Users/didi/appdata/local/pip/cache","type":"inherit_user","source":"global"},{"path":"/Users/didi/appdata/roaming/python","type":"inherit_user","source":"global"},{"path":"/Users/didi/appdata/roaming/pip","type":"inherit_user","source":"global"},{"path":"/Users/didi/appdata/roaming/npm-cache","type":"inherit_user","source":"global"},{"path":"/Users/didi/appdata/roaming/npm","type":"inherit_user","source":"global"},{"path":"/Users/didi/appdata/roaming/nuget","type":"inherit_user","source":"global"},{"path":"/Users/didi/appdata/local/pnpm-store","type":"inherit_user","source":"global"},{"path":"/Users/didi/appdata/local/nuget/packages","type":"inherit_user","source":"global"},{"path":"/Users/didi/appdata/local/codex","type":"inherit_user","source":"global"},{"path":"/Users/didi/appdata/local/hermes","type":"inherit_user","source":"global"},{"path":"/Users/didi/appdata/local/microsoft/windowsapps","type":"inherit_user","source":"global"},{"path":"/Users/didi/.agent-browser","type":"inherit_user","source":"global"},{"path":"/Users/didi/.browser-use","type":"inherit_user","source":"global"},{"path":"/Users/didi/.config/browseruse","type":"inherit_user","source":"global"},{"path":"/Users/didi/library/caches/ms-playwright","type":"inherit_user","source":"global"},{"path":"/Users/didi/library/application support/google/chrome","type":"inherit_user","source":"global","isDirectory":true},{"path":"/Users/didi/library/application support/google/chrome for testing","type":"inherit_user","source":"global"},{"path":"/Users/didi/appdata/local/ms-playwright","type":"inherit_user","source":"global"},{"path":"/Users/didi/appdata/local/google/chrome","type":"inherit_user","source":"global"},{"path":"/Users/didi/appdata/local/google/chrome for testing","type":"inherit_user","source":"global"},{"path":"/Users/didi/appdata/local/microsoft/windows/caches","type":"inherit_user","source":"global"},{"path":"/Users/didi/.python_history","type":"inherit_user","source":"global"},{"path":"/Users/didi/.node_repl_history","type":"inherit_user","source":"global"},{"path":"/Users/didi/.wget-hsts","type":"inherit_user","source":"global"},{"path":"/Users/didi/appdata/local/microsoft/powershell","type":"inherit_user","source":"global"},{"path":"/Users/didi/appdata/local/packages","type":"inherit_user","source":"global"},{"path":"C:\\Windows\\System32\\lxss","type":"inherit_user","source":"global"},{"path":"**\\.git\\**","type":"inherit_user","source":"global"},{"path":"**\\.githooks\\**","type":"inherit_user","source":"global"},{"path":"/Users/didi/.workbuddy","type":"inherit_user","source":"global","isDirectory":true},{"path":"/var/folders/f3/2gv0jww54zb8r9tg9bk508s00000ks/T","type":"inherit_user","source":"global","isDirectory":true},{"path":"/private/var/folders/f3/2gv0jww54zb8r9tg9bk508s00000ks/T","type":"inherit_user","source":"global","isDirectory":true},{"path":"/Users/didi/.tencent-cloudq","type":"inherit_user","source":"global"},{"path":"/Users/didi/.andonq","type":"inherit_user","source":"global"},{"path":"/Users/didi/.xiaoe-cloud","type":"inherit_user","source":"global"},{"path":"/Users/didi/.config/wecom/","type":"inherit_user","source":"global","isDirectory":true},{"path":"/Users/didi/.lark-cli","type":"inherit_user","source":"global"},{"path":"/Users/didi/.lark-channel/","type":"inherit_user","source":"global","isDirectory":true},{"path":"/Users/didi/.dws","type":"inherit_user","source":"global"},{"path":"/tmp/dws-cache","type":"inherit_user","source":"global"},{"path":"/Users/didi/.tmeet","type":"inherit_user","source":"global"},{"path":"/Users/didi/Library/Application Support/tmeet","type":"inherit_user","source":"global"},{"path":"/Users/didi/.ssh/","type":"read_only","source":"global","isDirectory":true},{"path":"/Users/didi/.aws/","type":"read_only","source":"global","isDirectory":true},{"path":"/Users/didi/.gcp/","type":"read_only","source":"global","isDirectory":true},{"path":"/Users/didi/.gnupg/","type":"read_only","source":"global","isDirectory":true},{"path":"/Users/didi/.gpg/","type":"read_only","source":"global","isDirectory":true},{"path":"/Users/didi/.azure/","type":"read_only","source":"global","isDirectory":true},{"path":"/Users/didi/.config/gcloud/","type":"read_only","source":"global","isDirectory":true},{"path":"/Users/didi/.kube/config","type":"read_only","source":"global"},{"path":"/Users/didi/.docker/config.json","type":"read_only","source":"global"},{"path":"/Users/didi/.docker/daemon.json","type":"read_only","source":"global"},{"path":"/Users/didi/.netrc","type":"read_only","source":"global"},{"path":"/Users/didi/.npmrc","type":"read_only","source":"global"},{"path":"/Users/didi/.pypirc","type":"read_only","source":"global"},{"path":"/Users/didi/.gem/credentials","type":"read_only","source":"global"},{"path":"/Users/didi/.config/gh/hosts.yml","type":"read_only","source":"global"},{"path":"/Users/didi/.git-credentials","type":"read_only","source":"global"},{"path":"/Users/didi/.terraform.d/credentials.tfrc.json","type":"read_only","source":"global"},{"path":"/Users/didi/Library/Keychains/","type":"read_only","source":"global","isDirectory":true},{"path":"/Users/didi/Library/Application Support/CodeBuddyExtension/Data/Public/auth/","type":"read_only","source":"global","isDirectory":true},{"path":"/Users/didi/AppData/Local/CodeBuddyExtension/Data/Public/auth/","type":"read_only","source":"global","isDirectory":true},{"path":"/Users/didi/.local/share/CodeBuddyExtension/Data/Public/auth/","type":"read_only","source":"global","isDirectory":true},{"path":"/Users/didi/.workbuddy/settings.json","type":"read_only","source":"global"},{"path":"/Users/didi/.workbuddy/settings.local.json","type":"read_only","source":"global"},{"path":"/Users/didi/.workbuddy/settings.json","type":"read_only","source":"global"},{"path":"/Users/didi/.workbuddy/settings.local.json","type":"read_only","source":"global"},{"path":".codebuddy/settings.json","type":"read_only","source":"global"},{"path":".codebuddy/settings.local.json","type":"read_only","source":"global"},{"path":"/Users/didi/WorkBuddy/2026-09-24-21-39-57/.codebuddy/settings.json","type":"read_only","source":"global"},{"path":"/Users/didi/WorkBuddy/2026-09-24-21-39-57/.codebuddy/settings.local.json","type":"read_only","source":"global"},{"path":"/Users/didi/.workbuddy/logs","type":"read_only","source":"global","isDirectory":true}]}}
[9/25/2026, 9:42:33 PM.479] [Info] [SandboxCLIClient] Response OK | id=ts-msg-2 | cmd=SetFileRules | data={"addedCount":121,"removedCount":0}
[9/25/2026, 9:42:33 PM.479] [Info] [SandboxRuleSync] SetFileRules turn-start:default-strict completed | removed=0 added=121
[9/25/2026, 9:42:33 PM.479] [Info] [SandboxCLIClient] sendRequest | id=ts-msg-3 | cmd=SetNetworkRules | timeout=120000ms | msg={"sessionId":"0a5479d6-a616-4baa-8ade-594ddff67fb1","messageId":"ts-msg-3","command":"SetNetworkRules","data":{"rules":[]}}
[9/25/2026, 9:42:33 PM.479] [Info] [SandboxCLIClient] Response OK | id=ts-msg-3 | cmd=SetNetworkRules | data={"addedCount":0,"removedCount":0}
[9/25/2026, 9:42:33 PM.479] [Info] [SandboxRuleSync] SetNetworkRules turn-start:default-strict completed | removed=0 added=0
[9/25/2026, 9:42:33 PM.479] [Info] [SandboxRuleSync] reason=turn-start sessionId=0a5479d6-a616-4baa-8ade-594ddff67fb1 permissionMode=bypassPermissions ruleProfile=default-strict platform=darwin fileRules=121 networkRules=0 skippedRuleTypes=<none>
[9/25/2026, 9:42:33 PM.479] [Info] [SandboxAgentRunInterceptor] sync skipped (already done in onSessionReady callback)
[9/25/2026, 9:42:33 PM.479] [Info] [SandboxFinalState] sessionId=0a5479d6-a616-4baa-8ade-594ddff67fb1 permissionMode=bypassPermissions configuredSandboxEnabled=true effectiveSandboxEnabled=true ruleProfile=default-strict platform=darwin
[9/25/2026, 9:42:33 PM.479] [Info] [SandboxLifecycle] getWorkdir: projection not active, returning cached workdir=/Users/didi/WorkBuddy/2026-09-24-21-39-57
[9/25/2026, 9:42:33 PM.479] [Info] [SandboxAgentRunInterceptor] sandboxTurnConfig={"useSandboxCLI":true,"enableProjection":false,"enableVersionControl":false,"enableDeleteProtection":false,"enableFileBackup":false,"sandboxWorkdir":"/Users/didi/WorkBuddy/2026-09-24-21-39-57"}, permMode=bypassPermissions
[9/25/2026, 9:42:33 PM.480] [Info] [ModelConfigAgentRunInterceptor]  Extended thinking enabled
[9/25/2026, 9:42:33 PM.480] [Info] [ModelConfigAgentRunInterceptor]  [ModelConfig] sessionId=0a5479d6-a616-4baa-8ade-594ddff67fb1, resolved model=kimi-k3-1 for agent=cli, requestOptions.model=<none>, options.model=kimi-k3-1
[9/25/2026, 9:42:33 PM.482] [Info] [FrictionAnalysis] Recall gate enabled=true
[9/25/2026, 9:42:33 PM.482] [Info] [Startup] McpManager.list: starting (scope=all)
[9/25/2026, 9:42:33 PM.482] [Info] [Startup] McpManager.list: starting (scope=all)
[9/25/2026, 9:42:33 PM.484] [Info] [ProxyResolver] L0 PAC: https://copilot.tencent.com/agenttool/v1/intent/recall → DIRECT
[9/25/2026, 9:42:33 PM.486] [Info] [AgentService] runner.run START: agent=cli, signal.aborted=false, isCompressing=undefined
[9/25/2026, 9:42:33 PM.489] [Info] [AgentService] runner.run DONE: agent=cli, cancelled=false
[9/25/2026, 9:42:33 PM.489] [Info] [InterruptionService] await result.completed START — session=0a5479d6-a616-4baa-8ade-594ddff67fb1, agent=cli
[9/25/2026, 9:42:33 PM.489] [Info] [SessionManager] handleStreamRunResult START — session=0a5479d6-a616-4baa-8ade-594ddff67fb1
[9/25/2026, 9:42:33 PM.500] [Info] [SessionRunStateMachine] transition | sessionId=0a5479d6-a616-4baa-8ade-594ddff67fb1 | event=AGENT_STARTED | from=pending | to=agent_running | lifecycle=running | busy=true | queueBusy=true | elapsedSinceLastTransitionMs=823
[9/25/2026, 9:42:33 PM.506] [Info] [SessionRunStateMachine] transition | sessionId=0a5479d6-a616-4baa-8ade-594ddff67fb1 | event=MODEL_REQUEST_STARTED | from=agent_running | to=model_requesting | lifecycle=running | busy=true | queueBusy=true | elapsedSinceLastTransitionMs=5
[9/25/2026, 9:42:33 PM.516] [Info] [ModelProvider]  [ModelProvider] Sending request: agent=cli, model=kimi-k3-1, requestId=0f74764371bc482486c938f6d5b73170, stream=true, url=https://copilot.tencent.com/v2/chat/completions
[9/25/2026, 9:42:33 PM.516] [Info] [ModelProvider]  [GalileoMVP] model request span started: traceId=f478c9bbb8ec440b85bec215eab62ae2, spanId=0bb0ab6650038b9b, parentSpanId=09ca73b55f20d7f7, requestId=0f74764371bc482486c938f6d5b73170, url=https://copilot.tencent.com/v2/chat/completions
[9/25/2026, 9:42:33 PM.517] [Info] [ProxyResolver] L0 PAC: https://copilot.tencent.com/v2/chat/completions → DIRECT
[9/25/2026, 9:42:33 PM.750] [Info] [ShellSnapshotService]  Shell snapshot warmup started
[9/25/2026, 9:42:33 PM.750] [Info] [ShellSnapshotService]  Snapshot script exec start. shellPath=/bin/bash, timeoutMs=10000, maxBuffer=1048576
[9/25/2026, 9:42:33 PM.750] [Info] [ShellSnapshotService]  Snapshot child process started. pid=8875
[9/25/2026, 9:42:33 PM.760] [Info] [HotReload] Watching 3 paths for changes
[9/25/2026, 9:42:33 PM.780] [Info] [ShellSnapshotService]  Snapshot script exec finished. shellPath=/bin/bash, elapsedMs=30, stdoutLen=0, stderrLen=0
[9/25/2026, 9:42:33 PM.783] [Info] [ShellSnapshotService]  Shell snapshot created successfully (1614 bytes)
[9/25/2026, 9:42:33 PM.783] [Info] [ShellSnapshotService]  Shell snapshot warmup completed successfully
[9/25/2026, 9:42:35 PM.520] [Info] [ProxyResolver] L0 PAC: https://copilot.tencent.com/v2/report → DIRECT
[9/25/2026, 9:42:35 PM.643] [Info] [ProductManager.sync] Triggered by MCP server status changes
[9/25/2026, 9:42:35 PM.654] [Info] [PluginsProductProvider.provide] active=12, ids=[weixinpay@workbuddy-builtin,tencent-docs-plugin@workbuddy-builtin,sheetagent@workbuddy-builtin,tencent-pptx@workbuddy-builtin,tencent-docx@workbuddy-builtin,agent-browser@codebuddy-plugins-official,find-skills@codebuddy-plugins-official,welcomemode-work@workbuddy-builtin,interactionmode-craft@workbuddy-builtin,prompt-common@workbuddy-builtin,agent-browser@inline,find-skills@inline]
[9/25/2026, 9:42:35 PM.654] [Info] [MCP][cacheDbg] getConnectedServers() called: nonInteractive=true waitForSettle=false cacheNow=[connector-proxy,weixinpay,sheetagent] allServers=[connector-proxy:connected,weixinpay:connected,sheetagent:connected]
[9/25/2026, 9:42:35 PM.654] [Info] [MCP][cacheDbg] getConnectedServers() returning: [connector-proxy,weixinpay,sheetagent] (size=3)
[9/25/2026, 9:42:35 PM.665] [Info] [CustomModelsProductProvider] productName=WorkBuddy, isWorkBuddy=true, userConfigPath=/Users/didi/.workbuddy/models.json
[9/25/2026, 9:42:35 PM.665] [Info] Loaded custom models config from user: /Users/didi/.workbuddy/models.json
[9/25/2026, 9:42:35 PM.666] [Info] [ModelsProductProvider] enterpriseId: undefined, endpoint: https://copilot.tencent.com
[9/25/2026, 9:42:35 PM.666] [Warning] [ModelsProductProvider] enterpriseId is missing, skipping models API call
[9/25/2026, 9:42:35 PM.666] [Info] [AgentModelResolver] product config input: 54 models, 24 agents
[9/25/2026, 9:42:35 PM.666] [Info] [AgentModelResolver] model ids: auto, fast-model, balanced-model, deep-model, hy3, hy3-b, hy3-c, hy3-x, hy4-preview, hy4-preview-f, minimax-m2.5, glm-5v-turbo, glm-5.3, glm-5.3-flash, glm-5.2, glm-5.1, glm-5.0-turbo, glm-4.6v, kimi-k3-1, kimi-k2.8-preview, kimi-k2.7, kimi-k2.6, kimi-k2.5, kimi-k2-thinking, minimax-m3, minimax-m2.7, glm-4.6, deepseek-v4-flash, deepseek-v4.1-flash, deepseek-v4-pro, deepseek-v3-2-volc, deepseek-v3-1-volc, deepseek-v3-1-lkeap, deepseek-v3-1, deepseek-v3-0324-lkeap, deepseek-r1-0528-lkeap, kimi-k2-instruct-taiji, completion-gf, default-1.1, hunyuan-3b, hunyuan-7b-dense, codewise-completions, codewise-rewrite, codewise-nes-a4-027-aide, codewise-jump, deepseek-r1-0528, deepseek-v3-0324-taco-completion, deepseek-v3-0324, default-1.2, hunyuan-2.0-instruct, hunyuan-chat, hunyuan-image-alpha, hunyuan-image-alpha-edit, custom-local:kimi-k3
[9/25/2026, 9:42:35 PM.666] [Info] [AgentModelResolver] agent "cli" original_models=["auto","hy4-preview-f","hy3","hy3-x","deepseek-v4.1-flash","glm-5.3","glm-5.3-flash","glm-5.2","glm-5.1","glm-5v-turbo","minimax-m3","kimi-k3-1","kimi-k2.8-preview","kimi-k2.7","kimi-k2.6","deepseek-v4-pro"] -> resolved_models=["auto","hy4-preview-f","hy3","hy3-x","deepseek-v4.1-flash","glm-5.3","glm-5.3-flash","glm-5.2","glm-5.1","glm-5v-turbo","minimax-m3","kimi-k3-1","kimi-k2.8-preview","kimi-k2.7","kimi-k2.6","deepseek-v4-pro"]
[9/25/2026, 9:42:35 PM.666] [Info] [AgentModelResolver] agent "general-purpose" original_models=[] -> resolved_models=[]
[9/25/2026, 9:42:35 PM.666] [Info] [AgentModelResolver] agent "compact" original_models=[] -> resolved_models=[]
[9/25/2026, 9:42:35 PM.666] [Info] [AgentModelResolver] agent "contextSummary" original_models=[] -> resolved_models=[]
[9/25/2026, 9:42:35 PM.666] [Info] [AgentModelResolver] agent "contentAnalyzer" original_models=[] -> resolved_models=[]
[9/25/2026, 9:42:35 PM.666] [Info] [AgentModelResolver] agent "terminalTitleGenerator" original_models=[] -> resolved_models=[]
[9/25/2026, 9:42:35 PM.666] [Info] [AgentModelResolver] agent "promptSuggestion" original_models=[] -> resolved_models=[]
[9/25/2026, 9:42:35 PM.666] [Info] [AgentModelResolver] agent "memorySelector" original_models=["lite"] -> resolved_models=["lite"]
[9/25/2026, 9:42:35 PM.666] [Info] [AgentModelResolver] agent "summaryGenerator" original_models=[] -> resolved_models=[]
[9/25/2026, 9:42:35 PM.666] [Info] [AgentModelResolver] agent "autoModeClassifier" original_models=[] -> resolved_models=[]
[9/25/2026, 9:42:35 PM.666] [Info] [AgentModelResolver] agent "promptHookEvaluator" original_models=["lite"] -> resolved_models=["lite"]
[9/25/2026, 9:42:35 PM.666] [Info] [AgentModelResolver] agent "insightsAnalyzer" original_models=[] -> resolved_models=[]
[9/25/2026, 9:42:35 PM.666] [Info] [AgentModelResolver] agent "agentInstructions" original_models=[] -> resolved_models=[]
[9/25/2026, 9:42:35 PM.666] [Info] [AgentModelResolver] agent "statusline-setup" original_models=[] -> resolved_models=[]
[9/25/2026, 9:42:35 PM.666] [Info] [AgentModelResolver] agent "Explore" original_models=["lite"] -> resolved_models=["lite"]
[9/25/2026, 9:42:35 PM.666] [Info] [AgentModelResolver] agent "Plan" original_models=[] -> resolved_models=[]
[9/25/2026, 9:42:35 PM.666] [Info] [AgentModelResolver] agent "pulse" original_models=[] -> resolved_models=[]
[9/25/2026, 9:42:35 PM.666] [Info] [AgentModelResolver] agent "handoff-summary" original_models=undefined -> resolved_models=[]
[9/25/2026, 9:42:35 PM.666] [Info] [AgentModelResolver] agent "enhance-prompt" original_models=[] -> resolved_models=[]
[9/25/2026, 9:42:35 PM.666] [Info] [AgentModelResolver] agent "sheet-agent" original_models=[] -> resolved_models=[]
[9/25/2026, 9:42:35 PM.666] [Info] [AgentModelResolver] agent "doc-converter" original_models=[] -> resolved_models=[]
[9/25/2026, 9:42:35 PM.666] [Info] [AgentModelResolver] agent "doc-formatter" original_models=[] -> resolved_models=[]
[9/25/2026, 9:42:35 PM.666] [Info] [AgentModelResolver] agent "doc-writer" original_models=[] -> resolved_models=[]
[9/25/2026, 9:42:35 PM.666] [Info] [AgentModelResolver] agent "work" original_models=[] -> resolved_models=[]
[9/25/2026, 9:42:35 PM.688] [Info] [PluginPolicyService]  [MergedPlugins][DEBUG] ProductManager.onDidChange fired, reloading policies...
[9/25/2026, 9:42:35 PM.688] [Info] [PluginPolicyService]  [MergedPlugins][DEBUG] Current config builtInMarketPluginsMerge: [{"autoEnable":true,"marketplaceName":"codebuddy-plugins-official","name":"agent-browser","scope":"user"}]
[9/25/2026, 9:42:35 PM.688] [Info] [PluginPolicyService]  [MergedPlugins] Loaded 1 merged plugin entries
[9/25/2026, 9:42:35 PM.688] [Info] [Startup] AgentManager.rebuildAgents: START
[9/25/2026, 9:42:35 PM.688] [Info] [Startup] AgentManager.rebuildAgents: completed in 15ms, resolving readyDeferred
[9/25/2026, 9:42:35 PM.688] [Info] [PluginManager]  Checking for built-in marketplaces to install...
[9/25/2026, 9:42:35 PM.688] [Info] [BuiltInMarketplaceProvider]  Found 2 built-in marketplace(s)
[9/25/2026, 9:42:35 PM.688] [Info] [PluginManager]  Found 2 built-in marketplace(s)
[9/25/2026, 9:42:35 PM.695] [Info] [MarketplaceStorage]  [MarketplaceStorage] getMarketplaces ensureConfigFile=0ms readAndRepair=7ms migration=0ms total=7ms count=5 path=/Users/didi/.workbuddy/plugins/known_marketplaces.json
[9/25/2026, 9:42:35 PM.695] [Info] [PluginManager]  All built-in marketplaces are already installed
[9/25/2026, 9:42:35 PM.723] [Info] [MarketplaceStorage]  [MarketplaceStorage] getMarketplaces ensureConfigFile=0ms readAndRepair=28ms migration=0ms total=28ms count=5 path=/Users/didi/.workbuddy/plugins/known_marketplaces.json
[9/25/2026, 9:42:35 PM.723] [Info] [BuiltInMarketplaceProvider]  Found 2 built-in marketplace(s)
[9/25/2026, 9:42:35 PM.724] [Info] [PluginManager]  Loaded 5 marketplaces (2 built-in) total=29ms storage=28ms builtIn=0ms autoUpdate=0ms
[9/25/2026, 9:42:37 PM.159] [Info] [PluginManager]  Starting auto-update check for marketplaces
[9/25/2026, 9:42:37 PM.159] [Info] [PluginManager]  Found 3 marketplace(s) to auto-update: cb_teams_marketplace, codebuddy-plugins-official, experts
[9/25/2026, 9:42:37 PM.159] [Info] [PluginManager]  Auto-updating marketplace: cb_teams_marketplace
[9/25/2026, 9:42:37 PM.159] [Info] [PluginManager]  Updating marketplace from source: cb_teams_marketplace
[9/25/2026, 9:42:37 PM.159] [Info] [PluginManager]  Auto-updating marketplace: codebuddy-plugins-official
[9/25/2026, 9:42:37 PM.159] [Info] [PluginManager]  Updating marketplace from source: codebuddy-plugins-official
[9/25/2026, 9:42:37 PM.160] [Info] [MarketplaceStorage]  [MarketplaceStorage] getMarketplaces ensureConfigFile=0ms readAndRepair=1ms migration=0ms total=1ms count=5 path=/Users/didi/.workbuddy/plugins/known_marketplaces.json
[9/25/2026, 9:42:37 PM.160] [Info] [BuiltInMarketplaceProvider]  Found 2 built-in marketplace(s)
[9/25/2026, 9:42:37 PM.161] [Info] [MarketplaceStorage]  [MarketplaceStorage] getMarketplaces ensureConfigFile=0ms readAndRepair=2ms migration=0ms total=2ms count=5 path=/Users/didi/.workbuddy/plugins/known_marketplaces.json
[9/25/2026, 9:42:37 PM.161] [Info] [BuiltInMarketplaceProvider]  Found 2 built-in marketplace(s)
[9/25/2026, 9:42:37 PM.164] [Info] [PluginManager]  Loaded 5 marketplaces (2 built-in) total=5ms storage=1ms builtIn=0ms autoUpdate=1ms
[9/25/2026, 9:42:37 PM.165] [Info] [PluginManager]  Loaded 5 marketplaces (2 built-in) total=6ms storage=2ms builtIn=0ms autoUpdate=1ms
[9/25/2026, 9:42:37 PM.165] [Info] [MarketplaceUpdateChecker]  [cb_teams_marketplace] cache invalidated for forced update
[9/25/2026, 9:42:37 PM.166] [Info] [MarketplaceUpdateChecker]  [cb_teams_marketplace] checked reason=url-version-changed elapsed=1ms (local=none, url=ab2eb0bb-7465-4062-92d1-1df8288f86d1)
[9/25/2026, 9:42:37 PM.166] [Info] [ZipMarketplace.update] cb_teams_marketplace needs update (reason=url-version-changed)
[9/25/2026, 9:42:37 PM.166] [Info] [MarketplaceUpdateChecker]  [codebuddy-plugins-official] cache invalidated for forced update
[9/25/2026, 9:42:37 PM.166] [Info] [MarketplaceUpdateChecker]  [codebuddy-plugins-official] checked reason=url-version-changed elapsed=0ms (local=none, url=4b9366ac-f7e5-4cef-b60a-99a5229ce2b2)
[9/25/2026, 9:42:37 PM.166] [Info] [ZipMarketplace.update] codebuddy-plugins-official needs update (reason=url-version-changed)
[9/25/2026, 9:42:37 PM.167] [Info] [ZipMarketplace.update] Downloading cb_teams_marketplace from https://download.codebuddy.cn/plugin-marketplace/cb_teams_marketplace-ab2eb0bb-7465-4062-92d1-1df8288f86d1.zip...
[9/25/2026, 9:42:37 PM.168] [Info] [ZipMarketplace.update] Downloading codebuddy-plugins-official from https://download.codebuddy.cn/plugin-marketplace/codebuddy-plugins-official-4b9366ac-f7e5-4cef-b60a-99a5229ce2b2.zip...
[9/25/2026, 9:42:37 PM.673] [Info] [TracingService]  Tracing uses @tencent/galileo-node-sdk global OpenTelemetry provider; @genie OTLP exporter is skipped.
[9/25/2026, 9:42:37 PM.673] [Info] [TracingService]  Tracing config resolved: {"productEnabled":true,"enabledByEnv":false,"endpoint":"https://copilot.tencent.com","galileoEnabled":true}
[9/25/2026, 9:42:38 PM.829] [Info] [TracingService]  [primary] Exported 1 spans, traceIds: 31c8789a5c9abac5692b90082ed75236
[9/25/2026, 9:42:38 PM.848] [Info] [ModelProvider]  [ModelProvider] First raw chunk received: agent=cli, requestId=0f74764371bc482486c938f6d5b73170, elapsed=5333ms, bytes=12
[9/25/2026, 9:42:38 PM.850] [Info] [ModelProvider]  [ModelProvider] First meaningful token received: agent=cli, requestId=0f74764371bc482486c938f6d5b73170, ttft=5334ms, rawChunks=2, bytes=2241
[9/25/2026, 9:42:38 PM.852] [Info] [SessionRunStateMachine] transition | sessionId=0a5479d6-a616-4baa-8ade-594ddff67fb1 | event=MODEL_STREAM_STARTED | from=model_requesting | to=model_streaming | lifecycle=running | busy=true | queueBusy=true | elapsedSinceLastTransitionMs=5346
[9/25/2026, 9:42:39 PM.875] [Info] [PluginManager]  Marketplace cb_teams_marketplace updated successfully
[9/25/2026, 9:42:41 PM.208] [Info] [SessionRunStateMachine] transition | sessionId=0a5479d6-a616-4baa-8ade-594ddff67fb1 | event=MODEL_STREAM_STARTED | from=model_streaming | to=model_streaming | lifecycle=running | busy=true | queueBusy=true | elapsedSinceLastTransitionMs=2356 | streamingToolName=DeferExecuteTool
[9/25/2026, 9:42:41 PM.879] [Info] [ProxyResolver] L0 PAC: https://copilot.tencent.com/v2/report → DIRECT
[9/25/2026, 9:42:42 PM.758] [Info] [MarketplaceStorage]  [MarketplaceStorage] getMarketplaces ensureConfigFile=0ms readAndRepair=0ms migration=0ms total=0ms count=5 path=/Users/didi/.workbuddy/plugins/known_marketplaces.json
[9/25/2026, 9:42:42 PM.758] [Info] [BuiltInMarketplaceProvider]  Found 2 built-in marketplace(s)
[9/25/2026, 9:42:42 PM.761] [Info] [PluginManager]  Loaded 5 marketplaces (2 built-in) total=3ms storage=0ms builtIn=0ms autoUpdate=1ms
[9/25/2026, 9:42:42 PM.778] [Info] [PluginManager]  Loaded 13 installed plugins total=17ms
[9/25/2026, 9:42:42 PM.779] [Info] [PluginManager]  Updating plugin agent-browser@codebuddy-plugins-official...
[9/25/2026, 9:42:42 PM.779] [Info] [PluginManager]  Installing plugin agent-browser@codebuddy-plugins-official...
[9/25/2026, 9:42:42 PM.842] [Info] [PluginManager]  Plugin agent-browser@codebuddy-plugins-official installed at /Users/didi/.workbuddy/plugins/cache/codebuddy-plugins-official/agent-browser/1.3.0
[9/25/2026, 9:42:42 PM.842] [Info] [PluginManager]  Plugin agent-browser@codebuddy-plugins-official updated at /Users/didi/.workbuddy/plugins/cache/codebuddy-plugins-official/agent-browser/1.3.0
[9/25/2026, 9:42:42 PM.842] [Info] [PluginManager]  Updated plugins: agent-browser@codebuddy-plugins-official...
[9/25/2026, 9:42:42 PM.842] [Info] [PluginManager]  Plugins agent-browser@codebuddy-plugins-official updated successfully
[9/25/2026, 9:42:42 PM.843] [Info] [MarketplaceStorage]  [MarketplaceStorage] getMarketplaces ensureConfigFile=0ms readAndRepair=1ms migration=0ms total=1ms count=5 path=/Users/didi/.workbuddy/plugins/known_marketplaces.json
[9/25/2026, 9:42:42 PM.843] [Info] [BuiltInMarketplaceProvider]  Found 2 built-in marketplace(s)
[9/25/2026, 9:42:42 PM.844] [Info] [PluginManager]  Loaded 5 marketplaces (2 built-in) total=2ms storage=1ms builtIn=0ms autoUpdate=0ms
[9/25/2026, 9:42:42 PM.858] [Info] [PluginManager]  Loaded 13 installed plugins total=14ms
[9/25/2026, 9:42:42 PM.859] [Info] [PluginManager]  Updating plugin find-skills@codebuddy-plugins-official...
[9/25/2026, 9:42:42 PM.859] [Info] [PluginManager]  Installing plugin find-skills@codebuddy-plugins-official...
[9/25/2026, 9:42:42 PM.901] [Info] [PluginManager]  Plugin find-skills@codebuddy-plugins-official installed at /Users/didi/.workbuddy/plugins/cache/codebuddy-plugins-official/find-skills/1.0.0
[9/25/2026, 9:42:42 PM.902] [Info] [PluginManager]  Plugin find-skills@codebuddy-plugins-official updated at /Users/didi/.workbuddy/plugins/cache/codebuddy-plugins-official/find-skills/1.0.0
[9/25/2026, 9:42:42 PM.902] [Info] [PluginManager]  Updated plugins: find-skills@codebuddy-plugins-official...
[9/25/2026, 9:42:42 PM.902] [Info] [PluginManager]  Plugins find-skills@codebuddy-plugins-official updated successfully
[9/25/2026, 9:42:42 PM.902] [Info] [PluginManager]  Marketplace codebuddy-plugins-official updated successfully
[9/25/2026, 9:42:42 PM.902] [Info] [PluginManager]  Successfully auto-updated marketplace: cb_teams_marketplace
[9/25/2026, 9:42:42 PM.902] [Info] [PluginManager]  Successfully auto-updated marketplace: codebuddy-plugins-official
[9/25/2026, 9:42:42 PM.902] [Info] [PluginManager]  Auto-updating marketplace: experts
[9/25/2026, 9:42:42 PM.902] [Info] [PluginManager]  Updating marketplace from source: experts
[9/25/2026, 9:42:42 PM.903] [Info] [MarketplaceStorage]  [MarketplaceStorage] getMarketplaces ensureConfigFile=0ms readAndRepair=1ms migration=0ms total=1ms count=5 path=/Users/didi/.workbuddy/plugins/known_marketplaces.json
[9/25/2026, 9:42:42 PM.903] [Info] [BuiltInMarketplaceProvider]  Found 2 built-in marketplace(s)
[9/25/2026, 9:42:42 PM.904] [Info] [PluginManager]  Loaded 5 marketplaces (2 built-in) total=2ms storage=1ms builtIn=0ms autoUpdate=0ms
[9/25/2026, 9:42:42 PM.917] [Info] [PluginManager]  Loaded 13 installed plugins total=13ms
[9/25/2026, 9:42:42 PM.917] [Info] [MarketplaceUpdateChecker]  [experts] cache invalidated for forced update
[9/25/2026, 9:42:42 PM.920] [Info] [MarketplaceStorage]  [MarketplaceStorage] getMarketplaces ensureConfigFile=0ms readAndRepair=1ms migration=0ms total=1ms count=5 path=/Users/didi/.workbuddy/plugins/known_marketplaces.json
[9/25/2026, 9:42:42 PM.920] [Info] [BuiltInMarketplaceProvider]  Found 2 built-in marketplace(s)
[9/25/2026, 9:42:42 PM.921] [Info] [PluginManager]  Loaded 5 marketplaces (2 built-in) total=2ms storage=1ms builtIn=0ms autoUpdate=0ms
[9/25/2026, 9:42:42 PM.943] [Info] [PluginManager]  Loaded 13 installed plugins total=22ms
[9/25/2026, 9:42:42 PM.943] [Info] [PluginManager]  Updating plugin meituan-living-assistant@experts...
[9/25/2026, 9:42:42 PM.943] [Info] [PluginManager]  Installing plugin meituan-living-assistant@experts...
[9/25/2026, 9:42:42 PM.944] [Info] [PluginManager]  Plugin meituan-living-assistant@experts installed at /Users/didi/.workbuddy/plugins/marketplaces/experts/plugins/meituan-living-assistant
[9/25/2026, 9:42:42 PM.944] [Info] [PluginManager]  Plugin meituan-living-assistant@experts updated at /Users/didi/.workbuddy/plugins/marketplaces/experts/plugins/meituan-living-assistant
[9/25/2026, 9:42:42 PM.944] [Info] [PluginManager]  Updated plugins: meituan-living-assistant@experts...
[9/25/2026, 9:42:42 PM.944] [Info] [PluginManager]  Plugins meituan-living-assistant@experts updated successfully
[9/25/2026, 9:42:42 PM.945] [Info] [MarketplaceStorage]  [MarketplaceStorage] getMarketplaces ensureConfigFile=0ms readAndRepair=1ms migration=0ms total=1ms count=5 path=/Users/didi/.workbuddy/plugins/known_marketplaces.json
[9/25/2026, 9:42:42 PM.945] [Info] [BuiltInMarketplaceProvider]  Found 2 built-in marketplace(s)
[9/25/2026, 9:42:42 PM.946] [Info] [PluginManager]  Loaded 5 marketplaces (2 built-in) total=2ms storage=1ms builtIn=0ms autoUpdate=0ms
[9/25/2026, 9:42:42 PM.958] [Info] [PluginManager]  Loaded 13 installed plugins total=12ms
[9/25/2026, 9:42:42 PM.958] [Info] [PluginManager]  Updating plugin novel-creator@experts...
[9/25/2026, 9:42:42 PM.958] [Info] [PluginManager]  Installing plugin novel-creator@experts...
[9/25/2026, 9:42:42 PM.959] [Info] [PluginManager]  Plugin novel-creator@experts installed at /Users/didi/.workbuddy/plugins/marketplaces/experts/plugins/novel-creator
[9/25/2026, 9:42:42 PM.959] [Info] [PluginManager]  Plugin novel-creator@experts updated at /Users/didi/.workbuddy/plugins/marketplaces/experts/plugins/novel-creator
[9/25/2026, 9:42:42 PM.959] [Info] [PluginManager]  Updated plugins: novel-creator@experts...
[9/25/2026, 9:42:42 PM.959] [Info] [PluginManager]  Plugins novel-creator@experts updated successfully
[9/25/2026, 9:42:42 PM.959] [Info] [PluginManager]  Marketplace experts updated successfully
[9/25/2026, 9:42:42 PM.959] [Info] [PluginManager]  Successfully auto-updated marketplace: experts
[9/25/2026, 9:42:42 PM.959] [Info] [PluginManager]  Auto-update completed: 3 marketplace(s) updated successfully
[9/25/2026, 9:42:42 PM.960] [Info] [MarketplaceStorage]  [MarketplaceStorage] getMarketplaces ensureConfigFile=1ms readAndRepair=0ms migration=0ms total=1ms count=5 path=/Users/didi/.workbuddy/plugins/known_marketplaces.json
[9/25/2026, 9:42:42 PM.960] [Info] [BuiltInMarketplaceProvider]  Found 2 built-in marketplace(s)
[9/25/2026, 9:42:42 PM.961] [Info] [MarketplaceStorage]  [MarketplaceStorage] getMarketplaces ensureConfigFile=1ms readAndRepair=0ms migration=0ms total=2ms count=5 path=/Users/didi/.workbuddy/plugins/known_marketplaces.json
[9/25/2026, 9:42:42 PM.961] [Info] [BuiltInMarketplaceProvider]  Found 2 built-in marketplace(s)
[9/25/2026, 9:42:42 PM.961] [Info] [MarketplaceStorage]  [MarketplaceStorage] getMarketplaces ensureConfigFile=0ms readAndRepair=1ms migration=0ms total=1ms count=5 path=/Users/didi/.workbuddy/plugins/known_marketplaces.json
[9/25/2026, 9:42:42 PM.961] [Info] [BuiltInMarketplaceProvider]  Found 2 built-in marketplace(s)
[9/25/2026, 9:42:42 PM.962] [Info] [MarketplaceStorage]  [MarketplaceStorage] getMarketplaces ensureConfigFile=0ms readAndRepair=1ms migration=0ms total=2ms count=5 path=/Users/didi/.workbuddy/plugins/known_marketplaces.json
[9/25/2026, 9:42:42 PM.962] [Info] [BuiltInMarketplaceProvider]  Found 2 built-in marketplace(s)
[9/25/2026, 9:42:42 PM.964] [Info] [PluginManager]  Loaded 5 marketplaces (2 built-in) total=5ms storage=1ms builtIn=0ms autoUpdate=1ms
[9/25/2026, 9:42:42 PM.964] [Info] [PluginManager]  Loaded 5 marketplaces (2 built-in) total=5ms storage=2ms builtIn=0ms autoUpdate=0ms
[9/25/2026, 9:42:42 PM.964] [Info] [PluginManager]  Loaded 5 marketplaces (2 built-in) total=4ms storage=1ms builtIn=0ms autoUpdate=1ms
[9/25/2026, 9:42:42 PM.964] [Info] [PluginManager]  Loaded 5 marketplaces (2 built-in) total=4ms storage=2ms builtIn=0ms autoUpdate=0ms
[9/25/2026, 9:42:42 PM.976] [Info] [PluginManager]  Loaded 13 installed plugins total=17ms
[9/25/2026, 9:42:42 PM.976] [Info] [PluginManager]  Checking for missing enabled plugins...
[9/25/2026, 9:42:42 PM.985] [Info] [ModelProvider]  [ModelProvider] finish_reason="tool_calls" received, starting grace period: agent=cli, requestId=0f74764371bc482486c938f6d5b73170, chunks=88, bytes=33720, elapsed=9470ms
[9/25/2026, 9:42:42 PM.985] [Info] [SessionManager][credit] Credit received: rootRequestId=33808fbc9de84603848d618fd4bf8ae3, source=raw_model_stream_event, credit=15.92
[9/25/2026, 9:42:42 PM.985] [Info] [ACP Agent] Captured finish_reason: tool_calls
[9/25/2026, 9:42:42 PM.991] [Info] [ModelProvider]  [ModelProvider] Stream completed: agent=cli, requestId=0f74764371bc482486c938f6d5b73170, chunks=89, bytes=33735, elapsed=9476ms
[9/25/2026, 9:42:42 PM.998] [Info] [SessionRunStateMachine] transition | sessionId=0a5479d6-a616-4baa-8ade-594ddff67fb1 | event=MODEL_RESPONSE_DONE | from=model_streaming | to=model_done | lifecycle=running | busy=true | queueBusy=true | elapsedSinceLastTransitionMs=1786
[9/25/2026, 9:42:42 PM.998] [Info] [SessionManager][credit] Credit received: rootRequestId=33808fbc9de84603848d618fd4bf8ae3, source=response_done, credit=undefined
[9/25/2026, 9:42:42 PM.999] [Info] [addHistory] START sessionId=0a5479d6-a616-4baa-8ade-594ddff67fb1, storeId=undefined, types=[reasoning], input=[{type: reasoning, id: N/A}]
[9/25/2026, 9:42:43 PM.000] [Info] [SessionRunStateMachine] transition | sessionId=0a5479d6-a616-4baa-8ade-594ddff67fb1 | event=TOOL_STARTED | from=model_done | to=tool_executing | lifecycle=running | busy=true | queueBusy=true | elapsedSinceLastTransitionMs=6 | toolName=DeferExecuteTool
[9/25/2026, 9:42:43 PM.000] [Info] [ToolManager] execute | tool=DeferExecuteTool | callId=DeferExecuteTool_2_05f1085e
[9/25/2026, 9:42:43 PM.013] [Info] [MCP][cacheDbg] getConnectedServers() called: nonInteractive=true waitForSettle=false cacheNow=[connector-proxy,weixinpay,sheetagent] allServers=[connector-proxy:connected,weixinpay:connected,sheetagent:connected]
[9/25/2026, 9:42:43 PM.013] [Info] [MCP][cacheDbg] getConnectedServers() returning: [connector-proxy,weixinpay,sheetagent] (size=3)
[9/25/2026, 9:42:43 PM.013] [Info] [MCP][cacheDbg] executeMcpTool: tool=agentic_search serverName=(none) connectedServers=[connector-proxy,weixinpay,sheetagent] directHit=false
[9/25/2026, 9:42:43 PM.013] [Info] [Startup] McpConfigManager.list: loading scope=internal
[9/25/2026, 9:42:43 PM.013] [Info] [Startup] McpConfigManager.list: scope=internal cache hit (0ms)
[9/25/2026, 9:42:43 PM.013] [Info] [Startup] McpConfigManager.list: loading scope=sdk
[9/25/2026, 9:42:43 PM.013] [Info] [Startup] McpConfigManager.list: scope=sdk cache hit (0ms)
[9/25/2026, 9:42:43 PM.013] [Info] [Startup] McpConfigManager.list: loading scope=plugin
[9/25/2026, 9:42:43 PM.013] [Info] [Startup] McpConfigManager.list: scope=plugin cache hit (0ms)
[9/25/2026, 9:42:43 PM.013] [Info] [Startup] McpConfigManager.list: loading scope=user
[9/25/2026, 9:42:43 PM.013] [Info] [Startup] McpConfigManager.list: scope=user cache hit (0ms)
[9/25/2026, 9:42:43 PM.013] [Info] [Startup] McpConfigManager.list: loading scope=project
[9/25/2026, 9:42:43 PM.013] [Info] [Startup] McpConfigManager.list: scope=project cache hit (0ms)
[9/25/2026, 9:42:43 PM.013] [Info] [Startup] McpConfigManager.list: loading scope=local
[9/25/2026, 9:42:43 PM.013] [Info] [Startup] McpConfigManager.list: scope=local cache hit (0ms)
[9/25/2026, 9:42:43 PM.013] [Info] [Startup] McpConfigManager.list: loading scope=dynamic
[9/25/2026, 9:42:43 PM.013] [Info] [Startup] McpConfigManager.list: scope=dynamic cache hit (0ms)
[9/25/2026, 9:42:43 PM.014] [Info] [SessionStore.appendHistory] id=0a5479d6-a616-4baa-8ade-594ddff67fb1, items=1, bytesWritten=821, fileSize=89537
[9/25/2026, 9:42:43 PM.014] [Info] [addHistory] COMPLETED sessionId=0a5479d6-a616-4baa-8ade-594ddff67fb1
[9/25/2026, 9:42:43 PM.015] [Info] [addHistory] START sessionId=0a5479d6-a616-4baa-8ade-594ddff67fb1, storeId=undefined, types=[function_call], input=[{type: function_call, id: 0f74764371bc482486c938f6d5b73170}]
[9/25/2026, 9:42:43 PM.019] [Info] [ACP Agent] Received input event type: function_call, callId: DeferExecuteTool_2_05f1085e
[9/25/2026, 9:42:43 PM.019] [Info] [ACP Agent] Converted to sessionUpdate: tool_call, toolCallId: DeferExecuteTool_2_05f1085e
[9/25/2026, 9:42:43 PM.022] [Info] [SessionStore.appendHistory] id=0a5479d6-a616-4baa-8ade-594ddff67fb1, items=1, bytesWritten=1890, fileSize=91501
[9/25/2026, 9:42:43 PM.022] [Info] [addHistory] COMPLETED sessionId=0a5479d6-a616-4baa-8ade-594ddff67fb1
[9/25/2026, 9:42:43 PM.023] [Info] [PluginManager]  All enabled plugins are already installed
[9/25/2026, 9:42:43 PM.023] [Info] [PluginManager]  Auto-update check completed
[9/25/2026, 9:42:43 PM.252] [Info] [AcpUsagePublisher]  [AcpUsagePublisher] credit consumed source=stream sessionId=0a5479d6-a616-4baa-8ade-594ddff67fb1 requestId=33808fbc9de84603848d618fd4bf8ae3 messageId=0f74764371bc482486c938f6d5b73170 credit=15.92
[9/25/2026, 9:42:43 PM.912] [Info] [TracingService]  [primary] Exported 5 spans, traceIds: f478c9bbb8ec440b85bec215eab62ae2, 1824fa079c02a5adc0f5748939fddeca
[9/25/2026, 9:42:45 PM.002] [Info] [ProxyResolver] L0 PAC: https://copilot.tencent.com/v2/report → DIRECT
[9/25/2026, 9:42:51 PM.517] [Info] [TracingService]  [primary] Exported 6 spans, traceIds: f3e95d95133a358a278ed78ee2b1f7ac, 0398735a5073d36869cc2c74b1a28f10, d8524097a6d792476bd7602a9b766aac, aa13654e0e9496d603e34335835cc3db, 4883537706143cfc32249cf960897ea9, 6a39731e29c10417b820ddf707a0b92c
[9/25/2026, 9:43:01 PM.783] [Info] [WorkflowMemProbe] tick runId=(none) | rss=262.4MB heap=141.8/187.4MB external=54.3MB arrayBuffers=0MB
[9/25/2026, 9:43:11 PM.432] [Info] [ToolManager] execute OK | tool=DeferExecuteTool | callId=DeferExecuteTool_2_05f1085e | elapsed=28433ms
[9/25/2026, 9:43:11 PM.433] [Info] [SessionRunStateMachine] transition | sessionId=0a5479d6-a616-4baa-8ade-594ddff67fb1 | event=TOOL_ENDED | from=tool_executing | to=agent_running | lifecycle=running | busy=true | queueBusy=true | elapsedSinceLastTransitionMs=28434
[9/25/2026, 9:43:11 PM.434] [Info] [addHistory] START sessionId=0a5479d6-a616-4baa-8ade-594ddff67fb1, storeId=undefined, types=[function_call_result], input=[{type: function_call_result, id: N/A}]
[9/25/2026, 9:43:11 PM.438] [Info] [ACP Agent] Received input event type: function_call_result, callId: DeferExecuteTool_2_05f1085e
[9/25/2026, 9:43:11 PM.438] [Info] [ACP Agent] Converted to sessionUpdate: tool_call_update, toolCallId: DeferExecuteTool_2_05f1085e
[9/25/2026, 9:43:11 PM.438] [Info] [ACP Agent] Cleaning up tool_call deferral for DeferExecuteTool_2_05f1085e
[9/25/2026, 9:43:11 PM.441] [Info] [SessionStore.appendHistory] id=0a5479d6-a616-4baa-8ade-594ddff67fb1, items=1, bytesWritten=81151, fileSize=224128
[9/25/2026, 9:43:11 PM.441] [Info] [addHistory] COMPLETED sessionId=0a5479d6-a616-4baa-8ade-594ddff67fb1
[9/25/2026, 9:43:11 PM.465] [Info] [shouldCompact] Added trailing tool result tokens: +27655, totalTokens=67936, isSubAgent=false, threshold=90.0%
[9/25/2026, 9:43:11 PM.466] [Info] [SessionRunStateMachine] transition | sessionId=0a5479d6-a616-4baa-8ade-594ddff67fb1 | event=MODEL_REQUEST_STARTED | from=agent_running | to=model_requesting | lifecycle=running | busy=true | queueBusy=true | elapsedSinceLastTransitionMs=32
[9/25/2026, 9:43:11 PM.478] [Info] [ModelProvider]  [ModelProvider] Sending request: agent=cli, model=kimi-k3-1, requestId=a10201abfcbc44e6ba2642851ceb9cf6, stream=true, url=https://copilot.tencent.com/v2/chat/completions
[9/25/2026, 9:43:11 PM.478] [Info] [ModelProvider]  [GalileoMVP] model request span started: traceId=f478c9bbb8ec440b85bec215eab62ae2, spanId=431acb84685d5661, parentSpanId=09ca73b55f20d7f7, requestId=a10201abfcbc44e6ba2642851ceb9cf6, url=https://copilot.tencent.com/v2/chat/completions
[9/25/2026, 9:43:11 PM.479] [Info] [ProxyResolver] L0 PAC: https://copilot.tencent.com/v2/chat/completions → DIRECT
[9/25/2026, 9:43:13 PM.483] [Info] [ProxyResolver] L0 PAC: https://copilot.tencent.com/v2/report → DIRECT
[9/25/2026, 9:43:16 PM.489] [Info] [TracingService]  [primary] Exported 8 spans, traceIds: f478c9bbb8ec440b85bec215eab62ae2, 339771cfcedd7ab9a13872b89aeaa7ea
[9/25/2026, 9:43:19 PM.025] [Info] [ModelProvider]  [ModelProvider] First raw chunk received: agent=cli, requestId=a10201abfcbc44e6ba2642851ceb9cf6, elapsed=7546ms, bytes=1265
[9/25/2026, 9:43:19 PM.025] [Info] [ModelProvider]  [ModelProvider] First meaningful token received: agent=cli, requestId=a10201abfcbc44e6ba2642851ceb9cf6, ttft=7546ms, rawChunks=1, bytes=1265
[9/25/2026, 9:43:19 PM.026] [Info] [SessionRunStateMachine] transition | sessionId=0a5479d6-a616-4baa-8ade-594ddff67fb1 | event=MODEL_STREAM_STARTED | from=model_requesting | to=model_streaming | lifecycle=running | busy=true | queueBusy=true | elapsedSinceLastTransitionMs=7560
[9/25/2026, 9:43:24 PM.112] [Info] [TracingService]  [primary] Exported 1 spans, traceIds: f478c9bbb8ec440b85bec215eab62ae2
[9/25/2026, 9:43:29 PM.033] [Info] [ModelProvider]  [ModelProvider] Stream progress: agent=cli, requestId=a10201abfcbc44e6ba2642851ceb9cf6, chunks=320(+320), bytes=117047(+117047), elapsed=17555ms, idle=13ms
[9/25/2026, 9:43:31 PM.783] [Info] [WorkflowMemProbe] tick runId=(none) | rss=281MB heap=137.8/185.4MB external=54MB arrayBuffers=0MB
[9/25/2026, 9:43:39 PM.045] [Info] [ModelProvider]  [ModelProvider] Stream progress: agent=cli, requestId=a10201abfcbc44e6ba2642851ceb9cf6, chunks=633(+313), bytes=232680(+115633), elapsed=27566ms, idle=25ms
[9/25/2026, 9:43:43 PM.435] [Info] [ModelProvider]  [ModelProvider] finish_reason="stop" received, starting grace period: agent=cli, requestId=a10201abfcbc44e6ba2642851ceb9cf6, chunks=756, bytes=283640, elapsed=31957ms
[9/25/2026, 9:43:43 PM.435] [Info] [SessionManager][credit] Credit received: rootRequestId=33808fbc9de84603848d618fd4bf8ae3, source=raw_model_stream_event, credit=11.86
[9/25/2026, 9:43:43 PM.435] [Info] [ACP Agent] Captured finish_reason: stop
[9/25/2026, 9:43:43 PM.448] [Info] [ModelProvider]  [ModelProvider] Stream completed: agent=cli, requestId=a10201abfcbc44e6ba2642851ceb9cf6, chunks=757, bytes=283654, elapsed=31969ms
[9/25/2026, 9:43:43 PM.452] [Info] [SessionRunStateMachine] transition | sessionId=0a5479d6-a616-4baa-8ade-594ddff67fb1 | event=MODEL_RESPONSE_DONE | from=model_streaming | to=model_done | lifecycle=running | busy=true | queueBusy=true | elapsedSinceLastTransitionMs=24426
[9/25/2026, 9:43:43 PM.452] [Info] [SessionManager][credit] Credit received: rootRequestId=33808fbc9de84603848d618fd4bf8ae3, source=response_done, credit=undefined
[9/25/2026, 9:43:43 PM.453] [Info] [addHistory] START sessionId=0a5479d6-a616-4baa-8ade-594ddff67fb1, storeId=undefined, types=[reasoning], input=[{type: reasoning, id: N/A}]
[9/25/2026, 9:43:43 PM.454] [Info] [SessionRunStateMachine] transition | sessionId=0a5479d6-a616-4baa-8ade-594ddff67fb1 | event=AGENT_ENDED | from=model_done | to=idle | lifecycle=idle | busy=false | queueBusy=false | elapsedSinceLastTransitionMs=2
[9/25/2026, 9:43:43 PM.455] [Info] [InterruptionService] await result.completed DONE — session=0a5479d6-a616-4baa-8ade-594ddff67fb1, elapsed=69966ms
[9/25/2026, 9:43:43 PM.455] [Info] [SessionHookManager] executeStopHooks sessionId=0a5479d6-a616-4baa-8ade-594ddff67fb1 stopHookActive=false stopReason=completed
[9/25/2026, 9:43:43 PM.459] [Info] [TraceStopHook] [f478c9bbb8ec440b85bec215eab62ae2]  TraceStopHook executed
[9/25/2026, 9:43:43 PM.469] [Info] [SessionStore.appendHistory] id=0a5479d6-a616-4baa-8ade-594ddff67fb1, items=1, bytesWritten=1021, fileSize=225163
[9/25/2026, 9:43:43 PM.469] [Info] [addHistory] COMPLETED sessionId=0a5479d6-a616-4baa-8ade-594ddff67fb1
[9/25/2026, 9:43:43 PM.470] [Info] [addHistory] START sessionId=0a5479d6-a616-4baa-8ade-594ddff67fb1, storeId=undefined, types=[message], input=[{type: message, id: a10201abfcbc44e6ba2642851ceb9cf6}]
[9/25/2026, 9:43:43 PM.471] [Info] [SessionStore.appendHistory] id=0a5479d6-a616-4baa-8ade-594ddff67fb1, items=1, bytesWritten=2833, fileSize=229277
[9/25/2026, 9:43:43 PM.471] [Info] [addHistory] COMPLETED sessionId=0a5479d6-a616-4baa-8ade-594ddff67fb1
[9/25/2026, 9:43:43 PM.471] [Info] [SessionManager] handleStreamRunResult DONE — session=0a5479d6-a616-4baa-8ade-594ddff67fb1, elapsed=69983ms
[9/25/2026, 9:43:43 PM.471] [Info] [SessionManager] await result.completed START — session=0a5479d6-a616-4baa-8ade-594ddff67fb1, agent=cli
[9/25/2026, 9:43:43 PM.471] [Info] [SessionManager] await result.completed DONE — session=0a5479d6-a616-4baa-8ade-594ddff67fb1, elapsed=0ms
[9/25/2026, 9:43:43 PM.473] [Info] [SessionManager][Gate] resolve willRetry=false session=0a5479d6-a616-4baa-8ade-594ddff67fb1
[9/25/2026, 9:43:43 PM.527] [Info] [TracingService]  [primary] Exported 2 spans, traceIds: f478c9bbb8ec440b85bec215eab62ae2
[9/25/2026, 9:43:43 PM.571] [Info] [TracingService]  Galileo global OpenTelemetry provider forceFlush completed.
[9/25/2026, 9:43:43 PM.571] [Info] [FinalStop] executeFinalStopHooks entry sessionId=0a5479d6-a616-4baa-8ade-594ddff67fb1 reason=completed
[9/25/2026, 9:43:43 PM.571] [Info] [FinalStop] executing FinalStop hooks sessionId=0a5479d6-a616-4baa-8ade-594ddff67fb1
[9/25/2026, 9:43:43 PM.572] [Info] [finalization-modify-backup] skipped (enableFileBackup=false) sessionId=0a5479d6-a616-4baa-8ade-594ddff67fb1
[9/25/2026, 9:43:43 PM.572] [Info] [finalization-file-projection-sync] skipped (enableProjection=false) sessionId=0a5479d6-a616-4baa-8ade-594ddff67fb1
[9/25/2026, 9:43:43 PM.574] [Info] [FinalStop] FinalStop hooks completed successfully sessionId=0a5479d6-a616-4baa-8ade-594ddff67fb1 durationMs=2
[9/25/2026, 9:43:43 PM.574] [Info] [ACP Agent] RESULT: isStream=true, isFinal=true, hasInterruptions=false, hasError=false
[9/25/2026, 9:43:43 PM.575] [Info] [SessionRunStateMachine] transition | sessionId=0a5479d6-a616-4baa-8ade-594ddff67fb1 | event=AGENT_ENDED | from=idle | to=idle | lifecycle=idle | busy=false | queueBusy=false | elapsedSinceLastTransitionMs=120
[9/25/2026, 9:43:43 PM.576] [Info] [ACP Agent] RESULT: completed successfully, stopReason=end_turn, finishReason=stop
[9/25/2026, 9:43:43 PM.577] [Info] [AcpView]  Sent session_info_update with title: 了解美联储降息动态
[9/25/2026, 9:43:43 PM.579] [Info] [AcpView]  Prompt completed for session 0a5479d6-a616-4baa-8ade-594ddff67fb1, stopReason: end_turn, finishReason: stop
[9/25/2026, 9:43:43 PM.579] [Info] [AcpBroadcastService]  Stopped broadcast for session 0a5479d6-a616-4baa-8ade-594ddff67fb1
[9/25/2026, 9:43:43 PM.579] [Info] [ACP Agent] prompt() completed with stopReason: end_turn
[9/25/2026, 9:43:43 PM.586] [Info] [AcpUsagePublisher]  [AcpUsagePublisher] credit consumed source=prompt_end sessionId=0a5479d6-a616-4baa-8ade-594ddff67fb1 requestId=33808fbc9de84603848d618fd4bf8ae3 messageId=a10201abfcbc44e6ba2642851ceb9cf6 credit=11.86
[9/25/2026, 9:43:43 PM.587] [Info] [ACP StreamManager] sendToClient: Sending response for request 5
[9/25/2026, 9:43:43 PM.587] [Info] [ACP StreamManager] sendToClient: requestToStreamMapping size=1, keys=[5]
[9/25/2026, 9:43:43 PM.587] [Info] [ACP StreamManager] sendToClient: Found stream ae07bc38-7a4d-428a-a13a-a8b51cc87174 for request 5
[9/25/2026, 9:43:43 PM.587] [Info] [ACP StreamManager] sendToClient: stream exists=true, writableEnded=false
[9/25/2026, 9:43:43 PM.587] [Info] [ACP StreamManager] sendToClient: Writing SSE event to stream ae07bc38-7a4d-428a-a13a-a8b51cc87174
[9/25/2026, 9:43:43 PM.587] [Info] [ACP StreamManager] sendToClient: SSE event written successfully
[9/25/2026, 9:43:43 PM.587] [Info] [ACP StreamManager] scheduleStreamClose: Scheduling delayed close for stream ae07bc38-7a4d-428a-a13a-a8b51cc87174 (0ms)
[9/25/2026, 9:43:43 PM.588] [Info] [ACP StreamManager] scheduleStreamClose: Delayed close timer fired for stream ae07bc38-7a4d-428a-a13a-a8b51cc87174
[9/25/2026, 9:43:43 PM.588] [Info] [ACP StreamManager] handlePost: Stream ae07bc38-7a4d-428a-a13a-a8b51cc87174 closed
[9/25/2026, 9:43:43 PM.613] [Info] starting POST /api/v1/acp
[9/25/2026, 9:43:43 PM.615] [Info] [ACP StreamManager] handlePost: hasPrompt=false, inFlightPromptCount=0, messages=session/get_message_queue
[9/25/2026, 9:43:43 PM.615] [Info] [ACP StreamManager] handlePost: Creating stream 7cc5a708-0d07-4c79-b175-8e4ceca2d78d for requests
[9/25/2026, 9:43:43 PM.615] [Info] [ACP StreamManager] handlePost: Mapped request id=6 (method=session/get_message_queue) to stream 7cc5a708-0d07-4c79-b175-8e4ceca2d78d
[9/25/2026, 9:43:43 PM.615] [Info] [ACP StreamManager] handlePost: After mapping, requestToStreamMapping keys=[6]
[9/25/2026, 9:43:43 PM.615] [Info] [ACP StreamManager] sendToClient: Sending response for request 6
[9/25/2026, 9:43:43 PM.615] [Info] [ACP StreamManager] sendToClient: requestToStreamMapping size=1, keys=[6]
[9/25/2026, 9:43:43 PM.615] [Info] [ACP StreamManager] sendToClient: Found stream 7cc5a708-0d07-4c79-b175-8e4ceca2d78d for request 6
[9/25/2026, 9:43:43 PM.615] [Info] [ACP StreamManager] sendToClient: stream exists=true, writableEnded=false
[9/25/2026, 9:43:43 PM.615] [Info] [ACP StreamManager] sendToClient: Writing SSE event to stream 7cc5a708-0d07-4c79-b175-8e4ceca2d78d
[9/25/2026, 9:43:43 PM.615] [Info] [ACP StreamManager] sendToClient: SSE event written successfully
[9/25/2026, 9:43:43 PM.615] [Info] [ACP StreamManager] scheduleStreamClose: Scheduling delayed close for stream 7cc5a708-0d07-4c79-b175-8e4ceca2d78d (0ms)
[9/25/2026, 9:43:43 PM.616] [Info] ending POST /api/v1/acp [3ms]
[9/25/2026, 9:43:43 PM.617] [Info] [ACP StreamManager] scheduleStreamClose: Delayed close timer fired for stream 7cc5a708-0d07-4c79-b175-8e4ceca2d78d
[9/25/2026, 9:43:43 PM.617] [Info] [ACP StreamManager] handlePost: Stream 7cc5a708-0d07-4c79-b175-8e4ceca2d78d closed
[9/25/2026, 9:43:45 PM.480] [Info] [ProxyResolver] L0 PAC: https://copilot.tencent.com/v2/report → DIRECT
[9/25/2026, 9:44:01 PM.784] [Info] [WorkflowMemProbe] tick runId=(none) | rss=289MB heap=125.7/191MB external=54.1MB arrayBuffers=0MB
[9/25/2026, 9:44:31 PM.786] [Info] [WorkflowMemProbe] tick runId=(none) | rss=205.2MB heap=126.6/191.3MB external=54.2MB arrayBuffers=0MB
[9/25/2026, 9:45:01 PM.786] [Info] [WorkflowMemProbe] tick runId=(none) | rss=201.8MB heap=127.2/191.5MB external=54.2MB arrayBuffers=0MB
[9/25/2026, 9:45:31 PM.787] [Info] [WorkflowMemProbe] tick runId=(none) | rss=170MB heap=112.9/116.2MB external=53.4MB arrayBuffers=0MB
[9/25/2026, 9:46:01 PM.787] [Info] [WorkflowMemProbe] tick runId=(none) | rss=158MB heap=113.3/116.4MB external=53.4MB arrayBuffers=0MB
[9/25/2026, 9:46:31 PM.788] [Info] [WorkflowMemProbe] tick runId=(none) | rss=151.8MB heap=113.5/116.4MB external=53.4MB arrayBuffers=0MB
[9/25/2026, 9:47:01 PM.789] [Info] [WorkflowMemProbe] tick runId=(none) | rss=152.8MB heap=112.2/116.4MB external=53.3MB arrayBuffers=0MB
[9/25/2026, 9:47:31 PM.789] [Info] [WorkflowMemProbe] tick runId=(none) | rss=146.8MB heap=112.5/116.4MB external=53.3MB arrayBuffers=0MB
[9/25/2026, 9:47:53 PM.972] [Info] [TracingService]  [primary] Exported 1 spans, traceIds: 798548d438cc339ba0ece1c369b0d3e3
[9/25/2026, 9:48:01 PM.789] [Info] [WorkflowMemProbe] tick runId=(none) | rss=148.7MB heap=112.8/115.9MB external=53.4MB arrayBuffers=0MB
[9/25/2026, 9:48:06 PM.408] [Info] starting POST /api/v1/acp
[9/25/2026, 9:48:06 PM.409] [Info] [ACP StreamManager] handlePost: hasPrompt=false, inFlightPromptCount=0, messages=session/get_message_queue
[9/25/2026, 9:48:06 PM.409] [Info] [ACP StreamManager] handlePost: Creating stream 8a9055c9-072d-443d-953f-4a06d94818df for requests
[9/25/2026, 9:48:06 PM.409] [Info] [ACP StreamManager] handlePost: Mapped request id=7 (method=session/get_message_queue) to stream 8a9055c9-072d-443d-953f-4a06d94818df
[9/25/2026, 9:48:06 PM.409] [Info] [ACP StreamManager] handlePost: After mapping, requestToStreamMapping keys=[7]
[9/25/2026, 9:48:06 PM.410] [Info] [ACP StreamManager] sendToClient: Sending response for request 7
[9/25/2026, 9:48:06 PM.410] [Info] [ACP StreamManager] sendToClient: requestToStreamMapping size=1, keys=[7]
[9/25/2026, 9:48:06 PM.410] [Info] [ACP StreamManager] sendToClient: Found stream 8a9055c9-072d-443d-953f-4a06d94818df for request 7
[9/25/2026, 9:48:06 PM.410] [Info] [ACP StreamManager] sendToClient: stream exists=true, writableEnded=false
[9/25/2026, 9:48:06 PM.410] [Info] [ACP StreamManager] sendToClient: Writing SSE event to stream 8a9055c9-072d-443d-953f-4a06d94818df
[9/25/2026, 9:48:06 PM.410] [Info] [ACP StreamManager] sendToClient: SSE event written successfully
[9/25/2026, 9:48:06 PM.410] [Info] [ACP StreamManager] scheduleStreamClose: Scheduling delayed close for stream 8a9055c9-072d-443d-953f-4a06d94818df (0ms)
[9/25/2026, 9:48:06 PM.410] [Info] ending POST /api/v1/acp [3ms]
[9/25/2026, 9:48:06 PM.410] [Info] [ACP StreamManager] scheduleStreamClose: Delayed close timer fired for stream 8a9055c9-072d-443d-953f-4a06d94818df
[9/25/2026, 9:48:06 PM.410] [Info] [ACP StreamManager] handlePost: Stream 8a9055c9-072d-443d-953f-4a06d94818df closed
[9/25/2026, 9:48:19 PM.847] [Info] [AuthenticationSessionListener] [auth_success: 青石]  认证成功,执行 Notification 钩子:
[9/25/2026, 9:48:19 PM.891] [Info] [PluginsProductProvider.provide] active=12, ids=[weixinpay@workbuddy-builtin,tencent-docs-plugin@workbuddy-builtin,sheetagent@workbuddy-builtin,tencent-pptx@workbuddy-builtin,tencent-docx@workbuddy-builtin,agent-browser@codebuddy-plugins-official,find-skills@codebuddy-plugins-official,welcomemode-work@workbuddy-builtin,interactionmode-craft@workbuddy-builtin,prompt-common@workbuddy-builtin,agent-browser@inline,find-skills@inline]
[9/25/2026, 9:48:19 PM.892] [Info] [MCP][cacheDbg] getConnectedServers() called: nonInteractive=true waitForSettle=false cacheNow=[connector-proxy,weixinpay,sheetagent] allServers=[connector-proxy:connected,weixinpay:connected,sheetagent:connected]
[9/25/2026, 9:48:19 PM.892] [Info] [MCP][cacheDbg] getConnectedServers() returning: [connector-proxy,weixinpay,sheetagent] (size=3)
[9/25/2026, 9:48:19 PM.902] [Info] [CustomModelsProductProvider] productName=WorkBuddy, isWorkBuddy=true, userConfigPath=/Users/didi/.workbuddy/models.json
[9/25/2026, 9:48:19 PM.902] [Info] Loaded custom models config from user: /Users/didi/.workbuddy/models.json
[9/25/2026, 9:48:19 PM.902] [Info] [ModelsProductProvider] enterpriseId: undefined, endpoint: https://copilot.tencent.com
[9/25/2026, 9:48:19 PM.902] [Warning] [ModelsProductProvider] enterpriseId is missing, skipping models API call
[9/25/2026, 9:48:19 PM.902] [Info] [AgentModelResolver] product config input: 54 models, 24 agents
[9/25/2026, 9:48:19 PM.902] [Info] [AgentModelResolver] model ids: auto, fast-model, balanced-model, deep-model, hy3, hy3-b, hy3-c, hy3-x, hy4-preview, hy4-preview-f, minimax-m2.5, glm-5v-turbo, glm-5.3, glm-5.3-flash, glm-5.2, glm-5.1, glm-5.0-turbo, glm-4.6v, kimi-k3-1, kimi-k2.8-preview, kimi-k2.7, kimi-k2.6, kimi-k2.5, kimi-k2-thinking, minimax-m3, minimax-m2.7, glm-4.6, deepseek-v4-flash, deepseek-v4.1-flash, deepseek-v4-pro, deepseek-v3-2-volc, deepseek-v3-1-volc, deepseek-v3-1-lkeap, deepseek-v3-1, deepseek-v3-0324-lkeap, deepseek-r1-0528-lkeap, kimi-k2-instruct-taiji, completion-gf, default-1.1, hunyuan-3b, hunyuan-7b-dense, codewise-completions, codewise-rewrite, codewise-nes-a4-027-aide, codewise-jump, deepseek-r1-0528, deepseek-v3-0324-taco-completion, deepseek-v3-0324, default-1.2, hunyuan-2.0-instruct, hunyuan-chat, hunyuan-image-alpha, hunyuan-image-alpha-edit, custom-local:kimi-k3
[9/25/2026, 9:48:19 PM.902] [Info] [AgentModelResolver] agent "cli" original_models=["auto","hy4-preview-f","hy3","hy3-x","deepseek-v4.1-flash","glm-5.3","glm-5.3-flash","glm-5.2","glm-5.1","glm-5v-turbo","minimax-m3","kimi-k3-1","kimi-k2.8-preview","kimi-k2.7","kimi-k2.6","deepseek-v4-pro"] -> resolved_models=["auto","hy4-preview-f","hy3","hy3-x","deepseek-v4.1-flash","glm-5.3","glm-5.3-flash","glm-5.2","glm-5.1","glm-5v-turbo","minimax-m3","kimi-k3-1","kimi-k2.8-preview","kimi-k2.7","kimi-k2.6","deepseek-v4-pro"]
[9/25/2026, 9:48:19 PM.902] [Info] [AgentModelResolver] agent "general-purpose" original_models=[] -> resolved_models=[]
[9/25/2026, 9:48:19 PM.902] [Info] [AgentModelResolver] agent "compact" original_models=[] -> resolved_models=[]
[9/25/2026, 9:48:19 PM.902] [Info] [AgentModelResolver] agent "contextSummary" original_models=[] -> resolved_models=[]
[9/25/2026, 9:48:19 PM.902] [Info] [AgentModelResolver] agent "contentAnalyzer" original_models=[] -> resolved_models=[]
[9/25/2026, 9:48:19 PM.902] [Info] [AgentModelResolver] agent "terminalTitleGenerator" original_models=[] -> resolved_models=[]
[9/25/2026, 9:48:19 PM.902] [Info] [AgentModelResolver] agent "promptSuggestion" original_models=[] -> resolved_models=[]
[9/25/2026, 9:48:19 PM.902] [Info] [AgentModelResolver] agent "memorySelector" original_models=["lite"] -> resolved_models=["lite"]
[9/25/2026, 9:48:19 PM.902] [Info] [AgentModelResolver] agent "summaryGenerator" original_models=[] -> resolved_models=[]
[9/25/2026, 9:48:19 PM.902] [Info] [AgentModelResolver] agent "autoModeClassifier" original_models=[] -> resolved_models=[]
[9/25/2026, 9:48:19 PM.902] [Info] [AgentModelResolver] agent "promptHookEvaluator" original_models=["lite"] -> resolved_models=["lite"]
[9/25/2026, 9:48:19 PM.902] [Info] [AgentModelResolver] agent "insightsAnalyzer" original_models=[] -> resolved_models=[]
[9/25/2026, 9:48:19 PM.902] [Info] [AgentModelResolver] agent "agentInstructions" original_models=[] -> resolved_models=[]
[9/25/2026, 9:48:19 PM.902] [Info] [AgentModelResolver] agent "statusline-setup" original_models=[] -> resolved_models=[]
[9/25/2026, 9:48:19 PM.902] [Info] [AgentModelResolver] agent "Explore" original_models=["lite"] -> resolved_models=["lite"]
[9/25/2026, 9:48:19 PM.902] [Info] [AgentModelResolver] agent "Plan" original_models=[] -> resolved_models=[]
[9/25/2026, 9:48:19 PM.902] [Info] [AgentModelResolver] agent "pulse" original_models=[] -> resolved_models=[]
[9/25/2026, 9:48:19 PM.902] [Info] [AgentModelResolver] agent "handoff-summary" original_models=undefined -> resolved_models=[]
[9/25/2026, 9:48:19 PM.902] [Info] [AgentModelResolver] agent "enhance-prompt" original_models=[] -> resolved_models=[]
[9/25/2026, 9:48:19 PM.902] [Info] [AgentModelResolver] agent "sheet-agent" original_models=[] -> resolved_models=[]
[9/25/2026, 9:48:19 PM.902] [Info] [AgentModelResolver] agent "doc-converter" original_models=[] -> resolved_models=[]
[9/25/2026, 9:48:19 PM.902] [Info] [AgentModelResolver] agent "doc-formatter" original_models=[] -> resolved_models=[]
[9/25/2026, 9:48:19 PM.902] [Info] [AgentModelResolver] agent "doc-writer" original_models=[] -> resolved_models=[]
[9/25/2026, 9:48:19 PM.902] [Info] [AgentModelResolver] agent "work" original_models=[] -> resolved_models=[]
[9/25/2026, 9:48:19 PM.921] [Info] [PluginPolicyService]  [MergedPlugins][DEBUG] ProductManager.onDidChange fired, reloading policies...
[9/25/2026, 9:48:19 PM.921] [Info] [PluginPolicyService]  [MergedPlugins][DEBUG] Current config builtInMarketPluginsMerge: [{"autoEnable":true,"marketplaceName":"codebuddy-plugins-official","name":"agent-browser","scope":"user"}]
[9/25/2026, 9:48:19 PM.921] [Info] [PluginPolicyService]  [MergedPlugins] Loaded 1 merged plugin entries
[9/25/2026, 9:48:19 PM.921] [Info] [Startup] AgentManager.rebuildAgents: START
[9/25/2026, 9:48:19 PM.921] [Info] [Startup] AgentManager.rebuildAgents: completed in 12ms, resolving readyDeferred
[9/25/2026, 9:48:19 PM.922] [Info] [PluginManager]  Checking for built-in marketplaces to install...
[9/25/2026, 9:48:19 PM.922] [Info] [BuiltInMarketplaceProvider]  Found 2 built-in marketplace(s)
[9/25/2026, 9:48:19 PM.922] [Info] [PluginManager]  Found 2 built-in marketplace(s)
[9/25/2026, 9:48:19 PM.923] [Info] [MarketplaceStorage]  [MarketplaceStorage] getMarketplaces ensureConfigFile=0ms readAndRepair=1ms migration=0ms total=1ms count=5 path=/Users/didi/.workbuddy/plugins/known_marketplaces.json
[9/25/2026, 9:48:19 PM.923] [Info] [PluginManager]  All built-in marketplaces are already installed
[9/25/2026, 9:48:19 PM.923] [Info] [MarketplaceStorage]  [MarketplaceStorage] getMarketplaces ensureConfigFile=0ms readAndRepair=0ms migration=0ms total=0ms count=5 path=/Users/didi/.workbuddy/plugins/known_marketplaces.json
[9/25/2026, 9:48:19 PM.923] [Info] [BuiltInMarketplaceProvider]  Found 2 built-in marketplace(s)
[9/25/2026, 9:48:19 PM.926] [Info] [PluginManager]  Loaded 5 marketplaces (2 built-in) total=3ms storage=0ms builtIn=0ms autoUpdate=1ms
[9/25/2026, 9:48:21 PM.912] [Info] [TracingService]  Tracing uses @tencent/galileo-node-sdk global OpenTelemetry provider; @genie OTLP exporter is skipped.
[9/25/2026, 9:48:21 PM.912] [Info] [TracingService]  Tracing config resolved: {"productEnabled":true,"enabledByEnv":false,"endpoint":"https://copilot.tencent.com","galileoEnabled":true}
[9/25/2026, 9:48:31 PM.793] [Info] [WorkflowMemProbe] tick runId=(none) | rss=63.7MB heap=120.7/125.5MB external=54.5MB arrayBuffers=0MB
[9/25/2026, 10:04:01 PM.573] [Info] [WorkflowMemProbe] tick runId=(none) | rss=88.5MB heap=121.1/125.5MB external=54.5MB arrayBuffers=0MB
[9/25/2026, 10:04:01 PM.584] [Info] [SandboxCLIClient] sendRequest | id=ts-msg-4 | cmd=FlushAccessTelemetry | timeout=120000ms | msg={"sessionId":"0a5479d6-a616-4baa-8ade-594ddff67fb1","messageId":"ts-msg-4","command":"FlushAccessTelemetry","data":{}}
[9/25/2026, 10:04:01 PM.585] [Info] [SandboxCLIClient] Response OK | id=ts-msg-4 | cmd=FlushAccessTelemetry | data=null
[9/25/2026, 10:04:01 PM.585] [Info] [SandboxLifecycle] FlushAccessTelemetry(0a5479d6-a616-4baa-8ade-594ddff67fb1) completed | reason=interval_10m
[9/25/2026, 10:04:01 PM.604] [Info] [GitInfoCollector]  CODEBUDDY_GIT_REPO_SCAN_DISABLED 1
[9/25/2026, 10:04:01 PM.604] [Info] [GitInfoCollector]  Git repository scan is disabled via CODEBUDDY_GIT_REPO_SCAN_DISABLED environment variable
[9/25/2026, 10:04:01 PM.683] [Info] starting DELETE /api/v1/acp
[9/25/2026, 10:04:01 PM.685] [Info] [AcpConnectionGuard]  Token revoked for connectionId=67b1a48d-af81-4c18-b67b-5eb2143b1b10, active=0/32
[9/25/2026, 10:04:01 PM.685] [Info] [GatewayAudit]  [AUDIT] connection.close from=127.0.0.1 conn=67b1a48d
[9/25/2026, 10:04:01 PM.685] [Info] [AcpAgentManager]  Agent removed: 67b1a48d-af81-4c18-b67b-5eb2143b1b10
[9/25/2026, 10:04:01 PM.685] [Info] ending DELETE /api/v1/acp [2ms]
[9/25/2026, 10:04:01 PM.689] [Info] [ProxyResolver] L0 PAC: https://copilot.tencent.com/v3/config → DIRECT
[9/25/2026, 10:04:01 PM.696] [Error] [ProcessExit] signal | reason=SIGTERM
