Workspace Path: /private/var/folders/f3/2gv0jww54zb8r9tg9bk508s00000ks/T/workbuddy-host-cli/__workbuddy_cli_host__-3-f5ba073e
[9/26/2026, 8:04:12 AM.487] [Info] [WorkflowMemProbe] tick runId=(none) | rss=99.2MB heap=168.3/175.4MB external=54.9MB arrayBuffers=0MB
[9/26/2026, 8:04:12 AM.489] [Info] [GitInfoCollector]  CODEBUDDY_GIT_REPO_SCAN_DISABLED 1
[9/26/2026, 8:04:12 AM.489] [Info] [GitInfoCollector]  Git repository scan is disabled via CODEBUDDY_GIT_REPO_SCAN_DISABLED environment variable
[9/26/2026, 8:04:13 AM.160] [Info] [CloudProductManager]  fetch cloud product success, agents(1): cli, models(53): auto,fast-model,balanced-model,deep-model,hy3,hy3-b,hy3-c,hy3-x,hy4-preview,hy4-preview-f,minimax-m2.5,glm-5v-turbo,glm-5.3,glm-5.3-flash,glm-5.2,glm-5.1,glm-5.0-turbo,glm-4.6v,kimi-k3-1,kimi-k2.8-preview,kimi-k2.7,kimi-k2.6,kimi-k2.5,kimi-k2-thinking,minimax-m3,minimax-m2.7,glm-4.6,deepseek-v4-flash,deepseek-v4.1-flash,deepseek-v4-pro,deepseek-v3-2-volc,deepseek-v3-1-volc,deepseek-v3-1-lkeap,deepseek-v3-1,deepseek-v3-0324-lkeap,deepseek-r1-0528-lkeap,kimi-k2-instruct-taiji,completion-gf,default-1.1,hunyuan-3b,hunyuan-7b-dense,codewise-completions,codewise-rewrite,codewise-nes-a4-027-aide,codewise-jump,deepseek-r1-0528,deepseek-v3-0324-taco-completion,deepseek-v3-0324,default-1.2,hunyuan-2.0-instruct,hunyuan-chat,hunyuan-image-alpha,hunyuan-image-alpha-edit
[9/26/2026, 8:04:13 AM.160] [Info] [CloudProductManager]  Fetched configuration from remote [668ms]
[9/26/2026, 8:04:13 AM.161] [Info] [PluginsProductProvider.provide] active=9, ids=[weixinpay@workbuddy-builtin,tencent-docs-plugin@workbuddy-builtin,sheetagent@workbuddy-builtin,tencent-pptx@workbuddy-builtin,tencent-docx@workbuddy-builtin,agent-browser@codebuddy-plugins-official,find-skills@codebuddy-plugins-official,agent-browser@inline,find-skills@inline]
[9/26/2026, 8:04:13 AM.161] [Info] [MCP][cacheDbg] getConnectedServers() called: nonInteractive=true waitForSettle=false cacheNow=[connector-proxy,weixinpay,sheetagent] allServers=[connector-proxy:connected,weixinpay:connected,sheetagent:connected]
[9/26/2026, 8:04:13 AM.161] [Info] [MCP][cacheDbg] getConnectedServers() returning: [connector-proxy,weixinpay,sheetagent] (size=3)
[9/26/2026, 8:04:13 AM.168] [Info] [CustomModelsProductProvider] productName=WorkBuddy, isWorkBuddy=true, userConfigPath=/Users/didi/.workbuddy/models.json
[9/26/2026, 8:04:13 AM.168] [Info] Loaded custom models config from user: /Users/didi/.workbuddy/models.json
[9/26/2026, 8:04:13 AM.168] [Info] [ModelsProductProvider] enterpriseId: undefined, endpoint: https://copilot.tencent.com
[9/26/2026, 8:04:13 AM.168] [Warning] [ModelsProductProvider] enterpriseId is missing, skipping models API call
[9/26/2026, 8:04:13 AM.168] [Info] [AgentModelResolver] product config input: 54 models, 23 agents
[9/26/2026, 8:04:13 AM.168] [Info] [AgentModelResolver] model ids: auto, fast-model, balanced-model, deep-model, hy3, hy3-b, hy3-c, hy3-x, hy4-preview, hy4-preview-f, minimax-m2.5, glm-5v-turbo, glm-5.3, glm-5.3-flash, glm-5.2, glm-5.1, glm-5.0-turbo, glm-4.6v, kimi-k3-1, kimi-k2.8-preview, kimi-k2.7, kimi-k2.6, kimi-k2.5, kimi-k2-thinking, minimax-m3, minimax-m2.7, glm-4.6, deepseek-v4-flash, deepseek-v4.1-flash, deepseek-v4-pro, deepseek-v3-2-volc, deepseek-v3-1-volc, deepseek-v3-1-lkeap, deepseek-v3-1, deepseek-v3-0324-lkeap, deepseek-r1-0528-lkeap, kimi-k2-instruct-taiji, completion-gf, default-1.1, hunyuan-3b, hunyuan-7b-dense, codewise-completions, codewise-rewrite, codewise-nes-a4-027-aide, codewise-jump, deepseek-r1-0528, deepseek-v3-0324-taco-completion, deepseek-v3-0324, default-1.2, hunyuan-2.0-instruct, hunyuan-chat, hunyuan-image-alpha, hunyuan-image-alpha-edit, custom-local:kimi-k3
[9/26/2026, 8:04:13 AM.168] [Info] [AgentModelResolver] agent "cli" original_models=["auto","hy4-preview-f","hy3","hy3-x","deepseek-v4.1-flash","glm-5.3","glm-5.3-flash","glm-5.2","glm-5.1","glm-5v-turbo","minimax-m3","kimi-k3-1","kimi-k2.8-preview","kimi-k2.7","kimi-k2.6","deepseek-v4-pro"] -> resolved_models=["auto","hy4-preview-f","hy3","hy3-x","deepseek-v4.1-flash","glm-5.3","glm-5.3-flash","glm-5.2","glm-5.1","glm-5v-turbo","minimax-m3","kimi-k3-1","kimi-k2.8-preview","kimi-k2.7","kimi-k2.6","deepseek-v4-pro"]
[9/26/2026, 8:04:13 AM.168] [Info] [AgentModelResolver] agent "general-purpose" original_models=[] -> resolved_models=[]
[9/26/2026, 8:04:13 AM.168] [Info] [AgentModelResolver] agent "compact" original_models=[] -> resolved_models=[]
[9/26/2026, 8:04:13 AM.168] [Info] [AgentModelResolver] agent "contextSummary" original_models=[] -> resolved_models=[]
[9/26/2026, 8:04:13 AM.168] [Info] [AgentModelResolver] agent "contentAnalyzer" original_models=[] -> resolved_models=[]
[9/26/2026, 8:04:13 AM.168] [Info] [AgentModelResolver] agent "terminalTitleGenerator" original_models=[] -> resolved_models=[]
[9/26/2026, 8:04:13 AM.168] [Info] [AgentModelResolver] agent "promptSuggestion" original_models=[] -> resolved_models=[]
[9/26/2026, 8:04:13 AM.168] [Info] [AgentModelResolver] agent "memorySelector" original_models=["lite"] -> resolved_models=["lite"]
[9/26/2026, 8:04:13 AM.168] [Info] [AgentModelResolver] agent "summaryGenerator" original_models=[] -> resolved_models=[]
[9/26/2026, 8:04:13 AM.168] [Info] [AgentModelResolver] agent "autoModeClassifier" original_models=[] -> resolved_models=[]
[9/26/2026, 8:04:13 AM.168] [Info] [AgentModelResolver] agent "promptHookEvaluator" original_models=["lite"] -> resolved_models=["lite"]
[9/26/2026, 8:04:13 AM.168] [Info] [AgentModelResolver] agent "insightsAnalyzer" original_models=[] -> resolved_models=[]
[9/26/2026, 8:04:13 AM.168] [Info] [AgentModelResolver] agent "agentInstructions" original_models=[] -> resolved_models=[]
[9/26/2026, 8:04:13 AM.168] [Info] [AgentModelResolver] agent "statusline-setup" original_models=[] -> resolved_models=[]
[9/26/2026, 8:04:13 AM.168] [Info] [AgentModelResolver] agent "Explore" original_models=["lite"] -> resolved_models=["lite"]
[9/26/2026, 8:04:13 AM.168] [Info] [AgentModelResolver] agent "Plan" original_models=[] -> resolved_models=[]
[9/26/2026, 8:04:13 AM.168] [Info] [AgentModelResolver] agent "pulse" original_models=[] -> resolved_models=[]
[9/26/2026, 8:04:13 AM.168] [Info] [AgentModelResolver] agent "handoff-summary" original_models=undefined -> resolved_models=[]
[9/26/2026, 8:04:13 AM.168] [Info] [AgentModelResolver] agent "enhance-prompt" original_models=[] -> resolved_models=[]
[9/26/2026, 8:04:13 AM.168] [Info] [AgentModelResolver] agent "sheet-agent" original_models=[] -> resolved_models=[]
[9/26/2026, 8:04:13 AM.168] [Info] [AgentModelResolver] agent "doc-converter" original_models=[] -> resolved_models=[]
[9/26/2026, 8:04:13 AM.168] [Info] [AgentModelResolver] agent "doc-formatter" original_models=[] -> resolved_models=[]
[9/26/2026, 8:04:13 AM.168] [Info] [AgentModelResolver] agent "doc-writer" original_models=[] -> resolved_models=[]
[9/26/2026, 8:04:13 AM.184] [Info] [PluginPolicyService]  [MergedPlugins][DEBUG] ProductManager.onDidChange fired, reloading policies...
[9/26/2026, 8:04:13 AM.184] [Info] [PluginPolicyService]  [MergedPlugins][DEBUG] Current config builtInMarketPluginsMerge: [{"autoEnable":true,"marketplaceName":"codebuddy-plugins-official","name":"agent-browser","scope":"user"}]
[9/26/2026, 8:04:13 AM.184] [Info] [PluginPolicyService]  [MergedPlugins] Loaded 1 merged plugin entries
[9/26/2026, 8:04:13 AM.184] [Info] [Startup] AgentManager.rebuildAgents: START
[9/26/2026, 8:04:13 AM.184] [Info] [Startup] AgentManager.rebuildAgents: completed in 11ms, resolving readyDeferred
[9/26/2026, 8:04:13 AM.185] [Info] [PluginManager]  Checking for built-in marketplaces to install...
[9/26/2026, 8:04:13 AM.185] [Info] [BuiltInMarketplaceProvider]  Found 2 built-in marketplace(s)
[9/26/2026, 8:04:13 AM.185] [Info] [PluginManager]  Found 2 built-in marketplace(s)
[9/26/2026, 8:04:13 AM.186] [Info] [MarketplaceStorage]  [MarketplaceStorage] getMarketplaces ensureConfigFile=0ms readAndRepair=1ms migration=0ms total=1ms count=5 path=/Users/didi/.workbuddy/plugins/known_marketplaces.json
[9/26/2026, 8:04:13 AM.187] [Info] [PluginManager]  All built-in marketplaces are already installed
[9/26/2026, 8:04:13 AM.188] [Info] [MarketplaceStorage]  [MarketplaceStorage] getMarketplaces ensureConfigFile=1ms readAndRepair=1ms migration=0ms total=2ms count=5 path=/Users/didi/.workbuddy/plugins/known_marketplaces.json
[9/26/2026, 8:04:13 AM.188] [Info] [BuiltInMarketplaceProvider]  Found 2 built-in marketplace(s)
[9/26/2026, 8:04:13 AM.190] [Info] [PluginManager]  Loaded 5 marketplaces (2 built-in) total=4ms storage=2ms builtIn=0ms autoUpdate=0ms
[9/26/2026, 8:04:15 AM.176] [Info] [TracingService]  Tracing uses @tencent/galileo-node-sdk global OpenTelemetry provider; @genie OTLP exporter is skipped.
[9/26/2026, 8:04:15 AM.176] [Info] [TracingService]  Tracing config resolved: {"productEnabled":true,"enabledByEnv":false,"endpoint":"https://copilot.tencent.com","galileoEnabled":true}
[9/26/2026, 8:04:42 AM.489] [Info] [WorkflowMemProbe] tick runId=(none) | rss=139.7MB heap=152.4/160.5MB external=53.6MB arrayBuffers=0MB
[9/26/2026, 8:20:23 AM.772] [Info] [WorkflowMemProbe] tick runId=(none) | rss=140.9MB heap=154.4/161.6MB external=53.6MB arrayBuffers=0MB
[9/26/2026, 8:20:23 AM.776] [Info] [GitInfoCollector]  CODEBUDDY_GIT_REPO_SCAN_DISABLED 1
[9/26/2026, 8:20:23 AM.776] [Info] [GitInfoCollector]  Git repository scan is disabled via CODEBUDDY_GIT_REPO_SCAN_DISABLED environment variable
[9/26/2026, 8:20:24 AM.187] [Info] [CloudProductManager]  fetch cloud product success, agents(1): cli, models(53): auto,fast-model,balanced-model,deep-model,hy3,hy3-b,hy3-c,hy3-x,hy4-preview,hy4-preview-f,minimax-m2.5,glm-5v-turbo,glm-5.3,glm-5.3-flash,glm-5.2,glm-5.1,glm-5.0-turbo,glm-4.6v,kimi-k3-1,kimi-k2.8-preview,kimi-k2.7,kimi-k2.6,kimi-k2.5,kimi-k2-thinking,minimax-m3,minimax-m2.7,glm-4.6,deepseek-v4-flash,deepseek-v4.1-flash,deepseek-v4-pro,deepseek-v3-2-volc,deepseek-v3-1-volc,deepseek-v3-1-lkeap,deepseek-v3-1,deepseek-v3-0324-lkeap,deepseek-r1-0528-lkeap,kimi-k2-instruct-taiji,completion-gf,default-1.1,hunyuan-3b,hunyuan-7b-dense,codewise-completions,codewise-rewrite,codewise-nes-a4-027-aide,codewise-jump,deepseek-r1-0528,deepseek-v3-0324-taco-completion,deepseek-v3-0324,default-1.2,hunyuan-2.0-instruct,hunyuan-chat,hunyuan-image-alpha,hunyuan-image-alpha-edit
[9/26/2026, 8:20:24 AM.187] [Info] [CloudProductManager]  Fetched configuration from remote [410ms]
[9/26/2026, 8:20:24 AM.188] [Info] [PluginsProductProvider.provide] active=9, ids=[weixinpay@workbuddy-builtin,tencent-docs-plugin@workbuddy-builtin,sheetagent@workbuddy-builtin,tencent-pptx@workbuddy-builtin,tencent-docx@workbuddy-builtin,agent-browser@codebuddy-plugins-official,find-skills@codebuddy-plugins-official,agent-browser@inline,find-skills@inline]
[9/26/2026, 8:20:24 AM.188] [Info] [MCP][cacheDbg] getConnectedServers() called: nonInteractive=true waitForSettle=false cacheNow=[connector-proxy,weixinpay,sheetagent] allServers=[connector-proxy:connected,weixinpay:connected,sheetagent:connected]
[9/26/2026, 8:20:24 AM.188] [Info] [MCP][cacheDbg] getConnectedServers() returning: [connector-proxy,weixinpay,sheetagent] (size=3)
[9/26/2026, 8:20:24 AM.195] [Info] [CustomModelsProductProvider] productName=WorkBuddy, isWorkBuddy=true, userConfigPath=/Users/didi/.workbuddy/models.json
[9/26/2026, 8:20:24 AM.195] [Info] Loaded custom models config from user: /Users/didi/.workbuddy/models.json
[9/26/2026, 8:20:24 AM.195] [Info] [ModelsProductProvider] enterpriseId: undefined, endpoint: https://copilot.tencent.com
[9/26/2026, 8:20:24 AM.195] [Warning] [ModelsProductProvider] enterpriseId is missing, skipping models API call
[9/26/2026, 8:20:24 AM.195] [Info] [AgentModelResolver] product config input: 54 models, 23 agents
[9/26/2026, 8:20:24 AM.195] [Info] [AgentModelResolver] model ids: auto, fast-model, balanced-model, deep-model, hy3, hy3-b, hy3-c, hy3-x, hy4-preview, hy4-preview-f, minimax-m2.5, glm-5v-turbo, glm-5.3, glm-5.3-flash, glm-5.2, glm-5.1, glm-5.0-turbo, glm-4.6v, kimi-k3-1, kimi-k2.8-preview, kimi-k2.7, kimi-k2.6, kimi-k2.5, kimi-k2-thinking, minimax-m3, minimax-m2.7, glm-4.6, deepseek-v4-flash, deepseek-v4.1-flash, deepseek-v4-pro, deepseek-v3-2-volc, deepseek-v3-1-volc, deepseek-v3-1-lkeap, deepseek-v3-1, deepseek-v3-0324-lkeap, deepseek-r1-0528-lkeap, kimi-k2-instruct-taiji, completion-gf, default-1.1, hunyuan-3b, hunyuan-7b-dense, codewise-completions, codewise-rewrite, codewise-nes-a4-027-aide, codewise-jump, deepseek-r1-0528, deepseek-v3-0324-taco-completion, deepseek-v3-0324, default-1.2, hunyuan-2.0-instruct, hunyuan-chat, hunyuan-image-alpha, hunyuan-image-alpha-edit, custom-local:kimi-k3
[9/26/2026, 8:20:24 AM.195] [Info] [AgentModelResolver] agent "cli" original_models=["auto","hy4-preview-f","hy3","hy3-x","deepseek-v4.1-flash","glm-5.3","glm-5.3-flash","glm-5.2","glm-5.1","glm-5v-turbo","minimax-m3","kimi-k3-1","kimi-k2.8-preview","kimi-k2.7","kimi-k2.6","deepseek-v4-pro"] -> resolved_models=["auto","hy4-preview-f","hy3","hy3-x","deepseek-v4.1-flash","glm-5.3","glm-5.3-flash","glm-5.2","glm-5.1","glm-5v-turbo","minimax-m3","kimi-k3-1","kimi-k2.8-preview","kimi-k2.7","kimi-k2.6","deepseek-v4-pro"]
[9/26/2026, 8:20:24 AM.195] [Info] [AgentModelResolver] agent "general-purpose" original_models=[] -> resolved_models=[]
[9/26/2026, 8:20:24 AM.195] [Info] [AgentModelResolver] agent "compact" original_models=[] -> resolved_models=[]
[9/26/2026, 8:20:24 AM.195] [Info] [AgentModelResolver] agent "contextSummary" original_models=[] -> resolved_models=[]
[9/26/2026, 8:20:24 AM.195] [Info] [AgentModelResolver] agent "contentAnalyzer" original_models=[] -> resolved_models=[]
[9/26/2026, 8:20:24 AM.195] [Info] [AgentModelResolver] agent "terminalTitleGenerator" original_models=[] -> resolved_models=[]
[9/26/2026, 8:20:24 AM.195] [Info] [AgentModelResolver] agent "promptSuggestion" original_models=[] -> resolved_models=[]
[9/26/2026, 8:20:24 AM.195] [Info] [AgentModelResolver] agent "memorySelector" original_models=["lite"] -> resolved_models=["lite"]
[9/26/2026, 8:20:24 AM.195] [Info] [AgentModelResolver] agent "summaryGenerator" original_models=[] -> resolved_models=[]
[9/26/2026, 8:20:24 AM.195] [Info] [AgentModelResolver] agent "autoModeClassifier" original_models=[] -> resolved_models=[]
[9/26/2026, 8:20:24 AM.195] [Info] [AgentModelResolver] agent "promptHookEvaluator" original_models=["lite"] -> resolved_models=["lite"]
[9/26/2026, 8:20:24 AM.195] [Info] [AgentModelResolver] agent "insightsAnalyzer" original_models=[] -> resolved_models=[]
[9/26/2026, 8:20:24 AM.195] [Info] [AgentModelResolver] agent "agentInstructions" original_models=[] -> resolved_models=[]
[9/26/2026, 8:20:24 AM.195] [Info] [AgentModelResolver] agent "statusline-setup" original_models=[] -> resolved_models=[]
[9/26/2026, 8:20:24 AM.195] [Info] [AgentModelResolver] agent "Explore" original_models=["lite"] -> resolved_models=["lite"]
[9/26/2026, 8:20:24 AM.195] [Info] [AgentModelResolver] agent "Plan" original_models=[] -> resolved_models=[]
[9/26/2026, 8:20:24 AM.195] [Info] [AgentModelResolver] agent "pulse" original_models=[] -> resolved_models=[]
[9/26/2026, 8:20:24 AM.195] [Info] [AgentModelResolver] agent "handoff-summary" original_models=undefined -> resolved_models=[]
[9/26/2026, 8:20:24 AM.195] [Info] [AgentModelResolver] agent "enhance-prompt" original_models=[] -> resolved_models=[]
[9/26/2026, 8:20:24 AM.195] [Info] [AgentModelResolver] agent "sheet-agent" original_models=[] -> resolved_models=[]
[9/26/2026, 8:20:24 AM.195] [Info] [AgentModelResolver] agent "doc-converter" original_models=[] -> resolved_models=[]
[9/26/2026, 8:20:24 AM.195] [Info] [AgentModelResolver] agent "doc-formatter" original_models=[] -> resolved_models=[]
[9/26/2026, 8:20:24 AM.195] [Info] [AgentModelResolver] agent "doc-writer" original_models=[] -> resolved_models=[]
[9/26/2026, 8:20:24 AM.212] [Info] [PluginPolicyService]  [MergedPlugins][DEBUG] ProductManager.onDidChange fired, reloading policies...
[9/26/2026, 8:20:24 AM.212] [Info] [PluginPolicyService]  [MergedPlugins][DEBUG] Current config builtInMarketPluginsMerge: [{"autoEnable":true,"marketplaceName":"codebuddy-plugins-official","name":"agent-browser","scope":"user"}]
[9/26/2026, 8:20:24 AM.212] [Info] [PluginPolicyService]  [MergedPlugins] Loaded 1 merged plugin entries
[9/26/2026, 8:20:24 AM.212] [Info] [Startup] AgentManager.rebuildAgents: START
[9/26/2026, 8:20:24 AM.212] [Info] [Startup] AgentManager.rebuildAgents: completed in 11ms, resolving readyDeferred
[9/26/2026, 8:20:24 AM.212] [Info] [PluginManager]  Checking for built-in marketplaces to install...
[9/26/2026, 8:20:24 AM.212] [Info] [BuiltInMarketplaceProvider]  Found 2 built-in marketplace(s)
[9/26/2026, 8:20:24 AM.212] [Info] [PluginManager]  Found 2 built-in marketplace(s)
[9/26/2026, 8:20:24 AM.213] [Info] [MarketplaceStorage]  [MarketplaceStorage] getMarketplaces ensureConfigFile=0ms readAndRepair=1ms migration=0ms total=1ms count=5 path=/Users/didi/.workbuddy/plugins/known_marketplaces.json
[9/26/2026, 8:20:24 AM.213] [Info] [PluginManager]  All built-in marketplaces are already installed
[9/26/2026, 8:20:24 AM.213] [Info] [MarketplaceStorage]  [MarketplaceStorage] getMarketplaces ensureConfigFile=0ms readAndRepair=0ms migration=0ms total=0ms count=5 path=/Users/didi/.workbuddy/plugins/known_marketplaces.json
[9/26/2026, 8:20:24 AM.213] [Info] [BuiltInMarketplaceProvider]  Found 2 built-in marketplace(s)
[9/26/2026, 8:20:24 AM.215] [Info] [PluginManager]  Loaded 5 marketplaces (2 built-in) total=2ms storage=0ms builtIn=0ms autoUpdate=1ms
[9/26/2026, 8:20:26 AM.201] [Info] [TracingService]  Tracing uses @tencent/galileo-node-sdk global OpenTelemetry provider; @genie OTLP exporter is skipped.
[9/26/2026, 8:20:26 AM.201] [Info] [TracingService]  Tracing config resolved: {"productEnabled":true,"enabledByEnv":false,"endpoint":"https://copilot.tencent.com","galileoEnabled":true}
[9/26/2026, 8:20:53 AM.796] [Info] [WorkflowMemProbe] tick runId=(none) | rss=149.3MB heap=160.8/168.4MB external=54.8MB arrayBuffers=0MB
[9/26/2026, 8:36:36 AM.307] [Info] [WorkflowMemProbe] tick runId=(none) | rss=147.3MB heap=158.5/166.1MB external=53.7MB arrayBuffers=0MB
[9/26/2026, 8:36:36 AM.310] [Info] [GitInfoCollector]  CODEBUDDY_GIT_REPO_SCAN_DISABLED 1
[9/26/2026, 8:36:36 AM.310] [Info] [GitInfoCollector]  Git repository scan is disabled via CODEBUDDY_GIT_REPO_SCAN_DISABLED environment variable
[9/26/2026, 8:36:36 AM.943] [Info] [CloudProductManager]  fetch cloud product success, agents(1): cli, models(53): auto,fast-model,balanced-model,deep-model,hy3,hy3-b,hy3-c,hy3-x,hy4-preview,hy4-preview-f,minimax-m2.5,glm-5v-turbo,glm-5.3,glm-5.3-flash,glm-5.2,glm-5.1,glm-5.0-turbo,glm-4.6v,kimi-k3-1,kimi-k2.8-preview,kimi-k2.7,kimi-k2.6,kimi-k2.5,kimi-k2-thinking,minimax-m3,minimax-m2.7,glm-4.6,deepseek-v4-flash,deepseek-v4.1-flash,deepseek-v4-pro,deepseek-v3-2-volc,deepseek-v3-1-volc,deepseek-v3-1-lkeap,deepseek-v3-1,deepseek-v3-0324-lkeap,deepseek-r1-0528-lkeap,kimi-k2-instruct-taiji,completion-gf,default-1.1,hunyuan-3b,hunyuan-7b-dense,codewise-completions,codewise-rewrite,codewise-nes-a4-027-aide,codewise-jump,deepseek-r1-0528,deepseek-v3-0324-taco-completion,deepseek-v3-0324,default-1.2,hunyuan-2.0-instruct,hunyuan-chat,hunyuan-image-alpha,hunyuan-image-alpha-edit
[9/26/2026, 8:36:36 AM.943] [Info] [CloudProductManager]  Fetched configuration from remote [633ms]
[9/26/2026, 8:36:36 AM.944] [Info] [PluginsProductProvider.provide] active=9, ids=[weixinpay@workbuddy-builtin,tencent-docs-plugin@workbuddy-builtin,sheetagent@workbuddy-builtin,tencent-pptx@workbuddy-builtin,tencent-docx@workbuddy-builtin,agent-browser@codebuddy-plugins-official,find-skills@codebuddy-plugins-official,agent-browser@inline,find-skills@inline]
[9/26/2026, 8:36:36 AM.944] [Info] [MCP][cacheDbg] getConnectedServers() called: nonInteractive=true waitForSettle=false cacheNow=[connector-proxy,weixinpay,sheetagent] allServers=[connector-proxy:connected,weixinpay:connected,sheetagent:connected]
[9/26/2026, 8:36:36 AM.944] [Info] [MCP][cacheDbg] getConnectedServers() returning: [connector-proxy,weixinpay,sheetagent] (size=3)
[9/26/2026, 8:36:36 AM.950] [Info] [CustomModelsProductProvider] productName=WorkBuddy, isWorkBuddy=true, userConfigPath=/Users/didi/.workbuddy/models.json
[9/26/2026, 8:36:36 AM.950] [Info] Loaded custom models config from user: /Users/didi/.workbuddy/models.json
[9/26/2026, 8:36:36 AM.950] [Info] [ModelsProductProvider] enterpriseId: undefined, endpoint: https://copilot.tencent.com
[9/26/2026, 8:36:36 AM.950] [Warning] [ModelsProductProvider] enterpriseId is missing, skipping models API call
[9/26/2026, 8:36:36 AM.950] [Info] [AgentModelResolver] product config input: 54 models, 23 agents
[9/26/2026, 8:36:36 AM.950] [Info] [AgentModelResolver] model ids: auto, fast-model, balanced-model, deep-model, hy3, hy3-b, hy3-c, hy3-x, hy4-preview, hy4-preview-f, minimax-m2.5, glm-5v-turbo, glm-5.3, glm-5.3-flash, glm-5.2, glm-5.1, glm-5.0-turbo, glm-4.6v, kimi-k3-1, kimi-k2.8-preview, kimi-k2.7, kimi-k2.6, kimi-k2.5, kimi-k2-thinking, minimax-m3, minimax-m2.7, glm-4.6, deepseek-v4-flash, deepseek-v4.1-flash, deepseek-v4-pro, deepseek-v3-2-volc, deepseek-v3-1-volc, deepseek-v3-1-lkeap, deepseek-v3-1, deepseek-v3-0324-lkeap, deepseek-r1-0528-lkeap, kimi-k2-instruct-taiji, completion-gf, default-1.1, hunyuan-3b, hunyuan-7b-dense, codewise-completions, codewise-rewrite, codewise-nes-a4-027-aide, codewise-jump, deepseek-r1-0528, deepseek-v3-0324-taco-completion, deepseek-v3-0324, default-1.2, hunyuan-2.0-instruct, hunyuan-chat, hunyuan-image-alpha, hunyuan-image-alpha-edit, custom-local:kimi-k3
[9/26/2026, 8:36:36 AM.950] [Info] [AgentModelResolver] agent "cli" original_models=["auto","hy4-preview-f","hy3","hy3-x","deepseek-v4.1-flash","glm-5.3","glm-5.3-flash","glm-5.2","glm-5.1","glm-5v-turbo","minimax-m3","kimi-k3-1","kimi-k2.8-preview","kimi-k2.7","kimi-k2.6","deepseek-v4-pro"] -> resolved_models=["auto","hy4-preview-f","hy3","hy3-x","deepseek-v4.1-flash","glm-5.3","glm-5.3-flash","glm-5.2","glm-5.1","glm-5v-turbo","minimax-m3","kimi-k3-1","kimi-k2.8-preview","kimi-k2.7","kimi-k2.6","deepseek-v4-pro"]
[9/26/2026, 8:36:36 AM.950] [Info] [AgentModelResolver] agent "general-purpose" original_models=[] -> resolved_models=[]
[9/26/2026, 8:36:36 AM.950] [Info] [AgentModelResolver] agent "compact" original_models=[] -> resolved_models=[]
[9/26/2026, 8:36:36 AM.950] [Info] [AgentModelResolver] agent "contextSummary" original_models=[] -> resolved_models=[]
[9/26/2026, 8:36:36 AM.950] [Info] [AgentModelResolver] agent "contentAnalyzer" original_models=[] -> resolved_models=[]
[9/26/2026, 8:36:36 AM.950] [Info] [AgentModelResolver] agent "terminalTitleGenerator" original_models=[] -> resolved_models=[]
[9/26/2026, 8:36:36 AM.950] [Info] [AgentModelResolver] agent "promptSuggestion" original_models=[] -> resolved_models=[]
[9/26/2026, 8:36:36 AM.950] [Info] [AgentModelResolver] agent "memorySelector" original_models=["lite"] -> resolved_models=["lite"]
[9/26/2026, 8:36:36 AM.950] [Info] [AgentModelResolver] agent "summaryGenerator" original_models=[] -> resolved_models=[]
[9/26/2026, 8:36:36 AM.950] [Info] [AgentModelResolver] agent "autoModeClassifier" original_models=[] -> resolved_models=[]
[9/26/2026, 8:36:36 AM.950] [Info] [AgentModelResolver] agent "promptHookEvaluator" original_models=["lite"] -> resolved_models=["lite"]
[9/26/2026, 8:36:36 AM.950] [Info] [AgentModelResolver] agent "insightsAnalyzer" original_models=[] -> resolved_models=[]
[9/26/2026, 8:36:36 AM.950] [Info] [AgentModelResolver] agent "agentInstructions" original_models=[] -> resolved_models=[]
[9/26/2026, 8:36:36 AM.950] [Info] [AgentModelResolver] agent "statusline-setup" original_models=[] -> resolved_models=[]
[9/26/2026, 8:36:36 AM.950] [Info] [AgentModelResolver] agent "Explore" original_models=["lite"] -> resolved_models=["lite"]
[9/26/2026, 8:36:36 AM.950] [Info] [AgentModelResolver] agent "Plan" original_models=[] -> resolved_models=[]
[9/26/2026, 8:36:36 AM.950] [Info] [AgentModelResolver] agent "pulse" original_models=[] -> resolved_models=[]
[9/26/2026, 8:36:36 AM.950] [Info] [AgentModelResolver] agent "handoff-summary" original_models=undefined -> resolved_models=[]
[9/26/2026, 8:36:36 AM.950] [Info] [AgentModelResolver] agent "enhance-prompt" original_models=[] -> resolved_models=[]
[9/26/2026, 8:36:36 AM.950] [Info] [AgentModelResolver] agent "sheet-agent" original_models=[] -> resolved_models=[]
[9/26/2026, 8:36:36 AM.950] [Info] [AgentModelResolver] agent "doc-converter" original_models=[] -> resolved_models=[]
[9/26/2026, 8:36:36 AM.950] [Info] [AgentModelResolver] agent "doc-formatter" original_models=[] -> resolved_models=[]
[9/26/2026, 8:36:36 AM.950] [Info] [AgentModelResolver] agent "doc-writer" original_models=[] -> resolved_models=[]
[9/26/2026, 8:36:36 AM.965] [Info] [PluginPolicyService]  [MergedPlugins][DEBUG] ProductManager.onDidChange fired, reloading policies...
[9/26/2026, 8:36:36 AM.965] [Info] [PluginPolicyService]  [MergedPlugins][DEBUG] Current config builtInMarketPluginsMerge: [{"autoEnable":true,"marketplaceName":"codebuddy-plugins-official","name":"agent-browser","scope":"user"}]
[9/26/2026, 8:36:36 AM.965] [Info] [PluginPolicyService]  [MergedPlugins] Loaded 1 merged plugin entries
[9/26/2026, 8:36:36 AM.965] [Info] [Startup] AgentManager.rebuildAgents: START
[9/26/2026, 8:36:36 AM.965] [Info] [Startup] AgentManager.rebuildAgents: completed in 11ms, resolving readyDeferred
[9/26/2026, 8:36:36 AM.965] [Info] [PluginManager]  Checking for built-in marketplaces to install...
[9/26/2026, 8:36:36 AM.965] [Info] [BuiltInMarketplaceProvider]  Found 2 built-in marketplace(s)
[9/26/2026, 8:36:36 AM.965] [Info] [PluginManager]  Found 2 built-in marketplace(s)
[9/26/2026, 8:36:36 AM.966] [Info] [MarketplaceStorage]  [MarketplaceStorage] getMarketplaces ensureConfigFile=0ms readAndRepair=1ms migration=0ms total=1ms count=5 path=/Users/didi/.workbuddy/plugins/known_marketplaces.json
[9/26/2026, 8:36:36 AM.966] [Info] [PluginManager]  All built-in marketplaces are already installed
[9/26/2026, 8:36:36 AM.966] [Info] [MarketplaceStorage]  [MarketplaceStorage] getMarketplaces ensureConfigFile=0ms readAndRepair=0ms migration=0ms total=0ms count=5 path=/Users/didi/.workbuddy/plugins/known_marketplaces.json
[9/26/2026, 8:36:36 AM.966] [Info] [BuiltInMarketplaceProvider]  Found 2 built-in marketplace(s)
[9/26/2026, 8:36:36 AM.967] [Info] [PluginManager]  Loaded 5 marketplaces (2 built-in) total=1ms storage=0ms builtIn=0ms autoUpdate=0ms
[9/26/2026, 8:36:38 AM.956] [Info] [TracingService]  Tracing uses @tencent/galileo-node-sdk global OpenTelemetry provider; @genie OTLP exporter is skipped.
[9/26/2026, 8:36:38 AM.956] [Info] [TracingService]  Tracing config resolved: {"productEnabled":true,"enabledByEnv":false,"endpoint":"https://copilot.tencent.com","galileoEnabled":true}
[9/26/2026, 8:37:06 AM.278] [Info] [WorkflowMemProbe] tick runId=(none) | rss=153.1MB heap=165.2/172.2MB external=54.9MB arrayBuffers=0MB
[9/26/2026, 8:40:10 AM.956] [Info] [WorkflowMemProbe] tick runId=(none) | rss=152.7MB heap=165.4/172.2MB external=54.9MB arrayBuffers=0MB
[9/26/2026, 8:40:17 AM.944] [Info] [TracingService]  [primary] Exported 7 spans, traceIds: 9a78963b6e42cfa7947520c0d821c644, 6f1e6fe0e2809d9cd214c8bfed921bba, 5083c70c02ce1fbaab8c67f3cd43f4c8, 3108e3d4e7fad9890991a3bee08dbc1d, 1addfc7a7a5f9533dd4bc37b73d623a9, d89144e87bc71a882cb6a51ff0e88b4f, e370379cce1e6dc98ff5af455940dc31
[9/26/2026, 8:40:40 AM.956] [Info] [WorkflowMemProbe] tick runId=(none) | rss=72.3MB heap=162.6/169.2MB external=53.9MB arrayBuffers=0MB
[9/26/2026, 8:41:10 AM.960] [Info] [WorkflowMemProbe] tick runId=(none) | rss=68.5MB heap=163.1/169.2MB external=54MB arrayBuffers=0MB
[9/26/2026, 8:41:40 AM.960] [Info] [WorkflowMemProbe] tick runId=(none) | rss=72MB heap=163.2/169.2MB external=54MB arrayBuffers=0MB
[9/26/2026, 8:42:10 AM.962] [Info] [WorkflowMemProbe] tick runId=(none) | rss=72.3MB heap=163.4/169.2MB external=54MB arrayBuffers=0MB
[9/26/2026, 8:42:40 AM.964] [Info] [WorkflowMemProbe] tick runId=(none) | rss=79.1MB heap=162.3/166.2MB external=53.9MB arrayBuffers=0MB
[9/26/2026, 8:43:10 AM.966] [Info] [WorkflowMemProbe] tick runId=(none) | rss=68.9MB heap=162.4/166.2MB external=53.9MB arrayBuffers=0MB
[9/26/2026, 8:43:40 AM.967] [Info] [WorkflowMemProbe] tick runId=(none) | rss=62.9MB heap=162.6/166.2MB external=53.9MB arrayBuffers=0MB
[9/26/2026, 8:44:10 AM.967] [Info] [WorkflowMemProbe] tick runId=(none) | rss=65.4MB heap=162.8/166.2MB external=53.9MB arrayBuffers=0MB
[9/26/2026, 8:44:40 AM.969] [Info] [WorkflowMemProbe] tick runId=(none) | rss=71.3MB heap=162.4/166.5MB external=53.9MB arrayBuffers=0MB
[9/26/2026, 8:44:40 AM.987] [Info] [GitInfoCollector]  CODEBUDDY_GIT_REPO_SCAN_DISABLED 1
[9/26/2026, 8:44:40 AM.987] [Info] [GitInfoCollector]  Git repository scan is disabled via CODEBUDDY_GIT_REPO_SCAN_DISABLED environment variable
[9/26/2026, 8:44:41 AM.124] [Info] [CloudProductManager]  fetch cloud product success, agents(1): cli, models(53): auto,fast-model,balanced-model,deep-model,hy3,hy3-b,hy3-c,hy3-x,hy4-preview,hy4-preview-f,minimax-m2.5,glm-5v-turbo,glm-5.3,glm-5.3-flash,glm-5.2,glm-5.1,glm-5.0-turbo,glm-4.6v,kimi-k3-1,kimi-k2.8-preview,kimi-k2.7,kimi-k2.6,kimi-k2.5,kimi-k2-thinking,minimax-m3,minimax-m2.7,glm-4.6,deepseek-v4-flash,deepseek-v4.1-flash,deepseek-v4-pro,deepseek-v3-2-volc,deepseek-v3-1-volc,deepseek-v3-1-lkeap,deepseek-v3-1,deepseek-v3-0324-lkeap,deepseek-r1-0528-lkeap,kimi-k2-instruct-taiji,completion-gf,default-1.1,hunyuan-3b,hunyuan-7b-dense,codewise-completions,codewise-rewrite,codewise-nes-a4-027-aide,codewise-jump,deepseek-r1-0528,deepseek-v3-0324-taco-completion,deepseek-v3-0324,default-1.2,hunyuan-2.0-instruct,hunyuan-chat,hunyuan-image-alpha,hunyuan-image-alpha-edit
[9/26/2026, 8:44:41 AM.124] [Info] [CloudProductManager]  Fetched configuration from remote [136ms]
[9/26/2026, 8:44:41 AM.125] [Info] [PluginsProductProvider.provide] active=9, ids=[weixinpay@workbuddy-builtin,tencent-docs-plugin@workbuddy-builtin,sheetagent@workbuddy-builtin,tencent-pptx@workbuddy-builtin,tencent-docx@workbuddy-builtin,agent-browser@codebuddy-plugins-official,find-skills@codebuddy-plugins-official,agent-browser@inline,find-skills@inline]
[9/26/2026, 8:44:41 AM.125] [Info] [MCP][cacheDbg] getConnectedServers() called: nonInteractive=true waitForSettle=false cacheNow=[connector-proxy,weixinpay,sheetagent] allServers=[connector-proxy:connected,weixinpay:connected,sheetagent:connected]
[9/26/2026, 8:44:41 AM.125] [Info] [MCP][cacheDbg] getConnectedServers() returning: [connector-proxy,weixinpay,sheetagent] (size=3)
[9/26/2026, 8:44:41 AM.133] [Info] [CustomModelsProductProvider] productName=WorkBuddy, isWorkBuddy=true, userConfigPath=/Users/didi/.workbuddy/models.json
[9/26/2026, 8:44:41 AM.133] [Info] Loaded custom models config from user: /Users/didi/.workbuddy/models.json
[9/26/2026, 8:44:41 AM.133] [Info] [ModelsProductProvider] enterpriseId: undefined, endpoint: https://copilot.tencent.com
[9/26/2026, 8:44:41 AM.133] [Warning] [ModelsProductProvider] enterpriseId is missing, skipping models API call
[9/26/2026, 8:44:41 AM.133] [Info] [AgentModelResolver] product config input: 54 models, 23 agents
[9/26/2026, 8:44:41 AM.133] [Info] [AgentModelResolver] model ids: auto, fast-model, balanced-model, deep-model, hy3, hy3-b, hy3-c, hy3-x, hy4-preview, hy4-preview-f, minimax-m2.5, glm-5v-turbo, glm-5.3, glm-5.3-flash, glm-5.2, glm-5.1, glm-5.0-turbo, glm-4.6v, kimi-k3-1, kimi-k2.8-preview, kimi-k2.7, kimi-k2.6, kimi-k2.5, kimi-k2-thinking, minimax-m3, minimax-m2.7, glm-4.6, deepseek-v4-flash, deepseek-v4.1-flash, deepseek-v4-pro, deepseek-v3-2-volc, deepseek-v3-1-volc, deepseek-v3-1-lkeap, deepseek-v3-1, deepseek-v3-0324-lkeap, deepseek-r1-0528-lkeap, kimi-k2-instruct-taiji, completion-gf, default-1.1, hunyuan-3b, hunyuan-7b-dense, codewise-completions, codewise-rewrite, codewise-nes-a4-027-aide, codewise-jump, deepseek-r1-0528, deepseek-v3-0324-taco-completion, deepseek-v3-0324, default-1.2, hunyuan-2.0-instruct, hunyuan-chat, hunyuan-image-alpha, hunyuan-image-alpha-edit, custom-local:kimi-k3
[9/26/2026, 8:44:41 AM.133] [Info] [AgentModelResolver] agent "cli" original_models=["auto","hy4-preview-f","hy3","hy3-x","deepseek-v4.1-flash","glm-5.3","glm-5.3-flash","glm-5.2","glm-5.1","glm-5v-turbo","minimax-m3","kimi-k3-1","kimi-k2.8-preview","kimi-k2.7","kimi-k2.6","deepseek-v4-pro"] -> resolved_models=["auto","hy4-preview-f","hy3","hy3-x","deepseek-v4.1-flash","glm-5.3","glm-5.3-flash","glm-5.2","glm-5.1","glm-5v-turbo","minimax-m3","kimi-k3-1","kimi-k2.8-preview","kimi-k2.7","kimi-k2.6","deepseek-v4-pro"]
[9/26/2026, 8:44:41 AM.133] [Info] [AgentModelResolver] agent "general-purpose" original_models=[] -> resolved_models=[]
[9/26/2026, 8:44:41 AM.133] [Info] [AgentModelResolver] agent "compact" original_models=[] -> resolved_models=[]
[9/26/2026, 8:44:41 AM.133] [Info] [AgentModelResolver] agent "contextSummary" original_models=[] -> resolved_models=[]
[9/26/2026, 8:44:41 AM.133] [Info] [AgentModelResolver] agent "contentAnalyzer" original_models=[] -> resolved_models=[]
[9/26/2026, 8:44:41 AM.133] [Info] [AgentModelResolver] agent "terminalTitleGenerator" original_models=[] -> resolved_models=[]
[9/26/2026, 8:44:41 AM.133] [Info] [AgentModelResolver] agent "promptSuggestion" original_models=[] -> resolved_models=[]
[9/26/2026, 8:44:41 AM.133] [Info] [AgentModelResolver] agent "memorySelector" original_models=["lite"] -> resolved_models=["lite"]
[9/26/2026, 8:44:41 AM.133] [Info] [AgentModelResolver] agent "summaryGenerator" original_models=[] -> resolved_models=[]
[9/26/2026, 8:44:41 AM.133] [Info] [AgentModelResolver] agent "autoModeClassifier" original_models=[] -> resolved_models=[]
[9/26/2026, 8:44:41 AM.133] [Info] [AgentModelResolver] agent "promptHookEvaluator" original_models=["lite"] -> resolved_models=["lite"]
[9/26/2026, 8:44:41 AM.133] [Info] [AgentModelResolver] agent "insightsAnalyzer" original_models=[] -> resolved_models=[]
[9/26/2026, 8:44:41 AM.133] [Info] [AgentModelResolver] agent "agentInstructions" original_models=[] -> resolved_models=[]
[9/26/2026, 8:44:41 AM.133] [Info] [AgentModelResolver] agent "statusline-setup" original_models=[] -> resolved_models=[]
[9/26/2026, 8:44:41 AM.133] [Info] [AgentModelResolver] agent "Explore" original_models=["lite"] -> resolved_models=["lite"]
[9/26/2026, 8:44:41 AM.133] [Info] [AgentModelResolver] agent "Plan" original_models=[] -> resolved_models=[]
[9/26/2026, 8:44:41 AM.133] [Info] [AgentModelResolver] agent "pulse" original_models=[] -> resolved_models=[]
[9/26/2026, 8:44:41 AM.133] [Info] [AgentModelResolver] agent "handoff-summary" original_models=undefined -> resolved_models=[]
[9/26/2026, 8:44:41 AM.133] [Info] [AgentModelResolver] agent "enhance-prompt" original_models=[] -> resolved_models=[]
[9/26/2026, 8:44:41 AM.133] [Info] [AgentModelResolver] agent "sheet-agent" original_models=[] -> resolved_models=[]
[9/26/2026, 8:44:41 AM.133] [Info] [AgentModelResolver] agent "doc-converter" original_models=[] -> resolved_models=[]
[9/26/2026, 8:44:41 AM.133] [Info] [AgentModelResolver] agent "doc-formatter" original_models=[] -> resolved_models=[]
[9/26/2026, 8:44:41 AM.133] [Info] [AgentModelResolver] agent "doc-writer" original_models=[] -> resolved_models=[]
[9/26/2026, 8:44:41 AM.150] [Info] [PluginPolicyService]  [MergedPlugins][DEBUG] ProductManager.onDidChange fired, reloading policies...
[9/26/2026, 8:44:41 AM.151] [Info] [PluginPolicyService]  [MergedPlugins][DEBUG] Current config builtInMarketPluginsMerge: [{"autoEnable":true,"marketplaceName":"codebuddy-plugins-official","name":"agent-browser","scope":"user"}]
[9/26/2026, 8:44:41 AM.151] [Info] [PluginPolicyService]  [MergedPlugins] Loaded 1 merged plugin entries
[9/26/2026, 8:44:41 AM.151] [Info] [Startup] AgentManager.rebuildAgents: START
[9/26/2026, 8:44:41 AM.151] [Info] [Startup] AgentManager.rebuildAgents: completed in 12ms, resolving readyDeferred
[9/26/2026, 8:44:41 AM.153] [Info] [PluginManager]  Checking for built-in marketplaces to install...
[9/26/2026, 8:44:41 AM.153] [Info] [BuiltInMarketplaceProvider]  Found 2 built-in marketplace(s)
[9/26/2026, 8:44:41 AM.153] [Info] [PluginManager]  Found 2 built-in marketplace(s)
[9/26/2026, 8:44:41 AM.154] [Info] [MarketplaceStorage]  [MarketplaceStorage] getMarketplaces ensureConfigFile=0ms readAndRepair=1ms migration=0ms total=1ms count=5 path=/Users/didi/.workbuddy/plugins/known_marketplaces.json
[9/26/2026, 8:44:41 AM.154] [Info] [PluginManager]  All built-in marketplaces are already installed
[9/26/2026, 8:44:41 AM.155] [Info] [MarketplaceStorage]  [MarketplaceStorage] getMarketplaces ensureConfigFile=0ms readAndRepair=1ms migration=0ms total=1ms count=5 path=/Users/didi/.workbuddy/plugins/known_marketplaces.json
[9/26/2026, 8:44:41 AM.155] [Info] [BuiltInMarketplaceProvider]  Found 2 built-in marketplace(s)
[9/26/2026, 8:44:41 AM.158] [Info] [PluginManager]  Loaded 5 marketplaces (2 built-in) total=4ms storage=1ms builtIn=0ms autoUpdate=0ms
[9/26/2026, 8:44:43 AM.140] [Info] [TracingService]  Tracing uses @tencent/galileo-node-sdk global OpenTelemetry provider; @genie OTLP exporter is skipped.
[9/26/2026, 8:44:43 AM.140] [Info] [TracingService]  Tracing config resolved: {"productEnabled":true,"enabledByEnv":false,"endpoint":"https://copilot.tencent.com","galileoEnabled":true}
[9/26/2026, 8:45:10 AM.970] [Info] [WorkflowMemProbe] tick runId=(none) | rss=133.9MB heap=152.7/161MB external=53.6MB arrayBuffers=0MB
[9/26/2026, 8:45:21 AM.040] [Info] [TracingService]  [primary] Exported 1 spans, traceIds: 723cb5e21e90be1c7d9a2622914335e4
[9/26/2026, 8:45:40 AM.970] [Info] [WorkflowMemProbe] tick runId=(none) | rss=137.1MB heap=156.1/163.8MB external=53.7MB arrayBuffers=0MB
[9/26/2026, 8:46:10 AM.971] [Info] [WorkflowMemProbe] tick runId=(none) | rss=137.5MB heap=156.5/163.8MB external=53.7MB arrayBuffers=0MB
[9/26/2026, 8:46:40 AM.972] [Info] [WorkflowMemProbe] tick runId=(none) | rss=134.8MB heap=156.6/164MB external=53.8MB arrayBuffers=0MB
[9/26/2026, 8:47:10 AM.973] [Info] [WorkflowMemProbe] tick runId=(none) | rss=135MB heap=156.8/164.3MB external=53.8MB arrayBuffers=0MB
[9/26/2026, 9:02:57 AM.754] [Info] [WorkflowMemProbe] tick runId=(none) | rss=135MB heap=157/164.3MB external=53.8MB arrayBuffers=0MB
[9/26/2026, 9:02:57 AM.761] [Info] [GitInfoCollector]  CODEBUDDY_GIT_REPO_SCAN_DISABLED 1
[9/26/2026, 9:02:57 AM.761] [Info] [GitInfoCollector]  Git repository scan is disabled via CODEBUDDY_GIT_REPO_SCAN_DISABLED environment variable
[9/26/2026, 9:02:59 AM.264] [Info] [CloudProductManager]  fetch cloud product success, agents(1): cli, models(53): auto,fast-model,balanced-model,deep-model,hy3,hy3-b,hy3-c,hy3-x,hy4-preview,hy4-preview-f,minimax-m2.5,glm-5v-turbo,glm-5.3,glm-5.3-flash,glm-5.2,glm-5.1,glm-5.0-turbo,glm-4.6v,kimi-k3-1,kimi-k2.8-preview,kimi-k2.7,kimi-k2.6,kimi-k2.5,kimi-k2-thinking,minimax-m3,minimax-m2.7,glm-4.6,deepseek-v4-flash,deepseek-v4.1-flash,deepseek-v4-pro,deepseek-v3-2-volc,deepseek-v3-1-volc,deepseek-v3-1-lkeap,deepseek-v3-1,deepseek-v3-0324-lkeap,deepseek-r1-0528-lkeap,kimi-k2-instruct-taiji,completion-gf,default-1.1,hunyuan-3b,hunyuan-7b-dense,codewise-completions,codewise-rewrite,codewise-nes-a4-027-aide,codewise-jump,deepseek-r1-0528,deepseek-v3-0324-taco-completion,deepseek-v3-0324,default-1.2,hunyuan-2.0-instruct,hunyuan-chat,hunyuan-image-alpha,hunyuan-image-alpha-edit
[9/26/2026, 9:02:59 AM.264] [Info] [CloudProductManager]  Fetched configuration from remote [1501ms]
[9/26/2026, 9:02:59 AM.266] [Info] [PluginsProductProvider.provide] active=9, ids=[weixinpay@workbuddy-builtin,tencent-docs-plugin@workbuddy-builtin,sheetagent@workbuddy-builtin,tencent-pptx@workbuddy-builtin,tencent-docx@workbuddy-builtin,agent-browser@codebuddy-plugins-official,find-skills@codebuddy-plugins-official,agent-browser@inline,find-skills@inline]
[9/26/2026, 9:02:59 AM.266] [Info] [MCP][cacheDbg] getConnectedServers() called: nonInteractive=true waitForSettle=false cacheNow=[connector-proxy,weixinpay,sheetagent] allServers=[connector-proxy:connected,weixinpay:connected,sheetagent:connected]
[9/26/2026, 9:02:59 AM.266] [Info] [MCP][cacheDbg] getConnectedServers() returning: [connector-proxy,weixinpay,sheetagent] (size=3)
[9/26/2026, 9:02:59 AM.282] [Info] [CustomModelsProductProvider] productName=WorkBuddy, isWorkBuddy=true, userConfigPath=/Users/didi/.workbuddy/models.json
[9/26/2026, 9:02:59 AM.282] [Info] Loaded custom models config from user: /Users/didi/.workbuddy/models.json
[9/26/2026, 9:02:59 AM.282] [Info] [ModelsProductProvider] enterpriseId: undefined, endpoint: https://copilot.tencent.com
[9/26/2026, 9:02:59 AM.282] [Warning] [ModelsProductProvider] enterpriseId is missing, skipping models API call
[9/26/2026, 9:02:59 AM.283] [Info] [AgentModelResolver] product config input: 54 models, 23 agents
[9/26/2026, 9:02:59 AM.283] [Info] [AgentModelResolver] model ids: auto, fast-model, balanced-model, deep-model, hy3, hy3-b, hy3-c, hy3-x, hy4-preview, hy4-preview-f, minimax-m2.5, glm-5v-turbo, glm-5.3, glm-5.3-flash, glm-5.2, glm-5.1, glm-5.0-turbo, glm-4.6v, kimi-k3-1, kimi-k2.8-preview, kimi-k2.7, kimi-k2.6, kimi-k2.5, kimi-k2-thinking, minimax-m3, minimax-m2.7, glm-4.6, deepseek-v4-flash, deepseek-v4.1-flash, deepseek-v4-pro, deepseek-v3-2-volc, deepseek-v3-1-volc, deepseek-v3-1-lkeap, deepseek-v3-1, deepseek-v3-0324-lkeap, deepseek-r1-0528-lkeap, kimi-k2-instruct-taiji, completion-gf, default-1.1, hunyuan-3b, hunyuan-7b-dense, codewise-completions, codewise-rewrite, codewise-nes-a4-027-aide, codewise-jump, deepseek-r1-0528, deepseek-v3-0324-taco-completion, deepseek-v3-0324, default-1.2, hunyuan-2.0-instruct, hunyuan-chat, hunyuan-image-alpha, hunyuan-image-alpha-edit, custom-local:kimi-k3
[9/26/2026, 9:02:59 AM.283] [Info] [AgentModelResolver] agent "cli" original_models=["auto","hy4-preview-f","hy3","hy3-x","deepseek-v4.1-flash","glm-5.3","glm-5.3-flash","glm-5.2","glm-5.1","glm-5v-turbo","minimax-m3","kimi-k3-1","kimi-k2.8-preview","kimi-k2.7","kimi-k2.6","deepseek-v4-pro"] -> resolved_models=["auto","hy4-preview-f","hy3","hy3-x","deepseek-v4.1-flash","glm-5.3","glm-5.3-flash","glm-5.2","glm-5.1","glm-5v-turbo","minimax-m3","kimi-k3-1","kimi-k2.8-preview","kimi-k2.7","kimi-k2.6","deepseek-v4-pro"]
[9/26/2026, 9:02:59 AM.283] [Info] [AgentModelResolver] agent "general-purpose" original_models=[] -> resolved_models=[]
[9/26/2026, 9:02:59 AM.283] [Info] [AgentModelResolver] agent "compact" original_models=[] -> resolved_models=[]
[9/26/2026, 9:02:59 AM.283] [Info] [AgentModelResolver] agent "contextSummary" original_models=[] -> resolved_models=[]
[9/26/2026, 9:02:59 AM.283] [Info] [AgentModelResolver] agent "contentAnalyzer" original_models=[] -> resolved_models=[]
[9/26/2026, 9:02:59 AM.283] [Info] [AgentModelResolver] agent "terminalTitleGenerator" original_models=[] -> resolved_models=[]
[9/26/2026, 9:02:59 AM.283] [Info] [AgentModelResolver] agent "promptSuggestion" original_models=[] -> resolved_models=[]
[9/26/2026, 9:02:59 AM.283] [Info] [AgentModelResolver] agent "memorySelector" original_models=["lite"] -> resolved_models=["lite"]
[9/26/2026, 9:02:59 AM.283] [Info] [AgentModelResolver] agent "summaryGenerator" original_models=[] -> resolved_models=[]
[9/26/2026, 9:02:59 AM.283] [Info] [AgentModelResolver] agent "autoModeClassifier" original_models=[] -> resolved_models=[]
[9/26/2026, 9:02:59 AM.283] [Info] [AgentModelResolver] agent "promptHookEvaluator" original_models=["lite"] -> resolved_models=["lite"]
[9/26/2026, 9:02:59 AM.283] [Info] [AgentModelResolver] agent "insightsAnalyzer" original_models=[] -> resolved_models=[]
[9/26/2026, 9:02:59 AM.283] [Info] [AgentModelResolver] agent "agentInstructions" original_models=[] -> resolved_models=[]
[9/26/2026, 9:02:59 AM.283] [Info] [AgentModelResolver] agent "statusline-setup" original_models=[] -> resolved_models=[]
[9/26/2026, 9:02:59 AM.283] [Info] [AgentModelResolver] agent "Explore" original_models=["lite"] -> resolved_models=["lite"]
[9/26/2026, 9:02:59 AM.283] [Info] [AgentModelResolver] agent "Plan" original_models=[] -> resolved_models=[]
[9/26/2026, 9:02:59 AM.283] [Info] [AgentModelResolver] agent "pulse" original_models=[] -> resolved_models=[]
[9/26/2026, 9:02:59 AM.283] [Info] [AgentModelResolver] agent "handoff-summary" original_models=undefined -> resolved_models=[]
[9/26/2026, 9:02:59 AM.283] [Info] [AgentModelResolver] agent "enhance-prompt" original_models=[] -> resolved_models=[]
[9/26/2026, 9:02:59 AM.283] [Info] [AgentModelResolver] agent "sheet-agent" original_models=[] -> resolved_models=[]
[9/26/2026, 9:02:59 AM.283] [Info] [AgentModelResolver] agent "doc-converter" original_models=[] -> resolved_models=[]
[9/26/2026, 9:02:59 AM.283] [Info] [AgentModelResolver] agent "doc-formatter" original_models=[] -> resolved_models=[]
[9/26/2026, 9:02:59 AM.283] [Info] [AgentModelResolver] agent "doc-writer" original_models=[] -> resolved_models=[]
[9/26/2026, 9:02:59 AM.306] [Info] [PluginPolicyService]  [MergedPlugins][DEBUG] ProductManager.onDidChange fired, reloading policies...
[9/26/2026, 9:02:59 AM.306] [Info] [PluginPolicyService]  [MergedPlugins][DEBUG] Current config builtInMarketPluginsMerge: [{"autoEnable":true,"marketplaceName":"codebuddy-plugins-official","name":"agent-browser","scope":"user"}]
[9/26/2026, 9:02:59 AM.306] [Info] [PluginPolicyService]  [MergedPlugins] Loaded 1 merged plugin entries
[9/26/2026, 9:02:59 AM.307] [Info] [Startup] AgentManager.rebuildAgents: START
[9/26/2026, 9:02:59 AM.307] [Info] [Startup] AgentManager.rebuildAgents: completed in 16ms, resolving readyDeferred
[9/26/2026, 9:02:59 AM.307] [Info] [PluginManager]  Checking for built-in marketplaces to install...
[9/26/2026, 9:02:59 AM.307] [Info] [BuiltInMarketplaceProvider]  Found 2 built-in marketplace(s)
[9/26/2026, 9:02:59 AM.307] [Info] [PluginManager]  Found 2 built-in marketplace(s)
[9/26/2026, 9:02:59 AM.308] [Info] [MarketplaceStorage]  [MarketplaceStorage] getMarketplaces ensureConfigFile=0ms readAndRepair=1ms migration=0ms total=1ms count=5 path=/Users/didi/.workbuddy/plugins/known_marketplaces.json
[9/26/2026, 9:02:59 AM.308] [Info] [PluginManager]  All built-in marketplaces are already installed
[9/26/2026, 9:02:59 AM.309] [Info] [MarketplaceStorage]  [MarketplaceStorage] getMarketplaces ensureConfigFile=0ms readAndRepair=1ms migration=0ms total=1ms count=5 path=/Users/didi/.workbuddy/plugins/known_marketplaces.json
[9/26/2026, 9:02:59 AM.309] [Info] [BuiltInMarketplaceProvider]  Found 2 built-in marketplace(s)
[9/26/2026, 9:02:59 AM.311] [Info] [PluginManager]  Loaded 5 marketplaces (2 built-in) total=3ms storage=1ms builtIn=0ms autoUpdate=0ms
[9/26/2026, 9:03:01 AM.291] [Info] [TracingService]  Tracing uses @tencent/galileo-node-sdk global OpenTelemetry provider; @genie OTLP exporter is skipped.
[9/26/2026, 9:03:01 AM.291] [Info] [TracingService]  Tracing config resolved: {"productEnabled":true,"enabledByEnv":false,"endpoint":"https://copilot.tencent.com","galileoEnabled":true}
[9/26/2026, 9:03:27 AM.769] [Info] [WorkflowMemProbe] tick runId=(none) | rss=142.2MB heap=161/168.4MB external=54.9MB arrayBuffers=0MB
[9/26/2026, 9:19:12 AM.541] [Info] [WorkflowMemProbe] tick runId=(none) | rss=142.2MB heap=161.2/168.7MB external=54.9MB arrayBuffers=0MB
[9/26/2026, 9:19:12 AM.614] [Info] [GitInfoCollector]  CODEBUDDY_GIT_REPO_SCAN_DISABLED 1
[9/26/2026, 9:19:12 AM.614] [Info] [GitInfoCollector]  Git repository scan is disabled via CODEBUDDY_GIT_REPO_SCAN_DISABLED environment variable
[9/26/2026, 9:19:13 AM.388] [Info] [CloudProductManager]  fetch cloud product success, agents(1): cli, models(53): auto,fast-model,balanced-model,deep-model,hy3,hy3-b,hy3-c,hy3-x,hy4-preview,hy4-preview-f,minimax-m2.5,glm-5v-turbo,glm-5.3,glm-5.3-flash,glm-5.2,glm-5.1,glm-5.0-turbo,glm-4.6v,kimi-k3-1,kimi-k2.8-preview,kimi-k2.7,kimi-k2.6,kimi-k2.5,kimi-k2-thinking,minimax-m3,minimax-m2.7,glm-4.6,deepseek-v4-flash,deepseek-v4.1-flash,deepseek-v4-pro,deepseek-v3-2-volc,deepseek-v3-1-volc,deepseek-v3-1-lkeap,deepseek-v3-1,deepseek-v3-0324-lkeap,deepseek-r1-0528-lkeap,kimi-k2-instruct-taiji,completion-gf,default-1.1,hunyuan-3b,hunyuan-7b-dense,codewise-completions,codewise-rewrite,codewise-nes-a4-027-aide,codewise-jump,deepseek-r1-0528,deepseek-v3-0324-taco-completion,deepseek-v3-0324,default-1.2,hunyuan-2.0-instruct,hunyuan-chat,hunyuan-image-alpha,hunyuan-image-alpha-edit
[9/26/2026, 9:19:13 AM.388] [Info] [CloudProductManager]  Fetched configuration from remote [772ms]
[9/26/2026, 9:19:13 AM.390] [Info] [PluginsProductProvider.provide] active=9, ids=[weixinpay@workbuddy-builtin,tencent-docs-plugin@workbuddy-builtin,sheetagent@workbuddy-builtin,tencent-pptx@workbuddy-builtin,tencent-docx@workbuddy-builtin,agent-browser@codebuddy-plugins-official,find-skills@codebuddy-plugins-official,agent-browser@inline,find-skills@inline]
[9/26/2026, 9:19:13 AM.391] [Info] [MCP][cacheDbg] getConnectedServers() called: nonInteractive=true waitForSettle=false cacheNow=[connector-proxy,weixinpay,sheetagent] allServers=[connector-proxy:connected,weixinpay:connected,sheetagent:connected]
[9/26/2026, 9:19:13 AM.391] [Info] [MCP][cacheDbg] getConnectedServers() returning: [connector-proxy,weixinpay,sheetagent] (size=3)
[9/26/2026, 9:19:13 AM.398] [Info] [CustomModelsProductProvider] productName=WorkBuddy, isWorkBuddy=true, userConfigPath=/Users/didi/.workbuddy/models.json
[9/26/2026, 9:19:13 AM.398] [Info] Loaded custom models config from user: /Users/didi/.workbuddy/models.json
[9/26/2026, 9:19:13 AM.398] [Info] [ModelsProductProvider] enterpriseId: undefined, endpoint: https://copilot.tencent.com
[9/26/2026, 9:19:13 AM.398] [Warning] [ModelsProductProvider] enterpriseId is missing, skipping models API call
[9/26/2026, 9:19:13 AM.399] [Info] [AgentModelResolver] product config input: 54 models, 23 agents
[9/26/2026, 9:19:13 AM.399] [Info] [AgentModelResolver] model ids: auto, fast-model, balanced-model, deep-model, hy3, hy3-b, hy3-c, hy3-x, hy4-preview, hy4-preview-f, minimax-m2.5, glm-5v-turbo, glm-5.3, glm-5.3-flash, glm-5.2, glm-5.1, glm-5.0-turbo, glm-4.6v, kimi-k3-1, kimi-k2.8-preview, kimi-k2.7, kimi-k2.6, kimi-k2.5, kimi-k2-thinking, minimax-m3, minimax-m2.7, glm-4.6, deepseek-v4-flash, deepseek-v4.1-flash, deepseek-v4-pro, deepseek-v3-2-volc, deepseek-v3-1-volc, deepseek-v3-1-lkeap, deepseek-v3-1, deepseek-v3-0324-lkeap, deepseek-r1-0528-lkeap, kimi-k2-instruct-taiji, completion-gf, default-1.1, hunyuan-3b, hunyuan-7b-dense, codewise-completions, codewise-rewrite, codewise-nes-a4-027-aide, codewise-jump, deepseek-r1-0528, deepseek-v3-0324-taco-completion, deepseek-v3-0324, default-1.2, hunyuan-2.0-instruct, hunyuan-chat, hunyuan-image-alpha, hunyuan-image-alpha-edit, custom-local:kimi-k3
[9/26/2026, 9:19:13 AM.399] [Info] [AgentModelResolver] agent "cli" original_models=["auto","hy4-preview-f","hy3","hy3-x","deepseek-v4.1-flash","glm-5.3","glm-5.3-flash","glm-5.2","glm-5.1","glm-5v-turbo","minimax-m3","kimi-k3-1","kimi-k2.8-preview","kimi-k2.7","kimi-k2.6","deepseek-v4-pro"] -> resolved_models=["auto","hy4-preview-f","hy3","hy3-x","deepseek-v4.1-flash","glm-5.3","glm-5.3-flash","glm-5.2","glm-5.1","glm-5v-turbo","minimax-m3","kimi-k3-1","kimi-k2.8-preview","kimi-k2.7","kimi-k2.6","deepseek-v4-pro"]
[9/26/2026, 9:19:13 AM.399] [Info] [AgentModelResolver] agent "general-purpose" original_models=[] -> resolved_models=[]
[9/26/2026, 9:19:13 AM.399] [Info] [AgentModelResolver] agent "compact" original_models=[] -> resolved_models=[]
[9/26/2026, 9:19:13 AM.399] [Info] [AgentModelResolver] agent "contextSummary" original_models=[] -> resolved_models=[]
[9/26/2026, 9:19:13 AM.399] [Info] [AgentModelResolver] agent "contentAnalyzer" original_models=[] -> resolved_models=[]
[9/26/2026, 9:19:13 AM.399] [Info] [AgentModelResolver] agent "terminalTitleGenerator" original_models=[] -> resolved_models=[]
[9/26/2026, 9:19:13 AM.399] [Info] [AgentModelResolver] agent "promptSuggestion" original_models=[] -> resolved_models=[]
[9/26/2026, 9:19:13 AM.399] [Info] [AgentModelResolver] agent "memorySelector" original_models=["lite"] -> resolved_models=["lite"]
[9/26/2026, 9:19:13 AM.399] [Info] [AgentModelResolver] agent "summaryGenerator" original_models=[] -> resolved_models=[]
[9/26/2026, 9:19:13 AM.399] [Info] [AgentModelResolver] agent "autoModeClassifier" original_models=[] -> resolved_models=[]
[9/26/2026, 9:19:13 AM.399] [Info] [AgentModelResolver] agent "promptHookEvaluator" original_models=["lite"] -> resolved_models=["lite"]
[9/26/2026, 9:19:13 AM.399] [Info] [AgentModelResolver] agent "insightsAnalyzer" original_models=[] -> resolved_models=[]
[9/26/2026, 9:19:13 AM.399] [Info] [AgentModelResolver] agent "agentInstructions" original_models=[] -> resolved_models=[]
[9/26/2026, 9:19:13 AM.399] [Info] [AgentModelResolver] agent "statusline-setup" original_models=[] -> resolved_models=[]
[9/26/2026, 9:19:13 AM.399] [Info] [AgentModelResolver] agent "Explore" original_models=["lite"] -> resolved_models=["lite"]
[9/26/2026, 9:19:13 AM.399] [Info] [AgentModelResolver] agent "Plan" original_models=[] -> resolved_models=[]
[9/26/2026, 9:19:13 AM.399] [Info] [AgentModelResolver] agent "pulse" original_models=[] -> resolved_models=[]
[9/26/2026, 9:19:13 AM.399] [Info] [AgentModelResolver] agent "handoff-summary" original_models=undefined -> resolved_models=[]
[9/26/2026, 9:19:13 AM.399] [Info] [AgentModelResolver] agent "enhance-prompt" original_models=[] -> resolved_models=[]
[9/26/2026, 9:19:13 AM.399] [Info] [AgentModelResolver] agent "sheet-agent" original_models=[] -> resolved_models=[]
[9/26/2026, 9:19:13 AM.399] [Info] [AgentModelResolver] agent "doc-converter" original_models=[] -> resolved_models=[]
[9/26/2026, 9:19:13 AM.399] [Info] [AgentModelResolver] agent "doc-formatter" original_models=[] -> resolved_models=[]
[9/26/2026, 9:19:13 AM.399] [Info] [AgentModelResolver] agent "doc-writer" original_models=[] -> resolved_models=[]
[9/26/2026, 9:19:13 AM.415] [Info] [PluginPolicyService]  [MergedPlugins][DEBUG] ProductManager.onDidChange fired, reloading policies...
[9/26/2026, 9:19:13 AM.415] [Info] [PluginPolicyService]  [MergedPlugins][DEBUG] Current config builtInMarketPluginsMerge: [{"autoEnable":true,"marketplaceName":"codebuddy-plugins-official","name":"agent-browser","scope":"user"}]
[9/26/2026, 9:19:13 AM.415] [Info] [PluginPolicyService]  [MergedPlugins] Loaded 1 merged plugin entries
[9/26/2026, 9:19:13 AM.415] [Info] [Startup] AgentManager.rebuildAgents: START
[9/26/2026, 9:19:13 AM.417] [Info] [Startup] AgentManager.rebuildAgents: completed in 14ms, resolving readyDeferred
[9/26/2026, 9:19:13 AM.417] [Info] [PluginManager]  Checking for built-in marketplaces to install...
[9/26/2026, 9:19:13 AM.417] [Info] [BuiltInMarketplaceProvider]  Found 2 built-in marketplace(s)
[9/26/2026, 9:19:13 AM.417] [Info] [PluginManager]  Found 2 built-in marketplace(s)
[9/26/2026, 9:19:13 AM.419] [Info] [MarketplaceStorage]  [MarketplaceStorage] getMarketplaces ensureConfigFile=0ms readAndRepair=2ms migration=0ms total=2ms count=5 path=/Users/didi/.workbuddy/plugins/known_marketplaces.json
[9/26/2026, 9:19:13 AM.419] [Info] [PluginManager]  All built-in marketplaces are already installed
[9/26/2026, 9:19:13 AM.420] [Info] [MarketplaceStorage]  [MarketplaceStorage] getMarketplaces ensureConfigFile=0ms readAndRepair=1ms migration=0ms total=1ms count=5 path=/Users/didi/.workbuddy/plugins/known_marketplaces.json
[9/26/2026, 9:19:13 AM.420] [Info] [BuiltInMarketplaceProvider]  Found 2 built-in marketplace(s)
[9/26/2026, 9:19:13 AM.422] [Info] [PluginManager]  Loaded 5 marketplaces (2 built-in) total=3ms storage=1ms builtIn=0ms autoUpdate=0ms
[9/26/2026, 9:19:15 AM.405] [Info] [TracingService]  Tracing uses @tencent/galileo-node-sdk global OpenTelemetry provider; @genie OTLP exporter is skipped.
[9/26/2026, 9:19:15 AM.405] [Info] [TracingService]  Tracing config resolved: {"productEnabled":true,"enabledByEnv":false,"endpoint":"https://copilot.tencent.com","galileoEnabled":true}
[9/26/2026, 9:19:42 AM.548] [Info] [WorkflowMemProbe] tick runId=(none) | rss=147MB heap=165.8/172.5MB external=54.9MB arrayBuffers=0MB
[9/26/2026, 9:35:31 AM.963] [Info] [WorkflowMemProbe] tick runId=(none) | rss=148.4MB heap=167.8/174.4MB external=54.9MB arrayBuffers=0MB
[9/26/2026, 9:35:31 AM.988] [Info] [GitInfoCollector]  CODEBUDDY_GIT_REPO_SCAN_DISABLED 1
[9/26/2026, 9:35:31 AM.988] [Info] [GitInfoCollector]  Git repository scan is disabled via CODEBUDDY_GIT_REPO_SCAN_DISABLED environment variable
[9/26/2026, 9:35:32 AM.790] [Info] [CloudProductManager]  fetch cloud product success, agents(1): cli, models(53): auto,fast-model,balanced-model,deep-model,hy3,hy3-b,hy3-c,hy3-x,hy4-preview,hy4-preview-f,minimax-m2.5,glm-5v-turbo,glm-5.3,glm-5.3-flash,glm-5.2,glm-5.1,glm-5.0-turbo,glm-4.6v,kimi-k3-1,kimi-k2.8-preview,kimi-k2.7,kimi-k2.6,kimi-k2.5,kimi-k2-thinking,minimax-m3,minimax-m2.7,glm-4.6,deepseek-v4-flash,deepseek-v4.1-flash,deepseek-v4-pro,deepseek-v3-2-volc,deepseek-v3-1-volc,deepseek-v3-1-lkeap,deepseek-v3-1,deepseek-v3-0324-lkeap,deepseek-r1-0528-lkeap,kimi-k2-instruct-taiji,completion-gf,default-1.1,hunyuan-3b,hunyuan-7b-dense,codewise-completions,codewise-rewrite,codewise-nes-a4-027-aide,codewise-jump,deepseek-r1-0528,deepseek-v3-0324-taco-completion,deepseek-v3-0324,default-1.2,hunyuan-2.0-instruct,hunyuan-chat,hunyuan-image-alpha,hunyuan-image-alpha-edit
[9/26/2026, 9:35:32 AM.790] [Info] [CloudProductManager]  Fetched configuration from remote [801ms]
[9/26/2026, 9:35:32 AM.791] [Info] [PluginsProductProvider.provide] active=9, ids=[weixinpay@workbuddy-builtin,tencent-docs-plugin@workbuddy-builtin,sheetagent@workbuddy-builtin,tencent-pptx@workbuddy-builtin,tencent-docx@workbuddy-builtin,agent-browser@codebuddy-plugins-official,find-skills@codebuddy-plugins-official,agent-browser@inline,find-skills@inline]
[9/26/2026, 9:35:32 AM.792] [Info] [MCP][cacheDbg] getConnectedServers() called: nonInteractive=true waitForSettle=false cacheNow=[connector-proxy,weixinpay,sheetagent] allServers=[connector-proxy:connected,weixinpay:connected,sheetagent:connected]
[9/26/2026, 9:35:32 AM.792] [Info] [MCP][cacheDbg] getConnectedServers() returning: [connector-proxy,weixinpay,sheetagent] (size=3)
[9/26/2026, 9:35:32 AM.801] [Info] [CustomModelsProductProvider] productName=WorkBuddy, isWorkBuddy=true, userConfigPath=/Users/didi/.workbuddy/models.json
[9/26/2026, 9:35:32 AM.801] [Info] Loaded custom models config from user: /Users/didi/.workbuddy/models.json
[9/26/2026, 9:35:32 AM.802] [Info] [ModelsProductProvider] enterpriseId: undefined, endpoint: https://copilot.tencent.com
[9/26/2026, 9:35:32 AM.802] [Warning] [ModelsProductProvider] enterpriseId is missing, skipping models API call
[9/26/2026, 9:35:32 AM.802] [Info] [AgentModelResolver] product config input: 54 models, 23 agents
[9/26/2026, 9:35:32 AM.802] [Info] [AgentModelResolver] model ids: auto, fast-model, balanced-model, deep-model, hy3, hy3-b, hy3-c, hy3-x, hy4-preview, hy4-preview-f, minimax-m2.5, glm-5v-turbo, glm-5.3, glm-5.3-flash, glm-5.2, glm-5.1, glm-5.0-turbo, glm-4.6v, kimi-k3-1, kimi-k2.8-preview, kimi-k2.7, kimi-k2.6, kimi-k2.5, kimi-k2-thinking, minimax-m3, minimax-m2.7, glm-4.6, deepseek-v4-flash, deepseek-v4.1-flash, deepseek-v4-pro, deepseek-v3-2-volc, deepseek-v3-1-volc, deepseek-v3-1-lkeap, deepseek-v3-1, deepseek-v3-0324-lkeap, deepseek-r1-0528-lkeap, kimi-k2-instruct-taiji, completion-gf, default-1.1, hunyuan-3b, hunyuan-7b-dense, codewise-completions, codewise-rewrite, codewise-nes-a4-027-aide, codewise-jump, deepseek-r1-0528, deepseek-v3-0324-taco-completion, deepseek-v3-0324, default-1.2, hunyuan-2.0-instruct, hunyuan-chat, hunyuan-image-alpha, hunyuan-image-alpha-edit, custom-local:kimi-k3
[9/26/2026, 9:35:32 AM.802] [Info] [AgentModelResolver] agent "cli" original_models=["auto","hy4-preview-f","hy3","hy3-x","deepseek-v4.1-flash","glm-5.3","glm-5.3-flash","glm-5.2","glm-5.1","glm-5v-turbo","minimax-m3","kimi-k3-1","kimi-k2.8-preview","kimi-k2.7","kimi-k2.6","deepseek-v4-pro"] -> resolved_models=["auto","hy4-preview-f","hy3","hy3-x","deepseek-v4.1-flash","glm-5.3","glm-5.3-flash","glm-5.2","glm-5.1","glm-5v-turbo","minimax-m3","kimi-k3-1","kimi-k2.8-preview","kimi-k2.7","kimi-k2.6","deepseek-v4-pro"]
[9/26/2026, 9:35:32 AM.802] [Info] [AgentModelResolver] agent "general-purpose" original_models=[] -> resolved_models=[]
[9/26/2026, 9:35:32 AM.802] [Info] [AgentModelResolver] agent "compact" original_models=[] -> resolved_models=[]
[9/26/2026, 9:35:32 AM.802] [Info] [AgentModelResolver] agent "contextSummary" original_models=[] -> resolved_models=[]
[9/26/2026, 9:35:32 AM.802] [Info] [AgentModelResolver] agent "contentAnalyzer" original_models=[] -> resolved_models=[]
[9/26/2026, 9:35:32 AM.802] [Info] [AgentModelResolver] agent "terminalTitleGenerator" original_models=[] -> resolved_models=[]
[9/26/2026, 9:35:32 AM.802] [Info] [AgentModelResolver] agent "promptSuggestion" original_models=[] -> resolved_models=[]
[9/26/2026, 9:35:32 AM.802] [Info] [AgentModelResolver] agent "memorySelector" original_models=["lite"] -> resolved_models=["lite"]
[9/26/2026, 9:35:32 AM.802] [Info] [AgentModelResolver] agent "summaryGenerator" original_models=[] -> resolved_models=[]
[9/26/2026, 9:35:32 AM.802] [Info] [AgentModelResolver] agent "autoModeClassifier" original_models=[] -> resolved_models=[]
[9/26/2026, 9:35:32 AM.802] [Info] [AgentModelResolver] agent "promptHookEvaluator" original_models=["lite"] -> resolved_models=["lite"]
[9/26/2026, 9:35:32 AM.802] [Info] [AgentModelResolver] agent "insightsAnalyzer" original_models=[] -> resolved_models=[]
[9/26/2026, 9:35:32 AM.802] [Info] [AgentModelResolver] agent "agentInstructions" original_models=[] -> resolved_models=[]
[9/26/2026, 9:35:32 AM.802] [Info] [AgentModelResolver] agent "statusline-setup" original_models=[] -> resolved_models=[]
[9/26/2026, 9:35:32 AM.802] [Info] [AgentModelResolver] agent "Explore" original_models=["lite"] -> resolved_models=["lite"]
[9/26/2026, 9:35:32 AM.802] [Info] [AgentModelResolver] agent "Plan" original_models=[] -> resolved_models=[]
[9/26/2026, 9:35:32 AM.802] [Info] [AgentModelResolver] agent "pulse" original_models=[] -> resolved_models=[]
[9/26/2026, 9:35:32 AM.802] [Info] [AgentModelResolver] agent "handoff-summary" original_models=undefined -> resolved_models=[]
[9/26/2026, 9:35:32 AM.802] [Info] [AgentModelResolver] agent "enhance-prompt" original_models=[] -> resolved_models=[]
[9/26/2026, 9:35:32 AM.802] [Info] [AgentModelResolver] agent "sheet-agent" original_models=[] -> resolved_models=[]
[9/26/2026, 9:35:32 AM.802] [Info] [AgentModelResolver] agent "doc-converter" original_models=[] -> resolved_models=[]
[9/26/2026, 9:35:32 AM.802] [Info] [AgentModelResolver] agent "doc-formatter" original_models=[] -> resolved_models=[]
[9/26/2026, 9:35:32 AM.802] [Info] [AgentModelResolver] agent "doc-writer" original_models=[] -> resolved_models=[]
[9/26/2026, 9:35:32 AM.822] [Info] [PluginPolicyService]  [MergedPlugins][DEBUG] ProductManager.onDidChange fired, reloading policies...
[9/26/2026, 9:35:32 AM.822] [Info] [PluginPolicyService]  [MergedPlugins][DEBUG] Current config builtInMarketPluginsMerge: [{"autoEnable":true,"marketplaceName":"codebuddy-plugins-official","name":"agent-browser","scope":"user"}]
[9/26/2026, 9:35:32 AM.822] [Info] [PluginPolicyService]  [MergedPlugins] Loaded 1 merged plugin entries
[9/26/2026, 9:35:32 AM.822] [Info] [Startup] AgentManager.rebuildAgents: START
[9/26/2026, 9:35:32 AM.823] [Info] [Startup] AgentManager.rebuildAgents: completed in 14ms, resolving readyDeferred
[9/26/2026, 9:35:32 AM.824] [Info] [PluginManager]  Checking for built-in marketplaces to install...
[9/26/2026, 9:35:32 AM.824] [Info] [BuiltInMarketplaceProvider]  Found 2 built-in marketplace(s)
[9/26/2026, 9:35:32 AM.824] [Info] [PluginManager]  Found 2 built-in marketplace(s)
[9/26/2026, 9:35:32 AM.826] [Info] [MarketplaceStorage]  [MarketplaceStorage] getMarketplaces ensureConfigFile=0ms readAndRepair=2ms migration=0ms total=2ms count=5 path=/Users/didi/.workbuddy/plugins/known_marketplaces.json
[9/26/2026, 9:35:32 AM.826] [Info] [PluginManager]  All built-in marketplaces are already installed
[9/26/2026, 9:35:32 AM.827] [Info] [MarketplaceStorage]  [MarketplaceStorage] getMarketplaces ensureConfigFile=0ms readAndRepair=1ms migration=0ms total=1ms count=5 path=/Users/didi/.workbuddy/plugins/known_marketplaces.json
[9/26/2026, 9:35:32 AM.827] [Info] [BuiltInMarketplaceProvider]  Found 2 built-in marketplace(s)
[9/26/2026, 9:35:32 AM.835] [Info] [PluginManager]  Loaded 5 marketplaces (2 built-in) total=9ms storage=1ms builtIn=0ms autoUpdate=0ms
[9/26/2026, 9:35:34 AM.809] [Info] [TracingService]  Tracing uses @tencent/galileo-node-sdk global OpenTelemetry provider; @genie OTLP exporter is skipped.
[9/26/2026, 9:35:34 AM.809] [Info] [TracingService]  Tracing config resolved: {"productEnabled":true,"enabledByEnv":false,"endpoint":"https://copilot.tencent.com","galileoEnabled":true}
[9/26/2026, 9:36:01 AM.977] [Info] [WorkflowMemProbe] tick runId=(none) | rss=138.3MB heap=152.8/160.5MB external=53.7MB arrayBuffers=0MB
[9/26/2026, 9:47:31 AM.994] [Info] [WorkflowMemProbe] tick runId=(none) | rss=139.3MB heap=154.7/161.6MB external=53.7MB arrayBuffers=0MB
[9/26/2026, 9:47:32 AM.023] [Info] [GitInfoCollector]  CODEBUDDY_GIT_REPO_SCAN_DISABLED 1
[9/26/2026, 9:47:32 AM.023] [Info] [GitInfoCollector]  Git repository scan is disabled via CODEBUDDY_GIT_REPO_SCAN_DISABLED environment variable
[9/26/2026, 9:47:34 AM.257] [Info] [CloudProductManager]  fetch cloud product success, agents(1): cli, models(53): auto,fast-model,balanced-model,deep-model,hy3,hy3-b,hy3-c,hy3-x,hy4-preview,hy4-preview-f,minimax-m2.5,glm-5v-turbo,glm-5.3,glm-5.3-flash,glm-5.2,glm-5.1,glm-5.0-turbo,glm-4.6v,kimi-k3-1,kimi-k2.8-preview,kimi-k2.7,kimi-k2.6,kimi-k2.5,kimi-k2-thinking,minimax-m3,minimax-m2.7,glm-4.6,deepseek-v4-flash,deepseek-v4.1-flash,deepseek-v4-pro,deepseek-v3-2-volc,deepseek-v3-1-volc,deepseek-v3-1-lkeap,deepseek-v3-1,deepseek-v3-0324-lkeap,deepseek-r1-0528-lkeap,kimi-k2-instruct-taiji,completion-gf,default-1.1,hunyuan-3b,hunyuan-7b-dense,codewise-completions,codewise-rewrite,codewise-nes-a4-027-aide,codewise-jump,deepseek-r1-0528,deepseek-v3-0324-taco-completion,deepseek-v3-0324,default-1.2,hunyuan-2.0-instruct,hunyuan-chat,hunyuan-image-alpha,hunyuan-image-alpha-edit
[9/26/2026, 9:47:34 AM.257] [Info] [CloudProductManager]  Fetched configuration from remote [2232ms]
[9/26/2026, 9:47:34 AM.260] [Info] [PluginsProductProvider.provide] active=9, ids=[weixinpay@workbuddy-builtin,tencent-docs-plugin@workbuddy-builtin,sheetagent@workbuddy-builtin,tencent-pptx@workbuddy-builtin,tencent-docx@workbuddy-builtin,agent-browser@codebuddy-plugins-official,find-skills@codebuddy-plugins-official,agent-browser@inline,find-skills@inline]
[9/26/2026, 9:47:34 AM.260] [Info] [MCP][cacheDbg] getConnectedServers() called: nonInteractive=true waitForSettle=false cacheNow=[connector-proxy,weixinpay,sheetagent] allServers=[connector-proxy:connected,weixinpay:connected,sheetagent:connected]
[9/26/2026, 9:47:34 AM.260] [Info] [MCP][cacheDbg] getConnectedServers() returning: [connector-proxy,weixinpay,sheetagent] (size=3)
[9/26/2026, 9:47:34 AM.276] [Info] [CustomModelsProductProvider] productName=WorkBuddy, isWorkBuddy=true, userConfigPath=/Users/didi/.workbuddy/models.json
[9/26/2026, 9:47:34 AM.276] [Info] Loaded custom models config from user: /Users/didi/.workbuddy/models.json
[9/26/2026, 9:47:34 AM.276] [Info] [ModelsProductProvider] enterpriseId: undefined, endpoint: https://copilot.tencent.com
[9/26/2026, 9:47:34 AM.276] [Warning] [ModelsProductProvider] enterpriseId is missing, skipping models API call
[9/26/2026, 9:47:34 AM.276] [Info] [AgentModelResolver] product config input: 54 models, 23 agents
[9/26/2026, 9:47:34 AM.276] [Info] [AgentModelResolver] model ids: auto, fast-model, balanced-model, deep-model, hy3, hy3-b, hy3-c, hy3-x, hy4-preview, hy4-preview-f, minimax-m2.5, glm-5v-turbo, glm-5.3, glm-5.3-flash, glm-5.2, glm-5.1, glm-5.0-turbo, glm-4.6v, kimi-k3-1, kimi-k2.8-preview, kimi-k2.7, kimi-k2.6, kimi-k2.5, kimi-k2-thinking, minimax-m3, minimax-m2.7, glm-4.6, deepseek-v4-flash, deepseek-v4.1-flash, deepseek-v4-pro, deepseek-v3-2-volc, deepseek-v3-1-volc, deepseek-v3-1-lkeap, deepseek-v3-1, deepseek-v3-0324-lkeap, deepseek-r1-0528-lkeap, kimi-k2-instruct-taiji, completion-gf, default-1.1, hunyuan-3b, hunyuan-7b-dense, codewise-completions, codewise-rewrite, codewise-nes-a4-027-aide, codewise-jump, deepseek-r1-0528, deepseek-v3-0324-taco-completion, deepseek-v3-0324, default-1.2, hunyuan-2.0-instruct, hunyuan-chat, hunyuan-image-alpha, hunyuan-image-alpha-edit, custom-local:kimi-k3
[9/26/2026, 9:47:34 AM.276] [Info] [AgentModelResolver] agent "cli" original_models=["auto","hy4-preview-f","hy3","hy3-x","deepseek-v4.1-flash","glm-5.3","glm-5.3-flash","glm-5.2","glm-5.1","glm-5v-turbo","minimax-m3","kimi-k3-1","kimi-k2.8-preview","kimi-k2.7","kimi-k2.6","deepseek-v4-pro"] -> resolved_models=["auto","hy4-preview-f","hy3","hy3-x","deepseek-v4.1-flash","glm-5.3","glm-5.3-flash","glm-5.2","glm-5.1","glm-5v-turbo","minimax-m3","kimi-k3-1","kimi-k2.8-preview","kimi-k2.7","kimi-k2.6","deepseek-v4-pro"]
[9/26/2026, 9:47:34 AM.276] [Info] [AgentModelResolver] agent "general-purpose" original_models=[] -> resolved_models=[]
[9/26/2026, 9:47:34 AM.276] [Info] [AgentModelResolver] agent "compact" original_models=[] -> resolved_models=[]
[9/26/2026, 9:47:34 AM.276] [Info] [AgentModelResolver] agent "contextSummary" original_models=[] -> resolved_models=[]
[9/26/2026, 9:47:34 AM.276] [Info] [AgentModelResolver] agent "contentAnalyzer" original_models=[] -> resolved_models=[]
[9/26/2026, 9:47:34 AM.276] [Info] [AgentModelResolver] agent "terminalTitleGenerator" original_models=[] -> resolved_models=[]
[9/26/2026, 9:47:34 AM.276] [Info] [AgentModelResolver] agent "promptSuggestion" original_models=[] -> resolved_models=[]
[9/26/2026, 9:47:34 AM.276] [Info] [AgentModelResolver] agent "memorySelector" original_models=["lite"] -> resolved_models=["lite"]
[9/26/2026, 9:47:34 AM.276] [Info] [AgentModelResolver] agent "summaryGenerator" original_models=[] -> resolved_models=[]
[9/26/2026, 9:47:34 AM.276] [Info] [AgentModelResolver] agent "autoModeClassifier" original_models=[] -> resolved_models=[]
[9/26/2026, 9:47:34 AM.276] [Info] [AgentModelResolver] agent "promptHookEvaluator" original_models=["lite"] -> resolved_models=["lite"]
[9/26/2026, 9:47:34 AM.276] [Info] [AgentModelResolver] agent "insightsAnalyzer" original_models=[] -> resolved_models=[]
[9/26/2026, 9:47:34 AM.276] [Info] [AgentModelResolver] agent "agentInstructions" original_models=[] -> resolved_models=[]
[9/26/2026, 9:47:34 AM.276] [Info] [AgentModelResolver] agent "statusline-setup" original_models=[] -> resolved_models=[]
[9/26/2026, 9:47:34 AM.276] [Info] [AgentModelResolver] agent "Explore" original_models=["lite"] -> resolved_models=["lite"]
[9/26/2026, 9:47:34 AM.276] [Info] [AgentModelResolver] agent "Plan" original_models=[] -> resolved_models=[]
[9/26/2026, 9:47:34 AM.276] [Info] [AgentModelResolver] agent "pulse" original_models=[] -> resolved_models=[]
[9/26/2026, 9:47:34 AM.276] [Info] [AgentModelResolver] agent "handoff-summary" original_models=undefined -> resolved_models=[]
[9/26/2026, 9:47:34 AM.276] [Info] [AgentModelResolver] agent "enhance-prompt" original_models=[] -> resolved_models=[]
[9/26/2026, 9:47:34 AM.276] [Info] [AgentModelResolver] agent "sheet-agent" original_models=[] -> resolved_models=[]
[9/26/2026, 9:47:34 AM.276] [Info] [AgentModelResolver] agent "doc-converter" original_models=[] -> resolved_models=[]
[9/26/2026, 9:47:34 AM.276] [Info] [AgentModelResolver] agent "doc-formatter" original_models=[] -> resolved_models=[]
[9/26/2026, 9:47:34 AM.276] [Info] [AgentModelResolver] agent "doc-writer" original_models=[] -> resolved_models=[]
[9/26/2026, 9:47:34 AM.300] [Info] [PluginPolicyService]  [MergedPlugins][DEBUG] ProductManager.onDidChange fired, reloading policies...
[9/26/2026, 9:47:34 AM.300] [Info] [PluginPolicyService]  [MergedPlugins][DEBUG] Current config builtInMarketPluginsMerge: [{"autoEnable":true,"marketplaceName":"codebuddy-plugins-official","name":"agent-browser","scope":"user"}]
[9/26/2026, 9:47:34 AM.300] [Info] [PluginPolicyService]  [MergedPlugins] Loaded 1 merged plugin entries
[9/26/2026, 9:47:34 AM.300] [Info] [Startup] AgentManager.rebuildAgents: START
[9/26/2026, 9:47:34 AM.300] [Info] [Startup] AgentManager.rebuildAgents: completed in 16ms, resolving readyDeferred
[9/26/2026, 9:47:34 AM.300] [Info] [PluginManager]  Checking for built-in marketplaces to install...
[9/26/2026, 9:47:34 AM.300] [Info] [BuiltInMarketplaceProvider]  Found 2 built-in marketplace(s)
[9/26/2026, 9:47:34 AM.300] [Info] [PluginManager]  Found 2 built-in marketplace(s)
[9/26/2026, 9:47:34 AM.302] [Info] [MarketplaceStorage]  [MarketplaceStorage] getMarketplaces ensureConfigFile=0ms readAndRepair=1ms migration=0ms total=1ms count=5 path=/Users/didi/.workbuddy/plugins/known_marketplaces.json
[9/26/2026, 9:47:34 AM.302] [Info] [PluginManager]  All built-in marketplaces are already installed
[9/26/2026, 9:47:34 AM.302] [Info] [MarketplaceStorage]  [MarketplaceStorage] getMarketplaces ensureConfigFile=0ms readAndRepair=0ms migration=0ms total=0ms count=5 path=/Users/didi/.workbuddy/plugins/known_marketplaces.json
[9/26/2026, 9:47:34 AM.302] [Info] [BuiltInMarketplaceProvider]  Found 2 built-in marketplace(s)
[9/26/2026, 9:47:34 AM.305] [Info] [PluginManager]  Loaded 5 marketplaces (2 built-in) total=3ms storage=0ms builtIn=0ms autoUpdate=0ms
[9/26/2026, 9:47:36 AM.286] [Info] [TracingService]  Tracing uses @tencent/galileo-node-sdk global OpenTelemetry provider; @genie OTLP exporter is skipped.
[9/26/2026, 9:47:36 AM.286] [Info] [TracingService]  Tracing config resolved: {"productEnabled":true,"enabledByEnv":false,"endpoint":"https://copilot.tencent.com","galileoEnabled":true}
[9/26/2026, 9:47:57 AM.782] [Info] [TracingService]  [primary] Exported 1 spans, traceIds: 000f077ce7c5b812f712e021fb4d83d7
[9/26/2026, 9:48:01 AM.999] [Info] [WorkflowMemProbe] tick runId=(none) | rss=143.3MB heap=160.6/168.8MB external=53.7MB arrayBuffers=0MB
[9/26/2026, 10:03:41 AM.083] [Info] [WorkflowMemProbe] tick runId=(none) | rss=144.8MB heap=162.8/169.9MB external=53.8MB arrayBuffers=0MB
[9/26/2026, 10:03:41 AM.086] [Info] [GitInfoCollector]  CODEBUDDY_GIT_REPO_SCAN_DISABLED 1
[9/26/2026, 10:03:41 AM.086] [Info] [GitInfoCollector]  Git repository scan is disabled via CODEBUDDY_GIT_REPO_SCAN_DISABLED environment variable
[9/26/2026, 10:03:42 AM.355] [Info] [CloudProductManager]  fetch cloud product success, agents(1): cli, models(53): auto,fast-model,balanced-model,deep-model,hy3,hy3-b,hy3-c,hy3-x,hy4-preview,hy4-preview-f,minimax-m2.5,glm-5v-turbo,glm-5.3,glm-5.3-flash,glm-5.2,glm-5.1,glm-5.0-turbo,glm-4.6v,kimi-k3-1,kimi-k2.8-preview,kimi-k2.7,kimi-k2.6,kimi-k2.5,kimi-k2-thinking,minimax-m3,minimax-m2.7,glm-4.6,deepseek-v4-flash,deepseek-v4.1-flash,deepseek-v4-pro,deepseek-v3-2-volc,deepseek-v3-1-volc,deepseek-v3-1-lkeap,deepseek-v3-1,deepseek-v3-0324-lkeap,deepseek-r1-0528-lkeap,kimi-k2-instruct-taiji,completion-gf,default-1.1,hunyuan-3b,hunyuan-7b-dense,codewise-completions,codewise-rewrite,codewise-nes-a4-027-aide,codewise-jump,deepseek-r1-0528,deepseek-v3-0324-taco-completion,deepseek-v3-0324,default-1.2,hunyuan-2.0-instruct,hunyuan-chat,hunyuan-image-alpha,hunyuan-image-alpha-edit
[9/26/2026, 10:03:42 AM.355] [Info] [CloudProductManager]  Fetched configuration from remote [1267ms]
[9/26/2026, 10:03:42 AM.357] [Info] [PluginsProductProvider.provide] active=9, ids=[weixinpay@workbuddy-builtin,tencent-docs-plugin@workbuddy-builtin,sheetagent@workbuddy-builtin,tencent-pptx@workbuddy-builtin,tencent-docx@workbuddy-builtin,agent-browser@codebuddy-plugins-official,find-skills@codebuddy-plugins-official,agent-browser@inline,find-skills@inline]
[9/26/2026, 10:03:42 AM.357] [Info] [MCP][cacheDbg] getConnectedServers() called: nonInteractive=true waitForSettle=false cacheNow=[connector-proxy,weixinpay,sheetagent] allServers=[connector-proxy:connected,weixinpay:connected,sheetagent:connected]
[9/26/2026, 10:03:42 AM.357] [Info] [MCP][cacheDbg] getConnectedServers() returning: [connector-proxy,weixinpay,sheetagent] (size=3)
[9/26/2026, 10:03:42 AM.370] [Info] [CustomModelsProductProvider] productName=WorkBuddy, isWorkBuddy=true, userConfigPath=/Users/didi/.workbuddy/models.json
[9/26/2026, 10:03:42 AM.370] [Info] Loaded custom models config from user: /Users/didi/.workbuddy/models.json
[9/26/2026, 10:03:42 AM.371] [Info] [ModelsProductProvider] enterpriseId: undefined, endpoint: https://copilot.tencent.com
[9/26/2026, 10:03:42 AM.371] [Warning] [ModelsProductProvider] enterpriseId is missing, skipping models API call
[9/26/2026, 10:03:42 AM.371] [Info] [AgentModelResolver] product config input: 54 models, 23 agents
[9/26/2026, 10:03:42 AM.371] [Info] [AgentModelResolver] model ids: auto, fast-model, balanced-model, deep-model, hy3, hy3-b, hy3-c, hy3-x, hy4-preview, hy4-preview-f, minimax-m2.5, glm-5v-turbo, glm-5.3, glm-5.3-flash, glm-5.2, glm-5.1, glm-5.0-turbo, glm-4.6v, kimi-k3-1, kimi-k2.8-preview, kimi-k2.7, kimi-k2.6, kimi-k2.5, kimi-k2-thinking, minimax-m3, minimax-m2.7, glm-4.6, deepseek-v4-flash, deepseek-v4.1-flash, deepseek-v4-pro, deepseek-v3-2-volc, deepseek-v3-1-volc, deepseek-v3-1-lkeap, deepseek-v3-1, deepseek-v3-0324-lkeap, deepseek-r1-0528-lkeap, kimi-k2-instruct-taiji, completion-gf, default-1.1, hunyuan-3b, hunyuan-7b-dense, codewise-completions, codewise-rewrite, codewise-nes-a4-027-aide, codewise-jump, deepseek-r1-0528, deepseek-v3-0324-taco-completion, deepseek-v3-0324, default-1.2, hunyuan-2.0-instruct, hunyuan-chat, hunyuan-image-alpha, hunyuan-image-alpha-edit, custom-local:kimi-k3
[9/26/2026, 10:03:42 AM.371] [Info] [AgentModelResolver] agent "cli" original_models=["auto","hy4-preview-f","hy3","hy3-x","deepseek-v4.1-flash","glm-5.3","glm-5.3-flash","glm-5.2","glm-5.1","glm-5v-turbo","minimax-m3","kimi-k3-1","kimi-k2.8-preview","kimi-k2.7","kimi-k2.6","deepseek-v4-pro"] -> resolved_models=["auto","hy4-preview-f","hy3","hy3-x","deepseek-v4.1-flash","glm-5.3","glm-5.3-flash","glm-5.2","glm-5.1","glm-5v-turbo","minimax-m3","kimi-k3-1","kimi-k2.8-preview","kimi-k2.7","kimi-k2.6","deepseek-v4-pro"]
[9/26/2026, 10:03:42 AM.371] [Info] [AgentModelResolver] agent "general-purpose" original_models=[] -> resolved_models=[]
[9/26/2026, 10:03:42 AM.371] [Info] [AgentModelResolver] agent "compact" original_models=[] -> resolved_models=[]
[9/26/2026, 10:03:42 AM.371] [Info] [AgentModelResolver] agent "contextSummary" original_models=[] -> resolved_models=[]
[9/26/2026, 10:03:42 AM.371] [Info] [AgentModelResolver] agent "contentAnalyzer" original_models=[] -> resolved_models=[]
[9/26/2026, 10:03:42 AM.371] [Info] [AgentModelResolver] agent "terminalTitleGenerator" original_models=[] -> resolved_models=[]
[9/26/2026, 10:03:42 AM.371] [Info] [AgentModelResolver] agent "promptSuggestion" original_models=[] -> resolved_models=[]
[9/26/2026, 10:03:42 AM.371] [Info] [AgentModelResolver] agent "memorySelector" original_models=["lite"] -> resolved_models=["lite"]
[9/26/2026, 10:03:42 AM.371] [Info] [AgentModelResolver] agent "summaryGenerator" original_models=[] -> resolved_models=[]
[9/26/2026, 10:03:42 AM.371] [Info] [AgentModelResolver] agent "autoModeClassifier" original_models=[] -> resolved_models=[]
[9/26/2026, 10:03:42 AM.371] [Info] [AgentModelResolver] agent "promptHookEvaluator" original_models=["lite"] -> resolved_models=["lite"]
[9/26/2026, 10:03:42 AM.371] [Info] [AgentModelResolver] agent "insightsAnalyzer" original_models=[] -> resolved_models=[]
[9/26/2026, 10:03:42 AM.371] [Info] [AgentModelResolver] agent "agentInstructions" original_models=[] -> resolved_models=[]
[9/26/2026, 10:03:42 AM.371] [Info] [AgentModelResolver] agent "statusline-setup" original_models=[] -> resolved_models=[]
[9/26/2026, 10:03:42 AM.371] [Info] [AgentModelResolver] agent "Explore" original_models=["lite"] -> resolved_models=["lite"]
[9/26/2026, 10:03:42 AM.371] [Info] [AgentModelResolver] agent "Plan" original_models=[] -> resolved_models=[]
[9/26/2026, 10:03:42 AM.371] [Info] [AgentModelResolver] agent "pulse" original_models=[] -> resolved_models=[]
[9/26/2026, 10:03:42 AM.371] [Info] [AgentModelResolver] agent "handoff-summary" original_models=undefined -> resolved_models=[]
[9/26/2026, 10:03:42 AM.371] [Info] [AgentModelResolver] agent "enhance-prompt" original_models=[] -> resolved_models=[]
[9/26/2026, 10:03:42 AM.371] [Info] [AgentModelResolver] agent "sheet-agent" original_models=[] -> resolved_models=[]
[9/26/2026, 10:03:42 AM.371] [Info] [AgentModelResolver] agent "doc-converter" original_models=[] -> resolved_models=[]
[9/26/2026, 10:03:42 AM.371] [Info] [AgentModelResolver] agent "doc-formatter" original_models=[] -> resolved_models=[]
[9/26/2026, 10:03:42 AM.371] [Info] [AgentModelResolver] agent "doc-writer" original_models=[] -> resolved_models=[]
[9/26/2026, 10:03:42 AM.392] [Info] [PluginPolicyService]  [MergedPlugins][DEBUG] ProductManager.onDidChange fired, reloading policies...
[9/26/2026, 10:03:42 AM.392] [Info] [PluginPolicyService]  [MergedPlugins][DEBUG] Current config builtInMarketPluginsMerge: [{"autoEnable":true,"marketplaceName":"codebuddy-plugins-official","name":"agent-browser","scope":"user"}]
[9/26/2026, 10:03:42 AM.392] [Info] [PluginPolicyService]  [MergedPlugins] Loaded 1 merged plugin entries
[9/26/2026, 10:03:42 AM.392] [Info] [Startup] AgentManager.rebuildAgents: START
[9/26/2026, 10:03:42 AM.392] [Info] [Startup] AgentManager.rebuildAgents: completed in 14ms, resolving readyDeferred
[9/26/2026, 10:03:42 AM.393] [Info] [PluginManager]  Checking for built-in marketplaces to install...
[9/26/2026, 10:03:42 AM.393] [Info] [BuiltInMarketplaceProvider]  Found 2 built-in marketplace(s)
[9/26/2026, 10:03:42 AM.393] [Info] [PluginManager]  Found 2 built-in marketplace(s)
[9/26/2026, 10:03:42 AM.394] [Info] [MarketplaceStorage]  [MarketplaceStorage] getMarketplaces ensureConfigFile=0ms readAndRepair=1ms migration=0ms total=1ms count=5 path=/Users/didi/.workbuddy/plugins/known_marketplaces.json
[9/26/2026, 10:03:42 AM.394] [Info] [PluginManager]  All built-in marketplaces are already installed
[9/26/2026, 10:03:42 AM.395] [Info] [MarketplaceStorage]  [MarketplaceStorage] getMarketplaces ensureConfigFile=0ms readAndRepair=1ms migration=0ms total=1ms count=5 path=/Users/didi/.workbuddy/plugins/known_marketplaces.json
[9/26/2026, 10:03:42 AM.395] [Info] [BuiltInMarketplaceProvider]  Found 2 built-in marketplace(s)
[9/26/2026, 10:03:42 AM.398] [Info] [PluginManager]  Loaded 5 marketplaces (2 built-in) total=4ms storage=1ms builtIn=0ms autoUpdate=0ms
[9/26/2026, 10:03:44 AM.380] [Info] [TracingService]  Tracing uses @tencent/galileo-node-sdk global OpenTelemetry provider; @genie OTLP exporter is skipped.
[9/26/2026, 10:03:44 AM.380] [Info] [TracingService]  Tracing config resolved: {"productEnabled":true,"enabledByEnv":false,"endpoint":"https://copilot.tencent.com","galileoEnabled":true}
[9/26/2026, 10:04:11 AM.078] [Info] [WorkflowMemProbe] tick runId=(none) | rss=136.9MB heap=152/159.6MB external=53.7MB arrayBuffers=0MB
[9/26/2026, 10:19:44 AM.520] [Info] [WorkflowMemProbe] tick runId=(none) | rss=138.3MB heap=153.9/160.7MB external=53.7MB arrayBuffers=0MB
[9/26/2026, 10:19:44 AM.642] [Info] [GitInfoCollector]  CODEBUDDY_GIT_REPO_SCAN_DISABLED 1
[9/26/2026, 10:19:44 AM.642] [Info] [GitInfoCollector]  Git repository scan is disabled via CODEBUDDY_GIT_REPO_SCAN_DISABLED environment variable
[9/26/2026, 10:19:45 AM.427] [Info] [CloudProductManager]  fetch cloud product success, agents(1): cli, models(53): auto,fast-model,balanced-model,deep-model,hy3,hy3-b,hy3-c,hy3-x,hy4-preview,hy4-preview-f,minimax-m2.5,glm-5v-turbo,glm-5.3,glm-5.3-flash,glm-5.2,glm-5.1,glm-5.0-turbo,glm-4.6v,kimi-k3-1,kimi-k2.8-preview,kimi-k2.7,kimi-k2.6,kimi-k2.5,kimi-k2-thinking,minimax-m3,minimax-m2.7,glm-4.6,deepseek-v4-flash,deepseek-v4.1-flash,deepseek-v4-pro,deepseek-v3-2-volc,deepseek-v3-1-volc,deepseek-v3-1-lkeap,deepseek-v3-1,deepseek-v3-0324-lkeap,deepseek-r1-0528-lkeap,kimi-k2-instruct-taiji,completion-gf,default-1.1,hunyuan-3b,hunyuan-7b-dense,codewise-completions,codewise-rewrite,codewise-nes-a4-027-aide,codewise-jump,deepseek-r1-0528,deepseek-v3-0324-taco-completion,deepseek-v3-0324,default-1.2,hunyuan-2.0-instruct,hunyuan-chat,hunyuan-image-alpha,hunyuan-image-alpha-edit
[9/26/2026, 10:19:45 AM.427] [Info] [CloudProductManager]  Fetched configuration from remote [784ms]
[9/26/2026, 10:19:45 AM.429] [Info] [PluginsProductProvider.provide] active=9, ids=[weixinpay@workbuddy-builtin,tencent-docs-plugin@workbuddy-builtin,sheetagent@workbuddy-builtin,tencent-pptx@workbuddy-builtin,tencent-docx@workbuddy-builtin,agent-browser@codebuddy-plugins-official,find-skills@codebuddy-plugins-official,agent-browser@inline,find-skills@inline]
[9/26/2026, 10:19:45 AM.430] [Info] [MCP][cacheDbg] getConnectedServers() called: nonInteractive=true waitForSettle=false cacheNow=[connector-proxy,weixinpay,sheetagent] allServers=[connector-proxy:connected,weixinpay:connected,sheetagent:connected]
[9/26/2026, 10:19:45 AM.430] [Info] [MCP][cacheDbg] getConnectedServers() returning: [connector-proxy,weixinpay,sheetagent] (size=3)
[9/26/2026, 10:19:45 AM.327] [Info] [CustomModelsProductProvider] productName=WorkBuddy, isWorkBuddy=true, userConfigPath=/Users/didi/.workbuddy/models.json
[9/26/2026, 10:19:45 AM.327] [Info] Loaded custom models config from user: /Users/didi/.workbuddy/models.json
[9/26/2026, 10:19:45 AM.327] [Info] [ModelsProductProvider] enterpriseId: undefined, endpoint: https://copilot.tencent.com
[9/26/2026, 10:19:45 AM.327] [Warning] [ModelsProductProvider] enterpriseId is missing, skipping models API call
[9/26/2026, 10:19:45 AM.328] [Info] [AgentModelResolver] product config input: 54 models, 23 agents
[9/26/2026, 10:19:45 AM.328] [Info] [AgentModelResolver] model ids: auto, fast-model, balanced-model, deep-model, hy3, hy3-b, hy3-c, hy3-x, hy4-preview, hy4-preview-f, minimax-m2.5, glm-5v-turbo, glm-5.3, glm-5.3-flash, glm-5.2, glm-5.1, glm-5.0-turbo, glm-4.6v, kimi-k3-1, kimi-k2.8-preview, kimi-k2.7, kimi-k2.6, kimi-k2.5, kimi-k2-thinking, minimax-m3, minimax-m2.7, glm-4.6, deepseek-v4-flash, deepseek-v4.1-flash, deepseek-v4-pro, deepseek-v3-2-volc, deepseek-v3-1-volc, deepseek-v3-1-lkeap, deepseek-v3-1, deepseek-v3-0324-lkeap, deepseek-r1-0528-lkeap, kimi-k2-instruct-taiji, completion-gf, default-1.1, hunyuan-3b, hunyuan-7b-dense, codewise-completions, codewise-rewrite, codewise-nes-a4-027-aide, codewise-jump, deepseek-r1-0528, deepseek-v3-0324-taco-completion, deepseek-v3-0324, default-1.2, hunyuan-2.0-instruct, hunyuan-chat, hunyuan-image-alpha, hunyuan-image-alpha-edit, custom-local:kimi-k3
[9/26/2026, 10:19:45 AM.328] [Info] [AgentModelResolver] agent "cli" original_models=["auto","hy4-preview-f","hy3","hy3-x","deepseek-v4.1-flash","glm-5.3","glm-5.3-flash","glm-5.2","glm-5.1","glm-5v-turbo","minimax-m3","kimi-k3-1","kimi-k2.8-preview","kimi-k2.7","kimi-k2.6","deepseek-v4-pro"] -> resolved_models=["auto","hy4-preview-f","hy3","hy3-x","deepseek-v4.1-flash","glm-5.3","glm-5.3-flash","glm-5.2","glm-5.1","glm-5v-turbo","minimax-m3","kimi-k3-1","kimi-k2.8-preview","kimi-k2.7","kimi-k2.6","deepseek-v4-pro"]
[9/26/2026, 10:19:45 AM.328] [Info] [AgentModelResolver] agent "general-purpose" original_models=[] -> resolved_models=[]
[9/26/2026, 10:19:45 AM.328] [Info] [AgentModelResolver] agent "compact" original_models=[] -> resolved_models=[]
[9/26/2026, 10:19:45 AM.328] [Info] [AgentModelResolver] agent "contextSummary" original_models=[] -> resolved_models=[]
[9/26/2026, 10:19:45 AM.328] [Info] [AgentModelResolver] agent "contentAnalyzer" original_models=[] -> resolved_models=[]
[9/26/2026, 10:19:45 AM.328] [Info] [AgentModelResolver] agent "terminalTitleGenerator" original_models=[] -> resolved_models=[]
[9/26/2026, 10:19:45 AM.328] [Info] [AgentModelResolver] agent "promptSuggestion" original_models=[] -> resolved_models=[]
[9/26/2026, 10:19:45 AM.328] [Info] [AgentModelResolver] agent "memorySelector" original_models=["lite"] -> resolved_models=["lite"]
[9/26/2026, 10:19:45 AM.328] [Info] [AgentModelResolver] agent "summaryGenerator" original_models=[] -> resolved_models=[]
[9/26/2026, 10:19:45 AM.328] [Info] [AgentModelResolver] agent "autoModeClassifier" original_models=[] -> resolved_models=[]
[9/26/2026, 10:19:45 AM.328] [Info] [AgentModelResolver] agent "promptHookEvaluator" original_models=["lite"] -> resolved_models=["lite"]
[9/26/2026, 10:19:45 AM.328] [Info] [AgentModelResolver] agent "insightsAnalyzer" original_models=[] -> resolved_models=[]
[9/26/2026, 10:19:45 AM.328] [Info] [AgentModelResolver] agent "agentInstructions" original_models=[] -> resolved_models=[]
[9/26/2026, 10:19:45 AM.328] [Info] [AgentModelResolver] agent "statusline-setup" original_models=[] -> resolved_models=[]
[9/26/2026, 10:19:45 AM.328] [Info] [AgentModelResolver] agent "Explore" original_models=["lite"] -> resolved_models=["lite"]
[9/26/2026, 10:19:45 AM.328] [Info] [AgentModelResolver] agent "Plan" original_models=[] -> resolved_models=[]
[9/26/2026, 10:19:45 AM.328] [Info] [AgentModelResolver] agent "pulse" original_models=[] -> resolved_models=[]
[9/26/2026, 10:19:45 AM.328] [Info] [AgentModelResolver] agent "handoff-summary" original_models=undefined -> resolved_models=[]
[9/26/2026, 10:19:45 AM.328] [Info] [AgentModelResolver] agent "enhance-prompt" original_models=[] -> resolved_models=[]
[9/26/2026, 10:19:45 AM.328] [Info] [AgentModelResolver] agent "sheet-agent" original_models=[] -> resolved_models=[]
[9/26/2026, 10:19:45 AM.328] [Info] [AgentModelResolver] agent "doc-converter" original_models=[] -> resolved_models=[]
[9/26/2026, 10:19:45 AM.328] [Info] [AgentModelResolver] agent "doc-formatter" original_models=[] -> resolved_models=[]
[9/26/2026, 10:19:45 AM.328] [Info] [AgentModelResolver] agent "doc-writer" original_models=[] -> resolved_models=[]
[9/26/2026, 10:19:45 AM.357] [Info] [PluginPolicyService]  [MergedPlugins][DEBUG] ProductManager.onDidChange fired, reloading policies...
[9/26/2026, 10:19:45 AM.357] [Info] [PluginPolicyService]  [MergedPlugins][DEBUG] Current config builtInMarketPluginsMerge: [{"autoEnable":true,"marketplaceName":"codebuddy-plugins-official","name":"agent-browser","scope":"user"}]
[9/26/2026, 10:19:45 AM.357] [Info] [PluginPolicyService]  [MergedPlugins] Loaded 1 merged plugin entries
[9/26/2026, 10:19:45 AM.357] [Info] [Startup] AgentManager.rebuildAgents: START
[9/26/2026, 10:19:45 AM.358] [Info] [Startup] AgentManager.rebuildAgents: completed in 19ms, resolving readyDeferred
[9/26/2026, 10:19:45 AM.358] [Info] [PluginManager]  Checking for built-in marketplaces to install...
[9/26/2026, 10:19:45 AM.358] [Info] [BuiltInMarketplaceProvider]  Found 2 built-in marketplace(s)
[9/26/2026, 10:19:45 AM.358] [Info] [PluginManager]  Found 2 built-in marketplace(s)
[9/26/2026, 10:19:45 AM.359] [Info] [MarketplaceStorage]  [MarketplaceStorage] getMarketplaces ensureConfigFile=0ms readAndRepair=1ms migration=0ms total=1ms count=5 path=/Users/didi/.workbuddy/plugins/known_marketplaces.json
[9/26/2026, 10:19:45 AM.359] [Info] [PluginManager]  All built-in marketplaces are already installed
[9/26/2026, 10:19:45 AM.360] [Info] [MarketplaceStorage]  [MarketplaceStorage] getMarketplaces ensureConfigFile=0ms readAndRepair=1ms migration=0ms total=1ms count=5 path=/Users/didi/.workbuddy/plugins/known_marketplaces.json
[9/26/2026, 10:19:45 AM.360] [Info] [BuiltInMarketplaceProvider]  Found 2 built-in marketplace(s)
[9/26/2026, 10:19:45 AM.363] [Info] [PluginManager]  Loaded 5 marketplaces (2 built-in) total=4ms storage=1ms builtIn=0ms autoUpdate=0ms
[9/26/2026, 10:19:47 AM.340] [Info] [TracingService]  Tracing uses @tencent/galileo-node-sdk global OpenTelemetry provider; @genie OTLP exporter is skipped.
[9/26/2026, 10:19:47 AM.340] [Info] [TracingService]  Tracing config resolved: {"productEnabled":true,"enabledByEnv":false,"endpoint":"https://copilot.tencent.com","galileoEnabled":true}
[9/26/2026, 10:20:14 AM.404] [Info] [WorkflowMemProbe] tick runId=(none) | rss=146.5MB heap=161.8/169.8MB external=54.9MB arrayBuffers=0MB
[9/26/2026, 10:35:53 AM.726] [Info] [WorkflowMemProbe] tick runId=(none) | rss=144.4MB heap=159.5/165.4MB external=53.7MB arrayBuffers=0MB
[9/26/2026, 10:35:53 AM.830] [Info] [GitInfoCollector]  CODEBUDDY_GIT_REPO_SCAN_DISABLED 1
[9/26/2026, 10:35:53 AM.830] [Info] [GitInfoCollector]  Git repository scan is disabled via CODEBUDDY_GIT_REPO_SCAN_DISABLED environment variable
[9/26/2026, 10:35:54 AM.700] [Info] [CloudProductManager]  fetch cloud product success, agents(1): cli, models(53): auto,fast-model,balanced-model,deep-model,hy3,hy3-b,hy3-c,hy3-x,hy4-preview,hy4-preview-f,minimax-m2.5,glm-5v-turbo,glm-5.3,glm-5.3-flash,glm-5.2,glm-5.1,glm-5.0-turbo,glm-4.6v,kimi-k3-1,kimi-k2.8-preview,kimi-k2.7,kimi-k2.6,kimi-k2.5,kimi-k2-thinking,minimax-m3,minimax-m2.7,glm-4.6,deepseek-v4-flash,deepseek-v4.1-flash,deepseek-v4-pro,deepseek-v3-2-volc,deepseek-v3-1-volc,deepseek-v3-1-lkeap,deepseek-v3-1,deepseek-v3-0324-lkeap,deepseek-r1-0528-lkeap,kimi-k2-instruct-taiji,completion-gf,default-1.1,hunyuan-3b,hunyuan-7b-dense,codewise-completions,codewise-rewrite,codewise-nes-a4-027-aide,codewise-jump,deepseek-r1-0528,deepseek-v3-0324-taco-completion,deepseek-v3-0324,default-1.2,hunyuan-2.0-instruct,hunyuan-chat,hunyuan-image-alpha,hunyuan-image-alpha-edit
[9/26/2026, 10:35:54 AM.700] [Info] [CloudProductManager]  Fetched configuration from remote [870ms]
[9/26/2026, 10:35:54 AM.701] [Info] [PluginsProductProvider.provide] active=9, ids=[weixinpay@workbuddy-builtin,tencent-docs-plugin@workbuddy-builtin,sheetagent@workbuddy-builtin,tencent-pptx@workbuddy-builtin,tencent-docx@workbuddy-builtin,agent-browser@codebuddy-plugins-official,find-skills@codebuddy-plugins-official,agent-browser@inline,find-skills@inline]
[9/26/2026, 10:35:54 AM.702] [Info] [MCP][cacheDbg] getConnectedServers() called: nonInteractive=true waitForSettle=false cacheNow=[connector-proxy,weixinpay,sheetagent] allServers=[connector-proxy:connected,weixinpay:connected,sheetagent:connected]
[9/26/2026, 10:35:54 AM.702] [Info] [MCP][cacheDbg] getConnectedServers() returning: [connector-proxy,weixinpay,sheetagent] (size=3)
[9/26/2026, 10:35:54 AM.708] [Info] [CustomModelsProductProvider] productName=WorkBuddy, isWorkBuddy=true, userConfigPath=/Users/didi/.workbuddy/models.json
[9/26/2026, 10:35:54 AM.708] [Info] Loaded custom models config from user: /Users/didi/.workbuddy/models.json
[9/26/2026, 10:35:54 AM.708] [Info] [ModelsProductProvider] enterpriseId: undefined, endpoint: https://copilot.tencent.com
[9/26/2026, 10:35:54 AM.708] [Warning] [ModelsProductProvider] enterpriseId is missing, skipping models API call
[9/26/2026, 10:35:54 AM.709] [Info] [AgentModelResolver] product config input: 54 models, 23 agents
[9/26/2026, 10:35:54 AM.709] [Info] [AgentModelResolver] model ids: auto, fast-model, balanced-model, deep-model, hy3, hy3-b, hy3-c, hy3-x, hy4-preview, hy4-preview-f, minimax-m2.5, glm-5v-turbo, glm-5.3, glm-5.3-flash, glm-5.2, glm-5.1, glm-5.0-turbo, glm-4.6v, kimi-k3-1, kimi-k2.8-preview, kimi-k2.7, kimi-k2.6, kimi-k2.5, kimi-k2-thinking, minimax-m3, minimax-m2.7, glm-4.6, deepseek-v4-flash, deepseek-v4.1-flash, deepseek-v4-pro, deepseek-v3-2-volc, deepseek-v3-1-volc, deepseek-v3-1-lkeap, deepseek-v3-1, deepseek-v3-0324-lkeap, deepseek-r1-0528-lkeap, kimi-k2-instruct-taiji, completion-gf, default-1.1, hunyuan-3b, hunyuan-7b-dense, codewise-completions, codewise-rewrite, codewise-nes-a4-027-aide, codewise-jump, deepseek-r1-0528, deepseek-v3-0324-taco-completion, deepseek-v3-0324, default-1.2, hunyuan-2.0-instruct, hunyuan-chat, hunyuan-image-alpha, hunyuan-image-alpha-edit, custom-local:kimi-k3
[9/26/2026, 10:35:54 AM.709] [Info] [AgentModelResolver] agent "cli" original_models=["auto","hy4-preview-f","hy3","hy3-x","deepseek-v4.1-flash","glm-5.3","glm-5.3-flash","glm-5.2","glm-5.1","glm-5v-turbo","minimax-m3","kimi-k3-1","kimi-k2.8-preview","kimi-k2.7","kimi-k2.6","deepseek-v4-pro"] -> resolved_models=["auto","hy4-preview-f","hy3","hy3-x","deepseek-v4.1-flash","glm-5.3","glm-5.3-flash","glm-5.2","glm-5.1","glm-5v-turbo","minimax-m3","kimi-k3-1","kimi-k2.8-preview","kimi-k2.7","kimi-k2.6","deepseek-v4-pro"]
[9/26/2026, 10:35:54 AM.709] [Info] [AgentModelResolver] agent "general-purpose" original_models=[] -> resolved_models=[]
[9/26/2026, 10:35:54 AM.709] [Info] [AgentModelResolver] agent "compact" original_models=[] -> resolved_models=[]
[9/26/2026, 10:35:54 AM.709] [Info] [AgentModelResolver] agent "contextSummary" original_models=[] -> resolved_models=[]
[9/26/2026, 10:35:54 AM.709] [Info] [AgentModelResolver] agent "contentAnalyzer" original_models=[] -> resolved_models=[]
[9/26/2026, 10:35:54 AM.709] [Info] [AgentModelResolver] agent "terminalTitleGenerator" original_models=[] -> resolved_models=[]
[9/26/2026, 10:35:54 AM.709] [Info] [AgentModelResolver] agent "promptSuggestion" original_models=[] -> resolved_models=[]
[9/26/2026, 10:35:54 AM.709] [Info] [AgentModelResolver] agent "memorySelector" original_models=["lite"] -> resolved_models=["lite"]
[9/26/2026, 10:35:54 AM.709] [Info] [AgentModelResolver] agent "summaryGenerator" original_models=[] -> resolved_models=[]
[9/26/2026, 10:35:54 AM.709] [Info] [AgentModelResolver] agent "autoModeClassifier" original_models=[] -> resolved_models=[]
[9/26/2026, 10:35:54 AM.709] [Info] [AgentModelResolver] agent "promptHookEvaluator" original_models=["lite"] -> resolved_models=["lite"]
[9/26/2026, 10:35:54 AM.709] [Info] [AgentModelResolver] agent "insightsAnalyzer" original_models=[] -> resolved_models=[]
[9/26/2026, 10:35:54 AM.709] [Info] [AgentModelResolver] agent "agentInstructions" original_models=[] -> resolved_models=[]
[9/26/2026, 10:35:54 AM.709] [Info] [AgentModelResolver] agent "statusline-setup" original_models=[] -> resolved_models=[]
[9/26/2026, 10:35:54 AM.709] [Info] [AgentModelResolver] agent "Explore" original_models=["lite"] -> resolved_models=["lite"]
[9/26/2026, 10:35:54 AM.709] [Info] [AgentModelResolver] agent "Plan" original_models=[] -> resolved_models=[]
[9/26/2026, 10:35:54 AM.709] [Info] [AgentModelResolver] agent "pulse" original_models=[] -> resolved_models=[]
[9/26/2026, 10:35:54 AM.709] [Info] [AgentModelResolver] agent "handoff-summary" original_models=undefined -> resolved_models=[]
[9/26/2026, 10:35:54 AM.709] [Info] [AgentModelResolver] agent "enhance-prompt" original_models=[] -> resolved_models=[]
[9/26/2026, 10:35:54 AM.709] [Info] [AgentModelResolver] agent "sheet-agent" original_models=[] -> resolved_models=[]
[9/26/2026, 10:35:54 AM.709] [Info] [AgentModelResolver] agent "doc-converter" original_models=[] -> resolved_models=[]
[9/26/2026, 10:35:54 AM.709] [Info] [AgentModelResolver] agent "doc-formatter" original_models=[] -> resolved_models=[]
[9/26/2026, 10:35:54 AM.709] [Info] [AgentModelResolver] agent "doc-writer" original_models=[] -> resolved_models=[]
[9/26/2026, 10:35:54 AM.725] [Info] [PluginPolicyService]  [MergedPlugins][DEBUG] ProductManager.onDidChange fired, reloading policies...
[9/26/2026, 10:35:54 AM.726] [Info] [PluginPolicyService]  [MergedPlugins][DEBUG] Current config builtInMarketPluginsMerge: [{"autoEnable":true,"marketplaceName":"codebuddy-plugins-official","name":"agent-browser","scope":"user"}]
[9/26/2026, 10:35:54 AM.726] [Info] [PluginPolicyService]  [MergedPlugins] Loaded 1 merged plugin entries
[9/26/2026, 10:35:54 AM.726] [Info] [Startup] AgentManager.rebuildAgents: START
[9/26/2026, 10:35:54 AM.726] [Info] [Startup] AgentManager.rebuildAgents: completed in 12ms, resolving readyDeferred
[9/26/2026, 10:35:54 AM.726] [Info] [PluginManager]  Checking for built-in marketplaces to install...
[9/26/2026, 10:35:54 AM.726] [Info] [BuiltInMarketplaceProvider]  Found 2 built-in marketplace(s)
[9/26/2026, 10:35:54 AM.726] [Info] [PluginManager]  Found 2 built-in marketplace(s)
[9/26/2026, 10:35:54 AM.727] [Info] [MarketplaceStorage]  [MarketplaceStorage] getMarketplaces ensureConfigFile=0ms readAndRepair=1ms migration=0ms total=1ms count=5 path=/Users/didi/.workbuddy/plugins/known_marketplaces.json
[9/26/2026, 10:35:54 AM.727] [Info] [PluginManager]  All built-in marketplaces are already installed
[9/26/2026, 10:35:54 AM.727] [Info] [MarketplaceStorage]  [MarketplaceStorage] getMarketplaces ensureConfigFile=0ms readAndRepair=0ms migration=0ms total=0ms count=5 path=/Users/didi/.workbuddy/plugins/known_marketplaces.json
[9/26/2026, 10:35:54 AM.727] [Info] [BuiltInMarketplaceProvider]  Found 2 built-in marketplace(s)
[9/26/2026, 10:35:54 AM.728] [Info] [PluginManager]  Loaded 5 marketplaces (2 built-in) total=1ms storage=0ms builtIn=0ms autoUpdate=0ms
[9/26/2026, 10:35:56 AM.716] [Info] [TracingService]  Tracing uses @tencent/galileo-node-sdk global OpenTelemetry provider; @genie OTLP exporter is skipped.
[9/26/2026, 10:35:56 AM.716] [Info] [TracingService]  Tracing config resolved: {"productEnabled":true,"enabledByEnv":false,"endpoint":"https://copilot.tencent.com","galileoEnabled":true}
[9/26/2026, 10:36:23 AM.799] [Info] [WorkflowMemProbe] tick runId=(none) | rss=148.5MB heap=164/171.9MB external=54.3MB arrayBuffers=0MB
[9/26/2026, 10:47:43 AM.468] [Info] [WorkflowMemProbe] tick runId=(none) | rss=149.6MB heap=166/173MB external=54.3MB arrayBuffers=0MB
[9/26/2026, 10:47:43 AM.592] [Info] [GitInfoCollector]  CODEBUDDY_GIT_REPO_SCAN_DISABLED 1
[9/26/2026, 10:47:43 AM.592] [Info] [GitInfoCollector]  Git repository scan is disabled via CODEBUDDY_GIT_REPO_SCAN_DISABLED environment variable
[9/26/2026, 10:47:44 AM.287] [Info] [CloudProductManager]  fetch cloud product success, agents(1): cli, models(53): auto,fast-model,balanced-model,deep-model,hy3,hy3-b,hy3-c,hy3-x,hy4-preview,hy4-preview-f,minimax-m2.5,glm-5v-turbo,glm-5.3,glm-5.3-flash,glm-5.2,glm-5.1,glm-5.0-turbo,glm-4.6v,kimi-k3-1,kimi-k2.8-preview,kimi-k2.7,kimi-k2.6,kimi-k2.5,kimi-k2-thinking,minimax-m3,minimax-m2.7,glm-4.6,deepseek-v4-flash,deepseek-v4.1-flash,deepseek-v4-pro,deepseek-v3-2-volc,deepseek-v3-1-volc,deepseek-v3-1-lkeap,deepseek-v3-1,deepseek-v3-0324-lkeap,deepseek-r1-0528-lkeap,kimi-k2-instruct-taiji,completion-gf,default-1.1,hunyuan-3b,hunyuan-7b-dense,codewise-completions,codewise-rewrite,codewise-nes-a4-027-aide,codewise-jump,deepseek-r1-0528,deepseek-v3-0324-taco-completion,deepseek-v3-0324,default-1.2,hunyuan-2.0-instruct,hunyuan-chat,hunyuan-image-alpha,hunyuan-image-alpha-edit
[9/26/2026, 10:47:44 AM.287] [Info] [CloudProductManager]  Fetched configuration from remote [693ms]
[9/26/2026, 10:47:44 AM.291] [Info] [PluginsProductProvider.provide] active=9, ids=[weixinpay@workbuddy-builtin,tencent-docs-plugin@workbuddy-builtin,sheetagent@workbuddy-builtin,tencent-pptx@workbuddy-builtin,tencent-docx@workbuddy-builtin,agent-browser@codebuddy-plugins-official,find-skills@codebuddy-plugins-official,agent-browser@inline,find-skills@inline]
[9/26/2026, 10:47:44 AM.291] [Info] [MCP][cacheDbg] getConnectedServers() called: nonInteractive=true waitForSettle=false cacheNow=[connector-proxy,weixinpay,sheetagent] allServers=[connector-proxy:connected,weixinpay:connected,sheetagent:connected]
[9/26/2026, 10:47:44 AM.291] [Info] [MCP][cacheDbg] getConnectedServers() returning: [connector-proxy,weixinpay,sheetagent] (size=3)
[9/26/2026, 10:47:44 AM.306] [Info] [CustomModelsProductProvider] productName=WorkBuddy, isWorkBuddy=true, userConfigPath=/Users/didi/.workbuddy/models.json
[9/26/2026, 10:47:44 AM.306] [Info] Loaded custom models config from user: /Users/didi/.workbuddy/models.json
[9/26/2026, 10:47:44 AM.306] [Info] [ModelsProductProvider] enterpriseId: undefined, endpoint: https://copilot.tencent.com
[9/26/2026, 10:47:44 AM.306] [Warning] [ModelsProductProvider] enterpriseId is missing, skipping models API call
[9/26/2026, 10:47:44 AM.307] [Info] [AgentModelResolver] product config input: 54 models, 23 agents
[9/26/2026, 10:47:44 AM.307] [Info] [AgentModelResolver] model ids: auto, fast-model, balanced-model, deep-model, hy3, hy3-b, hy3-c, hy3-x, hy4-preview, hy4-preview-f, minimax-m2.5, glm-5v-turbo, glm-5.3, glm-5.3-flash, glm-5.2, glm-5.1, glm-5.0-turbo, glm-4.6v, kimi-k3-1, kimi-k2.8-preview, kimi-k2.7, kimi-k2.6, kimi-k2.5, kimi-k2-thinking, minimax-m3, minimax-m2.7, glm-4.6, deepseek-v4-flash, deepseek-v4.1-flash, deepseek-v4-pro, deepseek-v3-2-volc, deepseek-v3-1-volc, deepseek-v3-1-lkeap, deepseek-v3-1, deepseek-v3-0324-lkeap, deepseek-r1-0528-lkeap, kimi-k2-instruct-taiji, completion-gf, default-1.1, hunyuan-3b, hunyuan-7b-dense, codewise-completions, codewise-rewrite, codewise-nes-a4-027-aide, codewise-jump, deepseek-r1-0528, deepseek-v3-0324-taco-completion, deepseek-v3-0324, default-1.2, hunyuan-2.0-instruct, hunyuan-chat, hunyuan-image-alpha, hunyuan-image-alpha-edit, custom-local:kimi-k3
[9/26/2026, 10:47:44 AM.307] [Info] [AgentModelResolver] agent "cli" original_models=["auto","hy4-preview-f","hy3","hy3-x","deepseek-v4.1-flash","glm-5.3","glm-5.3-flash","glm-5.2","glm-5.1","glm-5v-turbo","minimax-m3","kimi-k3-1","kimi-k2.8-preview","kimi-k2.7","kimi-k2.6","deepseek-v4-pro"] -> resolved_models=["auto","hy4-preview-f","hy3","hy3-x","deepseek-v4.1-flash","glm-5.3","glm-5.3-flash","glm-5.2","glm-5.1","glm-5v-turbo","minimax-m3","kimi-k3-1","kimi-k2.8-preview","kimi-k2.7","kimi-k2.6","deepseek-v4-pro"]
[9/26/2026, 10:47:44 AM.307] [Info] [AgentModelResolver] agent "general-purpose" original_models=[] -> resolved_models=[]
[9/26/2026, 10:47:44 AM.307] [Info] [AgentModelResolver] agent "compact" original_models=[] -> resolved_models=[]
[9/26/2026, 10:47:44 AM.307] [Info] [AgentModelResolver] agent "contextSummary" original_models=[] -> resolved_models=[]
[9/26/2026, 10:47:44 AM.307] [Info] [AgentModelResolver] agent "contentAnalyzer" original_models=[] -> resolved_models=[]
[9/26/2026, 10:47:44 AM.307] [Info] [AgentModelResolver] agent "terminalTitleGenerator" original_models=[] -> resolved_models=[]
[9/26/2026, 10:47:44 AM.307] [Info] [AgentModelResolver] agent "promptSuggestion" original_models=[] -> resolved_models=[]
[9/26/2026, 10:47:44 AM.307] [Info] [AgentModelResolver] agent "memorySelector" original_models=["lite"] -> resolved_models=["lite"]
[9/26/2026, 10:47:44 AM.307] [Info] [AgentModelResolver] agent "summaryGenerator" original_models=[] -> resolved_models=[]
[9/26/2026, 10:47:44 AM.307] [Info] [AgentModelResolver] agent "autoModeClassifier" original_models=[] -> resolved_models=[]
[9/26/2026, 10:47:44 AM.307] [Info] [AgentModelResolver] agent "promptHookEvaluator" original_models=["lite"] -> resolved_models=["lite"]
[9/26/2026, 10:47:44 AM.307] [Info] [AgentModelResolver] agent "insightsAnalyzer" original_models=[] -> resolved_models=[]
[9/26/2026, 10:47:44 AM.307] [Info] [AgentModelResolver] agent "agentInstructions" original_models=[] -> resolved_models=[]
[9/26/2026, 10:47:44 AM.307] [Info] [AgentModelResolver] agent "statusline-setup" original_models=[] -> resolved_models=[]
[9/26/2026, 10:47:44 AM.307] [Info] [AgentModelResolver] agent "Explore" original_models=["lite"] -> resolved_models=["lite"]
[9/26/2026, 10:47:44 AM.307] [Info] [AgentModelResolver] agent "Plan" original_models=[] -> resolved_models=[]
[9/26/2026, 10:47:44 AM.307] [Info] [AgentModelResolver] agent "pulse" original_models=[] -> resolved_models=[]
[9/26/2026, 10:47:44 AM.307] [Info] [AgentModelResolver] agent "handoff-summary" original_models=undefined -> resolved_models=[]
[9/26/2026, 10:47:44 AM.307] [Info] [AgentModelResolver] agent "enhance-prompt" original_models=[] -> resolved_models=[]
[9/26/2026, 10:47:44 AM.307] [Info] [AgentModelResolver] agent "sheet-agent" original_models=[] -> resolved_models=[]
[9/26/2026, 10:47:44 AM.307] [Info] [AgentModelResolver] agent "doc-converter" original_models=[] -> resolved_models=[]
[9/26/2026, 10:47:44 AM.307] [Info] [AgentModelResolver] agent "doc-formatter" original_models=[] -> resolved_models=[]
[9/26/2026, 10:47:44 AM.307] [Info] [AgentModelResolver] agent "doc-writer" original_models=[] -> resolved_models=[]
[9/26/2026, 10:47:44 AM.330] [Info] [PluginPolicyService]  [MergedPlugins][DEBUG] ProductManager.onDidChange fired, reloading policies...
[9/26/2026, 10:47:44 AM.330] [Info] [PluginPolicyService]  [MergedPlugins][DEBUG] Current config builtInMarketPluginsMerge: [{"autoEnable":true,"marketplaceName":"codebuddy-plugins-official","name":"agent-browser","scope":"user"}]
[9/26/2026, 10:47:44 AM.330] [Info] [PluginPolicyService]  [MergedPlugins] Loaded 1 merged plugin entries
[9/26/2026, 10:47:44 AM.330] [Info] [Startup] AgentManager.rebuildAgents: START
[9/26/2026, 10:47:44 AM.331] [Info] [Startup] AgentManager.rebuildAgents: completed in 17ms, resolving readyDeferred
[9/26/2026, 10:47:44 AM.331] [Info] [PluginManager]  Checking for built-in marketplaces to install...
[9/26/2026, 10:47:44 AM.331] [Info] [BuiltInMarketplaceProvider]  Found 2 built-in marketplace(s)
[9/26/2026, 10:47:44 AM.331] [Info] [PluginManager]  Found 2 built-in marketplace(s)
[9/26/2026, 10:47:44 AM.332] [Info] [MarketplaceStorage]  [MarketplaceStorage] getMarketplaces ensureConfigFile=0ms readAndRepair=1ms migration=0ms total=1ms count=5 path=/Users/didi/.workbuddy/plugins/known_marketplaces.json
[9/26/2026, 10:47:44 AM.332] [Info] [PluginManager]  All built-in marketplaces are already installed
[9/26/2026, 10:47:44 AM.334] [Info] [MarketplaceStorage]  [MarketplaceStorage] getMarketplaces ensureConfigFile=0ms readAndRepair=1ms migration=0ms total=2ms count=5 path=/Users/didi/.workbuddy/plugins/known_marketplaces.json
[9/26/2026, 10:47:44 AM.334] [Info] [BuiltInMarketplaceProvider]  Found 2 built-in marketplace(s)
[9/26/2026, 10:47:44 AM.347] [Info] [PluginManager]  Loaded 5 marketplaces (2 built-in) total=15ms storage=2ms builtIn=0ms autoUpdate=0ms
[9/26/2026, 10:47:46 AM.316] [Info] [TracingService]  Tracing uses @tencent/galileo-node-sdk global OpenTelemetry provider; @genie OTLP exporter is skipped.
[9/26/2026, 10:47:46 AM.316] [Info] [TracingService]  Tracing config resolved: {"productEnabled":true,"enabledByEnv":false,"endpoint":"https://copilot.tencent.com","galileoEnabled":true}
[9/26/2026, 10:48:13 AM.469] [Info] [WorkflowMemProbe] tick runId=(none) | rss=140.4MB heap=155.2/163.3MB external=54.4MB arrayBuffers=0MB
[9/26/2026, 10:50:21 AM.404] [Info] [WorkflowMemProbe] tick runId=(none) | rss=140.5MB heap=155.4/163.3MB external=54.4MB arrayBuffers=0MB
[9/26/2026, 11:05:35 AM.698] [Info] [WorkflowMemProbe] tick runId=(none) | rss=140.5MB heap=155.5/163.3MB external=54.4MB arrayBuffers=0MB
[9/26/2026, 11:05:35 AM.702] [Info] [GitInfoCollector]  CODEBUDDY_GIT_REPO_SCAN_DISABLED 1
[9/26/2026, 11:05:35 AM.702] [Info] [GitInfoCollector]  Git repository scan is disabled via CODEBUDDY_GIT_REPO_SCAN_DISABLED environment variable
[9/26/2026, 11:05:36 AM.295] [Info] [CloudProductManager]  fetch cloud product success, agents(1): cli, models(53): auto,fast-model,balanced-model,deep-model,hy3,hy3-b,hy3-c,hy3-x,hy4-preview,hy4-preview-f,minimax-m2.5,glm-5v-turbo,glm-5.3,glm-5.3-flash,glm-5.2,glm-5.1,glm-5.0-turbo,glm-4.6v,kimi-k3-1,kimi-k2.8-preview,kimi-k2.7,kimi-k2.6,kimi-k2.5,kimi-k2-thinking,minimax-m3,minimax-m2.7,glm-4.6,deepseek-v4-flash,deepseek-v4.1-flash,deepseek-v4-pro,deepseek-v3-2-volc,deepseek-v3-1-volc,deepseek-v3-1-lkeap,deepseek-v3-1,deepseek-v3-0324-lkeap,deepseek-r1-0528-lkeap,kimi-k2-instruct-taiji,completion-gf,default-1.1,hunyuan-3b,hunyuan-7b-dense,codewise-completions,codewise-rewrite,codewise-nes-a4-027-aide,codewise-jump,deepseek-r1-0528,deepseek-v3-0324-taco-completion,deepseek-v3-0324,default-1.2,hunyuan-2.0-instruct,hunyuan-chat,hunyuan-image-alpha,hunyuan-image-alpha-edit
[9/26/2026, 11:05:36 AM.295] [Info] [CloudProductManager]  Fetched configuration from remote [592ms]
[9/26/2026, 11:05:36 AM.297] [Info] [PluginsProductProvider.provide] active=9, ids=[weixinpay@workbuddy-builtin,tencent-docs-plugin@workbuddy-builtin,sheetagent@workbuddy-builtin,tencent-pptx@workbuddy-builtin,tencent-docx@workbuddy-builtin,agent-browser@codebuddy-plugins-official,find-skills@codebuddy-plugins-official,agent-browser@inline,find-skills@inline]
[9/26/2026, 11:05:36 AM.298] [Info] [MCP][cacheDbg] getConnectedServers() called: nonInteractive=true waitForSettle=false cacheNow=[connector-proxy,weixinpay,sheetagent] allServers=[connector-proxy:connected,weixinpay:connected,sheetagent:connected]
[9/26/2026, 11:05:36 AM.298] [Info] [MCP][cacheDbg] getConnectedServers() returning: [connector-proxy,weixinpay,sheetagent] (size=3)
[9/26/2026, 11:05:36 AM.313] [Info] [CustomModelsProductProvider] productName=WorkBuddy, isWorkBuddy=true, userConfigPath=/Users/didi/.workbuddy/models.json
[9/26/2026, 11:05:36 AM.313] [Info] Loaded custom models config from user: /Users/didi/.workbuddy/models.json
[9/26/2026, 11:05:36 AM.313] [Info] [ModelsProductProvider] enterpriseId: undefined, endpoint: https://copilot.tencent.com
[9/26/2026, 11:05:36 AM.313] [Warning] [ModelsProductProvider] enterpriseId is missing, skipping models API call
[9/26/2026, 11:05:36 AM.314] [Info] [AgentModelResolver] product config input: 54 models, 23 agents
[9/26/2026, 11:05:36 AM.314] [Info] [AgentModelResolver] model ids: auto, fast-model, balanced-model, deep-model, hy3, hy3-b, hy3-c, hy3-x, hy4-preview, hy4-preview-f, minimax-m2.5, glm-5v-turbo, glm-5.3, glm-5.3-flash, glm-5.2, glm-5.1, glm-5.0-turbo, glm-4.6v, kimi-k3-1, kimi-k2.8-preview, kimi-k2.7, kimi-k2.6, kimi-k2.5, kimi-k2-thinking, minimax-m3, minimax-m2.7, glm-4.6, deepseek-v4-flash, deepseek-v4.1-flash, deepseek-v4-pro, deepseek-v3-2-volc, deepseek-v3-1-volc, deepseek-v3-1-lkeap, deepseek-v3-1, deepseek-v3-0324-lkeap, deepseek-r1-0528-lkeap, kimi-k2-instruct-taiji, completion-gf, default-1.1, hunyuan-3b, hunyuan-7b-dense, codewise-completions, codewise-rewrite, codewise-nes-a4-027-aide, codewise-jump, deepseek-r1-0528, deepseek-v3-0324-taco-completion, deepseek-v3-0324, default-1.2, hunyuan-2.0-instruct, hunyuan-chat, hunyuan-image-alpha, hunyuan-image-alpha-edit, custom-local:kimi-k3
[9/26/2026, 11:05:36 AM.314] [Info] [AgentModelResolver] agent "cli" original_models=["auto","hy4-preview-f","hy3","hy3-x","deepseek-v4.1-flash","glm-5.3","glm-5.3-flash","glm-5.2","glm-5.1","glm-5v-turbo","minimax-m3","kimi-k3-1","kimi-k2.8-preview","kimi-k2.7","kimi-k2.6","deepseek-v4-pro"] -> resolved_models=["auto","hy4-preview-f","hy3","hy3-x","deepseek-v4.1-flash","glm-5.3","glm-5.3-flash","glm-5.2","glm-5.1","glm-5v-turbo","minimax-m3","kimi-k3-1","kimi-k2.8-preview","kimi-k2.7","kimi-k2.6","deepseek-v4-pro"]
[9/26/2026, 11:05:36 AM.314] [Info] [AgentModelResolver] agent "general-purpose" original_models=[] -> resolved_models=[]
[9/26/2026, 11:05:36 AM.314] [Info] [AgentModelResolver] agent "compact" original_models=[] -> resolved_models=[]
[9/26/2026, 11:05:36 AM.314] [Info] [AgentModelResolver] agent "contextSummary" original_models=[] -> resolved_models=[]
[9/26/2026, 11:05:36 AM.314] [Info] [AgentModelResolver] agent "contentAnalyzer" original_models=[] -> resolved_models=[]
[9/26/2026, 11:05:36 AM.314] [Info] [AgentModelResolver] agent "terminalTitleGenerator" original_models=[] -> resolved_models=[]
[9/26/2026, 11:05:36 AM.314] [Info] [AgentModelResolver] agent "promptSuggestion" original_models=[] -> resolved_models=[]
[9/26/2026, 11:05:36 AM.314] [Info] [AgentModelResolver] agent "memorySelector" original_models=["lite"] -> resolved_models=["lite"]
[9/26/2026, 11:05:36 AM.314] [Info] [AgentModelResolver] agent "summaryGenerator" original_models=[] -> resolved_models=[]
[9/26/2026, 11:05:36 AM.314] [Info] [AgentModelResolver] agent "autoModeClassifier" original_models=[] -> resolved_models=[]
[9/26/2026, 11:05:36 AM.314] [Info] [AgentModelResolver] agent "promptHookEvaluator" original_models=["lite"] -> resolved_models=["lite"]
[9/26/2026, 11:05:36 AM.314] [Info] [AgentModelResolver] agent "insightsAnalyzer" original_models=[] -> resolved_models=[]
[9/26/2026, 11:05:36 AM.314] [Info] [AgentModelResolver] agent "agentInstructions" original_models=[] -> resolved_models=[]
[9/26/2026, 11:05:36 AM.314] [Info] [AgentModelResolver] agent "statusline-setup" original_models=[] -> resolved_models=[]
[9/26/2026, 11:05:36 AM.314] [Info] [AgentModelResolver] agent "Explore" original_models=["lite"] -> resolved_models=["lite"]
[9/26/2026, 11:05:36 AM.314] [Info] [AgentModelResolver] agent "Plan" original_models=[] -> resolved_models=[]
[9/26/2026, 11:05:36 AM.314] [Info] [AgentModelResolver] agent "pulse" original_models=[] -> resolved_models=[]
[9/26/2026, 11:05:36 AM.314] [Info] [AgentModelResolver] agent "handoff-summary" original_models=undefined -> resolved_models=[]
[9/26/2026, 11:05:36 AM.314] [Info] [AgentModelResolver] agent "enhance-prompt" original_models=[] -> resolved_models=[]
[9/26/2026, 11:05:36 AM.314] [Info] [AgentModelResolver] agent "sheet-agent" original_models=[] -> resolved_models=[]
[9/26/2026, 11:05:36 AM.314] [Info] [AgentModelResolver] agent "doc-converter" original_models=[] -> resolved_models=[]
[9/26/2026, 11:05:36 AM.314] [Info] [AgentModelResolver] agent "doc-formatter" original_models=[] -> resolved_models=[]
[9/26/2026, 11:05:36 AM.314] [Info] [AgentModelResolver] agent "doc-writer" original_models=[] -> resolved_models=[]
[9/26/2026, 11:05:36 AM.337] [Info] [PluginPolicyService]  [MergedPlugins][DEBUG] ProductManager.onDidChange fired, reloading policies...
[9/26/2026, 11:05:36 AM.337] [Info] [PluginPolicyService]  [MergedPlugins][DEBUG] Current config builtInMarketPluginsMerge: [{"autoEnable":true,"marketplaceName":"codebuddy-plugins-official","name":"agent-browser","scope":"user"}]
[9/26/2026, 11:05:36 AM.337] [Info] [PluginPolicyService]  [MergedPlugins] Loaded 1 merged plugin entries
[9/26/2026, 11:05:36 AM.337] [Info] [Startup] AgentManager.rebuildAgents: START
[9/26/2026, 11:05:36 AM.337] [Info] [Startup] AgentManager.rebuildAgents: completed in 16ms, resolving readyDeferred
[9/26/2026, 11:05:36 AM.337] [Info] [PluginManager]  Checking for built-in marketplaces to install...
[9/26/2026, 11:05:36 AM.337] [Info] [BuiltInMarketplaceProvider]  Found 2 built-in marketplace(s)
[9/26/2026, 11:05:36 AM.337] [Info] [PluginManager]  Found 2 built-in marketplace(s)
[9/26/2026, 11:05:36 AM.338] [Info] [MarketplaceStorage]  [MarketplaceStorage] getMarketplaces ensureConfigFile=0ms readAndRepair=1ms migration=0ms total=1ms count=5 path=/Users/didi/.workbuddy/plugins/known_marketplaces.json
[9/26/2026, 11:05:36 AM.338] [Info] [PluginManager]  All built-in marketplaces are already installed
[9/26/2026, 11:05:36 AM.339] [Info] [MarketplaceStorage]  [MarketplaceStorage] getMarketplaces ensureConfigFile=0ms readAndRepair=1ms migration=0ms total=1ms count=5 path=/Users/didi/.workbuddy/plugins/known_marketplaces.json
[9/26/2026, 11:05:36 AM.339] [Info] [BuiltInMarketplaceProvider]  Found 2 built-in marketplace(s)
[9/26/2026, 11:05:36 AM.342] [Info] [PluginManager]  Loaded 5 marketplaces (2 built-in) total=4ms storage=1ms builtIn=0ms autoUpdate=0ms
[9/26/2026, 11:05:38 AM.324] [Info] [TracingService]  Tracing uses @tencent/galileo-node-sdk global OpenTelemetry provider; @genie OTLP exporter is skipped.
[9/26/2026, 11:05:38 AM.324] [Info] [TracingService]  Tracing config resolved: {"productEnabled":true,"enabledByEnv":false,"endpoint":"https://copilot.tencent.com","galileoEnabled":true}
[9/26/2026, 11:06:05 AM.714] [Info] [WorkflowMemProbe] tick runId=(none) | rss=148.7MB heap=162.7/169.2MB external=55.6MB arrayBuffers=0MB
[9/26/2026, 11:21:06 AM.794] [Info] [WorkflowMemProbe] tick runId=(none) | rss=148.7MB heap=162.8/169.2MB external=55.6MB arrayBuffers=0MB
[9/26/2026, 11:21:06 AM.808] [Info] [GitInfoCollector]  CODEBUDDY_GIT_REPO_SCAN_DISABLED 1
[9/26/2026, 11:21:06 AM.808] [Info] [GitInfoCollector]  Git repository scan is disabled via CODEBUDDY_GIT_REPO_SCAN_DISABLED environment variable
[9/26/2026, 11:21:07 AM.289] [Info] [CloudProductManager]  fetch cloud product success, agents(1): cli, models(53): auto,fast-model,balanced-model,deep-model,hy3,hy3-b,hy3-c,hy3-x,hy4-preview,hy4-preview-f,minimax-m2.5,glm-5v-turbo,glm-5.3,glm-5.3-flash,glm-5.2,glm-5.1,glm-5.0-turbo,glm-4.6v,kimi-k3-1,kimi-k2.8-preview,kimi-k2.7,kimi-k2.6,kimi-k2.5,kimi-k2-thinking,minimax-m3,minimax-m2.7,glm-4.6,deepseek-v4-flash,deepseek-v4.1-flash,deepseek-v4-pro,deepseek-v3-2-volc,deepseek-v3-1-volc,deepseek-v3-1-lkeap,deepseek-v3-1,deepseek-v3-0324-lkeap,deepseek-r1-0528-lkeap,kimi-k2-instruct-taiji,completion-gf,default-1.1,hunyuan-3b,hunyuan-7b-dense,codewise-completions,codewise-rewrite,codewise-nes-a4-027-aide,codewise-jump,deepseek-r1-0528,deepseek-v3-0324-taco-completion,deepseek-v3-0324,default-1.2,hunyuan-2.0-instruct,hunyuan-chat,hunyuan-image-alpha,hunyuan-image-alpha-edit
[9/26/2026, 11:21:07 AM.289] [Info] [CloudProductManager]  Fetched configuration from remote [481ms]
[9/26/2026, 11:21:07 AM.291] [Info] [PluginsProductProvider.provide] active=9, ids=[weixinpay@workbuddy-builtin,tencent-docs-plugin@workbuddy-builtin,sheetagent@workbuddy-builtin,tencent-pptx@workbuddy-builtin,tencent-docx@workbuddy-builtin,agent-browser@codebuddy-plugins-official,find-skills@codebuddy-plugins-official,agent-browser@inline,find-skills@inline]
[9/26/2026, 11:21:07 AM.291] [Info] [MCP][cacheDbg] getConnectedServers() called: nonInteractive=true waitForSettle=false cacheNow=[connector-proxy,weixinpay,sheetagent] allServers=[connector-proxy:connected,weixinpay:connected,sheetagent:connected]
[9/26/2026, 11:21:07 AM.291] [Info] [MCP][cacheDbg] getConnectedServers() returning: [connector-proxy,weixinpay,sheetagent] (size=3)
[9/26/2026, 11:21:07 AM.301] [Info] [CustomModelsProductProvider] productName=WorkBuddy, isWorkBuddy=true, userConfigPath=/Users/didi/.workbuddy/models.json
[9/26/2026, 11:21:07 AM.301] [Info] Loaded custom models config from user: /Users/didi/.workbuddy/models.json
[9/26/2026, 11:21:07 AM.301] [Info] [ModelsProductProvider] enterpriseId: undefined, endpoint: https://copilot.tencent.com
[9/26/2026, 11:21:07 AM.301] [Warning] [ModelsProductProvider] enterpriseId is missing, skipping models API call
[9/26/2026, 11:21:07 AM.301] [Info] [AgentModelResolver] product config input: 54 models, 23 agents
[9/26/2026, 11:21:07 AM.301] [Info] [AgentModelResolver] model ids: auto, fast-model, balanced-model, deep-model, hy3, hy3-b, hy3-c, hy3-x, hy4-preview, hy4-preview-f, minimax-m2.5, glm-5v-turbo, glm-5.3, glm-5.3-flash, glm-5.2, glm-5.1, glm-5.0-turbo, glm-4.6v, kimi-k3-1, kimi-k2.8-preview, kimi-k2.7, kimi-k2.6, kimi-k2.5, kimi-k2-thinking, minimax-m3, minimax-m2.7, glm-4.6, deepseek-v4-flash, deepseek-v4.1-flash, deepseek-v4-pro, deepseek-v3-2-volc, deepseek-v3-1-volc, deepseek-v3-1-lkeap, deepseek-v3-1, deepseek-v3-0324-lkeap, deepseek-r1-0528-lkeap, kimi-k2-instruct-taiji, completion-gf, default-1.1, hunyuan-3b, hunyuan-7b-dense, codewise-completions, codewise-rewrite, codewise-nes-a4-027-aide, codewise-jump, deepseek-r1-0528, deepseek-v3-0324-taco-completion, deepseek-v3-0324, default-1.2, hunyuan-2.0-instruct, hunyuan-chat, hunyuan-image-alpha, hunyuan-image-alpha-edit, custom-local:kimi-k3
[9/26/2026, 11:21:07 AM.301] [Info] [AgentModelResolver] agent "cli" original_models=["auto","hy4-preview-f","hy3","hy3-x","deepseek-v4.1-flash","glm-5.3","glm-5.3-flash","glm-5.2","glm-5.1","glm-5v-turbo","minimax-m3","kimi-k3-1","kimi-k2.8-preview","kimi-k2.7","kimi-k2.6","deepseek-v4-pro"] -> resolved_models=["auto","hy4-preview-f","hy3","hy3-x","deepseek-v4.1-flash","glm-5.3","glm-5.3-flash","glm-5.2","glm-5.1","glm-5v-turbo","minimax-m3","kimi-k3-1","kimi-k2.8-preview","kimi-k2.7","kimi-k2.6","deepseek-v4-pro"]
[9/26/2026, 11:21:07 AM.301] [Info] [AgentModelResolver] agent "general-purpose" original_models=[] -> resolved_models=[]
[9/26/2026, 11:21:07 AM.301] [Info] [AgentModelResolver] agent "compact" original_models=[] -> resolved_models=[]
[9/26/2026, 11:21:07 AM.301] [Info] [AgentModelResolver] agent "contextSummary" original_models=[] -> resolved_models=[]
[9/26/2026, 11:21:07 AM.302] [Info] [AgentModelResolver] agent "contentAnalyzer" original_models=[] -> resolved_models=[]
[9/26/2026, 11:21:07 AM.302] [Info] [AgentModelResolver] agent "terminalTitleGenerator" original_models=[] -> resolved_models=[]
[9/26/2026, 11:21:07 AM.302] [Info] [AgentModelResolver] agent "promptSuggestion" original_models=[] -> resolved_models=[]
[9/26/2026, 11:21:07 AM.302] [Info] [AgentModelResolver] agent "memorySelector" original_models=["lite"] -> resolved_models=["lite"]
[9/26/2026, 11:21:07 AM.302] [Info] [AgentModelResolver] agent "summaryGenerator" original_models=[] -> resolved_models=[]
[9/26/2026, 11:21:07 AM.302] [Info] [AgentModelResolver] agent "autoModeClassifier" original_models=[] -> resolved_models=[]
[9/26/2026, 11:21:07 AM.302] [Info] [AgentModelResolver] agent "promptHookEvaluator" original_models=["lite"] -> resolved_models=["lite"]
[9/26/2026, 11:21:07 AM.302] [Info] [AgentModelResolver] agent "insightsAnalyzer" original_models=[] -> resolved_models=[]
[9/26/2026, 11:21:07 AM.302] [Info] [AgentModelResolver] agent "agentInstructions" original_models=[] -> resolved_models=[]
[9/26/2026, 11:21:07 AM.302] [Info] [AgentModelResolver] agent "statusline-setup" original_models=[] -> resolved_models=[]
[9/26/2026, 11:21:07 AM.302] [Info] [AgentModelResolver] agent "Explore" original_models=["lite"] -> resolved_models=["lite"]
[9/26/2026, 11:21:07 AM.302] [Info] [AgentModelResolver] agent "Plan" original_models=[] -> resolved_models=[]
[9/26/2026, 11:21:07 AM.302] [Info] [AgentModelResolver] agent "pulse" original_models=[] -> resolved_models=[]
[9/26/2026, 11:21:07 AM.302] [Info] [AgentModelResolver] agent "handoff-summary" original_models=undefined -> resolved_models=[]
[9/26/2026, 11:21:07 AM.302] [Info] [AgentModelResolver] agent "enhance-prompt" original_models=[] -> resolved_models=[]
[9/26/2026, 11:21:07 AM.302] [Info] [AgentModelResolver] agent "sheet-agent" original_models=[] -> resolved_models=[]
[9/26/2026, 11:21:07 AM.302] [Info] [AgentModelResolver] agent "doc-converter" original_models=[] -> resolved_models=[]
[9/26/2026, 11:21:07 AM.302] [Info] [AgentModelResolver] agent "doc-formatter" original_models=[] -> resolved_models=[]
[9/26/2026, 11:21:07 AM.302] [Info] [AgentModelResolver] agent "doc-writer" original_models=[] -> resolved_models=[]
[9/26/2026, 11:21:07 AM.322] [Info] [PluginPolicyService]  [MergedPlugins][DEBUG] ProductManager.onDidChange fired, reloading policies...
[9/26/2026, 11:21:07 AM.322] [Info] [PluginPolicyService]  [MergedPlugins][DEBUG] Current config builtInMarketPluginsMerge: [{"autoEnable":true,"marketplaceName":"codebuddy-plugins-official","name":"agent-browser","scope":"user"}]
[9/26/2026, 11:21:07 AM.322] [Info] [PluginPolicyService]  [MergedPlugins] Loaded 1 merged plugin entries
[9/26/2026, 11:21:07 AM.322] [Info] [Startup] AgentManager.rebuildAgents: START
[9/26/2026, 11:21:07 AM.323] [Info] [Startup] AgentManager.rebuildAgents: completed in 14ms, resolving readyDeferred
[9/26/2026, 11:21:07 AM.323] [Info] [PluginManager]  Checking for built-in marketplaces to install...
[9/26/2026, 11:21:07 AM.323] [Info] [BuiltInMarketplaceProvider]  Found 2 built-in marketplace(s)
[9/26/2026, 11:21:07 AM.323] [Info] [PluginManager]  Found 2 built-in marketplace(s)
[9/26/2026, 11:21:07 AM.324] [Info] [MarketplaceStorage]  [MarketplaceStorage] getMarketplaces ensureConfigFile=0ms readAndRepair=1ms migration=0ms total=1ms count=5 path=/Users/didi/.workbuddy/plugins/known_marketplaces.json
[9/26/2026, 11:21:07 AM.324] [Info] [PluginManager]  All built-in marketplaces are already installed
[9/26/2026, 11:21:07 AM.325] [Info] [MarketplaceStorage]  [MarketplaceStorage] getMarketplaces ensureConfigFile=0ms readAndRepair=1ms migration=0ms total=1ms count=5 path=/Users/didi/.workbuddy/plugins/known_marketplaces.json
[9/26/2026, 11:21:07 AM.325] [Info] [BuiltInMarketplaceProvider]  Found 2 built-in marketplace(s)
[9/26/2026, 11:21:07 AM.327] [Info] [PluginManager]  Loaded 5 marketplaces (2 built-in) total=3ms storage=1ms builtIn=0ms autoUpdate=0ms
[9/26/2026, 11:21:09 AM.311] [Info] [TracingService]  Tracing uses @tencent/galileo-node-sdk global OpenTelemetry provider; @genie OTLP exporter is skipped.
[9/26/2026, 11:21:09 AM.311] [Info] [TracingService]  Tracing config resolved: {"productEnabled":true,"enabledByEnv":false,"endpoint":"https://copilot.tencent.com","galileoEnabled":true}
[9/26/2026, 11:21:36 AM.805] [Info] [WorkflowMemProbe] tick runId=(none) | rss=149.5MB heap=165/172.1MB external=55MB arrayBuffers=0MB
[9/26/2026, 11:34:24 AM.889] [Info] [WorkflowMemProbe] tick runId=(none) | rss=117.3MB heap=168.2/174.9MB external=55.1MB arrayBuffers=0MB
[9/26/2026, 11:34:24 AM.901] [Info] [GitInfoCollector]  CODEBUDDY_GIT_REPO_SCAN_DISABLED 1
[9/26/2026, 11:34:24 AM.901] [Info] [GitInfoCollector]  Git repository scan is disabled via CODEBUDDY_GIT_REPO_SCAN_DISABLED environment variable
[9/26/2026, 11:34:25 AM.399] [Info] [TracingService]  [primary] Exported 1 spans, traceIds: ec148708443b3addf1c032b3536b77cd
[9/26/2026, 11:34:25 AM.795] [Info] [CloudProductManager]  fetch cloud product success, agents(1): cli, models(53): auto,fast-model,balanced-model,deep-model,hy3,hy3-b,hy3-c,hy3-x,hy4-preview,hy4-preview-f,minimax-m2.5,glm-5v-turbo,glm-5.3,glm-5.3-flash,glm-5.2,glm-5.1,glm-5.0-turbo,glm-4.6v,kimi-k3-1,kimi-k2.8-preview,kimi-k2.7,kimi-k2.6,kimi-k2.5,kimi-k2-thinking,minimax-m3,minimax-m2.7,glm-4.6,deepseek-v4-flash,deepseek-v4.1-flash,deepseek-v4-pro,deepseek-v3-2-volc,deepseek-v3-1-volc,deepseek-v3-1-lkeap,deepseek-v3-1,deepseek-v3-0324-lkeap,deepseek-r1-0528-lkeap,kimi-k2-instruct-taiji,completion-gf,default-1.1,hunyuan-3b,hunyuan-7b-dense,codewise-completions,codewise-rewrite,codewise-nes-a4-027-aide,codewise-jump,deepseek-r1-0528,deepseek-v3-0324-taco-completion,deepseek-v3-0324,default-1.2,hunyuan-2.0-instruct,hunyuan-chat,hunyuan-image-alpha,hunyuan-image-alpha-edit
[9/26/2026, 11:34:25 AM.795] [Info] [CloudProductManager]  Fetched configuration from remote [893ms]
[9/26/2026, 11:34:25 AM.797] [Info] [PluginsProductProvider.provide] active=9, ids=[weixinpay@workbuddy-builtin,tencent-docs-plugin@workbuddy-builtin,sheetagent@workbuddy-builtin,tencent-pptx@workbuddy-builtin,tencent-docx@workbuddy-builtin,agent-browser@codebuddy-plugins-official,find-skills@codebuddy-plugins-official,agent-browser@inline,find-skills@inline]
[9/26/2026, 11:34:25 AM.797] [Info] [MCP][cacheDbg] getConnectedServers() called: nonInteractive=true waitForSettle=false cacheNow=[connector-proxy,weixinpay,sheetagent] allServers=[connector-proxy:connected,weixinpay:connected,sheetagent:connected]
[9/26/2026, 11:34:25 AM.797] [Info] [MCP][cacheDbg] getConnectedServers() returning: [connector-proxy,weixinpay,sheetagent] (size=3)
[9/26/2026, 11:34:25 AM.810] [Info] [CustomModelsProductProvider] productName=WorkBuddy, isWorkBuddy=true, userConfigPath=/Users/didi/.workbuddy/models.json
[9/26/2026, 11:34:25 AM.810] [Info] Loaded custom models config from user: /Users/didi/.workbuddy/models.json
[9/26/2026, 11:34:25 AM.810] [Info] [ModelsProductProvider] enterpriseId: undefined, endpoint: https://copilot.tencent.com
[9/26/2026, 11:34:25 AM.810] [Warning] [ModelsProductProvider] enterpriseId is missing, skipping models API call
[9/26/2026, 11:34:25 AM.810] [Info] [AgentModelResolver] product config input: 54 models, 23 agents
[9/26/2026, 11:34:25 AM.810] [Info] [AgentModelResolver] model ids: auto, fast-model, balanced-model, deep-model, hy3, hy3-b, hy3-c, hy3-x, hy4-preview, hy4-preview-f, minimax-m2.5, glm-5v-turbo, glm-5.3, glm-5.3-flash, glm-5.2, glm-5.1, glm-5.0-turbo, glm-4.6v, kimi-k3-1, kimi-k2.8-preview, kimi-k2.7, kimi-k2.6, kimi-k2.5, kimi-k2-thinking, minimax-m3, minimax-m2.7, glm-4.6, deepseek-v4-flash, deepseek-v4.1-flash, deepseek-v4-pro, deepseek-v3-2-volc, deepseek-v3-1-volc, deepseek-v3-1-lkeap, deepseek-v3-1, deepseek-v3-0324-lkeap, deepseek-r1-0528-lkeap, kimi-k2-instruct-taiji, completion-gf, default-1.1, hunyuan-3b, hunyuan-7b-dense, codewise-completions, codewise-rewrite, codewise-nes-a4-027-aide, codewise-jump, deepseek-r1-0528, deepseek-v3-0324-taco-completion, deepseek-v3-0324, default-1.2, hunyuan-2.0-instruct, hunyuan-chat, hunyuan-image-alpha, hunyuan-image-alpha-edit, custom-local:kimi-k3
[9/26/2026, 11:34:25 AM.810] [Info] [AgentModelResolver] agent "cli" original_models=["auto","hy4-preview-f","hy3","hy3-x","deepseek-v4.1-flash","glm-5.3","glm-5.3-flash","glm-5.2","glm-5.1","glm-5v-turbo","minimax-m3","kimi-k3-1","kimi-k2.8-preview","kimi-k2.7","kimi-k2.6","deepseek-v4-pro"] -> resolved_models=["auto","hy4-preview-f","hy3","hy3-x","deepseek-v4.1-flash","glm-5.3","glm-5.3-flash","glm-5.2","glm-5.1","glm-5v-turbo","minimax-m3","kimi-k3-1","kimi-k2.8-preview","kimi-k2.7","kimi-k2.6","deepseek-v4-pro"]
[9/26/2026, 11:34:25 AM.810] [Info] [AgentModelResolver] agent "general-purpose" original_models=[] -> resolved_models=[]
[9/26/2026, 11:34:25 AM.810] [Info] [AgentModelResolver] agent "compact" original_models=[] -> resolved_models=[]
[9/26/2026, 11:34:25 AM.811] [Info] [AgentModelResolver] agent "contextSummary" original_models=[] -> resolved_models=[]
[9/26/2026, 11:34:25 AM.811] [Info] [AgentModelResolver] agent "contentAnalyzer" original_models=[] -> resolved_models=[]
[9/26/2026, 11:34:25 AM.811] [Info] [AgentModelResolver] agent "terminalTitleGenerator" original_models=[] -> resolved_models=[]
[9/26/2026, 11:34:25 AM.811] [Info] [AgentModelResolver] agent "promptSuggestion" original_models=[] -> resolved_models=[]
[9/26/2026, 11:34:25 AM.811] [Info] [AgentModelResolver] agent "memorySelector" original_models=["lite"] -> resolved_models=["lite"]
[9/26/2026, 11:34:25 AM.811] [Info] [AgentModelResolver] agent "summaryGenerator" original_models=[] -> resolved_models=[]
[9/26/2026, 11:34:25 AM.811] [Info] [AgentModelResolver] agent "autoModeClassifier" original_models=[] -> resolved_models=[]
[9/26/2026, 11:34:25 AM.811] [Info] [AgentModelResolver] agent "promptHookEvaluator" original_models=["lite"] -> resolved_models=["lite"]
[9/26/2026, 11:34:25 AM.811] [Info] [AgentModelResolver] agent "insightsAnalyzer" original_models=[] -> resolved_models=[]
[9/26/2026, 11:34:25 AM.811] [Info] [AgentModelResolver] agent "agentInstructions" original_models=[] -> resolved_models=[]
[9/26/2026, 11:34:25 AM.811] [Info] [AgentModelResolver] agent "statusline-setup" original_models=[] -> resolved_models=[]
[9/26/2026, 11:34:25 AM.811] [Info] [AgentModelResolver] agent "Explore" original_models=["lite"] -> resolved_models=["lite"]
[9/26/2026, 11:34:25 AM.811] [Info] [AgentModelResolver] agent "Plan" original_models=[] -> resolved_models=[]
[9/26/2026, 11:34:25 AM.811] [Info] [AgentModelResolver] agent "pulse" original_models=[] -> resolved_models=[]
[9/26/2026, 11:34:25 AM.811] [Info] [AgentModelResolver] agent "handoff-summary" original_models=undefined -> resolved_models=[]
[9/26/2026, 11:34:25 AM.811] [Info] [AgentModelResolver] agent "enhance-prompt" original_models=[] -> resolved_models=[]
[9/26/2026, 11:34:25 AM.811] [Info] [AgentModelResolver] agent "sheet-agent" original_models=[] -> resolved_models=[]
[9/26/2026, 11:34:25 AM.811] [Info] [AgentModelResolver] agent "doc-converter" original_models=[] -> resolved_models=[]
[9/26/2026, 11:34:25 AM.811] [Info] [AgentModelResolver] agent "doc-formatter" original_models=[] -> resolved_models=[]
[9/26/2026, 11:34:25 AM.811] [Info] [AgentModelResolver] agent "doc-writer" original_models=[] -> resolved_models=[]
[9/26/2026, 11:34:25 AM.827] [Info] [PluginPolicyService]  [MergedPlugins][DEBUG] ProductManager.onDidChange fired, reloading policies...
[9/26/2026, 11:34:25 AM.827] [Info] [PluginPolicyService]  [MergedPlugins][DEBUG] Current config builtInMarketPluginsMerge: [{"autoEnable":true,"marketplaceName":"codebuddy-plugins-official","name":"agent-browser","scope":"user"}]
[9/26/2026, 11:34:25 AM.827] [Info] [PluginPolicyService]  [MergedPlugins] Loaded 1 merged plugin entries
[9/26/2026, 11:34:25 AM.827] [Info] [Startup] AgentManager.rebuildAgents: START
[9/26/2026, 11:34:25 AM.827] [Info] [Startup] AgentManager.rebuildAgents: completed in 11ms, resolving readyDeferred
[9/26/2026, 11:34:25 AM.828] [Info] [PluginManager]  Checking for built-in marketplaces to install...
[9/26/2026, 11:34:25 AM.828] [Info] [BuiltInMarketplaceProvider]  Found 2 built-in marketplace(s)
[9/26/2026, 11:34:25 AM.828] [Info] [PluginManager]  Found 2 built-in marketplace(s)
[9/26/2026, 11:34:25 AM.830] [Info] [MarketplaceStorage]  [MarketplaceStorage] getMarketplaces ensureConfigFile=0ms readAndRepair=1ms migration=0ms total=1ms count=5 path=/Users/didi/.workbuddy/plugins/known_marketplaces.json
[9/26/2026, 11:34:25 AM.830] [Info] [PluginManager]  All built-in marketplaces are already installed
[9/26/2026, 11:34:25 AM.831] [Info] [MarketplaceStorage]  [MarketplaceStorage] getMarketplaces ensureConfigFile=0ms readAndRepair=1ms migration=0ms total=1ms count=5 path=/Users/didi/.workbuddy/plugins/known_marketplaces.json
[9/26/2026, 11:34:25 AM.831] [Info] [BuiltInMarketplaceProvider]  Found 2 built-in marketplace(s)
[9/26/2026, 11:34:25 AM.836] [Info] [PluginManager]  Loaded 5 marketplaces (2 built-in) total=6ms storage=1ms builtIn=0ms autoUpdate=0ms
[9/26/2026, 11:34:27 AM.756] [Info] [TracingService]  Tracing uses @tencent/galileo-node-sdk global OpenTelemetry provider; @genie OTLP exporter is skipped.
[9/26/2026, 11:34:27 AM.756] [Info] [TracingService]  Tracing config resolved: {"productEnabled":true,"enabledByEnv":false,"endpoint":"https://copilot.tencent.com","galileoEnabled":true}
[9/26/2026, 11:34:31 AM.833] [Info] [TracingService]  [primary] Exported 1 spans, traceIds: 1226ce25fa3c1dbbd6970a7d061b6255
[9/26/2026, 11:34:54 AM.827] [Info] [WorkflowMemProbe] tick runId=(none) | rss=70.1MB heap=158.5/166.8MB external=53.8MB arrayBuffers=0MB
[9/26/2026, 11:35:24 AM.828] [Info] [WorkflowMemProbe] tick runId=(none) | rss=79MB heap=153.1/159.2MB external=53.7MB arrayBuffers=0MB
[9/26/2026, 11:35:54 AM.830] [Info] [WorkflowMemProbe] tick runId=(none) | rss=82.2MB heap=153.4/159.2MB external=53.7MB arrayBuffers=0MB
[9/26/2026, 11:36:24 AM.830] [Info] [WorkflowMemProbe] tick runId=(none) | rss=84.2MB heap=153/159.5MB external=53.7MB arrayBuffers=0MB
[9/26/2026, 11:36:54 AM.831] [Info] [WorkflowMemProbe] tick runId=(none) | rss=85MB heap=153.3/159.7MB external=53.7MB arrayBuffers=0MB
[9/26/2026, 11:37:24 AM.832] [Info] [WorkflowMemProbe] tick runId=(none) | rss=85.2MB heap=153.4/159.7MB external=53.7MB arrayBuffers=0MB
[9/26/2026, 11:37:54 AM.832] [Info] [WorkflowMemProbe] tick runId=(none) | rss=85.5MB heap=153.6/160MB external=53.7MB arrayBuffers=0MB
[9/26/2026, 11:38:24 AM.833] [Info] [WorkflowMemProbe] tick runId=(none) | rss=85.8MB heap=153.1/159.2MB external=53.7MB arrayBuffers=0MB
[9/26/2026, 11:38:54 AM.835] [Info] [WorkflowMemProbe] tick runId=(none) | rss=69.8MB heap=153.3/159.2MB external=53.7MB arrayBuffers=0MB
[9/26/2026, 11:39:24 AM.837] [Info] [WorkflowMemProbe] tick runId=(none) | rss=71.5MB heap=153.5/159.2MB external=53.7MB arrayBuffers=0MB
[9/26/2026, 11:39:33 AM.789] [Info] [TracingService]  [primary] Exported 1 spans, traceIds: 3f8f210464bc079550bf3817728cac8d
[9/26/2026, 11:39:54 AM.837] [Info] [WorkflowMemProbe] tick runId=(none) | rss=86.8MB heap=156.2/162.3MB external=53.7MB arrayBuffers=0MB
[9/26/2026, 11:40:24 AM.840] [Info] [WorkflowMemProbe] tick runId=(none) | rss=87.3MB heap=156.6/162.3MB external=53.8MB arrayBuffers=0MB
[9/26/2026, 11:40:54 AM.841] [Info] [WorkflowMemProbe] tick runId=(none) | rss=87.5MB heap=156.7/162.3MB external=53.8MB arrayBuffers=0MB
[9/26/2026, 11:41:24 AM.841] [Info] [WorkflowMemProbe] tick runId=(none) | rss=87.7MB heap=156.9/162.3MB external=53.8MB arrayBuffers=0MB
[9/26/2026, 11:41:54 AM.842] [Info] [WorkflowMemProbe] tick runId=(none) | rss=89.9MB heap=157.1/162.5MB external=53.8MB arrayBuffers=0MB
[9/26/2026, 11:42:24 AM.844] [Info] [WorkflowMemProbe] tick runId=(none) | rss=81.4MB heap=157.3/162.8MB external=53.8MB arrayBuffers=0MB
[9/26/2026, 11:42:54 AM.845] [Info] [WorkflowMemProbe] tick runId=(none) | rss=76.7MB heap=157.5/163MB external=53.8MB arrayBuffers=0MB
[9/26/2026, 11:42:54 AM.867] [Info] [GitInfoCollector]  CODEBUDDY_GIT_REPO_SCAN_DISABLED 1
[9/26/2026, 11:42:54 AM.867] [Info] [GitInfoCollector]  Git repository scan is disabled via CODEBUDDY_GIT_REPO_SCAN_DISABLED environment variable
[9/26/2026, 11:42:55 AM.011] [Info] [CloudProductManager]  fetch cloud product success, agents(1): cli, models(53): auto,fast-model,balanced-model,deep-model,hy3,hy3-b,hy3-c,hy3-x,hy4-preview,hy4-preview-f,minimax-m2.5,glm-5v-turbo,glm-5.3,glm-5.3-flash,glm-5.2,glm-5.1,glm-5.0-turbo,glm-4.6v,kimi-k3-1,kimi-k2.8-preview,kimi-k2.7,kimi-k2.6,kimi-k2.5,kimi-k2-thinking,minimax-m3,minimax-m2.7,glm-4.6,deepseek-v4-flash,deepseek-v4.1-flash,deepseek-v4-pro,deepseek-v3-2-volc,deepseek-v3-1-volc,deepseek-v3-1-lkeap,deepseek-v3-1,deepseek-v3-0324-lkeap,deepseek-r1-0528-lkeap,kimi-k2-instruct-taiji,completion-gf,default-1.1,hunyuan-3b,hunyuan-7b-dense,codewise-completions,codewise-rewrite,codewise-nes-a4-027-aide,codewise-jump,deepseek-r1-0528,deepseek-v3-0324-taco-completion,deepseek-v3-0324,default-1.2,hunyuan-2.0-instruct,hunyuan-chat,hunyuan-image-alpha,hunyuan-image-alpha-edit
[9/26/2026, 11:42:55 AM.011] [Info] [CloudProductManager]  Fetched configuration from remote [144ms]
[9/26/2026, 11:42:55 AM.013] [Info] [PluginsProductProvider.provide] active=9, ids=[weixinpay@workbuddy-builtin,tencent-docs-plugin@workbuddy-builtin,sheetagent@workbuddy-builtin,tencent-pptx@workbuddy-builtin,tencent-docx@workbuddy-builtin,agent-browser@codebuddy-plugins-official,find-skills@codebuddy-plugins-official,agent-browser@inline,find-skills@inline]
[9/26/2026, 11:42:55 AM.014] [Info] [MCP][cacheDbg] getConnectedServers() called: nonInteractive=true waitForSettle=false cacheNow=[connector-proxy,weixinpay,sheetagent] allServers=[connector-proxy:connected,weixinpay:connected,sheetagent:connected]
[9/26/2026, 11:42:55 AM.014] [Info] [MCP][cacheDbg] getConnectedServers() returning: [connector-proxy,weixinpay,sheetagent] (size=3)
[9/26/2026, 11:42:55 AM.026] [Info] [CustomModelsProductProvider] productName=WorkBuddy, isWorkBuddy=true, userConfigPath=/Users/didi/.workbuddy/models.json
[9/26/2026, 11:42:55 AM.026] [Info] Loaded custom models config from user: /Users/didi/.workbuddy/models.json
[9/26/2026, 11:42:55 AM.026] [Info] [ModelsProductProvider] enterpriseId: undefined, endpoint: https://copilot.tencent.com
[9/26/2026, 11:42:55 AM.026] [Warning] [ModelsProductProvider] enterpriseId is missing, skipping models API call
[9/26/2026, 11:42:55 AM.026] [Info] [AgentModelResolver] product config input: 54 models, 23 agents
[9/26/2026, 11:42:55 AM.026] [Info] [AgentModelResolver] model ids: auto, fast-model, balanced-model, deep-model, hy3, hy3-b, hy3-c, hy3-x, hy4-preview, hy4-preview-f, minimax-m2.5, glm-5v-turbo, glm-5.3, glm-5.3-flash, glm-5.2, glm-5.1, glm-5.0-turbo, glm-4.6v, kimi-k3-1, kimi-k2.8-preview, kimi-k2.7, kimi-k2.6, kimi-k2.5, kimi-k2-thinking, minimax-m3, minimax-m2.7, glm-4.6, deepseek-v4-flash, deepseek-v4.1-flash, deepseek-v4-pro, deepseek-v3-2-volc, deepseek-v3-1-volc, deepseek-v3-1-lkeap, deepseek-v3-1, deepseek-v3-0324-lkeap, deepseek-r1-0528-lkeap, kimi-k2-instruct-taiji, completion-gf, default-1.1, hunyuan-3b, hunyuan-7b-dense, codewise-completions, codewise-rewrite, codewise-nes-a4-027-aide, codewise-jump, deepseek-r1-0528, deepseek-v3-0324-taco-completion, deepseek-v3-0324, default-1.2, hunyuan-2.0-instruct, hunyuan-chat, hunyuan-image-alpha, hunyuan-image-alpha-edit, custom-local:kimi-k3
[9/26/2026, 11:42:55 AM.026] [Info] [AgentModelResolver] agent "cli" original_models=["auto","hy4-preview-f","hy3","hy3-x","deepseek-v4.1-flash","glm-5.3","glm-5.3-flash","glm-5.2","glm-5.1","glm-5v-turbo","minimax-m3","kimi-k3-1","kimi-k2.8-preview","kimi-k2.7","kimi-k2.6","deepseek-v4-pro"] -> resolved_models=["auto","hy4-preview-f","hy3","hy3-x","deepseek-v4.1-flash","glm-5.3","glm-5.3-flash","glm-5.2","glm-5.1","glm-5v-turbo","minimax-m3","kimi-k3-1","kimi-k2.8-preview","kimi-k2.7","kimi-k2.6","deepseek-v4-pro"]
[9/26/2026, 11:42:55 AM.026] [Info] [AgentModelResolver] agent "general-purpose" original_models=[] -> resolved_models=[]
[9/26/2026, 11:42:55 AM.026] [Info] [AgentModelResolver] agent "compact" original_models=[] -> resolved_models=[]
[9/26/2026, 11:42:55 AM.026] [Info] [AgentModelResolver] agent "contextSummary" original_models=[] -> resolved_models=[]
[9/26/2026, 11:42:55 AM.026] [Info] [AgentModelResolver] agent "contentAnalyzer" original_models=[] -> resolved_models=[]
[9/26/2026, 11:42:55 AM.026] [Info] [AgentModelResolver] agent "terminalTitleGenerator" original_models=[] -> resolved_models=[]
[9/26/2026, 11:42:55 AM.026] [Info] [AgentModelResolver] agent "promptSuggestion" original_models=[] -> resolved_models=[]
[9/26/2026, 11:42:55 AM.026] [Info] [AgentModelResolver] agent "memorySelector" original_models=["lite"] -> resolved_models=["lite"]
[9/26/2026, 11:42:55 AM.026] [Info] [AgentModelResolver] agent "summaryGenerator" original_models=[] -> resolved_models=[]
[9/26/2026, 11:42:55 AM.026] [Info] [AgentModelResolver] agent "autoModeClassifier" original_models=[] -> resolved_models=[]
[9/26/2026, 11:42:55 AM.026] [Info] [AgentModelResolver] agent "promptHookEvaluator" original_models=["lite"] -> resolved_models=["lite"]
[9/26/2026, 11:42:55 AM.026] [Info] [AgentModelResolver] agent "insightsAnalyzer" original_models=[] -> resolved_models=[]
[9/26/2026, 11:42:55 AM.026] [Info] [AgentModelResolver] agent "agentInstructions" original_models=[] -> resolved_models=[]
[9/26/2026, 11:42:55 AM.026] [Info] [AgentModelResolver] agent "statusline-setup" original_models=[] -> resolved_models=[]
[9/26/2026, 11:42:55 AM.026] [Info] [AgentModelResolver] agent "Explore" original_models=["lite"] -> resolved_models=["lite"]
[9/26/2026, 11:42:55 AM.026] [Info] [AgentModelResolver] agent "Plan" original_models=[] -> resolved_models=[]
[9/26/2026, 11:42:55 AM.026] [Info] [AgentModelResolver] agent "pulse" original_models=[] -> resolved_models=[]
[9/26/2026, 11:42:55 AM.026] [Info] [AgentModelResolver] agent "handoff-summary" original_models=undefined -> resolved_models=[]
[9/26/2026, 11:42:55 AM.026] [Info] [AgentModelResolver] agent "enhance-prompt" original_models=[] -> resolved_models=[]
[9/26/2026, 11:42:55 AM.026] [Info] [AgentModelResolver] agent "sheet-agent" original_models=[] -> resolved_models=[]
[9/26/2026, 11:42:55 AM.026] [Info] [AgentModelResolver] agent "doc-converter" original_models=[] -> resolved_models=[]
[9/26/2026, 11:42:55 AM.026] [Info] [AgentModelResolver] agent "doc-formatter" original_models=[] -> resolved_models=[]
[9/26/2026, 11:42:55 AM.026] [Info] [AgentModelResolver] agent "doc-writer" original_models=[] -> resolved_models=[]
[9/26/2026, 11:42:55 AM.048] [Info] [PluginPolicyService]  [MergedPlugins][DEBUG] ProductManager.onDidChange fired, reloading policies...
[9/26/2026, 11:42:55 AM.048] [Info] [PluginPolicyService]  [MergedPlugins][DEBUG] Current config builtInMarketPluginsMerge: [{"autoEnable":true,"marketplaceName":"codebuddy-plugins-official","name":"agent-browser","scope":"user"}]
[9/26/2026, 11:42:55 AM.048] [Info] [PluginPolicyService]  [MergedPlugins] Loaded 1 merged plugin entries
[9/26/2026, 11:42:55 AM.048] [Info] [Startup] AgentManager.rebuildAgents: START
[9/26/2026, 11:42:55 AM.049] [Info] [Startup] AgentManager.rebuildAgents: completed in 15ms, resolving readyDeferred
[9/26/2026, 11:42:55 AM.049] [Info] [PluginManager]  Checking for built-in marketplaces to install...
[9/26/2026, 11:42:55 AM.049] [Info] [BuiltInMarketplaceProvider]  Found 2 built-in marketplace(s)
[9/26/2026, 11:42:55 AM.049] [Info] [PluginManager]  Found 2 built-in marketplace(s)
[9/26/2026, 11:42:55 AM.050] [Info] [MarketplaceStorage]  [MarketplaceStorage] getMarketplaces ensureConfigFile=0ms readAndRepair=1ms migration=0ms total=1ms count=5 path=/Users/didi/.workbuddy/plugins/known_marketplaces.json
[9/26/2026, 11:42:55 AM.050] [Info] [PluginManager]  All built-in marketplaces are already installed
[9/26/2026, 11:42:55 AM.051] [Info] [MarketplaceStorage]  [MarketplaceStorage] getMarketplaces ensureConfigFile=0ms readAndRepair=1ms migration=0ms total=1ms count=5 path=/Users/didi/.workbuddy/plugins/known_marketplaces.json
[9/26/2026, 11:42:55 AM.051] [Info] [BuiltInMarketplaceProvider]  Found 2 built-in marketplace(s)
[9/26/2026, 11:42:55 AM.052] [Info] [PluginManager]  Loaded 5 marketplaces (2 built-in) total=2ms storage=1ms builtIn=0ms autoUpdate=0ms
[9/26/2026, 11:42:57 AM.035] [Info] [TracingService]  Tracing uses @tencent/galileo-node-sdk global OpenTelemetry provider; @genie OTLP exporter is skipped.
[9/26/2026, 11:42:57 AM.035] [Info] [TracingService]  Tracing config resolved: {"productEnabled":true,"enabledByEnv":false,"endpoint":"https://copilot.tencent.com","galileoEnabled":true}
[9/26/2026, 11:43:24 AM.849] [Info] [WorkflowMemProbe] tick runId=(none) | rss=59.9MB heap=162.6/170.6MB external=54.3MB arrayBuffers=0MB
[9/26/2026, 11:43:54 AM.850] [Info] [WorkflowMemProbe] tick runId=(none) | rss=64.9MB heap=162.8/170.6MB external=54.3MB arrayBuffers=0MB
[9/26/2026, 11:44:24 AM.851] [Info] [WorkflowMemProbe] tick runId=(none) | rss=58.5MB heap=163/170.6MB external=54.3MB arrayBuffers=0MB
[9/26/2026, 11:44:35 AM.775] [Info] [TracingService]  [primary] Exported 1 spans, traceIds: 8b515f19bc6937ee812a775101ebdddc
[9/26/2026, 11:44:54 AM.852] [Info] [WorkflowMemProbe] tick runId=(none) | rss=80.2MB heap=166.2/173.4MB external=54.3MB arrayBuffers=0MB
[9/26/2026, 11:45:24 AM.852] [Info] [WorkflowMemProbe] tick runId=(none) | rss=81.1MB heap=166.6/173.4MB external=54.4MB arrayBuffers=0MB
[9/26/2026, 11:45:54 AM.853] [Info] [WorkflowMemProbe] tick runId=(none) | rss=81.4MB heap=166.8/173.4MB external=54.4MB arrayBuffers=0MB
[9/26/2026, 11:46:24 AM.855] [Info] [WorkflowMemProbe] tick runId=(none) | rss=81.8MB heap=167/173.4MB external=54.4MB arrayBuffers=0MB
[9/26/2026, 11:46:54 AM.858] [Info] [WorkflowMemProbe] tick runId=(none) | rss=50.8MB heap=167.1/173.4MB external=54.4MB arrayBuffers=0MB
[9/26/2026, 11:47:24 AM.856] [Info] [WorkflowMemProbe] tick runId=(none) | rss=63.2MB heap=167.3/173.6MB external=54.4MB arrayBuffers=0MB
[9/26/2026, 11:47:41 AM.652] [Info] starting GET /api/v1/health
[9/26/2026, 11:47:41 AM.653] [Info] ending GET /api/v1/health [2ms]
[9/26/2026, 11:47:41 AM.654] [Info] starting GET /api/v1/sessions/ee377bc2-f28f-4cf7-a5fe-fbd56c0ee9cc/replay
[9/26/2026, 11:47:41 AM.667] [Info] [AgentManager.getModel] agent='cli' has no explicit model (auto); resolved to first-available='auto'
[9/26/2026, 11:47:41 AM.667] [Info] [AgentManager.getModel] agent='cli' has no explicit model (auto); resolved to first-available='auto'
[9/26/2026, 11:47:41 AM.671] [Info] ending GET /api/v1/sessions/ee377bc2-f28f-4cf7-a5fe-fbd56c0ee9cc/replay [17ms]
[9/26/2026, 11:47:44 AM.383] [Info] [AuthenticationSessionListener] [auth_success: 青石]  认证成功,执行 Notification 钩子:
[9/26/2026, 11:47:44 AM.427] [Info] [PluginsProductProvider.provide] active=9, ids=[weixinpay@workbuddy-builtin,tencent-docs-plugin@workbuddy-builtin,sheetagent@workbuddy-builtin,tencent-pptx@workbuddy-builtin,tencent-docx@workbuddy-builtin,agent-browser@codebuddy-plugins-official,find-skills@codebuddy-plugins-official,agent-browser@inline,find-skills@inline]
[9/26/2026, 11:47:44 AM.427] [Info] [MCP][cacheDbg] getConnectedServers() called: nonInteractive=true waitForSettle=false cacheNow=[connector-proxy,weixinpay,sheetagent] allServers=[connector-proxy:connected,weixinpay:connected,sheetagent:connected]
[9/26/2026, 11:47:44 AM.427] [Info] [MCP][cacheDbg] getConnectedServers() returning: [connector-proxy,weixinpay,sheetagent] (size=3)
[9/26/2026, 11:47:44 AM.434] [Info] [CustomModelsProductProvider] productName=WorkBuddy, isWorkBuddy=true, userConfigPath=/Users/didi/.workbuddy/models.json
[9/26/2026, 11:47:44 AM.434] [Info] Loaded custom models config from user: /Users/didi/.workbuddy/models.json
[9/26/2026, 11:47:44 AM.434] [Info] [ModelsProductProvider] enterpriseId: undefined, endpoint: https://copilot.tencent.com
[9/26/2026, 11:47:44 AM.434] [Warning] [ModelsProductProvider] enterpriseId is missing, skipping models API call
[9/26/2026, 11:47:44 AM.434] [Info] [AgentModelResolver] product config input: 54 models, 23 agents
[9/26/2026, 11:47:44 AM.434] [Info] [AgentModelResolver] model ids: auto, fast-model, balanced-model, deep-model, hy3, hy3-b, hy3-c, hy3-x, hy4-preview, hy4-preview-f, minimax-m2.5, glm-5v-turbo, glm-5.3, glm-5.3-flash, glm-5.2, glm-5.1, glm-5.0-turbo, glm-4.6v, kimi-k3-1, kimi-k2.8-preview, kimi-k2.7, kimi-k2.6, kimi-k2.5, kimi-k2-thinking, minimax-m3, minimax-m2.7, glm-4.6, deepseek-v4-flash, deepseek-v4.1-flash, deepseek-v4-pro, deepseek-v3-2-volc, deepseek-v3-1-volc, deepseek-v3-1-lkeap, deepseek-v3-1, deepseek-v3-0324-lkeap, deepseek-r1-0528-lkeap, kimi-k2-instruct-taiji, completion-gf, default-1.1, hunyuan-3b, hunyuan-7b-dense, codewise-completions, codewise-rewrite, codewise-nes-a4-027-aide, codewise-jump, deepseek-r1-0528, deepseek-v3-0324-taco-completion, deepseek-v3-0324, default-1.2, hunyuan-2.0-instruct, hunyuan-chat, hunyuan-image-alpha, hunyuan-image-alpha-edit, custom-local:kimi-k3
[9/26/2026, 11:47:44 AM.434] [Info] [AgentModelResolver] agent "cli" original_models=["auto","hy4-preview-f","hy3","hy3-x","deepseek-v4.1-flash","glm-5.3","glm-5.3-flash","glm-5.2","glm-5.1","glm-5v-turbo","minimax-m3","kimi-k3-1","kimi-k2.8-preview","kimi-k2.7","kimi-k2.6","deepseek-v4-pro"] -> resolved_models=["auto","hy4-preview-f","hy3","hy3-x","deepseek-v4.1-flash","glm-5.3","glm-5.3-flash","glm-5.2","glm-5.1","glm-5v-turbo","minimax-m3","kimi-k3-1","kimi-k2.8-preview","kimi-k2.7","kimi-k2.6","deepseek-v4-pro"]
[9/26/2026, 11:47:44 AM.434] [Info] [AgentModelResolver] agent "general-purpose" original_models=[] -> resolved_models=[]
[9/26/2026, 11:47:44 AM.434] [Info] [AgentModelResolver] agent "compact" original_models=[] -> resolved_models=[]
[9/26/2026, 11:47:44 AM.434] [Info] [AgentModelResolver] agent "contextSummary" original_models=[] -> resolved_models=[]
[9/26/2026, 11:47:44 AM.434] [Info] [AgentModelResolver] agent "contentAnalyzer" original_models=[] -> resolved_models=[]
[9/26/2026, 11:47:44 AM.434] [Info] [AgentModelResolver] agent "terminalTitleGenerator" original_models=[] -> resolved_models=[]
[9/26/2026, 11:47:44 AM.434] [Info] [AgentModelResolver] agent "promptSuggestion" original_models=[] -> resolved_models=[]
[9/26/2026, 11:47:44 AM.434] [Info] [AgentModelResolver] agent "memorySelector" original_models=["lite"] -> resolved_models=["lite"]
[9/26/2026, 11:47:44 AM.434] [Info] [AgentModelResolver] agent "summaryGenerator" original_models=[] -> resolved_models=[]
[9/26/2026, 11:47:44 AM.434] [Info] [AgentModelResolver] agent "autoModeClassifier" original_models=[] -> resolved_models=[]
[9/26/2026, 11:47:44 AM.434] [Info] [AgentModelResolver] agent "promptHookEvaluator" original_models=["lite"] -> resolved_models=["lite"]
[9/26/2026, 11:47:44 AM.434] [Info] [AgentModelResolver] agent "insightsAnalyzer" original_models=[] -> resolved_models=[]
[9/26/2026, 11:47:44 AM.434] [Info] [AgentModelResolver] agent "agentInstructions" original_models=[] -> resolved_models=[]
[9/26/2026, 11:47:44 AM.434] [Info] [AgentModelResolver] agent "statusline-setup" original_models=[] -> resolved_models=[]
[9/26/2026, 11:47:44 AM.434] [Info] [AgentModelResolver] agent "Explore" original_models=["lite"] -> resolved_models=["lite"]
[9/26/2026, 11:47:44 AM.434] [Info] [AgentModelResolver] agent "Plan" original_models=[] -> resolved_models=[]
[9/26/2026, 11:47:44 AM.434] [Info] [AgentModelResolver] agent "pulse" original_models=[] -> resolved_models=[]
[9/26/2026, 11:47:44 AM.434] [Info] [AgentModelResolver] agent "handoff-summary" original_models=undefined -> resolved_models=[]
[9/26/2026, 11:47:44 AM.434] [Info] [AgentModelResolver] agent "enhance-prompt" original_models=[] -> resolved_models=[]
[9/26/2026, 11:47:44 AM.434] [Info] [AgentModelResolver] agent "sheet-agent" original_models=[] -> resolved_models=[]
[9/26/2026, 11:47:44 AM.434] [Info] [AgentModelResolver] agent "doc-converter" original_models=[] -> resolved_models=[]
[9/26/2026, 11:47:44 AM.434] [Info] [AgentModelResolver] agent "doc-formatter" original_models=[] -> resolved_models=[]
[9/26/2026, 11:47:44 AM.434] [Info] [AgentModelResolver] agent "doc-writer" original_models=[] -> resolved_models=[]
[9/26/2026, 11:47:44 AM.450] [Info] [PluginPolicyService]  [MergedPlugins][DEBUG] ProductManager.onDidChange fired, reloading policies...
[9/26/2026, 11:47:44 AM.450] [Info] [PluginPolicyService]  [MergedPlugins][DEBUG] Current config builtInMarketPluginsMerge: [{"autoEnable":true,"marketplaceName":"codebuddy-plugins-official","name":"agent-browser","scope":"user"}]
[9/26/2026, 11:47:44 AM.450] [Info] [PluginPolicyService]  [MergedPlugins] Loaded 1 merged plugin entries
[9/26/2026, 11:47:44 AM.450] [Info] [Startup] AgentManager.rebuildAgents: START
[9/26/2026, 11:47:44 AM.450] [Info] [Startup] AgentManager.rebuildAgents: completed in 11ms, resolving readyDeferred
[9/26/2026, 11:47:44 AM.451] [Info] [PluginManager]  Checking for built-in marketplaces to install...
[9/26/2026, 11:47:44 AM.451] [Info] [BuiltInMarketplaceProvider]  Found 2 built-in marketplace(s)
[9/26/2026, 11:47:44 AM.451] [Info] [PluginManager]  Found 2 built-in marketplace(s)
[9/26/2026, 11:47:44 AM.455] [Info] [MarketplaceStorage]  [MarketplaceStorage] getMarketplaces ensureConfigFile=0ms readAndRepair=4ms migration=0ms total=4ms count=5 path=/Users/didi/.workbuddy/plugins/known_marketplaces.json
[9/26/2026, 11:47:44 AM.455] [Info] [PluginManager]  All built-in marketplaces are already installed
[9/26/2026, 11:47:44 AM.456] [Info] [MarketplaceStorage]  [MarketplaceStorage] getMarketplaces ensureConfigFile=0ms readAndRepair=1ms migration=0ms total=1ms count=5 path=/Users/didi/.workbuddy/plugins/known_marketplaces.json
[9/26/2026, 11:47:44 AM.456] [Info] [BuiltInMarketplaceProvider]  Found 2 built-in marketplace(s)
[9/26/2026, 11:47:44 AM.459] [Info] [PluginManager]  Loaded 5 marketplaces (2 built-in) total=4ms storage=1ms builtIn=0ms autoUpdate=0ms
[9/26/2026, 11:47:46 AM.441] [Info] [TracingService]  Tracing uses @tencent/galileo-node-sdk global OpenTelemetry provider; @genie OTLP exporter is skipped.
[9/26/2026, 11:47:46 AM.442] [Info] [TracingService]  Tracing config resolved: {"productEnabled":true,"enabledByEnv":false,"endpoint":"https://copilot.tencent.com","galileoEnabled":true}
[9/26/2026, 11:47:46 AM.748] [Info] [TracingService]  [primary] Exported 3 spans, traceIds: 0ae496e4100b2a4c773184db6872141e
[9/26/2026, 11:47:54 AM.856] [Info] [WorkflowMemProbe] tick runId=(none) | rss=142MB heap=153.4/164.2MB external=53.7MB arrayBuffers=0MB
[9/26/2026, 11:48:24 AM.857] [Info] [WorkflowMemProbe] tick runId=(none) | rss=64.7MB heap=153.7/164.2MB external=53.7MB arrayBuffers=0MB
[9/26/2026, 11:48:54 AM.858] [Info] [WorkflowMemProbe] tick runId=(none) | rss=72MB heap=153.9/164.2MB external=53.7MB arrayBuffers=0MB
[9/26/2026, 11:49:24 AM.859] [Info] [WorkflowMemProbe] tick runId=(none) | rss=72.8MB heap=154.1/164.2MB external=53.7MB arrayBuffers=0MB
[9/26/2026, 11:49:37 AM.760] [Info] [TracingService]  [primary] Exported 1 spans, traceIds: 03a46340151c7e6fea2917f98d726ce4
[9/26/2026, 11:49:54 AM.861] [Info] [WorkflowMemProbe] tick runId=(none) | rss=86.1MB heap=157.4/167MB external=53.7MB arrayBuffers=0MB
[9/26/2026, 11:50:24 AM.862] [Info] [WorkflowMemProbe] tick runId=(none) | rss=84.8MB heap=157.7/167MB external=53.8MB arrayBuffers=0MB
[9/26/2026, 11:50:54 AM.863] [Info] [WorkflowMemProbe] tick runId=(none) | rss=79.8MB heap=157.9/167MB external=53.8MB arrayBuffers=0MB
[9/26/2026, 11:51:24 AM.866] [Info] [WorkflowMemProbe] tick runId=(none) | rss=66.5MB heap=158.1/167MB external=53.8MB arrayBuffers=0MB
[9/26/2026, 11:51:54 AM.872] [Info] [WorkflowMemProbe] tick runId=(none) | rss=51.6MB heap=158.3/167.3MB external=53.8MB arrayBuffers=0MB
[9/26/2026, 11:52:24 AM.871] [Info] [WorkflowMemProbe] tick runId=(none) | rss=63.4MB heap=158.5/167.5MB external=53.8MB arrayBuffers=0MB
[9/26/2026, 11:52:54 AM.873] [Info] [WorkflowMemProbe] tick runId=(none) | rss=51.1MB heap=158.6/167.5MB external=53.8MB arrayBuffers=0MB
[9/26/2026, 11:53:24 AM.873] [Info] [WorkflowMemProbe] tick runId=(none) | rss=63.4MB heap=158.8/167.8MB external=53.8MB arrayBuffers=0MB
[9/26/2026, 11:53:54 AM.875] [Info] [WorkflowMemProbe] tick runId=(none) | rss=65.3MB heap=159/168MB external=53.8MB arrayBuffers=0MB
[9/26/2026, 11:54:24 AM.875] [Info] [WorkflowMemProbe] tick runId=(none) | rss=67.2MB heap=159.2/168.3MB external=53.8MB arrayBuffers=0MB
[9/26/2026, 11:54:39 AM.784] [Info] [TracingService]  [primary] Exported 1 spans, traceIds: 952e2796121b55fb8c62301641005bbe
[9/26/2026, 12:09:45 PM.561] [Info] [WorkflowMemProbe] tick runId=(none) | rss=90.1MB heap=155.7/163.1MB external=53.7MB arrayBuffers=0MB
[9/26/2026, 12:09:45 PM.569] [Info] [GitInfoCollector]  CODEBUDDY_GIT_REPO_SCAN_DISABLED 1
[9/26/2026, 12:09:45 PM.569] [Info] [GitInfoCollector]  Git repository scan is disabled via CODEBUDDY_GIT_REPO_SCAN_DISABLED environment variable
[9/26/2026, 12:09:46 PM.394] [Info] [CloudProductManager]  fetch cloud product success, agents(1): cli, models(53): auto,fast-model,balanced-model,deep-model,hy3,hy3-b,hy3-c,hy3-x,hy4-preview,hy4-preview-f,minimax-m2.5,glm-5v-turbo,glm-5.3,glm-5.3-flash,glm-5.2,glm-5.1,glm-5.0-turbo,glm-4.6v,kimi-k3-1,kimi-k2.8-preview,kimi-k2.7,kimi-k2.6,kimi-k2.5,kimi-k2-thinking,minimax-m3,minimax-m2.7,glm-4.6,deepseek-v4-flash,deepseek-v4.1-flash,deepseek-v4-pro,deepseek-v3-2-volc,deepseek-v3-1-volc,deepseek-v3-1-lkeap,deepseek-v3-1,deepseek-v3-0324-lkeap,deepseek-r1-0528-lkeap,kimi-k2-instruct-taiji,completion-gf,default-1.1,hunyuan-3b,hunyuan-7b-dense,codewise-completions,codewise-rewrite,codewise-nes-a4-027-aide,codewise-jump,deepseek-r1-0528,deepseek-v3-0324-taco-completion,deepseek-v3-0324,default-1.2,hunyuan-2.0-instruct,hunyuan-chat,hunyuan-image-alpha,hunyuan-image-alpha-edit
[9/26/2026, 12:09:46 PM.394] [Info] [CloudProductManager]  Fetched configuration from remote [824ms]
[9/26/2026, 12:09:46 PM.395] [Info] [PluginsProductProvider.provide] active=9, ids=[weixinpay@workbuddy-builtin,tencent-docs-plugin@workbuddy-builtin,sheetagent@workbuddy-builtin,tencent-pptx@workbuddy-builtin,tencent-docx@workbuddy-builtin,agent-browser@codebuddy-plugins-official,find-skills@codebuddy-plugins-official,agent-browser@inline,find-skills@inline]
[9/26/2026, 12:09:46 PM.395] [Info] [MCP][cacheDbg] getConnectedServers() called: nonInteractive=true waitForSettle=false cacheNow=[connector-proxy,weixinpay,sheetagent] allServers=[connector-proxy:connected,weixinpay:connected,sheetagent:connected]
[9/26/2026, 12:09:46 PM.395] [Info] [MCP][cacheDbg] getConnectedServers() returning: [connector-proxy,weixinpay,sheetagent] (size=3)
[9/26/2026, 12:09:46 PM.403] [Info] [CustomModelsProductProvider] productName=WorkBuddy, isWorkBuddy=true, userConfigPath=/Users/didi/.workbuddy/models.json
[9/26/2026, 12:09:46 PM.403] [Info] Loaded custom models config from user: /Users/didi/.workbuddy/models.json
[9/26/2026, 12:09:46 PM.403] [Info] [ModelsProductProvider] enterpriseId: undefined, endpoint: https://copilot.tencent.com
[9/26/2026, 12:09:46 PM.403] [Warning] [ModelsProductProvider] enterpriseId is missing, skipping models API call
[9/26/2026, 12:09:46 PM.403] [Info] [AgentModelResolver] product config input: 54 models, 23 agents
[9/26/2026, 12:09:46 PM.403] [Info] [AgentModelResolver] model ids: auto, fast-model, balanced-model, deep-model, hy3, hy3-b, hy3-c, hy3-x, hy4-preview, hy4-preview-f, minimax-m2.5, glm-5v-turbo, glm-5.3, glm-5.3-flash, glm-5.2, glm-5.1, glm-5.0-turbo, glm-4.6v, kimi-k3-1, kimi-k2.8-preview, kimi-k2.7, kimi-k2.6, kimi-k2.5, kimi-k2-thinking, minimax-m3, minimax-m2.7, glm-4.6, deepseek-v4-flash, deepseek-v4.1-flash, deepseek-v4-pro, deepseek-v3-2-volc, deepseek-v3-1-volc, deepseek-v3-1-lkeap, deepseek-v3-1, deepseek-v3-0324-lkeap, deepseek-r1-0528-lkeap, kimi-k2-instruct-taiji, completion-gf, default-1.1, hunyuan-3b, hunyuan-7b-dense, codewise-completions, codewise-rewrite, codewise-nes-a4-027-aide, codewise-jump, deepseek-r1-0528, deepseek-v3-0324-taco-completion, deepseek-v3-0324, default-1.2, hunyuan-2.0-instruct, hunyuan-chat, hunyuan-image-alpha, hunyuan-image-alpha-edit, custom-local:kimi-k3
[9/26/2026, 12:09:46 PM.403] [Info] [AgentModelResolver] agent "cli" original_models=["auto","hy4-preview-f","hy3","hy3-x","deepseek-v4.1-flash","glm-5.3","glm-5.3-flash","glm-5.2","glm-5.1","glm-5v-turbo","minimax-m3","kimi-k3-1","kimi-k2.8-preview","kimi-k2.7","kimi-k2.6","deepseek-v4-pro"] -> resolved_models=["auto","hy4-preview-f","hy3","hy3-x","deepseek-v4.1-flash","glm-5.3","glm-5.3-flash","glm-5.2","glm-5.1","glm-5v-turbo","minimax-m3","kimi-k3-1","kimi-k2.8-preview","kimi-k2.7","kimi-k2.6","deepseek-v4-pro"]
[9/26/2026, 12:09:46 PM.403] [Info] [AgentModelResolver] agent "general-purpose" original_models=[] -> resolved_models=[]
[9/26/2026, 12:09:46 PM.403] [Info] [AgentModelResolver] agent "compact" original_models=[] -> resolved_models=[]
[9/26/2026, 12:09:46 PM.403] [Info] [AgentModelResolver] agent "contextSummary" original_models=[] -> resolved_models=[]
[9/26/2026, 12:09:46 PM.403] [Info] [AgentModelResolver] agent "contentAnalyzer" original_models=[] -> resolved_models=[]
[9/26/2026, 12:09:46 PM.403] [Info] [AgentModelResolver] agent "terminalTitleGenerator" original_models=[] -> resolved_models=[]
[9/26/2026, 12:09:46 PM.403] [Info] [AgentModelResolver] agent "promptSuggestion" original_models=[] -> resolved_models=[]
[9/26/2026, 12:09:46 PM.403] [Info] [AgentModelResolver] agent "memorySelector" original_models=["lite"] -> resolved_models=["lite"]
[9/26/2026, 12:09:46 PM.403] [Info] [AgentModelResolver] agent "summaryGenerator" original_models=[] -> resolved_models=[]
[9/26/2026, 12:09:46 PM.403] [Info] [AgentModelResolver] agent "autoModeClassifier" original_models=[] -> resolved_models=[]
[9/26/2026, 12:09:46 PM.403] [Info] [AgentModelResolver] agent "promptHookEvaluator" original_models=["lite"] -> resolved_models=["lite"]
[9/26/2026, 12:09:46 PM.403] [Info] [AgentModelResolver] agent "insightsAnalyzer" original_models=[] -> resolved_models=[]
[9/26/2026, 12:09:46 PM.403] [Info] [AgentModelResolver] agent "agentInstructions" original_models=[] -> resolved_models=[]
[9/26/2026, 12:09:46 PM.403] [Info] [AgentModelResolver] agent "statusline-setup" original_models=[] -> resolved_models=[]
[9/26/2026, 12:09:46 PM.403] [Info] [AgentModelResolver] agent "Explore" original_models=["lite"] -> resolved_models=["lite"]
[9/26/2026, 12:09:46 PM.403] [Info] [AgentModelResolver] agent "Plan" original_models=[] -> resolved_models=[]
[9/26/2026, 12:09:46 PM.403] [Info] [AgentModelResolver] agent "pulse" original_models=[] -> resolved_models=[]
[9/26/2026, 12:09:46 PM.403] [Info] [AgentModelResolver] agent "handoff-summary" original_models=undefined -> resolved_models=[]
[9/26/2026, 12:09:46 PM.403] [Info] [AgentModelResolver] agent "enhance-prompt" original_models=[] -> resolved_models=[]
[9/26/2026, 12:09:46 PM.403] [Info] [AgentModelResolver] agent "sheet-agent" original_models=[] -> resolved_models=[]
[9/26/2026, 12:09:46 PM.403] [Info] [AgentModelResolver] agent "doc-converter" original_models=[] -> resolved_models=[]
[9/26/2026, 12:09:46 PM.403] [Info] [AgentModelResolver] agent "doc-formatter" original_models=[] -> resolved_models=[]
[9/26/2026, 12:09:46 PM.403] [Info] [AgentModelResolver] agent "doc-writer" original_models=[] -> resolved_models=[]
[9/26/2026, 12:09:46 PM.422] [Info] [PluginPolicyService]  [MergedPlugins][DEBUG] ProductManager.onDidChange fired, reloading policies...
[9/26/2026, 12:09:46 PM.422] [Info] [PluginPolicyService]  [MergedPlugins][DEBUG] Current config builtInMarketPluginsMerge: [{"autoEnable":true,"marketplaceName":"codebuddy-plugins-official","name":"agent-browser","scope":"user"}]
[9/26/2026, 12:09:46 PM.422] [Info] [PluginPolicyService]  [MergedPlugins] Loaded 1 merged plugin entries
[9/26/2026, 12:09:46 PM.422] [Info] [Startup] AgentManager.rebuildAgents: START
[9/26/2026, 12:09:46 PM.422] [Info] [Startup] AgentManager.rebuildAgents: completed in 12ms, resolving readyDeferred
[9/26/2026, 12:09:46 PM.422] [Info] [PluginManager]  Checking for built-in marketplaces to install...
[9/26/2026, 12:09:46 PM.422] [Info] [BuiltInMarketplaceProvider]  Found 2 built-in marketplace(s)
[9/26/2026, 12:09:46 PM.422] [Info] [PluginManager]  Found 2 built-in marketplace(s)
[9/26/2026, 12:09:46 PM.423] [Info] [MarketplaceStorage]  [MarketplaceStorage] getMarketplaces ensureConfigFile=0ms readAndRepair=1ms migration=0ms total=1ms count=5 path=/Users/didi/.workbuddy/plugins/known_marketplaces.json
[9/26/2026, 12:09:46 PM.423] [Info] [PluginManager]  All built-in marketplaces are already installed
[9/26/2026, 12:09:46 PM.424] [Info] [MarketplaceStorage]  [MarketplaceStorage] getMarketplaces ensureConfigFile=0ms readAndRepair=1ms migration=0ms total=1ms count=5 path=/Users/didi/.workbuddy/plugins/known_marketplaces.json
[9/26/2026, 12:09:46 PM.424] [Info] [BuiltInMarketplaceProvider]  Found 2 built-in marketplace(s)
[9/26/2026, 12:09:46 PM.426] [Info] [PluginManager]  Loaded 5 marketplaces (2 built-in) total=3ms storage=1ms builtIn=0ms autoUpdate=0ms
[9/26/2026, 12:09:48 PM.411] [Info] [TracingService]  Tracing uses @tencent/galileo-node-sdk global OpenTelemetry provider; @genie OTLP exporter is skipped.
[9/26/2026, 12:09:48 PM.412] [Info] [TracingService]  Tracing config resolved: {"productEnabled":true,"enabledByEnv":false,"endpoint":"https://copilot.tencent.com","galileoEnabled":true}
[9/26/2026, 12:10:15 PM.556] [Info] [WorkflowMemProbe] tick runId=(none) | rss=112.9MB heap=161/170.5MB external=54.3MB arrayBuffers=0MB
[9/26/2026, 12:25:54 PM.854] [Info] [WorkflowMemProbe] tick runId=(none) | rss=112.9MB heap=161.2/170.5MB external=54.3MB arrayBuffers=0MB
[9/26/2026, 12:25:54 PM.869] [Info] [GitInfoCollector]  CODEBUDDY_GIT_REPO_SCAN_DISABLED 1
[9/26/2026, 12:25:54 PM.869] [Info] [GitInfoCollector]  Git repository scan is disabled via CODEBUDDY_GIT_REPO_SCAN_DISABLED environment variable
[9/26/2026, 12:25:55 PM.652] [Info] [CloudProductManager]  fetch cloud product success, agents(1): cli, models(53): auto,fast-model,balanced-model,deep-model,hy3,hy3-b,hy3-c,hy3-x,hy4-preview,hy4-preview-f,minimax-m2.5,glm-5v-turbo,glm-5.3,glm-5.3-flash,glm-5.2,glm-5.1,glm-5.0-turbo,glm-4.6v,kimi-k3-1,kimi-k2.8-preview,kimi-k2.7,kimi-k2.6,kimi-k2.5,kimi-k2-thinking,minimax-m3,minimax-m2.7,glm-4.6,deepseek-v4-flash,deepseek-v4.1-flash,deepseek-v4-pro,deepseek-v3-2-volc,deepseek-v3-1-volc,deepseek-v3-1-lkeap,deepseek-v3-1,deepseek-v3-0324-lkeap,deepseek-r1-0528-lkeap,kimi-k2-instruct-taiji,completion-gf,default-1.1,hunyuan-3b,hunyuan-7b-dense,codewise-completions,codewise-rewrite,codewise-nes-a4-027-aide,codewise-jump,deepseek-r1-0528,deepseek-v3-0324-taco-completion,deepseek-v3-0324,default-1.2,hunyuan-2.0-instruct,hunyuan-chat,hunyuan-image-alpha,hunyuan-image-alpha-edit
[9/26/2026, 12:25:55 PM.652] [Info] [CloudProductManager]  Fetched configuration from remote [783ms]
[9/26/2026, 12:25:55 PM.654] [Info] [PluginsProductProvider.provide] active=9, ids=[weixinpay@workbuddy-builtin,tencent-docs-plugin@workbuddy-builtin,sheetagent@workbuddy-builtin,tencent-pptx@workbuddy-builtin,tencent-docx@workbuddy-builtin,agent-browser@codebuddy-plugins-official,find-skills@codebuddy-plugins-official,agent-browser@inline,find-skills@inline]
[9/26/2026, 12:25:55 PM.654] [Info] [MCP][cacheDbg] getConnectedServers() called: nonInteractive=true waitForSettle=false cacheNow=[connector-proxy,weixinpay,sheetagent] allServers=[connector-proxy:connected,weixinpay:connected,sheetagent:connected]
[9/26/2026, 12:25:55 PM.654] [Info] [MCP][cacheDbg] getConnectedServers() returning: [connector-proxy,weixinpay,sheetagent] (size=3)
[9/26/2026, 12:25:55 PM.663] [Info] [CustomModelsProductProvider] productName=WorkBuddy, isWorkBuddy=true, userConfigPath=/Users/didi/.workbuddy/models.json
[9/26/2026, 12:25:55 PM.663] [Info] Loaded custom models config from user: /Users/didi/.workbuddy/models.json
[9/26/2026, 12:25:55 PM.664] [Info] [ModelsProductProvider] enterpriseId: undefined, endpoint: https://copilot.tencent.com
[9/26/2026, 12:25:55 PM.664] [Warning] [ModelsProductProvider] enterpriseId is missing, skipping models API call
[9/26/2026, 12:25:55 PM.664] [Info] [AgentModelResolver] product config input: 54 models, 23 agents
[9/26/2026, 12:25:55 PM.664] [Info] [AgentModelResolver] model ids: auto, fast-model, balanced-model, deep-model, hy3, hy3-b, hy3-c, hy3-x, hy4-preview, hy4-preview-f, minimax-m2.5, glm-5v-turbo, glm-5.3, glm-5.3-flash, glm-5.2, glm-5.1, glm-5.0-turbo, glm-4.6v, kimi-k3-1, kimi-k2.8-preview, kimi-k2.7, kimi-k2.6, kimi-k2.5, kimi-k2-thinking, minimax-m3, minimax-m2.7, glm-4.6, deepseek-v4-flash, deepseek-v4.1-flash, deepseek-v4-pro, deepseek-v3-2-volc, deepseek-v3-1-volc, deepseek-v3-1-lkeap, deepseek-v3-1, deepseek-v3-0324-lkeap, deepseek-r1-0528-lkeap, kimi-k2-instruct-taiji, completion-gf, default-1.1, hunyuan-3b, hunyuan-7b-dense, codewise-completions, codewise-rewrite, codewise-nes-a4-027-aide, codewise-jump, deepseek-r1-0528, deepseek-v3-0324-taco-completion, deepseek-v3-0324, default-1.2, hunyuan-2.0-instruct, hunyuan-chat, hunyuan-image-alpha, hunyuan-image-alpha-edit, custom-local:kimi-k3
[9/26/2026, 12:25:55 PM.664] [Info] [AgentModelResolver] agent "cli" original_models=["auto","hy4-preview-f","hy3","hy3-x","deepseek-v4.1-flash","glm-5.3","glm-5.3-flash","glm-5.2","glm-5.1","glm-5v-turbo","minimax-m3","kimi-k3-1","kimi-k2.8-preview","kimi-k2.7","kimi-k2.6","deepseek-v4-pro"] -> resolved_models=["auto","hy4-preview-f","hy3","hy3-x","deepseek-v4.1-flash","glm-5.3","glm-5.3-flash","glm-5.2","glm-5.1","glm-5v-turbo","minimax-m3","kimi-k3-1","kimi-k2.8-preview","kimi-k2.7","kimi-k2.6","deepseek-v4-pro"]
[9/26/2026, 12:25:55 PM.664] [Info] [AgentModelResolver] agent "general-purpose" original_models=[] -> resolved_models=[]
[9/26/2026, 12:25:55 PM.664] [Info] [AgentModelResolver] agent "compact" original_models=[] -> resolved_models=[]
[9/26/2026, 12:25:55 PM.664] [Info] [AgentModelResolver] agent "contextSummary" original_models=[] -> resolved_models=[]
[9/26/2026, 12:25:55 PM.664] [Info] [AgentModelResolver] agent "contentAnalyzer" original_models=[] -> resolved_models=[]
[9/26/2026, 12:25:55 PM.664] [Info] [AgentModelResolver] agent "terminalTitleGenerator" original_models=[] -> resolved_models=[]
[9/26/2026, 12:25:55 PM.664] [Info] [AgentModelResolver] agent "promptSuggestion" original_models=[] -> resolved_models=[]
[9/26/2026, 12:25:55 PM.664] [Info] [AgentModelResolver] agent "memorySelector" original_models=["lite"] -> resolved_models=["lite"]
[9/26/2026, 12:25:55 PM.664] [Info] [AgentModelResolver] agent "summaryGenerator" original_models=[] -> resolved_models=[]
[9/26/2026, 12:25:55 PM.664] [Info] [AgentModelResolver] agent "autoModeClassifier" original_models=[] -> resolved_models=[]
[9/26/2026, 12:25:55 PM.664] [Info] [AgentModelResolver] agent "promptHookEvaluator" original_models=["lite"] -> resolved_models=["lite"]
[9/26/2026, 12:25:55 PM.664] [Info] [AgentModelResolver] agent "insightsAnalyzer" original_models=[] -> resolved_models=[]
[9/26/2026, 12:25:55 PM.664] [Info] [AgentModelResolver] agent "agentInstructions" original_models=[] -> resolved_models=[]
[9/26/2026, 12:25:55 PM.664] [Info] [AgentModelResolver] agent "statusline-setup" original_models=[] -> resolved_models=[]
[9/26/2026, 12:25:55 PM.664] [Info] [AgentModelResolver] agent "Explore" original_models=["lite"] -> resolved_models=["lite"]
[9/26/2026, 12:25:55 PM.664] [Info] [AgentModelResolver] agent "Plan" original_models=[] -> resolved_models=[]
[9/26/2026, 12:25:55 PM.664] [Info] [AgentModelResolver] agent "pulse" original_models=[] -> resolved_models=[]
[9/26/2026, 12:25:55 PM.664] [Info] [AgentModelResolver] agent "handoff-summary" original_models=undefined -> resolved_models=[]
[9/26/2026, 12:25:55 PM.664] [Info] [AgentModelResolver] agent "enhance-prompt" original_models=[] -> resolved_models=[]
[9/26/2026, 12:25:55 PM.664] [Info] [AgentModelResolver] agent "sheet-agent" original_models=[] -> resolved_models=[]
[9/26/2026, 12:25:55 PM.664] [Info] [AgentModelResolver] agent "doc-converter" original_models=[] -> resolved_models=[]
[9/26/2026, 12:25:55 PM.664] [Info] [AgentModelResolver] agent "doc-formatter" original_models=[] -> resolved_models=[]
[9/26/2026, 12:25:55 PM.664] [Info] [AgentModelResolver] agent "doc-writer" original_models=[] -> resolved_models=[]
[9/26/2026, 12:25:55 PM.683] [Info] [PluginPolicyService]  [MergedPlugins][DEBUG] ProductManager.onDidChange fired, reloading policies...
[9/26/2026, 12:25:55 PM.683] [Info] [PluginPolicyService]  [MergedPlugins][DEBUG] Current config builtInMarketPluginsMerge: [{"autoEnable":true,"marketplaceName":"codebuddy-plugins-official","name":"agent-browser","scope":"user"}]
[9/26/2026, 12:25:55 PM.683] [Info] [PluginPolicyService]  [MergedPlugins] Loaded 1 merged plugin entries
[9/26/2026, 12:25:55 PM.683] [Info] [Startup] AgentManager.rebuildAgents: START
[9/26/2026, 12:25:55 PM.683] [Info] [Startup] AgentManager.rebuildAgents: completed in 13ms, resolving readyDeferred
[9/26/2026, 12:25:55 PM.685] [Info] [PluginManager]  Checking for built-in marketplaces to install...
[9/26/2026, 12:25:55 PM.685] [Info] [BuiltInMarketplaceProvider]  Found 2 built-in marketplace(s)
[9/26/2026, 12:25:55 PM.685] [Info] [PluginManager]  Found 2 built-in marketplace(s)
[9/26/2026, 12:25:55 PM.686] [Info] [MarketplaceStorage]  [MarketplaceStorage] getMarketplaces ensureConfigFile=0ms readAndRepair=1ms migration=0ms total=1ms count=5 path=/Users/didi/.workbuddy/plugins/known_marketplaces.json
[9/26/2026, 12:25:55 PM.686] [Info] [PluginManager]  All built-in marketplaces are already installed
[9/26/2026, 12:25:55 PM.687] [Info] [MarketplaceStorage]  [MarketplaceStorage] getMarketplaces ensureConfigFile=0ms readAndRepair=1ms migration=0ms total=1ms count=5 path=/Users/didi/.workbuddy/plugins/known_marketplaces.json
[9/26/2026, 12:25:55 PM.687] [Info] [BuiltInMarketplaceProvider]  Found 2 built-in marketplace(s)
[9/26/2026, 12:25:55 PM.692] [Info] [PluginManager]  Loaded 5 marketplaces (2 built-in) total=6ms storage=1ms builtIn=0ms autoUpdate=0ms
[9/26/2026, 12:25:57 PM.671] [Info] [TracingService]  Tracing uses @tencent/galileo-node-sdk global OpenTelemetry provider; @genie OTLP exporter is skipped.
[9/26/2026, 12:25:57 PM.671] [Info] [TracingService]  Tracing config resolved: {"productEnabled":true,"enabledByEnv":false,"endpoint":"https://copilot.tencent.com","galileoEnabled":true}
[9/26/2026, 12:26:24 PM.840] [Info] [WorkflowMemProbe] tick runId=(none) | rss=141.7MB heap=153.1/161.5MB external=53.6MB arrayBuffers=0MB
[9/26/2026, 12:42:09 PM.860] [Info] [WorkflowMemProbe] tick runId=(none) | rss=140.4MB heap=153.3/161.5MB external=53.6MB arrayBuffers=0MB
[9/26/2026, 12:42:09 PM.866] [Info] [GitInfoCollector]  CODEBUDDY_GIT_REPO_SCAN_DISABLED 1
[9/26/2026, 12:42:09 PM.866] [Info] [GitInfoCollector]  Git repository scan is disabled via CODEBUDDY_GIT_REPO_SCAN_DISABLED environment variable
[9/26/2026, 12:42:10 PM.464] [Info] [CloudProductManager]  fetch cloud product success, agents(1): cli, models(53): auto,fast-model,balanced-model,deep-model,hy3,hy3-b,hy3-c,hy3-x,hy4-preview,hy4-preview-f,minimax-m2.5,glm-5v-turbo,glm-5.3,glm-5.3-flash,glm-5.2,glm-5.1,glm-5.0-turbo,glm-4.6v,kimi-k3-1,kimi-k2.8-preview,kimi-k2.7,kimi-k2.6,kimi-k2.5,kimi-k2-thinking,minimax-m3,minimax-m2.7,glm-4.6,deepseek-v4-flash,deepseek-v4.1-flash,deepseek-v4-pro,deepseek-v3-2-volc,deepseek-v3-1-volc,deepseek-v3-1-lkeap,deepseek-v3-1,deepseek-v3-0324-lkeap,deepseek-r1-0528-lkeap,kimi-k2-instruct-taiji,completion-gf,default-1.1,hunyuan-3b,hunyuan-7b-dense,codewise-completions,codewise-rewrite,codewise-nes-a4-027-aide,codewise-jump,deepseek-r1-0528,deepseek-v3-0324-taco-completion,deepseek-v3-0324,default-1.2,hunyuan-2.0-instruct,hunyuan-chat,hunyuan-image-alpha,hunyuan-image-alpha-edit
[9/26/2026, 12:42:10 PM.464] [Info] [CloudProductManager]  Fetched configuration from remote [596ms]
[9/26/2026, 12:42:10 PM.465] [Info] [PluginsProductProvider.provide] active=9, ids=[weixinpay@workbuddy-builtin,tencent-docs-plugin@workbuddy-builtin,sheetagent@workbuddy-builtin,tencent-pptx@workbuddy-builtin,tencent-docx@workbuddy-builtin,agent-browser@codebuddy-plugins-official,find-skills@codebuddy-plugins-official,agent-browser@inline,find-skills@inline]
[9/26/2026, 12:42:10 PM.466] [Info] [MCP][cacheDbg] getConnectedServers() called: nonInteractive=true waitForSettle=false cacheNow=[connector-proxy,weixinpay,sheetagent] allServers=[connector-proxy:connected,weixinpay:connected,sheetagent:connected]
[9/26/2026, 12:42:10 PM.466] [Info] [MCP][cacheDbg] getConnectedServers() returning: [connector-proxy,weixinpay,sheetagent] (size=3)
[9/26/2026, 12:42:10 PM.478] [Info] [CustomModelsProductProvider] productName=WorkBuddy, isWorkBuddy=true, userConfigPath=/Users/didi/.workbuddy/models.json
[9/26/2026, 12:42:10 PM.478] [Info] Loaded custom models config from user: /Users/didi/.workbuddy/models.json
[9/26/2026, 12:42:10 PM.478] [Info] [ModelsProductProvider] enterpriseId: undefined, endpoint: https://copilot.tencent.com
[9/26/2026, 12:42:10 PM.478] [Warning] [ModelsProductProvider] enterpriseId is missing, skipping models API call
[9/26/2026, 12:42:10 PM.479] [Info] [AgentModelResolver] product config input: 54 models, 23 agents
[9/26/2026, 12:42:10 PM.479] [Info] [AgentModelResolver] model ids: auto, fast-model, balanced-model, deep-model, hy3, hy3-b, hy3-c, hy3-x, hy4-preview, hy4-preview-f, minimax-m2.5, glm-5v-turbo, glm-5.3, glm-5.3-flash, glm-5.2, glm-5.1, glm-5.0-turbo, glm-4.6v, kimi-k3-1, kimi-k2.8-preview, kimi-k2.7, kimi-k2.6, kimi-k2.5, kimi-k2-thinking, minimax-m3, minimax-m2.7, glm-4.6, deepseek-v4-flash, deepseek-v4.1-flash, deepseek-v4-pro, deepseek-v3-2-volc, deepseek-v3-1-volc, deepseek-v3-1-lkeap, deepseek-v3-1, deepseek-v3-0324-lkeap, deepseek-r1-0528-lkeap, kimi-k2-instruct-taiji, completion-gf, default-1.1, hunyuan-3b, hunyuan-7b-dense, codewise-completions, codewise-rewrite, codewise-nes-a4-027-aide, codewise-jump, deepseek-r1-0528, deepseek-v3-0324-taco-completion, deepseek-v3-0324, default-1.2, hunyuan-2.0-instruct, hunyuan-chat, hunyuan-image-alpha, hunyuan-image-alpha-edit, custom-local:kimi-k3
[9/26/2026, 12:42:10 PM.479] [Info] [AgentModelResolver] agent "cli" original_models=["auto","hy4-preview-f","hy3","hy3-x","deepseek-v4.1-flash","glm-5.3","glm-5.3-flash","glm-5.2","glm-5.1","glm-5v-turbo","minimax-m3","kimi-k3-1","kimi-k2.8-preview","kimi-k2.7","kimi-k2.6","deepseek-v4-pro"] -> resolved_models=["auto","hy4-preview-f","hy3","hy3-x","deepseek-v4.1-flash","glm-5.3","glm-5.3-flash","glm-5.2","glm-5.1","glm-5v-turbo","minimax-m3","kimi-k3-1","kimi-k2.8-preview","kimi-k2.7","kimi-k2.6","deepseek-v4-pro"]
[9/26/2026, 12:42:10 PM.479] [Info] [AgentModelResolver] agent "general-purpose" original_models=[] -> resolved_models=[]
[9/26/2026, 12:42:10 PM.479] [Info] [AgentModelResolver] agent "compact" original_models=[] -> resolved_models=[]
[9/26/2026, 12:42:10 PM.479] [Info] [AgentModelResolver] agent "contextSummary" original_models=[] -> resolved_models=[]
[9/26/2026, 12:42:10 PM.479] [Info] [AgentModelResolver] agent "contentAnalyzer" original_models=[] -> resolved_models=[]
[9/26/2026, 12:42:10 PM.479] [Info] [AgentModelResolver] agent "terminalTitleGenerator" original_models=[] -> resolved_models=[]
[9/26/2026, 12:42:10 PM.479] [Info] [AgentModelResolver] agent "promptSuggestion" original_models=[] -> resolved_models=[]
[9/26/2026, 12:42:10 PM.479] [Info] [AgentModelResolver] agent "memorySelector" original_models=["lite"] -> resolved_models=["lite"]
[9/26/2026, 12:42:10 PM.479] [Info] [AgentModelResolver] agent "summaryGenerator" original_models=[] -> resolved_models=[]
[9/26/2026, 12:42:10 PM.479] [Info] [AgentModelResolver] agent "autoModeClassifier" original_models=[] -> resolved_models=[]
[9/26/2026, 12:42:10 PM.479] [Info] [AgentModelResolver] agent "promptHookEvaluator" original_models=["lite"] -> resolved_models=["lite"]
[9/26/2026, 12:42:10 PM.479] [Info] [AgentModelResolver] agent "insightsAnalyzer" original_models=[] -> resolved_models=[]
[9/26/2026, 12:42:10 PM.479] [Info] [AgentModelResolver] agent "agentInstructions" original_models=[] -> resolved_models=[]
[9/26/2026, 12:42:10 PM.479] [Info] [AgentModelResolver] agent "statusline-setup" original_models=[] -> resolved_models=[]
[9/26/2026, 12:42:10 PM.479] [Info] [AgentModelResolver] agent "Explore" original_models=["lite"] -> resolved_models=["lite"]
[9/26/2026, 12:42:10 PM.479] [Info] [AgentModelResolver] agent "Plan" original_models=[] -> resolved_models=[]
[9/26/2026, 12:42:10 PM.479] [Info] [AgentModelResolver] agent "pulse" original_models=[] -> resolved_models=[]
[9/26/2026, 12:42:10 PM.479] [Info] [AgentModelResolver] agent "handoff-summary" original_models=undefined -> resolved_models=[]
[9/26/2026, 12:42:10 PM.479] [Info] [AgentModelResolver] agent "enhance-prompt" original_models=[] -> resolved_models=[]
[9/26/2026, 12:42:10 PM.479] [Info] [AgentModelResolver] agent "sheet-agent" original_models=[] -> resolved_models=[]
[9/26/2026, 12:42:10 PM.479] [Info] [AgentModelResolver] agent "doc-converter" original_models=[] -> resolved_models=[]
[9/26/2026, 12:42:10 PM.479] [Info] [AgentModelResolver] agent "doc-formatter" original_models=[] -> resolved_models=[]
[9/26/2026, 12:42:10 PM.479] [Info] [AgentModelResolver] agent "doc-writer" original_models=[] -> resolved_models=[]
[9/26/2026, 12:42:10 PM.500] [Info] [PluginPolicyService]  [MergedPlugins][DEBUG] ProductManager.onDidChange fired, reloading policies...
[9/26/2026, 12:42:10 PM.500] [Info] [PluginPolicyService]  [MergedPlugins][DEBUG] Current config builtInMarketPluginsMerge: [{"autoEnable":true,"marketplaceName":"codebuddy-plugins-official","name":"agent-browser","scope":"user"}]
[9/26/2026, 12:42:10 PM.500] [Info] [PluginPolicyService]  [MergedPlugins] Loaded 1 merged plugin entries
[9/26/2026, 12:42:10 PM.500] [Info] [Startup] AgentManager.rebuildAgents: START
[9/26/2026, 12:42:10 PM.501] [Info] [Startup] AgentManager.rebuildAgents: completed in 15ms, resolving readyDeferred
[9/26/2026, 12:42:10 PM.501] [Info] [PluginManager]  Checking for built-in marketplaces to install...
[9/26/2026, 12:42:10 PM.501] [Info] [BuiltInMarketplaceProvider]  Found 2 built-in marketplace(s)
[9/26/2026, 12:42:10 PM.501] [Info] [PluginManager]  Found 2 built-in marketplace(s)
[9/26/2026, 12:42:10 PM.506] [Info] [MarketplaceStorage]  [MarketplaceStorage] getMarketplaces ensureConfigFile=0ms readAndRepair=5ms migration=0ms total=5ms count=5 path=/Users/didi/.workbuddy/plugins/known_marketplaces.json
[9/26/2026, 12:42:10 PM.506] [Info] [PluginManager]  All built-in marketplaces are already installed
[9/26/2026, 12:42:10 PM.509] [Info] [MarketplaceStorage]  [MarketplaceStorage] getMarketplaces ensureConfigFile=0ms readAndRepair=3ms migration=0ms total=3ms count=5 path=/Users/didi/.workbuddy/plugins/known_marketplaces.json
[9/26/2026, 12:42:10 PM.509] [Info] [BuiltInMarketplaceProvider]  Found 2 built-in marketplace(s)
[9/26/2026, 12:42:10 PM.513] [Info] [PluginManager]  Loaded 5 marketplaces (2 built-in) total=7ms storage=3ms builtIn=0ms autoUpdate=0ms
[9/26/2026, 12:42:12 PM.485] [Info] [TracingService]  Tracing uses @tencent/galileo-node-sdk global OpenTelemetry provider; @genie OTLP exporter is skipped.
[9/26/2026, 12:42:12 PM.485] [Info] [TracingService]  Tracing config resolved: {"productEnabled":true,"enabledByEnv":false,"endpoint":"https://copilot.tencent.com","galileoEnabled":true}
[9/26/2026, 12:42:39 PM.885] [Info] [WorkflowMemProbe] tick runId=(none) | rss=144.7MB heap=161.4/168.9MB external=54.8MB arrayBuffers=0MB
[9/26/2026, 12:58:28 PM.422] [Info] [WorkflowMemProbe] tick runId=(none) | rss=144.9MB heap=161.6/169.2MB external=54.8MB arrayBuffers=0MB
[9/26/2026, 12:58:28 PM.430] [Info] [GitInfoCollector]  CODEBUDDY_GIT_REPO_SCAN_DISABLED 1
[9/26/2026, 12:58:28 PM.430] [Info] [GitInfoCollector]  Git repository scan is disabled via CODEBUDDY_GIT_REPO_SCAN_DISABLED environment variable
[9/26/2026, 12:58:28 PM.921] [Info] [CloudProductManager]  fetch cloud product success, agents(1): cli, models(53): auto,fast-model,balanced-model,deep-model,hy3,hy3-b,hy3-c,hy3-x,hy4-preview,hy4-preview-f,minimax-m2.5,glm-5v-turbo,glm-5.3,glm-5.3-flash,glm-5.2,glm-5.1,glm-5.0-turbo,glm-4.6v,kimi-k3-1,kimi-k2.8-preview,kimi-k2.7,kimi-k2.6,kimi-k2.5,kimi-k2-thinking,minimax-m3,minimax-m2.7,glm-4.6,deepseek-v4-flash,deepseek-v4.1-flash,deepseek-v4-pro,deepseek-v3-2-volc,deepseek-v3-1-volc,deepseek-v3-1-lkeap,deepseek-v3-1,deepseek-v3-0324-lkeap,deepseek-r1-0528-lkeap,kimi-k2-instruct-taiji,completion-gf,default-1.1,hunyuan-3b,hunyuan-7b-dense,codewise-completions,codewise-rewrite,codewise-nes-a4-027-aide,codewise-jump,deepseek-r1-0528,deepseek-v3-0324-taco-completion,deepseek-v3-0324,default-1.2,hunyuan-2.0-instruct,hunyuan-chat,hunyuan-image-alpha,hunyuan-image-alpha-edit
[9/26/2026, 12:58:28 PM.921] [Info] [CloudProductManager]  Fetched configuration from remote [483ms]
[9/26/2026, 12:58:28 PM.923] [Info] [PluginsProductProvider.provide] active=9, ids=[weixinpay@workbuddy-builtin,tencent-docs-plugin@workbuddy-builtin,sheetagent@workbuddy-builtin,tencent-pptx@workbuddy-builtin,tencent-docx@workbuddy-builtin,agent-browser@codebuddy-plugins-official,find-skills@codebuddy-plugins-official,agent-browser@inline,find-skills@inline]
[9/26/2026, 12:58:28 PM.923] [Info] [MCP][cacheDbg] getConnectedServers() called: nonInteractive=true waitForSettle=false cacheNow=[connector-proxy,weixinpay,sheetagent] allServers=[connector-proxy:connected,weixinpay:connected,sheetagent:connected]
[9/26/2026, 12:58:28 PM.924] [Info] [MCP][cacheDbg] getConnectedServers() returning: [connector-proxy,weixinpay,sheetagent] (size=3)
[9/26/2026, 12:58:28 PM.942] [Info] [CustomModelsProductProvider] productName=WorkBuddy, isWorkBuddy=true, userConfigPath=/Users/didi/.workbuddy/models.json
[9/26/2026, 12:58:28 PM.942] [Info] Loaded custom models config from user: /Users/didi/.workbuddy/models.json
[9/26/2026, 12:58:28 PM.942] [Info] [ModelsProductProvider] enterpriseId: undefined, endpoint: https://copilot.tencent.com
[9/26/2026, 12:58:28 PM.942] [Warning] [ModelsProductProvider] enterpriseId is missing, skipping models API call
[9/26/2026, 12:58:28 PM.942] [Info] [AgentModelResolver] product config input: 54 models, 23 agents
[9/26/2026, 12:58:28 PM.942] [Info] [AgentModelResolver] model ids: auto, fast-model, balanced-model, deep-model, hy3, hy3-b, hy3-c, hy3-x, hy4-preview, hy4-preview-f, minimax-m2.5, glm-5v-turbo, glm-5.3, glm-5.3-flash, glm-5.2, glm-5.1, glm-5.0-turbo, glm-4.6v, kimi-k3-1, kimi-k2.8-preview, kimi-k2.7, kimi-k2.6, kimi-k2.5, kimi-k2-thinking, minimax-m3, minimax-m2.7, glm-4.6, deepseek-v4-flash, deepseek-v4.1-flash, deepseek-v4-pro, deepseek-v3-2-volc, deepseek-v3-1-volc, deepseek-v3-1-lkeap, deepseek-v3-1, deepseek-v3-0324-lkeap, deepseek-r1-0528-lkeap, kimi-k2-instruct-taiji, completion-gf, default-1.1, hunyuan-3b, hunyuan-7b-dense, codewise-completions, codewise-rewrite, codewise-nes-a4-027-aide, codewise-jump, deepseek-r1-0528, deepseek-v3-0324-taco-completion, deepseek-v3-0324, default-1.2, hunyuan-2.0-instruct, hunyuan-chat, hunyuan-image-alpha, hunyuan-image-alpha-edit, custom-local:kimi-k3
[9/26/2026, 12:58:28 PM.942] [Info] [AgentModelResolver] agent "cli" original_models=["auto","hy4-preview-f","hy3","hy3-x","deepseek-v4.1-flash","glm-5.3","glm-5.3-flash","glm-5.2","glm-5.1","glm-5v-turbo","minimax-m3","kimi-k3-1","kimi-k2.8-preview","kimi-k2.7","kimi-k2.6","deepseek-v4-pro"] -> resolved_models=["auto","hy4-preview-f","hy3","hy3-x","deepseek-v4.1-flash","glm-5.3","glm-5.3-flash","glm-5.2","glm-5.1","glm-5v-turbo","minimax-m3","kimi-k3-1","kimi-k2.8-preview","kimi-k2.7","kimi-k2.6","deepseek-v4-pro"]
[9/26/2026, 12:58:28 PM.942] [Info] [AgentModelResolver] agent "general-purpose" original_models=[] -> resolved_models=[]
[9/26/2026, 12:58:28 PM.942] [Info] [AgentModelResolver] agent "compact" original_models=[] -> resolved_models=[]
[9/26/2026, 12:58:28 PM.942] [Info] [AgentModelResolver] agent "contextSummary" original_models=[] -> resolved_models=[]
[9/26/2026, 12:58:28 PM.942] [Info] [AgentModelResolver] agent "contentAnalyzer" original_models=[] -> resolved_models=[]
[9/26/2026, 12:58:28 PM.942] [Info] [AgentModelResolver] agent "terminalTitleGenerator" original_models=[] -> resolved_models=[]
[9/26/2026, 12:58:28 PM.942] [Info] [AgentModelResolver] agent "promptSuggestion" original_models=[] -> resolved_models=[]
[9/26/2026, 12:58:28 PM.942] [Info] [AgentModelResolver] agent "memorySelector" original_models=["lite"] -> resolved_models=["lite"]
[9/26/2026, 12:58:28 PM.942] [Info] [AgentModelResolver] agent "summaryGenerator" original_models=[] -> resolved_models=[]
[9/26/2026, 12:58:28 PM.942] [Info] [AgentModelResolver] agent "autoModeClassifier" original_models=[] -> resolved_models=[]
[9/26/2026, 12:58:28 PM.942] [Info] [AgentModelResolver] agent "promptHookEvaluator" original_models=["lite"] -> resolved_models=["lite"]
[9/26/2026, 12:58:28 PM.942] [Info] [AgentModelResolver] agent "insightsAnalyzer" original_models=[] -> resolved_models=[]
[9/26/2026, 12:58:28 PM.942] [Info] [AgentModelResolver] agent "agentInstructions" original_models=[] -> resolved_models=[]
[9/26/2026, 12:58:28 PM.942] [Info] [AgentModelResolver] agent "statusline-setup" original_models=[] -> resolved_models=[]
[9/26/2026, 12:58:28 PM.942] [Info] [AgentModelResolver] agent "Explore" original_models=["lite"] -> resolved_models=["lite"]
[9/26/2026, 12:58:28 PM.942] [Info] [AgentModelResolver] agent "Plan" original_models=[] -> resolved_models=[]
[9/26/2026, 12:58:28 PM.942] [Info] [AgentModelResolver] agent "pulse" original_models=[] -> resolved_models=[]
[9/26/2026, 12:58:28 PM.942] [Info] [AgentModelResolver] agent "handoff-summary" original_models=undefined -> resolved_models=[]
[9/26/2026, 12:58:28 PM.942] [Info] [AgentModelResolver] agent "enhance-prompt" original_models=[] -> resolved_models=[]
[9/26/2026, 12:58:28 PM.942] [Info] [AgentModelResolver] agent "sheet-agent" original_models=[] -> resolved_models=[]
[9/26/2026, 12:58:28 PM.942] [Info] [AgentModelResolver] agent "doc-converter" original_models=[] -> resolved_models=[]
[9/26/2026, 12:58:28 PM.942] [Info] [AgentModelResolver] agent "doc-formatter" original_models=[] -> resolved_models=[]
[9/26/2026, 12:58:28 PM.942] [Info] [AgentModelResolver] agent "doc-writer" original_models=[] -> resolved_models=[]
[9/26/2026, 12:58:28 PM.967] [Info] [PluginPolicyService]  [MergedPlugins][DEBUG] ProductManager.onDidChange fired, reloading policies...
[9/26/2026, 12:58:28 PM.968] [Info] [PluginPolicyService]  [MergedPlugins][DEBUG] Current config builtInMarketPluginsMerge: [{"autoEnable":true,"marketplaceName":"codebuddy-plugins-official","name":"agent-browser","scope":"user"}]
[9/26/2026, 12:58:28 PM.968] [Info] [PluginPolicyService]  [MergedPlugins] Loaded 1 merged plugin entries
[9/26/2026, 12:58:28 PM.968] [Info] [Startup] AgentManager.rebuildAgents: START
[9/26/2026, 12:58:28 PM.968] [Info] [Startup] AgentManager.rebuildAgents: completed in 15ms, resolving readyDeferred
[9/26/2026, 12:58:28 PM.968] [Info] [PluginManager]  Checking for built-in marketplaces to install...
[9/26/2026, 12:58:28 PM.968] [Info] [BuiltInMarketplaceProvider]  Found 2 built-in marketplace(s)
[9/26/2026, 12:58:28 PM.968] [Info] [PluginManager]  Found 2 built-in marketplace(s)
[9/26/2026, 12:58:28 PM.969] [Info] [MarketplaceStorage]  [MarketplaceStorage] getMarketplaces ensureConfigFile=0ms readAndRepair=1ms migration=0ms total=1ms count=5 path=/Users/didi/.workbuddy/plugins/known_marketplaces.json
[9/26/2026, 12:58:28 PM.969] [Info] [PluginManager]  All built-in marketplaces are already installed
[9/26/2026, 12:58:28 PM.970] [Info] [MarketplaceStorage]  [MarketplaceStorage] getMarketplaces ensureConfigFile=0ms readAndRepair=1ms migration=0ms total=1ms count=5 path=/Users/didi/.workbuddy/plugins/known_marketplaces.json
[9/26/2026, 12:58:28 PM.970] [Info] [BuiltInMarketplaceProvider]  Found 2 built-in marketplace(s)
[9/26/2026, 12:58:28 PM.973] [Info] [PluginManager]  Loaded 5 marketplaces (2 built-in) total=4ms storage=1ms builtIn=0ms autoUpdate=0ms
[9/26/2026, 12:58:30 PM.955] [Info] [TracingService]  Tracing uses @tencent/galileo-node-sdk global OpenTelemetry provider; @genie OTLP exporter is skipped.
[9/26/2026, 12:58:30 PM.955] [Info] [TracingService]  Tracing config resolved: {"productEnabled":true,"enabledByEnv":false,"endpoint":"https://copilot.tencent.com","galileoEnabled":true}
[9/26/2026, 12:58:58 PM.446] [Info] [WorkflowMemProbe] tick runId=(none) | rss=149.8MB heap=165.8/172.7MB external=54.9MB arrayBuffers=0MB
[9/26/2026, 1:14:29 PM.465] [Info] [WorkflowMemProbe] tick runId=(none) | rss=149.8MB heap=165.9/172.7MB external=54.9MB arrayBuffers=0MB
[9/26/2026, 1:14:29 PM.596] [Info] [GitInfoCollector]  CODEBUDDY_GIT_REPO_SCAN_DISABLED 1
[9/26/2026, 1:14:29 PM.596] [Info] [GitInfoCollector]  Git repository scan is disabled via CODEBUDDY_GIT_REPO_SCAN_DISABLED environment variable
[9/26/2026, 1:14:30 PM.308] [Info] [CloudProductManager]  fetch cloud product success, agents(1): cli, models(53): auto,fast-model,balanced-model,deep-model,hy3,hy3-b,hy3-c,hy3-x,hy4-preview,hy4-preview-f,minimax-m2.5,glm-5v-turbo,glm-5.3,glm-5.3-flash,glm-5.2,glm-5.1,glm-5.0-turbo,glm-4.6v,kimi-k3-1,kimi-k2.8-preview,kimi-k2.7,kimi-k2.6,kimi-k2.5,kimi-k2-thinking,minimax-m3,minimax-m2.7,glm-4.6,deepseek-v4-flash,deepseek-v4.1-flash,deepseek-v4-pro,deepseek-v3-2-volc,deepseek-v3-1-volc,deepseek-v3-1-lkeap,deepseek-v3-1,deepseek-v3-0324-lkeap,deepseek-r1-0528-lkeap,kimi-k2-instruct-taiji,completion-gf,default-1.1,hunyuan-3b,hunyuan-7b-dense,codewise-completions,codewise-rewrite,codewise-nes-a4-027-aide,codewise-jump,deepseek-r1-0528,deepseek-v3-0324-taco-completion,deepseek-v3-0324,default-1.2,hunyuan-2.0-instruct,hunyuan-chat,hunyuan-image-alpha,hunyuan-image-alpha-edit
[9/26/2026, 1:14:30 PM.308] [Info] [CloudProductManager]  Fetched configuration from remote [711ms]
[9/26/2026, 1:14:30 PM.309] [Info] [PluginsProductProvider.provide] active=9, ids=[weixinpay@workbuddy-builtin,tencent-docs-plugin@workbuddy-builtin,sheetagent@workbuddy-builtin,tencent-pptx@workbuddy-builtin,tencent-docx@workbuddy-builtin,agent-browser@codebuddy-plugins-official,find-skills@codebuddy-plugins-official,agent-browser@inline,find-skills@inline]
[9/26/2026, 1:14:30 PM.309] [Info] [MCP][cacheDbg] getConnectedServers() called: nonInteractive=true waitForSettle=false cacheNow=[connector-proxy,weixinpay,sheetagent] allServers=[connector-proxy:connected,weixinpay:connected,sheetagent:connected]
[9/26/2026, 1:14:30 PM.309] [Info] [MCP][cacheDbg] getConnectedServers() returning: [connector-proxy,weixinpay,sheetagent] (size=3)
[9/26/2026, 1:14:30 PM.319] [Info] [CustomModelsProductProvider] productName=WorkBuddy, isWorkBuddy=true, userConfigPath=/Users/didi/.workbuddy/models.json
[9/26/2026, 1:14:30 PM.319] [Info] Loaded custom models config from user: /Users/didi/.workbuddy/models.json
[9/26/2026, 1:14:30 PM.319] [Info] [ModelsProductProvider] enterpriseId: undefined, endpoint: https://copilot.tencent.com
[9/26/2026, 1:14:30 PM.319] [Warning] [ModelsProductProvider] enterpriseId is missing, skipping models API call
[9/26/2026, 1:14:30 PM.319] [Info] [AgentModelResolver] product config input: 54 models, 23 agents
[9/26/2026, 1:14:30 PM.319] [Info] [AgentModelResolver] model ids: auto, fast-model, balanced-model, deep-model, hy3, hy3-b, hy3-c, hy3-x, hy4-preview, hy4-preview-f, minimax-m2.5, glm-5v-turbo, glm-5.3, glm-5.3-flash, glm-5.2, glm-5.1, glm-5.0-turbo, glm-4.6v, kimi-k3-1, kimi-k2.8-preview, kimi-k2.7, kimi-k2.6, kimi-k2.5, kimi-k2-thinking, minimax-m3, minimax-m2.7, glm-4.6, deepseek-v4-flash, deepseek-v4.1-flash, deepseek-v4-pro, deepseek-v3-2-volc, deepseek-v3-1-volc, deepseek-v3-1-lkeap, deepseek-v3-1, deepseek-v3-0324-lkeap, deepseek-r1-0528-lkeap, kimi-k2-instruct-taiji, completion-gf, default-1.1, hunyuan-3b, hunyuan-7b-dense, codewise-completions, codewise-rewrite, codewise-nes-a4-027-aide, codewise-jump, deepseek-r1-0528, deepseek-v3-0324-taco-completion, deepseek-v3-0324, default-1.2, hunyuan-2.0-instruct, hunyuan-chat, hunyuan-image-alpha, hunyuan-image-alpha-edit, custom-local:kimi-k3
[9/26/2026, 1:14:30 PM.319] [Info] [AgentModelResolver] agent "cli" original_models=["auto","hy4-preview-f","hy3","hy3-x","deepseek-v4.1-flash","glm-5.3","glm-5.3-flash","glm-5.2","glm-5.1","glm-5v-turbo","minimax-m3","kimi-k3-1","kimi-k2.8-preview","kimi-k2.7","kimi-k2.6","deepseek-v4-pro"] -> resolved_models=["auto","hy4-preview-f","hy3","hy3-x","deepseek-v4.1-flash","glm-5.3","glm-5.3-flash","glm-5.2","glm-5.1","glm-5v-turbo","minimax-m3","kimi-k3-1","kimi-k2.8-preview","kimi-k2.7","kimi-k2.6","deepseek-v4-pro"]
[9/26/2026, 1:14:30 PM.319] [Info] [AgentModelResolver] agent "general-purpose" original_models=[] -> resolved_models=[]
[9/26/2026, 1:14:30 PM.319] [Info] [AgentModelResolver] agent "compact" original_models=[] -> resolved_models=[]
[9/26/2026, 1:14:30 PM.319] [Info] [AgentModelResolver] agent "contextSummary" original_models=[] -> resolved_models=[]
[9/26/2026, 1:14:30 PM.319] [Info] [AgentModelResolver] agent "contentAnalyzer" original_models=[] -> resolved_models=[]
[9/26/2026, 1:14:30 PM.319] [Info] [AgentModelResolver] agent "terminalTitleGenerator" original_models=[] -> resolved_models=[]
[9/26/2026, 1:14:30 PM.319] [Info] [AgentModelResolver] agent "promptSuggestion" original_models=[] -> resolved_models=[]
[9/26/2026, 1:14:30 PM.319] [Info] [AgentModelResolver] agent "memorySelector" original_models=["lite"] -> resolved_models=["lite"]
[9/26/2026, 1:14:30 PM.319] [Info] [AgentModelResolver] agent "summaryGenerator" original_models=[] -> resolved_models=[]
[9/26/2026, 1:14:30 PM.319] [Info] [AgentModelResolver] agent "autoModeClassifier" original_models=[] -> resolved_models=[]
[9/26/2026, 1:14:30 PM.319] [Info] [AgentModelResolver] agent "promptHookEvaluator" original_models=["lite"] -> resolved_models=["lite"]
[9/26/2026, 1:14:30 PM.319] [Info] [AgentModelResolver] agent "insightsAnalyzer" original_models=[] -> resolved_models=[]
[9/26/2026, 1:14:30 PM.319] [Info] [AgentModelResolver] agent "agentInstructions" original_models=[] -> resolved_models=[]
[9/26/2026, 1:14:30 PM.319] [Info] [AgentModelResolver] agent "statusline-setup" original_models=[] -> resolved_models=[]
[9/26/2026, 1:14:30 PM.319] [Info] [AgentModelResolver] agent "Explore" original_models=["lite"] -> resolved_models=["lite"]
[9/26/2026, 1:14:30 PM.319] [Info] [AgentModelResolver] agent "Plan" original_models=[] -> resolved_models=[]
[9/26/2026, 1:14:30 PM.319] [Info] [AgentModelResolver] agent "pulse" original_models=[] -> resolved_models=[]
[9/26/2026, 1:14:30 PM.319] [Info] [AgentModelResolver] agent "handoff-summary" original_models=undefined -> resolved_models=[]
[9/26/2026, 1:14:30 PM.319] [Info] [AgentModelResolver] agent "enhance-prompt" original_models=[] -> resolved_models=[]
[9/26/2026, 1:14:30 PM.319] [Info] [AgentModelResolver] agent "sheet-agent" original_models=[] -> resolved_models=[]
[9/26/2026, 1:14:30 PM.319] [Info] [AgentModelResolver] agent "doc-converter" original_models=[] -> resolved_models=[]
[9/26/2026, 1:14:30 PM.319] [Info] [AgentModelResolver] agent "doc-formatter" original_models=[] -> resolved_models=[]
[9/26/2026, 1:14:30 PM.319] [Info] [AgentModelResolver] agent "doc-writer" original_models=[] -> resolved_models=[]
[9/26/2026, 1:14:30 PM.339] [Info] [PluginPolicyService]  [MergedPlugins][DEBUG] ProductManager.onDidChange fired, reloading policies...
[9/26/2026, 1:14:30 PM.339] [Info] [PluginPolicyService]  [MergedPlugins][DEBUG] Current config builtInMarketPluginsMerge: [{"autoEnable":true,"marketplaceName":"codebuddy-plugins-official","name":"agent-browser","scope":"user"}]
[9/26/2026, 1:14:30 PM.339] [Info] [PluginPolicyService]  [MergedPlugins] Loaded 1 merged plugin entries
[9/26/2026, 1:14:30 PM.339] [Info] [Startup] AgentManager.rebuildAgents: START
[9/26/2026, 1:14:30 PM.339] [Info] [Startup] AgentManager.rebuildAgents: completed in 13ms, resolving readyDeferred
[9/26/2026, 1:14:30 PM.340] [Info] [PluginManager]  Checking for built-in marketplaces to install...
[9/26/2026, 1:14:30 PM.340] [Info] [BuiltInMarketplaceProvider]  Found 2 built-in marketplace(s)
[9/26/2026, 1:14:30 PM.340] [Info] [PluginManager]  Found 2 built-in marketplace(s)
[9/26/2026, 1:14:30 PM.341] [Info] [MarketplaceStorage]  [MarketplaceStorage] getMarketplaces ensureConfigFile=0ms readAndRepair=1ms migration=0ms total=1ms count=5 path=/Users/didi/.workbuddy/plugins/known_marketplaces.json
[9/26/2026, 1:14:30 PM.341] [Info] [PluginManager]  All built-in marketplaces are already installed
[9/26/2026, 1:14:30 PM.342] [Info] [MarketplaceStorage]  [MarketplaceStorage] getMarketplaces ensureConfigFile=0ms readAndRepair=1ms migration=0ms total=1ms count=5 path=/Users/didi/.workbuddy/plugins/known_marketplaces.json
[9/26/2026, 1:14:30 PM.342] [Info] [BuiltInMarketplaceProvider]  Found 2 built-in marketplace(s)
[9/26/2026, 1:14:30 PM.346] [Info] [PluginManager]  Loaded 5 marketplaces (2 built-in) total=5ms storage=1ms builtIn=0ms autoUpdate=0ms
[9/26/2026, 1:14:32 PM.328] [Info] [TracingService]  Tracing uses @tencent/galileo-node-sdk global OpenTelemetry provider; @genie OTLP exporter is skipped.
[9/26/2026, 1:14:32 PM.328] [Info] [TracingService]  Tracing config resolved: {"productEnabled":true,"enabledByEnv":false,"endpoint":"https://copilot.tencent.com","galileoEnabled":true}
[9/26/2026, 1:14:59 PM.478] [Info] [WorkflowMemProbe] tick runId=(none) | rss=142.7MB heap=153/160.7MB external=53.6MB arrayBuffers=0MB
[9/26/2026, 1:30:46 PM.950] [Info] [WorkflowMemProbe] tick runId=(none) | rss=142.7MB heap=153.1/160.7MB external=53.6MB arrayBuffers=0MB
[9/26/2026, 1:30:47 PM.079] [Info] [GitInfoCollector]  CODEBUDDY_GIT_REPO_SCAN_DISABLED 1
[9/26/2026, 1:30:47 PM.079] [Info] [GitInfoCollector]  Git repository scan is disabled via CODEBUDDY_GIT_REPO_SCAN_DISABLED environment variable
[9/26/2026, 1:30:47 PM.902] [Info] [CloudProductManager]  fetch cloud product success, agents(1): cli, models(53): auto,fast-model,balanced-model,deep-model,hy3,hy3-b,hy3-c,hy3-x,hy4-preview,hy4-preview-f,minimax-m2.5,glm-5v-turbo,glm-5.3,glm-5.3-flash,glm-5.2,glm-5.1,glm-5.0-turbo,glm-4.6v,kimi-k3-1,kimi-k2.8-preview,kimi-k2.7,kimi-k2.6,kimi-k2.5,kimi-k2-thinking,minimax-m3,minimax-m2.7,glm-4.6,deepseek-v4-flash,deepseek-v4.1-flash,deepseek-v4-pro,deepseek-v3-2-volc,deepseek-v3-1-volc,deepseek-v3-1-lkeap,deepseek-v3-1,deepseek-v3-0324-lkeap,deepseek-r1-0528-lkeap,kimi-k2-instruct-taiji,completion-gf,default-1.1,hunyuan-3b,hunyuan-7b-dense,codewise-completions,codewise-rewrite,codewise-nes-a4-027-aide,codewise-jump,deepseek-r1-0528,deepseek-v3-0324-taco-completion,deepseek-v3-0324,default-1.2,hunyuan-2.0-instruct,hunyuan-chat,hunyuan-image-alpha,hunyuan-image-alpha-edit
[9/26/2026, 1:30:47 PM.902] [Info] [CloudProductManager]  Fetched configuration from remote [823ms]
[9/26/2026, 1:30:47 PM.903] [Info] [PluginsProductProvider.provide] active=9, ids=[weixinpay@workbuddy-builtin,tencent-docs-plugin@workbuddy-builtin,sheetagent@workbuddy-builtin,tencent-pptx@workbuddy-builtin,tencent-docx@workbuddy-builtin,agent-browser@codebuddy-plugins-official,find-skills@codebuddy-plugins-official,agent-browser@inline,find-skills@inline]
[9/26/2026, 1:30:47 PM.903] [Info] [MCP][cacheDbg] getConnectedServers() called: nonInteractive=true waitForSettle=false cacheNow=[connector-proxy,weixinpay,sheetagent] allServers=[connector-proxy:connected,weixinpay:connected,sheetagent:connected]
[9/26/2026, 1:30:47 PM.903] [Info] [MCP][cacheDbg] getConnectedServers() returning: [connector-proxy,weixinpay,sheetagent] (size=3)
[9/26/2026, 1:30:47 PM.912] [Info] [CustomModelsProductProvider] productName=WorkBuddy, isWorkBuddy=true, userConfigPath=/Users/didi/.workbuddy/models.json
[9/26/2026, 1:30:47 PM.912] [Info] Loaded custom models config from user: /Users/didi/.workbuddy/models.json
[9/26/2026, 1:30:47 PM.912] [Info] [ModelsProductProvider] enterpriseId: undefined, endpoint: https://copilot.tencent.com
[9/26/2026, 1:30:47 PM.912] [Warning] [ModelsProductProvider] enterpriseId is missing, skipping models API call
[9/26/2026, 1:30:47 PM.912] [Info] [AgentModelResolver] product config input: 54 models, 23 agents
[9/26/2026, 1:30:47 PM.912] [Info] [AgentModelResolver] model ids: auto, fast-model, balanced-model, deep-model, hy3, hy3-b, hy3-c, hy3-x, hy4-preview, hy4-preview-f, minimax-m2.5, glm-5v-turbo, glm-5.3, glm-5.3-flash, glm-5.2, glm-5.1, glm-5.0-turbo, glm-4.6v, kimi-k3-1, kimi-k2.8-preview, kimi-k2.7, kimi-k2.6, kimi-k2.5, kimi-k2-thinking, minimax-m3, minimax-m2.7, glm-4.6, deepseek-v4-flash, deepseek-v4.1-flash, deepseek-v4-pro, deepseek-v3-2-volc, deepseek-v3-1-volc, deepseek-v3-1-lkeap, deepseek-v3-1, deepseek-v3-0324-lkeap, deepseek-r1-0528-lkeap, kimi-k2-instruct-taiji, completion-gf, default-1.1, hunyuan-3b, hunyuan-7b-dense, codewise-completions, codewise-rewrite, codewise-nes-a4-027-aide, codewise-jump, deepseek-r1-0528, deepseek-v3-0324-taco-completion, deepseek-v3-0324, default-1.2, hunyuan-2.0-instruct, hunyuan-chat, hunyuan-image-alpha, hunyuan-image-alpha-edit, custom-local:kimi-k3
[9/26/2026, 1:30:47 PM.912] [Info] [AgentModelResolver] agent "cli" original_models=["auto","hy4-preview-f","hy3","hy3-x","deepseek-v4.1-flash","glm-5.3","glm-5.3-flash","glm-5.2","glm-5.1","glm-5v-turbo","minimax-m3","kimi-k3-1","kimi-k2.8-preview","kimi-k2.7","kimi-k2.6","deepseek-v4-pro"] -> resolved_models=["auto","hy4-preview-f","hy3","hy3-x","deepseek-v4.1-flash","glm-5.3","glm-5.3-flash","glm-5.2","glm-5.1","glm-5v-turbo","minimax-m3","kimi-k3-1","kimi-k2.8-preview","kimi-k2.7","kimi-k2.6","deepseek-v4-pro"]
[9/26/2026, 1:30:47 PM.912] [Info] [AgentModelResolver] agent "general-purpose" original_models=[] -> resolved_models=[]
[9/26/2026, 1:30:47 PM.912] [Info] [AgentModelResolver] agent "compact" original_models=[] -> resolved_models=[]
[9/26/2026, 1:30:47 PM.912] [Info] [AgentModelResolver] agent "contextSummary" original_models=[] -> resolved_models=[]
[9/26/2026, 1:30:47 PM.912] [Info] [AgentModelResolver] agent "contentAnalyzer" original_models=[] -> resolved_models=[]
[9/26/2026, 1:30:47 PM.912] [Info] [AgentModelResolver] agent "terminalTitleGenerator" original_models=[] -> resolved_models=[]
[9/26/2026, 1:30:47 PM.912] [Info] [AgentModelResolver] agent "promptSuggestion" original_models=[] -> resolved_models=[]
[9/26/2026, 1:30:47 PM.912] [Info] [AgentModelResolver] agent "memorySelector" original_models=["lite"] -> resolved_models=["lite"]
[9/26/2026, 1:30:47 PM.912] [Info] [AgentModelResolver] agent "summaryGenerator" original_models=[] -> resolved_models=[]
[9/26/2026, 1:30:47 PM.912] [Info] [AgentModelResolver] agent "autoModeClassifier" original_models=[] -> resolved_models=[]
[9/26/2026, 1:30:47 PM.912] [Info] [AgentModelResolver] agent "promptHookEvaluator" original_models=["lite"] -> resolved_models=["lite"]
[9/26/2026, 1:30:47 PM.912] [Info] [AgentModelResolver] agent "insightsAnalyzer" original_models=[] -> resolved_models=[]
[9/26/2026, 1:30:47 PM.912] [Info] [AgentModelResolver] agent "agentInstructions" original_models=[] -> resolved_models=[]
[9/26/2026, 1:30:47 PM.912] [Info] [AgentModelResolver] agent "statusline-setup" original_models=[] -> resolved_models=[]
[9/26/2026, 1:30:47 PM.912] [Info] [AgentModelResolver] agent "Explore" original_models=["lite"] -> resolved_models=["lite"]
[9/26/2026, 1:30:47 PM.912] [Info] [AgentModelResolver] agent "Plan" original_models=[] -> resolved_models=[]
[9/26/2026, 1:30:47 PM.912] [Info] [AgentModelResolver] agent "pulse" original_models=[] -> resolved_models=[]
[9/26/2026, 1:30:47 PM.912] [Info] [AgentModelResolver] agent "handoff-summary" original_models=undefined -> resolved_models=[]
[9/26/2026, 1:30:47 PM.912] [Info] [AgentModelResolver] agent "enhance-prompt" original_models=[] -> resolved_models=[]
[9/26/2026, 1:30:47 PM.912] [Info] [AgentModelResolver] agent "sheet-agent" original_models=[] -> resolved_models=[]
[9/26/2026, 1:30:47 PM.912] [Info] [AgentModelResolver] agent "doc-converter" original_models=[] -> resolved_models=[]
[9/26/2026, 1:30:47 PM.912] [Info] [AgentModelResolver] agent "doc-formatter" original_models=[] -> resolved_models=[]
[9/26/2026, 1:30:47 PM.912] [Info] [AgentModelResolver] agent "doc-writer" original_models=[] -> resolved_models=[]
[9/26/2026, 1:30:47 PM.930] [Info] [PluginPolicyService]  [MergedPlugins][DEBUG] ProductManager.onDidChange fired, reloading policies...
[9/26/2026, 1:30:47 PM.930] [Info] [PluginPolicyService]  [MergedPlugins][DEBUG] Current config builtInMarketPluginsMerge: [{"autoEnable":true,"marketplaceName":"codebuddy-plugins-official","name":"agent-browser","scope":"user"}]
[9/26/2026, 1:30:47 PM.930] [Info] [PluginPolicyService]  [MergedPlugins] Loaded 1 merged plugin entries
[9/26/2026, 1:30:47 PM.930] [Info] [Startup] AgentManager.rebuildAgents: START
[9/26/2026, 1:30:47 PM.930] [Info] [Startup] AgentManager.rebuildAgents: completed in 12ms, resolving readyDeferred
[9/26/2026, 1:30:47 PM.930] [Info] [PluginManager]  Checking for built-in marketplaces to install...
[9/26/2026, 1:30:47 PM.930] [Info] [BuiltInMarketplaceProvider]  Found 2 built-in marketplace(s)
[9/26/2026, 1:30:47 PM.930] [Info] [PluginManager]  Found 2 built-in marketplace(s)
[9/26/2026, 1:30:47 PM.931] [Info] [MarketplaceStorage]  [MarketplaceStorage] getMarketplaces ensureConfigFile=0ms readAndRepair=1ms migration=0ms total=1ms count=5 path=/Users/didi/.workbuddy/plugins/known_marketplaces.json
[9/26/2026, 1:30:47 PM.931] [Info] [PluginManager]  All built-in marketplaces are already installed
[9/26/2026, 1:30:47 PM.931] [Info] [MarketplaceStorage]  [MarketplaceStorage] getMarketplaces ensureConfigFile=0ms readAndRepair=0ms migration=0ms total=0ms count=5 path=/Users/didi/.workbuddy/plugins/known_marketplaces.json
[9/26/2026, 1:30:47 PM.931] [Info] [BuiltInMarketplaceProvider]  Found 2 built-in marketplace(s)
[9/26/2026, 1:30:47 PM.933] [Info] [PluginManager]  Loaded 5 marketplaces (2 built-in) total=2ms storage=0ms builtIn=0ms autoUpdate=1ms
[9/26/2026, 1:30:49 PM.920] [Info] [TracingService]  Tracing uses @tencent/galileo-node-sdk global OpenTelemetry provider; @genie OTLP exporter is skipped.
[9/26/2026, 1:30:49 PM.920] [Info] [TracingService]  Tracing config resolved: {"productEnabled":true,"enabledByEnv":false,"endpoint":"https://copilot.tencent.com","galileoEnabled":true}
[9/26/2026, 1:31:16 PM.956] [Info] [WorkflowMemProbe] tick runId=(none) | rss=148.9MB heap=161.4/168.4MB external=54.8MB arrayBuffers=0MB
[9/26/2026, 1:47:05 PM.530] [Info] [WorkflowMemProbe] tick runId=(none) | rss=148.4MB heap=161.6/168.4MB external=54.8MB arrayBuffers=0MB
[9/26/2026, 1:47:05 PM.664] [Info] [GitInfoCollector]  CODEBUDDY_GIT_REPO_SCAN_DISABLED 1
[9/26/2026, 1:47:05 PM.664] [Info] [GitInfoCollector]  Git repository scan is disabled via CODEBUDDY_GIT_REPO_SCAN_DISABLED environment variable
[9/26/2026, 1:47:06 PM.536] [Info] [CloudProductManager]  fetch cloud product success, agents(1): cli, models(53): auto,fast-model,balanced-model,deep-model,hy3,hy3-b,hy3-c,hy3-x,hy4-preview,hy4-preview-f,minimax-m2.5,glm-5v-turbo,glm-5.3,glm-5.3-flash,glm-5.2,glm-5.1,glm-5.0-turbo,glm-4.6v,kimi-k3-1,kimi-k2.8-preview,kimi-k2.7,kimi-k2.6,kimi-k2.5,kimi-k2-thinking,minimax-m3,minimax-m2.7,glm-4.6,deepseek-v4-flash,deepseek-v4.1-flash,deepseek-v4-pro,deepseek-v3-2-volc,deepseek-v3-1-volc,deepseek-v3-1-lkeap,deepseek-v3-1,deepseek-v3-0324-lkeap,deepseek-r1-0528-lkeap,kimi-k2-instruct-taiji,completion-gf,default-1.1,hunyuan-3b,hunyuan-7b-dense,codewise-completions,codewise-rewrite,codewise-nes-a4-027-aide,codewise-jump,deepseek-r1-0528,deepseek-v3-0324-taco-completion,deepseek-v3-0324,default-1.2,hunyuan-2.0-instruct,hunyuan-chat,hunyuan-image-alpha,hunyuan-image-alpha-edit
[9/26/2026, 1:47:06 PM.536] [Info] [CloudProductManager]  Fetched configuration from remote [871ms]
[9/26/2026, 1:47:06 PM.559] [Info] [PluginsProductProvider.provide] active=9, ids=[weixinpay@workbuddy-builtin,tencent-docs-plugin@workbuddy-builtin,sheetagent@workbuddy-builtin,tencent-pptx@workbuddy-builtin,tencent-docx@workbuddy-builtin,agent-browser@codebuddy-plugins-official,find-skills@codebuddy-plugins-official,agent-browser@inline,find-skills@inline]
[9/26/2026, 1:47:06 PM.560] [Info] [MCP][cacheDbg] getConnectedServers() called: nonInteractive=true waitForSettle=false cacheNow=[connector-proxy,weixinpay,sheetagent] allServers=[connector-proxy:connected,weixinpay:connected,sheetagent:connected]
[9/26/2026, 1:47:06 PM.560] [Info] [MCP][cacheDbg] getConnectedServers() returning: [connector-proxy,weixinpay,sheetagent] (size=3)
[9/26/2026, 1:47:06 PM.568] [Info] [CustomModelsProductProvider] productName=WorkBuddy, isWorkBuddy=true, userConfigPath=/Users/didi/.workbuddy/models.json
[9/26/2026, 1:47:06 PM.568] [Info] Loaded custom models config from user: /Users/didi/.workbuddy/models.json
[9/26/2026, 1:47:06 PM.568] [Info] [ModelsProductProvider] enterpriseId: undefined, endpoint: https://copilot.tencent.com
[9/26/2026, 1:47:06 PM.568] [Warning] [ModelsProductProvider] enterpriseId is missing, skipping models API call
[9/26/2026, 1:47:06 PM.568] [Info] [AgentModelResolver] product config input: 54 models, 23 agents
[9/26/2026, 1:47:06 PM.568] [Info] [AgentModelResolver] model ids: auto, fast-model, balanced-model, deep-model, hy3, hy3-b, hy3-c, hy3-x, hy4-preview, hy4-preview-f, minimax-m2.5, glm-5v-turbo, glm-5.3, glm-5.3-flash, glm-5.2, glm-5.1, glm-5.0-turbo, glm-4.6v, kimi-k3-1, kimi-k2.8-preview, kimi-k2.7, kimi-k2.6, kimi-k2.5, kimi-k2-thinking, minimax-m3, minimax-m2.7, glm-4.6, deepseek-v4-flash, deepseek-v4.1-flash, deepseek-v4-pro, deepseek-v3-2-volc, deepseek-v3-1-volc, deepseek-v3-1-lkeap, deepseek-v3-1, deepseek-v3-0324-lkeap, deepseek-r1-0528-lkeap, kimi-k2-instruct-taiji, completion-gf, default-1.1, hunyuan-3b, hunyuan-7b-dense, codewise-completions, codewise-rewrite, codewise-nes-a4-027-aide, codewise-jump, deepseek-r1-0528, deepseek-v3-0324-taco-completion, deepseek-v3-0324, default-1.2, hunyuan-2.0-instruct, hunyuan-chat, hunyuan-image-alpha, hunyuan-image-alpha-edit, custom-local:kimi-k3
[9/26/2026, 1:47:06 PM.568] [Info] [AgentModelResolver] agent "cli" original_models=["auto","hy4-preview-f","hy3","hy3-x","deepseek-v4.1-flash","glm-5.3","glm-5.3-flash","glm-5.2","glm-5.1","glm-5v-turbo","minimax-m3","kimi-k3-1","kimi-k2.8-preview","kimi-k2.7","kimi-k2.6","deepseek-v4-pro"] -> resolved_models=["auto","hy4-preview-f","hy3","hy3-x","deepseek-v4.1-flash","glm-5.3","glm-5.3-flash","glm-5.2","glm-5.1","glm-5v-turbo","minimax-m3","kimi-k3-1","kimi-k2.8-preview","kimi-k2.7","kimi-k2.6","deepseek-v4-pro"]
[9/26/2026, 1:47:06 PM.568] [Info] [AgentModelResolver] agent "general-purpose" original_models=[] -> resolved_models=[]
[9/26/2026, 1:47:06 PM.568] [Info] [AgentModelResolver] agent "compact" original_models=[] -> resolved_models=[]
[9/26/2026, 1:47:06 PM.568] [Info] [AgentModelResolver] agent "contextSummary" original_models=[] -> resolved_models=[]
[9/26/2026, 1:47:06 PM.568] [Info] [AgentModelResolver] agent "contentAnalyzer" original_models=[] -> resolved_models=[]
[9/26/2026, 1:47:06 PM.568] [Info] [AgentModelResolver] agent "terminalTitleGenerator" original_models=[] -> resolved_models=[]
[9/26/2026, 1:47:06 PM.568] [Info] [AgentModelResolver] agent "promptSuggestion" original_models=[] -> resolved_models=[]
[9/26/2026, 1:47:06 PM.568] [Info] [AgentModelResolver] agent "memorySelector" original_models=["lite"] -> resolved_models=["lite"]
[9/26/2026, 1:47:06 PM.568] [Info] [AgentModelResolver] agent "summaryGenerator" original_models=[] -> resolved_models=[]
[9/26/2026, 1:47:06 PM.568] [Info] [AgentModelResolver] agent "autoModeClassifier" original_models=[] -> resolved_models=[]
[9/26/2026, 1:47:06 PM.568] [Info] [AgentModelResolver] agent "promptHookEvaluator" original_models=["lite"] -> resolved_models=["lite"]
[9/26/2026, 1:47:06 PM.568] [Info] [AgentModelResolver] agent "insightsAnalyzer" original_models=[] -> resolved_models=[]
[9/26/2026, 1:47:06 PM.568] [Info] [AgentModelResolver] agent "agentInstructions" original_models=[] -> resolved_models=[]
[9/26/2026, 1:47:06 PM.568] [Info] [AgentModelResolver] agent "statusline-setup" original_models=[] -> resolved_models=[]
[9/26/2026, 1:47:06 PM.568] [Info] [AgentModelResolver] agent "Explore" original_models=["lite"] -> resolved_models=["lite"]
[9/26/2026, 1:47:06 PM.568] [Info] [AgentModelResolver] agent "Plan" original_models=[] -> resolved_models=[]
[9/26/2026, 1:47:06 PM.568] [Info] [AgentModelResolver] agent "pulse" original_models=[] -> resolved_models=[]
[9/26/2026, 1:47:06 PM.568] [Info] [AgentModelResolver] agent "handoff-summary" original_models=undefined -> resolved_models=[]
[9/26/2026, 1:47:06 PM.568] [Info] [AgentModelResolver] agent "enhance-prompt" original_models=[] -> resolved_models=[]
[9/26/2026, 1:47:06 PM.568] [Info] [AgentModelResolver] agent "sheet-agent" original_models=[] -> resolved_models=[]
[9/26/2026, 1:47:06 PM.568] [Info] [AgentModelResolver] agent "doc-converter" original_models=[] -> resolved_models=[]
[9/26/2026, 1:47:06 PM.568] [Info] [AgentModelResolver] agent "doc-formatter" original_models=[] -> resolved_models=[]
[9/26/2026, 1:47:06 PM.568] [Info] [AgentModelResolver] agent "doc-writer" original_models=[] -> resolved_models=[]
[9/26/2026, 1:47:06 PM.585] [Info] [PluginPolicyService]  [MergedPlugins][DEBUG] ProductManager.onDidChange fired, reloading policies...
[9/26/2026, 1:47:06 PM.585] [Info] [PluginPolicyService]  [MergedPlugins][DEBUG] Current config builtInMarketPluginsMerge: [{"autoEnable":true,"marketplaceName":"codebuddy-plugins-official","name":"agent-browser","scope":"user"}]
[9/26/2026, 1:47:06 PM.585] [Info] [PluginPolicyService]  [MergedPlugins] Loaded 1 merged plugin entries
[9/26/2026, 1:47:06 PM.585] [Info] [Startup] AgentManager.rebuildAgents: START
[9/26/2026, 1:47:06 PM.585] [Info] [Startup] AgentManager.rebuildAgents: completed in 12ms, resolving readyDeferred
[9/26/2026, 1:47:06 PM.585] [Info] [PluginManager]  Checking for built-in marketplaces to install...
[9/26/2026, 1:47:06 PM.585] [Info] [BuiltInMarketplaceProvider]  Found 2 built-in marketplace(s)
[9/26/2026, 1:47:06 PM.585] [Info] [PluginManager]  Found 2 built-in marketplace(s)
[9/26/2026, 1:47:06 PM.587] [Info] [MarketplaceStorage]  [MarketplaceStorage] getMarketplaces ensureConfigFile=0ms readAndRepair=2ms migration=0ms total=2ms count=5 path=/Users/didi/.workbuddy/plugins/known_marketplaces.json
[9/26/2026, 1:47:06 PM.587] [Info] [PluginManager]  All built-in marketplaces are already installed
[9/26/2026, 1:47:06 PM.587] [Info] [MarketplaceStorage]  [MarketplaceStorage] getMarketplaces ensureConfigFile=0ms readAndRepair=0ms migration=0ms total=0ms count=5 path=/Users/didi/.workbuddy/plugins/known_marketplaces.json
[9/26/2026, 1:47:06 PM.587] [Info] [BuiltInMarketplaceProvider]  Found 2 built-in marketplace(s)
[9/26/2026, 1:47:06 PM.589] [Info] [PluginManager]  Loaded 5 marketplaces (2 built-in) total=2ms storage=0ms builtIn=0ms autoUpdate=0ms
[9/26/2026, 1:47:08 PM.574] [Info] [TracingService]  Tracing uses @tencent/galileo-node-sdk global OpenTelemetry provider; @genie OTLP exporter is skipped.
[9/26/2026, 1:47:08 PM.574] [Info] [TracingService]  Tracing config resolved: {"productEnabled":true,"enabledByEnv":false,"endpoint":"https://copilot.tencent.com","galileoEnabled":true}
[9/26/2026, 1:47:11 PM.739] [Info] [TracingService]  [primary] Exported 1 spans, traceIds: cbca2b12d06049b97f922ec84f617bc1
[9/26/2026, 1:47:35 PM.531] [Info] [WorkflowMemProbe] tick runId=(none) | rss=141.2MB heap=151.5/157.4MB external=53.3MB arrayBuffers=0MB
[9/26/2026, 1:55:33 PM.543] [Info] [WorkflowMemProbe] tick runId=(none) | rss=108.6MB heap=151.9/157.4MB external=53.4MB arrayBuffers=0MB
[9/26/2026, 1:55:33 PM.633] [Info] [GitInfoCollector]  CODEBUDDY_GIT_REPO_SCAN_DISABLED 1
[9/26/2026, 1:55:33 PM.633] [Info] [GitInfoCollector]  Git repository scan is disabled via CODEBUDDY_GIT_REPO_SCAN_DISABLED environment variable
[9/26/2026, 1:55:38 PM.655] [Warning] [CloudProductManager]  Fetch remote configuration failed: timeout of 5000ms exceeded, url=/v3/config, code=ECONNABORTED
[9/26/2026, 1:55:38 PM.659] [Info] [PluginsProductProvider.provide] active=9, ids=[weixinpay@workbuddy-builtin,tencent-docs-plugin@workbuddy-builtin,sheetagent@workbuddy-builtin,tencent-pptx@workbuddy-builtin,tencent-docx@workbuddy-builtin,agent-browser@codebuddy-plugins-official,find-skills@codebuddy-plugins-official,agent-browser@inline,find-skills@inline]
[9/26/2026, 1:55:38 PM.660] [Info] [MCP][cacheDbg] getConnectedServers() called: nonInteractive=true waitForSettle=false cacheNow=[connector-proxy,weixinpay,sheetagent] allServers=[connector-proxy:connected,weixinpay:connected,sheetagent:connected]
[9/26/2026, 1:55:38 PM.660] [Info] [MCP][cacheDbg] getConnectedServers() returning: [connector-proxy,weixinpay,sheetagent] (size=3)
[9/26/2026, 1:55:38 PM.675] [Info] [CustomModelsProductProvider] productName=WorkBuddy, isWorkBuddy=true, userConfigPath=/Users/didi/.workbuddy/models.json
[9/26/2026, 1:55:38 PM.675] [Info] Loaded custom models config from user: /Users/didi/.workbuddy/models.json
[9/26/2026, 1:55:38 PM.675] [Info] [ModelsProductProvider] enterpriseId: undefined, endpoint: https://copilot.tencent.com
[9/26/2026, 1:55:38 PM.675] [Warning] [ModelsProductProvider] enterpriseId is missing, skipping models API call
[9/26/2026, 1:55:38 PM.675] [Info] [AgentModelResolver] product config input: 54 models, 23 agents
[9/26/2026, 1:55:38 PM.675] [Info] [AgentModelResolver] model ids: auto, fast-model, balanced-model, deep-model, hy3, hy3-b, hy3-c, hy3-x, hy4-preview, hy4-preview-f, minimax-m2.5, glm-5v-turbo, glm-5.3, glm-5.3-flash, glm-5.2, glm-5.1, glm-5.0-turbo, glm-4.6v, kimi-k3-1, kimi-k2.8-preview, kimi-k2.7, kimi-k2.6, kimi-k2.5, kimi-k2-thinking, minimax-m3, minimax-m2.7, glm-4.6, deepseek-v4-flash, deepseek-v4.1-flash, deepseek-v4-pro, deepseek-v3-2-volc, deepseek-v3-1-volc, deepseek-v3-1-lkeap, deepseek-v3-1, deepseek-v3-0324-lkeap, deepseek-r1-0528-lkeap, kimi-k2-instruct-taiji, completion-gf, default-1.1, hunyuan-3b, hunyuan-7b-dense, codewise-completions, codewise-rewrite, codewise-nes-a4-027-aide, codewise-jump, deepseek-r1-0528, deepseek-v3-0324-taco-completion, deepseek-v3-0324, default-1.2, hunyuan-2.0-instruct, hunyuan-chat, hunyuan-image-alpha, hunyuan-image-alpha-edit, custom-local:kimi-k3
[9/26/2026, 1:55:38 PM.675] [Info] [AgentModelResolver] agent "cli" original_models=["auto","hy4-preview-f","hy3","hy3-x","deepseek-v4.1-flash","glm-5.3","glm-5.3-flash","glm-5.2","glm-5.1","glm-5v-turbo","minimax-m3","kimi-k3-1","kimi-k2.8-preview","kimi-k2.7","kimi-k2.6","deepseek-v4-pro"] -> resolved_models=["auto","hy4-preview-f","hy3","hy3-x","deepseek-v4.1-flash","glm-5.3","glm-5.3-flash","glm-5.2","glm-5.1","glm-5v-turbo","minimax-m3","kimi-k3-1","kimi-k2.8-preview","kimi-k2.7","kimi-k2.6","deepseek-v4-pro"]
[9/26/2026, 1:55:38 PM.675] [Info] [AgentModelResolver] agent "general-purpose" original_models=[] -> resolved_models=[]
[9/26/2026, 1:55:38 PM.675] [Info] [AgentModelResolver] agent "compact" original_models=[] -> resolved_models=[]
[9/26/2026, 1:55:38 PM.675] [Info] [AgentModelResolver] agent "contextSummary" original_models=[] -> resolved_models=[]
[9/26/2026, 1:55:38 PM.675] [Info] [AgentModelResolver] agent "contentAnalyzer" original_models=[] -> resolved_models=[]
[9/26/2026, 1:55:38 PM.675] [Info] [AgentModelResolver] agent "terminalTitleGenerator" original_models=[] -> resolved_models=[]
[9/26/2026, 1:55:38 PM.675] [Info] [AgentModelResolver] agent "promptSuggestion" original_models=[] -> resolved_models=[]
[9/26/2026, 1:55:38 PM.675] [Info] [AgentModelResolver] agent "memorySelector" original_models=["lite"] -> resolved_models=["lite"]
[9/26/2026, 1:55:38 PM.675] [Info] [AgentModelResolver] agent "summaryGenerator" original_models=[] -> resolved_models=[]
[9/26/2026, 1:55:38 PM.675] [Info] [AgentModelResolver] agent "autoModeClassifier" original_models=[] -> resolved_models=[]
[9/26/2026, 1:55:38 PM.675] [Info] [AgentModelResolver] agent "promptHookEvaluator" original_models=["lite"] -> resolved_models=["lite"]
[9/26/2026, 1:55:38 PM.675] [Info] [AgentModelResolver] agent "insightsAnalyzer" original_models=[] -> resolved_models=[]
[9/26/2026, 1:55:38 PM.675] [Info] [AgentModelResolver] agent "agentInstructions" original_models=[] -> resolved_models=[]
[9/26/2026, 1:55:38 PM.675] [Info] [AgentModelResolver] agent "statusline-setup" original_models=[] -> resolved_models=[]
[9/26/2026, 1:55:38 PM.675] [Info] [AgentModelResolver] agent "Explore" original_models=["lite"] -> resolved_models=["lite"]
[9/26/2026, 1:55:38 PM.675] [Info] [AgentModelResolver] agent "Plan" original_models=[] -> resolved_models=[]
[9/26/2026, 1:55:38 PM.675] [Info] [AgentModelResolver] agent "pulse" original_models=[] -> resolved_models=[]
[9/26/2026, 1:55:38 PM.675] [Info] [AgentModelResolver] agent "handoff-summary" original_models=undefined -> resolved_models=[]
[9/26/2026, 1:55:38 PM.675] [Info] [AgentModelResolver] agent "enhance-prompt" original_models=[] -> resolved_models=[]
[9/26/2026, 1:55:38 PM.675] [Info] [AgentModelResolver] agent "sheet-agent" original_models=[] -> resolved_models=[]
[9/26/2026, 1:55:38 PM.675] [Info] [AgentModelResolver] agent "doc-converter" original_models=[] -> resolved_models=[]
[9/26/2026, 1:55:38 PM.675] [Info] [AgentModelResolver] agent "doc-formatter" original_models=[] -> resolved_models=[]
[9/26/2026, 1:55:38 PM.675] [Info] [AgentModelResolver] agent "doc-writer" original_models=[] -> resolved_models=[]
[9/26/2026, 1:55:38 PM.699] [Info] [PluginPolicyService]  [MergedPlugins][DEBUG] ProductManager.onDidChange fired, reloading policies...
[9/26/2026, 1:55:38 PM.699] [Info] [PluginPolicyService]  [MergedPlugins][DEBUG] Current config builtInMarketPluginsMerge: [{"autoEnable":true,"marketplaceName":"codebuddy-plugins-official","name":"agent-browser","scope":"user"}]
[9/26/2026, 1:55:38 PM.699] [Info] [PluginPolicyService]  [MergedPlugins] Loaded 1 merged plugin entries
[9/26/2026, 1:55:38 PM.699] [Info] [Startup] AgentManager.rebuildAgents: START
[9/26/2026, 1:55:38 PM.700] [Info] [Startup] AgentManager.rebuildAgents: completed in 17ms, resolving readyDeferred
[9/26/2026, 1:55:38 PM.700] [Info] [PluginManager]  Checking for built-in marketplaces to install...
[9/26/2026, 1:55:38 PM.700] [Info] [BuiltInMarketplaceProvider]  Found 2 built-in marketplace(s)
[9/26/2026, 1:55:38 PM.700] [Info] [PluginManager]  Found 2 built-in marketplace(s)
[9/26/2026, 1:55:38 PM.701] [Info] [MarketplaceStorage]  [MarketplaceStorage] getMarketplaces ensureConfigFile=0ms readAndRepair=1ms migration=0ms total=1ms count=5 path=/Users/didi/.workbuddy/plugins/known_marketplaces.json
[9/26/2026, 1:55:38 PM.701] [Info] [PluginManager]  All built-in marketplaces are already installed
[9/26/2026, 1:55:38 PM.702] [Info] [MarketplaceStorage]  [MarketplaceStorage] getMarketplaces ensureConfigFile=0ms readAndRepair=1ms migration=0ms total=1ms count=5 path=/Users/didi/.workbuddy/plugins/known_marketplaces.json
[9/26/2026, 1:55:38 PM.702] [Info] [BuiltInMarketplaceProvider]  Found 2 built-in marketplace(s)
[9/26/2026, 1:55:38 PM.705] [Info] [PluginManager]  Loaded 5 marketplaces (2 built-in) total=4ms storage=1ms builtIn=0ms autoUpdate=0ms
[9/26/2026, 1:55:39 PM.658] [Info] [GitInfoCollector]  CODEBUDDY_GIT_REPO_SCAN_DISABLED 1
[9/26/2026, 1:55:39 PM.658] [Info] [GitInfoCollector]  Git repository scan is disabled via CODEBUDDY_GIT_REPO_SCAN_DISABLED environment variable
[9/26/2026, 1:55:40 PM.686] [Info] [TracingService]  Tracing uses @tencent/galileo-node-sdk global OpenTelemetry provider; @genie OTLP exporter is skipped.
[9/26/2026, 1:55:40 PM.686] [Info] [TracingService]  Tracing config resolved: {"productEnabled":true,"enabledByEnv":false,"endpoint":"https://copilot.tencent.com","galileoEnabled":true}
[9/26/2026, 1:55:43 PM.819] [Warning] [CloudProductManager]  Fetch remote configuration failed (attempt 1), will retry after 2s
[9/26/2026, 1:55:45 PM.821] [Info] [GitInfoCollector]  CODEBUDDY_GIT_REPO_SCAN_DISABLED 1
[9/26/2026, 1:55:45 PM.821] [Info] [GitInfoCollector]  Git repository scan is disabled via CODEBUDDY_GIT_REPO_SCAN_DISABLED environment variable
[9/26/2026, 1:55:45 PM.831] [Warning] [CloudProductManager]  Fetch remote configuration failed (attempt 2), will retry after 4s
[9/26/2026, 1:59:43 PM.639] [Info] [GitInfoCollector]  CODEBUDDY_GIT_REPO_SCAN_DISABLED 1
[9/26/2026, 1:59:43 PM.639] [Info] [GitInfoCollector]  Git repository scan is disabled via CODEBUDDY_GIT_REPO_SCAN_DISABLED environment variable
[9/26/2026, 1:59:43 PM.640] [Info] [WorkflowMemProbe] tick runId=(none) | rss=117.7MB heap=159.9/164.4MB external=53.3MB arrayBuffers=0MB
[9/26/2026, 1:59:43 PM.771] [Warning] [CloudProductManager]  Fetch remote configuration failed (attempt 3), will retry after 8s
[9/26/2026, 1:59:51 PM.773] [Info] [GitInfoCollector]  CODEBUDDY_GIT_REPO_SCAN_DISABLED 1
[9/26/2026, 1:59:51 PM.773] [Info] [GitInfoCollector]  Git repository scan is disabled via CODEBUDDY_GIT_REPO_SCAN_DISABLED environment variable
[9/26/2026, 1:59:51 PM.789] [Warning] [CloudProductManager]  Fetch remote configuration failed (attempt 4), will retry after 16s
[9/26/2026, 2:05:46 PM.648] [Info] [GitInfoCollector]  CODEBUDDY_GIT_REPO_SCAN_DISABLED 1
[9/26/2026, 2:05:46 PM.648] [Info] [GitInfoCollector]  Git repository scan is disabled via CODEBUDDY_GIT_REPO_SCAN_DISABLED environment variable
[9/26/2026, 2:05:46 PM.651] [Info] [WorkflowMemProbe] tick runId=(none) | rss=121.1MB heap=163.5/168.2MB external=53.3MB arrayBuffers=0MB
[9/26/2026, 2:05:46 PM.670] [Info] [GitInfoCollector]  CODEBUDDY_GIT_REPO_SCAN_DISABLED 1
[9/26/2026, 2:05:46 PM.670] [Info] [GitInfoCollector]  Git repository scan is disabled via CODEBUDDY_GIT_REPO_SCAN_DISABLED environment variable
[9/26/2026, 2:05:46 PM.676] [Warning] [CloudProductManager]  Fetch remote configuration failed (attempt 5), no more retries
[9/26/2026, 2:05:46 PM.676] [Error] [CloudProductManager] [undefined]  Fetch remote configuration failed after all retries: getaddrinfo ENOTFOUND copilot.tencent.com, url=/v3/config, code=ENOTFOUND
[9/26/2026, 2:05:46 PM.679] [Warning] [CloudProductManager]  Fetch remote configuration failed: getaddrinfo ENOTFOUND copilot.tencent.com, url=/v3/config, code=ENOTFOUND
[9/26/2026, 2:05:46 PM.680] [Info] [PluginsProductProvider.provide] active=9, ids=[weixinpay@workbuddy-builtin,tencent-docs-plugin@workbuddy-builtin,sheetagent@workbuddy-builtin,tencent-pptx@workbuddy-builtin,tencent-docx@workbuddy-builtin,agent-browser@codebuddy-plugins-official,find-skills@codebuddy-plugins-official,agent-browser@inline,find-skills@inline]
[9/26/2026, 2:05:46 PM.680] [Info] [MCP][cacheDbg] getConnectedServers() called: nonInteractive=true waitForSettle=false cacheNow=[connector-proxy,weixinpay,sheetagent] allServers=[connector-proxy:connected,weixinpay:connected,sheetagent:connected]
[9/26/2026, 2:05:46 PM.680] [Info] [MCP][cacheDbg] getConnectedServers() returning: [connector-proxy,weixinpay,sheetagent] (size=3)
[9/26/2026, 2:05:46 PM.686] [Info] [CustomModelsProductProvider] productName=WorkBuddy, isWorkBuddy=true, userConfigPath=/Users/didi/.workbuddy/models.json
[9/26/2026, 2:05:46 PM.686] [Info] Loaded custom models config from user: /Users/didi/.workbuddy/models.json
[9/26/2026, 2:05:46 PM.686] [Info] [ModelsProductProvider] enterpriseId: undefined, endpoint: https://copilot.tencent.com
[9/26/2026, 2:05:46 PM.686] [Warning] [ModelsProductProvider] enterpriseId is missing, skipping models API call
[9/26/2026, 2:05:46 PM.686] [Info] [AgentModelResolver] product config input: 54 models, 23 agents
[9/26/2026, 2:05:46 PM.686] [Info] [AgentModelResolver] model ids: auto, fast-model, balanced-model, deep-model, hy3, hy3-b, hy3-c, hy3-x, hy4-preview, hy4-preview-f, minimax-m2.5, glm-5v-turbo, glm-5.3, glm-5.3-flash, glm-5.2, glm-5.1, glm-5.0-turbo, glm-4.6v, kimi-k3-1, kimi-k2.8-preview, kimi-k2.7, kimi-k2.6, kimi-k2.5, kimi-k2-thinking, minimax-m3, minimax-m2.7, glm-4.6, deepseek-v4-flash, deepseek-v4.1-flash, deepseek-v4-pro, deepseek-v3-2-volc, deepseek-v3-1-volc, deepseek-v3-1-lkeap, deepseek-v3-1, deepseek-v3-0324-lkeap, deepseek-r1-0528-lkeap, kimi-k2-instruct-taiji, completion-gf, default-1.1, hunyuan-3b, hunyuan-7b-dense, codewise-completions, codewise-rewrite, codewise-nes-a4-027-aide, codewise-jump, deepseek-r1-0528, deepseek-v3-0324-taco-completion, deepseek-v3-0324, default-1.2, hunyuan-2.0-instruct, hunyuan-chat, hunyuan-image-alpha, hunyuan-image-alpha-edit, custom-local:kimi-k3
[9/26/2026, 2:05:46 PM.686] [Info] [AgentModelResolver] agent "cli" original_models=["auto","hy4-preview-f","hy3","hy3-x","deepseek-v4.1-flash","glm-5.3","glm-5.3-flash","glm-5.2","glm-5.1","glm-5v-turbo","minimax-m3","kimi-k3-1","kimi-k2.8-preview","kimi-k2.7","kimi-k2.6","deepseek-v4-pro"] -> resolved_models=["auto","hy4-preview-f","hy3","hy3-x","deepseek-v4.1-flash","glm-5.3","glm-5.3-flash","glm-5.2","glm-5.1","glm-5v-turbo","minimax-m3","kimi-k3-1","kimi-k2.8-preview","kimi-k2.7","kimi-k2.6","deepseek-v4-pro"]
[9/26/2026, 2:05:46 PM.686] [Info] [AgentModelResolver] agent "general-purpose" original_models=[] -> resolved_models=[]
[9/26/2026, 2:05:46 PM.686] [Info] [AgentModelResolver] agent "compact" original_models=[] -> resolved_models=[]
[9/26/2026, 2:05:46 PM.686] [Info] [AgentModelResolver] agent "contextSummary" original_models=[] -> resolved_models=[]
[9/26/2026, 2:05:46 PM.686] [Info] [AgentModelResolver] agent "contentAnalyzer" original_models=[] -> resolved_models=[]
[9/26/2026, 2:05:46 PM.686] [Info] [AgentModelResolver] agent "terminalTitleGenerator" original_models=[] -> resolved_models=[]
[9/26/2026, 2:05:46 PM.686] [Info] [AgentModelResolver] agent "promptSuggestion" original_models=[] -> resolved_models=[]
[9/26/2026, 2:05:46 PM.686] [Info] [AgentModelResolver] agent "memorySelector" original_models=["lite"] -> resolved_models=["lite"]
[9/26/2026, 2:05:46 PM.686] [Info] [AgentModelResolver] agent "summaryGenerator" original_models=[] -> resolved_models=[]
[9/26/2026, 2:05:46 PM.686] [Info] [AgentModelResolver] agent "autoModeClassifier" original_models=[] -> resolved_models=[]
[9/26/2026, 2:05:46 PM.686] [Info] [AgentModelResolver] agent "promptHookEvaluator" original_models=["lite"] -> resolved_models=["lite"]
[9/26/2026, 2:05:46 PM.686] [Info] [AgentModelResolver] agent "insightsAnalyzer" original_models=[] -> resolved_models=[]
[9/26/2026, 2:05:46 PM.686] [Info] [AgentModelResolver] agent "agentInstructions" original_models=[] -> resolved_models=[]
[9/26/2026, 2:05:46 PM.686] [Info] [AgentModelResolver] agent "statusline-setup" original_models=[] -> resolved_models=[]
[9/26/2026, 2:05:46 PM.686] [Info] [AgentModelResolver] agent "Explore" original_models=["lite"] -> resolved_models=["lite"]
[9/26/2026, 2:05:46 PM.686] [Info] [AgentModelResolver] agent "Plan" original_models=[] -> resolved_models=[]
[9/26/2026, 2:05:46 PM.686] [Info] [AgentModelResolver] agent "pulse" original_models=[] -> resolved_models=[]
[9/26/2026, 2:05:46 PM.686] [Info] [AgentModelResolver] agent "handoff-summary" original_models=undefined -> resolved_models=[]
[9/26/2026, 2:05:46 PM.686] [Info] [AgentModelResolver] agent "enhance-prompt" original_models=[] -> resolved_models=[]
[9/26/2026, 2:05:46 PM.686] [Info] [AgentModelResolver] agent "sheet-agent" original_models=[] -> resolved_models=[]
[9/26/2026, 2:05:46 PM.686] [Info] [AgentModelResolver] agent "doc-converter" original_models=[] -> resolved_models=[]
[9/26/2026, 2:05:46 PM.686] [Info] [AgentModelResolver] agent "doc-formatter" original_models=[] -> resolved_models=[]
[9/26/2026, 2:05:46 PM.686] [Info] [AgentModelResolver] agent "doc-writer" original_models=[] -> resolved_models=[]
[9/26/2026, 2:05:46 PM.701] [Info] [PluginPolicyService]  [MergedPlugins][DEBUG] ProductManager.onDidChange fired, reloading policies...
[9/26/2026, 2:05:46 PM.701] [Info] [PluginPolicyService]  [MergedPlugins][DEBUG] Current config builtInMarketPluginsMerge: [{"autoEnable":true,"marketplaceName":"codebuddy-plugins-official","name":"agent-browser","scope":"user"}]
[9/26/2026, 2:05:46 PM.701] [Info] [PluginPolicyService]  [MergedPlugins] Loaded 1 merged plugin entries
[9/26/2026, 2:05:46 PM.701] [Info] [Startup] AgentManager.rebuildAgents: START
[9/26/2026, 2:05:46 PM.701] [Info] [Startup] AgentManager.rebuildAgents: completed in 11ms, resolving readyDeferred
[9/26/2026, 2:05:46 PM.702] [Info] [PluginManager]  Checking for built-in marketplaces to install...
[9/26/2026, 2:05:46 PM.702] [Info] [BuiltInMarketplaceProvider]  Found 2 built-in marketplace(s)
[9/26/2026, 2:05:46 PM.702] [Info] [PluginManager]  Found 2 built-in marketplace(s)
[9/26/2026, 2:05:46 PM.703] [Info] [MarketplaceStorage]  [MarketplaceStorage] getMarketplaces ensureConfigFile=0ms readAndRepair=1ms migration=0ms total=1ms count=5 path=/Users/didi/.workbuddy/plugins/known_marketplaces.json
[9/26/2026, 2:05:46 PM.703] [Info] [PluginManager]  All built-in marketplaces are already installed
[9/26/2026, 2:05:46 PM.704] [Info] [MarketplaceStorage]  [MarketplaceStorage] getMarketplaces ensureConfigFile=0ms readAndRepair=1ms migration=0ms total=1ms count=5 path=/Users/didi/.workbuddy/plugins/known_marketplaces.json
[9/26/2026, 2:05:46 PM.704] [Info] [BuiltInMarketplaceProvider]  Found 2 built-in marketplace(s)
[9/26/2026, 2:05:46 PM.708] [Info] [PluginManager]  Loaded 5 marketplaces (2 built-in) total=4ms storage=1ms builtIn=0ms autoUpdate=0ms
[9/26/2026, 2:05:47 PM.682] [Info] [GitInfoCollector]  CODEBUDDY_GIT_REPO_SCAN_DISABLED 1
[9/26/2026, 2:05:47 PM.682] [Info] [GitInfoCollector]  Git repository scan is disabled via CODEBUDDY_GIT_REPO_SCAN_DISABLED environment variable
[9/26/2026, 2:05:48 PM.693] [Info] [TracingService]  Tracing uses @tencent/galileo-node-sdk global OpenTelemetry provider; @genie OTLP exporter is skipped.
[9/26/2026, 2:05:48 PM.693] [Info] [TracingService]  Tracing config resolved: {"productEnabled":true,"enabledByEnv":false,"endpoint":"https://copilot.tencent.com","galileoEnabled":true}
[9/26/2026, 2:05:52 PM.697] [Warning] [CloudProductManager]  Fetch remote configuration failed (attempt 1), will retry after 2s
[9/26/2026, 2:05:54 PM.701] [Info] [GitInfoCollector]  CODEBUDDY_GIT_REPO_SCAN_DISABLED 1
[9/26/2026, 2:05:54 PM.701] [Info] [GitInfoCollector]  Git repository scan is disabled via CODEBUDDY_GIT_REPO_SCAN_DISABLED environment variable
[9/26/2026, 2:05:59 PM.719] [Warning] [CloudProductManager]  Fetch remote configuration failed (attempt 2), will retry after 4s
[9/26/2026, 2:06:03 PM.721] [Info] [GitInfoCollector]  CODEBUDDY_GIT_REPO_SCAN_DISABLED 1
[9/26/2026, 2:06:03 PM.721] [Info] [GitInfoCollector]  Git repository scan is disabled via CODEBUDDY_GIT_REPO_SCAN_DISABLED environment variable
[9/26/2026, 2:06:08 PM.734] [Warning] [CloudProductManager]  Fetch remote configuration failed (attempt 3), will retry after 8s
[9/26/2026, 2:06:16 PM.653] [Info] [WorkflowMemProbe] tick runId=(none) | rss=145.1MB heap=155.1/162MB external=54.4MB arrayBuffers=0MB
[9/26/2026, 2:06:16 PM.737] [Info] [GitInfoCollector]  CODEBUDDY_GIT_REPO_SCAN_DISABLED 1
[9/26/2026, 2:06:16 PM.737] [Info] [GitInfoCollector]  Git repository scan is disabled via CODEBUDDY_GIT_REPO_SCAN_DISABLED environment variable
[9/26/2026, 2:06:21 PM.751] [Warning] [CloudProductManager]  Fetch remote configuration failed (attempt 4), will retry after 16s
[9/26/2026, 2:06:37 PM.753] [Info] [GitInfoCollector]  CODEBUDDY_GIT_REPO_SCAN_DISABLED 1
[9/26/2026, 2:06:37 PM.753] [Info] [GitInfoCollector]  Git repository scan is disabled via CODEBUDDY_GIT_REPO_SCAN_DISABLED environment variable
[9/26/2026, 2:06:42 PM.767] [Warning] [CloudProductManager]  Fetch remote configuration failed (attempt 5), no more retries
[9/26/2026, 2:06:46 PM.655] [Info] [WorkflowMemProbe] tick runId=(none) | rss=145.3MB heap=156.8/163.3MB external=53.6MB arrayBuffers=0MB
[9/26/2026, 2:07:16 PM.656] [Info] [WorkflowMemProbe] tick runId=(none) | rss=141.9MB heap=156.9/163.3MB external=53.6MB arrayBuffers=0MB
[9/26/2026, 2:07:46 PM.656] [Info] [WorkflowMemProbe] tick runId=(none) | rss=131.3MB heap=157.1/163.3MB external=53.6MB arrayBuffers=0MB
[9/26/2026, 2:08:16 PM.659] [Info] [WorkflowMemProbe] tick runId=(none) | rss=130.2MB heap=157.3/163.5MB external=53.6MB arrayBuffers=0MB
[9/26/2026, 2:08:46 PM.660] [Info] [WorkflowMemProbe] tick runId=(none) | rss=131.5MB heap=157.5/163.5MB external=53.6MB arrayBuffers=0MB
[9/26/2026, 2:09:17 PM.756] [Info] [WorkflowMemProbe] tick runId=(none) | rss=131MB heap=157.7/163.8MB external=53.7MB arrayBuffers=0MB
[9/26/2026, 2:25:23 PM.527] [Info] [WorkflowMemProbe] tick runId=(none) | rss=128.2MB heap=155/160.6MB external=53.6MB arrayBuffers=0MB
[9/26/2026, 2:25:23 PM.644] [Info] [GitInfoCollector]  CODEBUDDY_GIT_REPO_SCAN_DISABLED 1
[9/26/2026, 2:25:23 PM.644] [Info] [GitInfoCollector]  Git repository scan is disabled via CODEBUDDY_GIT_REPO_SCAN_DISABLED environment variable
[9/26/2026, 2:25:23 PM.674] [Warning] [CloudProductManager]  Fetch remote configuration failed: getaddrinfo ENOTFOUND copilot.tencent.com, url=/v3/config, code=ENOTFOUND
[9/26/2026, 2:25:23 PM.674] [Info] [PluginsProductProvider.provide] active=9, ids=[weixinpay@workbuddy-builtin,tencent-docs-plugin@workbuddy-builtin,sheetagent@workbuddy-builtin,tencent-pptx@workbuddy-builtin,tencent-docx@workbuddy-builtin,agent-browser@codebuddy-plugins-official,find-skills@codebuddy-plugins-official,agent-browser@inline,find-skills@inline]
[9/26/2026, 2:25:23 PM.675] [Info] [MCP][cacheDbg] getConnectedServers() called: nonInteractive=true waitForSettle=false cacheNow=[connector-proxy,weixinpay,sheetagent] allServers=[connector-proxy:connected,weixinpay:connected,sheetagent:connected]
[9/26/2026, 2:25:23 PM.675] [Info] [MCP][cacheDbg] getConnectedServers() returning: [connector-proxy,weixinpay,sheetagent] (size=3)
[9/26/2026, 2:25:23 PM.681] [Info] [CustomModelsProductProvider] productName=WorkBuddy, isWorkBuddy=true, userConfigPath=/Users/didi/.workbuddy/models.json
[9/26/2026, 2:25:23 PM.681] [Info] Loaded custom models config from user: /Users/didi/.workbuddy/models.json
[9/26/2026, 2:25:23 PM.681] [Info] [ModelsProductProvider] enterpriseId: undefined, endpoint: https://copilot.tencent.com
[9/26/2026, 2:25:23 PM.681] [Warning] [ModelsProductProvider] enterpriseId is missing, skipping models API call
[9/26/2026, 2:25:23 PM.681] [Info] [AgentModelResolver] product config input: 54 models, 23 agents
[9/26/2026, 2:25:23 PM.681] [Info] [AgentModelResolver] model ids: auto, fast-model, balanced-model, deep-model, hy3, hy3-b, hy3-c, hy3-x, hy4-preview, hy4-preview-f, minimax-m2.5, glm-5v-turbo, glm-5.3, glm-5.3-flash, glm-5.2, glm-5.1, glm-5.0-turbo, glm-4.6v, kimi-k3-1, kimi-k2.8-preview, kimi-k2.7, kimi-k2.6, kimi-k2.5, kimi-k2-thinking, minimax-m3, minimax-m2.7, glm-4.6, deepseek-v4-flash, deepseek-v4.1-flash, deepseek-v4-pro, deepseek-v3-2-volc, deepseek-v3-1-volc, deepseek-v3-1-lkeap, deepseek-v3-1, deepseek-v3-0324-lkeap, deepseek-r1-0528-lkeap, kimi-k2-instruct-taiji, completion-gf, default-1.1, hunyuan-3b, hunyuan-7b-dense, codewise-completions, codewise-rewrite, codewise-nes-a4-027-aide, codewise-jump, deepseek-r1-0528, deepseek-v3-0324-taco-completion, deepseek-v3-0324, default-1.2, hunyuan-2.0-instruct, hunyuan-chat, hunyuan-image-alpha, hunyuan-image-alpha-edit, custom-local:kimi-k3
[9/26/2026, 2:25:23 PM.681] [Info] [AgentModelResolver] agent "cli" original_models=["auto","hy4-preview-f","hy3","hy3-x","deepseek-v4.1-flash","glm-5.3","glm-5.3-flash","glm-5.2","glm-5.1","glm-5v-turbo","minimax-m3","kimi-k3-1","kimi-k2.8-preview","kimi-k2.7","kimi-k2.6","deepseek-v4-pro"] -> resolved_models=["auto","hy4-preview-f","hy3","hy3-x","deepseek-v4.1-flash","glm-5.3","glm-5.3-flash","glm-5.2","glm-5.1","glm-5v-turbo","minimax-m3","kimi-k3-1","kimi-k2.8-preview","kimi-k2.7","kimi-k2.6","deepseek-v4-pro"]
[9/26/2026, 2:25:23 PM.681] [Info] [AgentModelResolver] agent "general-purpose" original_models=[] -> resolved_models=[]
[9/26/2026, 2:25:23 PM.681] [Info] [AgentModelResolver] agent "compact" original_models=[] -> resolved_models=[]
[9/26/2026, 2:25:23 PM.681] [Info] [AgentModelResolver] agent "contextSummary" original_models=[] -> resolved_models=[]
[9/26/2026, 2:25:23 PM.681] [Info] [AgentModelResolver] agent "contentAnalyzer" original_models=[] -> resolved_models=[]
[9/26/2026, 2:25:23 PM.681] [Info] [AgentModelResolver] agent "terminalTitleGenerator" original_models=[] -> resolved_models=[]
[9/26/2026, 2:25:23 PM.681] [Info] [AgentModelResolver] agent "promptSuggestion" original_models=[] -> resolved_models=[]
[9/26/2026, 2:25:23 PM.681] [Info] [AgentModelResolver] agent "memorySelector" original_models=["lite"] -> resolved_models=["lite"]
[9/26/2026, 2:25:23 PM.681] [Info] [AgentModelResolver] agent "summaryGenerator" original_models=[] -> resolved_models=[]
[9/26/2026, 2:25:23 PM.681] [Info] [AgentModelResolver] agent "autoModeClassifier" original_models=[] -> resolved_models=[]
[9/26/2026, 2:25:23 PM.681] [Info] [AgentModelResolver] agent "promptHookEvaluator" original_models=["lite"] -> resolved_models=["lite"]
[9/26/2026, 2:25:23 PM.681] [Info] [AgentModelResolver] agent "insightsAnalyzer" original_models=[] -> resolved_models=[]
[9/26/2026, 2:25:23 PM.681] [Info] [AgentModelResolver] agent "agentInstructions" original_models=[] -> resolved_models=[]
[9/26/2026, 2:25:23 PM.681] [Info] [AgentModelResolver] agent "statusline-setup" original_models=[] -> resolved_models=[]
[9/26/2026, 2:25:23 PM.681] [Info] [AgentModelResolver] agent "Explore" original_models=["lite"] -> resolved_models=["lite"]
[9/26/2026, 2:25:23 PM.681] [Info] [AgentModelResolver] agent "Plan" original_models=[] -> resolved_models=[]
[9/26/2026, 2:25:23 PM.681] [Info] [AgentModelResolver] agent "pulse" original_models=[] -> resolved_models=[]
[9/26/2026, 2:25:23 PM.681] [Info] [AgentModelResolver] agent "handoff-summary" original_models=undefined -> resolved_models=[]
[9/26/2026, 2:25:23 PM.681] [Info] [AgentModelResolver] agent "enhance-prompt" original_models=[] -> resolved_models=[]
[9/26/2026, 2:25:23 PM.681] [Info] [AgentModelResolver] agent "sheet-agent" original_models=[] -> resolved_models=[]
[9/26/2026, 2:25:23 PM.681] [Info] [AgentModelResolver] agent "doc-converter" original_models=[] -> resolved_models=[]
[9/26/2026, 2:25:23 PM.681] [Info] [AgentModelResolver] agent "doc-formatter" original_models=[] -> resolved_models=[]
[9/26/2026, 2:25:23 PM.681] [Info] [AgentModelResolver] agent "doc-writer" original_models=[] -> resolved_models=[]
[9/26/2026, 2:25:23 PM.704] [Info] [PluginPolicyService]  [MergedPlugins][DEBUG] ProductManager.onDidChange fired, reloading policies...
[9/26/2026, 2:25:23 PM.704] [Info] [PluginPolicyService]  [MergedPlugins][DEBUG] Current config builtInMarketPluginsMerge: [{"autoEnable":true,"marketplaceName":"codebuddy-plugins-official","name":"agent-browser","scope":"user"}]
[9/26/2026, 2:25:23 PM.704] [Info] [PluginPolicyService]  [MergedPlugins] Loaded 1 merged plugin entries
[9/26/2026, 2:25:23 PM.704] [Info] [Startup] AgentManager.rebuildAgents: START
[9/26/2026, 2:25:23 PM.706] [Info] [Startup] AgentManager.rebuildAgents: completed in 20ms, resolving readyDeferred
[9/26/2026, 2:25:23 PM.706] [Info] [PluginManager]  Checking for built-in marketplaces to install...
[9/26/2026, 2:25:23 PM.706] [Info] [BuiltInMarketplaceProvider]  Found 2 built-in marketplace(s)
[9/26/2026, 2:25:23 PM.707] [Info] [PluginManager]  Found 2 built-in marketplace(s)
[9/26/2026, 2:25:23 PM.707] [Info] [MarketplaceStorage]  [MarketplaceStorage] getMarketplaces ensureConfigFile=0ms readAndRepair=1ms migration=0ms total=1ms count=5 path=/Users/didi/.workbuddy/plugins/known_marketplaces.json
[9/26/2026, 2:25:23 PM.708] [Info] [PluginManager]  All built-in marketplaces are already installed
[9/26/2026, 2:25:23 PM.708] [Info] [MarketplaceStorage]  [MarketplaceStorage] getMarketplaces ensureConfigFile=1ms readAndRepair=0ms migration=0ms total=1ms count=5 path=/Users/didi/.workbuddy/plugins/known_marketplaces.json
[9/26/2026, 2:25:23 PM.708] [Info] [BuiltInMarketplaceProvider]  Found 2 built-in marketplace(s)
[9/26/2026, 2:25:23 PM.711] [Info] [PluginManager]  Loaded 5 marketplaces (2 built-in) total=4ms storage=1ms builtIn=0ms autoUpdate=0ms
[9/26/2026, 2:25:24 PM.675] [Info] [GitInfoCollector]  CODEBUDDY_GIT_REPO_SCAN_DISABLED 1
[9/26/2026, 2:25:24 PM.675] [Info] [GitInfoCollector]  Git repository scan is disabled via CODEBUDDY_GIT_REPO_SCAN_DISABLED environment variable
[9/26/2026, 2:25:24 PM.688] [Warning] [CloudProductManager]  Fetch remote configuration failed (attempt 1), will retry after 2s
[9/26/2026, 2:25:25 PM.687] [Info] [TracingService]  Tracing uses @tencent/galileo-node-sdk global OpenTelemetry provider; @genie OTLP exporter is skipped.
[9/26/2026, 2:25:25 PM.687] [Info] [TracingService]  Tracing config resolved: {"productEnabled":true,"enabledByEnv":false,"endpoint":"https://copilot.tencent.com","galileoEnabled":true}
[9/26/2026, 2:25:26 PM.691] [Info] [GitInfoCollector]  CODEBUDDY_GIT_REPO_SCAN_DISABLED 1
[9/26/2026, 2:25:26 PM.691] [Info] [GitInfoCollector]  Git repository scan is disabled via CODEBUDDY_GIT_REPO_SCAN_DISABLED environment variable
[9/26/2026, 2:25:26 PM.706] [Warning] [CloudProductManager]  Fetch remote configuration failed (attempt 2), will retry after 4s
[9/26/2026, 2:41:41 PM.781] [Info] [GitInfoCollector]  CODEBUDDY_GIT_REPO_SCAN_DISABLED 1
[9/26/2026, 2:41:41 PM.781] [Info] [GitInfoCollector]  Git repository scan is disabled via CODEBUDDY_GIT_REPO_SCAN_DISABLED environment variable
[9/26/2026, 2:41:41 PM.783] [Info] [WorkflowMemProbe] tick runId=(none) | rss=145.1MB heap=162.8/169.2MB external=54.1MB arrayBuffers=0MB
[9/26/2026, 2:41:41 PM.799] [Info] [GitInfoCollector]  CODEBUDDY_GIT_REPO_SCAN_DISABLED 1
[9/26/2026, 2:41:41 PM.799] [Info] [GitInfoCollector]  Git repository scan is disabled via CODEBUDDY_GIT_REPO_SCAN_DISABLED environment variable
[9/26/2026, 2:41:41 PM.804] [Warning] [CloudProductManager]  Fetch remote configuration failed (attempt 3), will retry after 8s
[9/26/2026, 2:41:41 PM.804] [Warning] [CloudProductManager]  Fetch remote configuration failed: getaddrinfo ENOTFOUND copilot.tencent.com, url=/v3/config, code=ENOTFOUND
[9/26/2026, 2:41:41 PM.805] [Info] [PluginsProductProvider.provide] active=9, ids=[weixinpay@workbuddy-builtin,tencent-docs-plugin@workbuddy-builtin,sheetagent@workbuddy-builtin,tencent-pptx@workbuddy-builtin,tencent-docx@workbuddy-builtin,agent-browser@codebuddy-plugins-official,find-skills@codebuddy-plugins-official,agent-browser@inline,find-skills@inline]
[9/26/2026, 2:41:41 PM.805] [Info] [MCP][cacheDbg] getConnectedServers() called: nonInteractive=true waitForSettle=false cacheNow=[connector-proxy,weixinpay,sheetagent] allServers=[connector-proxy:connected,weixinpay:connected,sheetagent:connected]
[9/26/2026, 2:41:41 PM.805] [Info] [MCP][cacheDbg] getConnectedServers() returning: [connector-proxy,weixinpay,sheetagent] (size=3)
[9/26/2026, 2:41:41 PM.810] [Info] [CustomModelsProductProvider] productName=WorkBuddy, isWorkBuddy=true, userConfigPath=/Users/didi/.workbuddy/models.json
[9/26/2026, 2:41:41 PM.810] [Info] Loaded custom models config from user: /Users/didi/.workbuddy/models.json
[9/26/2026, 2:41:41 PM.810] [Info] [ModelsProductProvider] enterpriseId: undefined, endpoint: https://copilot.tencent.com
[9/26/2026, 2:41:41 PM.810] [Warning] [ModelsProductProvider] enterpriseId is missing, skipping models API call
[9/26/2026, 2:41:41 PM.811] [Info] [AgentModelResolver] product config input: 54 models, 23 agents
[9/26/2026, 2:41:41 PM.811] [Info] [AgentModelResolver] model ids: auto, fast-model, balanced-model, deep-model, hy3, hy3-b, hy3-c, hy3-x, hy4-preview, hy4-preview-f, minimax-m2.5, glm-5v-turbo, glm-5.3, glm-5.3-flash, glm-5.2, glm-5.1, glm-5.0-turbo, glm-4.6v, kimi-k3-1, kimi-k2.8-preview, kimi-k2.7, kimi-k2.6, kimi-k2.5, kimi-k2-thinking, minimax-m3, minimax-m2.7, glm-4.6, deepseek-v4-flash, deepseek-v4.1-flash, deepseek-v4-pro, deepseek-v3-2-volc, deepseek-v3-1-volc, deepseek-v3-1-lkeap, deepseek-v3-1, deepseek-v3-0324-lkeap, deepseek-r1-0528-lkeap, kimi-k2-instruct-taiji, completion-gf, default-1.1, hunyuan-3b, hunyuan-7b-dense, codewise-completions, codewise-rewrite, codewise-nes-a4-027-aide, codewise-jump, deepseek-r1-0528, deepseek-v3-0324-taco-completion, deepseek-v3-0324, default-1.2, hunyuan-2.0-instruct, hunyuan-chat, hunyuan-image-alpha, hunyuan-image-alpha-edit, custom-local:kimi-k3
[9/26/2026, 2:41:41 PM.811] [Info] [AgentModelResolver] agent "cli" original_models=["auto","hy4-preview-f","hy3","hy3-x","deepseek-v4.1-flash","glm-5.3","glm-5.3-flash","glm-5.2","glm-5.1","glm-5v-turbo","minimax-m3","kimi-k3-1","kimi-k2.8-preview","kimi-k2.7","kimi-k2.6","deepseek-v4-pro"] -> resolved_models=["auto","hy4-preview-f","hy3","hy3-x","deepseek-v4.1-flash","glm-5.3","glm-5.3-flash","glm-5.2","glm-5.1","glm-5v-turbo","minimax-m3","kimi-k3-1","kimi-k2.8-preview","kimi-k2.7","kimi-k2.6","deepseek-v4-pro"]
[9/26/2026, 2:41:41 PM.811] [Info] [AgentModelResolver] agent "general-purpose" original_models=[] -> resolved_models=[]
[9/26/2026, 2:41:41 PM.811] [Info] [AgentModelResolver] agent "compact" original_models=[] -> resolved_models=[]
[9/26/2026, 2:41:41 PM.811] [Info] [AgentModelResolver] agent "contextSummary" original_models=[] -> resolved_models=[]
[9/26/2026, 2:41:41 PM.811] [Info] [AgentModelResolver] agent "contentAnalyzer" original_models=[] -> resolved_models=[]
[9/26/2026, 2:41:41 PM.811] [Info] [AgentModelResolver] agent "terminalTitleGenerator" original_models=[] -> resolved_models=[]
[9/26/2026, 2:41:41 PM.811] [Info] [AgentModelResolver] agent "promptSuggestion" original_models=[] -> resolved_models=[]
[9/26/2026, 2:41:41 PM.811] [Info] [AgentModelResolver] agent "memorySelector" original_models=["lite"] -> resolved_models=["lite"]
[9/26/2026, 2:41:41 PM.811] [Info] [AgentModelResolver] agent "summaryGenerator" original_models=[] -> resolved_models=[]
[9/26/2026, 2:41:41 PM.811] [Info] [AgentModelResolver] agent "autoModeClassifier" original_models=[] -> resolved_models=[]
[9/26/2026, 2:41:41 PM.811] [Info] [AgentModelResolver] agent "promptHookEvaluator" original_models=["lite"] -> resolved_models=["lite"]
[9/26/2026, 2:41:41 PM.811] [Info] [AgentModelResolver] agent "insightsAnalyzer" original_models=[] -> resolved_models=[]
[9/26/2026, 2:41:41 PM.811] [Info] [AgentModelResolver] agent "agentInstructions" original_models=[] -> resolved_models=[]
[9/26/2026, 2:41:41 PM.811] [Info] [AgentModelResolver] agent "statusline-setup" original_models=[] -> resolved_models=[]
[9/26/2026, 2:41:41 PM.811] [Info] [AgentModelResolver] agent "Explore" original_models=["lite"] -> resolved_models=["lite"]
[9/26/2026, 2:41:41 PM.811] [Info] [AgentModelResolver] agent "Plan" original_models=[] -> resolved_models=[]
[9/26/2026, 2:41:41 PM.811] [Info] [AgentModelResolver] agent "pulse" original_models=[] -> resolved_models=[]
[9/26/2026, 2:41:41 PM.811] [Info] [AgentModelResolver] agent "handoff-summary" original_models=undefined -> resolved_models=[]
[9/26/2026, 2:41:41 PM.811] [Info] [AgentModelResolver] agent "enhance-prompt" original_models=[] -> resolved_models=[]
[9/26/2026, 2:41:41 PM.811] [Info] [AgentModelResolver] agent "sheet-agent" original_models=[] -> resolved_models=[]
[9/26/2026, 2:41:41 PM.811] [Info] [AgentModelResolver] agent "doc-converter" original_models=[] -> resolved_models=[]
[9/26/2026, 2:41:41 PM.811] [Info] [AgentModelResolver] agent "doc-formatter" original_models=[] -> resolved_models=[]
[9/26/2026, 2:41:41 PM.811] [Info] [AgentModelResolver] agent "doc-writer" original_models=[] -> resolved_models=[]
[9/26/2026, 2:41:41 PM.823] [Info] [PluginPolicyService]  [MergedPlugins][DEBUG] ProductManager.onDidChange fired, reloading policies...
[9/26/2026, 2:41:41 PM.823] [Info] [PluginPolicyService]  [MergedPlugins][DEBUG] Current config builtInMarketPluginsMerge: [{"autoEnable":true,"marketplaceName":"codebuddy-plugins-official","name":"agent-browser","scope":"user"}]
[9/26/2026, 2:41:41 PM.823] [Info] [PluginPolicyService]  [MergedPlugins] Loaded 1 merged plugin entries
[9/26/2026, 2:41:41 PM.823] [Info] [Startup] AgentManager.rebuildAgents: START
[9/26/2026, 2:41:41 PM.823] [Info] [Startup] AgentManager.rebuildAgents: completed in 9ms, resolving readyDeferred
[9/26/2026, 2:41:41 PM.824] [Info] [PluginManager]  Checking for built-in marketplaces to install...
[9/26/2026, 2:41:41 PM.824] [Info] [BuiltInMarketplaceProvider]  Found 2 built-in marketplace(s)
[9/26/2026, 2:41:41 PM.824] [Info] [PluginManager]  Found 2 built-in marketplace(s)
[9/26/2026, 2:41:41 PM.824] [Info] [MarketplaceStorage]  [MarketplaceStorage] getMarketplaces ensureConfigFile=0ms readAndRepair=0ms migration=0ms total=0ms count=5 path=/Users/didi/.workbuddy/plugins/known_marketplaces.json
[9/26/2026, 2:41:41 PM.824] [Info] [PluginManager]  All built-in marketplaces are already installed
[9/26/2026, 2:41:41 PM.825] [Info] [MarketplaceStorage]  [MarketplaceStorage] getMarketplaces ensureConfigFile=0ms readAndRepair=1ms migration=0ms total=1ms count=5 path=/Users/didi/.workbuddy/plugins/known_marketplaces.json
[9/26/2026, 2:41:41 PM.825] [Info] [BuiltInMarketplaceProvider]  Found 2 built-in marketplace(s)
[9/26/2026, 2:41:41 PM.828] [Info] [PluginManager]  Loaded 5 marketplaces (2 built-in) total=4ms storage=1ms builtIn=0ms autoUpdate=0ms
[9/26/2026, 2:41:43 PM.817] [Info] [TracingService]  Tracing uses @tencent/galileo-node-sdk global OpenTelemetry provider; @genie OTLP exporter is skipped.
[9/26/2026, 2:41:43 PM.817] [Info] [TracingService]  Tracing config resolved: {"productEnabled":true,"enabledByEnv":false,"endpoint":"https://copilot.tencent.com","galileoEnabled":true}
[9/26/2026, 2:56:33 PM.569] [Info] [GitInfoCollector]  CODEBUDDY_GIT_REPO_SCAN_DISABLED 1
[9/26/2026, 2:56:33 PM.569] [Info] [GitInfoCollector]  Git repository scan is disabled via CODEBUDDY_GIT_REPO_SCAN_DISABLED environment variable
[9/26/2026, 2:56:33 PM.573] [Info] [WorkflowMemProbe] tick runId=(none) | rss=144.1MB heap=153.3/161MB external=53.3MB arrayBuffers=0MB
[9/26/2026, 2:56:33 PM.673] [Info] [GitInfoCollector]  CODEBUDDY_GIT_REPO_SCAN_DISABLED 1
[9/26/2026, 2:56:33 PM.673] [Info] [GitInfoCollector]  Git repository scan is disabled via CODEBUDDY_GIT_REPO_SCAN_DISABLED environment variable
[9/26/2026, 2:56:33 PM.678] [Warning] [CloudProductManager]  Fetch remote configuration failed (attempt 4), will retry after 16s
[9/26/2026, 2:56:33 PM.687] [Warning] [CloudProductManager]  Fetch remote configuration failed: getaddrinfo ENOTFOUND copilot.tencent.com, url=/v3/config, code=ENOTFOUND
[9/26/2026, 2:56:33 PM.688] [Info] [PluginsProductProvider.provide] active=9, ids=[weixinpay@workbuddy-builtin,tencent-docs-plugin@workbuddy-builtin,sheetagent@workbuddy-builtin,tencent-pptx@workbuddy-builtin,tencent-docx@workbuddy-builtin,agent-browser@codebuddy-plugins-official,find-skills@codebuddy-plugins-official,agent-browser@inline,find-skills@inline]
[9/26/2026, 2:56:33 PM.688] [Info] [MCP][cacheDbg] getConnectedServers() called: nonInteractive=true waitForSettle=false cacheNow=[connector-proxy,weixinpay,sheetagent] allServers=[connector-proxy:connected,weixinpay:connected,sheetagent:connected]
[9/26/2026, 2:56:33 PM.688] [Info] [MCP][cacheDbg] getConnectedServers() returning: [connector-proxy,weixinpay,sheetagent] (size=3)
[9/26/2026, 2:56:33 PM.695] [Info] [CustomModelsProductProvider] productName=WorkBuddy, isWorkBuddy=true, userConfigPath=/Users/didi/.workbuddy/models.json
[9/26/2026, 2:56:33 PM.695] [Info] Loaded custom models config from user: /Users/didi/.workbuddy/models.json
[9/26/2026, 2:56:33 PM.695] [Info] [ModelsProductProvider] enterpriseId: undefined, endpoint: https://copilot.tencent.com
[9/26/2026, 2:56:33 PM.695] [Warning] [ModelsProductProvider] enterpriseId is missing, skipping models API call
[9/26/2026, 2:56:33 PM.695] [Info] [AgentModelResolver] product config input: 54 models, 23 agents
[9/26/2026, 2:56:33 PM.695] [Info] [AgentModelResolver] model ids: auto, fast-model, balanced-model, deep-model, hy3, hy3-b, hy3-c, hy3-x, hy4-preview, hy4-preview-f, minimax-m2.5, glm-5v-turbo, glm-5.3, glm-5.3-flash, glm-5.2, glm-5.1, glm-5.0-turbo, glm-4.6v, kimi-k3-1, kimi-k2.8-preview, kimi-k2.7, kimi-k2.6, kimi-k2.5, kimi-k2-thinking, minimax-m3, minimax-m2.7, glm-4.6, deepseek-v4-flash, deepseek-v4.1-flash, deepseek-v4-pro, deepseek-v3-2-volc, deepseek-v3-1-volc, deepseek-v3-1-lkeap, deepseek-v3-1, deepseek-v3-0324-lkeap, deepseek-r1-0528-lkeap, kimi-k2-instruct-taiji, completion-gf, default-1.1, hunyuan-3b, hunyuan-7b-dense, codewise-completions, codewise-rewrite, codewise-nes-a4-027-aide, codewise-jump, deepseek-r1-0528, deepseek-v3-0324-taco-completion, deepseek-v3-0324, default-1.2, hunyuan-2.0-instruct, hunyuan-chat, hunyuan-image-alpha, hunyuan-image-alpha-edit, custom-local:kimi-k3
[9/26/2026, 2:56:33 PM.695] [Info] [AgentModelResolver] agent "cli" original_models=["auto","hy4-preview-f","hy3","hy3-x","deepseek-v4.1-flash","glm-5.3","glm-5.3-flash","glm-5.2","glm-5.1","glm-5v-turbo","minimax-m3","kimi-k3-1","kimi-k2.8-preview","kimi-k2.7","kimi-k2.6","deepseek-v4-pro"] -> resolved_models=["auto","hy4-preview-f","hy3","hy3-x","deepseek-v4.1-flash","glm-5.3","glm-5.3-flash","glm-5.2","glm-5.1","glm-5v-turbo","minimax-m3","kimi-k3-1","kimi-k2.8-preview","kimi-k2.7","kimi-k2.6","deepseek-v4-pro"]
[9/26/2026, 2:56:33 PM.695] [Info] [AgentModelResolver] agent "general-purpose" original_models=[] -> resolved_models=[]
[9/26/2026, 2:56:33 PM.695] [Info] [AgentModelResolver] agent "compact" original_models=[] -> resolved_models=[]
[9/26/2026, 2:56:33 PM.695] [Info] [AgentModelResolver] agent "contextSummary" original_models=[] -> resolved_models=[]
[9/26/2026, 2:56:33 PM.695] [Info] [AgentModelResolver] agent "contentAnalyzer" original_models=[] -> resolved_models=[]
[9/26/2026, 2:56:33 PM.695] [Info] [AgentModelResolver] agent "terminalTitleGenerator" original_models=[] -> resolved_models=[]
[9/26/2026, 2:56:33 PM.695] [Info] [AgentModelResolver] agent "promptSuggestion" original_models=[] -> resolved_models=[]
[9/26/2026, 2:56:33 PM.695] [Info] [AgentModelResolver] agent "memorySelector" original_models=["lite"] -> resolved_models=["lite"]
[9/26/2026, 2:56:33 PM.695] [Info] [AgentModelResolver] agent "summaryGenerator" original_models=[] -> resolved_models=[]
[9/26/2026, 2:56:33 PM.695] [Info] [AgentModelResolver] agent "autoModeClassifier" original_models=[] -> resolved_models=[]
[9/26/2026, 2:56:33 PM.695] [Info] [AgentModelResolver] agent "promptHookEvaluator" original_models=["lite"] -> resolved_models=["lite"]
[9/26/2026, 2:56:33 PM.695] [Info] [AgentModelResolver] agent "insightsAnalyzer" original_models=[] -> resolved_models=[]
[9/26/2026, 2:56:33 PM.695] [Info] [AgentModelResolver] agent "agentInstructions" original_models=[] -> resolved_models=[]
[9/26/2026, 2:56:33 PM.695] [Info] [AgentModelResolver] agent "statusline-setup" original_models=[] -> resolved_models=[]
[9/26/2026, 2:56:33 PM.695] [Info] [AgentModelResolver] agent "Explore" original_models=["lite"] -> resolved_models=["lite"]
[9/26/2026, 2:56:33 PM.695] [Info] [AgentModelResolver] agent "Plan" original_models=[] -> resolved_models=[]
[9/26/2026, 2:56:33 PM.695] [Info] [AgentModelResolver] agent "pulse" original_models=[] -> resolved_models=[]
[9/26/2026, 2:56:33 PM.695] [Info] [AgentModelResolver] agent "handoff-summary" original_models=undefined -> resolved_models=[]
[9/26/2026, 2:56:33 PM.695] [Info] [AgentModelResolver] agent "enhance-prompt" original_models=[] -> resolved_models=[]
[9/26/2026, 2:56:33 PM.695] [Info] [AgentModelResolver] agent "sheet-agent" original_models=[] -> resolved_models=[]
[9/26/2026, 2:56:33 PM.695] [Info] [AgentModelResolver] agent "doc-converter" original_models=[] -> resolved_models=[]
[9/26/2026, 2:56:33 PM.695] [Info] [AgentModelResolver] agent "doc-formatter" original_models=[] -> resolved_models=[]
[9/26/2026, 2:56:33 PM.695] [Info] [AgentModelResolver] agent "doc-writer" original_models=[] -> resolved_models=[]
[9/26/2026, 2:56:33 PM.709] [Info] [PluginPolicyService]  [MergedPlugins][DEBUG] ProductManager.onDidChange fired, reloading policies...
[9/26/2026, 2:56:33 PM.709] [Info] [PluginPolicyService]  [MergedPlugins][DEBUG] Current config builtInMarketPluginsMerge: [{"autoEnable":true,"marketplaceName":"codebuddy-plugins-official","name":"agent-browser","scope":"user"}]
[9/26/2026, 2:56:33 PM.709] [Info] [PluginPolicyService]  [MergedPlugins] Loaded 1 merged plugin entries
[9/26/2026, 2:56:33 PM.709] [Info] [Startup] AgentManager.rebuildAgents: START
[9/26/2026, 2:56:33 PM.710] [Info] [Startup] AgentManager.rebuildAgents: completed in 11ms, resolving readyDeferred
[9/26/2026, 2:56:33 PM.710] [Info] [PluginManager]  Checking for built-in marketplaces to install...
[9/26/2026, 2:56:33 PM.710] [Info] [BuiltInMarketplaceProvider]  Found 2 built-in marketplace(s)
[9/26/2026, 2:56:33 PM.710] [Info] [PluginManager]  Found 2 built-in marketplace(s)
[9/26/2026, 2:56:33 PM.710] [Info] [MarketplaceStorage]  [MarketplaceStorage] getMarketplaces ensureConfigFile=0ms readAndRepair=0ms migration=0ms total=0ms count=5 path=/Users/didi/.workbuddy/plugins/known_marketplaces.json
[9/26/2026, 2:56:33 PM.710] [Info] [PluginManager]  All built-in marketplaces are already installed
[9/26/2026, 2:56:33 PM.711] [Info] [MarketplaceStorage]  [MarketplaceStorage] getMarketplaces ensureConfigFile=0ms readAndRepair=1ms migration=0ms total=1ms count=5 path=/Users/didi/.workbuddy/plugins/known_marketplaces.json
[9/26/2026, 2:56:33 PM.711] [Info] [BuiltInMarketplaceProvider]  Found 2 built-in marketplace(s)
[9/26/2026, 2:56:33 PM.712] [Info] [PluginManager]  Loaded 5 marketplaces (2 built-in) total=2ms storage=1ms builtIn=0ms autoUpdate=0ms
[9/26/2026, 2:56:35 PM.701] [Info] [TracingService]  Tracing uses @tencent/galileo-node-sdk global OpenTelemetry provider; @genie OTLP exporter is skipped.
[9/26/2026, 2:56:35 PM.701] [Info] [TracingService]  Tracing config resolved: {"productEnabled":true,"enabledByEnv":false,"endpoint":"https://copilot.tencent.com","galileoEnabled":true}
[9/26/2026, 3:12:20 PM.553] [Info] [GitInfoCollector]  CODEBUDDY_GIT_REPO_SCAN_DISABLED 1
[9/26/2026, 3:12:20 PM.553] [Info] [GitInfoCollector]  Git repository scan is disabled via CODEBUDDY_GIT_REPO_SCAN_DISABLED environment variable
[9/26/2026, 3:12:20 PM.558] [Info] [WorkflowMemProbe] tick runId=(none) | rss=149.4MB heap=158.6/165.3MB external=53.3MB arrayBuffers=0MB
[9/26/2026, 3:12:20 PM.588] [Info] [GitInfoCollector]  CODEBUDDY_GIT_REPO_SCAN_DISABLED 1
[9/26/2026, 3:12:20 PM.588] [Info] [GitInfoCollector]  Git repository scan is disabled via CODEBUDDY_GIT_REPO_SCAN_DISABLED environment variable
[9/26/2026, 3:12:20 PM.595] [Warning] [CloudProductManager]  Fetch remote configuration failed (attempt 5), no more retries
[9/26/2026, 3:12:20 PM.595] [Error] [CloudProductManager] [undefined]  Fetch remote configuration failed after all retries: getaddrinfo ENOTFOUND copilot.tencent.com, url=/v3/config, code=ENOTFOUND
[9/26/2026, 3:12:20 PM.596] [Warning] [CloudProductManager]  Fetch remote configuration failed: getaddrinfo ENOTFOUND copilot.tencent.com, url=/v3/config, code=ENOTFOUND
[9/26/2026, 3:12:20 PM.596] [Info] [PluginsProductProvider.provide] active=9, ids=[weixinpay@workbuddy-builtin,tencent-docs-plugin@workbuddy-builtin,sheetagent@workbuddy-builtin,tencent-pptx@workbuddy-builtin,tencent-docx@workbuddy-builtin,agent-browser@codebuddy-plugins-official,find-skills@codebuddy-plugins-official,agent-browser@inline,find-skills@inline]
[9/26/2026, 3:12:20 PM.596] [Info] [MCP][cacheDbg] getConnectedServers() called: nonInteractive=true waitForSettle=false cacheNow=[connector-proxy,weixinpay,sheetagent] allServers=[connector-proxy:connected,weixinpay:connected,sheetagent:connected]
[9/26/2026, 3:12:20 PM.596] [Info] [MCP][cacheDbg] getConnectedServers() returning: [connector-proxy,weixinpay,sheetagent] (size=3)
[9/26/2026, 3:12:20 PM.605] [Info] [CustomModelsProductProvider] productName=WorkBuddy, isWorkBuddy=true, userConfigPath=/Users/didi/.workbuddy/models.json
[9/26/2026, 3:12:20 PM.605] [Info] Loaded custom models config from user: /Users/didi/.workbuddy/models.json
[9/26/2026, 3:12:20 PM.605] [Info] [ModelsProductProvider] enterpriseId: undefined, endpoint: https://copilot.tencent.com
[9/26/2026, 3:12:20 PM.605] [Warning] [ModelsProductProvider] enterpriseId is missing, skipping models API call
[9/26/2026, 3:12:20 PM.605] [Info] [AgentModelResolver] product config input: 54 models, 23 agents
[9/26/2026, 3:12:20 PM.605] [Info] [AgentModelResolver] model ids: auto, fast-model, balanced-model, deep-model, hy3, hy3-b, hy3-c, hy3-x, hy4-preview, hy4-preview-f, minimax-m2.5, glm-5v-turbo, glm-5.3, glm-5.3-flash, glm-5.2, glm-5.1, glm-5.0-turbo, glm-4.6v, kimi-k3-1, kimi-k2.8-preview, kimi-k2.7, kimi-k2.6, kimi-k2.5, kimi-k2-thinking, minimax-m3, minimax-m2.7, glm-4.6, deepseek-v4-flash, deepseek-v4.1-flash, deepseek-v4-pro, deepseek-v3-2-volc, deepseek-v3-1-volc, deepseek-v3-1-lkeap, deepseek-v3-1, deepseek-v3-0324-lkeap, deepseek-r1-0528-lkeap, kimi-k2-instruct-taiji, completion-gf, default-1.1, hunyuan-3b, hunyuan-7b-dense, codewise-completions, codewise-rewrite, codewise-nes-a4-027-aide, codewise-jump, deepseek-r1-0528, deepseek-v3-0324-taco-completion, deepseek-v3-0324, default-1.2, hunyuan-2.0-instruct, hunyuan-chat, hunyuan-image-alpha, hunyuan-image-alpha-edit, custom-local:kimi-k3
[9/26/2026, 3:12:20 PM.605] [Info] [AgentModelResolver] agent "cli" original_models=["auto","hy4-preview-f","hy3","hy3-x","deepseek-v4.1-flash","glm-5.3","glm-5.3-flash","glm-5.2","glm-5.1","glm-5v-turbo","minimax-m3","kimi-k3-1","kimi-k2.8-preview","kimi-k2.7","kimi-k2.6","deepseek-v4-pro"] -> resolved_models=["auto","hy4-preview-f","hy3","hy3-x","deepseek-v4.1-flash","glm-5.3","glm-5.3-flash","glm-5.2","glm-5.1","glm-5v-turbo","minimax-m3","kimi-k3-1","kimi-k2.8-preview","kimi-k2.7","kimi-k2.6","deepseek-v4-pro"]
[9/26/2026, 3:12:20 PM.605] [Info] [AgentModelResolver] agent "general-purpose" original_models=[] -> resolved_models=[]
[9/26/2026, 3:12:20 PM.605] [Info] [AgentModelResolver] agent "compact" original_models=[] -> resolved_models=[]
[9/26/2026, 3:12:20 PM.605] [Info] [AgentModelResolver] agent "contextSummary" original_models=[] -> resolved_models=[]
[9/26/2026, 3:12:20 PM.605] [Info] [AgentModelResolver] agent "contentAnalyzer" original_models=[] -> resolved_models=[]
[9/26/2026, 3:12:20 PM.605] [Info] [AgentModelResolver] agent "terminalTitleGenerator" original_models=[] -> resolved_models=[]
[9/26/2026, 3:12:20 PM.605] [Info] [AgentModelResolver] agent "promptSuggestion" original_models=[] -> resolved_models=[]
[9/26/2026, 3:12:20 PM.605] [Info] [AgentModelResolver] agent "memorySelector" original_models=["lite"] -> resolved_models=["lite"]
[9/26/2026, 3:12:20 PM.605] [Info] [AgentModelResolver] agent "summaryGenerator" original_models=[] -> resolved_models=[]
[9/26/2026, 3:12:20 PM.605] [Info] [AgentModelResolver] agent "autoModeClassifier" original_models=[] -> resolved_models=[]
[9/26/2026, 3:12:20 PM.605] [Info] [AgentModelResolver] agent "promptHookEvaluator" original_models=["lite"] -> resolved_models=["lite"]
[9/26/2026, 3:12:20 PM.605] [Info] [AgentModelResolver] agent "insightsAnalyzer" original_models=[] -> resolved_models=[]
[9/26/2026, 3:12:20 PM.605] [Info] [AgentModelResolver] agent "agentInstructions" original_models=[] -> resolved_models=[]
[9/26/2026, 3:12:20 PM.605] [Info] [AgentModelResolver] agent "statusline-setup" original_models=[] -> resolved_models=[]
[9/26/2026, 3:12:20 PM.605] [Info] [AgentModelResolver] agent "Explore" original_models=["lite"] -> resolved_models=["lite"]
[9/26/2026, 3:12:20 PM.605] [Info] [AgentModelResolver] agent "Plan" original_models=[] -> resolved_models=[]
[9/26/2026, 3:12:20 PM.605] [Info] [AgentModelResolver] agent "pulse" original_models=[] -> resolved_models=[]
[9/26/2026, 3:12:20 PM.605] [Info] [AgentModelResolver] agent "handoff-summary" original_models=undefined -> resolved_models=[]
[9/26/2026, 3:12:20 PM.605] [Info] [AgentModelResolver] agent "enhance-prompt" original_models=[] -> resolved_models=[]
[9/26/2026, 3:12:20 PM.605] [Info] [AgentModelResolver] agent "sheet-agent" original_models=[] -> resolved_models=[]
[9/26/2026, 3:12:20 PM.605] [Info] [AgentModelResolver] agent "doc-converter" original_models=[] -> resolved_models=[]
[9/26/2026, 3:12:20 PM.605] [Info] [AgentModelResolver] agent "doc-formatter" original_models=[] -> resolved_models=[]
[9/26/2026, 3:12:20 PM.605] [Info] [AgentModelResolver] agent "doc-writer" original_models=[] -> resolved_models=[]
[9/26/2026, 3:12:20 PM.664] [Info] [PluginPolicyService]  [MergedPlugins][DEBUG] ProductManager.onDidChange fired, reloading policies...
[9/26/2026, 3:12:20 PM.664] [Info] [PluginPolicyService]  [MergedPlugins][DEBUG] Current config builtInMarketPluginsMerge: [{"autoEnable":true,"marketplaceName":"codebuddy-plugins-official","name":"agent-browser","scope":"user"}]
[9/26/2026, 3:12:20 PM.664] [Info] [PluginPolicyService]  [MergedPlugins] Loaded 1 merged plugin entries
[9/26/2026, 3:12:20 PM.664] [Info] [Startup] AgentManager.rebuildAgents: START
[9/26/2026, 3:12:20 PM.670] [Info] [Startup] AgentManager.rebuildAgents: completed in 60ms, resolving readyDeferred
[9/26/2026, 3:12:20 PM.670] [Info] [PluginManager]  Checking for built-in marketplaces to install...
[9/26/2026, 3:12:20 PM.670] [Info] [BuiltInMarketplaceProvider]  Found 2 built-in marketplace(s)
[9/26/2026, 3:12:20 PM.670] [Info] [PluginManager]  Found 2 built-in marketplace(s)
[9/26/2026, 3:12:20 PM.671] [Info] [MarketplaceStorage]  [MarketplaceStorage] getMarketplaces ensureConfigFile=0ms readAndRepair=1ms migration=0ms total=1ms count=5 path=/Users/didi/.workbuddy/plugins/known_marketplaces.json
[9/26/2026, 3:12:20 PM.671] [Info] [PluginManager]  All built-in marketplaces are already installed
[9/26/2026, 3:12:20 PM.672] [Info] [MarketplaceStorage]  [MarketplaceStorage] getMarketplaces ensureConfigFile=0ms readAndRepair=1ms migration=0ms total=1ms count=5 path=/Users/didi/.workbuddy/plugins/known_marketplaces.json
[9/26/2026, 3:12:20 PM.672] [Info] [BuiltInMarketplaceProvider]  Found 2 built-in marketplace(s)
[9/26/2026, 3:12:20 PM.677] [Info] [PluginManager]  Loaded 5 marketplaces (2 built-in) total=6ms storage=1ms builtIn=0ms autoUpdate=0ms
[9/26/2026, 3:12:21 PM.597] [Info] [GitInfoCollector]  CODEBUDDY_GIT_REPO_SCAN_DISABLED 1
[9/26/2026, 3:12:21 PM.597] [Info] [GitInfoCollector]  Git repository scan is disabled via CODEBUDDY_GIT_REPO_SCAN_DISABLED environment variable
[9/26/2026, 3:12:21 PM.613] [Warning] [CloudProductManager]  Fetch remote configuration failed (attempt 1), will retry after 2s
[9/26/2026, 3:12:22 PM.612] [Info] [TracingService]  Tracing uses @tencent/galileo-node-sdk global OpenTelemetry provider; @genie OTLP exporter is skipped.
[9/26/2026, 3:12:22 PM.612] [Info] [TracingService]  Tracing config resolved: {"productEnabled":true,"enabledByEnv":false,"endpoint":"https://copilot.tencent.com","galileoEnabled":true}
[9/26/2026, 3:12:23 PM.615] [Info] [GitInfoCollector]  CODEBUDDY_GIT_REPO_SCAN_DISABLED 1
[9/26/2026, 3:12:23 PM.615] [Info] [GitInfoCollector]  Git repository scan is disabled via CODEBUDDY_GIT_REPO_SCAN_DISABLED environment variable
[9/26/2026, 3:12:23 PM.629] [Warning] [CloudProductManager]  Fetch remote configuration failed (attempt 2), will retry after 4s
[9/26/2026, 3:29:25 PM.868] [Info] [GitInfoCollector]  CODEBUDDY_GIT_REPO_SCAN_DISABLED 1
[9/26/2026, 3:29:25 PM.868] [Info] [GitInfoCollector]  Git repository scan is disabled via CODEBUDDY_GIT_REPO_SCAN_DISABLED environment variable
[9/26/2026, 3:29:25 PM.870] [Info] [WorkflowMemProbe] tick runId=(none) | rss=157MB heap=165.4/171MB external=53.3MB arrayBuffers=0MB
[9/26/2026, 3:29:25 PM.871] [Error] [TracingService]  [primary] Failed to export 1 spans, traceIds: 781e2a607d809effd022fdabb70f5a35, error: getaddrinfo ENOTFOUND copilot.tencent.com
[9/26/2026, 3:29:25 PM.901] [Info] [GitInfoCollector]  CODEBUDDY_GIT_REPO_SCAN_DISABLED 1
[9/26/2026, 3:29:25 PM.901] [Info] [GitInfoCollector]  Git repository scan is disabled via CODEBUDDY_GIT_REPO_SCAN_DISABLED environment variable
[9/26/2026, 3:29:25 PM.906] [Warning] [CloudProductManager]  Fetch remote configuration failed (attempt 3), will retry after 8s
[9/26/2026, 3:29:25 PM.906] [Warning] [CloudProductManager]  Fetch remote configuration failed: getaddrinfo ENOTFOUND copilot.tencent.com, url=/v3/config, code=ENOTFOUND
[9/26/2026, 3:29:25 PM.907] [Info] [PluginsProductProvider.provide] active=9, ids=[weixinpay@workbuddy-builtin,tencent-docs-plugin@workbuddy-builtin,sheetagent@workbuddy-builtin,tencent-pptx@workbuddy-builtin,tencent-docx@workbuddy-builtin,agent-browser@codebuddy-plugins-official,find-skills@codebuddy-plugins-official,agent-browser@inline,find-skills@inline]
[9/26/2026, 3:29:25 PM.907] [Info] [MCP][cacheDbg] getConnectedServers() called: nonInteractive=true waitForSettle=false cacheNow=[connector-proxy,weixinpay,sheetagent] allServers=[connector-proxy:connected,weixinpay:connected,sheetagent:connected]
[9/26/2026, 3:29:25 PM.907] [Info] [MCP][cacheDbg] getConnectedServers() returning: [connector-proxy,weixinpay,sheetagent] (size=3)
[9/26/2026, 3:29:25 PM.914] [Info] [CustomModelsProductProvider] productName=WorkBuddy, isWorkBuddy=true, userConfigPath=/Users/didi/.workbuddy/models.json
[9/26/2026, 3:29:25 PM.914] [Info] Loaded custom models config from user: /Users/didi/.workbuddy/models.json
[9/26/2026, 3:29:25 PM.914] [Info] [ModelsProductProvider] enterpriseId: undefined, endpoint: https://copilot.tencent.com
[9/26/2026, 3:29:25 PM.914] [Warning] [ModelsProductProvider] enterpriseId is missing, skipping models API call
[9/26/2026, 3:29:25 PM.914] [Info] [AgentModelResolver] product config input: 54 models, 23 agents
[9/26/2026, 3:29:25 PM.914] [Info] [AgentModelResolver] model ids: auto, fast-model, balanced-model, deep-model, hy3, hy3-b, hy3-c, hy3-x, hy4-preview, hy4-preview-f, minimax-m2.5, glm-5v-turbo, glm-5.3, glm-5.3-flash, glm-5.2, glm-5.1, glm-5.0-turbo, glm-4.6v, kimi-k3-1, kimi-k2.8-preview, kimi-k2.7, kimi-k2.6, kimi-k2.5, kimi-k2-thinking, minimax-m3, minimax-m2.7, glm-4.6, deepseek-v4-flash, deepseek-v4.1-flash, deepseek-v4-pro, deepseek-v3-2-volc, deepseek-v3-1-volc, deepseek-v3-1-lkeap, deepseek-v3-1, deepseek-v3-0324-lkeap, deepseek-r1-0528-lkeap, kimi-k2-instruct-taiji, completion-gf, default-1.1, hunyuan-3b, hunyuan-7b-dense, codewise-completions, codewise-rewrite, codewise-nes-a4-027-aide, codewise-jump, deepseek-r1-0528, deepseek-v3-0324-taco-completion, deepseek-v3-0324, default-1.2, hunyuan-2.0-instruct, hunyuan-chat, hunyuan-image-alpha, hunyuan-image-alpha-edit, custom-local:kimi-k3
[9/26/2026, 3:29:25 PM.914] [Info] [AgentModelResolver] agent "cli" original_models=["auto","hy4-preview-f","hy3","hy3-x","deepseek-v4.1-flash","glm-5.3","glm-5.3-flash","glm-5.2","glm-5.1","glm-5v-turbo","minimax-m3","kimi-k3-1","kimi-k2.8-preview","kimi-k2.7","kimi-k2.6","deepseek-v4-pro"] -> resolved_models=["auto","hy4-preview-f","hy3","hy3-x","deepseek-v4.1-flash","glm-5.3","glm-5.3-flash","glm-5.2","glm-5.1","glm-5v-turbo","minimax-m3","kimi-k3-1","kimi-k2.8-preview","kimi-k2.7","kimi-k2.6","deepseek-v4-pro"]
[9/26/2026, 3:29:25 PM.914] [Info] [AgentModelResolver] agent "general-purpose" original_models=[] -> resolved_models=[]
[9/26/2026, 3:29:25 PM.914] [Info] [AgentModelResolver] agent "compact" original_models=[] -> resolved_models=[]
[9/26/2026, 3:29:25 PM.914] [Info] [AgentModelResolver] agent "contextSummary" original_models=[] -> resolved_models=[]
[9/26/2026, 3:29:25 PM.914] [Info] [AgentModelResolver] agent "contentAnalyzer" original_models=[] -> resolved_models=[]
[9/26/2026, 3:29:25 PM.914] [Info] [AgentModelResolver] agent "terminalTitleGenerator" original_models=[] -> resolved_models=[]
[9/26/2026, 3:29:25 PM.914] [Info] [AgentModelResolver] agent "promptSuggestion" original_models=[] -> resolved_models=[]
[9/26/2026, 3:29:25 PM.914] [Info] [AgentModelResolver] agent "memorySelector" original_models=["lite"] -> resolved_models=["lite"]
[9/26/2026, 3:29:25 PM.914] [Info] [AgentModelResolver] agent "summaryGenerator" original_models=[] -> resolved_models=[]
[9/26/2026, 3:29:25 PM.914] [Info] [AgentModelResolver] agent "autoModeClassifier" original_models=[] -> resolved_models=[]
[9/26/2026, 3:29:25 PM.914] [Info] [AgentModelResolver] agent "promptHookEvaluator" original_models=["lite"] -> resolved_models=["lite"]
[9/26/2026, 3:29:25 PM.914] [Info] [AgentModelResolver] agent "insightsAnalyzer" original_models=[] -> resolved_models=[]
[9/26/2026, 3:29:25 PM.914] [Info] [AgentModelResolver] agent "agentInstructions" original_models=[] -> resolved_models=[]
[9/26/2026, 3:29:25 PM.914] [Info] [AgentModelResolver] agent "statusline-setup" original_models=[] -> resolved_models=[]
[9/26/2026, 3:29:25 PM.914] [Info] [AgentModelResolver] agent "Explore" original_models=["lite"] -> resolved_models=["lite"]
[9/26/2026, 3:29:25 PM.914] [Info] [AgentModelResolver] agent "Plan" original_models=[] -> resolved_models=[]
[9/26/2026, 3:29:25 PM.914] [Info] [AgentModelResolver] agent "pulse" original_models=[] -> resolved_models=[]
[9/26/2026, 3:29:25 PM.914] [Info] [AgentModelResolver] agent "handoff-summary" original_models=undefined -> resolved_models=[]
[9/26/2026, 3:29:25 PM.914] [Info] [AgentModelResolver] agent "enhance-prompt" original_models=[] -> resolved_models=[]
[9/26/2026, 3:29:25 PM.914] [Info] [AgentModelResolver] agent "sheet-agent" original_models=[] -> resolved_models=[]
[9/26/2026, 3:29:25 PM.914] [Info] [AgentModelResolver] agent "doc-converter" original_models=[] -> resolved_models=[]
[9/26/2026, 3:29:25 PM.914] [Info] [AgentModelResolver] agent "doc-formatter" original_models=[] -> resolved_models=[]
[9/26/2026, 3:29:25 PM.914] [Info] [AgentModelResolver] agent "doc-writer" original_models=[] -> resolved_models=[]
[9/26/2026, 3:29:25 PM.933] [Info] [PluginPolicyService]  [MergedPlugins][DEBUG] ProductManager.onDidChange fired, reloading policies...
[9/26/2026, 3:29:25 PM.933] [Info] [PluginPolicyService]  [MergedPlugins][DEBUG] Current config builtInMarketPluginsMerge: [{"autoEnable":true,"marketplaceName":"codebuddy-plugins-official","name":"agent-browser","scope":"user"}]
[9/26/2026, 3:29:25 PM.933] [Info] [PluginPolicyService]  [MergedPlugins] Loaded 1 merged plugin entries
[9/26/2026, 3:29:25 PM.933] [Info] [Startup] AgentManager.rebuildAgents: START
[9/26/2026, 3:29:25 PM.934] [Info] [Startup] AgentManager.rebuildAgents: completed in 13ms, resolving readyDeferred
[9/26/2026, 3:29:25 PM.942] [Info] [PluginManager]  Checking for built-in marketplaces to install...
[9/26/2026, 3:29:25 PM.942] [Info] [BuiltInMarketplaceProvider]  Found 2 built-in marketplace(s)
[9/26/2026, 3:29:25 PM.942] [Info] [PluginManager]  Found 2 built-in marketplace(s)
[9/26/2026, 3:29:25 PM.943] [Info] [MarketplaceStorage]  [MarketplaceStorage] getMarketplaces ensureConfigFile=0ms readAndRepair=1ms migration=0ms total=1ms count=5 path=/Users/didi/.workbuddy/plugins/known_marketplaces.json
[9/26/2026, 3:29:25 PM.943] [Info] [PluginManager]  All built-in marketplaces are already installed
[9/26/2026, 3:29:25 PM.944] [Info] [MarketplaceStorage]  [MarketplaceStorage] getMarketplaces ensureConfigFile=0ms readAndRepair=1ms migration=0ms total=1ms count=5 path=/Users/didi/.workbuddy/plugins/known_marketplaces.json
[9/26/2026, 3:29:25 PM.944] [Info] [BuiltInMarketplaceProvider]  Found 2 built-in marketplace(s)
[9/26/2026, 3:29:25 PM.945] [Info] [PluginManager]  Loaded 5 marketplaces (2 built-in) total=2ms storage=1ms builtIn=0ms autoUpdate=0ms
[9/26/2026, 3:29:27 PM.923] [Info] [TracingService]  Tracing uses @tencent/galileo-node-sdk global OpenTelemetry provider; @genie OTLP exporter is skipped.
[9/26/2026, 3:29:27 PM.924] [Info] [TracingService]  Tracing config resolved: {"productEnabled":true,"enabledByEnv":false,"endpoint":"https://copilot.tencent.com","galileoEnabled":true}
[9/26/2026, 3:45:15 PM.667] [Info] [GitInfoCollector]  CODEBUDDY_GIT_REPO_SCAN_DISABLED 1
[9/26/2026, 3:45:15 PM.667] [Info] [GitInfoCollector]  Git repository scan is disabled via CODEBUDDY_GIT_REPO_SCAN_DISABLED environment variable
[9/26/2026, 3:45:15 PM.669] [Info] [WorkflowMemProbe] tick runId=(none) | rss=156MB heap=160.3/167.8MB external=54.4MB arrayBuffers=0MB
[9/26/2026, 3:45:15 PM.707] [Info] [GitInfoCollector]  CODEBUDDY_GIT_REPO_SCAN_DISABLED 1
[9/26/2026, 3:45:15 PM.707] [Info] [GitInfoCollector]  Git repository scan is disabled via CODEBUDDY_GIT_REPO_SCAN_DISABLED environment variable
[9/26/2026, 3:45:15 PM.713] [Warning] [CloudProductManager]  Fetch remote configuration failed (attempt 4), will retry after 16s
[9/26/2026, 3:45:15 PM.714] [Warning] [CloudProductManager]  Fetch remote configuration failed: getaddrinfo ENOTFOUND copilot.tencent.com, url=/v3/config, code=ENOTFOUND
[9/26/2026, 3:45:15 PM.714] [Info] [PluginsProductProvider.provide] active=9, ids=[weixinpay@workbuddy-builtin,tencent-docs-plugin@workbuddy-builtin,sheetagent@workbuddy-builtin,tencent-pptx@workbuddy-builtin,tencent-docx@workbuddy-builtin,agent-browser@codebuddy-plugins-official,find-skills@codebuddy-plugins-official,agent-browser@inline,find-skills@inline]
[9/26/2026, 3:45:15 PM.714] [Info] [MCP][cacheDbg] getConnectedServers() called: nonInteractive=true waitForSettle=false cacheNow=[connector-proxy,weixinpay,sheetagent] allServers=[connector-proxy:connected,weixinpay:connected,sheetagent:connected]
[9/26/2026, 3:45:15 PM.714] [Info] [MCP][cacheDbg] getConnectedServers() returning: [connector-proxy,weixinpay,sheetagent] (size=3)
[9/26/2026, 3:45:15 PM.721] [Info] [CustomModelsProductProvider] productName=WorkBuddy, isWorkBuddy=true, userConfigPath=/Users/didi/.workbuddy/models.json
[9/26/2026, 3:45:15 PM.721] [Info] Loaded custom models config from user: /Users/didi/.workbuddy/models.json
[9/26/2026, 3:45:15 PM.721] [Info] [ModelsProductProvider] enterpriseId: undefined, endpoint: https://copilot.tencent.com
[9/26/2026, 3:45:15 PM.721] [Warning] [ModelsProductProvider] enterpriseId is missing, skipping models API call
[9/26/2026, 3:45:15 PM.721] [Info] [AgentModelResolver] product config input: 54 models, 23 agents
[9/26/2026, 3:45:15 PM.721] [Info] [AgentModelResolver] model ids: auto, fast-model, balanced-model, deep-model, hy3, hy3-b, hy3-c, hy3-x, hy4-preview, hy4-preview-f, minimax-m2.5, glm-5v-turbo, glm-5.3, glm-5.3-flash, glm-5.2, glm-5.1, glm-5.0-turbo, glm-4.6v, kimi-k3-1, kimi-k2.8-preview, kimi-k2.7, kimi-k2.6, kimi-k2.5, kimi-k2-thinking, minimax-m3, minimax-m2.7, glm-4.6, deepseek-v4-flash, deepseek-v4.1-flash, deepseek-v4-pro, deepseek-v3-2-volc, deepseek-v3-1-volc, deepseek-v3-1-lkeap, deepseek-v3-1, deepseek-v3-0324-lkeap, deepseek-r1-0528-lkeap, kimi-k2-instruct-taiji, completion-gf, default-1.1, hunyuan-3b, hunyuan-7b-dense, codewise-completions, codewise-rewrite, codewise-nes-a4-027-aide, codewise-jump, deepseek-r1-0528, deepseek-v3-0324-taco-completion, deepseek-v3-0324, default-1.2, hunyuan-2.0-instruct, hunyuan-chat, hunyuan-image-alpha, hunyuan-image-alpha-edit, custom-local:kimi-k3
[9/26/2026, 3:45:15 PM.721] [Info] [AgentModelResolver] agent "cli" original_models=["auto","hy4-preview-f","hy3","hy3-x","deepseek-v4.1-flash","glm-5.3","glm-5.3-flash","glm-5.2","glm-5.1","glm-5v-turbo","minimax-m3","kimi-k3-1","kimi-k2.8-preview","kimi-k2.7","kimi-k2.6","deepseek-v4-pro"] -> resolved_models=["auto","hy4-preview-f","hy3","hy3-x","deepseek-v4.1-flash","glm-5.3","glm-5.3-flash","glm-5.2","glm-5.1","glm-5v-turbo","minimax-m3","kimi-k3-1","kimi-k2.8-preview","kimi-k2.7","kimi-k2.6","deepseek-v4-pro"]
[9/26/2026, 3:45:15 PM.721] [Info] [AgentModelResolver] agent "general-purpose" original_models=[] -> resolved_models=[]
[9/26/2026, 3:45:15 PM.721] [Info] [AgentModelResolver] agent "compact" original_models=[] -> resolved_models=[]
[9/26/2026, 3:45:15 PM.721] [Info] [AgentModelResolver] agent "contextSummary" original_models=[] -> resolved_models=[]
[9/26/2026, 3:45:15 PM.721] [Info] [AgentModelResolver] agent "contentAnalyzer" original_models=[] -> resolved_models=[]
[9/26/2026, 3:45:15 PM.721] [Info] [AgentModelResolver] agent "terminalTitleGenerator" original_models=[] -> resolved_models=[]
[9/26/2026, 3:45:15 PM.721] [Info] [AgentModelResolver] agent "promptSuggestion" original_models=[] -> resolved_models=[]
[9/26/2026, 3:45:15 PM.721] [Info] [AgentModelResolver] agent "memorySelector" original_models=["lite"] -> resolved_models=["lite"]
[9/26/2026, 3:45:15 PM.721] [Info] [AgentModelResolver] agent "summaryGenerator" original_models=[] -> resolved_models=[]
[9/26/2026, 3:45:15 PM.721] [Info] [AgentModelResolver] agent "autoModeClassifier" original_models=[] -> resolved_models=[]
[9/26/2026, 3:45:15 PM.721] [Info] [AgentModelResolver] agent "promptHookEvaluator" original_models=["lite"] -> resolved_models=["lite"]
[9/26/2026, 3:45:15 PM.721] [Info] [AgentModelResolver] agent "insightsAnalyzer" original_models=[] -> resolved_models=[]
[9/26/2026, 3:45:15 PM.721] [Info] [AgentModelResolver] agent "agentInstructions" original_models=[] -> resolved_models=[]
[9/26/2026, 3:45:15 PM.721] [Info] [AgentModelResolver] agent "statusline-setup" original_models=[] -> resolved_models=[]
[9/26/2026, 3:45:15 PM.721] [Info] [AgentModelResolver] agent "Explore" original_models=["lite"] -> resolved_models=["lite"]
[9/26/2026, 3:45:15 PM.721] [Info] [AgentModelResolver] agent "Plan" original_models=[] -> resolved_models=[]
[9/26/2026, 3:45:15 PM.721] [Info] [AgentModelResolver] agent "pulse" original_models=[] -> resolved_models=[]
[9/26/2026, 3:45:15 PM.721] [Info] [AgentModelResolver] agent "handoff-summary" original_models=undefined -> resolved_models=[]
[9/26/2026, 3:45:15 PM.721] [Info] [AgentModelResolver] agent "enhance-prompt" original_models=[] -> resolved_models=[]
[9/26/2026, 3:45:15 PM.721] [Info] [AgentModelResolver] agent "sheet-agent" original_models=[] -> resolved_models=[]
[9/26/2026, 3:45:15 PM.721] [Info] [AgentModelResolver] agent "doc-converter" original_models=[] -> resolved_models=[]
[9/26/2026, 3:45:15 PM.721] [Info] [AgentModelResolver] agent "doc-formatter" original_models=[] -> resolved_models=[]
[9/26/2026, 3:45:15 PM.721] [Info] [AgentModelResolver] agent "doc-writer" original_models=[] -> resolved_models=[]
[9/26/2026, 3:45:15 PM.736] [Info] [PluginPolicyService]  [MergedPlugins][DEBUG] ProductManager.onDidChange fired, reloading policies...
[9/26/2026, 3:45:15 PM.736] [Info] [PluginPolicyService]  [MergedPlugins][DEBUG] Current config builtInMarketPluginsMerge: [{"autoEnable":true,"marketplaceName":"codebuddy-plugins-official","name":"agent-browser","scope":"user"}]
[9/26/2026, 3:45:15 PM.736] [Info] [PluginPolicyService]  [MergedPlugins] Loaded 1 merged plugin entries
[9/26/2026, 3:45:15 PM.736] [Info] [Startup] AgentManager.rebuildAgents: START
[9/26/2026, 3:45:15 PM.736] [Info] [Startup] AgentManager.rebuildAgents: completed in 10ms, resolving readyDeferred
[9/26/2026, 3:45:15 PM.737] [Info] [PluginManager]  Checking for built-in marketplaces to install...
[9/26/2026, 3:45:15 PM.737] [Info] [BuiltInMarketplaceProvider]  Found 2 built-in marketplace(s)
[9/26/2026, 3:45:15 PM.737] [Info] [PluginManager]  Found 2 built-in marketplace(s)
[9/26/2026, 3:45:15 PM.737] [Info] [MarketplaceStorage]  [MarketplaceStorage] getMarketplaces ensureConfigFile=0ms readAndRepair=0ms migration=0ms total=0ms count=5 path=/Users/didi/.workbuddy/plugins/known_marketplaces.json
[9/26/2026, 3:45:15 PM.737] [Info] [PluginManager]  All built-in marketplaces are already installed
[9/26/2026, 3:45:15 PM.738] [Info] [MarketplaceStorage]  [MarketplaceStorage] getMarketplaces ensureConfigFile=0ms readAndRepair=1ms migration=0ms total=1ms count=5 path=/Users/didi/.workbuddy/plugins/known_marketplaces.json
[9/26/2026, 3:45:15 PM.738] [Info] [BuiltInMarketplaceProvider]  Found 2 built-in marketplace(s)
[9/26/2026, 3:45:15 PM.739] [Info] [PluginManager]  Loaded 5 marketplaces (2 built-in) total=2ms storage=1ms builtIn=0ms autoUpdate=0ms
[9/26/2026, 3:45:17 PM.728] [Info] [TracingService]  Tracing uses @tencent/galileo-node-sdk global OpenTelemetry provider; @genie OTLP exporter is skipped.
[9/26/2026, 3:45:17 PM.728] [Info] [TracingService]  Tracing config resolved: {"productEnabled":true,"enabledByEnv":false,"endpoint":"https://copilot.tencent.com","galileoEnabled":true}
[9/26/2026, 3:57:33 PM.555] [Info] [GitInfoCollector]  CODEBUDDY_GIT_REPO_SCAN_DISABLED 1
[9/26/2026, 3:57:33 PM.555] [Info] [GitInfoCollector]  Git repository scan is disabled via CODEBUDDY_GIT_REPO_SCAN_DISABLED environment variable
[9/26/2026, 3:57:33 PM.559] [Info] [WorkflowMemProbe] tick runId=(none) | rss=160MB heap=163.9/171.4MB external=54.6MB arrayBuffers=0MB
[9/26/2026, 3:57:33 PM.695] [Info] [GitInfoCollector]  CODEBUDDY_GIT_REPO_SCAN_DISABLED 1
[9/26/2026, 3:57:33 PM.695] [Info] [GitInfoCollector]  Git repository scan is disabled via CODEBUDDY_GIT_REPO_SCAN_DISABLED environment variable
[9/26/2026, 3:57:33 PM.700] [Warning] [CloudProductManager]  Fetch remote configuration failed (attempt 5), no more retries
[9/26/2026, 3:57:33 PM.700] [Error] [CloudProductManager] [undefined]  Fetch remote configuration failed after all retries: getaddrinfo ENOTFOUND copilot.tencent.com, url=/v3/config, code=ENOTFOUND
[9/26/2026, 3:57:33 PM.700] [Warning] [CloudProductManager]  Fetch remote configuration failed: getaddrinfo ENOTFOUND copilot.tencent.com, url=/v3/config, code=ENOTFOUND
[9/26/2026, 3:57:33 PM.701] [Info] [PluginsProductProvider.provide] active=9, ids=[weixinpay@workbuddy-builtin,tencent-docs-plugin@workbuddy-builtin,sheetagent@workbuddy-builtin,tencent-pptx@workbuddy-builtin,tencent-docx@workbuddy-builtin,agent-browser@codebuddy-plugins-official,find-skills@codebuddy-plugins-official,agent-browser@inline,find-skills@inline]
[9/26/2026, 3:57:33 PM.701] [Info] [MCP][cacheDbg] getConnectedServers() called: nonInteractive=true waitForSettle=false cacheNow=[connector-proxy,weixinpay,sheetagent] allServers=[connector-proxy:connected,weixinpay:connected,sheetagent:connected]
[9/26/2026, 3:57:33 PM.701] [Info] [MCP][cacheDbg] getConnectedServers() returning: [connector-proxy,weixinpay,sheetagent] (size=3)
[9/26/2026, 3:57:33 PM.716] [Info] [CustomModelsProductProvider] productName=WorkBuddy, isWorkBuddy=true, userConfigPath=/Users/didi/.workbuddy/models.json
[9/26/2026, 3:57:33 PM.716] [Info] Loaded custom models config from user: /Users/didi/.workbuddy/models.json
[9/26/2026, 3:57:33 PM.716] [Info] [ModelsProductProvider] enterpriseId: undefined, endpoint: https://copilot.tencent.com
[9/26/2026, 3:57:33 PM.716] [Warning] [ModelsProductProvider] enterpriseId is missing, skipping models API call
[9/26/2026, 3:57:33 PM.716] [Info] [AgentModelResolver] product config input: 54 models, 23 agents
[9/26/2026, 3:57:33 PM.716] [Info] [AgentModelResolver] model ids: auto, fast-model, balanced-model, deep-model, hy3, hy3-b, hy3-c, hy3-x, hy4-preview, hy4-preview-f, minimax-m2.5, glm-5v-turbo, glm-5.3, glm-5.3-flash, glm-5.2, glm-5.1, glm-5.0-turbo, glm-4.6v, kimi-k3-1, kimi-k2.8-preview, kimi-k2.7, kimi-k2.6, kimi-k2.5, kimi-k2-thinking, minimax-m3, minimax-m2.7, glm-4.6, deepseek-v4-flash, deepseek-v4.1-flash, deepseek-v4-pro, deepseek-v3-2-volc, deepseek-v3-1-volc, deepseek-v3-1-lkeap, deepseek-v3-1, deepseek-v3-0324-lkeap, deepseek-r1-0528-lkeap, kimi-k2-instruct-taiji, completion-gf, default-1.1, hunyuan-3b, hunyuan-7b-dense, codewise-completions, codewise-rewrite, codewise-nes-a4-027-aide, codewise-jump, deepseek-r1-0528, deepseek-v3-0324-taco-completion, deepseek-v3-0324, default-1.2, hunyuan-2.0-instruct, hunyuan-chat, hunyuan-image-alpha, hunyuan-image-alpha-edit, custom-local:kimi-k3
[9/26/2026, 3:57:33 PM.716] [Info] [AgentModelResolver] agent "cli" original_models=["auto","hy4-preview-f","hy3","hy3-x","deepseek-v4.1-flash","glm-5.3","glm-5.3-flash","glm-5.2","glm-5.1","glm-5v-turbo","minimax-m3","kimi-k3-1","kimi-k2.8-preview","kimi-k2.7","kimi-k2.6","deepseek-v4-pro"] -> resolved_models=["auto","hy4-preview-f","hy3","hy3-x","deepseek-v4.1-flash","glm-5.3","glm-5.3-flash","glm-5.2","glm-5.1","glm-5v-turbo","minimax-m3","kimi-k3-1","kimi-k2.8-preview","kimi-k2.7","kimi-k2.6","deepseek-v4-pro"]
[9/26/2026, 3:57:33 PM.716] [Info] [AgentModelResolver] agent "general-purpose" original_models=[] -> resolved_models=[]
[9/26/2026, 3:57:33 PM.716] [Info] [AgentModelResolver] agent "compact" original_models=[] -> resolved_models=[]
[9/26/2026, 3:57:33 PM.716] [Info] [AgentModelResolver] agent "contextSummary" original_models=[] -> resolved_models=[]
[9/26/2026, 3:57:33 PM.716] [Info] [AgentModelResolver] agent "contentAnalyzer" original_models=[] -> resolved_models=[]
[9/26/2026, 3:57:33 PM.716] [Info] [AgentModelResolver] agent "terminalTitleGenerator" original_models=[] -> resolved_models=[]
[9/26/2026, 3:57:33 PM.716] [Info] [AgentModelResolver] agent "promptSuggestion" original_models=[] -> resolved_models=[]
[9/26/2026, 3:57:33 PM.716] [Info] [AgentModelResolver] agent "memorySelector" original_models=["lite"] -> resolved_models=["lite"]
[9/26/2026, 3:57:33 PM.716] [Info] [AgentModelResolver] agent "summaryGenerator" original_models=[] -> resolved_models=[]
[9/26/2026, 3:57:33 PM.716] [Info] [AgentModelResolver] agent "autoModeClassifier" original_models=[] -> resolved_models=[]
[9/26/2026, 3:57:33 PM.716] [Info] [AgentModelResolver] agent "promptHookEvaluator" original_models=["lite"] -> resolved_models=["lite"]
[9/26/2026, 3:57:33 PM.716] [Info] [AgentModelResolver] agent "insightsAnalyzer" original_models=[] -> resolved_models=[]
[9/26/2026, 3:57:33 PM.716] [Info] [AgentModelResolver] agent "agentInstructions" original_models=[] -> resolved_models=[]
[9/26/2026, 3:57:33 PM.716] [Info] [AgentModelResolver] agent "statusline-setup" original_models=[] -> resolved_models=[]
[9/26/2026, 3:57:33 PM.716] [Info] [AgentModelResolver] agent "Explore" original_models=["lite"] -> resolved_models=["lite"]
[9/26/2026, 3:57:33 PM.716] [Info] [AgentModelResolver] agent "Plan" original_models=[] -> resolved_models=[]
[9/26/2026, 3:57:33 PM.716] [Info] [AgentModelResolver] agent "pulse" original_models=[] -> resolved_models=[]
[9/26/2026, 3:57:33 PM.716] [Info] [AgentModelResolver] agent "handoff-summary" original_models=undefined -> resolved_models=[]
[9/26/2026, 3:57:33 PM.716] [Info] [AgentModelResolver] agent "enhance-prompt" original_models=[] -> resolved_models=[]
[9/26/2026, 3:57:33 PM.716] [Info] [AgentModelResolver] agent "sheet-agent" original_models=[] -> resolved_models=[]
[9/26/2026, 3:57:33 PM.716] [Info] [AgentModelResolver] agent "doc-converter" original_models=[] -> resolved_models=[]
[9/26/2026, 3:57:33 PM.716] [Info] [AgentModelResolver] agent "doc-formatter" original_models=[] -> resolved_models=[]
[9/26/2026, 3:57:33 PM.716] [Info] [AgentModelResolver] agent "doc-writer" original_models=[] -> resolved_models=[]
[9/26/2026, 3:57:33 PM.731] [Info] [PluginPolicyService]  [MergedPlugins][DEBUG] ProductManager.onDidChange fired, reloading policies...
[9/26/2026, 3:57:33 PM.731] [Info] [PluginPolicyService]  [MergedPlugins][DEBUG] Current config builtInMarketPluginsMerge: [{"autoEnable":true,"marketplaceName":"codebuddy-plugins-official","name":"agent-browser","scope":"user"}]
[9/26/2026, 3:57:33 PM.731] [Info] [PluginPolicyService]  [MergedPlugins] Loaded 1 merged plugin entries
[9/26/2026, 3:57:33 PM.731] [Info] [Startup] AgentManager.rebuildAgents: START
[9/26/2026, 3:57:33 PM.731] [Info] [Startup] AgentManager.rebuildAgents: completed in 11ms, resolving readyDeferred
[9/26/2026, 3:57:33 PM.732] [Info] [PluginManager]  Checking for built-in marketplaces to install...
[9/26/2026, 3:57:33 PM.732] [Info] [BuiltInMarketplaceProvider]  Found 2 built-in marketplace(s)
[9/26/2026, 3:57:33 PM.732] [Info] [PluginManager]  Found 2 built-in marketplace(s)
[9/26/2026, 3:57:33 PM.732] [Info] [MarketplaceStorage]  [MarketplaceStorage] getMarketplaces ensureConfigFile=0ms readAndRepair=0ms migration=0ms total=0ms count=5 path=/Users/didi/.workbuddy/plugins/known_marketplaces.json
[9/26/2026, 3:57:33 PM.732] [Info] [PluginManager]  All built-in marketplaces are already installed
[9/26/2026, 3:57:33 PM.733] [Info] [MarketplaceStorage]  [MarketplaceStorage] getMarketplaces ensureConfigFile=0ms readAndRepair=1ms migration=0ms total=1ms count=5 path=/Users/didi/.workbuddy/plugins/known_marketplaces.json
[9/26/2026, 3:57:33 PM.733] [Info] [BuiltInMarketplaceProvider]  Found 2 built-in marketplace(s)
[9/26/2026, 3:57:33 PM.734] [Info] [PluginManager]  Loaded 5 marketplaces (2 built-in) total=2ms storage=1ms builtIn=0ms autoUpdate=0ms
[9/26/2026, 3:57:34 PM.702] [Info] [GitInfoCollector]  CODEBUDDY_GIT_REPO_SCAN_DISABLED 1
[9/26/2026, 3:57:34 PM.702] [Info] [GitInfoCollector]  Git repository scan is disabled via CODEBUDDY_GIT_REPO_SCAN_DISABLED environment variable
[9/26/2026, 3:57:34 PM.717] [Warning] [CloudProductManager]  Fetch remote configuration failed (attempt 1), will retry after 2s
[9/26/2026, 3:57:35 PM.724] [Info] [TracingService]  Tracing uses @tencent/galileo-node-sdk global OpenTelemetry provider; @genie OTLP exporter is skipped.
[9/26/2026, 3:57:35 PM.724] [Info] [TracingService]  Tracing config resolved: {"productEnabled":true,"enabledByEnv":false,"endpoint":"https://copilot.tencent.com","galileoEnabled":true}
[9/26/2026, 3:57:36 PM.719] [Info] [GitInfoCollector]  CODEBUDDY_GIT_REPO_SCAN_DISABLED 1
[9/26/2026, 3:57:36 PM.719] [Info] [GitInfoCollector]  Git repository scan is disabled via CODEBUDDY_GIT_REPO_SCAN_DISABLED environment variable
[9/26/2026, 3:57:36 PM.735] [Warning] [CloudProductManager]  Fetch remote configuration failed (attempt 2), will retry after 4s
[9/26/2026, 3:57:40 PM.737] [Info] [GitInfoCollector]  CODEBUDDY_GIT_REPO_SCAN_DISABLED 1
[9/26/2026, 3:57:40 PM.738] [Info] [GitInfoCollector]  Git repository scan is disabled via CODEBUDDY_GIT_REPO_SCAN_DISABLED environment variable
[9/26/2026, 3:57:40 PM.752] [Warning] [CloudProductManager]  Fetch remote configuration failed (attempt 3), will retry after 8s
[9/26/2026, 4:15:02 PM.762] [Info] [GitInfoCollector]  CODEBUDDY_GIT_REPO_SCAN_DISABLED 1
[9/26/2026, 4:15:02 PM.762] [Info] [GitInfoCollector]  Git repository scan is disabled via CODEBUDDY_GIT_REPO_SCAN_DISABLED environment variable
[9/26/2026, 4:15:02 PM.764] [Info] [WorkflowMemProbe] tick runId=(none) | rss=164.6MB heap=169/175.4MB external=54.6MB arrayBuffers=0MB
[9/26/2026, 4:15:02 PM.781] [Info] [GitInfoCollector]  CODEBUDDY_GIT_REPO_SCAN_DISABLED 1
[9/26/2026, 4:15:02 PM.781] [Info] [GitInfoCollector]  Git repository scan is disabled via CODEBUDDY_GIT_REPO_SCAN_DISABLED environment variable
[9/26/2026, 4:15:02 PM.785] [Warning] [CloudProductManager]  Fetch remote configuration failed (attempt 4), will retry after 16s
[9/26/2026, 4:15:02 PM.786] [Warning] [CloudProductManager]  Fetch remote configuration failed: getaddrinfo ENOTFOUND copilot.tencent.com, url=/v3/config, code=ENOTFOUND
[9/26/2026, 4:15:02 PM.786] [Info] [PluginsProductProvider.provide] active=9, ids=[weixinpay@workbuddy-builtin,tencent-docs-plugin@workbuddy-builtin,sheetagent@workbuddy-builtin,tencent-pptx@workbuddy-builtin,tencent-docx@workbuddy-builtin,agent-browser@codebuddy-plugins-official,find-skills@codebuddy-plugins-official,agent-browser@inline,find-skills@inline]
[9/26/2026, 4:15:02 PM.786] [Info] [MCP][cacheDbg] getConnectedServers() called: nonInteractive=true waitForSettle=false cacheNow=[connector-proxy,weixinpay,sheetagent] allServers=[connector-proxy:connected,weixinpay:connected,sheetagent:connected]
[9/26/2026, 4:15:02 PM.786] [Info] [MCP][cacheDbg] getConnectedServers() returning: [connector-proxy,weixinpay,sheetagent] (size=3)
[9/26/2026, 4:15:02 PM.792] [Info] [CustomModelsProductProvider] productName=WorkBuddy, isWorkBuddy=true, userConfigPath=/Users/didi/.workbuddy/models.json
[9/26/2026, 4:15:02 PM.792] [Info] Loaded custom models config from user: /Users/didi/.workbuddy/models.json
[9/26/2026, 4:15:02 PM.792] [Info] [ModelsProductProvider] enterpriseId: undefined, endpoint: https://copilot.tencent.com
[9/26/2026, 4:15:02 PM.792] [Warning] [ModelsProductProvider] enterpriseId is missing, skipping models API call
[9/26/2026, 4:15:02 PM.792] [Info] [AgentModelResolver] product config input: 54 models, 23 agents
[9/26/2026, 4:15:02 PM.792] [Info] [AgentModelResolver] model ids: auto, fast-model, balanced-model, deep-model, hy3, hy3-b, hy3-c, hy3-x, hy4-preview, hy4-preview-f, minimax-m2.5, glm-5v-turbo, glm-5.3, glm-5.3-flash, glm-5.2, glm-5.1, glm-5.0-turbo, glm-4.6v, kimi-k3-1, kimi-k2.8-preview, kimi-k2.7, kimi-k2.6, kimi-k2.5, kimi-k2-thinking, minimax-m3, minimax-m2.7, glm-4.6, deepseek-v4-flash, deepseek-v4.1-flash, deepseek-v4-pro, deepseek-v3-2-volc, deepseek-v3-1-volc, deepseek-v3-1-lkeap, deepseek-v3-1, deepseek-v3-0324-lkeap, deepseek-r1-0528-lkeap, kimi-k2-instruct-taiji, completion-gf, default-1.1, hunyuan-3b, hunyuan-7b-dense, codewise-completions, codewise-rewrite, codewise-nes-a4-027-aide, codewise-jump, deepseek-r1-0528, deepseek-v3-0324-taco-completion, deepseek-v3-0324, default-1.2, hunyuan-2.0-instruct, hunyuan-chat, hunyuan-image-alpha, hunyuan-image-alpha-edit, custom-local:kimi-k3
[9/26/2026, 4:15:02 PM.792] [Info] [AgentModelResolver] agent "cli" original_models=["auto","hy4-preview-f","hy3","hy3-x","deepseek-v4.1-flash","glm-5.3","glm-5.3-flash","glm-5.2","glm-5.1","glm-5v-turbo","minimax-m3","kimi-k3-1","kimi-k2.8-preview","kimi-k2.7","kimi-k2.6","deepseek-v4-pro"] -> resolved_models=["auto","hy4-preview-f","hy3","hy3-x","deepseek-v4.1-flash","glm-5.3","glm-5.3-flash","glm-5.2","glm-5.1","glm-5v-turbo","minimax-m3","kimi-k3-1","kimi-k2.8-preview","kimi-k2.7","kimi-k2.6","deepseek-v4-pro"]
[9/26/2026, 4:15:02 PM.792] [Info] [AgentModelResolver] agent "general-purpose" original_models=[] -> resolved_models=[]
[9/26/2026, 4:15:02 PM.792] [Info] [AgentModelResolver] agent "compact" original_models=[] -> resolved_models=[]
[9/26/2026, 4:15:02 PM.792] [Info] [AgentModelResolver] agent "contextSummary" original_models=[] -> resolved_models=[]
[9/26/2026, 4:15:02 PM.792] [Info] [AgentModelResolver] agent "contentAnalyzer" original_models=[] -> resolved_models=[]
[9/26/2026, 4:15:02 PM.792] [Info] [AgentModelResolver] agent "terminalTitleGenerator" original_models=[] -> resolved_models=[]
[9/26/2026, 4:15:02 PM.792] [Info] [AgentModelResolver] agent "promptSuggestion" original_models=[] -> resolved_models=[]
[9/26/2026, 4:15:02 PM.792] [Info] [AgentModelResolver] agent "memorySelector" original_models=["lite"] -> resolved_models=["lite"]
[9/26/2026, 4:15:02 PM.792] [Info] [AgentModelResolver] agent "summaryGenerator" original_models=[] -> resolved_models=[]
[9/26/2026, 4:15:02 PM.792] [Info] [AgentModelResolver] agent "autoModeClassifier" original_models=[] -> resolved_models=[]
[9/26/2026, 4:15:02 PM.792] [Info] [AgentModelResolver] agent "promptHookEvaluator" original_models=["lite"] -> resolved_models=["lite"]
[9/26/2026, 4:15:02 PM.792] [Info] [AgentModelResolver] agent "insightsAnalyzer" original_models=[] -> resolved_models=[]
[9/26/2026, 4:15:02 PM.792] [Info] [AgentModelResolver] agent "agentInstructions" original_models=[] -> resolved_models=[]
[9/26/2026, 4:15:02 PM.792] [Info] [AgentModelResolver] agent "statusline-setup" original_models=[] -> resolved_models=[]
[9/26/2026, 4:15:02 PM.792] [Info] [AgentModelResolver] agent "Explore" original_models=["lite"] -> resolved_models=["lite"]
[9/26/2026, 4:15:02 PM.792] [Info] [AgentModelResolver] agent "Plan" original_models=[] -> resolved_models=[]
[9/26/2026, 4:15:02 PM.792] [Info] [AgentModelResolver] agent "pulse" original_models=[] -> resolved_models=[]
[9/26/2026, 4:15:02 PM.792] [Info] [AgentModelResolver] agent "handoff-summary" original_models=undefined -> resolved_models=[]
[9/26/2026, 4:15:02 PM.792] [Info] [AgentModelResolver] agent "enhance-prompt" original_models=[] -> resolved_models=[]
[9/26/2026, 4:15:02 PM.792] [Info] [AgentModelResolver] agent "sheet-agent" original_models=[] -> resolved_models=[]
[9/26/2026, 4:15:02 PM.792] [Info] [AgentModelResolver] agent "doc-converter" original_models=[] -> resolved_models=[]
[9/26/2026, 4:15:02 PM.792] [Info] [AgentModelResolver] agent "doc-formatter" original_models=[] -> resolved_models=[]
[9/26/2026, 4:15:02 PM.792] [Info] [AgentModelResolver] agent "doc-writer" original_models=[] -> resolved_models=[]
[9/26/2026, 4:15:02 PM.806] [Info] [PluginPolicyService]  [MergedPlugins][DEBUG] ProductManager.onDidChange fired, reloading policies...
[9/26/2026, 4:15:02 PM.806] [Info] [PluginPolicyService]  [MergedPlugins][DEBUG] Current config builtInMarketPluginsMerge: [{"autoEnable":true,"marketplaceName":"codebuddy-plugins-official","name":"agent-browser","scope":"user"}]
[9/26/2026, 4:15:02 PM.806] [Info] [PluginPolicyService]  [MergedPlugins] Loaded 1 merged plugin entries
[9/26/2026, 4:15:02 PM.806] [Info] [Startup] AgentManager.rebuildAgents: START
[9/26/2026, 4:15:02 PM.806] [Info] [Startup] AgentManager.rebuildAgents: completed in 10ms, resolving readyDeferred
[9/26/2026, 4:15:02 PM.806] [Info] [PluginManager]  Checking for built-in marketplaces to install...
[9/26/2026, 4:15:02 PM.806] [Info] [BuiltInMarketplaceProvider]  Found 2 built-in marketplace(s)
[9/26/2026, 4:15:02 PM.806] [Info] [PluginManager]  Found 2 built-in marketplace(s)
[9/26/2026, 4:15:02 PM.807] [Info] [MarketplaceStorage]  [MarketplaceStorage] getMarketplaces ensureConfigFile=0ms readAndRepair=1ms migration=0ms total=1ms count=5 path=/Users/didi/.workbuddy/plugins/known_marketplaces.json
[9/26/2026, 4:15:02 PM.807] [Info] [PluginManager]  All built-in marketplaces are already installed
[9/26/2026, 4:15:02 PM.807] [Info] [MarketplaceStorage]  [MarketplaceStorage] getMarketplaces ensureConfigFile=0ms readAndRepair=0ms migration=0ms total=0ms count=5 path=/Users/didi/.workbuddy/plugins/known_marketplaces.json
[9/26/2026, 4:15:02 PM.807] [Info] [BuiltInMarketplaceProvider]  Found 2 built-in marketplace(s)
[9/26/2026, 4:15:02 PM.808] [Info] [PluginManager]  Loaded 5 marketplaces (2 built-in) total=1ms storage=0ms builtIn=0ms autoUpdate=0ms
[9/26/2026, 4:15:04 PM.798] [Info] [TracingService]  Tracing uses @tencent/galileo-node-sdk global OpenTelemetry provider; @genie OTLP exporter is skipped.
[9/26/2026, 4:15:04 PM.798] [Info] [TracingService]  Tracing config resolved: {"productEnabled":true,"enabledByEnv":false,"endpoint":"https://copilot.tencent.com","galileoEnabled":true}
[9/26/2026, 4:32:15 PM.566] [Info] [GitInfoCollector]  CODEBUDDY_GIT_REPO_SCAN_DISABLED 1
[9/26/2026, 4:32:15 PM.566] [Info] [GitInfoCollector]  Git repository scan is disabled via CODEBUDDY_GIT_REPO_SCAN_DISABLED environment variable
[9/26/2026, 4:32:15 PM.571] [Info] [WorkflowMemProbe] tick runId=(none) | rss=168MB heap=171.4/175.8MB external=54.1MB arrayBuffers=0MB
[9/26/2026, 4:32:15 PM.624] [Info] [GitInfoCollector]  CODEBUDDY_GIT_REPO_SCAN_DISABLED 1
[9/26/2026, 4:32:15 PM.625] [Info] [GitInfoCollector]  Git repository scan is disabled via CODEBUDDY_GIT_REPO_SCAN_DISABLED environment variable
[9/26/2026, 4:32:15 PM.631] [Warning] [CloudProductManager]  Fetch remote configuration failed (attempt 5), no more retries
[9/26/2026, 4:32:15 PM.631] [Error] [CloudProductManager] [undefined]  Fetch remote configuration failed after all retries: getaddrinfo ENOTFOUND copilot.tencent.com, url=/v3/config, code=ENOTFOUND
[9/26/2026, 4:32:15 PM.632] [Warning] [CloudProductManager]  Fetch remote configuration failed: getaddrinfo ENOTFOUND copilot.tencent.com, url=/v3/config, code=ENOTFOUND
[9/26/2026, 4:32:15 PM.633] [Info] [PluginsProductProvider.provide] active=9, ids=[weixinpay@workbuddy-builtin,tencent-docs-plugin@workbuddy-builtin,sheetagent@workbuddy-builtin,tencent-pptx@workbuddy-builtin,tencent-docx@workbuddy-builtin,agent-browser@codebuddy-plugins-official,find-skills@codebuddy-plugins-official,agent-browser@inline,find-skills@inline]
[9/26/2026, 4:32:15 PM.633] [Info] [MCP][cacheDbg] getConnectedServers() called: nonInteractive=true waitForSettle=false cacheNow=[connector-proxy,weixinpay,sheetagent] allServers=[connector-proxy:connected,weixinpay:connected,sheetagent:connected]
[9/26/2026, 4:32:15 PM.633] [Info] [MCP][cacheDbg] getConnectedServers() returning: [connector-proxy,weixinpay,sheetagent] (size=3)
[9/26/2026, 4:32:15 PM.641] [Info] [CustomModelsProductProvider] productName=WorkBuddy, isWorkBuddy=true, userConfigPath=/Users/didi/.workbuddy/models.json
[9/26/2026, 4:32:15 PM.641] [Info] Loaded custom models config from user: /Users/didi/.workbuddy/models.json
[9/26/2026, 4:32:15 PM.641] [Info] [ModelsProductProvider] enterpriseId: undefined, endpoint: https://copilot.tencent.com
[9/26/2026, 4:32:15 PM.641] [Warning] [ModelsProductProvider] enterpriseId is missing, skipping models API call
[9/26/2026, 4:32:15 PM.641] [Info] [AgentModelResolver] product config input: 54 models, 23 agents
[9/26/2026, 4:32:15 PM.641] [Info] [AgentModelResolver] model ids: auto, fast-model, balanced-model, deep-model, hy3, hy3-b, hy3-c, hy3-x, hy4-preview, hy4-preview-f, minimax-m2.5, glm-5v-turbo, glm-5.3, glm-5.3-flash, glm-5.2, glm-5.1, glm-5.0-turbo, glm-4.6v, kimi-k3-1, kimi-k2.8-preview, kimi-k2.7, kimi-k2.6, kimi-k2.5, kimi-k2-thinking, minimax-m3, minimax-m2.7, glm-4.6, deepseek-v4-flash, deepseek-v4.1-flash, deepseek-v4-pro, deepseek-v3-2-volc, deepseek-v3-1-volc, deepseek-v3-1-lkeap, deepseek-v3-1, deepseek-v3-0324-lkeap, deepseek-r1-0528-lkeap, kimi-k2-instruct-taiji, completion-gf, default-1.1, hunyuan-3b, hunyuan-7b-dense, codewise-completions, codewise-rewrite, codewise-nes-a4-027-aide, codewise-jump, deepseek-r1-0528, deepseek-v3-0324-taco-completion, deepseek-v3-0324, default-1.2, hunyuan-2.0-instruct, hunyuan-chat, hunyuan-image-alpha, hunyuan-image-alpha-edit, custom-local:kimi-k3
[9/26/2026, 4:32:15 PM.641] [Info] [AgentModelResolver] agent "cli" original_models=["auto","hy4-preview-f","hy3","hy3-x","deepseek-v4.1-flash","glm-5.3","glm-5.3-flash","glm-5.2","glm-5.1","glm-5v-turbo","minimax-m3","kimi-k3-1","kimi-k2.8-preview","kimi-k2.7","kimi-k2.6","deepseek-v4-pro"] -> resolved_models=["auto","hy4-preview-f","hy3","hy3-x","deepseek-v4.1-flash","glm-5.3","glm-5.3-flash","glm-5.2","glm-5.1","glm-5v-turbo","minimax-m3","kimi-k3-1","kimi-k2.8-preview","kimi-k2.7","kimi-k2.6","deepseek-v4-pro"]
[9/26/2026, 4:32:15 PM.641] [Info] [AgentModelResolver] agent "general-purpose" original_models=[] -> resolved_models=[]
[9/26/2026, 4:32:15 PM.641] [Info] [AgentModelResolver] agent "compact" original_models=[] -> resolved_models=[]
[9/26/2026, 4:32:15 PM.641] [Info] [AgentModelResolver] agent "contextSummary" original_models=[] -> resolved_models=[]
[9/26/2026, 4:32:15 PM.641] [Info] [AgentModelResolver] agent "contentAnalyzer" original_models=[] -> resolved_models=[]
[9/26/2026, 4:32:15 PM.641] [Info] [AgentModelResolver] agent "terminalTitleGenerator" original_models=[] -> resolved_models=[]
[9/26/2026, 4:32:15 PM.641] [Info] [AgentModelResolver] agent "promptSuggestion" original_models=[] -> resolved_models=[]
[9/26/2026, 4:32:15 PM.641] [Info] [AgentModelResolver] agent "memorySelector" original_models=["lite"] -> resolved_models=["lite"]
[9/26/2026, 4:32:15 PM.641] [Info] [AgentModelResolver] agent "summaryGenerator" original_models=[] -> resolved_models=[]
[9/26/2026, 4:32:15 PM.641] [Info] [AgentModelResolver] agent "autoModeClassifier" original_models=[] -> resolved_models=[]
[9/26/2026, 4:32:15 PM.641] [Info] [AgentModelResolver] agent "promptHookEvaluator" original_models=["lite"] -> resolved_models=["lite"]
[9/26/2026, 4:32:15 PM.641] [Info] [AgentModelResolver] agent "insightsAnalyzer" original_models=[] -> resolved_models=[]
[9/26/2026, 4:32:15 PM.641] [Info] [AgentModelResolver] agent "agentInstructions" original_models=[] -> resolved_models=[]
[9/26/2026, 4:32:15 PM.641] [Info] [AgentModelResolver] agent "statusline-setup" original_models=[] -> resolved_models=[]
[9/26/2026, 4:32:15 PM.641] [Info] [AgentModelResolver] agent "Explore" original_models=["lite"] -> resolved_models=["lite"]
[9/26/2026, 4:32:15 PM.641] [Info] [AgentModelResolver] agent "Plan" original_models=[] -> resolved_models=[]
[9/26/2026, 4:32:15 PM.641] [Info] [AgentModelResolver] agent "pulse" original_models=[] -> resolved_models=[]
[9/26/2026, 4:32:15 PM.641] [Info] [AgentModelResolver] agent "handoff-summary" original_models=undefined -> resolved_models=[]
[9/26/2026, 4:32:15 PM.641] [Info] [AgentModelResolver] agent "enhance-prompt" original_models=[] -> resolved_models=[]
[9/26/2026, 4:32:15 PM.641] [Info] [AgentModelResolver] agent "sheet-agent" original_models=[] -> resolved_models=[]
[9/26/2026, 4:32:15 PM.641] [Info] [AgentModelResolver] agent "doc-converter" original_models=[] -> resolved_models=[]
[9/26/2026, 4:32:15 PM.641] [Info] [AgentModelResolver] agent "doc-formatter" original_models=[] -> resolved_models=[]
[9/26/2026, 4:32:15 PM.641] [Info] [AgentModelResolver] agent "doc-writer" original_models=[] -> resolved_models=[]
[9/26/2026, 4:32:15 PM.694] [Info] [PluginPolicyService]  [MergedPlugins][DEBUG] ProductManager.onDidChange fired, reloading policies...
[9/26/2026, 4:32:15 PM.694] [Info] [PluginPolicyService]  [MergedPlugins][DEBUG] Current config builtInMarketPluginsMerge: [{"autoEnable":true,"marketplaceName":"codebuddy-plugins-official","name":"agent-browser","scope":"user"}]
[9/26/2026, 4:32:15 PM.694] [Info] [PluginPolicyService]  [MergedPlugins] Loaded 1 merged plugin entries
[9/26/2026, 4:32:15 PM.694] [Info] [Startup] AgentManager.rebuildAgents: START
[9/26/2026, 4:32:15 PM.695] [Info] [Startup] AgentManager.rebuildAgents: completed in 50ms, resolving readyDeferred
[9/26/2026, 4:32:15 PM.696] [Info] [PluginManager]  Checking for built-in marketplaces to install...
[9/26/2026, 4:32:15 PM.696] [Info] [BuiltInMarketplaceProvider]  Found 2 built-in marketplace(s)
[9/26/2026, 4:32:15 PM.696] [Info] [PluginManager]  Found 2 built-in marketplace(s)
[9/26/2026, 4:32:15 PM.703] [Info] [MarketplaceStorage]  [MarketplaceStorage] getMarketplaces ensureConfigFile=0ms readAndRepair=6ms migration=0ms total=6ms count=5 path=/Users/didi/.workbuddy/plugins/known_marketplaces.json
[9/26/2026, 4:32:15 PM.703] [Info] [PluginManager]  All built-in marketplaces are already installed
[9/26/2026, 4:32:15 PM.704] [Info] [MarketplaceStorage]  [MarketplaceStorage] getMarketplaces ensureConfigFile=0ms readAndRepair=1ms migration=0ms total=1ms count=5 path=/Users/didi/.workbuddy/plugins/known_marketplaces.json
[9/26/2026, 4:32:15 PM.704] [Info] [BuiltInMarketplaceProvider]  Found 2 built-in marketplace(s)
[9/26/2026, 4:32:15 PM.719] [Info] [PluginManager]  Loaded 5 marketplaces (2 built-in) total=16ms storage=1ms builtIn=0ms autoUpdate=0ms
[9/26/2026, 4:32:16 PM.634] [Info] [GitInfoCollector]  CODEBUDDY_GIT_REPO_SCAN_DISABLED 1
[9/26/2026, 4:32:16 PM.634] [Info] [GitInfoCollector]  Git repository scan is disabled via CODEBUDDY_GIT_REPO_SCAN_DISABLED environment variable
[9/26/2026, 4:32:16 PM.649] [Warning] [CloudProductManager]  Fetch remote configuration failed (attempt 1), will retry after 2s
[9/26/2026, 4:32:17 PM.648] [Info] [TracingService]  Tracing uses @tencent/galileo-node-sdk global OpenTelemetry provider; @genie OTLP exporter is skipped.
[9/26/2026, 4:32:17 PM.648] [Info] [TracingService]  Tracing config resolved: {"productEnabled":true,"enabledByEnv":false,"endpoint":"https://copilot.tencent.com","galileoEnabled":true}
[9/26/2026, 4:32:18 PM.651] [Info] [GitInfoCollector]  CODEBUDDY_GIT_REPO_SCAN_DISABLED 1
[9/26/2026, 4:32:18 PM.651] [Info] [GitInfoCollector]  Git repository scan is disabled via CODEBUDDY_GIT_REPO_SCAN_DISABLED environment variable
[9/26/2026, 4:32:18 PM.662] [Warning] [CloudProductManager]  Fetch remote configuration failed (attempt 2), will retry after 4s
[9/26/2026, 4:49:35 PM.879] [Info] [GitInfoCollector]  CODEBUDDY_GIT_REPO_SCAN_DISABLED 1
[9/26/2026, 4:49:35 PM.879] [Info] [GitInfoCollector]  Git repository scan is disabled via CODEBUDDY_GIT_REPO_SCAN_DISABLED environment variable
[9/26/2026, 4:49:35 PM.882] [Info] [WorkflowMemProbe] tick runId=(none) | rss=157.4MB heap=156.1/164.9MB external=53.6MB arrayBuffers=0MB
[9/26/2026, 4:49:35 PM.898] [Info] [GitInfoCollector]  CODEBUDDY_GIT_REPO_SCAN_DISABLED 1
[9/26/2026, 4:49:35 PM.898] [Info] [GitInfoCollector]  Git repository scan is disabled via CODEBUDDY_GIT_REPO_SCAN_DISABLED environment variable
[9/26/2026, 4:49:35 PM.902] [Warning] [CloudProductManager]  Fetch remote configuration failed (attempt 3), will retry after 8s
[9/26/2026, 4:49:35 PM.903] [Warning] [CloudProductManager]  Fetch remote configuration failed: getaddrinfo ENOTFOUND copilot.tencent.com, url=/v3/config, code=ENOTFOUND
[9/26/2026, 4:49:35 PM.903] [Info] [PluginsProductProvider.provide] active=9, ids=[weixinpay@workbuddy-builtin,tencent-docs-plugin@workbuddy-builtin,sheetagent@workbuddy-builtin,tencent-pptx@workbuddy-builtin,tencent-docx@workbuddy-builtin,agent-browser@codebuddy-plugins-official,find-skills@codebuddy-plugins-official,agent-browser@inline,find-skills@inline]
[9/26/2026, 4:49:35 PM.903] [Info] [MCP][cacheDbg] getConnectedServers() called: nonInteractive=true waitForSettle=false cacheNow=[connector-proxy,weixinpay,sheetagent] allServers=[connector-proxy:connected,weixinpay:connected,sheetagent:connected]
[9/26/2026, 4:49:35 PM.903] [Info] [MCP][cacheDbg] getConnectedServers() returning: [connector-proxy,weixinpay,sheetagent] (size=3)
[9/26/2026, 4:49:35 PM.909] [Info] [CustomModelsProductProvider] productName=WorkBuddy, isWorkBuddy=true, userConfigPath=/Users/didi/.workbuddy/models.json
[9/26/2026, 4:49:35 PM.909] [Info] Loaded custom models config from user: /Users/didi/.workbuddy/models.json
[9/26/2026, 4:49:35 PM.909] [Info] [ModelsProductProvider] enterpriseId: undefined, endpoint: https://copilot.tencent.com
[9/26/2026, 4:49:35 PM.909] [Warning] [ModelsProductProvider] enterpriseId is missing, skipping models API call
[9/26/2026, 4:49:35 PM.909] [Info] [AgentModelResolver] product config input: 54 models, 23 agents
[9/26/2026, 4:49:35 PM.909] [Info] [AgentModelResolver] model ids: auto, fast-model, balanced-model, deep-model, hy3, hy3-b, hy3-c, hy3-x, hy4-preview, hy4-preview-f, minimax-m2.5, glm-5v-turbo, glm-5.3, glm-5.3-flash, glm-5.2, glm-5.1, glm-5.0-turbo, glm-4.6v, kimi-k3-1, kimi-k2.8-preview, kimi-k2.7, kimi-k2.6, kimi-k2.5, kimi-k2-thinking, minimax-m3, minimax-m2.7, glm-4.6, deepseek-v4-flash, deepseek-v4.1-flash, deepseek-v4-pro, deepseek-v3-2-volc, deepseek-v3-1-volc, deepseek-v3-1-lkeap, deepseek-v3-1, deepseek-v3-0324-lkeap, deepseek-r1-0528-lkeap, kimi-k2-instruct-taiji, completion-gf, default-1.1, hunyuan-3b, hunyuan-7b-dense, codewise-completions, codewise-rewrite, codewise-nes-a4-027-aide, codewise-jump, deepseek-r1-0528, deepseek-v3-0324-taco-completion, deepseek-v3-0324, default-1.2, hunyuan-2.0-instruct, hunyuan-chat, hunyuan-image-alpha, hunyuan-image-alpha-edit, custom-local:kimi-k3
[9/26/2026, 4:49:35 PM.909] [Info] [AgentModelResolver] agent "cli" original_models=["auto","hy4-preview-f","hy3","hy3-x","deepseek-v4.1-flash","glm-5.3","glm-5.3-flash","glm-5.2","glm-5.1","glm-5v-turbo","minimax-m3","kimi-k3-1","kimi-k2.8-preview","kimi-k2.7","kimi-k2.6","deepseek-v4-pro"] -> resolved_models=["auto","hy4-preview-f","hy3","hy3-x","deepseek-v4.1-flash","glm-5.3","glm-5.3-flash","glm-5.2","glm-5.1","glm-5v-turbo","minimax-m3","kimi-k3-1","kimi-k2.8-preview","kimi-k2.7","kimi-k2.6","deepseek-v4-pro"]
[9/26/2026, 4:49:35 PM.909] [Info] [AgentModelResolver] agent "general-purpose" original_models=[] -> resolved_models=[]
[9/26/2026, 4:49:35 PM.909] [Info] [AgentModelResolver] agent "compact" original_models=[] -> resolved_models=[]
[9/26/2026, 4:49:35 PM.909] [Info] [AgentModelResolver] agent "contextSummary" original_models=[] -> resolved_models=[]
[9/26/2026, 4:49:35 PM.909] [Info] [AgentModelResolver] agent "contentAnalyzer" original_models=[] -> resolved_models=[]
[9/26/2026, 4:49:35 PM.909] [Info] [AgentModelResolver] agent "terminalTitleGenerator" original_models=[] -> resolved_models=[]
[9/26/2026, 4:49:35 PM.909] [Info] [AgentModelResolver] agent "promptSuggestion" original_models=[] -> resolved_models=[]
[9/26/2026, 4:49:35 PM.909] [Info] [AgentModelResolver] agent "memorySelector" original_models=["lite"] -> resolved_models=["lite"]
[9/26/2026, 4:49:35 PM.909] [Info] [AgentModelResolver] agent "summaryGenerator" original_models=[] -> resolved_models=[]
[9/26/2026, 4:49:35 PM.909] [Info] [AgentModelResolver] agent "autoModeClassifier" original_models=[] -> resolved_models=[]
[9/26/2026, 4:49:35 PM.909] [Info] [AgentModelResolver] agent "promptHookEvaluator" original_models=["lite"] -> resolved_models=["lite"]
[9/26/2026, 4:49:35 PM.909] [Info] [AgentModelResolver] agent "insightsAnalyzer" original_models=[] -> resolved_models=[]
[9/26/2026, 4:49:35 PM.909] [Info] [AgentModelResolver] agent "agentInstructions" original_models=[] -> resolved_models=[]
[9/26/2026, 4:49:35 PM.909] [Info] [AgentModelResolver] agent "statusline-setup" original_models=[] -> resolved_models=[]
[9/26/2026, 4:49:35 PM.909] [Info] [AgentModelResolver] agent "Explore" original_models=["lite"] -> resolved_models=["lite"]
[9/26/2026, 4:49:35 PM.909] [Info] [AgentModelResolver] agent "Plan" original_models=[] -> resolved_models=[]
[9/26/2026, 4:49:35 PM.909] [Info] [AgentModelResolver] agent "pulse" original_models=[] -> resolved_models=[]
[9/26/2026, 4:49:35 PM.909] [Info] [AgentModelResolver] agent "handoff-summary" original_models=undefined -> resolved_models=[]
[9/26/2026, 4:49:35 PM.909] [Info] [AgentModelResolver] agent "enhance-prompt" original_models=[] -> resolved_models=[]
[9/26/2026, 4:49:35 PM.909] [Info] [AgentModelResolver] agent "sheet-agent" original_models=[] -> resolved_models=[]
[9/26/2026, 4:49:35 PM.909] [Info] [AgentModelResolver] agent "doc-converter" original_models=[] -> resolved_models=[]
[9/26/2026, 4:49:35 PM.909] [Info] [AgentModelResolver] agent "doc-formatter" original_models=[] -> resolved_models=[]
[9/26/2026, 4:49:35 PM.909] [Info] [AgentModelResolver] agent "doc-writer" original_models=[] -> resolved_models=[]
[9/26/2026, 4:49:35 PM.923] [Info] [PluginPolicyService]  [MergedPlugins][DEBUG] ProductManager.onDidChange fired, reloading policies...
[9/26/2026, 4:49:35 PM.923] [Info] [PluginPolicyService]  [MergedPlugins][DEBUG] Current config builtInMarketPluginsMerge: [{"autoEnable":true,"marketplaceName":"codebuddy-plugins-official","name":"agent-browser","scope":"user"}]
[9/26/2026, 4:49:35 PM.923] [Info] [PluginPolicyService]  [MergedPlugins] Loaded 1 merged plugin entries
[9/26/2026, 4:49:35 PM.923] [Info] [Startup] AgentManager.rebuildAgents: START
[9/26/2026, 4:49:35 PM.923] [Info] [Startup] AgentManager.rebuildAgents: completed in 11ms, resolving readyDeferred
[9/26/2026, 4:49:35 PM.923] [Info] [PluginManager]  Checking for built-in marketplaces to install...
[9/26/2026, 4:49:35 PM.923] [Info] [BuiltInMarketplaceProvider]  Found 2 built-in marketplace(s)
[9/26/2026, 4:49:35 PM.923] [Info] [PluginManager]  Found 2 built-in marketplace(s)
[9/26/2026, 4:49:35 PM.924] [Info] [MarketplaceStorage]  [MarketplaceStorage] getMarketplaces ensureConfigFile=0ms readAndRepair=1ms migration=0ms total=1ms count=5 path=/Users/didi/.workbuddy/plugins/known_marketplaces.json
[9/26/2026, 4:49:35 PM.924] [Info] [PluginManager]  All built-in marketplaces are already installed
[9/26/2026, 4:49:35 PM.924] [Info] [MarketplaceStorage]  [MarketplaceStorage] getMarketplaces ensureConfigFile=0ms readAndRepair=0ms migration=0ms total=0ms count=5 path=/Users/didi/.workbuddy/plugins/known_marketplaces.json
[9/26/2026, 4:49:35 PM.924] [Info] [BuiltInMarketplaceProvider]  Found 2 built-in marketplace(s)
[9/26/2026, 4:49:35 PM.926] [Info] [PluginManager]  Loaded 5 marketplaces (2 built-in) total=2ms storage=0ms builtIn=0ms autoUpdate=0ms
[9/26/2026, 4:49:37 PM.915] [Info] [TracingService]  Tracing uses @tencent/galileo-node-sdk global OpenTelemetry provider; @genie OTLP exporter is skipped.
[9/26/2026, 4:49:37 PM.915] [Info] [TracingService]  Tracing config resolved: {"productEnabled":true,"enabledByEnv":false,"endpoint":"https://copilot.tencent.com","galileoEnabled":true}
[9/26/2026, 4:58:33 PM.665] [Info] [GitInfoCollector]  CODEBUDDY_GIT_REPO_SCAN_DISABLED 1
[9/26/2026, 4:58:33 PM.665] [Info] [GitInfoCollector]  Git repository scan is disabled via CODEBUDDY_GIT_REPO_SCAN_DISABLED environment variable
[9/26/2026, 4:58:33 PM.668] [Info] [WorkflowMemProbe] tick runId=(none) | rss=162.9MB heap=162.1/170.8MB external=54.8MB arrayBuffers=0MB
[9/26/2026, 4:58:33 PM.714] [Info] [GitInfoCollector]  CODEBUDDY_GIT_REPO_SCAN_DISABLED 1
[9/26/2026, 4:58:33 PM.714] [Info] [GitInfoCollector]  Git repository scan is disabled via CODEBUDDY_GIT_REPO_SCAN_DISABLED environment variable
[9/26/2026, 4:58:33 PM.721] [Warning] [CloudProductManager]  Fetch remote configuration failed (attempt 4), will retry after 16s
[9/26/2026, 4:58:33 PM.722] [Warning] [CloudProductManager]  Fetch remote configuration failed: getaddrinfo ENOTFOUND copilot.tencent.com, url=/v3/config, code=ENOTFOUND
[9/26/2026, 4:58:33 PM.722] [Info] [PluginsProductProvider.provide] active=9, ids=[weixinpay@workbuddy-builtin,tencent-docs-plugin@workbuddy-builtin,sheetagent@workbuddy-builtin,tencent-pptx@workbuddy-builtin,tencent-docx@workbuddy-builtin,agent-browser@codebuddy-plugins-official,find-skills@codebuddy-plugins-official,agent-browser@inline,find-skills@inline]
[9/26/2026, 4:58:33 PM.722] [Info] [MCP][cacheDbg] getConnectedServers() called: nonInteractive=true waitForSettle=false cacheNow=[connector-proxy,weixinpay,sheetagent] allServers=[connector-proxy:connected,weixinpay:connected,sheetagent:connected]
[9/26/2026, 4:58:33 PM.722] [Info] [MCP][cacheDbg] getConnectedServers() returning: [connector-proxy,weixinpay,sheetagent] (size=3)
[9/26/2026, 4:58:33 PM.728] [Info] [CustomModelsProductProvider] productName=WorkBuddy, isWorkBuddy=true, userConfigPath=/Users/didi/.workbuddy/models.json
[9/26/2026, 4:58:33 PM.728] [Info] Loaded custom models config from user: /Users/didi/.workbuddy/models.json
[9/26/2026, 4:58:33 PM.729] [Info] [ModelsProductProvider] enterpriseId: undefined, endpoint: https://copilot.tencent.com
[9/26/2026, 4:58:33 PM.729] [Warning] [ModelsProductProvider] enterpriseId is missing, skipping models API call
[9/26/2026, 4:58:33 PM.729] [Info] [AgentModelResolver] product config input: 54 models, 23 agents
[9/26/2026, 4:58:33 PM.729] [Info] [AgentModelResolver] model ids: auto, fast-model, balanced-model, deep-model, hy3, hy3-b, hy3-c, hy3-x, hy4-preview, hy4-preview-f, minimax-m2.5, glm-5v-turbo, glm-5.3, glm-5.3-flash, glm-5.2, glm-5.1, glm-5.0-turbo, glm-4.6v, kimi-k3-1, kimi-k2.8-preview, kimi-k2.7, kimi-k2.6, kimi-k2.5, kimi-k2-thinking, minimax-m3, minimax-m2.7, glm-4.6, deepseek-v4-flash, deepseek-v4.1-flash, deepseek-v4-pro, deepseek-v3-2-volc, deepseek-v3-1-volc, deepseek-v3-1-lkeap, deepseek-v3-1, deepseek-v3-0324-lkeap, deepseek-r1-0528-lkeap, kimi-k2-instruct-taiji, completion-gf, default-1.1, hunyuan-3b, hunyuan-7b-dense, codewise-completions, codewise-rewrite, codewise-nes-a4-027-aide, codewise-jump, deepseek-r1-0528, deepseek-v3-0324-taco-completion, deepseek-v3-0324, default-1.2, hunyuan-2.0-instruct, hunyuan-chat, hunyuan-image-alpha, hunyuan-image-alpha-edit, custom-local:kimi-k3
[9/26/2026, 4:58:33 PM.729] [Info] [AgentModelResolver] agent "cli" original_models=["auto","hy4-preview-f","hy3","hy3-x","deepseek-v4.1-flash","glm-5.3","glm-5.3-flash","glm-5.2","glm-5.1","glm-5v-turbo","minimax-m3","kimi-k3-1","kimi-k2.8-preview","kimi-k2.7","kimi-k2.6","deepseek-v4-pro"] -> resolved_models=["auto","hy4-preview-f","hy3","hy3-x","deepseek-v4.1-flash","glm-5.3","glm-5.3-flash","glm-5.2","glm-5.1","glm-5v-turbo","minimax-m3","kimi-k3-1","kimi-k2.8-preview","kimi-k2.7","kimi-k2.6","deepseek-v4-pro"]
[9/26/2026, 4:58:33 PM.729] [Info] [AgentModelResolver] agent "general-purpose" original_models=[] -> resolved_models=[]
[9/26/2026, 4:58:33 PM.729] [Info] [AgentModelResolver] agent "compact" original_models=[] -> resolved_models=[]
[9/26/2026, 4:58:33 PM.729] [Info] [AgentModelResolver] agent "contextSummary" original_models=[] -> resolved_models=[]
[9/26/2026, 4:58:33 PM.729] [Info] [AgentModelResolver] agent "contentAnalyzer" original_models=[] -> resolved_models=[]
[9/26/2026, 4:58:33 PM.729] [Info] [AgentModelResolver] agent "terminalTitleGenerator" original_models=[] -> resolved_models=[]
[9/26/2026, 4:58:33 PM.729] [Info] [AgentModelResolver] agent "promptSuggestion" original_models=[] -> resolved_models=[]
[9/26/2026, 4:58:33 PM.729] [Info] [AgentModelResolver] agent "memorySelector" original_models=["lite"] -> resolved_models=["lite"]
[9/26/2026, 4:58:33 PM.729] [Info] [AgentModelResolver] agent "summaryGenerator" original_models=[] -> resolved_models=[]
[9/26/2026, 4:58:33 PM.729] [Info] [AgentModelResolver] agent "autoModeClassifier" original_models=[] -> resolved_models=[]
[9/26/2026, 4:58:33 PM.729] [Info] [AgentModelResolver] agent "promptHookEvaluator" original_models=["lite"] -> resolved_models=["lite"]
[9/26/2026, 4:58:33 PM.729] [Info] [AgentModelResolver] agent "insightsAnalyzer" original_models=[] -> resolved_models=[]
[9/26/2026, 4:58:33 PM.729] [Info] [AgentModelResolver] agent "agentInstructions" original_models=[] -> resolved_models=[]
[9/26/2026, 4:58:33 PM.729] [Info] [AgentModelResolver] agent "statusline-setup" original_models=[] -> resolved_models=[]
[9/26/2026, 4:58:33 PM.729] [Info] [AgentModelResolver] agent "Explore" original_models=["lite"] -> resolved_models=["lite"]
[9/26/2026, 4:58:33 PM.729] [Info] [AgentModelResolver] agent "Plan" original_models=[] -> resolved_models=[]
[9/26/2026, 4:58:33 PM.729] [Info] [AgentModelResolver] agent "pulse" original_models=[] -> resolved_models=[]
[9/26/2026, 4:58:33 PM.729] [Info] [AgentModelResolver] agent "handoff-summary" original_models=undefined -> resolved_models=[]
[9/26/2026, 4:58:33 PM.729] [Info] [AgentModelResolver] agent "enhance-prompt" original_models=[] -> resolved_models=[]
[9/26/2026, 4:58:33 PM.729] [Info] [AgentModelResolver] agent "sheet-agent" original_models=[] -> resolved_models=[]
[9/26/2026, 4:58:33 PM.729] [Info] [AgentModelResolver] agent "doc-converter" original_models=[] -> resolved_models=[]
[9/26/2026, 4:58:33 PM.729] [Info] [AgentModelResolver] agent "doc-formatter" original_models=[] -> resolved_models=[]
[9/26/2026, 4:58:33 PM.729] [Info] [AgentModelResolver] agent "doc-writer" original_models=[] -> resolved_models=[]
[9/26/2026, 4:58:33 PM.750] [Info] [PluginPolicyService]  [MergedPlugins][DEBUG] ProductManager.onDidChange fired, reloading policies...
[9/26/2026, 4:58:33 PM.750] [Info] [PluginPolicyService]  [MergedPlugins][DEBUG] Current config builtInMarketPluginsMerge: [{"autoEnable":true,"marketplaceName":"codebuddy-plugins-official","name":"agent-browser","scope":"user"}]
[9/26/2026, 4:58:33 PM.750] [Info] [PluginPolicyService]  [MergedPlugins] Loaded 1 merged plugin entries
[9/26/2026, 4:58:33 PM.750] [Info] [Startup] AgentManager.rebuildAgents: START
[9/26/2026, 4:58:33 PM.751] [Info] [Startup] AgentManager.rebuildAgents: completed in 18ms, resolving readyDeferred
[9/26/2026, 4:58:33 PM.751] [Info] [PluginManager]  Checking for built-in marketplaces to install...
[9/26/2026, 4:58:33 PM.751] [Info] [BuiltInMarketplaceProvider]  Found 2 built-in marketplace(s)
[9/26/2026, 4:58:33 PM.752] [Info] [PluginManager]  Found 2 built-in marketplace(s)
[9/26/2026, 4:58:33 PM.752] [Info] [MarketplaceStorage]  [MarketplaceStorage] getMarketplaces ensureConfigFile=0ms readAndRepair=1ms migration=0ms total=1ms count=5 path=/Users/didi/.workbuddy/plugins/known_marketplaces.json
[9/26/2026, 4:58:33 PM.752] [Info] [PluginManager]  All built-in marketplaces are already installed
[9/26/2026, 4:58:33 PM.755] [Info] [MarketplaceStorage]  [MarketplaceStorage] getMarketplaces ensureConfigFile=0ms readAndRepair=3ms migration=0ms total=3ms count=5 path=/Users/didi/.workbuddy/plugins/known_marketplaces.json
[9/26/2026, 4:58:33 PM.755] [Info] [BuiltInMarketplaceProvider]  Found 2 built-in marketplace(s)
[9/26/2026, 4:58:33 PM.756] [Info] [PluginManager]  Loaded 5 marketplaces (2 built-in) total=4ms storage=3ms builtIn=0ms autoUpdate=0ms
[9/26/2026, 4:58:35 PM.735] [Info] [TracingService]  Tracing uses @tencent/galileo-node-sdk global OpenTelemetry provider; @genie OTLP exporter is skipped.
[9/26/2026, 4:58:35 PM.735] [Info] [TracingService]  Tracing config resolved: {"productEnabled":true,"enabledByEnv":false,"endpoint":"https://copilot.tencent.com","galileoEnabled":true}
[9/26/2026, 5:06:51 PM.339] [Info] [GitInfoCollector]  CODEBUDDY_GIT_REPO_SCAN_DISABLED 1
[9/26/2026, 5:06:51 PM.339] [Info] [GitInfoCollector]  Git repository scan is disabled via CODEBUDDY_GIT_REPO_SCAN_DISABLED environment variable
[9/26/2026, 5:06:51 PM.343] [Info] [WorkflowMemProbe] tick runId=(none) | rss=164.9MB heap=166.9/174.7MB external=54.8MB arrayBuffers=0MB
[9/26/2026, 5:06:51 PM.416] [Info] [GitInfoCollector]  CODEBUDDY_GIT_REPO_SCAN_DISABLED 1
[9/26/2026, 5:06:51 PM.416] [Info] [GitInfoCollector]  Git repository scan is disabled via CODEBUDDY_GIT_REPO_SCAN_DISABLED environment variable
[9/26/2026, 5:06:51 PM.422] [Warning] [CloudProductManager]  Fetch remote configuration failed (attempt 5), no more retries
[9/26/2026, 5:06:51 PM.422] [Error] [CloudProductManager] [undefined]  Fetch remote configuration failed after all retries: getaddrinfo ENOTFOUND copilot.tencent.com, url=/v3/config, code=ENOTFOUND
[9/26/2026, 5:06:51 PM.423] [Warning] [CloudProductManager]  Fetch remote configuration failed: getaddrinfo ENOTFOUND copilot.tencent.com, url=/v3/config, code=ENOTFOUND
[9/26/2026, 5:06:51 PM.424] [Info] [PluginsProductProvider.provide] active=9, ids=[weixinpay@workbuddy-builtin,tencent-docs-plugin@workbuddy-builtin,sheetagent@workbuddy-builtin,tencent-pptx@workbuddy-builtin,tencent-docx@workbuddy-builtin,agent-browser@codebuddy-plugins-official,find-skills@codebuddy-plugins-official,agent-browser@inline,find-skills@inline]
[9/26/2026, 5:06:51 PM.424] [Info] [MCP][cacheDbg] getConnectedServers() called: nonInteractive=true waitForSettle=false cacheNow=[connector-proxy,weixinpay,sheetagent] allServers=[connector-proxy:connected,weixinpay:connected,sheetagent:connected]
[9/26/2026, 5:06:51 PM.424] [Info] [MCP][cacheDbg] getConnectedServers() returning: [connector-proxy,weixinpay,sheetagent] (size=3)
[9/26/2026, 5:06:51 PM.430] [Info] [CustomModelsProductProvider] productName=WorkBuddy, isWorkBuddy=true, userConfigPath=/Users/didi/.workbuddy/models.json
[9/26/2026, 5:06:51 PM.430] [Info] Loaded custom models config from user: /Users/didi/.workbuddy/models.json
[9/26/2026, 5:06:51 PM.430] [Info] [ModelsProductProvider] enterpriseId: undefined, endpoint: https://copilot.tencent.com
[9/26/2026, 5:06:51 PM.430] [Warning] [ModelsProductProvider] enterpriseId is missing, skipping models API call
[9/26/2026, 5:06:51 PM.430] [Info] [AgentModelResolver] product config input: 54 models, 23 agents
[9/26/2026, 5:06:51 PM.430] [Info] [AgentModelResolver] model ids: auto, fast-model, balanced-model, deep-model, hy3, hy3-b, hy3-c, hy3-x, hy4-preview, hy4-preview-f, minimax-m2.5, glm-5v-turbo, glm-5.3, glm-5.3-flash, glm-5.2, glm-5.1, glm-5.0-turbo, glm-4.6v, kimi-k3-1, kimi-k2.8-preview, kimi-k2.7, kimi-k2.6, kimi-k2.5, kimi-k2-thinking, minimax-m3, minimax-m2.7, glm-4.6, deepseek-v4-flash, deepseek-v4.1-flash, deepseek-v4-pro, deepseek-v3-2-volc, deepseek-v3-1-volc, deepseek-v3-1-lkeap, deepseek-v3-1, deepseek-v3-0324-lkeap, deepseek-r1-0528-lkeap, kimi-k2-instruct-taiji, completion-gf, default-1.1, hunyuan-3b, hunyuan-7b-dense, codewise-completions, codewise-rewrite, codewise-nes-a4-027-aide, codewise-jump, deepseek-r1-0528, deepseek-v3-0324-taco-completion, deepseek-v3-0324, default-1.2, hunyuan-2.0-instruct, hunyuan-chat, hunyuan-image-alpha, hunyuan-image-alpha-edit, custom-local:kimi-k3
[9/26/2026, 5:06:51 PM.430] [Info] [AgentModelResolver] agent "cli" original_models=["auto","hy4-preview-f","hy3","hy3-x","deepseek-v4.1-flash","glm-5.3","glm-5.3-flash","glm-5.2","glm-5.1","glm-5v-turbo","minimax-m3","kimi-k3-1","kimi-k2.8-preview","kimi-k2.7","kimi-k2.6","deepseek-v4-pro"] -> resolved_models=["auto","hy4-preview-f","hy3","hy3-x","deepseek-v4.1-flash","glm-5.3","glm-5.3-flash","glm-5.2","glm-5.1","glm-5v-turbo","minimax-m3","kimi-k3-1","kimi-k2.8-preview","kimi-k2.7","kimi-k2.6","deepseek-v4-pro"]
[9/26/2026, 5:06:51 PM.430] [Info] [AgentModelResolver] agent "general-purpose" original_models=[] -> resolved_models=[]
[9/26/2026, 5:06:51 PM.430] [Info] [AgentModelResolver] agent "compact" original_models=[] -> resolved_models=[]
[9/26/2026, 5:06:51 PM.430] [Info] [AgentModelResolver] agent "contextSummary" original_models=[] -> resolved_models=[]
[9/26/2026, 5:06:51 PM.430] [Info] [AgentModelResolver] agent "contentAnalyzer" original_models=[] -> resolved_models=[]
[9/26/2026, 5:06:51 PM.430] [Info] [AgentModelResolver] agent "terminalTitleGenerator" original_models=[] -> resolved_models=[]
[9/26/2026, 5:06:51 PM.430] [Info] [AgentModelResolver] agent "promptSuggestion" original_models=[] -> resolved_models=[]
[9/26/2026, 5:06:51 PM.430] [Info] [AgentModelResolver] agent "memorySelector" original_models=["lite"] -> resolved_models=["lite"]
[9/26/2026, 5:06:51 PM.430] [Info] [AgentModelResolver] agent "summaryGenerator" original_models=[] -> resolved_models=[]
[9/26/2026, 5:06:51 PM.430] [Info] [AgentModelResolver] agent "autoModeClassifier" original_models=[] -> resolved_models=[]
[9/26/2026, 5:06:51 PM.430] [Info] [AgentModelResolver] agent "promptHookEvaluator" original_models=["lite"] -> resolved_models=["lite"]
[9/26/2026, 5:06:51 PM.430] [Info] [AgentModelResolver] agent "insightsAnalyzer" original_models=[] -> resolved_models=[]
[9/26/2026, 5:06:51 PM.430] [Info] [AgentModelResolver] agent "agentInstructions" original_models=[] -> resolved_models=[]
[9/26/2026, 5:06:51 PM.430] [Info] [AgentModelResolver] agent "statusline-setup" original_models=[] -> resolved_models=[]
[9/26/2026, 5:06:51 PM.430] [Info] [AgentModelResolver] agent "Explore" original_models=["lite"] -> resolved_models=["lite"]
[9/26/2026, 5:06:51 PM.430] [Info] [AgentModelResolver] agent "Plan" original_models=[] -> resolved_models=[]
[9/26/2026, 5:06:51 PM.430] [Info] [AgentModelResolver] agent "pulse" original_models=[] -> resolved_models=[]
[9/26/2026, 5:06:51 PM.430] [Info] [AgentModelResolver] agent "handoff-summary" original_models=undefined -> resolved_models=[]
[9/26/2026, 5:06:51 PM.430] [Info] [AgentModelResolver] agent "enhance-prompt" original_models=[] -> resolved_models=[]
[9/26/2026, 5:06:51 PM.430] [Info] [AgentModelResolver] agent "sheet-agent" original_models=[] -> resolved_models=[]
[9/26/2026, 5:06:51 PM.430] [Info] [AgentModelResolver] agent "doc-converter" original_models=[] -> resolved_models=[]
[9/26/2026, 5:06:51 PM.430] [Info] [AgentModelResolver] agent "doc-formatter" original_models=[] -> resolved_models=[]
[9/26/2026, 5:06:51 PM.430] [Info] [AgentModelResolver] agent "doc-writer" original_models=[] -> resolved_models=[]
[9/26/2026, 5:06:51 PM.445] [Info] [PluginPolicyService]  [MergedPlugins][DEBUG] ProductManager.onDidChange fired, reloading policies...
[9/26/2026, 5:06:51 PM.445] [Info] [PluginPolicyService]  [MergedPlugins][DEBUG] Current config builtInMarketPluginsMerge: [{"autoEnable":true,"marketplaceName":"codebuddy-plugins-official","name":"agent-browser","scope":"user"}]
[9/26/2026, 5:06:51 PM.445] [Info] [PluginPolicyService]  [MergedPlugins] Loaded 1 merged plugin entries
[9/26/2026, 5:06:51 PM.445] [Info] [Startup] AgentManager.rebuildAgents: START
[9/26/2026, 5:06:51 PM.445] [Info] [Startup] AgentManager.rebuildAgents: completed in 11ms, resolving readyDeferred
[9/26/2026, 5:06:51 PM.445] [Info] [PluginManager]  Checking for built-in marketplaces to install...
[9/26/2026, 5:06:51 PM.445] [Info] [BuiltInMarketplaceProvider]  Found 2 built-in marketplace(s)
[9/26/2026, 5:06:51 PM.445] [Info] [PluginManager]  Found 2 built-in marketplace(s)
[9/26/2026, 5:06:51 PM.446] [Info] [MarketplaceStorage]  [MarketplaceStorage] getMarketplaces ensureConfigFile=0ms readAndRepair=1ms migration=0ms total=1ms count=5 path=/Users/didi/.workbuddy/plugins/known_marketplaces.json
[9/26/2026, 5:06:51 PM.446] [Info] [PluginManager]  All built-in marketplaces are already installed
[9/26/2026, 5:06:51 PM.447] [Info] [MarketplaceStorage]  [MarketplaceStorage] getMarketplaces ensureConfigFile=0ms readAndRepair=1ms migration=0ms total=1ms count=5 path=/Users/didi/.workbuddy/plugins/known_marketplaces.json
[9/26/2026, 5:06:51 PM.447] [Info] [BuiltInMarketplaceProvider]  Found 2 built-in marketplace(s)
[9/26/2026, 5:06:51 PM.452] [Info] [PluginManager]  Loaded 5 marketplaces (2 built-in) total=6ms storage=1ms builtIn=0ms autoUpdate=0ms
[9/26/2026, 5:06:52 PM.426] [Info] [GitInfoCollector]  CODEBUDDY_GIT_REPO_SCAN_DISABLED 1
[9/26/2026, 5:06:52 PM.426] [Info] [GitInfoCollector]  Git repository scan is disabled via CODEBUDDY_GIT_REPO_SCAN_DISABLED environment variable
[9/26/2026, 5:06:52 PM.443] [Warning] [CloudProductManager]  Fetch remote configuration failed (attempt 1), will retry after 2s
[9/26/2026, 5:06:53 PM.435] [Info] [TracingService]  Tracing uses @tencent/galileo-node-sdk global OpenTelemetry provider; @genie OTLP exporter is skipped.
[9/26/2026, 5:06:53 PM.436] [Info] [TracingService]  Tracing config resolved: {"productEnabled":true,"enabledByEnv":false,"endpoint":"https://copilot.tencent.com","galileoEnabled":true}
[9/26/2026, 5:06:54 PM.445] [Info] [GitInfoCollector]  CODEBUDDY_GIT_REPO_SCAN_DISABLED 1
[9/26/2026, 5:06:54 PM.445] [Info] [GitInfoCollector]  Git repository scan is disabled via CODEBUDDY_GIT_REPO_SCAN_DISABLED environment variable
[9/26/2026, 5:06:54 PM.461] [Warning] [CloudProductManager]  Fetch remote configuration failed (attempt 2), will retry after 4s
[9/26/2026, 5:15:09 PM.428] [Info] [GitInfoCollector]  CODEBUDDY_GIT_REPO_SCAN_DISABLED 1
[9/26/2026, 5:15:09 PM.428] [Info] [GitInfoCollector]  Git repository scan is disabled via CODEBUDDY_GIT_REPO_SCAN_DISABLED environment variable
[9/26/2026, 5:15:09 PM.432] [Info] [WorkflowMemProbe] tick runId=(none) | rss=157.2MB heap=156.2/162.9MB external=53.6MB arrayBuffers=0MB
[9/26/2026, 5:15:09 PM.488] [Info] [GitInfoCollector]  CODEBUDDY_GIT_REPO_SCAN_DISABLED 1
[9/26/2026, 5:15:09 PM.488] [Info] [GitInfoCollector]  Git repository scan is disabled via CODEBUDDY_GIT_REPO_SCAN_DISABLED environment variable
[9/26/2026, 5:15:09 PM.493] [Warning] [CloudProductManager]  Fetch remote configuration failed (attempt 3), will retry after 8s
[9/26/2026, 5:15:09 PM.494] [Warning] [CloudProductManager]  Fetch remote configuration failed: getaddrinfo ENOTFOUND copilot.tencent.com, url=/v3/config, code=ENOTFOUND
[9/26/2026, 5:15:09 PM.495] [Info] [PluginsProductProvider.provide] active=9, ids=[weixinpay@workbuddy-builtin,tencent-docs-plugin@workbuddy-builtin,sheetagent@workbuddy-builtin,tencent-pptx@workbuddy-builtin,tencent-docx@workbuddy-builtin,agent-browser@codebuddy-plugins-official,find-skills@codebuddy-plugins-official,agent-browser@inline,find-skills@inline]
[9/26/2026, 5:15:09 PM.495] [Info] [MCP][cacheDbg] getConnectedServers() called: nonInteractive=true waitForSettle=false cacheNow=[connector-proxy,weixinpay,sheetagent] allServers=[connector-proxy:connected,weixinpay:connected,sheetagent:connected]
[9/26/2026, 5:15:09 PM.495] [Info] [MCP][cacheDbg] getConnectedServers() returning: [connector-proxy,weixinpay,sheetagent] (size=3)
[9/26/2026, 5:15:09 PM.502] [Info] [CustomModelsProductProvider] productName=WorkBuddy, isWorkBuddy=true, userConfigPath=/Users/didi/.workbuddy/models.json
[9/26/2026, 5:15:09 PM.502] [Info] Loaded custom models config from user: /Users/didi/.workbuddy/models.json
[9/26/2026, 5:15:09 PM.503] [Info] [ModelsProductProvider] enterpriseId: undefined, endpoint: https://copilot.tencent.com
[9/26/2026, 5:15:09 PM.503] [Warning] [ModelsProductProvider] enterpriseId is missing, skipping models API call
[9/26/2026, 5:15:09 PM.503] [Info] [AgentModelResolver] product config input: 54 models, 23 agents
[9/26/2026, 5:15:09 PM.503] [Info] [AgentModelResolver] model ids: auto, fast-model, balanced-model, deep-model, hy3, hy3-b, hy3-c, hy3-x, hy4-preview, hy4-preview-f, minimax-m2.5, glm-5v-turbo, glm-5.3, glm-5.3-flash, glm-5.2, glm-5.1, glm-5.0-turbo, glm-4.6v, kimi-k3-1, kimi-k2.8-preview, kimi-k2.7, kimi-k2.6, kimi-k2.5, kimi-k2-thinking, minimax-m3, minimax-m2.7, glm-4.6, deepseek-v4-flash, deepseek-v4.1-flash, deepseek-v4-pro, deepseek-v3-2-volc, deepseek-v3-1-volc, deepseek-v3-1-lkeap, deepseek-v3-1, deepseek-v3-0324-lkeap, deepseek-r1-0528-lkeap, kimi-k2-instruct-taiji, completion-gf, default-1.1, hunyuan-3b, hunyuan-7b-dense, codewise-completions, codewise-rewrite, codewise-nes-a4-027-aide, codewise-jump, deepseek-r1-0528, deepseek-v3-0324-taco-completion, deepseek-v3-0324, default-1.2, hunyuan-2.0-instruct, hunyuan-chat, hunyuan-image-alpha, hunyuan-image-alpha-edit, custom-local:kimi-k3
[9/26/2026, 5:15:09 PM.503] [Info] [AgentModelResolver] agent "cli" original_models=["auto","hy4-preview-f","hy3","hy3-x","deepseek-v4.1-flash","glm-5.3","glm-5.3-flash","glm-5.2","glm-5.1","glm-5v-turbo","minimax-m3","kimi-k3-1","kimi-k2.8-preview","kimi-k2.7","kimi-k2.6","deepseek-v4-pro"] -> resolved_models=["auto","hy4-preview-f","hy3","hy3-x","deepseek-v4.1-flash","glm-5.3","glm-5.3-flash","glm-5.2","glm-5.1","glm-5v-turbo","minimax-m3","kimi-k3-1","kimi-k2.8-preview","kimi-k2.7","kimi-k2.6","deepseek-v4-pro"]
[9/26/2026, 5:15:09 PM.503] [Info] [AgentModelResolver] agent "general-purpose" original_models=[] -> resolved_models=[]
[9/26/2026, 5:15:09 PM.503] [Info] [AgentModelResolver] agent "compact" original_models=[] -> resolved_models=[]
[9/26/2026, 5:15:09 PM.503] [Info] [AgentModelResolver] agent "contextSummary" original_models=[] -> resolved_models=[]
[9/26/2026, 5:15:09 PM.503] [Info] [AgentModelResolver] agent "contentAnalyzer" original_models=[] -> resolved_models=[]
[9/26/2026, 5:15:09 PM.503] [Info] [AgentModelResolver] agent "terminalTitleGenerator" original_models=[] -> resolved_models=[]
[9/26/2026, 5:15:09 PM.503] [Info] [AgentModelResolver] agent "promptSuggestion" original_models=[] -> resolved_models=[]
[9/26/2026, 5:15:09 PM.503] [Info] [AgentModelResolver] agent "memorySelector" original_models=["lite"] -> resolved_models=["lite"]
[9/26/2026, 5:15:09 PM.503] [Info] [AgentModelResolver] agent "summaryGenerator" original_models=[] -> resolved_models=[]
[9/26/2026, 5:15:09 PM.503] [Info] [AgentModelResolver] agent "autoModeClassifier" original_models=[] -> resolved_models=[]
[9/26/2026, 5:15:09 PM.503] [Info] [AgentModelResolver] agent "promptHookEvaluator" original_models=["lite"] -> resolved_models=["lite"]
[9/26/2026, 5:15:09 PM.503] [Info] [AgentModelResolver] agent "insightsAnalyzer" original_models=[] -> resolved_models=[]
[9/26/2026, 5:15:09 PM.503] [Info] [AgentModelResolver] agent "agentInstructions" original_models=[] -> resolved_models=[]
[9/26/2026, 5:15:09 PM.503] [Info] [AgentModelResolver] agent "statusline-setup" original_models=[] -> resolved_models=[]
[9/26/2026, 5:15:09 PM.503] [Info] [AgentModelResolver] agent "Explore" original_models=["lite"] -> resolved_models=["lite"]
[9/26/2026, 5:15:09 PM.503] [Info] [AgentModelResolver] agent "Plan" original_models=[] -> resolved_models=[]
[9/26/2026, 5:15:09 PM.503] [Info] [AgentModelResolver] agent "pulse" original_models=[] -> resolved_models=[]
[9/26/2026, 5:15:09 PM.503] [Info] [AgentModelResolver] agent "handoff-summary" original_models=undefined -> resolved_models=[]
[9/26/2026, 5:15:09 PM.503] [Info] [AgentModelResolver] agent "enhance-prompt" original_models=[] -> resolved_models=[]
[9/26/2026, 5:15:09 PM.503] [Info] [AgentModelResolver] agent "sheet-agent" original_models=[] -> resolved_models=[]
[9/26/2026, 5:15:09 PM.503] [Info] [AgentModelResolver] agent "doc-converter" original_models=[] -> resolved_models=[]
[9/26/2026, 5:15:09 PM.503] [Info] [AgentModelResolver] agent "doc-formatter" original_models=[] -> resolved_models=[]
[9/26/2026, 5:15:09 PM.503] [Info] [AgentModelResolver] agent "doc-writer" original_models=[] -> resolved_models=[]
[9/26/2026, 5:15:09 PM.558] [Info] [PluginPolicyService]  [MergedPlugins][DEBUG] ProductManager.onDidChange fired, reloading policies...
[9/26/2026, 5:15:09 PM.558] [Info] [PluginPolicyService]  [MergedPlugins][DEBUG] Current config builtInMarketPluginsMerge: [{"autoEnable":true,"marketplaceName":"codebuddy-plugins-official","name":"agent-browser","scope":"user"}]
[9/26/2026, 5:15:09 PM.558] [Info] [PluginPolicyService]  [MergedPlugins] Loaded 1 merged plugin entries
[9/26/2026, 5:15:09 PM.558] [Info] [Startup] AgentManager.rebuildAgents: START
[9/26/2026, 5:15:09 PM.561] [Info] [Startup] AgentManager.rebuildAgents: completed in 53ms, resolving readyDeferred
[9/26/2026, 5:15:09 PM.562] [Info] [PluginManager]  Checking for built-in marketplaces to install...
[9/26/2026, 5:15:09 PM.562] [Info] [BuiltInMarketplaceProvider]  Found 2 built-in marketplace(s)
[9/26/2026, 5:15:09 PM.562] [Info] [PluginManager]  Found 2 built-in marketplace(s)
[9/26/2026, 5:15:09 PM.563] [Info] [MarketplaceStorage]  [MarketplaceStorage] getMarketplaces ensureConfigFile=0ms readAndRepair=1ms migration=0ms total=1ms count=5 path=/Users/didi/.workbuddy/plugins/known_marketplaces.json
[9/26/2026, 5:15:09 PM.563] [Info] [PluginManager]  All built-in marketplaces are already installed
[9/26/2026, 5:15:09 PM.566] [Info] [MarketplaceStorage]  [MarketplaceStorage] getMarketplaces ensureConfigFile=0ms readAndRepair=3ms migration=0ms total=3ms count=5 path=/Users/didi/.workbuddy/plugins/known_marketplaces.json
[9/26/2026, 5:15:09 PM.566] [Info] [BuiltInMarketplaceProvider]  Found 2 built-in marketplace(s)
[9/26/2026, 5:15:09 PM.568] [Info] [PluginManager]  Loaded 5 marketplaces (2 built-in) total=5ms storage=3ms builtIn=0ms autoUpdate=0ms
[9/26/2026, 5:15:11 PM.509] [Info] [TracingService]  Tracing uses @tencent/galileo-node-sdk global OpenTelemetry provider; @genie OTLP exporter is skipped.
[9/26/2026, 5:15:11 PM.509] [Info] [TracingService]  Tracing config resolved: {"productEnabled":true,"enabledByEnv":false,"endpoint":"https://copilot.tencent.com","galileoEnabled":true}
[9/26/2026, 5:15:17 PM.340] [Info] [GitInfoCollector]  CODEBUDDY_GIT_REPO_SCAN_DISABLED 1
[9/26/2026, 5:15:17 PM.341] [Info] [GitInfoCollector]  Git repository scan is disabled via CODEBUDDY_GIT_REPO_SCAN_DISABLED environment variable
[9/26/2026, 5:15:17 PM.670] [Info] [CloudProductManager]  fetch cloud product success, agents(1): cli, models(53): auto,fast-model,balanced-model,deep-model,hy3,hy3-b,hy3-c,hy3-x,hy4-preview,hy4-preview-f,minimax-m2.5,glm-5v-turbo,glm-5.3,glm-5.3-flash,glm-5.2,glm-5.1,glm-5.0-turbo,glm-4.6v,kimi-k3-1,kimi-k2.8-preview,kimi-k2.7,kimi-k2.6,kimi-k2.5,kimi-k2-thinking,minimax-m3,minimax-m2.7,glm-4.6,deepseek-v4-flash,deepseek-v4.1-flash,deepseek-v4-pro,deepseek-v3-2-volc,deepseek-v3-1-volc,deepseek-v3-1-lkeap,deepseek-v3-1,deepseek-v3-0324-lkeap,deepseek-r1-0528-lkeap,kimi-k2-instruct-taiji,completion-gf,default-1.1,hunyuan-3b,hunyuan-7b-dense,codewise-completions,codewise-rewrite,codewise-nes-a4-027-aide,codewise-jump,deepseek-r1-0528,deepseek-v3-0324-taco-completion,deepseek-v3-0324,default-1.2,hunyuan-2.0-instruct,hunyuan-chat,hunyuan-image-alpha,hunyuan-image-alpha-edit
[9/26/2026, 5:15:17 PM.671] [Info] [CloudProductManager]  Fetched configuration from remote [326ms]
[9/26/2026, 5:15:17 PM.671] [Info] [CloudProductManager] [fdee3d54-95b6-4e9c-aaff-50ad9505aab4]  Fetch remote configuration succeeded after 4 attempt(s)
[9/26/2026, 5:22:45 PM.453] [Info] [WorkflowMemProbe] tick runId=(none) | rss=146.3MB heap=161.3/168.2MB external=54.9MB arrayBuffers=0MB
[9/26/2026, 5:22:52 PM.827] [Info] [TracingService]  [primary] Exported 6 spans, traceIds: ba440976a3bc24b659dcea8072df1b11, ec440a0962ae957d810b241fd33d8c61, 8a7d967a091b08b9218c8f4585554b5b, 7569b571d7551a8e43c03fc333d6654e, 7e585429717cd7e8b296a4ef5d1228ea, 852bbe6d690cda0ff47b1c306f0a05e4
[9/26/2026, 5:23:15 PM.427] [Info] [WorkflowMemProbe] tick runId=(none) | rss=69.3MB heap=162.7/169.1MB external=53.8MB arrayBuffers=0MB
[9/26/2026, 5:23:15 PM.448] [Info] [PluginsProductProvider.provide] active=9, ids=[weixinpay@workbuddy-builtin,tencent-docs-plugin@workbuddy-builtin,sheetagent@workbuddy-builtin,tencent-pptx@workbuddy-builtin,tencent-docx@workbuddy-builtin,agent-browser@codebuddy-plugins-official,find-skills@codebuddy-plugins-official,agent-browser@inline,find-skills@inline]
[9/26/2026, 5:23:15 PM.448] [Info] [MCP][cacheDbg] getConnectedServers() called: nonInteractive=true waitForSettle=false cacheNow=[connector-proxy,weixinpay,sheetagent] allServers=[connector-proxy:connected,weixinpay:connected,sheetagent:connected]
[9/26/2026, 5:23:15 PM.448] [Info] [MCP][cacheDbg] getConnectedServers() returning: [connector-proxy,weixinpay,sheetagent] (size=3)
[9/26/2026, 5:23:15 PM.459] [Info] [CustomModelsProductProvider] productName=WorkBuddy, isWorkBuddy=true, userConfigPath=/Users/didi/.workbuddy/models.json
[9/26/2026, 5:23:15 PM.459] [Info] Loaded custom models config from user: /Users/didi/.workbuddy/models.json
[9/26/2026, 5:23:15 PM.459] [Info] [ModelsProductProvider] enterpriseId: undefined, endpoint: https://copilot.tencent.com
[9/26/2026, 5:23:15 PM.459] [Warning] [ModelsProductProvider] enterpriseId is missing, skipping models API call
[9/26/2026, 5:23:15 PM.459] [Info] [AgentModelResolver] product config input: 54 models, 23 agents
[9/26/2026, 5:23:15 PM.459] [Info] [AgentModelResolver] model ids: auto, fast-model, balanced-model, deep-model, hy3, hy3-b, hy3-c, hy3-x, hy4-preview, hy4-preview-f, minimax-m2.5, glm-5v-turbo, glm-5.3, glm-5.3-flash, glm-5.2, glm-5.1, glm-5.0-turbo, glm-4.6v, kimi-k3-1, kimi-k2.8-preview, kimi-k2.7, kimi-k2.6, kimi-k2.5, kimi-k2-thinking, minimax-m3, minimax-m2.7, glm-4.6, deepseek-v4-flash, deepseek-v4.1-flash, deepseek-v4-pro, deepseek-v3-2-volc, deepseek-v3-1-volc, deepseek-v3-1-lkeap, deepseek-v3-1, deepseek-v3-0324-lkeap, deepseek-r1-0528-lkeap, kimi-k2-instruct-taiji, completion-gf, default-1.1, hunyuan-3b, hunyuan-7b-dense, codewise-completions, codewise-rewrite, codewise-nes-a4-027-aide, codewise-jump, deepseek-r1-0528, deepseek-v3-0324-taco-completion, deepseek-v3-0324, default-1.2, hunyuan-2.0-instruct, hunyuan-chat, hunyuan-image-alpha, hunyuan-image-alpha-edit, custom-local:kimi-k3
[9/26/2026, 5:23:15 PM.459] [Info] [AgentModelResolver] agent "cli" original_models=["auto","hy4-preview-f","hy3","hy3-x","deepseek-v4.1-flash","glm-5.3","glm-5.3-flash","glm-5.2","glm-5.1","glm-5v-turbo","minimax-m3","kimi-k3-1","kimi-k2.8-preview","kimi-k2.7","kimi-k2.6","deepseek-v4-pro"] -> resolved_models=["auto","hy4-preview-f","hy3","hy3-x","deepseek-v4.1-flash","glm-5.3","glm-5.3-flash","glm-5.2","glm-5.1","glm-5v-turbo","minimax-m3","kimi-k3-1","kimi-k2.8-preview","kimi-k2.7","kimi-k2.6","deepseek-v4-pro"]
[9/26/2026, 5:23:15 PM.459] [Info] [AgentModelResolver] agent "general-purpose" original_models=[] -> resolved_models=[]
[9/26/2026, 5:23:15 PM.459] [Info] [AgentModelResolver] agent "compact" original_models=[] -> resolved_models=[]
[9/26/2026, 5:23:15 PM.459] [Info] [AgentModelResolver] agent "contextSummary" original_models=[] -> resolved_models=[]
[9/26/2026, 5:23:15 PM.459] [Info] [AgentModelResolver] agent "contentAnalyzer" original_models=[] -> resolved_models=[]
[9/26/2026, 5:23:15 PM.459] [Info] [AgentModelResolver] agent "terminalTitleGenerator" original_models=[] -> resolved_models=[]
[9/26/2026, 5:23:15 PM.459] [Info] [AgentModelResolver] agent "promptSuggestion" original_models=[] -> resolved_models=[]
[9/26/2026, 5:23:15 PM.459] [Info] [AgentModelResolver] agent "memorySelector" original_models=["lite"] -> resolved_models=["lite"]
[9/26/2026, 5:23:15 PM.459] [Info] [AgentModelResolver] agent "summaryGenerator" original_models=[] -> resolved_models=[]
[9/26/2026, 5:23:15 PM.459] [Info] [AgentModelResolver] agent "autoModeClassifier" original_models=[] -> resolved_models=[]
[9/26/2026, 5:23:15 PM.459] [Info] [AgentModelResolver] agent "promptHookEvaluator" original_models=["lite"] -> resolved_models=["lite"]
[9/26/2026, 5:23:15 PM.459] [Info] [AgentModelResolver] agent "insightsAnalyzer" original_models=[] -> resolved_models=[]
[9/26/2026, 5:23:15 PM.459] [Info] [AgentModelResolver] agent "agentInstructions" original_models=[] -> resolved_models=[]
[9/26/2026, 5:23:15 PM.459] [Info] [AgentModelResolver] agent "statusline-setup" original_models=[] -> resolved_models=[]
[9/26/2026, 5:23:15 PM.459] [Info] [AgentModelResolver] agent "Explore" original_models=["lite"] -> resolved_models=["lite"]
[9/26/2026, 5:23:15 PM.459] [Info] [AgentModelResolver] agent "Plan" original_models=[] -> resolved_models=[]
[9/26/2026, 5:23:15 PM.459] [Info] [AgentModelResolver] agent "pulse" original_models=[] -> resolved_models=[]
[9/26/2026, 5:23:15 PM.459] [Info] [AgentModelResolver] agent "handoff-summary" original_models=undefined -> resolved_models=[]
[9/26/2026, 5:23:15 PM.459] [Info] [AgentModelResolver] agent "enhance-prompt" original_models=[] -> resolved_models=[]
[9/26/2026, 5:23:15 PM.459] [Info] [AgentModelResolver] agent "sheet-agent" original_models=[] -> resolved_models=[]
[9/26/2026, 5:23:15 PM.459] [Info] [AgentModelResolver] agent "doc-converter" original_models=[] -> resolved_models=[]
[9/26/2026, 5:23:15 PM.459] [Info] [AgentModelResolver] agent "doc-formatter" original_models=[] -> resolved_models=[]
[9/26/2026, 5:23:15 PM.459] [Info] [AgentModelResolver] agent "doc-writer" original_models=[] -> resolved_models=[]
[9/26/2026, 5:23:15 PM.480] [Info] [PluginPolicyService]  [MergedPlugins][DEBUG] ProductManager.onDidChange fired, reloading policies...
[9/26/2026, 5:23:15 PM.480] [Info] [PluginPolicyService]  [MergedPlugins][DEBUG] Current config builtInMarketPluginsMerge: [{"autoEnable":true,"marketplaceName":"codebuddy-plugins-official","name":"agent-browser","scope":"user"}]
[9/26/2026, 5:23:15 PM.480] [Info] [PluginPolicyService]  [MergedPlugins] Loaded 1 merged plugin entries
[9/26/2026, 5:23:15 PM.480] [Info] [Startup] AgentManager.rebuildAgents: START
[9/26/2026, 5:23:15 PM.481] [Info] [Startup] AgentManager.rebuildAgents: completed in 14ms, resolving readyDeferred
[9/26/2026, 5:23:15 PM.484] [Info] [PluginManager]  Checking for built-in marketplaces to install...
[9/26/2026, 5:23:15 PM.484] [Info] [BuiltInMarketplaceProvider]  Found 2 built-in marketplace(s)
[9/26/2026, 5:23:15 PM.484] [Info] [PluginManager]  Found 2 built-in marketplace(s)
[9/26/2026, 5:23:15 PM.485] [Info] [MarketplaceStorage]  [MarketplaceStorage] getMarketplaces ensureConfigFile=0ms readAndRepair=1ms migration=0ms total=1ms count=5 path=/Users/didi/.workbuddy/plugins/known_marketplaces.json
[9/26/2026, 5:23:15 PM.485] [Info] [PluginManager]  All built-in marketplaces are already installed
[9/26/2026, 5:23:15 PM.487] [Info] [MarketplaceStorage]  [MarketplaceStorage] getMarketplaces ensureConfigFile=0ms readAndRepair=2ms migration=0ms total=2ms count=5 path=/Users/didi/.workbuddy/plugins/known_marketplaces.json
[9/26/2026, 5:23:15 PM.487] [Info] [BuiltInMarketplaceProvider]  Found 2 built-in marketplace(s)
[9/26/2026, 5:23:15 PM.490] [Info] [PluginManager]  Loaded 5 marketplaces (2 built-in) total=5ms storage=2ms builtIn=0ms autoUpdate=0ms
[9/26/2026, 5:23:17 PM.467] [Info] [TracingService]  Tracing uses @tencent/galileo-node-sdk global OpenTelemetry provider; @genie OTLP exporter is skipped.
[9/26/2026, 5:23:17 PM.467] [Info] [TracingService]  Tracing config resolved: {"productEnabled":true,"enabledByEnv":false,"endpoint":"https://copilot.tencent.com","galileoEnabled":true}
[9/26/2026, 5:23:45 PM.419] [Info] [WorkflowMemProbe] tick runId=(none) | rss=134.6MB heap=153.1/161.7MB external=53.7MB arrayBuffers=0MB
[9/26/2026, 5:24:15 PM.419] [Info] [WorkflowMemProbe] tick runId=(none) | rss=135MB heap=153.3/161.7MB external=53.7MB arrayBuffers=0MB
[9/26/2026, 5:24:45 PM.419] [Info] [WorkflowMemProbe] tick runId=(none) | rss=135.3MB heap=153.5/161.7MB external=53.7MB arrayBuffers=0MB
[9/26/2026, 5:25:15 PM.419] [Info] [WorkflowMemProbe] tick runId=(none) | rss=138.2MB heap=153.7/161.7MB external=53.7MB arrayBuffers=0MB
[9/26/2026, 5:25:45 PM.420] [Info] [WorkflowMemProbe] tick runId=(none) | rss=132.6MB heap=153.9/161.7MB external=53.7MB arrayBuffers=0MB
[9/26/2026, 5:26:15 PM.422] [Info] [WorkflowMemProbe] tick runId=(none) | rss=68.1MB heap=154.1/161.7MB external=53.7MB arrayBuffers=0MB
[9/26/2026, 5:26:45 PM.423] [Info] [WorkflowMemProbe] tick runId=(none) | rss=51.3MB heap=154.2/161.7MB external=53.8MB arrayBuffers=0MB
[9/26/2026, 5:27:15 PM.424] [Info] [WorkflowMemProbe] tick runId=(none) | rss=55MB heap=154.5/161.7MB external=53.8MB arrayBuffers=0MB
[9/26/2026, 5:27:45 PM.423] [Info] [WorkflowMemProbe] tick runId=(none) | rss=48.2MB heap=154.6/161.7MB external=53.8MB arrayBuffers=0MB
[9/26/2026, 5:27:55 PM.596] [Info] [TracingService]  [primary] Exported 1 spans, traceIds: b8dc3b4863163cbf024a89b3173aecec
[9/26/2026, 5:28:15 PM.423] [Info] [WorkflowMemProbe] tick runId=(none) | rss=49.1MB heap=158/164.8MB external=53.8MB arrayBuffers=0MB
[9/26/2026, 5:28:45 PM.434] [Info] [WorkflowMemProbe] tick runId=(none) | rss=46.1MB heap=158.3/165MB external=53.9MB arrayBuffers=0MB
[9/26/2026, 5:29:15 PM.423] [Info] [WorkflowMemProbe] tick runId=(none) | rss=64MB heap=158.5/165.3MB external=53.9MB arrayBuffers=0MB
[9/26/2026, 5:29:45 PM.423] [Info] [WorkflowMemProbe] tick runId=(none) | rss=64.7MB heap=158.7/165.5MB external=53.9MB arrayBuffers=0MB
[9/26/2026, 5:30:15 PM.424] [Info] [WorkflowMemProbe] tick runId=(none) | rss=65.1MB heap=158.9/165.8MB external=53.9MB arrayBuffers=0MB
[9/26/2026, 5:30:45 PM.424] [Info] [WorkflowMemProbe] tick runId=(none) | rss=77MB heap=153.5/159.7MB external=53.7MB arrayBuffers=0MB
[9/26/2026, 5:31:15 PM.427] [Info] [WorkflowMemProbe] tick runId=(none) | rss=77.7MB heap=153.7/159.7MB external=53.7MB arrayBuffers=0MB
[9/26/2026, 5:31:15 PM.449] [Info] [GitInfoCollector]  CODEBUDDY_GIT_REPO_SCAN_DISABLED 1
[9/26/2026, 5:31:15 PM.449] [Info] [GitInfoCollector]  Git repository scan is disabled via CODEBUDDY_GIT_REPO_SCAN_DISABLED environment variable
[9/26/2026, 5:31:15 PM.688] [Info] [CloudProductManager]  fetch cloud product success, agents(1): cli, models(53): auto,fast-model,balanced-model,deep-model,hy3,hy3-b,hy3-c,hy3-x,hy4-preview,hy4-preview-f,minimax-m2.5,glm-5v-turbo,glm-5.3,glm-5.3-flash,glm-5.2,glm-5.1,glm-5.0-turbo,glm-4.6v,kimi-k3-1,kimi-k2.8-preview,kimi-k2.7,kimi-k2.6,kimi-k2.5,kimi-k2-thinking,minimax-m3,minimax-m2.7,glm-4.6,deepseek-v4-flash,deepseek-v4.1-flash,deepseek-v4-pro,deepseek-v3-2-volc,deepseek-v3-1-volc,deepseek-v3-1-lkeap,deepseek-v3-1,deepseek-v3-0324-lkeap,deepseek-r1-0528-lkeap,kimi-k2-instruct-taiji,completion-gf,default-1.1,hunyuan-3b,hunyuan-7b-dense,codewise-completions,codewise-rewrite,codewise-nes-a4-027-aide,codewise-jump,deepseek-r1-0528,deepseek-v3-0324-taco-completion,deepseek-v3-0324,default-1.2,hunyuan-2.0-instruct,hunyuan-chat,hunyuan-image-alpha,hunyuan-image-alpha-edit
[9/26/2026, 5:31:15 PM.688] [Info] [CloudProductManager]  Fetched configuration from remote [239ms]
[9/26/2026, 5:31:15 PM.689] [Info] [PluginsProductProvider.provide] active=9, ids=[weixinpay@workbuddy-builtin,tencent-docs-plugin@workbuddy-builtin,sheetagent@workbuddy-builtin,tencent-pptx@workbuddy-builtin,tencent-docx@workbuddy-builtin,agent-browser@codebuddy-plugins-official,find-skills@codebuddy-plugins-official,agent-browser@inline,find-skills@inline]
[9/26/2026, 5:31:15 PM.689] [Info] [MCP][cacheDbg] getConnectedServers() called: nonInteractive=true waitForSettle=false cacheNow=[connector-proxy,weixinpay,sheetagent] allServers=[connector-proxy:connected,weixinpay:connected,sheetagent:connected]
[9/26/2026, 5:31:15 PM.689] [Info] [MCP][cacheDbg] getConnectedServers() returning: [connector-proxy,weixinpay,sheetagent] (size=3)
[9/26/2026, 5:31:15 PM.697] [Info] [CustomModelsProductProvider] productName=WorkBuddy, isWorkBuddy=true, userConfigPath=/Users/didi/.workbuddy/models.json
[9/26/2026, 5:31:15 PM.697] [Info] Loaded custom models config from user: /Users/didi/.workbuddy/models.json
[9/26/2026, 5:31:15 PM.698] [Info] [ModelsProductProvider] enterpriseId: undefined, endpoint: https://copilot.tencent.com
[9/26/2026, 5:31:15 PM.698] [Warning] [ModelsProductProvider] enterpriseId is missing, skipping models API call
[9/26/2026, 5:31:15 PM.698] [Info] [AgentModelResolver] product config input: 54 models, 23 agents
[9/26/2026, 5:31:15 PM.698] [Info] [AgentModelResolver] model ids: auto, fast-model, balanced-model, deep-model, hy3, hy3-b, hy3-c, hy3-x, hy4-preview, hy4-preview-f, minimax-m2.5, glm-5v-turbo, glm-5.3, glm-5.3-flash, glm-5.2, glm-5.1, glm-5.0-turbo, glm-4.6v, kimi-k3-1, kimi-k2.8-preview, kimi-k2.7, kimi-k2.6, kimi-k2.5, kimi-k2-thinking, minimax-m3, minimax-m2.7, glm-4.6, deepseek-v4-flash, deepseek-v4.1-flash, deepseek-v4-pro, deepseek-v3-2-volc, deepseek-v3-1-volc, deepseek-v3-1-lkeap, deepseek-v3-1, deepseek-v3-0324-lkeap, deepseek-r1-0528-lkeap, kimi-k2-instruct-taiji, completion-gf, default-1.1, hunyuan-3b, hunyuan-7b-dense, codewise-completions, codewise-rewrite, codewise-nes-a4-027-aide, codewise-jump, deepseek-r1-0528, deepseek-v3-0324-taco-completion, deepseek-v3-0324, default-1.2, hunyuan-2.0-instruct, hunyuan-chat, hunyuan-image-alpha, hunyuan-image-alpha-edit, custom-local:kimi-k3
[9/26/2026, 5:31:15 PM.698] [Info] [AgentModelResolver] agent "cli" original_models=["auto","hy4-preview-f","hy3","hy3-x","deepseek-v4.1-flash","glm-5.3","glm-5.3-flash","glm-5.2","glm-5.1","glm-5v-turbo","minimax-m3","kimi-k3-1","kimi-k2.8-preview","kimi-k2.7","kimi-k2.6","deepseek-v4-pro"] -> resolved_models=["auto","hy4-preview-f","hy3","hy3-x","deepseek-v4.1-flash","glm-5.3","glm-5.3-flash","glm-5.2","glm-5.1","glm-5v-turbo","minimax-m3","kimi-k3-1","kimi-k2.8-preview","kimi-k2.7","kimi-k2.6","deepseek-v4-pro"]
[9/26/2026, 5:31:15 PM.698] [Info] [AgentModelResolver] agent "general-purpose" original_models=[] -> resolved_models=[]
[9/26/2026, 5:31:15 PM.698] [Info] [AgentModelResolver] agent "compact" original_models=[] -> resolved_models=[]
[9/26/2026, 5:31:15 PM.698] [Info] [AgentModelResolver] agent "contextSummary" original_models=[] -> resolved_models=[]
[9/26/2026, 5:31:15 PM.698] [Info] [AgentModelResolver] agent "contentAnalyzer" original_models=[] -> resolved_models=[]
[9/26/2026, 5:31:15 PM.698] [Info] [AgentModelResolver] agent "terminalTitleGenerator" original_models=[] -> resolved_models=[]
[9/26/2026, 5:31:15 PM.698] [Info] [AgentModelResolver] agent "promptSuggestion" original_models=[] -> resolved_models=[]
[9/26/2026, 5:31:15 PM.698] [Info] [AgentModelResolver] agent "memorySelector" original_models=["lite"] -> resolved_models=["lite"]
[9/26/2026, 5:31:15 PM.698] [Info] [AgentModelResolver] agent "summaryGenerator" original_models=[] -> resolved_models=[]
[9/26/2026, 5:31:15 PM.698] [Info] [AgentModelResolver] agent "autoModeClassifier" original_models=[] -> resolved_models=[]
[9/26/2026, 5:31:15 PM.698] [Info] [AgentModelResolver] agent "promptHookEvaluator" original_models=["lite"] -> resolved_models=["lite"]
[9/26/2026, 5:31:15 PM.698] [Info] [AgentModelResolver] agent "insightsAnalyzer" original_models=[] -> resolved_models=[]
[9/26/2026, 5:31:15 PM.698] [Info] [AgentModelResolver] agent "agentInstructions" original_models=[] -> resolved_models=[]
[9/26/2026, 5:31:15 PM.698] [Info] [AgentModelResolver] agent "statusline-setup" original_models=[] -> resolved_models=[]
[9/26/2026, 5:31:15 PM.698] [Info] [AgentModelResolver] agent "Explore" original_models=["lite"] -> resolved_models=["lite"]
[9/26/2026, 5:31:15 PM.698] [Info] [AgentModelResolver] agent "Plan" original_models=[] -> resolved_models=[]
[9/26/2026, 5:31:15 PM.698] [Info] [AgentModelResolver] agent "pulse" original_models=[] -> resolved_models=[]
[9/26/2026, 5:31:15 PM.698] [Info] [AgentModelResolver] agent "handoff-summary" original_models=undefined -> resolved_models=[]
[9/26/2026, 5:31:15 PM.698] [Info] [AgentModelResolver] agent "enhance-prompt" original_models=[] -> resolved_models=[]
[9/26/2026, 5:31:15 PM.698] [Info] [AgentModelResolver] agent "sheet-agent" original_models=[] -> resolved_models=[]
[9/26/2026, 5:31:15 PM.698] [Info] [AgentModelResolver] agent "doc-converter" original_models=[] -> resolved_models=[]
[9/26/2026, 5:31:15 PM.698] [Info] [AgentModelResolver] agent "doc-formatter" original_models=[] -> resolved_models=[]
[9/26/2026, 5:31:15 PM.698] [Info] [AgentModelResolver] agent "doc-writer" original_models=[] -> resolved_models=[]
[9/26/2026, 5:31:15 PM.716] [Info] [PluginPolicyService]  [MergedPlugins][DEBUG] ProductManager.onDidChange fired, reloading policies...
[9/26/2026, 5:31:15 PM.716] [Info] [PluginPolicyService]  [MergedPlugins][DEBUG] Current config builtInMarketPluginsMerge: [{"autoEnable":true,"marketplaceName":"codebuddy-plugins-official","name":"agent-browser","scope":"user"}]
[9/26/2026, 5:31:15 PM.716] [Info] [PluginPolicyService]  [MergedPlugins] Loaded 1 merged plugin entries
[9/26/2026, 5:31:15 PM.716] [Info] [Startup] AgentManager.rebuildAgents: START
[9/26/2026, 5:31:15 PM.716] [Info] [Startup] AgentManager.rebuildAgents: completed in 12ms, resolving readyDeferred
[9/26/2026, 5:31:15 PM.716] [Info] [PluginManager]  Checking for built-in marketplaces to install...
[9/26/2026, 5:31:15 PM.716] [Info] [BuiltInMarketplaceProvider]  Found 2 built-in marketplace(s)
[9/26/2026, 5:31:15 PM.716] [Info] [PluginManager]  Found 2 built-in marketplace(s)
[9/26/2026, 5:31:15 PM.717] [Info] [MarketplaceStorage]  [MarketplaceStorage] getMarketplaces ensureConfigFile=0ms readAndRepair=1ms migration=0ms total=1ms count=5 path=/Users/didi/.workbuddy/plugins/known_marketplaces.json
[9/26/2026, 5:31:15 PM.717] [Info] [PluginManager]  All built-in marketplaces are already installed
[9/26/2026, 5:31:15 PM.718] [Info] [MarketplaceStorage]  [MarketplaceStorage] getMarketplaces ensureConfigFile=0ms readAndRepair=1ms migration=0ms total=1ms count=5 path=/Users/didi/.workbuddy/plugins/known_marketplaces.json
[9/26/2026, 5:31:15 PM.718] [Info] [BuiltInMarketplaceProvider]  Found 2 built-in marketplace(s)
[9/26/2026, 5:31:15 PM.719] [Info] [PluginManager]  Loaded 5 marketplaces (2 built-in) total=2ms storage=1ms builtIn=0ms autoUpdate=0ms
[9/26/2026, 5:31:17 PM.705] [Info] [TracingService]  Tracing uses @tencent/galileo-node-sdk global OpenTelemetry provider; @genie OTLP exporter is skipped.
[9/26/2026, 5:31:17 PM.705] [Info] [TracingService]  Tracing config resolved: {"productEnabled":true,"enabledByEnv":false,"endpoint":"https://copilot.tencent.com","galileoEnabled":true}
[9/26/2026, 5:31:45 PM.425] [Info] [WorkflowMemProbe] tick runId=(none) | rss=106.7MB heap=163.7/171MB external=54.9MB arrayBuffers=0MB
[9/26/2026, 5:32:15 PM.427] [Info] [WorkflowMemProbe] tick runId=(none) | rss=106.8MB heap=164/171.3MB external=54.9MB arrayBuffers=0MB
[9/26/2026, 5:32:45 PM.426] [Info] [WorkflowMemProbe] tick runId=(none) | rss=106.9MB heap=164.1/171.5MB external=54.9MB arrayBuffers=0MB
[9/26/2026, 5:32:57 PM.407] [Info] [TracingService]  [primary] Exported 1 spans, traceIds: a3bf178ff612de4c1e16f6976870d700
[9/26/2026, 5:33:15 PM.427] [Info] [WorkflowMemProbe] tick runId=(none) | rss=110.6MB heap=162.8/168.3MB external=53.8MB arrayBuffers=0MB
[9/26/2026, 5:33:45 PM.428] [Info] [WorkflowMemProbe] tick runId=(none) | rss=110.9MB heap=163.1/168.6MB external=53.9MB arrayBuffers=0MB
[9/26/2026, 5:34:15 PM.429] [Info] [WorkflowMemProbe] tick runId=(none) | rss=107.5MB heap=163.4/168.8MB external=53.9MB arrayBuffers=0MB
[9/26/2026, 5:34:45 PM.431] [Info] [WorkflowMemProbe] tick runId=(none) | rss=106.9MB heap=163.5/168.8MB external=53.9MB arrayBuffers=0MB
[9/26/2026, 5:35:15 PM.431] [Info] [WorkflowMemProbe] tick runId=(none) | rss=107MB heap=163.8/169.1MB external=53.9MB arrayBuffers=0MB
[9/26/2026, 5:35:45 PM.433] [Info] [WorkflowMemProbe] tick runId=(none) | rss=107MB heap=163.9/169.3MB external=53.9MB arrayBuffers=0MB
[9/26/2026, 5:36:15 PM.433] [Info] [WorkflowMemProbe] tick runId=(none) | rss=107.1MB heap=164.1/169.6MB external=53.9MB arrayBuffers=0MB
[9/26/2026, 5:36:45 PM.433] [Info] [WorkflowMemProbe] tick runId=(none) | rss=106.6MB heap=162.9/169.6MB external=53.8MB arrayBuffers=0MB
[9/26/2026, 5:37:15 PM.434] [Info] [WorkflowMemProbe] tick runId=(none) | rss=105.8MB heap=163.1/169.6MB external=53.8MB arrayBuffers=0MB
[9/26/2026, 5:37:45 PM.436] [Info] [WorkflowMemProbe] tick runId=(none) | rss=105.9MB heap=163.2/169.6MB external=53.8MB arrayBuffers=0MB
[9/26/2026, 5:37:59 PM.596] [Info] [TracingService]  [primary] Exported 1 spans, traceIds: 03c3e3fb664fa647c34d114d24c61103
[9/26/2026, 5:38:15 PM.436] [Info] [WorkflowMemProbe] tick runId=(none) | rss=84.5MB heap=165/169.7MB external=53.8MB arrayBuffers=0MB
[9/26/2026, 5:38:45 PM.440] [Info] [WorkflowMemProbe] tick runId=(none) | rss=79.6MB heap=165.3/169.7MB external=53.9MB arrayBuffers=0MB
[9/26/2026, 5:39:15 PM.440] [Info] [WorkflowMemProbe] tick runId=(none) | rss=81.1MB heap=164/169MB external=53.8MB arrayBuffers=0MB
[9/26/2026, 5:39:15 PM.457] [Info] [PluginsProductProvider.provide] active=9, ids=[weixinpay@workbuddy-builtin,tencent-docs-plugin@workbuddy-builtin,sheetagent@workbuddy-builtin,tencent-pptx@workbuddy-builtin,tencent-docx@workbuddy-builtin,agent-browser@codebuddy-plugins-official,find-skills@codebuddy-plugins-official,agent-browser@inline,find-skills@inline]
[9/26/2026, 5:39:15 PM.458] [Info] [MCP][cacheDbg] getConnectedServers() called: nonInteractive=true waitForSettle=false cacheNow=[connector-proxy,weixinpay,sheetagent] allServers=[connector-proxy:connected,weixinpay:connected,sheetagent:connected]
[9/26/2026, 5:39:15 PM.458] [Info] [MCP][cacheDbg] getConnectedServers() returning: [connector-proxy,weixinpay,sheetagent] (size=3)
[9/26/2026, 5:39:15 PM.474] [Info] [CustomModelsProductProvider] productName=WorkBuddy, isWorkBuddy=true, userConfigPath=/Users/didi/.workbuddy/models.json
[9/26/2026, 5:39:15 PM.474] [Info] Loaded custom models config from user: /Users/didi/.workbuddy/models.json
[9/26/2026, 5:39:15 PM.474] [Info] [ModelsProductProvider] enterpriseId: undefined, endpoint: https://copilot.tencent.com
[9/26/2026, 5:39:15 PM.474] [Warning] [ModelsProductProvider] enterpriseId is missing, skipping models API call
[9/26/2026, 5:39:15 PM.474] [Info] [AgentModelResolver] product config input: 54 models, 23 agents
[9/26/2026, 5:39:15 PM.474] [Info] [AgentModelResolver] model ids: auto, fast-model, balanced-model, deep-model, hy3, hy3-b, hy3-c, hy3-x, hy4-preview, hy4-preview-f, minimax-m2.5, glm-5v-turbo, glm-5.3, glm-5.3-flash, glm-5.2, glm-5.1, glm-5.0-turbo, glm-4.6v, kimi-k3-1, kimi-k2.8-preview, kimi-k2.7, kimi-k2.6, kimi-k2.5, kimi-k2-thinking, minimax-m3, minimax-m2.7, glm-4.6, deepseek-v4-flash, deepseek-v4.1-flash, deepseek-v4-pro, deepseek-v3-2-volc, deepseek-v3-1-volc, deepseek-v3-1-lkeap, deepseek-v3-1, deepseek-v3-0324-lkeap, deepseek-r1-0528-lkeap, kimi-k2-instruct-taiji, completion-gf, default-1.1, hunyuan-3b, hunyuan-7b-dense, codewise-completions, codewise-rewrite, codewise-nes-a4-027-aide, codewise-jump, deepseek-r1-0528, deepseek-v3-0324-taco-completion, deepseek-v3-0324, default-1.2, hunyuan-2.0-instruct, hunyuan-chat, hunyuan-image-alpha, hunyuan-image-alpha-edit, custom-local:kimi-k3
[9/26/2026, 5:39:15 PM.474] [Info] [AgentModelResolver] agent "cli" original_models=["auto","hy4-preview-f","hy3","hy3-x","deepseek-v4.1-flash","glm-5.3","glm-5.3-flash","glm-5.2","glm-5.1","glm-5v-turbo","minimax-m3","kimi-k3-1","kimi-k2.8-preview","kimi-k2.7","kimi-k2.6","deepseek-v4-pro"] -> resolved_models=["auto","hy4-preview-f","hy3","hy3-x","deepseek-v4.1-flash","glm-5.3","glm-5.3-flash","glm-5.2","glm-5.1","glm-5v-turbo","minimax-m3","kimi-k3-1","kimi-k2.8-preview","kimi-k2.7","kimi-k2.6","deepseek-v4-pro"]
[9/26/2026, 5:39:15 PM.474] [Info] [AgentModelResolver] agent "general-purpose" original_models=[] -> resolved_models=[]
[9/26/2026, 5:39:15 PM.474] [Info] [AgentModelResolver] agent "compact" original_models=[] -> resolved_models=[]
[9/26/2026, 5:39:15 PM.474] [Info] [AgentModelResolver] agent "contextSummary" original_models=[] -> resolved_models=[]
[9/26/2026, 5:39:15 PM.474] [Info] [AgentModelResolver] agent "contentAnalyzer" original_models=[] -> resolved_models=[]
[9/26/2026, 5:39:15 PM.474] [Info] [AgentModelResolver] agent "terminalTitleGenerator" original_models=[] -> resolved_models=[]
[9/26/2026, 5:39:15 PM.474] [Info] [AgentModelResolver] agent "promptSuggestion" original_models=[] -> resolved_models=[]
[9/26/2026, 5:39:15 PM.474] [Info] [AgentModelResolver] agent "memorySelector" original_models=["lite"] -> resolved_models=["lite"]
[9/26/2026, 5:39:15 PM.474] [Info] [AgentModelResolver] agent "summaryGenerator" original_models=[] -> resolved_models=[]
[9/26/2026, 5:39:15 PM.474] [Info] [AgentModelResolver] agent "autoModeClassifier" original_models=[] -> resolved_models=[]
[9/26/2026, 5:39:15 PM.474] [Info] [AgentModelResolver] agent "promptHookEvaluator" original_models=["lite"] -> resolved_models=["lite"]
[9/26/2026, 5:39:15 PM.474] [Info] [AgentModelResolver] agent "insightsAnalyzer" original_models=[] -> resolved_models=[]
[9/26/2026, 5:39:15 PM.474] [Info] [AgentModelResolver] agent "agentInstructions" original_models=[] -> resolved_models=[]
[9/26/2026, 5:39:15 PM.475] [Info] [AgentModelResolver] agent "statusline-setup" original_models=[] -> resolved_models=[]
[9/26/2026, 5:39:15 PM.475] [Info] [AgentModelResolver] agent "Explore" original_models=["lite"] -> resolved_models=["lite"]
[9/26/2026, 5:39:15 PM.475] [Info] [AgentModelResolver] agent "Plan" original_models=[] -> resolved_models=[]
[9/26/2026, 5:39:15 PM.475] [Info] [AgentModelResolver] agent "pulse" original_models=[] -> resolved_models=[]
[9/26/2026, 5:39:15 PM.475] [Info] [AgentModelResolver] agent "handoff-summary" original_models=undefined -> resolved_models=[]
[9/26/2026, 5:39:15 PM.475] [Info] [AgentModelResolver] agent "enhance-prompt" original_models=[] -> resolved_models=[]
[9/26/2026, 5:39:15 PM.475] [Info] [AgentModelResolver] agent "sheet-agent" original_models=[] -> resolved_models=[]
[9/26/2026, 5:39:15 PM.475] [Info] [AgentModelResolver] agent "doc-converter" original_models=[] -> resolved_models=[]
[9/26/2026, 5:39:15 PM.475] [Info] [AgentModelResolver] agent "doc-formatter" original_models=[] -> resolved_models=[]
[9/26/2026, 5:39:15 PM.475] [Info] [AgentModelResolver] agent "doc-writer" original_models=[] -> resolved_models=[]
[9/26/2026, 5:39:15 PM.501] [Info] [PluginPolicyService]  [MergedPlugins][DEBUG] ProductManager.onDidChange fired, reloading policies...
[9/26/2026, 5:39:15 PM.501] [Info] [PluginPolicyService]  [MergedPlugins][DEBUG] Current config builtInMarketPluginsMerge: [{"autoEnable":true,"marketplaceName":"codebuddy-plugins-official","name":"agent-browser","scope":"user"}]
[9/26/2026, 5:39:15 PM.501] [Info] [PluginPolicyService]  [MergedPlugins] Loaded 1 merged plugin entries
[9/26/2026, 5:39:15 PM.501] [Info] [Startup] AgentManager.rebuildAgents: START
[9/26/2026, 5:39:15 PM.502] [Info] [Startup] AgentManager.rebuildAgents: completed in 18ms, resolving readyDeferred
[9/26/2026, 5:39:15 PM.502] [Info] [PluginManager]  Checking for built-in marketplaces to install...
[9/26/2026, 5:39:15 PM.502] [Info] [BuiltInMarketplaceProvider]  Found 2 built-in marketplace(s)
[9/26/2026, 5:39:15 PM.502] [Info] [PluginManager]  Found 2 built-in marketplace(s)
[9/26/2026, 5:39:15 PM.504] [Info] [MarketplaceStorage]  [MarketplaceStorage] getMarketplaces ensureConfigFile=0ms readAndRepair=2ms migration=0ms total=2ms count=5 path=/Users/didi/.workbuddy/plugins/known_marketplaces.json
[9/26/2026, 5:39:15 PM.504] [Info] [PluginManager]  All built-in marketplaces are already installed
[9/26/2026, 5:39:15 PM.507] [Info] [MarketplaceStorage]  [MarketplaceStorage] getMarketplaces ensureConfigFile=0ms readAndRepair=2ms migration=0ms total=2ms count=5 path=/Users/didi/.workbuddy/plugins/known_marketplaces.json
[9/26/2026, 5:39:15 PM.507] [Info] [BuiltInMarketplaceProvider]  Found 2 built-in marketplace(s)
[9/26/2026, 5:39:15 PM.527] [Info] [PluginManager]  Loaded 5 marketplaces (2 built-in) total=23ms storage=2ms builtIn=0ms autoUpdate=1ms
[9/26/2026, 5:39:17 PM.486] [Info] [TracingService]  Tracing uses @tencent/galileo-node-sdk global OpenTelemetry provider; @genie OTLP exporter is skipped.
[9/26/2026, 5:39:17 PM.486] [Info] [TracingService]  Tracing config resolved: {"productEnabled":true,"enabledByEnv":false,"endpoint":"https://copilot.tencent.com","galileoEnabled":true}
[9/26/2026, 5:39:45 PM.440] [Info] [WorkflowMemProbe] tick runId=(none) | rss=122.1MB heap=155.9/164MB external=54.4MB arrayBuffers=0MB
[9/26/2026, 5:40:15 PM.441] [Info] [WorkflowMemProbe] tick runId=(none) | rss=121.6MB heap=156.1/164MB external=54.5MB arrayBuffers=0MB
[9/26/2026, 5:40:45 PM.441] [Info] [WorkflowMemProbe] tick runId=(none) | rss=121.9MB heap=156.3/164MB external=54.5MB arrayBuffers=0MB
[9/26/2026, 5:41:15 PM.441] [Info] [WorkflowMemProbe] tick runId=(none) | rss=122.2MB heap=156.5/164MB external=54.5MB arrayBuffers=0MB
[9/26/2026, 5:41:45 PM.440] [Info] [WorkflowMemProbe] tick runId=(none) | rss=122.3MB heap=156.7/164MB external=54.5MB arrayBuffers=0MB
[9/26/2026, 5:42:15 PM.440] [Info] [WorkflowMemProbe] tick runId=(none) | rss=122.4MB heap=156.8/164MB external=54.5MB arrayBuffers=0MB
[9/26/2026, 5:42:45 PM.441] [Info] [WorkflowMemProbe] tick runId=(none) | rss=122.6MB heap=157/164MB external=54.5MB arrayBuffers=0MB
[9/26/2026, 5:43:01 PM.573] [Info] [TracingService]  [primary] Exported 1 spans, traceIds: 39fd6d023e479d25d1aae9ac3c0e81a7
[9/26/2026, 5:43:15 PM.442] [Info] [WorkflowMemProbe] tick runId=(none) | rss=132.1MB heap=160.3/167.3MB external=54.5MB arrayBuffers=0MB
[9/26/2026, 5:43:45 PM.441] [Info] [WorkflowMemProbe] tick runId=(none) | rss=133.4MB heap=160.7/167.8MB external=54.6MB arrayBuffers=0MB
[9/26/2026, 5:44:15 PM.442] [Info] [WorkflowMemProbe] tick runId=(none) | rss=133.6MB heap=160.9/167.8MB external=54.6MB arrayBuffers=0MB
[9/26/2026, 5:44:45 PM.499] [Info] [WorkflowMemProbe] tick runId=(none) | rss=85.3MB heap=161.1/168.1MB external=54.6MB arrayBuffers=0MB
[9/26/2026, 5:45:15 PM.501] [Info] [WorkflowMemProbe] tick runId=(none) | rss=85.1MB heap=161.3/168.3MB external=54.6MB arrayBuffers=0MB
[9/26/2026, 5:45:45 PM.504] [Info] [WorkflowMemProbe] tick runId=(none) | rss=53.7MB heap=161.5/168.3MB external=54.6MB arrayBuffers=0MB
[9/26/2026, 5:46:15 PM.504] [Info] [WorkflowMemProbe] tick runId=(none) | rss=63.7MB heap=161.6/168.6MB external=54.7MB arrayBuffers=0MB
[9/26/2026, 5:46:45 PM.503] [Info] [WorkflowMemProbe] tick runId=(none) | rss=75.8MB heap=156.3/161.8MB external=54.5MB arrayBuffers=0MB
[9/26/2026, 5:47:15 PM.503] [Info] [WorkflowMemProbe] tick runId=(none) | rss=75.4MB heap=156.4/161.8MB external=54.5MB arrayBuffers=0MB
[9/26/2026, 5:47:15 PM.520] [Info] [GitInfoCollector]  CODEBUDDY_GIT_REPO_SCAN_DISABLED 1
[9/26/2026, 5:47:15 PM.520] [Info] [GitInfoCollector]  Git repository scan is disabled via CODEBUDDY_GIT_REPO_SCAN_DISABLED environment variable
[9/26/2026, 5:47:15 PM.691] [Info] [CloudProductManager]  fetch cloud product success, agents(1): cli, models(53): auto,fast-model,balanced-model,deep-model,hy3,hy3-b,hy3-c,hy3-x,hy4-preview,hy4-preview-f,minimax-m2.5,glm-5v-turbo,glm-5.3,glm-5.3-flash,glm-5.2,glm-5.1,glm-5.0-turbo,glm-4.6v,kimi-k3-1,kimi-k2.8-preview,kimi-k2.7,kimi-k2.6,kimi-k2.5,kimi-k2-thinking,minimax-m3,minimax-m2.7,glm-4.6,deepseek-v4-flash,deepseek-v4.1-flash,deepseek-v4-pro,deepseek-v3-2-volc,deepseek-v3-1-volc,deepseek-v3-1-lkeap,deepseek-v3-1,deepseek-v3-0324-lkeap,deepseek-r1-0528-lkeap,kimi-k2-instruct-taiji,completion-gf,default-1.1,hunyuan-3b,hunyuan-7b-dense,codewise-completions,codewise-rewrite,codewise-nes-a4-027-aide,codewise-jump,deepseek-r1-0528,deepseek-v3-0324-taco-completion,deepseek-v3-0324,default-1.2,hunyuan-2.0-instruct,hunyuan-chat,hunyuan-image-alpha,hunyuan-image-alpha-edit
[9/26/2026, 5:47:15 PM.691] [Info] [CloudProductManager]  Fetched configuration from remote [171ms]
[9/26/2026, 5:47:15 PM.692] [Info] [PluginsProductProvider.provide] active=9, ids=[weixinpay@workbuddy-builtin,tencent-docs-plugin@workbuddy-builtin,sheetagent@workbuddy-builtin,tencent-pptx@workbuddy-builtin,tencent-docx@workbuddy-builtin,agent-browser@codebuddy-plugins-official,find-skills@codebuddy-plugins-official,agent-browser@inline,find-skills@inline]
[9/26/2026, 5:47:15 PM.693] [Info] [MCP][cacheDbg] getConnectedServers() called: nonInteractive=true waitForSettle=false cacheNow=[connector-proxy,weixinpay,sheetagent] allServers=[connector-proxy:connected,weixinpay:connected,sheetagent:connected]
[9/26/2026, 5:47:15 PM.693] [Info] [MCP][cacheDbg] getConnectedServers() returning: [connector-proxy,weixinpay,sheetagent] (size=3)
[9/26/2026, 5:47:15 PM.701] [Info] [CustomModelsProductProvider] productName=WorkBuddy, isWorkBuddy=true, userConfigPath=/Users/didi/.workbuddy/models.json
[9/26/2026, 5:47:15 PM.701] [Info] Loaded custom models config from user: /Users/didi/.workbuddy/models.json
[9/26/2026, 5:47:15 PM.702] [Info] [ModelsProductProvider] enterpriseId: undefined, endpoint: https://copilot.tencent.com
[9/26/2026, 5:47:15 PM.702] [Warning] [ModelsProductProvider] enterpriseId is missing, skipping models API call
[9/26/2026, 5:47:15 PM.702] [Info] [AgentModelResolver] product config input: 54 models, 23 agents
[9/26/2026, 5:47:15 PM.702] [Info] [AgentModelResolver] model ids: auto, fast-model, balanced-model, deep-model, hy3, hy3-b, hy3-c, hy3-x, hy4-preview, hy4-preview-f, minimax-m2.5, glm-5v-turbo, glm-5.3, glm-5.3-flash, glm-5.2, glm-5.1, glm-5.0-turbo, glm-4.6v, kimi-k3-1, kimi-k2.8-preview, kimi-k2.7, kimi-k2.6, kimi-k2.5, kimi-k2-thinking, minimax-m3, minimax-m2.7, glm-4.6, deepseek-v4-flash, deepseek-v4.1-flash, deepseek-v4-pro, deepseek-v3-2-volc, deepseek-v3-1-volc, deepseek-v3-1-lkeap, deepseek-v3-1, deepseek-v3-0324-lkeap, deepseek-r1-0528-lkeap, kimi-k2-instruct-taiji, completion-gf, default-1.1, hunyuan-3b, hunyuan-7b-dense, codewise-completions, codewise-rewrite, codewise-nes-a4-027-aide, codewise-jump, deepseek-r1-0528, deepseek-v3-0324-taco-completion, deepseek-v3-0324, default-1.2, hunyuan-2.0-instruct, hunyuan-chat, hunyuan-image-alpha, hunyuan-image-alpha-edit, custom-local:kimi-k3
[9/26/2026, 5:47:15 PM.702] [Info] [AgentModelResolver] agent "cli" original_models=["auto","hy4-preview-f","hy3","hy3-x","deepseek-v4.1-flash","glm-5.3","glm-5.3-flash","glm-5.2","glm-5.1","glm-5v-turbo","minimax-m3","kimi-k3-1","kimi-k2.8-preview","kimi-k2.7","kimi-k2.6","deepseek-v4-pro"] -> resolved_models=["auto","hy4-preview-f","hy3","hy3-x","deepseek-v4.1-flash","glm-5.3","glm-5.3-flash","glm-5.2","glm-5.1","glm-5v-turbo","minimax-m3","kimi-k3-1","kimi-k2.8-preview","kimi-k2.7","kimi-k2.6","deepseek-v4-pro"]
[9/26/2026, 5:47:15 PM.702] [Info] [AgentModelResolver] agent "general-purpose" original_models=[] -> resolved_models=[]
[9/26/2026, 5:47:15 PM.702] [Info] [AgentModelResolver] agent "compact" original_models=[] -> resolved_models=[]
[9/26/2026, 5:47:15 PM.702] [Info] [AgentModelResolver] agent "contextSummary" original_models=[] -> resolved_models=[]
[9/26/2026, 5:47:15 PM.702] [Info] [AgentModelResolver] agent "contentAnalyzer" original_models=[] -> resolved_models=[]
[9/26/2026, 5:47:15 PM.702] [Info] [AgentModelResolver] agent "terminalTitleGenerator" original_models=[] -> resolved_models=[]
[9/26/2026, 5:47:15 PM.702] [Info] [AgentModelResolver] agent "promptSuggestion" original_models=[] -> resolved_models=[]
[9/26/2026, 5:47:15 PM.702] [Info] [AgentModelResolver] agent "memorySelector" original_models=["lite"] -> resolved_models=["lite"]
[9/26/2026, 5:47:15 PM.702] [Info] [AgentModelResolver] agent "summaryGenerator" original_models=[] -> resolved_models=[]
[9/26/2026, 5:47:15 PM.702] [Info] [AgentModelResolver] agent "autoModeClassifier" original_models=[] -> resolved_models=[]
[9/26/2026, 5:47:15 PM.702] [Info] [AgentModelResolver] agent "promptHookEvaluator" original_models=["lite"] -> resolved_models=["lite"]
[9/26/2026, 5:47:15 PM.702] [Info] [AgentModelResolver] agent "insightsAnalyzer" original_models=[] -> resolved_models=[]
[9/26/2026, 5:47:15 PM.702] [Info] [AgentModelResolver] agent "agentInstructions" original_models=[] -> resolved_models=[]
[9/26/2026, 5:47:15 PM.702] [Info] [AgentModelResolver] agent "statusline-setup" original_models=[] -> resolved_models=[]
[9/26/2026, 5:47:15 PM.702] [Info] [AgentModelResolver] agent "Explore" original_models=["lite"] -> resolved_models=["lite"]
[9/26/2026, 5:47:15 PM.702] [Info] [AgentModelResolver] agent "Plan" original_models=[] -> resolved_models=[]
[9/26/2026, 5:47:15 PM.702] [Info] [AgentModelResolver] agent "pulse" original_models=[] -> resolved_models=[]
[9/26/2026, 5:47:15 PM.702] [Info] [AgentModelResolver] agent "handoff-summary" original_models=undefined -> resolved_models=[]
[9/26/2026, 5:47:15 PM.702] [Info] [AgentModelResolver] agent "enhance-prompt" original_models=[] -> resolved_models=[]
[9/26/2026, 5:47:15 PM.702] [Info] [AgentModelResolver] agent "sheet-agent" original_models=[] -> resolved_models=[]
[9/26/2026, 5:47:15 PM.702] [Info] [AgentModelResolver] agent "doc-converter" original_models=[] -> resolved_models=[]
[9/26/2026, 5:47:15 PM.702] [Info] [AgentModelResolver] agent "doc-formatter" original_models=[] -> resolved_models=[]
[9/26/2026, 5:47:15 PM.702] [Info] [AgentModelResolver] agent "doc-writer" original_models=[] -> resolved_models=[]
[9/26/2026, 5:47:15 PM.722] [Info] [PluginPolicyService]  [MergedPlugins][DEBUG] ProductManager.onDidChange fired, reloading policies...
[9/26/2026, 5:47:15 PM.722] [Info] [PluginPolicyService]  [MergedPlugins][DEBUG] Current config builtInMarketPluginsMerge: [{"autoEnable":true,"marketplaceName":"codebuddy-plugins-official","name":"agent-browser","scope":"user"}]
[9/26/2026, 5:47:15 PM.722] [Info] [PluginPolicyService]  [MergedPlugins] Loaded 1 merged plugin entries
[9/26/2026, 5:47:15 PM.722] [Info] [Startup] AgentManager.rebuildAgents: START
[9/26/2026, 5:47:15 PM.722] [Info] [Startup] AgentManager.rebuildAgents: completed in 14ms, resolving readyDeferred
[9/26/2026, 5:47:15 PM.722] [Info] [PluginManager]  Checking for built-in marketplaces to install...
[9/26/2026, 5:47:15 PM.722] [Info] [BuiltInMarketplaceProvider]  Found 2 built-in marketplace(s)
[9/26/2026, 5:47:15 PM.722] [Info] [PluginManager]  Found 2 built-in marketplace(s)
[9/26/2026, 5:47:15 PM.723] [Info] [MarketplaceStorage]  [MarketplaceStorage] getMarketplaces ensureConfigFile=0ms readAndRepair=1ms migration=0ms total=1ms count=5 path=/Users/didi/.workbuddy/plugins/known_marketplaces.json
[9/26/2026, 5:47:15 PM.723] [Info] [PluginManager]  All built-in marketplaces are already installed
[9/26/2026, 5:47:15 PM.724] [Info] [MarketplaceStorage]  [MarketplaceStorage] getMarketplaces ensureConfigFile=0ms readAndRepair=1ms migration=0ms total=1ms count=5 path=/Users/didi/.workbuddy/plugins/known_marketplaces.json
[9/26/2026, 5:47:15 PM.724] [Info] [BuiltInMarketplaceProvider]  Found 2 built-in marketplace(s)
[9/26/2026, 5:47:15 PM.728] [Info] [PluginManager]  Loaded 5 marketplaces (2 built-in) total=5ms storage=1ms builtIn=0ms autoUpdate=0ms
[9/26/2026, 5:47:17 PM.709] [Info] [TracingService]  Tracing uses @tencent/galileo-node-sdk global OpenTelemetry provider; @genie OTLP exporter is skipped.
[9/26/2026, 5:47:17 PM.709] [Info] [TracingService]  Tracing config resolved: {"productEnabled":true,"enabledByEnv":false,"endpoint":"https://copilot.tencent.com","galileoEnabled":true}
[9/26/2026, 5:47:45 PM.503] [Info] [WorkflowMemProbe] tick runId=(none) | rss=105.3MB heap=166.5/173.1MB external=55.7MB arrayBuffers=0MB
[9/26/2026, 5:48:03 PM.595] [Info] [TracingService]  [primary] Exported 1 spans, traceIds: 74d18109de9dc082eda55e8fbb65cb10
[9/26/2026, 5:48:15 PM.503] [Info] [WorkflowMemProbe] tick runId=(none) | rss=108.1MB heap=165.4/170.4MB external=54.6MB arrayBuffers=0MB
[9/26/2026, 5:48:45 PM.503] [Info] [WorkflowMemProbe] tick runId=(none) | rss=108.5MB heap=165.8/170.7MB external=54.6MB arrayBuffers=0MB
[9/26/2026, 5:49:15 PM.504] [Info] [WorkflowMemProbe] tick runId=(none) | rss=108.6MB heap=166/170.9MB external=54.6MB arrayBuffers=0MB
[9/26/2026, 5:49:45 PM.504] [Info] [WorkflowMemProbe] tick runId=(none) | rss=108.6MB heap=166.2/170.9MB external=54.6MB arrayBuffers=0MB
[9/26/2026, 5:50:15 PM.509] [Info] [WorkflowMemProbe] tick runId=(none) | rss=53.8MB heap=166.3/171.2MB external=54.7MB arrayBuffers=0MB
[9/26/2026, 5:50:45 PM.506] [Info] [WorkflowMemProbe] tick runId=(none) | rss=66.7MB heap=166.5/171.4MB external=54.7MB arrayBuffers=0MB
[9/26/2026, 5:51:15 PM.506] [Info] [WorkflowMemProbe] tick runId=(none) | rss=66.2MB heap=166.7/171.7MB external=54.7MB arrayBuffers=0MB
[9/26/2026, 5:51:45 PM.505] [Info] [WorkflowMemProbe] tick runId=(none) | rss=73.1MB heap=165.5/171.7MB external=54.6MB arrayBuffers=0MB
[9/26/2026, 5:52:15 PM.507] [Info] [WorkflowMemProbe] tick runId=(none) | rss=73.3MB heap=165.7/171.7MB external=54.6MB arrayBuffers=0MB
[9/26/2026, 5:52:45 PM.507] [Info] [WorkflowMemProbe] tick runId=(none) | rss=73.9MB heap=165.9/171.7MB external=54.6MB arrayBuffers=0MB
[9/26/2026, 5:53:05 PM.543] [Info] [TracingService]  [primary] Exported 1 spans, traceIds: cab9a1deef06b5cab13bfb29da788308
[9/26/2026, 5:53:15 PM.509] [Info] [WorkflowMemProbe] tick runId=(none) | rss=86.5MB heap=167.5/171.8MB external=54.6MB arrayBuffers=0MB
[9/26/2026, 5:53:45 PM.509] [Info] [WorkflowMemProbe] tick runId=(none) | rss=87MB heap=167.9/171.8MB external=54.7MB arrayBuffers=0MB
[9/26/2026, 5:54:15 PM.509] [Info] [WorkflowMemProbe] tick runId=(none) | rss=86.5MB heap=166.6/171.1MB external=54.6MB arrayBuffers=0MB
[9/26/2026, 5:54:45 PM.510] [Info] [WorkflowMemProbe] tick runId=(none) | rss=86.6MB heap=166.8/171.3MB external=54.6MB arrayBuffers=0MB
[9/26/2026, 5:55:15 PM.512] [Info] [WorkflowMemProbe] tick runId=(none) | rss=86.6MB heap=166.9/171.6MB external=54.6MB arrayBuffers=0MB
[9/26/2026, 5:55:15 PM.535] [Info] [PluginsProductProvider.provide] active=9, ids=[weixinpay@workbuddy-builtin,tencent-docs-plugin@workbuddy-builtin,sheetagent@workbuddy-builtin,tencent-pptx@workbuddy-builtin,tencent-docx@workbuddy-builtin,agent-browser@codebuddy-plugins-official,find-skills@codebuddy-plugins-official,agent-browser@inline,find-skills@inline]
[9/26/2026, 5:55:15 PM.536] [Info] [MCP][cacheDbg] getConnectedServers() called: nonInteractive=true waitForSettle=false cacheNow=[connector-proxy,weixinpay,sheetagent] allServers=[connector-proxy:connected,weixinpay:connected,sheetagent:connected]
[9/26/2026, 5:55:15 PM.536] [Info] [MCP][cacheDbg] getConnectedServers() returning: [connector-proxy,weixinpay,sheetagent] (size=3)
[9/26/2026, 5:55:15 PM.549] [Info] [CustomModelsProductProvider] productName=WorkBuddy, isWorkBuddy=true, userConfigPath=/Users/didi/.workbuddy/models.json
[9/26/2026, 5:55:15 PM.549] [Info] Loaded custom models config from user: /Users/didi/.workbuddy/models.json
[9/26/2026, 5:55:15 PM.549] [Info] [ModelsProductProvider] enterpriseId: undefined, endpoint: https://copilot.tencent.com
[9/26/2026, 5:55:15 PM.549] [Warning] [ModelsProductProvider] enterpriseId is missing, skipping models API call
[9/26/2026, 5:55:15 PM.550] [Info] [AgentModelResolver] product config input: 54 models, 23 agents
[9/26/2026, 5:55:15 PM.550] [Info] [AgentModelResolver] model ids: auto, fast-model, balanced-model, deep-model, hy3, hy3-b, hy3-c, hy3-x, hy4-preview, hy4-preview-f, minimax-m2.5, glm-5v-turbo, glm-5.3, glm-5.3-flash, glm-5.2, glm-5.1, glm-5.0-turbo, glm-4.6v, kimi-k3-1, kimi-k2.8-preview, kimi-k2.7, kimi-k2.6, kimi-k2.5, kimi-k2-thinking, minimax-m3, minimax-m2.7, glm-4.6, deepseek-v4-flash, deepseek-v4.1-flash, deepseek-v4-pro, deepseek-v3-2-volc, deepseek-v3-1-volc, deepseek-v3-1-lkeap, deepseek-v3-1, deepseek-v3-0324-lkeap, deepseek-r1-0528-lkeap, kimi-k2-instruct-taiji, completion-gf, default-1.1, hunyuan-3b, hunyuan-7b-dense, codewise-completions, codewise-rewrite, codewise-nes-a4-027-aide, codewise-jump, deepseek-r1-0528, deepseek-v3-0324-taco-completion, deepseek-v3-0324, default-1.2, hunyuan-2.0-instruct, hunyuan-chat, hunyuan-image-alpha, hunyuan-image-alpha-edit, custom-local:kimi-k3
[9/26/2026, 5:55:15 PM.550] [Info] [AgentModelResolver] agent "cli" original_models=["auto","hy4-preview-f","hy3","hy3-x","deepseek-v4.1-flash","glm-5.3","glm-5.3-flash","glm-5.2","glm-5.1","glm-5v-turbo","minimax-m3","kimi-k3-1","kimi-k2.8-preview","kimi-k2.7","kimi-k2.6","deepseek-v4-pro"] -> resolved_models=["auto","hy4-preview-f","hy3","hy3-x","deepseek-v4.1-flash","glm-5.3","glm-5.3-flash","glm-5.2","glm-5.1","glm-5v-turbo","minimax-m3","kimi-k3-1","kimi-k2.8-preview","kimi-k2.7","kimi-k2.6","deepseek-v4-pro"]
[9/26/2026, 5:55:15 PM.550] [Info] [AgentModelResolver] agent "general-purpose" original_models=[] -> resolved_models=[]
[9/26/2026, 5:55:15 PM.550] [Info] [AgentModelResolver] agent "compact" original_models=[] -> resolved_models=[]
[9/26/2026, 5:55:15 PM.550] [Info] [AgentModelResolver] agent "contextSummary" original_models=[] -> resolved_models=[]
[9/26/2026, 5:55:15 PM.550] [Info] [AgentModelResolver] agent "contentAnalyzer" original_models=[] -> resolved_models=[]
[9/26/2026, 5:55:15 PM.550] [Info] [AgentModelResolver] agent "terminalTitleGenerator" original_models=[] -> resolved_models=[]
[9/26/2026, 5:55:15 PM.550] [Info] [AgentModelResolver] agent "promptSuggestion" original_models=[] -> resolved_models=[]
[9/26/2026, 5:55:15 PM.550] [Info] [AgentModelResolver] agent "memorySelector" original_models=["lite"] -> resolved_models=["lite"]
[9/26/2026, 5:55:15 PM.550] [Info] [AgentModelResolver] agent "summaryGenerator" original_models=[] -> resolved_models=[]
[9/26/2026, 5:55:15 PM.550] [Info] [AgentModelResolver] agent "autoModeClassifier" original_models=[] -> resolved_models=[]
[9/26/2026, 5:55:15 PM.550] [Info] [AgentModelResolver] agent "promptHookEvaluator" original_models=["lite"] -> resolved_models=["lite"]
[9/26/2026, 5:55:15 PM.550] [Info] [AgentModelResolver] agent "insightsAnalyzer" original_models=[] -> resolved_models=[]
[9/26/2026, 5:55:15 PM.550] [Info] [AgentModelResolver] agent "agentInstructions" original_models=[] -> resolved_models=[]
[9/26/2026, 5:55:15 PM.550] [Info] [AgentModelResolver] agent "statusline-setup" original_models=[] -> resolved_models=[]
[9/26/2026, 5:55:15 PM.550] [Info] [AgentModelResolver] agent "Explore" original_models=["lite"] -> resolved_models=["lite"]
[9/26/2026, 5:55:15 PM.550] [Info] [AgentModelResolver] agent "Plan" original_models=[] -> resolved_models=[]
[9/26/2026, 5:55:15 PM.550] [Info] [AgentModelResolver] agent "pulse" original_models=[] -> resolved_models=[]
[9/26/2026, 5:55:15 PM.550] [Info] [AgentModelResolver] agent "handoff-summary" original_models=undefined -> resolved_models=[]
[9/26/2026, 5:55:15 PM.550] [Info] [AgentModelResolver] agent "enhance-prompt" original_models=[] -> resolved_models=[]
[9/26/2026, 5:55:15 PM.550] [Info] [AgentModelResolver] agent "sheet-agent" original_models=[] -> resolved_models=[]
[9/26/2026, 5:55:15 PM.550] [Info] [AgentModelResolver] agent "doc-converter" original_models=[] -> resolved_models=[]
[9/26/2026, 5:55:15 PM.550] [Info] [AgentModelResolver] agent "doc-formatter" original_models=[] -> resolved_models=[]
[9/26/2026, 5:55:15 PM.550] [Info] [AgentModelResolver] agent "doc-writer" original_models=[] -> resolved_models=[]
[9/26/2026, 5:55:15 PM.583] [Info] [PluginPolicyService]  [MergedPlugins][DEBUG] ProductManager.onDidChange fired, reloading policies...
[9/26/2026, 5:55:15 PM.583] [Info] [PluginPolicyService]  [MergedPlugins][DEBUG] Current config builtInMarketPluginsMerge: [{"autoEnable":true,"marketplaceName":"codebuddy-plugins-official","name":"agent-browser","scope":"user"}]
[9/26/2026, 5:55:15 PM.583] [Info] [PluginPolicyService]  [MergedPlugins] Loaded 1 merged plugin entries
[9/26/2026, 5:55:15 PM.583] [Info] [Startup] AgentManager.rebuildAgents: START
[9/26/2026, 5:55:15 PM.583] [Info] [Startup] AgentManager.rebuildAgents: completed in 14ms, resolving readyDeferred
[9/26/2026, 5:55:15 PM.593] [Info] [PluginManager]  Checking for built-in marketplaces to install...
[9/26/2026, 5:55:15 PM.593] [Info] [BuiltInMarketplaceProvider]  Found 2 built-in marketplace(s)
[9/26/2026, 5:55:15 PM.593] [Info] [PluginManager]  Found 2 built-in marketplace(s)
[9/26/2026, 5:55:15 PM.595] [Info] [MarketplaceStorage]  [MarketplaceStorage] getMarketplaces ensureConfigFile=0ms readAndRepair=2ms migration=0ms total=2ms count=5 path=/Users/didi/.workbuddy/plugins/known_marketplaces.json
[9/26/2026, 5:55:15 PM.595] [Info] [PluginManager]  All built-in marketplaces are already installed
[9/26/2026, 5:55:15 PM.596] [Info] [MarketplaceStorage]  [MarketplaceStorage] getMarketplaces ensureConfigFile=0ms readAndRepair=1ms migration=0ms total=1ms count=5 path=/Users/didi/.workbuddy/plugins/known_marketplaces.json
[9/26/2026, 5:55:15 PM.596] [Info] [BuiltInMarketplaceProvider]  Found 2 built-in marketplace(s)
[9/26/2026, 5:55:15 PM.598] [Info] [PluginManager]  Loaded 5 marketplaces (2 built-in) total=3ms storage=1ms builtIn=0ms autoUpdate=0ms
[9/26/2026, 5:55:17 PM.571] [Info] [TracingService]  Tracing uses @tencent/galileo-node-sdk global OpenTelemetry provider; @genie OTLP exporter is skipped.
[9/26/2026, 5:55:17 PM.571] [Info] [TracingService]  Tracing config resolved: {"productEnabled":true,"enabledByEnv":false,"endpoint":"https://copilot.tencent.com","galileoEnabled":true}
[9/26/2026, 5:55:45 PM.512] [Info] [WorkflowMemProbe] tick runId=(none) | rss=137.8MB heap=158.7/166.7MB external=54.4MB arrayBuffers=0MB
[9/26/2026, 5:56:15 PM.513] [Info] [WorkflowMemProbe] tick runId=(none) | rss=137.7MB heap=158.9/166.9MB external=54.5MB arrayBuffers=0MB
[9/26/2026, 5:56:45 PM.515] [Info] [WorkflowMemProbe] tick runId=(none) | rss=137.9MB heap=159.1/166.9MB external=54.5MB arrayBuffers=0MB
[9/26/2026, 5:57:15 PM.515] [Info] [WorkflowMemProbe] tick runId=(none) | rss=134.5MB heap=159.2/167.2MB external=54.5MB arrayBuffers=0MB
[9/26/2026, 5:57:45 PM.516] [Info] [WorkflowMemProbe] tick runId=(none) | rss=133.9MB heap=159.4/167.4MB external=54.5MB arrayBuffers=0MB
[9/26/2026, 5:58:07 PM.488] [Info] [TracingService]  [primary] Exported 1 spans, traceIds: 093381f02fcbf400da660df915abf7c0
[9/26/2026, 5:58:15 PM.519] [Info] [WorkflowMemProbe] tick runId=(none) | rss=139.8MB heap=162.7/170.9MB external=54.5MB arrayBuffers=0MB
[9/26/2026, 5:58:45 PM.520] [Info] [WorkflowMemProbe] tick runId=(none) | rss=139.2MB heap=163.1/171.2MB external=54.6MB arrayBuffers=0MB
[9/26/2026, 5:59:15 PM.522] [Info] [WorkflowMemProbe] tick runId=(none) | rss=135.7MB heap=163.3/171.4MB external=54.6MB arrayBuffers=0MB
[9/26/2026, 5:59:45 PM.522] [Info] [WorkflowMemProbe] tick runId=(none) | rss=136.2MB heap=163.5/171.7MB external=54.6MB arrayBuffers=0MB
[9/26/2026, 6:00:15 PM.524] [Info] [WorkflowMemProbe] tick runId=(none) | rss=128.3MB heap=163.7/171.7MB external=54.6MB arrayBuffers=0MB
[9/26/2026, 6:00:45 PM.526] [Info] [WorkflowMemProbe] tick runId=(none) | rss=77.5MB heap=163.8/171.9MB external=54.6MB arrayBuffers=0MB
[9/26/2026, 6:01:15 PM.527] [Info] [WorkflowMemProbe] tick runId=(none) | rss=79.1MB heap=158/165.1MB external=54.1MB arrayBuffers=0MB
[9/26/2026, 6:01:45 PM.528] [Info] [WorkflowMemProbe] tick runId=(none) | rss=79.3MB heap=158.2/165.1MB external=54.1MB arrayBuffers=0MB
[9/26/2026, 6:02:15 PM.528] [Info] [WorkflowMemProbe] tick runId=(none) | rss=79.4MB heap=158.3/165.1MB external=54.1MB arrayBuffers=0MB
[9/26/2026, 6:02:45 PM.529] [Info] [WorkflowMemProbe] tick runId=(none) | rss=81.8MB heap=158/164.1MB external=54.1MB arrayBuffers=0MB
[9/26/2026, 6:03:09 PM.652] [Info] [TracingService]  [primary] Exported 1 spans, traceIds: ff6a16253e6669e6712973601ec6dca3
[9/26/2026, 6:03:15 PM.530] [Info] [WorkflowMemProbe] tick runId=(none) | rss=91.8MB heap=160.9/167.4MB external=54.1MB arrayBuffers=0MB
[9/26/2026, 6:03:15 PM.548] [Info] [GitInfoCollector]  CODEBUDDY_GIT_REPO_SCAN_DISABLED 1
[9/26/2026, 6:03:15 PM.548] [Info] [GitInfoCollector]  Git repository scan is disabled via CODEBUDDY_GIT_REPO_SCAN_DISABLED environment variable
[9/26/2026, 6:03:15 PM.830] [Info] [CloudProductManager]  fetch cloud product success, agents(1): cli, models(53): auto,fast-model,balanced-model,deep-model,hy3,hy3-b,hy3-c,hy3-x,hy4-preview,hy4-preview-f,minimax-m2.5,glm-5v-turbo,glm-5.3,glm-5.3-flash,glm-5.2,glm-5.1,glm-5.0-turbo,glm-4.6v,kimi-k3-1,kimi-k2.8-preview,kimi-k2.7,kimi-k2.6,kimi-k2.5,kimi-k2-thinking,minimax-m3,minimax-m2.7,glm-4.6,deepseek-v4-flash,deepseek-v4.1-flash,deepseek-v4-pro,deepseek-v3-2-volc,deepseek-v3-1-volc,deepseek-v3-1-lkeap,deepseek-v3-1,deepseek-v3-0324-lkeap,deepseek-r1-0528-lkeap,kimi-k2-instruct-taiji,completion-gf,default-1.1,hunyuan-3b,hunyuan-7b-dense,codewise-completions,codewise-rewrite,codewise-nes-a4-027-aide,codewise-jump,deepseek-r1-0528,deepseek-v3-0324-taco-completion,deepseek-v3-0324,default-1.2,hunyuan-2.0-instruct,hunyuan-chat,hunyuan-image-alpha,hunyuan-image-alpha-edit
[9/26/2026, 6:03:15 PM.830] [Info] [CloudProductManager]  Fetched configuration from remote [282ms]
[9/26/2026, 6:03:15 PM.832] [Info] [PluginsProductProvider.provide] active=9, ids=[weixinpay@workbuddy-builtin,tencent-docs-plugin@workbuddy-builtin,sheetagent@workbuddy-builtin,tencent-pptx@workbuddy-builtin,tencent-docx@workbuddy-builtin,agent-browser@codebuddy-plugins-official,find-skills@codebuddy-plugins-official,agent-browser@inline,find-skills@inline]
[9/26/2026, 6:03:15 PM.833] [Info] [MCP][cacheDbg] getConnectedServers() called: nonInteractive=true waitForSettle=false cacheNow=[connector-proxy,weixinpay,sheetagent] allServers=[connector-proxy:connected,weixinpay:connected,sheetagent:connected]
[9/26/2026, 6:03:15 PM.833] [Info] [MCP][cacheDbg] getConnectedServers() returning: [connector-proxy,weixinpay,sheetagent] (size=3)
[9/26/2026, 6:03:15 PM.848] [Info] [CustomModelsProductProvider] productName=WorkBuddy, isWorkBuddy=true, userConfigPath=/Users/didi/.workbuddy/models.json
[9/26/2026, 6:03:15 PM.848] [Info] Loaded custom models config from user: /Users/didi/.workbuddy/models.json
[9/26/2026, 6:03:15 PM.848] [Info] [ModelsProductProvider] enterpriseId: undefined, endpoint: https://copilot.tencent.com
[9/26/2026, 6:03:15 PM.848] [Warning] [ModelsProductProvider] enterpriseId is missing, skipping models API call
[9/26/2026, 6:03:15 PM.848] [Info] [AgentModelResolver] product config input: 54 models, 23 agents
[9/26/2026, 6:03:15 PM.848] [Info] [AgentModelResolver] model ids: auto, fast-model, balanced-model, deep-model, hy3, hy3-b, hy3-c, hy3-x, hy4-preview, hy4-preview-f, minimax-m2.5, glm-5v-turbo, glm-5.3, glm-5.3-flash, glm-5.2, glm-5.1, glm-5.0-turbo, glm-4.6v, kimi-k3-1, kimi-k2.8-preview, kimi-k2.7, kimi-k2.6, kimi-k2.5, kimi-k2-thinking, minimax-m3, minimax-m2.7, glm-4.6, deepseek-v4-flash, deepseek-v4.1-flash, deepseek-v4-pro, deepseek-v3-2-volc, deepseek-v3-1-volc, deepseek-v3-1-lkeap, deepseek-v3-1, deepseek-v3-0324-lkeap, deepseek-r1-0528-lkeap, kimi-k2-instruct-taiji, completion-gf, default-1.1, hunyuan-3b, hunyuan-7b-dense, codewise-completions, codewise-rewrite, codewise-nes-a4-027-aide, codewise-jump, deepseek-r1-0528, deepseek-v3-0324-taco-completion, deepseek-v3-0324, default-1.2, hunyuan-2.0-instruct, hunyuan-chat, hunyuan-image-alpha, hunyuan-image-alpha-edit, custom-local:kimi-k3
[9/26/2026, 6:03:15 PM.848] [Info] [AgentModelResolver] agent "cli" original_models=["auto","hy4-preview-f","hy3","hy3-x","deepseek-v4.1-flash","glm-5.3","glm-5.3-flash","glm-5.2","glm-5.1","glm-5v-turbo","minimax-m3","kimi-k3-1","kimi-k2.8-preview","kimi-k2.7","kimi-k2.6","deepseek-v4-pro"] -> resolved_models=["auto","hy4-preview-f","hy3","hy3-x","deepseek-v4.1-flash","glm-5.3","glm-5.3-flash","glm-5.2","glm-5.1","glm-5v-turbo","minimax-m3","kimi-k3-1","kimi-k2.8-preview","kimi-k2.7","kimi-k2.6","deepseek-v4-pro"]
[9/26/2026, 6:03:15 PM.848] [Info] [AgentModelResolver] agent "general-purpose" original_models=[] -> resolved_models=[]
[9/26/2026, 6:03:15 PM.848] [Info] [AgentModelResolver] agent "compact" original_models=[] -> resolved_models=[]
[9/26/2026, 6:03:15 PM.848] [Info] [AgentModelResolver] agent "contextSummary" original_models=[] -> resolved_models=[]
[9/26/2026, 6:03:15 PM.848] [Info] [AgentModelResolver] agent "contentAnalyzer" original_models=[] -> resolved_models=[]
[9/26/2026, 6:03:15 PM.848] [Info] [AgentModelResolver] agent "terminalTitleGenerator" original_models=[] -> resolved_models=[]
[9/26/2026, 6:03:15 PM.848] [Info] [AgentModelResolver] agent "promptSuggestion" original_models=[] -> resolved_models=[]
[9/26/2026, 6:03:15 PM.848] [Info] [AgentModelResolver] agent "memorySelector" original_models=["lite"] -> resolved_models=["lite"]
[9/26/2026, 6:03:15 PM.848] [Info] [AgentModelResolver] agent "summaryGenerator" original_models=[] -> resolved_models=[]
[9/26/2026, 6:03:15 PM.848] [Info] [AgentModelResolver] agent "autoModeClassifier" original_models=[] -> resolved_models=[]
[9/26/2026, 6:03:15 PM.848] [Info] [AgentModelResolver] agent "promptHookEvaluator" original_models=["lite"] -> resolved_models=["lite"]
[9/26/2026, 6:03:15 PM.848] [Info] [AgentModelResolver] agent "insightsAnalyzer" original_models=[] -> resolved_models=[]
[9/26/2026, 6:03:15 PM.848] [Info] [AgentModelResolver] agent "agentInstructions" original_models=[] -> resolved_models=[]
[9/26/2026, 6:03:15 PM.848] [Info] [AgentModelResolver] agent "statusline-setup" original_models=[] -> resolved_models=[]
[9/26/2026, 6:03:15 PM.848] [Info] [AgentModelResolver] agent "Explore" original_models=["lite"] -> resolved_models=["lite"]
[9/26/2026, 6:03:15 PM.848] [Info] [AgentModelResolver] agent "Plan" original_models=[] -> resolved_models=[]
[9/26/2026, 6:03:15 PM.848] [Info] [AgentModelResolver] agent "pulse" original_models=[] -> resolved_models=[]
[9/26/2026, 6:03:15 PM.848] [Info] [AgentModelResolver] agent "handoff-summary" original_models=undefined -> resolved_models=[]
[9/26/2026, 6:03:15 PM.848] [Info] [AgentModelResolver] agent "enhance-prompt" original_models=[] -> resolved_models=[]
[9/26/2026, 6:03:15 PM.848] [Info] [AgentModelResolver] agent "sheet-agent" original_models=[] -> resolved_models=[]
[9/26/2026, 6:03:15 PM.848] [Info] [AgentModelResolver] agent "doc-converter" original_models=[] -> resolved_models=[]
[9/26/2026, 6:03:15 PM.848] [Info] [AgentModelResolver] agent "doc-formatter" original_models=[] -> resolved_models=[]
[9/26/2026, 6:03:15 PM.848] [Info] [AgentModelResolver] agent "doc-writer" original_models=[] -> resolved_models=[]
[9/26/2026, 6:03:15 PM.870] [Info] [PluginPolicyService]  [MergedPlugins][DEBUG] ProductManager.onDidChange fired, reloading policies...
[9/26/2026, 6:03:15 PM.870] [Info] [PluginPolicyService]  [MergedPlugins][DEBUG] Current config builtInMarketPluginsMerge: [{"autoEnable":true,"marketplaceName":"codebuddy-plugins-official","name":"agent-browser","scope":"user"}]
[9/26/2026, 6:03:15 PM.870] [Info] [PluginPolicyService]  [MergedPlugins] Loaded 1 merged plugin entries
[9/26/2026, 6:03:15 PM.870] [Info] [Startup] AgentManager.rebuildAgents: START
[9/26/2026, 6:03:15 PM.870] [Info] [Startup] AgentManager.rebuildAgents: completed in 14ms, resolving readyDeferred
[9/26/2026, 6:03:15 PM.871] [Info] [PluginManager]  Checking for built-in marketplaces to install...
[9/26/2026, 6:03:15 PM.871] [Info] [BuiltInMarketplaceProvider]  Found 2 built-in marketplace(s)
[9/26/2026, 6:03:15 PM.871] [Info] [PluginManager]  Found 2 built-in marketplace(s)
[9/26/2026, 6:03:15 PM.872] [Info] [MarketplaceStorage]  [MarketplaceStorage] getMarketplaces ensureConfigFile=0ms readAndRepair=1ms migration=0ms total=1ms count=5 path=/Users/didi/.workbuddy/plugins/known_marketplaces.json
[9/26/2026, 6:03:15 PM.872] [Info] [PluginManager]  All built-in marketplaces are already installed
[9/26/2026, 6:03:15 PM.873] [Info] [MarketplaceStorage]  [MarketplaceStorage] getMarketplaces ensureConfigFile=0ms readAndRepair=1ms migration=0ms total=1ms count=5 path=/Users/didi/.workbuddy/plugins/known_marketplaces.json
[9/26/2026, 6:03:15 PM.873] [Info] [BuiltInMarketplaceProvider]  Found 2 built-in marketplace(s)
[9/26/2026, 6:03:15 PM.876] [Info] [PluginManager]  Loaded 5 marketplaces (2 built-in) total=4ms storage=1ms builtIn=0ms autoUpdate=0ms
[9/26/2026, 6:03:17 PM.857] [Info] [TracingService]  Tracing uses @tencent/galileo-node-sdk global OpenTelemetry provider; @genie OTLP exporter is skipped.
[9/26/2026, 6:03:17 PM.858] [Info] [TracingService]  Tracing config resolved: {"productEnabled":true,"enabledByEnv":false,"endpoint":"https://copilot.tencent.com","galileoEnabled":true}
[9/26/2026, 6:03:45 PM.530] [Info] [WorkflowMemProbe] tick runId=(none) | rss=111.5MB heap=170.2/178MB external=55.3MB arrayBuffers=0MB
[9/26/2026, 6:04:15 PM.530] [Info] [WorkflowMemProbe] tick runId=(none) | rss=111.7MB heap=170.4/178.2MB external=55.4MB arrayBuffers=0MB
[9/26/2026, 6:04:45 PM.530] [Info] [WorkflowMemProbe] tick runId=(none) | rss=111.4MB heap=170.6/178.5MB external=55.4MB arrayBuffers=0MB
[9/26/2026, 6:05:15 PM.531] [Info] [WorkflowMemProbe] tick runId=(none) | rss=111.4MB heap=170.7/178.7MB external=55.4MB arrayBuffers=0MB
[9/26/2026, 6:05:45 PM.531] [Info] [WorkflowMemProbe] tick runId=(none) | rss=111.4MB heap=170.9/178.7MB external=55.4MB arrayBuffers=0MB
[9/26/2026, 6:06:15 PM.532] [Info] [WorkflowMemProbe] tick runId=(none) | rss=111.4MB heap=171.1/179MB external=55.4MB arrayBuffers=0MB
[9/26/2026, 6:06:45 PM.533] [Info] [WorkflowMemProbe] tick runId=(none) | rss=111.4MB heap=171.3/179.2MB external=55.4MB arrayBuffers=0MB
[9/26/2026, 6:07:15 PM.536] [Info] [WorkflowMemProbe] tick runId=(none) | rss=108.8MB heap=171.4/179.2MB external=55.4MB arrayBuffers=0MB
[9/26/2026, 6:07:45 PM.536] [Info] [WorkflowMemProbe] tick runId=(none) | rss=93.9MB heap=171.6/179.5MB external=55.4MB arrayBuffers=0MB
[9/26/2026, 6:08:11 PM.557] [Info] [TracingService]  [primary] Exported 1 spans, traceIds: 234fdacb313438acadfcd37f57234397
[9/26/2026, 6:08:15 PM.510] [Info] [WorkflowMemProbe] tick runId=(none) | rss=106.7MB heap=169.3/175MB external=54.2MB arrayBuffers=0MB
[9/26/2026, 6:08:45 PM.500] [Info] [WorkflowMemProbe] tick runId=(none) | rss=107.2MB heap=169.6/175.5MB external=54.3MB arrayBuffers=0MB
[9/26/2026, 6:09:15 PM.499] [Info] [WorkflowMemProbe] tick runId=(none) | rss=107.2MB heap=169.8/175.8MB external=54.3MB arrayBuffers=0MB
[9/26/2026, 6:09:45 PM.500] [Info] [WorkflowMemProbe] tick runId=(none) | rss=72.3MB heap=170/175.8MB external=54.3MB arrayBuffers=0MB
[9/26/2026, 6:10:15 PM.500] [Info] [WorkflowMemProbe] tick runId=(none) | rss=77.5MB heap=170.2/176MB external=54.3MB arrayBuffers=0MB
[9/26/2026, 6:10:45 PM.499] [Info] [WorkflowMemProbe] tick runId=(none) | rss=77.8MB heap=170.4/176.3MB external=54.3MB arrayBuffers=0MB
[9/26/2026, 6:11:15 PM.500] [Info] [WorkflowMemProbe] tick runId=(none) | rss=77.5MB heap=170.5/176.5MB external=54.4MB arrayBuffers=0MB
[9/26/2026, 6:11:45 PM.492] [Info] [GitInfoCollector]  CODEBUDDY_GIT_REPO_SCAN_DISABLED 1
[9/26/2026, 6:11:45 PM.492] [Info] [GitInfoCollector]  Git repository scan is disabled via CODEBUDDY_GIT_REPO_SCAN_DISABLED environment variable
[9/26/2026, 6:11:45 PM.520] [Info] [WorkflowMemProbe] tick runId=(none) | rss=96.8MB heap=172.5/178.3MB external=54.3MB arrayBuffers=0MB
[9/26/2026, 6:11:45 PM.640] [Info] [CloudProductManager]  fetch cloud product success, agents(1): cli, models(53): auto,fast-model,balanced-model,deep-model,hy3,hy3-b,hy3-c,hy3-x,hy4-preview,hy4-preview-f,minimax-m2.5,glm-5v-turbo,glm-5.3,glm-5.3-flash,glm-5.2,glm-5.1,glm-5.0-turbo,glm-4.6v,kimi-k3-1,kimi-k2.8-preview,kimi-k2.7,kimi-k2.6,kimi-k2.5,kimi-k2-thinking,minimax-m3,minimax-m2.7,glm-4.6,deepseek-v4-flash,deepseek-v4.1-flash,deepseek-v4-pro,deepseek-v3-2-volc,deepseek-v3-1-volc,deepseek-v3-1-lkeap,deepseek-v3-1,deepseek-v3-0324-lkeap,deepseek-r1-0528-lkeap,kimi-k2-instruct-taiji,completion-gf,default-1.1,hunyuan-3b,hunyuan-7b-dense,codewise-completions,codewise-rewrite,codewise-nes-a4-027-aide,codewise-jump,deepseek-r1-0528,deepseek-v3-0324-taco-completion,deepseek-v3-0324,default-1.2,hunyuan-2.0-instruct,hunyuan-chat,hunyuan-image-alpha,hunyuan-image-alpha-edit
[9/26/2026, 6:11:45 PM.640] [Info] [CloudProductManager]  Fetched configuration from remote [147ms]
[9/26/2026, 6:11:45 PM.641] [Info] [PluginsProductProvider.provide] active=9, ids=[weixinpay@workbuddy-builtin,tencent-docs-plugin@workbuddy-builtin,sheetagent@workbuddy-builtin,tencent-pptx@workbuddy-builtin,tencent-docx@workbuddy-builtin,agent-browser@codebuddy-plugins-official,find-skills@codebuddy-plugins-official,agent-browser@inline,find-skills@inline]
[9/26/2026, 6:11:45 PM.641] [Info] [MCP][cacheDbg] getConnectedServers() called: nonInteractive=true waitForSettle=false cacheNow=[connector-proxy,weixinpay,sheetagent] allServers=[connector-proxy:connected,weixinpay:connected,sheetagent:connected]
[9/26/2026, 6:11:45 PM.641] [Info] [MCP][cacheDbg] getConnectedServers() returning: [connector-proxy,weixinpay,sheetagent] (size=3)
[9/26/2026, 6:11:45 PM.651] [Info] [CustomModelsProductProvider] productName=WorkBuddy, isWorkBuddy=true, userConfigPath=/Users/didi/.workbuddy/models.json
[9/26/2026, 6:11:45 PM.651] [Info] Loaded custom models config from user: /Users/didi/.workbuddy/models.json
[9/26/2026, 6:11:45 PM.651] [Info] [ModelsProductProvider] enterpriseId: undefined, endpoint: https://copilot.tencent.com
[9/26/2026, 6:11:45 PM.651] [Warning] [ModelsProductProvider] enterpriseId is missing, skipping models API call
[9/26/2026, 6:11:45 PM.651] [Info] [AgentModelResolver] product config input: 54 models, 23 agents
[9/26/2026, 6:11:45 PM.651] [Info] [AgentModelResolver] model ids: auto, fast-model, balanced-model, deep-model, hy3, hy3-b, hy3-c, hy3-x, hy4-preview, hy4-preview-f, minimax-m2.5, glm-5v-turbo, glm-5.3, glm-5.3-flash, glm-5.2, glm-5.1, glm-5.0-turbo, glm-4.6v, kimi-k3-1, kimi-k2.8-preview, kimi-k2.7, kimi-k2.6, kimi-k2.5, kimi-k2-thinking, minimax-m3, minimax-m2.7, glm-4.6, deepseek-v4-flash, deepseek-v4.1-flash, deepseek-v4-pro, deepseek-v3-2-volc, deepseek-v3-1-volc, deepseek-v3-1-lkeap, deepseek-v3-1, deepseek-v3-0324-lkeap, deepseek-r1-0528-lkeap, kimi-k2-instruct-taiji, completion-gf, default-1.1, hunyuan-3b, hunyuan-7b-dense, codewise-completions, codewise-rewrite, codewise-nes-a4-027-aide, codewise-jump, deepseek-r1-0528, deepseek-v3-0324-taco-completion, deepseek-v3-0324, default-1.2, hunyuan-2.0-instruct, hunyuan-chat, hunyuan-image-alpha, hunyuan-image-alpha-edit, custom-local:kimi-k3
[9/26/2026, 6:11:45 PM.651] [Info] [AgentModelResolver] agent "cli" original_models=["auto","hy4-preview-f","hy3","hy3-x","deepseek-v4.1-flash","glm-5.3","glm-5.3-flash","glm-5.2","glm-5.1","glm-5v-turbo","minimax-m3","kimi-k3-1","kimi-k2.8-preview","kimi-k2.7","kimi-k2.6","deepseek-v4-pro"] -> resolved_models=["auto","hy4-preview-f","hy3","hy3-x","deepseek-v4.1-flash","glm-5.3","glm-5.3-flash","glm-5.2","glm-5.1","glm-5v-turbo","minimax-m3","kimi-k3-1","kimi-k2.8-preview","kimi-k2.7","kimi-k2.6","deepseek-v4-pro"]
[9/26/2026, 6:11:45 PM.651] [Info] [AgentModelResolver] agent "general-purpose" original_models=[] -> resolved_models=[]
[9/26/2026, 6:11:45 PM.651] [Info] [AgentModelResolver] agent "compact" original_models=[] -> resolved_models=[]
[9/26/2026, 6:11:45 PM.651] [Info] [AgentModelResolver] agent "contextSummary" original_models=[] -> resolved_models=[]
[9/26/2026, 6:11:45 PM.651] [Info] [AgentModelResolver] agent "contentAnalyzer" original_models=[] -> resolved_models=[]
[9/26/2026, 6:11:45 PM.651] [Info] [AgentModelResolver] agent "terminalTitleGenerator" original_models=[] -> resolved_models=[]
[9/26/2026, 6:11:45 PM.651] [Info] [AgentModelResolver] agent "promptSuggestion" original_models=[] -> resolved_models=[]
[9/26/2026, 6:11:45 PM.651] [Info] [AgentModelResolver] agent "memorySelector" original_models=["lite"] -> resolved_models=["lite"]
[9/26/2026, 6:11:45 PM.651] [Info] [AgentModelResolver] agent "summaryGenerator" original_models=[] -> resolved_models=[]
[9/26/2026, 6:11:45 PM.651] [Info] [AgentModelResolver] agent "autoModeClassifier" original_models=[] -> resolved_models=[]
[9/26/2026, 6:11:45 PM.651] [Info] [AgentModelResolver] agent "promptHookEvaluator" original_models=["lite"] -> resolved_models=["lite"]
[9/26/2026, 6:11:45 PM.651] [Info] [AgentModelResolver] agent "insightsAnalyzer" original_models=[] -> resolved_models=[]
[9/26/2026, 6:11:45 PM.651] [Info] [AgentModelResolver] agent "agentInstructions" original_models=[] -> resolved_models=[]
[9/26/2026, 6:11:45 PM.651] [Info] [AgentModelResolver] agent "statusline-setup" original_models=[] -> resolved_models=[]
[9/26/2026, 6:11:45 PM.651] [Info] [AgentModelResolver] agent "Explore" original_models=["lite"] -> resolved_models=["lite"]
[9/26/2026, 6:11:45 PM.651] [Info] [AgentModelResolver] agent "Plan" original_models=[] -> resolved_models=[]
[9/26/2026, 6:11:45 PM.651] [Info] [AgentModelResolver] agent "pulse" original_models=[] -> resolved_models=[]
[9/26/2026, 6:11:45 PM.651] [Info] [AgentModelResolver] agent "handoff-summary" original_models=undefined -> resolved_models=[]
[9/26/2026, 6:11:45 PM.651] [Info] [AgentModelResolver] agent "enhance-prompt" original_models=[] -> resolved_models=[]
[9/26/2026, 6:11:45 PM.651] [Info] [AgentModelResolver] agent "sheet-agent" original_models=[] -> resolved_models=[]
[9/26/2026, 6:11:45 PM.651] [Info] [AgentModelResolver] agent "doc-converter" original_models=[] -> resolved_models=[]
[9/26/2026, 6:11:45 PM.651] [Info] [AgentModelResolver] agent "doc-formatter" original_models=[] -> resolved_models=[]
[9/26/2026, 6:11:45 PM.651] [Info] [AgentModelResolver] agent "doc-writer" original_models=[] -> resolved_models=[]
[9/26/2026, 6:11:45 PM.669] [Info] [PluginPolicyService]  [MergedPlugins][DEBUG] ProductManager.onDidChange fired, reloading policies...
[9/26/2026, 6:11:45 PM.669] [Info] [PluginPolicyService]  [MergedPlugins][DEBUG] Current config builtInMarketPluginsMerge: [{"autoEnable":true,"marketplaceName":"codebuddy-plugins-official","name":"agent-browser","scope":"user"}]
[9/26/2026, 6:11:45 PM.669] [Info] [PluginPolicyService]  [MergedPlugins] Loaded 1 merged plugin entries
[9/26/2026, 6:11:45 PM.669] [Info] [Startup] AgentManager.rebuildAgents: START
[9/26/2026, 6:11:45 PM.670] [Info] [Startup] AgentManager.rebuildAgents: completed in 13ms, resolving readyDeferred
[9/26/2026, 6:11:45 PM.670] [Info] [PluginManager]  Checking for built-in marketplaces to install...
[9/26/2026, 6:11:45 PM.670] [Info] [BuiltInMarketplaceProvider]  Found 2 built-in marketplace(s)
[9/26/2026, 6:11:45 PM.670] [Info] [PluginManager]  Found 2 built-in marketplace(s)
[9/26/2026, 6:11:45 PM.671] [Info] [MarketplaceStorage]  [MarketplaceStorage] getMarketplaces ensureConfigFile=0ms readAndRepair=1ms migration=0ms total=1ms count=5 path=/Users/didi/.workbuddy/plugins/known_marketplaces.json
[9/26/2026, 6:11:45 PM.671] [Info] [PluginManager]  All built-in marketplaces are already installed
[9/26/2026, 6:11:45 PM.671] [Info] [MarketplaceStorage]  [MarketplaceStorage] getMarketplaces ensureConfigFile=0ms readAndRepair=0ms migration=0ms total=0ms count=5 path=/Users/didi/.workbuddy/plugins/known_marketplaces.json
[9/26/2026, 6:11:45 PM.672] [Info] [BuiltInMarketplaceProvider]  Found 2 built-in marketplace(s)
[9/26/2026, 6:11:45 PM.674] [Info] [PluginManager]  Loaded 5 marketplaces (2 built-in) total=3ms storage=0ms builtIn=0ms autoUpdate=1ms
[9/26/2026, 6:11:47 PM.657] [Info] [TracingService]  Tracing uses @tencent/galileo-node-sdk global OpenTelemetry provider; @genie OTLP exporter is skipped.
[9/26/2026, 6:11:47 PM.658] [Info] [TracingService]  Tracing config resolved: {"productEnabled":true,"enabledByEnv":false,"endpoint":"https://copilot.tencent.com","galileoEnabled":true}
[9/26/2026, 6:12:15 PM.522] [Info] [WorkflowMemProbe] tick runId=(none) | rss=140.8MB heap=156.2/163.9MB external=54.5MB arrayBuffers=0MB
[9/26/2026, 6:12:45 PM.522] [Info] [WorkflowMemProbe] tick runId=(none) | rss=141MB heap=156.4/164.2MB external=54.5MB arrayBuffers=0MB
[9/26/2026, 6:13:13 PM.457] [Info] [TracingService]  [primary] Exported 1 spans, traceIds: 801b3439f9e11cb3b88f3982f25dfd66
[9/26/2026, 6:13:15 PM.524] [Info] [WorkflowMemProbe] tick runId=(none) | rss=140.4MB heap=155.7/161.8MB external=53.3MB arrayBuffers=0MB
[9/26/2026, 6:13:45 PM.524] [Info] [WorkflowMemProbe] tick runId=(none) | rss=135MB heap=154.7/161.1MB external=53.4MB arrayBuffers=0MB
[9/26/2026, 6:14:15 PM.524] [Info] [WorkflowMemProbe] tick runId=(none) | rss=135.2MB heap=154.9/161.4MB external=53.4MB arrayBuffers=0MB
[9/26/2026, 6:14:45 PM.526] [Info] [WorkflowMemProbe] tick runId=(none) | rss=135.2MB heap=155.1/161.6MB external=53.4MB arrayBuffers=0MB
[9/26/2026, 6:15:15 PM.526] [Info] [WorkflowMemProbe] tick runId=(none) | rss=135.2MB heap=155.2/161.6MB external=53.4MB arrayBuffers=0MB
[9/26/2026, 6:15:45 PM.527] [Info] [WorkflowMemProbe] tick runId=(none) | rss=135MB heap=154.8/160.9MB external=53.4MB arrayBuffers=0MB
[9/26/2026, 6:16:15 PM.527] [Info] [WorkflowMemProbe] tick runId=(none) | rss=135MB heap=155/160.9MB external=53.4MB arrayBuffers=0MB
[9/26/2026, 6:16:45 PM.529] [Info] [WorkflowMemProbe] tick runId=(none) | rss=135.4MB heap=155.2/160.9MB external=53.4MB arrayBuffers=0MB
[9/26/2026, 6:17:15 PM.530] [Info] [WorkflowMemProbe] tick runId=(none) | rss=135.4MB heap=155.4/160.9MB external=53.4MB arrayBuffers=0MB
[9/26/2026, 6:17:45 PM.530] [Info] [WorkflowMemProbe] tick runId=(none) | rss=78.7MB heap=154.9/160.1MB external=53.4MB arrayBuffers=0MB
[9/26/2026, 6:18:15 PM.456] [Info] [TracingService]  [primary] Exported 1 spans, traceIds: b74f02ec2d3d4d61c4b880bd147203fb
[9/26/2026, 6:18:15 PM.531] [Info] [WorkflowMemProbe] tick runId=(none) | rss=89MB heap=157.8/163.4MB external=53.4MB arrayBuffers=0MB
[9/26/2026, 6:18:45 PM.532] [Info] [WorkflowMemProbe] tick runId=(none) | rss=90MB heap=158.2/163.9MB external=53.5MB arrayBuffers=0MB
[9/26/2026, 6:19:15 PM.533] [Info] [WorkflowMemProbe] tick runId=(none) | rss=90.2MB heap=158.4/164.2MB external=53.5MB arrayBuffers=0MB
[9/26/2026, 6:19:45 PM.495] [Info] [PluginsProductProvider.provide] active=9, ids=[weixinpay@workbuddy-builtin,tencent-docs-plugin@workbuddy-builtin,sheetagent@workbuddy-builtin,tencent-pptx@workbuddy-builtin,tencent-docx@workbuddy-builtin,agent-browser@codebuddy-plugins-official,find-skills@codebuddy-plugins-official,agent-browser@inline,find-skills@inline]
[9/26/2026, 6:19:45 PM.495] [Info] [MCP][cacheDbg] getConnectedServers() called: nonInteractive=true waitForSettle=false cacheNow=[connector-proxy,weixinpay,sheetagent] allServers=[connector-proxy:connected,weixinpay:connected,sheetagent:connected]
[9/26/2026, 6:19:45 PM.495] [Info] [MCP][cacheDbg] getConnectedServers() returning: [connector-proxy,weixinpay,sheetagent] (size=3)
[9/26/2026, 6:19:45 PM.504] [Info] [CustomModelsProductProvider] productName=WorkBuddy, isWorkBuddy=true, userConfigPath=/Users/didi/.workbuddy/models.json
[9/26/2026, 6:19:45 PM.504] [Info] Loaded custom models config from user: /Users/didi/.workbuddy/models.json
[9/26/2026, 6:19:45 PM.504] [Info] [ModelsProductProvider] enterpriseId: undefined, endpoint: https://copilot.tencent.com
[9/26/2026, 6:19:45 PM.504] [Warning] [ModelsProductProvider] enterpriseId is missing, skipping models API call
[9/26/2026, 6:19:45 PM.504] [Info] [AgentModelResolver] product config input: 54 models, 23 agents
[9/26/2026, 6:19:45 PM.504] [Info] [AgentModelResolver] model ids: auto, fast-model, balanced-model, deep-model, hy3, hy3-b, hy3-c, hy3-x, hy4-preview, hy4-preview-f, minimax-m2.5, glm-5v-turbo, glm-5.3, glm-5.3-flash, glm-5.2, glm-5.1, glm-5.0-turbo, glm-4.6v, kimi-k3-1, kimi-k2.8-preview, kimi-k2.7, kimi-k2.6, kimi-k2.5, kimi-k2-thinking, minimax-m3, minimax-m2.7, glm-4.6, deepseek-v4-flash, deepseek-v4.1-flash, deepseek-v4-pro, deepseek-v3-2-volc, deepseek-v3-1-volc, deepseek-v3-1-lkeap, deepseek-v3-1, deepseek-v3-0324-lkeap, deepseek-r1-0528-lkeap, kimi-k2-instruct-taiji, completion-gf, default-1.1, hunyuan-3b, hunyuan-7b-dense, codewise-completions, codewise-rewrite, codewise-nes-a4-027-aide, codewise-jump, deepseek-r1-0528, deepseek-v3-0324-taco-completion, deepseek-v3-0324, default-1.2, hunyuan-2.0-instruct, hunyuan-chat, hunyuan-image-alpha, hunyuan-image-alpha-edit, custom-local:kimi-k3
[9/26/2026, 6:19:45 PM.504] [Info] [AgentModelResolver] agent "cli" original_models=["auto","hy4-preview-f","hy3","hy3-x","deepseek-v4.1-flash","glm-5.3","glm-5.3-flash","glm-5.2","glm-5.1","glm-5v-turbo","minimax-m3","kimi-k3-1","kimi-k2.8-preview","kimi-k2.7","kimi-k2.6","deepseek-v4-pro"] -> resolved_models=["auto","hy4-preview-f","hy3","hy3-x","deepseek-v4.1-flash","glm-5.3","glm-5.3-flash","glm-5.2","glm-5.1","glm-5v-turbo","minimax-m3","kimi-k3-1","kimi-k2.8-preview","kimi-k2.7","kimi-k2.6","deepseek-v4-pro"]
[9/26/2026, 6:19:45 PM.504] [Info] [AgentModelResolver] agent "general-purpose" original_models=[] -> resolved_models=[]
[9/26/2026, 6:19:45 PM.504] [Info] [AgentModelResolver] agent "compact" original_models=[] -> resolved_models=[]
[9/26/2026, 6:19:45 PM.504] [Info] [AgentModelResolver] agent "contextSummary" original_models=[] -> resolved_models=[]
[9/26/2026, 6:19:45 PM.504] [Info] [AgentModelResolver] agent "contentAnalyzer" original_models=[] -> resolved_models=[]
[9/26/2026, 6:19:45 PM.504] [Info] [AgentModelResolver] agent "terminalTitleGenerator" original_models=[] -> resolved_models=[]
[9/26/2026, 6:19:45 PM.504] [Info] [AgentModelResolver] agent "promptSuggestion" original_models=[] -> resolved_models=[]
[9/26/2026, 6:19:45 PM.504] [Info] [AgentModelResolver] agent "memorySelector" original_models=["lite"] -> resolved_models=["lite"]
[9/26/2026, 6:19:45 PM.504] [Info] [AgentModelResolver] agent "summaryGenerator" original_models=[] -> resolved_models=[]
[9/26/2026, 6:19:45 PM.504] [Info] [AgentModelResolver] agent "autoModeClassifier" original_models=[] -> resolved_models=[]
[9/26/2026, 6:19:45 PM.504] [Info] [AgentModelResolver] agent "promptHookEvaluator" original_models=["lite"] -> resolved_models=["lite"]
[9/26/2026, 6:19:45 PM.504] [Info] [AgentModelResolver] agent "insightsAnalyzer" original_models=[] -> resolved_models=[]
[9/26/2026, 6:19:45 PM.504] [Info] [AgentModelResolver] agent "agentInstructions" original_models=[] -> resolved_models=[]
[9/26/2026, 6:19:45 PM.504] [Info] [AgentModelResolver] agent "statusline-setup" original_models=[] -> resolved_models=[]
[9/26/2026, 6:19:45 PM.504] [Info] [AgentModelResolver] agent "Explore" original_models=["lite"] -> resolved_models=["lite"]
[9/26/2026, 6:19:45 PM.504] [Info] [AgentModelResolver] agent "Plan" original_models=[] -> resolved_models=[]
[9/26/2026, 6:19:45 PM.504] [Info] [AgentModelResolver] agent "pulse" original_models=[] -> resolved_models=[]
[9/26/2026, 6:19:45 PM.504] [Info] [AgentModelResolver] agent "handoff-summary" original_models=undefined -> resolved_models=[]
[9/26/2026, 6:19:45 PM.504] [Info] [AgentModelResolver] agent "enhance-prompt" original_models=[] -> resolved_models=[]
[9/26/2026, 6:19:45 PM.504] [Info] [AgentModelResolver] agent "sheet-agent" original_models=[] -> resolved_models=[]
[9/26/2026, 6:19:45 PM.504] [Info] [AgentModelResolver] agent "doc-converter" original_models=[] -> resolved_models=[]
[9/26/2026, 6:19:45 PM.504] [Info] [AgentModelResolver] agent "doc-formatter" original_models=[] -> resolved_models=[]
[9/26/2026, 6:19:45 PM.504] [Info] [AgentModelResolver] agent "doc-writer" original_models=[] -> resolved_models=[]
[9/26/2026, 6:19:45 PM.525] [Info] [PluginPolicyService]  [MergedPlugins][DEBUG] ProductManager.onDidChange fired, reloading policies...
[9/26/2026, 6:19:45 PM.525] [Info] [PluginPolicyService]  [MergedPlugins][DEBUG] Current config builtInMarketPluginsMerge: [{"autoEnable":true,"marketplaceName":"codebuddy-plugins-official","name":"agent-browser","scope":"user"}]
[9/26/2026, 6:19:45 PM.525] [Info] [PluginPolicyService]  [MergedPlugins] Loaded 1 merged plugin entries
[9/26/2026, 6:19:45 PM.525] [Info] [Startup] AgentManager.rebuildAgents: START
[9/26/2026, 6:19:45 PM.526] [Info] [Startup] AgentManager.rebuildAgents: completed in 15ms, resolving readyDeferred
[9/26/2026, 6:19:45 PM.528] [Info] [PluginManager]  Checking for built-in marketplaces to install...
[9/26/2026, 6:19:45 PM.528] [Info] [BuiltInMarketplaceProvider]  Found 2 built-in marketplace(s)
[9/26/2026, 6:19:45 PM.528] [Info] [PluginManager]  Found 2 built-in marketplace(s)
[9/26/2026, 6:19:45 PM.531] [Info] [MarketplaceStorage]  [MarketplaceStorage] getMarketplaces ensureConfigFile=0ms readAndRepair=3ms migration=0ms total=3ms count=5 path=/Users/didi/.workbuddy/plugins/known_marketplaces.json
[9/26/2026, 6:19:45 PM.531] [Info] [PluginManager]  All built-in marketplaces are already installed
[9/26/2026, 6:19:45 PM.532] [Info] [WorkflowMemProbe] tick runId=(none) | rss=120.6MB heap=164.3/172.2MB external=53.7MB arrayBuffers=0MB
[9/26/2026, 6:19:45 PM.533] [Info] [MarketplaceStorage]  [MarketplaceStorage] getMarketplaces ensureConfigFile=0ms readAndRepair=2ms migration=0ms total=2ms count=5 path=/Users/didi/.workbuddy/plugins/known_marketplaces.json
[9/26/2026, 6:19:45 PM.533] [Info] [BuiltInMarketplaceProvider]  Found 2 built-in marketplace(s)
[9/26/2026, 6:19:45 PM.539] [Info] [PluginManager]  Loaded 5 marketplaces (2 built-in) total=8ms storage=2ms builtIn=0ms autoUpdate=0ms
[9/26/2026, 6:19:47 PM.513] [Info] [TracingService]  Tracing uses @tencent/galileo-node-sdk global OpenTelemetry provider; @genie OTLP exporter is skipped.
[9/26/2026, 6:19:47 PM.513] [Info] [TracingService]  Tracing config resolved: {"productEnabled":true,"enabledByEnv":false,"endpoint":"https://copilot.tencent.com","galileoEnabled":true}
[9/26/2026, 6:20:15 PM.533] [Info] [WorkflowMemProbe] tick runId=(none) | rss=134.8MB heap=153.4/160.5MB external=53.7MB arrayBuffers=0MB
[9/26/2026, 6:20:45 PM.534] [Info] [WorkflowMemProbe] tick runId=(none) | rss=134.8MB heap=153.6/160.5MB external=53.7MB arrayBuffers=0MB
[9/26/2026, 6:21:15 PM.535] [Info] [WorkflowMemProbe] tick runId=(none) | rss=134.9MB heap=153.8/160.5MB external=53.7MB arrayBuffers=0MB
[9/26/2026, 6:21:45 PM.535] [Info] [WorkflowMemProbe] tick runId=(none) | rss=134.9MB heap=154/160.5MB external=53.7MB arrayBuffers=0MB
[9/26/2026, 6:22:15 PM.536] [Info] [WorkflowMemProbe] tick runId=(none) | rss=134.9MB heap=154.1/160.5MB external=53.7MB arrayBuffers=0MB
[9/26/2026, 6:22:45 PM.536] [Info] [WorkflowMemProbe] tick runId=(none) | rss=129.8MB heap=154.3/160.5MB external=53.7MB arrayBuffers=0MB
[9/26/2026, 6:23:15 PM.536] [Info] [WorkflowMemProbe] tick runId=(none) | rss=134MB heap=157.5/163.5MB external=53.7MB arrayBuffers=0MB
[9/26/2026, 6:23:17 PM.437] [Info] [TracingService]  [primary] Exported 1 spans, traceIds: f8800f3a92f34db59240bbf0a6b5874c
[9/26/2026, 6:23:45 PM.537] [Info] [WorkflowMemProbe] tick runId=(none) | rss=135MB heap=158/164MB external=53.8MB arrayBuffers=0MB
[9/26/2026, 6:24:15 PM.537] [Info] [WorkflowMemProbe] tick runId=(none) | rss=135.1MB heap=158.2/164.3MB external=53.8MB arrayBuffers=0MB
[9/26/2026, 6:24:45 PM.538] [Info] [WorkflowMemProbe] tick runId=(none) | rss=135.3MB heap=158.4/164.3MB external=53.8MB arrayBuffers=0MB
[9/26/2026, 6:25:15 PM.538] [Info] [WorkflowMemProbe] tick runId=(none) | rss=133.5MB heap=158.5/164.5MB external=53.8MB arrayBuffers=0MB
[9/26/2026, 6:25:45 PM.539] [Info] [WorkflowMemProbe] tick runId=(none) | rss=133.7MB heap=158.7/164.8MB external=53.8MB arrayBuffers=0MB
[9/26/2026, 6:26:15 PM.541] [Info] [WorkflowMemProbe] tick runId=(none) | rss=133.9MB heap=158.9/164.8MB external=53.9MB arrayBuffers=0MB
[9/26/2026, 6:26:45 PM.547] [Info] [WorkflowMemProbe] tick runId=(none) | rss=120.3MB heap=159.1/165MB external=53.9MB arrayBuffers=0MB
[9/26/2026, 6:27:15 PM.556] [Info] [WorkflowMemProbe] tick runId=(none) | rss=76MB heap=153.7/158.2MB external=53.7MB arrayBuffers=0MB
[9/26/2026, 6:27:45 PM.512] [Info] [GitInfoCollector]  CODEBUDDY_GIT_REPO_SCAN_DISABLED 1
[9/26/2026, 6:27:45 PM.512] [Info] [GitInfoCollector]  Git repository scan is disabled via CODEBUDDY_GIT_REPO_SCAN_DISABLED environment variable
[9/26/2026, 6:27:45 PM.557] [Info] [WorkflowMemProbe] tick runId=(none) | rss=92.5MB heap=157.8/163.4MB external=53.7MB arrayBuffers=0MB
[9/26/2026, 6:27:45 PM.695] [Info] [CloudProductManager]  fetch cloud product success, agents(1): cli, models(53): auto,fast-model,balanced-model,deep-model,hy3,hy3-b,hy3-c,hy3-x,hy4-preview,hy4-preview-f,minimax-m2.5,glm-5v-turbo,glm-5.3,glm-5.3-flash,glm-5.2,glm-5.1,glm-5.0-turbo,glm-4.6v,kimi-k3-1,kimi-k2.8-preview,kimi-k2.7,kimi-k2.6,kimi-k2.5,kimi-k2-thinking,minimax-m3,minimax-m2.7,glm-4.6,deepseek-v4-flash,deepseek-v4.1-flash,deepseek-v4-pro,deepseek-v3-2-volc,deepseek-v3-1-volc,deepseek-v3-1-lkeap,deepseek-v3-1,deepseek-v3-0324-lkeap,deepseek-r1-0528-lkeap,kimi-k2-instruct-taiji,completion-gf,default-1.1,hunyuan-3b,hunyuan-7b-dense,codewise-completions,codewise-rewrite,codewise-nes-a4-027-aide,codewise-jump,deepseek-r1-0528,deepseek-v3-0324-taco-completion,deepseek-v3-0324,default-1.2,hunyuan-2.0-instruct,hunyuan-chat,hunyuan-image-alpha,hunyuan-image-alpha-edit
[9/26/2026, 6:27:45 PM.695] [Info] [CloudProductManager]  Fetched configuration from remote [183ms]
[9/26/2026, 6:27:45 PM.697] [Info] [PluginsProductProvider.provide] active=9, ids=[weixinpay@workbuddy-builtin,tencent-docs-plugin@workbuddy-builtin,sheetagent@workbuddy-builtin,tencent-pptx@workbuddy-builtin,tencent-docx@workbuddy-builtin,agent-browser@codebuddy-plugins-official,find-skills@codebuddy-plugins-official,agent-browser@inline,find-skills@inline]
[9/26/2026, 6:27:45 PM.698] [Info] [MCP][cacheDbg] getConnectedServers() called: nonInteractive=true waitForSettle=false cacheNow=[connector-proxy,weixinpay,sheetagent] allServers=[connector-proxy:connected,weixinpay:connected,sheetagent:connected]
[9/26/2026, 6:27:45 PM.698] [Info] [MCP][cacheDbg] getConnectedServers() returning: [connector-proxy,weixinpay,sheetagent] (size=3)
[9/26/2026, 6:27:45 PM.710] [Info] [CustomModelsProductProvider] productName=WorkBuddy, isWorkBuddy=true, userConfigPath=/Users/didi/.workbuddy/models.json
[9/26/2026, 6:27:45 PM.710] [Info] Loaded custom models config from user: /Users/didi/.workbuddy/models.json
[9/26/2026, 6:27:45 PM.710] [Info] [ModelsProductProvider] enterpriseId: undefined, endpoint: https://copilot.tencent.com
[9/26/2026, 6:27:45 PM.710] [Warning] [ModelsProductProvider] enterpriseId is missing, skipping models API call
[9/26/2026, 6:27:45 PM.710] [Info] [AgentModelResolver] product config input: 54 models, 23 agents
[9/26/2026, 6:27:45 PM.710] [Info] [AgentModelResolver] model ids: auto, fast-model, balanced-model, deep-model, hy3, hy3-b, hy3-c, hy3-x, hy4-preview, hy4-preview-f, minimax-m2.5, glm-5v-turbo, glm-5.3, glm-5.3-flash, glm-5.2, glm-5.1, glm-5.0-turbo, glm-4.6v, kimi-k3-1, kimi-k2.8-preview, kimi-k2.7, kimi-k2.6, kimi-k2.5, kimi-k2-thinking, minimax-m3, minimax-m2.7, glm-4.6, deepseek-v4-flash, deepseek-v4.1-flash, deepseek-v4-pro, deepseek-v3-2-volc, deepseek-v3-1-volc, deepseek-v3-1-lkeap, deepseek-v3-1, deepseek-v3-0324-lkeap, deepseek-r1-0528-lkeap, kimi-k2-instruct-taiji, completion-gf, default-1.1, hunyuan-3b, hunyuan-7b-dense, codewise-completions, codewise-rewrite, codewise-nes-a4-027-aide, codewise-jump, deepseek-r1-0528, deepseek-v3-0324-taco-completion, deepseek-v3-0324, default-1.2, hunyuan-2.0-instruct, hunyuan-chat, hunyuan-image-alpha, hunyuan-image-alpha-edit, custom-local:kimi-k3
[9/26/2026, 6:27:45 PM.710] [Info] [AgentModelResolver] agent "cli" original_models=["auto","hy4-preview-f","hy3","hy3-x","deepseek-v4.1-flash","glm-5.3","glm-5.3-flash","glm-5.2","glm-5.1","glm-5v-turbo","minimax-m3","kimi-k3-1","kimi-k2.8-preview","kimi-k2.7","kimi-k2.6","deepseek-v4-pro"] -> resolved_models=["auto","hy4-preview-f","hy3","hy3-x","deepseek-v4.1-flash","glm-5.3","glm-5.3-flash","glm-5.2","glm-5.1","glm-5v-turbo","minimax-m3","kimi-k3-1","kimi-k2.8-preview","kimi-k2.7","kimi-k2.6","deepseek-v4-pro"]
[9/26/2026, 6:27:45 PM.710] [Info] [AgentModelResolver] agent "general-purpose" original_models=[] -> resolved_models=[]
[9/26/2026, 6:27:45 PM.710] [Info] [AgentModelResolver] agent "compact" original_models=[] -> resolved_models=[]
[9/26/2026, 6:27:45 PM.710] [Info] [AgentModelResolver] agent "contextSummary" original_models=[] -> resolved_models=[]
[9/26/2026, 6:27:45 PM.710] [Info] [AgentModelResolver] agent "contentAnalyzer" original_models=[] -> resolved_models=[]
[9/26/2026, 6:27:45 PM.710] [Info] [AgentModelResolver] agent "terminalTitleGenerator" original_models=[] -> resolved_models=[]
[9/26/2026, 6:27:45 PM.710] [Info] [AgentModelResolver] agent "promptSuggestion" original_models=[] -> resolved_models=[]
[9/26/2026, 6:27:45 PM.710] [Info] [AgentModelResolver] agent "memorySelector" original_models=["lite"] -> resolved_models=["lite"]
[9/26/2026, 6:27:45 PM.710] [Info] [AgentModelResolver] agent "summaryGenerator" original_models=[] -> resolved_models=[]
[9/26/2026, 6:27:45 PM.710] [Info] [AgentModelResolver] agent "autoModeClassifier" original_models=[] -> resolved_models=[]
[9/26/2026, 6:27:45 PM.710] [Info] [AgentModelResolver] agent "promptHookEvaluator" original_models=["lite"] -> resolved_models=["lite"]
[9/26/2026, 6:27:45 PM.710] [Info] [AgentModelResolver] agent "insightsAnalyzer" original_models=[] -> resolved_models=[]
[9/26/2026, 6:27:45 PM.710] [Info] [AgentModelResolver] agent "agentInstructions" original_models=[] -> resolved_models=[]
[9/26/2026, 6:27:45 PM.710] [Info] [AgentModelResolver] agent "statusline-setup" original_models=[] -> resolved_models=[]
[9/26/2026, 6:27:45 PM.710] [Info] [AgentModelResolver] agent "Explore" original_models=["lite"] -> resolved_models=["lite"]
[9/26/2026, 6:27:45 PM.710] [Info] [AgentModelResolver] agent "Plan" original_models=[] -> resolved_models=[]
[9/26/2026, 6:27:45 PM.710] [Info] [AgentModelResolver] agent "pulse" original_models=[] -> resolved_models=[]
[9/26/2026, 6:27:45 PM.710] [Info] [AgentModelResolver] agent "handoff-summary" original_models=undefined -> resolved_models=[]
[9/26/2026, 6:27:45 PM.710] [Info] [AgentModelResolver] agent "enhance-prompt" original_models=[] -> resolved_models=[]
[9/26/2026, 6:27:45 PM.710] [Info] [AgentModelResolver] agent "sheet-agent" original_models=[] -> resolved_models=[]
[9/26/2026, 6:27:45 PM.710] [Info] [AgentModelResolver] agent "doc-converter" original_models=[] -> resolved_models=[]
[9/26/2026, 6:27:45 PM.710] [Info] [AgentModelResolver] agent "doc-formatter" original_models=[] -> resolved_models=[]
[9/26/2026, 6:27:45 PM.710] [Info] [AgentModelResolver] agent "doc-writer" original_models=[] -> resolved_models=[]
[9/26/2026, 6:27:45 PM.726] [Info] [PluginPolicyService]  [MergedPlugins][DEBUG] ProductManager.onDidChange fired, reloading policies...
[9/26/2026, 6:27:45 PM.726] [Info] [PluginPolicyService]  [MergedPlugins][DEBUG] Current config builtInMarketPluginsMerge: [{"autoEnable":true,"marketplaceName":"codebuddy-plugins-official","name":"agent-browser","scope":"user"}]
[9/26/2026, 6:27:45 PM.726] [Info] [PluginPolicyService]  [MergedPlugins] Loaded 1 merged plugin entries
[9/26/2026, 6:27:45 PM.726] [Info] [Startup] AgentManager.rebuildAgents: START
[9/26/2026, 6:27:45 PM.727] [Info] [Startup] AgentManager.rebuildAgents: completed in 12ms, resolving readyDeferred
[9/26/2026, 6:27:45 PM.727] [Info] [PluginManager]  Checking for built-in marketplaces to install...
[9/26/2026, 6:27:45 PM.727] [Info] [BuiltInMarketplaceProvider]  Found 2 built-in marketplace(s)
[9/26/2026, 6:27:45 PM.727] [Info] [PluginManager]  Found 2 built-in marketplace(s)
[9/26/2026, 6:27:45 PM.728] [Info] [MarketplaceStorage]  [MarketplaceStorage] getMarketplaces ensureConfigFile=0ms readAndRepair=1ms migration=0ms total=1ms count=5 path=/Users/didi/.workbuddy/plugins/known_marketplaces.json
[9/26/2026, 6:27:45 PM.728] [Info] [PluginManager]  All built-in marketplaces are already installed
[9/26/2026, 6:27:45 PM.729] [Info] [MarketplaceStorage]  [MarketplaceStorage] getMarketplaces ensureConfigFile=0ms readAndRepair=1ms migration=0ms total=1ms count=5 path=/Users/didi/.workbuddy/plugins/known_marketplaces.json
[9/26/2026, 6:27:45 PM.729] [Info] [BuiltInMarketplaceProvider]  Found 2 built-in marketplace(s)
[9/26/2026, 6:27:45 PM.731] [Info] [PluginManager]  Loaded 5 marketplaces (2 built-in) total=3ms storage=1ms builtIn=0ms autoUpdate=0ms
[9/26/2026, 6:27:47 PM.717] [Info] [TracingService]  Tracing uses @tencent/galileo-node-sdk global OpenTelemetry provider; @genie OTLP exporter is skipped.
[9/26/2026, 6:27:47 PM.717] [Info] [TracingService]  Tracing config resolved: {"productEnabled":true,"enabledByEnv":false,"endpoint":"https://copilot.tencent.com","galileoEnabled":true}
[9/26/2026, 6:28:15 PM.560] [Info] [WorkflowMemProbe] tick runId=(none) | rss=107.8MB heap=162.7/166.8MB external=53.7MB arrayBuffers=0MB
[9/26/2026, 6:28:19 PM.515] [Info] [TracingService]  [primary] Exported 1 spans, traceIds: c4304b7670ed2d3bf9c2629ad381ceb5
[9/26/2026, 6:28:45 PM.560] [Info] [WorkflowMemProbe] tick runId=(none) | rss=108.3MB heap=163.2/167.3MB external=53.8MB arrayBuffers=0MB
[9/26/2026, 6:29:15 PM.561] [Info] [WorkflowMemProbe] tick runId=(none) | rss=108.4MB heap=163.4/167.6MB external=53.8MB arrayBuffers=0MB
[9/26/2026, 6:29:45 PM.561] [Info] [WorkflowMemProbe] tick runId=(none) | rss=105.9MB heap=163.6/167.6MB external=53.8MB arrayBuffers=0MB
[9/26/2026, 6:30:15 PM.562] [Info] [WorkflowMemProbe] tick runId=(none) | rss=106.2MB heap=163.7/167.8MB external=53.9MB arrayBuffers=0MB
[9/26/2026, 6:30:45 PM.563] [Info] [WorkflowMemProbe] tick runId=(none) | rss=104.4MB heap=163.9/168.1MB external=53.9MB arrayBuffers=0MB
[9/26/2026, 6:31:15 PM.564] [Info] [WorkflowMemProbe] tick runId=(none) | rss=104.7MB heap=164.1/168.1MB external=53.9MB arrayBuffers=0MB
[9/26/2026, 6:31:45 PM.565] [Info] [WorkflowMemProbe] tick runId=(none) | rss=102.6MB heap=162.9/168.3MB external=53.8MB arrayBuffers=0MB
[9/26/2026, 6:32:15 PM.566] [Info] [WorkflowMemProbe] tick runId=(none) | rss=99.2MB heap=163.1/168.3MB external=53.8MB arrayBuffers=0MB
[9/26/2026, 6:32:45 PM.566] [Info] [WorkflowMemProbe] tick runId=(none) | rss=79.2MB heap=163.3/168.3MB external=53.8MB arrayBuffers=0MB
[9/26/2026, 6:33:15 PM.567] [Info] [WorkflowMemProbe] tick runId=(none) | rss=81MB heap=163.5/168.3MB external=53.8MB arrayBuffers=0MB
[9/26/2026, 6:33:21 PM.697] [Info] [TracingService]  [primary] Exported 1 spans, traceIds: 20995db95235762a2f4d76bbde350146
[9/26/2026, 6:33:45 PM.568] [Info] [WorkflowMemProbe] tick runId=(none) | rss=88.7MB heap=165.1/168.4MB external=53.8MB arrayBuffers=0MB
[9/26/2026, 6:34:15 PM.569] [Info] [WorkflowMemProbe] tick runId=(none) | rss=89.5MB heap=165.4/168.4MB external=53.9MB arrayBuffers=0MB
[9/26/2026, 6:34:45 PM.569] [Info] [WorkflowMemProbe] tick runId=(none) | rss=88.6MB heap=164.1/168MB external=53.8MB arrayBuffers=0MB
[9/26/2026, 6:35:15 PM.571] [Info] [WorkflowMemProbe] tick runId=(none) | rss=88.7MB heap=164.3/168MB external=53.8MB arrayBuffers=0MB
[9/26/2026, 6:35:45 PM.522] [Info] [PluginsProductProvider.provide] active=9, ids=[weixinpay@workbuddy-builtin,tencent-docs-plugin@workbuddy-builtin,sheetagent@workbuddy-builtin,tencent-pptx@workbuddy-builtin,tencent-docx@workbuddy-builtin,agent-browser@codebuddy-plugins-official,find-skills@codebuddy-plugins-official,agent-browser@inline,find-skills@inline]
[9/26/2026, 6:35:45 PM.522] [Info] [MCP][cacheDbg] getConnectedServers() called: nonInteractive=true waitForSettle=false cacheNow=[connector-proxy,weixinpay,sheetagent] allServers=[connector-proxy:connected,weixinpay:connected,sheetagent:connected]
[9/26/2026, 6:35:45 PM.522] [Info] [MCP][cacheDbg] getConnectedServers() returning: [connector-proxy,weixinpay,sheetagent] (size=3)
[9/26/2026, 6:35:45 PM.529] [Info] [CustomModelsProductProvider] productName=WorkBuddy, isWorkBuddy=true, userConfigPath=/Users/didi/.workbuddy/models.json
[9/26/2026, 6:35:45 PM.529] [Info] Loaded custom models config from user: /Users/didi/.workbuddy/models.json
[9/26/2026, 6:35:45 PM.529] [Info] [ModelsProductProvider] enterpriseId: undefined, endpoint: https://copilot.tencent.com
[9/26/2026, 6:35:45 PM.529] [Warning] [ModelsProductProvider] enterpriseId is missing, skipping models API call
[9/26/2026, 6:35:45 PM.530] [Info] [AgentModelResolver] product config input: 54 models, 23 agents
[9/26/2026, 6:35:45 PM.530] [Info] [AgentModelResolver] model ids: auto, fast-model, balanced-model, deep-model, hy3, hy3-b, hy3-c, hy3-x, hy4-preview, hy4-preview-f, minimax-m2.5, glm-5v-turbo, glm-5.3, glm-5.3-flash, glm-5.2, glm-5.1, glm-5.0-turbo, glm-4.6v, kimi-k3-1, kimi-k2.8-preview, kimi-k2.7, kimi-k2.6, kimi-k2.5, kimi-k2-thinking, minimax-m3, minimax-m2.7, glm-4.6, deepseek-v4-flash, deepseek-v4.1-flash, deepseek-v4-pro, deepseek-v3-2-volc, deepseek-v3-1-volc, deepseek-v3-1-lkeap, deepseek-v3-1, deepseek-v3-0324-lkeap, deepseek-r1-0528-lkeap, kimi-k2-instruct-taiji, completion-gf, default-1.1, hunyuan-3b, hunyuan-7b-dense, codewise-completions, codewise-rewrite, codewise-nes-a4-027-aide, codewise-jump, deepseek-r1-0528, deepseek-v3-0324-taco-completion, deepseek-v3-0324, default-1.2, hunyuan-2.0-instruct, hunyuan-chat, hunyuan-image-alpha, hunyuan-image-alpha-edit, custom-local:kimi-k3
[9/26/2026, 6:35:45 PM.530] [Info] [AgentModelResolver] agent "cli" original_models=["auto","hy4-preview-f","hy3","hy3-x","deepseek-v4.1-flash","glm-5.3","glm-5.3-flash","glm-5.2","glm-5.1","glm-5v-turbo","minimax-m3","kimi-k3-1","kimi-k2.8-preview","kimi-k2.7","kimi-k2.6","deepseek-v4-pro"] -> resolved_models=["auto","hy4-preview-f","hy3","hy3-x","deepseek-v4.1-flash","glm-5.3","glm-5.3-flash","glm-5.2","glm-5.1","glm-5v-turbo","minimax-m3","kimi-k3-1","kimi-k2.8-preview","kimi-k2.7","kimi-k2.6","deepseek-v4-pro"]
[9/26/2026, 6:35:45 PM.530] [Info] [AgentModelResolver] agent "general-purpose" original_models=[] -> resolved_models=[]
[9/26/2026, 6:35:45 PM.530] [Info] [AgentModelResolver] agent "compact" original_models=[] -> resolved_models=[]
[9/26/2026, 6:35:45 PM.530] [Info] [AgentModelResolver] agent "contextSummary" original_models=[] -> resolved_models=[]
[9/26/2026, 6:35:45 PM.530] [Info] [AgentModelResolver] agent "contentAnalyzer" original_models=[] -> resolved_models=[]
[9/26/2026, 6:35:45 PM.530] [Info] [AgentModelResolver] agent "terminalTitleGenerator" original_models=[] -> resolved_models=[]
[9/26/2026, 6:35:45 PM.530] [Info] [AgentModelResolver] agent "promptSuggestion" original_models=[] -> resolved_models=[]
[9/26/2026, 6:35:45 PM.530] [Info] [AgentModelResolver] agent "memorySelector" original_models=["lite"] -> resolved_models=["lite"]
[9/26/2026, 6:35:45 PM.530] [Info] [AgentModelResolver] agent "summaryGenerator" original_models=[] -> resolved_models=[]
[9/26/2026, 6:35:45 PM.530] [Info] [AgentModelResolver] agent "autoModeClassifier" original_models=[] -> resolved_models=[]
[9/26/2026, 6:35:45 PM.530] [Info] [AgentModelResolver] agent "promptHookEvaluator" original_models=["lite"] -> resolved_models=["lite"]
[9/26/2026, 6:35:45 PM.530] [Info] [AgentModelResolver] agent "insightsAnalyzer" original_models=[] -> resolved_models=[]
[9/26/2026, 6:35:45 PM.530] [Info] [AgentModelResolver] agent "agentInstructions" original_models=[] -> resolved_models=[]
[9/26/2026, 6:35:45 PM.530] [Info] [AgentModelResolver] agent "statusline-setup" original_models=[] -> resolved_models=[]
[9/26/2026, 6:35:45 PM.530] [Info] [AgentModelResolver] agent "Explore" original_models=["lite"] -> resolved_models=["lite"]
[9/26/2026, 6:35:45 PM.530] [Info] [AgentModelResolver] agent "Plan" original_models=[] -> resolved_models=[]
[9/26/2026, 6:35:45 PM.530] [Info] [AgentModelResolver] agent "pulse" original_models=[] -> resolved_models=[]
[9/26/2026, 6:35:45 PM.530] [Info] [AgentModelResolver] agent "handoff-summary" original_models=undefined -> resolved_models=[]
[9/26/2026, 6:35:45 PM.530] [Info] [AgentModelResolver] agent "enhance-prompt" original_models=[] -> resolved_models=[]
[9/26/2026, 6:35:45 PM.530] [Info] [AgentModelResolver] agent "sheet-agent" original_models=[] -> resolved_models=[]
[9/26/2026, 6:35:45 PM.530] [Info] [AgentModelResolver] agent "doc-converter" original_models=[] -> resolved_models=[]
[9/26/2026, 6:35:45 PM.530] [Info] [AgentModelResolver] agent "doc-formatter" original_models=[] -> resolved_models=[]
[9/26/2026, 6:35:45 PM.530] [Info] [AgentModelResolver] agent "doc-writer" original_models=[] -> resolved_models=[]
[9/26/2026, 6:35:45 PM.547] [Info] [PluginPolicyService]  [MergedPlugins][DEBUG] ProductManager.onDidChange fired, reloading policies...
[9/26/2026, 6:35:45 PM.547] [Info] [PluginPolicyService]  [MergedPlugins][DEBUG] Current config builtInMarketPluginsMerge: [{"autoEnable":true,"marketplaceName":"codebuddy-plugins-official","name":"agent-browser","scope":"user"}]
[9/26/2026, 6:35:45 PM.547] [Info] [PluginPolicyService]  [MergedPlugins] Loaded 1 merged plugin entries
[9/26/2026, 6:35:45 PM.547] [Info] [Startup] AgentManager.rebuildAgents: START
[9/26/2026, 6:35:45 PM.547] [Info] [Startup] AgentManager.rebuildAgents: completed in 12ms, resolving readyDeferred
[9/26/2026, 6:35:45 PM.553] [Info] [PluginManager]  Checking for built-in marketplaces to install...
[9/26/2026, 6:35:45 PM.553] [Info] [BuiltInMarketplaceProvider]  Found 2 built-in marketplace(s)
[9/26/2026, 6:35:45 PM.553] [Info] [PluginManager]  Found 2 built-in marketplace(s)
[9/26/2026, 6:35:45 PM.555] [Info] [MarketplaceStorage]  [MarketplaceStorage] getMarketplaces ensureConfigFile=0ms readAndRepair=2ms migration=0ms total=2ms count=5 path=/Users/didi/.workbuddy/plugins/known_marketplaces.json
[9/26/2026, 6:35:45 PM.555] [Info] [PluginManager]  All built-in marketplaces are already installed
[9/26/2026, 6:35:45 PM.556] [Info] [MarketplaceStorage]  [MarketplaceStorage] getMarketplaces ensureConfigFile=0ms readAndRepair=1ms migration=0ms total=1ms count=5 path=/Users/didi/.workbuddy/plugins/known_marketplaces.json
[9/26/2026, 6:35:45 PM.556] [Info] [BuiltInMarketplaceProvider]  Found 2 built-in marketplace(s)
[9/26/2026, 6:35:45 PM.559] [Info] [PluginManager]  Loaded 5 marketplaces (2 built-in) total=4ms storage=1ms builtIn=0ms autoUpdate=0ms
[9/26/2026, 6:35:45 PM.571] [Info] [WorkflowMemProbe] tick runId=(none) | rss=139.1MB heap=158.5/165.9MB external=54.4MB arrayBuffers=0MB
[9/26/2026, 6:35:47 PM.536] [Info] [TracingService]  Tracing uses @tencent/galileo-node-sdk global OpenTelemetry provider; @genie OTLP exporter is skipped.
[9/26/2026, 6:35:47 PM.536] [Info] [TracingService]  Tracing config resolved: {"productEnabled":true,"enabledByEnv":false,"endpoint":"https://copilot.tencent.com","galileoEnabled":true}
[9/26/2026, 6:36:15 PM.574] [Info] [WorkflowMemProbe] tick runId=(none) | rss=115.7MB heap=158.8/165.9MB external=54.4MB arrayBuffers=0MB
[9/26/2026, 6:36:45 PM.572] [Info] [WorkflowMemProbe] tick runId=(none) | rss=122.3MB heap=158.9/166.2MB external=54.4MB arrayBuffers=0MB
[9/26/2026, 6:37:15 PM.574] [Info] [WorkflowMemProbe] tick runId=(none) | rss=48.8MB heap=159.1/166.2MB external=54.5MB arrayBuffers=0MB
[9/26/2026, 6:37:45 PM.575] [Info] [WorkflowMemProbe] tick runId=(none) | rss=52MB heap=159.3/166.4MB external=54.5MB arrayBuffers=0MB
[9/26/2026, 6:38:15 PM.575] [Info] [WorkflowMemProbe] tick runId=(none) | rss=57.3MB heap=159.5/166.7MB external=54.5MB arrayBuffers=0MB
[9/26/2026, 6:38:23 PM.628] [Info] [TracingService]  [primary] Exported 1 spans, traceIds: 71d4451a635c05deb1e1bb46ed7d287f
[9/26/2026, 6:38:45 PM.575] [Info] [WorkflowMemProbe] tick runId=(none) | rss=75.4MB heap=162.8/169.9MB external=54.5MB arrayBuffers=0MB
[9/26/2026, 6:39:15 PM.576] [Info] [WorkflowMemProbe] tick runId=(none) | rss=76.6MB heap=163.1/170.2MB external=54.6MB arrayBuffers=0MB
[9/26/2026, 6:39:45 PM.577] [Info] [WorkflowMemProbe] tick runId=(none) | rss=76.9MB heap=163.3/170.4MB external=54.6MB arrayBuffers=0MB
[9/26/2026, 6:40:15 PM.577] [Info] [WorkflowMemProbe] tick runId=(none) | rss=77.2MB heap=163.5/170.7MB external=54.6MB arrayBuffers=0MB
[9/26/2026, 6:40:45 PM.578] [Info] [WorkflowMemProbe] tick runId=(none) | rss=76.3MB heap=163.7/170.7MB external=54.6MB arrayBuffers=0MB
[9/26/2026, 6:41:15 PM.579] [Info] [WorkflowMemProbe] tick runId=(none) | rss=76.8MB heap=163.9/170.9MB external=54.6MB arrayBuffers=0MB
[9/26/2026, 6:41:45 PM.580] [Info] [WorkflowMemProbe] tick runId=(none) | rss=79.9MB heap=158/164.1MB external=54.1MB arrayBuffers=0MB
[9/26/2026, 6:42:15 PM.581] [Info] [WorkflowMemProbe] tick runId=(none) | rss=80.1MB heap=158.2/164.1MB external=54.1MB arrayBuffers=0MB
[9/26/2026, 6:42:45 PM.581] [Info] [WorkflowMemProbe] tick runId=(none) | rss=80.3MB heap=158.4/164.1MB external=54.1MB arrayBuffers=0MB
[9/26/2026, 6:43:15 PM.582] [Info] [WorkflowMemProbe] tick runId=(none) | rss=82.1MB heap=158/163.1MB external=54.1MB arrayBuffers=0MB
[9/26/2026, 6:43:25 PM.606] [Info] [TracingService]  [primary] Exported 1 spans, traceIds: d471c42ec71e4105ca6eebb2586a96aa
[9/26/2026, 6:43:45 PM.519] [Info] [GitInfoCollector]  CODEBUDDY_GIT_REPO_SCAN_DISABLED 1
[9/26/2026, 6:43:45 PM.519] [Info] [GitInfoCollector]  Git repository scan is disabled via CODEBUDDY_GIT_REPO_SCAN_DISABLED environment variable
[9/26/2026, 6:43:45 PM.583] [Info] [WorkflowMemProbe] tick runId=(none) | rss=96.7MB heap=164.1/171.1MB external=54.1MB arrayBuffers=0MB
[9/26/2026, 6:43:45 PM.666] [Info] [CloudProductManager]  fetch cloud product success, agents(1): cli, models(53): auto,fast-model,balanced-model,deep-model,hy3,hy3-b,hy3-c,hy3-x,hy4-preview,hy4-preview-f,minimax-m2.5,glm-5v-turbo,glm-5.3,glm-5.3-flash,glm-5.2,glm-5.1,glm-5.0-turbo,glm-4.6v,kimi-k3-1,kimi-k2.8-preview,kimi-k2.7,kimi-k2.6,kimi-k2.5,kimi-k2-thinking,minimax-m3,minimax-m2.7,glm-4.6,deepseek-v4-flash,deepseek-v4.1-flash,deepseek-v4-pro,deepseek-v3-2-volc,deepseek-v3-1-volc,deepseek-v3-1-lkeap,deepseek-v3-1,deepseek-v3-0324-lkeap,deepseek-r1-0528-lkeap,kimi-k2-instruct-taiji,completion-gf,default-1.1,hunyuan-3b,hunyuan-7b-dense,codewise-completions,codewise-rewrite,codewise-nes-a4-027-aide,codewise-jump,deepseek-r1-0528,deepseek-v3-0324-taco-completion,deepseek-v3-0324,default-1.2,hunyuan-2.0-instruct,hunyuan-chat,hunyuan-image-alpha,hunyuan-image-alpha-edit
[9/26/2026, 6:43:45 PM.666] [Info] [CloudProductManager]  Fetched configuration from remote [147ms]
[9/26/2026, 6:43:45 PM.668] [Info] [PluginsProductProvider.provide] active=9, ids=[weixinpay@workbuddy-builtin,tencent-docs-plugin@workbuddy-builtin,sheetagent@workbuddy-builtin,tencent-pptx@workbuddy-builtin,tencent-docx@workbuddy-builtin,agent-browser@codebuddy-plugins-official,find-skills@codebuddy-plugins-official,agent-browser@inline,find-skills@inline]
[9/26/2026, 6:43:45 PM.668] [Info] [MCP][cacheDbg] getConnectedServers() called: nonInteractive=true waitForSettle=false cacheNow=[connector-proxy,weixinpay,sheetagent] allServers=[connector-proxy:connected,weixinpay:connected,sheetagent:connected]
[9/26/2026, 6:43:45 PM.668] [Info] [MCP][cacheDbg] getConnectedServers() returning: [connector-proxy,weixinpay,sheetagent] (size=3)
[9/26/2026, 6:43:45 PM.676] [Info] [CustomModelsProductProvider] productName=WorkBuddy, isWorkBuddy=true, userConfigPath=/Users/didi/.workbuddy/models.json
[9/26/2026, 6:43:45 PM.676] [Info] Loaded custom models config from user: /Users/didi/.workbuddy/models.json
[9/26/2026, 6:43:45 PM.677] [Info] [ModelsProductProvider] enterpriseId: undefined, endpoint: https://copilot.tencent.com
[9/26/2026, 6:43:45 PM.677] [Warning] [ModelsProductProvider] enterpriseId is missing, skipping models API call
[9/26/2026, 6:43:45 PM.677] [Info] [AgentModelResolver] product config input: 54 models, 23 agents
[9/26/2026, 6:43:45 PM.677] [Info] [AgentModelResolver] model ids: auto, fast-model, balanced-model, deep-model, hy3, hy3-b, hy3-c, hy3-x, hy4-preview, hy4-preview-f, minimax-m2.5, glm-5v-turbo, glm-5.3, glm-5.3-flash, glm-5.2, glm-5.1, glm-5.0-turbo, glm-4.6v, kimi-k3-1, kimi-k2.8-preview, kimi-k2.7, kimi-k2.6, kimi-k2.5, kimi-k2-thinking, minimax-m3, minimax-m2.7, glm-4.6, deepseek-v4-flash, deepseek-v4.1-flash, deepseek-v4-pro, deepseek-v3-2-volc, deepseek-v3-1-volc, deepseek-v3-1-lkeap, deepseek-v3-1, deepseek-v3-0324-lkeap, deepseek-r1-0528-lkeap, kimi-k2-instruct-taiji, completion-gf, default-1.1, hunyuan-3b, hunyuan-7b-dense, codewise-completions, codewise-rewrite, codewise-nes-a4-027-aide, codewise-jump, deepseek-r1-0528, deepseek-v3-0324-taco-completion, deepseek-v3-0324, default-1.2, hunyuan-2.0-instruct, hunyuan-chat, hunyuan-image-alpha, hunyuan-image-alpha-edit, custom-local:kimi-k3
[9/26/2026, 6:43:45 PM.677] [Info] [AgentModelResolver] agent "cli" original_models=["auto","hy4-preview-f","hy3","hy3-x","deepseek-v4.1-flash","glm-5.3","glm-5.3-flash","glm-5.2","glm-5.1","glm-5v-turbo","minimax-m3","kimi-k3-1","kimi-k2.8-preview","kimi-k2.7","kimi-k2.6","deepseek-v4-pro"] -> resolved_models=["auto","hy4-preview-f","hy3","hy3-x","deepseek-v4.1-flash","glm-5.3","glm-5.3-flash","glm-5.2","glm-5.1","glm-5v-turbo","minimax-m3","kimi-k3-1","kimi-k2.8-preview","kimi-k2.7","kimi-k2.6","deepseek-v4-pro"]
[9/26/2026, 6:43:45 PM.677] [Info] [AgentModelResolver] agent "general-purpose" original_models=[] -> resolved_models=[]
[9/26/2026, 6:43:45 PM.677] [Info] [AgentModelResolver] agent "compact" original_models=[] -> resolved_models=[]
[9/26/2026, 6:43:45 PM.677] [Info] [AgentModelResolver] agent "contextSummary" original_models=[] -> resolved_models=[]
[9/26/2026, 6:43:45 PM.677] [Info] [AgentModelResolver] agent "contentAnalyzer" original_models=[] -> resolved_models=[]
[9/26/2026, 6:43:45 PM.677] [Info] [AgentModelResolver] agent "terminalTitleGenerator" original_models=[] -> resolved_models=[]
[9/26/2026, 6:43:45 PM.677] [Info] [AgentModelResolver] agent "promptSuggestion" original_models=[] -> resolved_models=[]
[9/26/2026, 6:43:45 PM.677] [Info] [AgentModelResolver] agent "memorySelector" original_models=["lite"] -> resolved_models=["lite"]
[9/26/2026, 6:43:45 PM.677] [Info] [AgentModelResolver] agent "summaryGenerator" original_models=[] -> resolved_models=[]
[9/26/2026, 6:43:45 PM.677] [Info] [AgentModelResolver] agent "autoModeClassifier" original_models=[] -> resolved_models=[]
[9/26/2026, 6:43:45 PM.677] [Info] [AgentModelResolver] agent "promptHookEvaluator" original_models=["lite"] -> resolved_models=["lite"]
[9/26/2026, 6:43:45 PM.677] [Info] [AgentModelResolver] agent "insightsAnalyzer" original_models=[] -> resolved_models=[]
[9/26/2026, 6:43:45 PM.677] [Info] [AgentModelResolver] agent "agentInstructions" original_models=[] -> resolved_models=[]
[9/26/2026, 6:43:45 PM.677] [Info] [AgentModelResolver] agent "statusline-setup" original_models=[] -> resolved_models=[]
[9/26/2026, 6:43:45 PM.677] [Info] [AgentModelResolver] agent "Explore" original_models=["lite"] -> resolved_models=["lite"]
[9/26/2026, 6:43:45 PM.677] [Info] [AgentModelResolver] agent "Plan" original_models=[] -> resolved_models=[]
[9/26/2026, 6:43:45 PM.677] [Info] [AgentModelResolver] agent "pulse" original_models=[] -> resolved_models=[]
[9/26/2026, 6:43:45 PM.677] [Info] [AgentModelResolver] agent "handoff-summary" original_models=undefined -> resolved_models=[]
[9/26/2026, 6:43:45 PM.677] [Info] [AgentModelResolver] agent "enhance-prompt" original_models=[] -> resolved_models=[]
[9/26/2026, 6:43:45 PM.677] [Info] [AgentModelResolver] agent "sheet-agent" original_models=[] -> resolved_models=[]
[9/26/2026, 6:43:45 PM.677] [Info] [AgentModelResolver] agent "doc-converter" original_models=[] -> resolved_models=[]
[9/26/2026, 6:43:45 PM.677] [Info] [AgentModelResolver] agent "doc-formatter" original_models=[] -> resolved_models=[]
[9/26/2026, 6:43:45 PM.677] [Info] [AgentModelResolver] agent "doc-writer" original_models=[] -> resolved_models=[]
[9/26/2026, 6:43:45 PM.693] [Info] [PluginPolicyService]  [MergedPlugins][DEBUG] ProductManager.onDidChange fired, reloading policies...
[9/26/2026, 6:43:45 PM.693] [Info] [PluginPolicyService]  [MergedPlugins][DEBUG] Current config builtInMarketPluginsMerge: [{"autoEnable":true,"marketplaceName":"codebuddy-plugins-official","name":"agent-browser","scope":"user"}]
[9/26/2026, 6:43:45 PM.693] [Info] [PluginPolicyService]  [MergedPlugins] Loaded 1 merged plugin entries
[9/26/2026, 6:43:45 PM.693] [Info] [Startup] AgentManager.rebuildAgents: START
[9/26/2026, 6:43:45 PM.694] [Info] [Startup] AgentManager.rebuildAgents: completed in 12ms, resolving readyDeferred
[9/26/2026, 6:43:45 PM.694] [Info] [PluginManager]  Checking for built-in marketplaces to install...
[9/26/2026, 6:43:45 PM.694] [Info] [BuiltInMarketplaceProvider]  Found 2 built-in marketplace(s)
[9/26/2026, 6:43:45 PM.694] [Info] [PluginManager]  Found 2 built-in marketplace(s)
[9/26/2026, 6:43:45 PM.695] [Info] [MarketplaceStorage]  [MarketplaceStorage] getMarketplaces ensureConfigFile=0ms readAndRepair=1ms migration=0ms total=1ms count=5 path=/Users/didi/.workbuddy/plugins/known_marketplaces.json
[9/26/2026, 6:43:45 PM.695] [Info] [PluginManager]  All built-in marketplaces are already installed
[9/26/2026, 6:43:45 PM.696] [Info] [MarketplaceStorage]  [MarketplaceStorage] getMarketplaces ensureConfigFile=0ms readAndRepair=1ms migration=0ms total=1ms count=5 path=/Users/didi/.workbuddy/plugins/known_marketplaces.json
[9/26/2026, 6:43:45 PM.696] [Info] [BuiltInMarketplaceProvider]  Found 2 built-in marketplace(s)
[9/26/2026, 6:43:45 PM.700] [Info] [PluginManager]  Loaded 5 marketplaces (2 built-in) total=4ms storage=1ms builtIn=0ms autoUpdate=0ms
[9/26/2026, 6:43:47 PM.683] [Info] [TracingService]  Tracing uses @tencent/galileo-node-sdk global OpenTelemetry provider; @genie OTLP exporter is skipped.
[9/26/2026, 6:43:47 PM.683] [Info] [TracingService]  Tracing config resolved: {"productEnabled":true,"enabledByEnv":false,"endpoint":"https://copilot.tencent.com","galileoEnabled":true}
[9/26/2026, 6:44:15 PM.583] [Info] [WorkflowMemProbe] tick runId=(none) | rss=104.7MB heap=167.2/174.7MB external=54.7MB arrayBuffers=0MB
[9/26/2026, 6:44:45 PM.584] [Info] [WorkflowMemProbe] tick runId=(none) | rss=104.3MB heap=167.4/174.7MB external=54.7MB arrayBuffers=0MB
[9/26/2026, 6:45:15 PM.585] [Info] [WorkflowMemProbe] tick runId=(none) | rss=101.2MB heap=167.6/174.7MB external=54.8MB arrayBuffers=0MB
[9/26/2026, 6:45:45 PM.586] [Info] [WorkflowMemProbe] tick runId=(none) | rss=101.2MB heap=167.7/174.7MB external=54.8MB arrayBuffers=0MB
[9/26/2026, 6:46:15 PM.587] [Info] [WorkflowMemProbe] tick runId=(none) | rss=101.7MB heap=167.9/174.7MB external=54.8MB arrayBuffers=0MB
[9/26/2026, 6:46:45 PM.588] [Info] [WorkflowMemProbe] tick runId=(none) | rss=102MB heap=168.1/174.7MB external=54.8MB arrayBuffers=0MB
[9/26/2026, 6:47:15 PM.589] [Info] [WorkflowMemProbe] tick runId=(none) | rss=105MB heap=168.3/174.7MB external=54.8MB arrayBuffers=0MB
[9/26/2026, 6:47:45 PM.590] [Info] [WorkflowMemProbe] tick runId=(none) | rss=93.1MB heap=168.5/174.7MB external=54.8MB arrayBuffers=0MB
[9/26/2026, 6:48:15 PM.598] [Info] [WorkflowMemProbe] tick runId=(none) | rss=93.3MB heap=168.7/174.7MB external=54.8MB arrayBuffers=0MB
[9/26/2026, 6:48:27 PM.566] [Info] [TracingService]  [primary] Exported 1 spans, traceIds: b418aad55b67bf1b66a8cf13156db451
[9/26/2026, 6:48:45 PM.601] [Info] [WorkflowMemProbe] tick runId=(none) | rss=98.6MB heap=171.9/177.5MB external=54.9MB arrayBuffers=0MB
[9/26/2026, 6:49:15 PM.602] [Info] [WorkflowMemProbe] tick runId=(none) | rss=99.7MB heap=172.3/178MB external=54.9MB arrayBuffers=0MB
[9/26/2026, 6:49:45 PM.603] [Info] [WorkflowMemProbe] tick runId=(none) | rss=100.9MB heap=166/170.5MB external=54.2MB arrayBuffers=0MB
[9/26/2026, 6:50:15 PM.604] [Info] [WorkflowMemProbe] tick runId=(none) | rss=100.9MB heap=166.2/170.5MB external=54.3MB arrayBuffers=0MB
[9/26/2026, 6:50:45 PM.605] [Info] [WorkflowMemProbe] tick runId=(none) | rss=98.5MB heap=166.1/170.7MB external=54.3MB arrayBuffers=0MB
[9/26/2026, 6:51:15 PM.607] [Info] [WorkflowMemProbe] tick runId=(none) | rss=98.6MB heap=166.2/171MB external=54.3MB arrayBuffers=0MB
[9/26/2026, 6:51:45 PM.534] [Info] [PluginsProductProvider.provide] active=9, ids=[weixinpay@workbuddy-builtin,tencent-docs-plugin@workbuddy-builtin,sheetagent@workbuddy-builtin,tencent-pptx@workbuddy-builtin,tencent-docx@workbuddy-builtin,agent-browser@codebuddy-plugins-official,find-skills@codebuddy-plugins-official,agent-browser@inline,find-skills@inline]
[9/26/2026, 6:51:45 PM.534] [Info] [MCP][cacheDbg] getConnectedServers() called: nonInteractive=true waitForSettle=false cacheNow=[connector-proxy,weixinpay,sheetagent] allServers=[connector-proxy:connected,weixinpay:connected,sheetagent:connected]
[9/26/2026, 6:51:45 PM.534] [Info] [MCP][cacheDbg] getConnectedServers() returning: [connector-proxy,weixinpay,sheetagent] (size=3)
[9/26/2026, 6:51:45 PM.543] [Info] [CustomModelsProductProvider] productName=WorkBuddy, isWorkBuddy=true, userConfigPath=/Users/didi/.workbuddy/models.json
[9/26/2026, 6:51:45 PM.543] [Info] Loaded custom models config from user: /Users/didi/.workbuddy/models.json
[9/26/2026, 6:51:45 PM.543] [Info] [ModelsProductProvider] enterpriseId: undefined, endpoint: https://copilot.tencent.com
[9/26/2026, 6:51:45 PM.543] [Warning] [ModelsProductProvider] enterpriseId is missing, skipping models API call
[9/26/2026, 6:51:45 PM.543] [Info] [AgentModelResolver] product config input: 54 models, 23 agents
[9/26/2026, 6:51:45 PM.543] [Info] [AgentModelResolver] model ids: auto, fast-model, balanced-model, deep-model, hy3, hy3-b, hy3-c, hy3-x, hy4-preview, hy4-preview-f, minimax-m2.5, glm-5v-turbo, glm-5.3, glm-5.3-flash, glm-5.2, glm-5.1, glm-5.0-turbo, glm-4.6v, kimi-k3-1, kimi-k2.8-preview, kimi-k2.7, kimi-k2.6, kimi-k2.5, kimi-k2-thinking, minimax-m3, minimax-m2.7, glm-4.6, deepseek-v4-flash, deepseek-v4.1-flash, deepseek-v4-pro, deepseek-v3-2-volc, deepseek-v3-1-volc, deepseek-v3-1-lkeap, deepseek-v3-1, deepseek-v3-0324-lkeap, deepseek-r1-0528-lkeap, kimi-k2-instruct-taiji, completion-gf, default-1.1, hunyuan-3b, hunyuan-7b-dense, codewise-completions, codewise-rewrite, codewise-nes-a4-027-aide, codewise-jump, deepseek-r1-0528, deepseek-v3-0324-taco-completion, deepseek-v3-0324, default-1.2, hunyuan-2.0-instruct, hunyuan-chat, hunyuan-image-alpha, hunyuan-image-alpha-edit, custom-local:kimi-k3
[9/26/2026, 6:51:45 PM.543] [Info] [AgentModelResolver] agent "cli" original_models=["auto","hy4-preview-f","hy3","hy3-x","deepseek-v4.1-flash","glm-5.3","glm-5.3-flash","glm-5.2","glm-5.1","glm-5v-turbo","minimax-m3","kimi-k3-1","kimi-k2.8-preview","kimi-k2.7","kimi-k2.6","deepseek-v4-pro"] -> resolved_models=["auto","hy4-preview-f","hy3","hy3-x","deepseek-v4.1-flash","glm-5.3","glm-5.3-flash","glm-5.2","glm-5.1","glm-5v-turbo","minimax-m3","kimi-k3-1","kimi-k2.8-preview","kimi-k2.7","kimi-k2.6","deepseek-v4-pro"]
[9/26/2026, 6:51:45 PM.543] [Info] [AgentModelResolver] agent "general-purpose" original_models=[] -> resolved_models=[]
[9/26/2026, 6:51:45 PM.543] [Info] [AgentModelResolver] agent "compact" original_models=[] -> resolved_models=[]
[9/26/2026, 6:51:45 PM.543] [Info] [AgentModelResolver] agent "contextSummary" original_models=[] -> resolved_models=[]
[9/26/2026, 6:51:45 PM.543] [Info] [AgentModelResolver] agent "contentAnalyzer" original_models=[] -> resolved_models=[]
[9/26/2026, 6:51:45 PM.543] [Info] [AgentModelResolver] agent "terminalTitleGenerator" original_models=[] -> resolved_models=[]
[9/26/2026, 6:51:45 PM.543] [Info] [AgentModelResolver] agent "promptSuggestion" original_models=[] -> resolved_models=[]
[9/26/2026, 6:51:45 PM.543] [Info] [AgentModelResolver] agent "memorySelector" original_models=["lite"] -> resolved_models=["lite"]
[9/26/2026, 6:51:45 PM.543] [Info] [AgentModelResolver] agent "summaryGenerator" original_models=[] -> resolved_models=[]
[9/26/2026, 6:51:45 PM.543] [Info] [AgentModelResolver] agent "autoModeClassifier" original_models=[] -> resolved_models=[]
[9/26/2026, 6:51:45 PM.543] [Info] [AgentModelResolver] agent "promptHookEvaluator" original_models=["lite"] -> resolved_models=["lite"]
[9/26/2026, 6:51:45 PM.543] [Info] [AgentModelResolver] agent "insightsAnalyzer" original_models=[] -> resolved_models=[]
[9/26/2026, 6:51:45 PM.543] [Info] [AgentModelResolver] agent "agentInstructions" original_models=[] -> resolved_models=[]
[9/26/2026, 6:51:45 PM.543] [Info] [AgentModelResolver] agent "statusline-setup" original_models=[] -> resolved_models=[]
[9/26/2026, 6:51:45 PM.543] [Info] [AgentModelResolver] agent "Explore" original_models=["lite"] -> resolved_models=["lite"]
[9/26/2026, 6:51:45 PM.543] [Info] [AgentModelResolver] agent "Plan" original_models=[] -> resolved_models=[]
[9/26/2026, 6:51:45 PM.543] [Info] [AgentModelResolver] agent "pulse" original_models=[] -> resolved_models=[]
[9/26/2026, 6:51:45 PM.543] [Info] [AgentModelResolver] agent "handoff-summary" original_models=undefined -> resolved_models=[]
[9/26/2026, 6:51:45 PM.543] [Info] [AgentModelResolver] agent "enhance-prompt" original_models=[] -> resolved_models=[]
[9/26/2026, 6:51:45 PM.543] [Info] [AgentModelResolver] agent "sheet-agent" original_models=[] -> resolved_models=[]
[9/26/2026, 6:51:45 PM.543] [Info] [AgentModelResolver] agent "doc-converter" original_models=[] -> resolved_models=[]
[9/26/2026, 6:51:45 PM.543] [Info] [AgentModelResolver] agent "doc-formatter" original_models=[] -> resolved_models=[]
[9/26/2026, 6:51:45 PM.543] [Info] [AgentModelResolver] agent "doc-writer" original_models=[] -> resolved_models=[]
[9/26/2026, 6:51:45 PM.560] [Info] [PluginPolicyService]  [MergedPlugins][DEBUG] ProductManager.onDidChange fired, reloading policies...
[9/26/2026, 6:51:45 PM.560] [Info] [PluginPolicyService]  [MergedPlugins][DEBUG] Current config builtInMarketPluginsMerge: [{"autoEnable":true,"marketplaceName":"codebuddy-plugins-official","name":"agent-browser","scope":"user"}]
[9/26/2026, 6:51:45 PM.560] [Info] [PluginPolicyService]  [MergedPlugins] Loaded 1 merged plugin entries
[9/26/2026, 6:51:45 PM.560] [Info] [Startup] AgentManager.rebuildAgents: START
[9/26/2026, 6:51:45 PM.560] [Info] [Startup] AgentManager.rebuildAgents: completed in 12ms, resolving readyDeferred
[9/26/2026, 6:51:45 PM.561] [Info] [PluginManager]  Checking for built-in marketplaces to install...
[9/26/2026, 6:51:45 PM.561] [Info] [BuiltInMarketplaceProvider]  Found 2 built-in marketplace(s)
[9/26/2026, 6:51:45 PM.561] [Info] [PluginManager]  Found 2 built-in marketplace(s)
[9/26/2026, 6:51:45 PM.563] [Info] [MarketplaceStorage]  [MarketplaceStorage] getMarketplaces ensureConfigFile=0ms readAndRepair=2ms migration=0ms total=2ms count=5 path=/Users/didi/.workbuddy/plugins/known_marketplaces.json
[9/26/2026, 6:51:45 PM.563] [Info] [PluginManager]  All built-in marketplaces are already installed
[9/26/2026, 6:51:45 PM.564] [Info] [MarketplaceStorage]  [MarketplaceStorage] getMarketplaces ensureConfigFile=0ms readAndRepair=1ms migration=0ms total=1ms count=5 path=/Users/didi/.workbuddy/plugins/known_marketplaces.json
[9/26/2026, 6:51:45 PM.565] [Info] [BuiltInMarketplaceProvider]  Found 2 built-in marketplace(s)
[9/26/2026, 6:51:45 PM.568] [Info] [PluginManager]  Loaded 5 marketplaces (2 built-in) total=5ms storage=1ms builtIn=0ms autoUpdate=1ms
[9/26/2026, 6:51:45 PM.608] [Info] [WorkflowMemProbe] tick runId=(none) | rss=133.8MB heap=153.2/161.2MB external=55.4MB arrayBuffers=0MB
[9/26/2026, 6:51:47 PM.551] [Info] [TracingService]  Tracing uses @tencent/galileo-node-sdk global OpenTelemetry provider; @genie OTLP exporter is skipped.
[9/26/2026, 6:51:47 PM.551] [Info] [TracingService]  Tracing config resolved: {"productEnabled":true,"enabledByEnv":false,"endpoint":"https://copilot.tencent.com","galileoEnabled":true}
[9/26/2026, 6:52:15 PM.610] [Info] [WorkflowMemProbe] tick runId=(none) | rss=133MB heap=153.5/161.2MB external=53.7MB arrayBuffers=0MB
[9/26/2026, 6:52:45 PM.611] [Info] [WorkflowMemProbe] tick runId=(none) | rss=126.4MB heap=153.7/161.2MB external=53.7MB arrayBuffers=0MB
[9/26/2026, 6:53:15 PM.611] [Info] [WorkflowMemProbe] tick runId=(none) | rss=126MB heap=153.9/161.2MB external=53.7MB arrayBuffers=0MB
[9/26/2026, 6:53:29 PM.747] [Info] [TracingService]  [primary] Exported 1 spans, traceIds: 450d830b79f4b7a7d850e7c9453c29c9
[9/26/2026, 6:53:45 PM.613] [Info] [WorkflowMemProbe] tick runId=(none) | rss=130.3MB heap=157.2/164MB external=53.7MB arrayBuffers=0MB
[9/26/2026, 6:54:15 PM.615] [Info] [WorkflowMemProbe] tick runId=(none) | rss=131.7MB heap=157.5/164.3MB external=53.8MB arrayBuffers=0MB
[9/26/2026, 6:54:45 PM.617] [Info] [WorkflowMemProbe] tick runId=(none) | rss=131.4MB heap=157.7/164.5MB external=53.8MB arrayBuffers=0MB
[9/26/2026, 6:55:15 PM.619] [Info] [WorkflowMemProbe] tick runId=(none) | rss=131.6MB heap=157.9/164.5MB external=53.8MB arrayBuffers=0MB
[9/26/2026, 6:55:45 PM.621] [Info] [WorkflowMemProbe] tick runId=(none) | rss=125.4MB heap=158.1/164.8MB external=53.8MB arrayBuffers=0MB
[9/26/2026, 6:56:15 PM.623] [Info] [WorkflowMemProbe] tick runId=(none) | rss=125.6MB heap=158.3/165MB external=53.8MB arrayBuffers=0MB
[9/26/2026, 6:56:45 PM.623] [Info] [WorkflowMemProbe] tick runId=(none) | rss=86MB heap=158.4/165MB external=53.8MB arrayBuffers=0MB
[9/26/2026, 6:57:15 PM.625] [Info] [WorkflowMemProbe] tick runId=(none) | rss=86.4MB heap=158.6/165.3MB external=53.8MB arrayBuffers=0MB
[9/26/2026, 6:57:45 PM.627] [Info] [WorkflowMemProbe] tick runId=(none) | rss=77.9MB heap=158.8/165.5MB external=53.8MB arrayBuffers=0MB
[9/26/2026, 6:58:15 PM.628] [Info] [WorkflowMemProbe] tick runId=(none) | rss=64.8MB heap=159/165.8MB external=53.9MB arrayBuffers=0MB
[9/26/2026, 6:58:32 PM.063] [Info] [TracingService]  [primary] Exported 1 spans, traceIds: 9067bf89530de4147ccbe37f930b7779
[9/26/2026, 6:58:45 PM.628] [Info] [WorkflowMemProbe] tick runId=(none) | rss=87.4MB heap=156.6/163MB external=53.7MB arrayBuffers=0MB
[9/26/2026, 7:14:31 PM.785] [Info] [WorkflowMemProbe] tick runId=(none) | rss=88.4MB heap=157/163.3MB external=53.8MB arrayBuffers=0MB
[9/26/2026, 7:14:31 PM.792] [Info] [GitInfoCollector]  CODEBUDDY_GIT_REPO_SCAN_DISABLED 1
[9/26/2026, 7:14:31 PM.792] [Info] [GitInfoCollector]  Git repository scan is disabled via CODEBUDDY_GIT_REPO_SCAN_DISABLED environment variable
[9/26/2026, 7:14:32 PM.299] [Info] [CloudProductManager]  fetch cloud product success, agents(1): cli, models(53): auto,fast-model,balanced-model,deep-model,hy3,hy3-b,hy3-c,hy3-x,hy4-preview,hy4-preview-f,minimax-m2.5,glm-5v-turbo,glm-5.3,glm-5.3-flash,glm-5.2,glm-5.1,glm-5.0-turbo,glm-4.6v,kimi-k3-1,kimi-k2.8-preview,kimi-k2.7,kimi-k2.6,kimi-k2.5,kimi-k2-thinking,minimax-m3,minimax-m2.7,glm-4.6,deepseek-v4-flash,deepseek-v4.1-flash,deepseek-v4-pro,deepseek-v3-2-volc,deepseek-v3-1-volc,deepseek-v3-1-lkeap,deepseek-v3-1,deepseek-v3-0324-lkeap,deepseek-r1-0528-lkeap,kimi-k2-instruct-taiji,completion-gf,default-1.1,hunyuan-3b,hunyuan-7b-dense,codewise-completions,codewise-rewrite,codewise-nes-a4-027-aide,codewise-jump,deepseek-r1-0528,deepseek-v3-0324-taco-completion,deepseek-v3-0324,default-1.2,hunyuan-2.0-instruct,hunyuan-chat,hunyuan-image-alpha,hunyuan-image-alpha-edit
[9/26/2026, 7:14:32 PM.300] [Info] [CloudProductManager]  Fetched configuration from remote [506ms]
[9/26/2026, 7:14:32 PM.301] [Info] [PluginsProductProvider.provide] active=9, ids=[weixinpay@workbuddy-builtin,tencent-docs-plugin@workbuddy-builtin,sheetagent@workbuddy-builtin,tencent-pptx@workbuddy-builtin,tencent-docx@workbuddy-builtin,agent-browser@codebuddy-plugins-official,find-skills@codebuddy-plugins-official,agent-browser@inline,find-skills@inline]
[9/26/2026, 7:14:32 PM.302] [Info] [MCP][cacheDbg] getConnectedServers() called: nonInteractive=true waitForSettle=false cacheNow=[connector-proxy,weixinpay,sheetagent] allServers=[connector-proxy:connected,weixinpay:connected,sheetagent:connected]
[9/26/2026, 7:14:32 PM.302] [Info] [MCP][cacheDbg] getConnectedServers() returning: [connector-proxy,weixinpay,sheetagent] (size=3)
[9/26/2026, 7:14:32 PM.314] [Info] [CustomModelsProductProvider] productName=WorkBuddy, isWorkBuddy=true, userConfigPath=/Users/didi/.workbuddy/models.json
[9/26/2026, 7:14:32 PM.314] [Info] Loaded custom models config from user: /Users/didi/.workbuddy/models.json
[9/26/2026, 7:14:32 PM.314] [Info] [ModelsProductProvider] enterpriseId: undefined, endpoint: https://copilot.tencent.com
[9/26/2026, 7:14:32 PM.314] [Warning] [ModelsProductProvider] enterpriseId is missing, skipping models API call
[9/26/2026, 7:14:32 PM.314] [Info] [AgentModelResolver] product config input: 54 models, 23 agents
[9/26/2026, 7:14:32 PM.314] [Info] [AgentModelResolver] model ids: auto, fast-model, balanced-model, deep-model, hy3, hy3-b, hy3-c, hy3-x, hy4-preview, hy4-preview-f, minimax-m2.5, glm-5v-turbo, glm-5.3, glm-5.3-flash, glm-5.2, glm-5.1, glm-5.0-turbo, glm-4.6v, kimi-k3-1, kimi-k2.8-preview, kimi-k2.7, kimi-k2.6, kimi-k2.5, kimi-k2-thinking, minimax-m3, minimax-m2.7, glm-4.6, deepseek-v4-flash, deepseek-v4.1-flash, deepseek-v4-pro, deepseek-v3-2-volc, deepseek-v3-1-volc, deepseek-v3-1-lkeap, deepseek-v3-1, deepseek-v3-0324-lkeap, deepseek-r1-0528-lkeap, kimi-k2-instruct-taiji, completion-gf, default-1.1, hunyuan-3b, hunyuan-7b-dense, codewise-completions, codewise-rewrite, codewise-nes-a4-027-aide, codewise-jump, deepseek-r1-0528, deepseek-v3-0324-taco-completion, deepseek-v3-0324, default-1.2, hunyuan-2.0-instruct, hunyuan-chat, hunyuan-image-alpha, hunyuan-image-alpha-edit, custom-local:kimi-k3
[9/26/2026, 7:14:32 PM.314] [Info] [AgentModelResolver] agent "cli" original_models=["auto","hy4-preview-f","hy3","hy3-x","deepseek-v4.1-flash","glm-5.3","glm-5.3-flash","glm-5.2","glm-5.1","glm-5v-turbo","minimax-m3","kimi-k3-1","kimi-k2.8-preview","kimi-k2.7","kimi-k2.6","deepseek-v4-pro"] -> resolved_models=["auto","hy4-preview-f","hy3","hy3-x","deepseek-v4.1-flash","glm-5.3","glm-5.3-flash","glm-5.2","glm-5.1","glm-5v-turbo","minimax-m3","kimi-k3-1","kimi-k2.8-preview","kimi-k2.7","kimi-k2.6","deepseek-v4-pro"]
[9/26/2026, 7:14:32 PM.314] [Info] [AgentModelResolver] agent "general-purpose" original_models=[] -> resolved_models=[]
[9/26/2026, 7:14:32 PM.314] [Info] [AgentModelResolver] agent "compact" original_models=[] -> resolved_models=[]
[9/26/2026, 7:14:32 PM.314] [Info] [AgentModelResolver] agent "contextSummary" original_models=[] -> resolved_models=[]
[9/26/2026, 7:14:32 PM.314] [Info] [AgentModelResolver] agent "contentAnalyzer" original_models=[] -> resolved_models=[]
[9/26/2026, 7:14:32 PM.314] [Info] [AgentModelResolver] agent "terminalTitleGenerator" original_models=[] -> resolved_models=[]
[9/26/2026, 7:14:32 PM.314] [Info] [AgentModelResolver] agent "promptSuggestion" original_models=[] -> resolved_models=[]
[9/26/2026, 7:14:32 PM.314] [Info] [AgentModelResolver] agent "memorySelector" original_models=["lite"] -> resolved_models=["lite"]
[9/26/2026, 7:14:32 PM.314] [Info] [AgentModelResolver] agent "summaryGenerator" original_models=[] -> resolved_models=[]
[9/26/2026, 7:14:32 PM.314] [Info] [AgentModelResolver] agent "autoModeClassifier" original_models=[] -> resolved_models=[]
[9/26/2026, 7:14:32 PM.314] [Info] [AgentModelResolver] agent "promptHookEvaluator" original_models=["lite"] -> resolved_models=["lite"]
[9/26/2026, 7:14:32 PM.314] [Info] [AgentModelResolver] agent "insightsAnalyzer" original_models=[] -> resolved_models=[]
[9/26/2026, 7:14:32 PM.314] [Info] [AgentModelResolver] agent "agentInstructions" original_models=[] -> resolved_models=[]
[9/26/2026, 7:14:32 PM.314] [Info] [AgentModelResolver] agent "statusline-setup" original_models=[] -> resolved_models=[]
[9/26/2026, 7:14:32 PM.314] [Info] [AgentModelResolver] agent "Explore" original_models=["lite"] -> resolved_models=["lite"]
[9/26/2026, 7:14:32 PM.314] [Info] [AgentModelResolver] agent "Plan" original_models=[] -> resolved_models=[]
[9/26/2026, 7:14:32 PM.314] [Info] [AgentModelResolver] agent "pulse" original_models=[] -> resolved_models=[]
[9/26/2026, 7:14:32 PM.314] [Info] [AgentModelResolver] agent "handoff-summary" original_models=undefined -> resolved_models=[]
[9/26/2026, 7:14:32 PM.314] [Info] [AgentModelResolver] agent "enhance-prompt" original_models=[] -> resolved_models=[]
[9/26/2026, 7:14:32 PM.314] [Info] [AgentModelResolver] agent "sheet-agent" original_models=[] -> resolved_models=[]
[9/26/2026, 7:14:32 PM.314] [Info] [AgentModelResolver] agent "doc-converter" original_models=[] -> resolved_models=[]
[9/26/2026, 7:14:32 PM.314] [Info] [AgentModelResolver] agent "doc-formatter" original_models=[] -> resolved_models=[]
[9/26/2026, 7:14:32 PM.314] [Info] [AgentModelResolver] agent "doc-writer" original_models=[] -> resolved_models=[]
[9/26/2026, 7:14:32 PM.330] [Info] [PluginPolicyService]  [MergedPlugins][DEBUG] ProductManager.onDidChange fired, reloading policies...
[9/26/2026, 7:14:32 PM.330] [Info] [PluginPolicyService]  [MergedPlugins][DEBUG] Current config builtInMarketPluginsMerge: [{"autoEnable":true,"marketplaceName":"codebuddy-plugins-official","name":"agent-browser","scope":"user"}]
[9/26/2026, 7:14:32 PM.330] [Info] [PluginPolicyService]  [MergedPlugins] Loaded 1 merged plugin entries
[9/26/2026, 7:14:32 PM.330] [Info] [Startup] AgentManager.rebuildAgents: START
[9/26/2026, 7:14:32 PM.330] [Info] [Startup] AgentManager.rebuildAgents: completed in 11ms, resolving readyDeferred
[9/26/2026, 7:14:32 PM.330] [Info] [PluginManager]  Checking for built-in marketplaces to install...
[9/26/2026, 7:14:32 PM.330] [Info] [BuiltInMarketplaceProvider]  Found 2 built-in marketplace(s)
[9/26/2026, 7:14:32 PM.330] [Info] [PluginManager]  Found 2 built-in marketplace(s)
[9/26/2026, 7:14:32 PM.332] [Info] [MarketplaceStorage]  [MarketplaceStorage] getMarketplaces ensureConfigFile=0ms readAndRepair=2ms migration=0ms total=2ms count=5 path=/Users/didi/.workbuddy/plugins/known_marketplaces.json
[9/26/2026, 7:14:32 PM.332] [Info] [PluginManager]  All built-in marketplaces are already installed
[9/26/2026, 7:14:32 PM.333] [Info] [MarketplaceStorage]  [MarketplaceStorage] getMarketplaces ensureConfigFile=0ms readAndRepair=1ms migration=0ms total=1ms count=5 path=/Users/didi/.workbuddy/plugins/known_marketplaces.json
[9/26/2026, 7:14:32 PM.333] [Info] [BuiltInMarketplaceProvider]  Found 2 built-in marketplace(s)
[9/26/2026, 7:14:32 PM.335] [Info] [PluginManager]  Loaded 5 marketplaces (2 built-in) total=3ms storage=1ms builtIn=0ms autoUpdate=0ms
[9/26/2026, 7:14:34 PM.319] [Info] [TracingService]  Tracing uses @tencent/galileo-node-sdk global OpenTelemetry provider; @genie OTLP exporter is skipped.
[9/26/2026, 7:14:34 PM.319] [Info] [TracingService]  Tracing config resolved: {"productEnabled":true,"enabledByEnv":false,"endpoint":"https://copilot.tencent.com","galileoEnabled":true}
[9/26/2026, 7:15:01 PM.803] [Info] [WorkflowMemProbe] tick runId=(none) | rss=103.2MB heap=163/169.4MB external=54.9MB arrayBuffers=0MB
[9/26/2026, 7:30:45 PM.304] [Info] [WorkflowMemProbe] tick runId=(none) | rss=103.2MB heap=163.1/169.4MB external=54.9MB arrayBuffers=0MB
[9/26/2026, 7:30:45 PM.312] [Info] [GitInfoCollector]  CODEBUDDY_GIT_REPO_SCAN_DISABLED 1
[9/26/2026, 7:30:45 PM.312] [Info] [GitInfoCollector]  Git repository scan is disabled via CODEBUDDY_GIT_REPO_SCAN_DISABLED environment variable
[9/26/2026, 7:30:45 PM.940] [Info] [CloudProductManager]  fetch cloud product success, agents(1): cli, models(53): auto,fast-model,balanced-model,deep-model,hy3,hy3-b,hy3-c,hy3-x,hy4-preview,hy4-preview-f,minimax-m2.5,glm-5v-turbo,glm-5.3,glm-5.3-flash,glm-5.2,glm-5.1,glm-5.0-turbo,glm-4.6v,kimi-k3-1,kimi-k2.8-preview,kimi-k2.7,kimi-k2.6,kimi-k2.5,kimi-k2-thinking,minimax-m3,minimax-m2.7,glm-4.6,deepseek-v4-flash,deepseek-v4.1-flash,deepseek-v4-pro,deepseek-v3-2-volc,deepseek-v3-1-volc,deepseek-v3-1-lkeap,deepseek-v3-1,deepseek-v3-0324-lkeap,deepseek-r1-0528-lkeap,kimi-k2-instruct-taiji,completion-gf,default-1.1,hunyuan-3b,hunyuan-7b-dense,codewise-completions,codewise-rewrite,codewise-nes-a4-027-aide,codewise-jump,deepseek-r1-0528,deepseek-v3-0324-taco-completion,deepseek-v3-0324,default-1.2,hunyuan-2.0-instruct,hunyuan-chat,hunyuan-image-alpha,hunyuan-image-alpha-edit
[9/26/2026, 7:30:45 PM.940] [Info] [CloudProductManager]  Fetched configuration from remote [627ms]
[9/26/2026, 7:30:45 PM.941] [Info] [PluginsProductProvider.provide] active=9, ids=[weixinpay@workbuddy-builtin,tencent-docs-plugin@workbuddy-builtin,sheetagent@workbuddy-builtin,tencent-pptx@workbuddy-builtin,tencent-docx@workbuddy-builtin,agent-browser@codebuddy-plugins-official,find-skills@codebuddy-plugins-official,agent-browser@inline,find-skills@inline]
[9/26/2026, 7:30:45 PM.941] [Info] [MCP][cacheDbg] getConnectedServers() called: nonInteractive=true waitForSettle=false cacheNow=[connector-proxy,weixinpay,sheetagent] allServers=[connector-proxy:connected,weixinpay:connected,sheetagent:connected]
[9/26/2026, 7:30:45 PM.941] [Info] [MCP][cacheDbg] getConnectedServers() returning: [connector-proxy,weixinpay,sheetagent] (size=3)
[9/26/2026, 7:30:45 PM.954] [Info] [CustomModelsProductProvider] productName=WorkBuddy, isWorkBuddy=true, userConfigPath=/Users/didi/.workbuddy/models.json
[9/26/2026, 7:30:45 PM.954] [Info] Loaded custom models config from user: /Users/didi/.workbuddy/models.json
[9/26/2026, 7:30:45 PM.954] [Info] [ModelsProductProvider] enterpriseId: undefined, endpoint: https://copilot.tencent.com
[9/26/2026, 7:30:45 PM.954] [Warning] [ModelsProductProvider] enterpriseId is missing, skipping models API call
[9/26/2026, 7:30:45 PM.954] [Info] [AgentModelResolver] product config input: 54 models, 23 agents
[9/26/2026, 7:30:45 PM.954] [Info] [AgentModelResolver] model ids: auto, fast-model, balanced-model, deep-model, hy3, hy3-b, hy3-c, hy3-x, hy4-preview, hy4-preview-f, minimax-m2.5, glm-5v-turbo, glm-5.3, glm-5.3-flash, glm-5.2, glm-5.1, glm-5.0-turbo, glm-4.6v, kimi-k3-1, kimi-k2.8-preview, kimi-k2.7, kimi-k2.6, kimi-k2.5, kimi-k2-thinking, minimax-m3, minimax-m2.7, glm-4.6, deepseek-v4-flash, deepseek-v4.1-flash, deepseek-v4-pro, deepseek-v3-2-volc, deepseek-v3-1-volc, deepseek-v3-1-lkeap, deepseek-v3-1, deepseek-v3-0324-lkeap, deepseek-r1-0528-lkeap, kimi-k2-instruct-taiji, completion-gf, default-1.1, hunyuan-3b, hunyuan-7b-dense, codewise-completions, codewise-rewrite, codewise-nes-a4-027-aide, codewise-jump, deepseek-r1-0528, deepseek-v3-0324-taco-completion, deepseek-v3-0324, default-1.2, hunyuan-2.0-instruct, hunyuan-chat, hunyuan-image-alpha, hunyuan-image-alpha-edit, custom-local:kimi-k3
[9/26/2026, 7:30:45 PM.954] [Info] [AgentModelResolver] agent "cli" original_models=["auto","hy4-preview-f","hy3","hy3-x","deepseek-v4.1-flash","glm-5.3","glm-5.3-flash","glm-5.2","glm-5.1","glm-5v-turbo","minimax-m3","kimi-k3-1","kimi-k2.8-preview","kimi-k2.7","kimi-k2.6","deepseek-v4-pro"] -> resolved_models=["auto","hy4-preview-f","hy3","hy3-x","deepseek-v4.1-flash","glm-5.3","glm-5.3-flash","glm-5.2","glm-5.1","glm-5v-turbo","minimax-m3","kimi-k3-1","kimi-k2.8-preview","kimi-k2.7","kimi-k2.6","deepseek-v4-pro"]
[9/26/2026, 7:30:45 PM.954] [Info] [AgentModelResolver] agent "general-purpose" original_models=[] -> resolved_models=[]
[9/26/2026, 7:30:45 PM.954] [Info] [AgentModelResolver] agent "compact" original_models=[] -> resolved_models=[]
[9/26/2026, 7:30:45 PM.954] [Info] [AgentModelResolver] agent "contextSummary" original_models=[] -> resolved_models=[]
[9/26/2026, 7:30:45 PM.954] [Info] [AgentModelResolver] agent "contentAnalyzer" original_models=[] -> resolved_models=[]
[9/26/2026, 7:30:45 PM.954] [Info] [AgentModelResolver] agent "terminalTitleGenerator" original_models=[] -> resolved_models=[]
[9/26/2026, 7:30:45 PM.954] [Info] [AgentModelResolver] agent "promptSuggestion" original_models=[] -> resolved_models=[]
[9/26/2026, 7:30:45 PM.954] [Info] [AgentModelResolver] agent "memorySelector" original_models=["lite"] -> resolved_models=["lite"]
[9/26/2026, 7:30:45 PM.954] [Info] [AgentModelResolver] agent "summaryGenerator" original_models=[] -> resolved_models=[]
[9/26/2026, 7:30:45 PM.954] [Info] [AgentModelResolver] agent "autoModeClassifier" original_models=[] -> resolved_models=[]
[9/26/2026, 7:30:45 PM.954] [Info] [AgentModelResolver] agent "promptHookEvaluator" original_models=["lite"] -> resolved_models=["lite"]
[9/26/2026, 7:30:45 PM.954] [Info] [AgentModelResolver] agent "insightsAnalyzer" original_models=[] -> resolved_models=[]
[9/26/2026, 7:30:45 PM.954] [Info] [AgentModelResolver] agent "agentInstructions" original_models=[] -> resolved_models=[]
[9/26/2026, 7:30:45 PM.954] [Info] [AgentModelResolver] agent "statusline-setup" original_models=[] -> resolved_models=[]
[9/26/2026, 7:30:45 PM.954] [Info] [AgentModelResolver] agent "Explore" original_models=["lite"] -> resolved_models=["lite"]
[9/26/2026, 7:30:45 PM.954] [Info] [AgentModelResolver] agent "Plan" original_models=[] -> resolved_models=[]
[9/26/2026, 7:30:45 PM.954] [Info] [AgentModelResolver] agent "pulse" original_models=[] -> resolved_models=[]
[9/26/2026, 7:30:45 PM.954] [Info] [AgentModelResolver] agent "handoff-summary" original_models=undefined -> resolved_models=[]
[9/26/2026, 7:30:45 PM.954] [Info] [AgentModelResolver] agent "enhance-prompt" original_models=[] -> resolved_models=[]
[9/26/2026, 7:30:45 PM.954] [Info] [AgentModelResolver] agent "sheet-agent" original_models=[] -> resolved_models=[]
[9/26/2026, 7:30:45 PM.954] [Info] [AgentModelResolver] agent "doc-converter" original_models=[] -> resolved_models=[]
[9/26/2026, 7:30:45 PM.954] [Info] [AgentModelResolver] agent "doc-formatter" original_models=[] -> resolved_models=[]
[9/26/2026, 7:30:45 PM.954] [Info] [AgentModelResolver] agent "doc-writer" original_models=[] -> resolved_models=[]
[9/26/2026, 7:30:45 PM.969] [Info] [PluginPolicyService]  [MergedPlugins][DEBUG] ProductManager.onDidChange fired, reloading policies...
[9/26/2026, 7:30:45 PM.969] [Info] [PluginPolicyService]  [MergedPlugins][DEBUG] Current config builtInMarketPluginsMerge: [{"autoEnable":true,"marketplaceName":"codebuddy-plugins-official","name":"agent-browser","scope":"user"}]
[9/26/2026, 7:30:45 PM.969] [Info] [PluginPolicyService]  [MergedPlugins] Loaded 1 merged plugin entries
[9/26/2026, 7:30:45 PM.969] [Info] [Startup] AgentManager.rebuildAgents: START
[9/26/2026, 7:30:45 PM.970] [Info] [Startup] AgentManager.rebuildAgents: completed in 12ms, resolving readyDeferred
[9/26/2026, 7:30:45 PM.970] [Info] [PluginManager]  Checking for built-in marketplaces to install...
[9/26/2026, 7:30:45 PM.970] [Info] [BuiltInMarketplaceProvider]  Found 2 built-in marketplace(s)
[9/26/2026, 7:30:45 PM.970] [Info] [PluginManager]  Found 2 built-in marketplace(s)
[9/26/2026, 7:30:45 PM.972] [Info] [MarketplaceStorage]  [MarketplaceStorage] getMarketplaces ensureConfigFile=0ms readAndRepair=2ms migration=0ms total=2ms count=5 path=/Users/didi/.workbuddy/plugins/known_marketplaces.json
[9/26/2026, 7:30:45 PM.972] [Info] [PluginManager]  All built-in marketplaces are already installed
[9/26/2026, 7:30:45 PM.973] [Info] [MarketplaceStorage]  [MarketplaceStorage] getMarketplaces ensureConfigFile=0ms readAndRepair=1ms migration=0ms total=1ms count=5 path=/Users/didi/.workbuddy/plugins/known_marketplaces.json
[9/26/2026, 7:30:45 PM.973] [Info] [BuiltInMarketplaceProvider]  Found 2 built-in marketplace(s)
[9/26/2026, 7:30:45 PM.976] [Info] [PluginManager]  Loaded 5 marketplaces (2 built-in) total=4ms storage=1ms builtIn=0ms autoUpdate=0ms
[9/26/2026, 7:30:47 PM.959] [Info] [TracingService]  Tracing uses @tencent/galileo-node-sdk global OpenTelemetry provider; @genie OTLP exporter is skipped.
[9/26/2026, 7:30:47 PM.959] [Info] [TracingService]  Tracing config resolved: {"productEnabled":true,"enabledByEnv":false,"endpoint":"https://copilot.tencent.com","galileoEnabled":true}
[9/26/2026, 7:31:15 PM.337] [Info] [WorkflowMemProbe] tick runId=(none) | rss=134.4MB heap=153.4/160.5MB external=53.6MB arrayBuffers=0MB
[9/26/2026, 7:46:54 PM.590] [Info] [WorkflowMemProbe] tick runId=(none) | rss=134.4MB heap=153.5/160.5MB external=53.6MB arrayBuffers=0MB
[9/26/2026, 7:46:54 PM.595] [Info] [GitInfoCollector]  CODEBUDDY_GIT_REPO_SCAN_DISABLED 1
[9/26/2026, 7:46:54 PM.595] [Info] [GitInfoCollector]  Git repository scan is disabled via CODEBUDDY_GIT_REPO_SCAN_DISABLED environment variable
[9/26/2026, 7:46:55 PM.313] [Info] [CloudProductManager]  fetch cloud product success, agents(1): cli, models(53): auto,fast-model,balanced-model,deep-model,hy3,hy3-b,hy3-c,hy3-x,hy4-preview,hy4-preview-f,minimax-m2.5,glm-5v-turbo,glm-5.3,glm-5.3-flash,glm-5.2,glm-5.1,glm-5.0-turbo,glm-4.6v,kimi-k3-1,kimi-k2.8-preview,kimi-k2.7,kimi-k2.6,kimi-k2.5,kimi-k2-thinking,minimax-m3,minimax-m2.7,glm-4.6,deepseek-v4-flash,deepseek-v4.1-flash,deepseek-v4-pro,deepseek-v3-2-volc,deepseek-v3-1-volc,deepseek-v3-1-lkeap,deepseek-v3-1,deepseek-v3-0324-lkeap,deepseek-r1-0528-lkeap,kimi-k2-instruct-taiji,completion-gf,default-1.1,hunyuan-3b,hunyuan-7b-dense,codewise-completions,codewise-rewrite,codewise-nes-a4-027-aide,codewise-jump,deepseek-r1-0528,deepseek-v3-0324-taco-completion,deepseek-v3-0324,default-1.2,hunyuan-2.0-instruct,hunyuan-chat,hunyuan-image-alpha,hunyuan-image-alpha-edit
[9/26/2026, 7:46:55 PM.313] [Info] [CloudProductManager]  Fetched configuration from remote [718ms]
[9/26/2026, 7:46:55 PM.314] [Info] [PluginsProductProvider.provide] active=9, ids=[weixinpay@workbuddy-builtin,tencent-docs-plugin@workbuddy-builtin,sheetagent@workbuddy-builtin,tencent-pptx@workbuddy-builtin,tencent-docx@workbuddy-builtin,agent-browser@codebuddy-plugins-official,find-skills@codebuddy-plugins-official,agent-browser@inline,find-skills@inline]
[9/26/2026, 7:46:55 PM.314] [Info] [MCP][cacheDbg] getConnectedServers() called: nonInteractive=true waitForSettle=false cacheNow=[connector-proxy,weixinpay,sheetagent] allServers=[connector-proxy:connected,weixinpay:connected,sheetagent:connected]
[9/26/2026, 7:46:55 PM.314] [Info] [MCP][cacheDbg] getConnectedServers() returning: [connector-proxy,weixinpay,sheetagent] (size=3)
[9/26/2026, 7:46:55 PM.320] [Info] [CustomModelsProductProvider] productName=WorkBuddy, isWorkBuddy=true, userConfigPath=/Users/didi/.workbuddy/models.json
[9/26/2026, 7:46:55 PM.320] [Info] Loaded custom models config from user: /Users/didi/.workbuddy/models.json
[9/26/2026, 7:46:55 PM.321] [Info] [ModelsProductProvider] enterpriseId: undefined, endpoint: https://copilot.tencent.com
[9/26/2026, 7:46:55 PM.321] [Warning] [ModelsProductProvider] enterpriseId is missing, skipping models API call
[9/26/2026, 7:46:55 PM.321] [Info] [AgentModelResolver] product config input: 54 models, 23 agents
[9/26/2026, 7:46:55 PM.321] [Info] [AgentModelResolver] model ids: auto, fast-model, balanced-model, deep-model, hy3, hy3-b, hy3-c, hy3-x, hy4-preview, hy4-preview-f, minimax-m2.5, glm-5v-turbo, glm-5.3, glm-5.3-flash, glm-5.2, glm-5.1, glm-5.0-turbo, glm-4.6v, kimi-k3-1, kimi-k2.8-preview, kimi-k2.7, kimi-k2.6, kimi-k2.5, kimi-k2-thinking, minimax-m3, minimax-m2.7, glm-4.6, deepseek-v4-flash, deepseek-v4.1-flash, deepseek-v4-pro, deepseek-v3-2-volc, deepseek-v3-1-volc, deepseek-v3-1-lkeap, deepseek-v3-1, deepseek-v3-0324-lkeap, deepseek-r1-0528-lkeap, kimi-k2-instruct-taiji, completion-gf, default-1.1, hunyuan-3b, hunyuan-7b-dense, codewise-completions, codewise-rewrite, codewise-nes-a4-027-aide, codewise-jump, deepseek-r1-0528, deepseek-v3-0324-taco-completion, deepseek-v3-0324, default-1.2, hunyuan-2.0-instruct, hunyuan-chat, hunyuan-image-alpha, hunyuan-image-alpha-edit, custom-local:kimi-k3
[9/26/2026, 7:46:55 PM.321] [Info] [AgentModelResolver] agent "cli" original_models=["auto","hy4-preview-f","hy3","hy3-x","deepseek-v4.1-flash","glm-5.3","glm-5.3-flash","glm-5.2","glm-5.1","glm-5v-turbo","minimax-m3","kimi-k3-1","kimi-k2.8-preview","kimi-k2.7","kimi-k2.6","deepseek-v4-pro"] -> resolved_models=["auto","hy4-preview-f","hy3","hy3-x","deepseek-v4.1-flash","glm-5.3","glm-5.3-flash","glm-5.2","glm-5.1","glm-5v-turbo","minimax-m3","kimi-k3-1","kimi-k2.8-preview","kimi-k2.7","kimi-k2.6","deepseek-v4-pro"]
[9/26/2026, 7:46:55 PM.321] [Info] [AgentModelResolver] agent "general-purpose" original_models=[] -> resolved_models=[]
[9/26/2026, 7:46:55 PM.321] [Info] [AgentModelResolver] agent "compact" original_models=[] -> resolved_models=[]
[9/26/2026, 7:46:55 PM.321] [Info] [AgentModelResolver] agent "contextSummary" original_models=[] -> resolved_models=[]
[9/26/2026, 7:46:55 PM.321] [Info] [AgentModelResolver] agent "contentAnalyzer" original_models=[] -> resolved_models=[]
[9/26/2026, 7:46:55 PM.321] [Info] [AgentModelResolver] agent "terminalTitleGenerator" original_models=[] -> resolved_models=[]
[9/26/2026, 7:46:55 PM.321] [Info] [AgentModelResolver] agent "promptSuggestion" original_models=[] -> resolved_models=[]
[9/26/2026, 7:46:55 PM.321] [Info] [AgentModelResolver] agent "memorySelector" original_models=["lite"] -> resolved_models=["lite"]
[9/26/2026, 7:46:55 PM.321] [Info] [AgentModelResolver] agent "summaryGenerator" original_models=[] -> resolved_models=[]
[9/26/2026, 7:46:55 PM.321] [Info] [AgentModelResolver] agent "autoModeClassifier" original_models=[] -> resolved_models=[]
[9/26/2026, 7:46:55 PM.321] [Info] [AgentModelResolver] agent "promptHookEvaluator" original_models=["lite"] -> resolved_models=["lite"]
[9/26/2026, 7:46:55 PM.321] [Info] [AgentModelResolver] agent "insightsAnalyzer" original_models=[] -> resolved_models=[]
[9/26/2026, 7:46:55 PM.321] [Info] [AgentModelResolver] agent "agentInstructions" original_models=[] -> resolved_models=[]
[9/26/2026, 7:46:55 PM.321] [Info] [AgentModelResolver] agent "statusline-setup" original_models=[] -> resolved_models=[]
[9/26/2026, 7:46:55 PM.321] [Info] [AgentModelResolver] agent "Explore" original_models=["lite"] -> resolved_models=["lite"]
[9/26/2026, 7:46:55 PM.321] [Info] [AgentModelResolver] agent "Plan" original_models=[] -> resolved_models=[]
[9/26/2026, 7:46:55 PM.321] [Info] [AgentModelResolver] agent "pulse" original_models=[] -> resolved_models=[]
[9/26/2026, 7:46:55 PM.321] [Info] [AgentModelResolver] agent "handoff-summary" original_models=undefined -> resolved_models=[]
[9/26/2026, 7:46:55 PM.321] [Info] [AgentModelResolver] agent "enhance-prompt" original_models=[] -> resolved_models=[]
[9/26/2026, 7:46:55 PM.321] [Info] [AgentModelResolver] agent "sheet-agent" original_models=[] -> resolved_models=[]
[9/26/2026, 7:46:55 PM.321] [Info] [AgentModelResolver] agent "doc-converter" original_models=[] -> resolved_models=[]
[9/26/2026, 7:46:55 PM.321] [Info] [AgentModelResolver] agent "doc-formatter" original_models=[] -> resolved_models=[]
[9/26/2026, 7:46:55 PM.321] [Info] [AgentModelResolver] agent "doc-writer" original_models=[] -> resolved_models=[]
[9/26/2026, 7:46:55 PM.336] [Info] [PluginPolicyService]  [MergedPlugins][DEBUG] ProductManager.onDidChange fired, reloading policies...
[9/26/2026, 7:46:55 PM.336] [Info] [PluginPolicyService]  [MergedPlugins][DEBUG] Current config builtInMarketPluginsMerge: [{"autoEnable":true,"marketplaceName":"codebuddy-plugins-official","name":"agent-browser","scope":"user"}]
[9/26/2026, 7:46:55 PM.336] [Info] [PluginPolicyService]  [MergedPlugins] Loaded 1 merged plugin entries
[9/26/2026, 7:46:55 PM.336] [Info] [Startup] AgentManager.rebuildAgents: START
[9/26/2026, 7:46:55 PM.336] [Info] [Startup] AgentManager.rebuildAgents: completed in 11ms, resolving readyDeferred
[9/26/2026, 7:46:55 PM.336] [Info] [PluginManager]  Checking for built-in marketplaces to install...
[9/26/2026, 7:46:55 PM.336] [Info] [BuiltInMarketplaceProvider]  Found 2 built-in marketplace(s)
[9/26/2026, 7:46:55 PM.336] [Info] [PluginManager]  Found 2 built-in marketplace(s)
[9/26/2026, 7:46:55 PM.337] [Info] [MarketplaceStorage]  [MarketplaceStorage] getMarketplaces ensureConfigFile=0ms readAndRepair=1ms migration=0ms total=1ms count=5 path=/Users/didi/.workbuddy/plugins/known_marketplaces.json
[9/26/2026, 7:46:55 PM.337] [Info] [PluginManager]  All built-in marketplaces are already installed
[9/26/2026, 7:46:55 PM.337] [Info] [MarketplaceStorage]  [MarketplaceStorage] getMarketplaces ensureConfigFile=0ms readAndRepair=0ms migration=0ms total=0ms count=5 path=/Users/didi/.workbuddy/plugins/known_marketplaces.json
[9/26/2026, 7:46:55 PM.337] [Info] [BuiltInMarketplaceProvider]  Found 2 built-in marketplace(s)
[9/26/2026, 7:46:55 PM.339] [Info] [PluginManager]  Loaded 5 marketplaces (2 built-in) total=2ms storage=0ms builtIn=0ms autoUpdate=0ms
[9/26/2026, 7:46:57 PM.327] [Info] [TracingService]  Tracing uses @tencent/galileo-node-sdk global OpenTelemetry provider; @genie OTLP exporter is skipped.
[9/26/2026, 7:46:57 PM.327] [Info] [TracingService]  Tracing config resolved: {"productEnabled":true,"enabledByEnv":false,"endpoint":"https://copilot.tencent.com","galileoEnabled":true}
[9/26/2026, 7:47:24 PM.607] [Info] [WorkflowMemProbe] tick runId=(none) | rss=143.9MB heap=163.1/170.4MB external=54.8MB arrayBuffers=0MB
[9/26/2026, 8:03:06 PM.639] [Info] [WorkflowMemProbe] tick runId=(none) | rss=141.8MB heap=160.8/166.3MB external=53.7MB arrayBuffers=0MB
[9/26/2026, 8:03:06 PM.641] [Info] [GitInfoCollector]  CODEBUDDY_GIT_REPO_SCAN_DISABLED 1
[9/26/2026, 8:03:06 PM.641] [Info] [GitInfoCollector]  Git repository scan is disabled via CODEBUDDY_GIT_REPO_SCAN_DISABLED environment variable
[9/26/2026, 8:03:07 PM.244] [Info] [CloudProductManager]  fetch cloud product success, agents(1): cli, models(53): auto,fast-model,balanced-model,deep-model,hy3,hy3-b,hy3-c,hy3-x,hy4-preview,hy4-preview-f,minimax-m2.5,glm-5v-turbo,glm-5.3,glm-5.3-flash,glm-5.2,glm-5.1,glm-5.0-turbo,glm-4.6v,kimi-k3-1,kimi-k2.8-preview,kimi-k2.7,kimi-k2.6,kimi-k2.5,kimi-k2-thinking,minimax-m3,minimax-m2.7,glm-4.6,deepseek-v4-flash,deepseek-v4.1-flash,deepseek-v4-pro,deepseek-v3-2-volc,deepseek-v3-1-volc,deepseek-v3-1-lkeap,deepseek-v3-1,deepseek-v3-0324-lkeap,deepseek-r1-0528-lkeap,kimi-k2-instruct-taiji,completion-gf,default-1.1,hunyuan-3b,hunyuan-7b-dense,codewise-completions,codewise-rewrite,codewise-nes-a4-027-aide,codewise-jump,deepseek-r1-0528,deepseek-v3-0324-taco-completion,deepseek-v3-0324,default-1.2,hunyuan-2.0-instruct,hunyuan-chat,hunyuan-image-alpha,hunyuan-image-alpha-edit
[9/26/2026, 8:03:07 PM.244] [Info] [CloudProductManager]  Fetched configuration from remote [603ms]
[9/26/2026, 8:03:07 PM.246] [Info] [PluginsProductProvider.provide] active=9, ids=[weixinpay@workbuddy-builtin,tencent-docs-plugin@workbuddy-builtin,sheetagent@workbuddy-builtin,tencent-pptx@workbuddy-builtin,tencent-docx@workbuddy-builtin,agent-browser@codebuddy-plugins-official,find-skills@codebuddy-plugins-official,agent-browser@inline,find-skills@inline]
[9/26/2026, 8:03:07 PM.246] [Info] [MCP][cacheDbg] getConnectedServers() called: nonInteractive=true waitForSettle=false cacheNow=[connector-proxy,weixinpay,sheetagent] allServers=[connector-proxy:connected,weixinpay:connected,sheetagent:connected]
[9/26/2026, 8:03:07 PM.246] [Info] [MCP][cacheDbg] getConnectedServers() returning: [connector-proxy,weixinpay,sheetagent] (size=3)
[9/26/2026, 8:03:07 PM.252] [Info] [CustomModelsProductProvider] productName=WorkBuddy, isWorkBuddy=true, userConfigPath=/Users/didi/.workbuddy/models.json
[9/26/2026, 8:03:07 PM.252] [Info] Loaded custom models config from user: /Users/didi/.workbuddy/models.json
[9/26/2026, 8:03:07 PM.253] [Info] [ModelsProductProvider] enterpriseId: undefined, endpoint: https://copilot.tencent.com
[9/26/2026, 8:03:07 PM.253] [Warning] [ModelsProductProvider] enterpriseId is missing, skipping models API call
[9/26/2026, 8:03:07 PM.253] [Info] [AgentModelResolver] product config input: 54 models, 23 agents
[9/26/2026, 8:03:07 PM.253] [Info] [AgentModelResolver] model ids: auto, fast-model, balanced-model, deep-model, hy3, hy3-b, hy3-c, hy3-x, hy4-preview, hy4-preview-f, minimax-m2.5, glm-5v-turbo, glm-5.3, glm-5.3-flash, glm-5.2, glm-5.1, glm-5.0-turbo, glm-4.6v, kimi-k3-1, kimi-k2.8-preview, kimi-k2.7, kimi-k2.6, kimi-k2.5, kimi-k2-thinking, minimax-m3, minimax-m2.7, glm-4.6, deepseek-v4-flash, deepseek-v4.1-flash, deepseek-v4-pro, deepseek-v3-2-volc, deepseek-v3-1-volc, deepseek-v3-1-lkeap, deepseek-v3-1, deepseek-v3-0324-lkeap, deepseek-r1-0528-lkeap, kimi-k2-instruct-taiji, completion-gf, default-1.1, hunyuan-3b, hunyuan-7b-dense, codewise-completions, codewise-rewrite, codewise-nes-a4-027-aide, codewise-jump, deepseek-r1-0528, deepseek-v3-0324-taco-completion, deepseek-v3-0324, default-1.2, hunyuan-2.0-instruct, hunyuan-chat, hunyuan-image-alpha, hunyuan-image-alpha-edit, custom-local:kimi-k3
[9/26/2026, 8:03:07 PM.253] [Info] [AgentModelResolver] agent "cli" original_models=["auto","hy4-preview-f","hy3","hy3-x","deepseek-v4.1-flash","glm-5.3","glm-5.3-flash","glm-5.2","glm-5.1","glm-5v-turbo","minimax-m3","kimi-k3-1","kimi-k2.8-preview","kimi-k2.7","kimi-k2.6","deepseek-v4-pro"] -> resolved_models=["auto","hy4-preview-f","hy3","hy3-x","deepseek-v4.1-flash","glm-5.3","glm-5.3-flash","glm-5.2","glm-5.1","glm-5v-turbo","minimax-m3","kimi-k3-1","kimi-k2.8-preview","kimi-k2.7","kimi-k2.6","deepseek-v4-pro"]
[9/26/2026, 8:03:07 PM.253] [Info] [AgentModelResolver] agent "general-purpose" original_models=[] -> resolved_models=[]
[9/26/2026, 8:03:07 PM.253] [Info] [AgentModelResolver] agent "compact" original_models=[] -> resolved_models=[]
[9/26/2026, 8:03:07 PM.253] [Info] [AgentModelResolver] agent "contextSummary" original_models=[] -> resolved_models=[]
[9/26/2026, 8:03:07 PM.253] [Info] [AgentModelResolver] agent "contentAnalyzer" original_models=[] -> resolved_models=[]
[9/26/2026, 8:03:07 PM.253] [Info] [AgentModelResolver] agent "terminalTitleGenerator" original_models=[] -> resolved_models=[]
[9/26/2026, 8:03:07 PM.253] [Info] [AgentModelResolver] agent "promptSuggestion" original_models=[] -> resolved_models=[]
[9/26/2026, 8:03:07 PM.253] [Info] [AgentModelResolver] agent "memorySelector" original_models=["lite"] -> resolved_models=["lite"]
[9/26/2026, 8:03:07 PM.253] [Info] [AgentModelResolver] agent "summaryGenerator" original_models=[] -> resolved_models=[]
[9/26/2026, 8:03:07 PM.253] [Info] [AgentModelResolver] agent "autoModeClassifier" original_models=[] -> resolved_models=[]
[9/26/2026, 8:03:07 PM.253] [Info] [AgentModelResolver] agent "promptHookEvaluator" original_models=["lite"] -> resolved_models=["lite"]
[9/26/2026, 8:03:07 PM.253] [Info] [AgentModelResolver] agent "insightsAnalyzer" original_models=[] -> resolved_models=[]
[9/26/2026, 8:03:07 PM.253] [Info] [AgentModelResolver] agent "agentInstructions" original_models=[] -> resolved_models=[]
[9/26/2026, 8:03:07 PM.253] [Info] [AgentModelResolver] agent "statusline-setup" original_models=[] -> resolved_models=[]
[9/26/2026, 8:03:07 PM.253] [Info] [AgentModelResolver] agent "Explore" original_models=["lite"] -> resolved_models=["lite"]
[9/26/2026, 8:03:07 PM.253] [Info] [AgentModelResolver] agent "Plan" original_models=[] -> resolved_models=[]
[9/26/2026, 8:03:07 PM.253] [Info] [AgentModelResolver] agent "pulse" original_models=[] -> resolved_models=[]
[9/26/2026, 8:03:07 PM.253] [Info] [AgentModelResolver] agent "handoff-summary" original_models=undefined -> resolved_models=[]
[9/26/2026, 8:03:07 PM.253] [Info] [AgentModelResolver] agent "enhance-prompt" original_models=[] -> resolved_models=[]
[9/26/2026, 8:03:07 PM.253] [Info] [AgentModelResolver] agent "sheet-agent" original_models=[] -> resolved_models=[]
[9/26/2026, 8:03:07 PM.253] [Info] [AgentModelResolver] agent "doc-converter" original_models=[] -> resolved_models=[]
[9/26/2026, 8:03:07 PM.253] [Info] [AgentModelResolver] agent "doc-formatter" original_models=[] -> resolved_models=[]
[9/26/2026, 8:03:07 PM.253] [Info] [AgentModelResolver] agent "doc-writer" original_models=[] -> resolved_models=[]
[9/26/2026, 8:03:07 PM.269] [Info] [PluginPolicyService]  [MergedPlugins][DEBUG] ProductManager.onDidChange fired, reloading policies...
[9/26/2026, 8:03:07 PM.269] [Info] [PluginPolicyService]  [MergedPlugins][DEBUG] Current config builtInMarketPluginsMerge: [{"autoEnable":true,"marketplaceName":"codebuddy-plugins-official","name":"agent-browser","scope":"user"}]
[9/26/2026, 8:03:07 PM.269] [Info] [PluginPolicyService]  [MergedPlugins] Loaded 1 merged plugin entries
[9/26/2026, 8:03:07 PM.269] [Info] [Startup] AgentManager.rebuildAgents: START
[9/26/2026, 8:03:07 PM.269] [Info] [Startup] AgentManager.rebuildAgents: completed in 11ms, resolving readyDeferred
[9/26/2026, 8:03:07 PM.269] [Info] [PluginManager]  Checking for built-in marketplaces to install...
[9/26/2026, 8:03:07 PM.269] [Info] [BuiltInMarketplaceProvider]  Found 2 built-in marketplace(s)
[9/26/2026, 8:03:07 PM.269] [Info] [PluginManager]  Found 2 built-in marketplace(s)
[9/26/2026, 8:03:07 PM.271] [Info] [MarketplaceStorage]  [MarketplaceStorage] getMarketplaces ensureConfigFile=0ms readAndRepair=1ms migration=0ms total=2ms count=5 path=/Users/didi/.workbuddy/plugins/known_marketplaces.json
[9/26/2026, 8:03:07 PM.271] [Info] [PluginManager]  All built-in marketplaces are already installed
[9/26/2026, 8:03:07 PM.271] [Info] [MarketplaceStorage]  [MarketplaceStorage] getMarketplaces ensureConfigFile=0ms readAndRepair=0ms migration=0ms total=0ms count=5 path=/Users/didi/.workbuddy/plugins/known_marketplaces.json
[9/26/2026, 8:03:07 PM.271] [Info] [BuiltInMarketplaceProvider]  Found 2 built-in marketplace(s)
[9/26/2026, 8:03:07 PM.273] [Info] [PluginManager]  Loaded 5 marketplaces (2 built-in) total=2ms storage=0ms builtIn=0ms autoUpdate=0ms
[9/26/2026, 8:03:09 PM.259] [Info] [TracingService]  Tracing uses @tencent/galileo-node-sdk global OpenTelemetry provider; @genie OTLP exporter is skipped.
[9/26/2026, 8:03:09 PM.259] [Info] [TracingService]  Tracing config resolved: {"productEnabled":true,"enabledByEnv":false,"endpoint":"https://copilot.tencent.com","galileoEnabled":true}
[9/26/2026, 8:03:36 PM.653] [Info] [WorkflowMemProbe] tick runId=(none) | rss=128.8MB heap=165.4/173.1MB external=54.2MB arrayBuffers=0MB
[9/26/2026, 8:19:22 PM.369] [Info] [WorkflowMemProbe] tick runId=(none) | rss=131.3MB heap=167.4/174.2MB external=54.2MB arrayBuffers=0MB
[9/26/2026, 8:19:22 PM.436] [Info] [GitInfoCollector]  CODEBUDDY_GIT_REPO_SCAN_DISABLED 1
[9/26/2026, 8:19:22 PM.436] [Info] [GitInfoCollector]  Git repository scan is disabled via CODEBUDDY_GIT_REPO_SCAN_DISABLED environment variable
[9/26/2026, 8:19:23 PM.172] [Info] [CloudProductManager]  fetch cloud product success, agents(1): cli, models(53): auto,fast-model,balanced-model,deep-model,hy3,hy3-b,hy3-c,hy3-x,hy4-preview,hy4-preview-f,minimax-m2.5,glm-5v-turbo,glm-5.3,glm-5.3-flash,glm-5.2,glm-5.1,glm-5.0-turbo,glm-4.6v,kimi-k3-1,kimi-k2.8-preview,kimi-k2.7,kimi-k2.6,kimi-k2.5,kimi-k2-thinking,minimax-m3,minimax-m2.7,glm-4.6,deepseek-v4-flash,deepseek-v4.1-flash,deepseek-v4-pro,deepseek-v3-2-volc,deepseek-v3-1-volc,deepseek-v3-1-lkeap,deepseek-v3-1,deepseek-v3-0324-lkeap,deepseek-r1-0528-lkeap,kimi-k2-instruct-taiji,completion-gf,default-1.1,hunyuan-3b,hunyuan-7b-dense,codewise-completions,codewise-rewrite,codewise-nes-a4-027-aide,codewise-jump,deepseek-r1-0528,deepseek-v3-0324-taco-completion,deepseek-v3-0324,default-1.2,hunyuan-2.0-instruct,hunyuan-chat,hunyuan-image-alpha,hunyuan-image-alpha-edit
[9/26/2026, 8:19:23 PM.172] [Info] [CloudProductManager]  Fetched configuration from remote [735ms]
[9/26/2026, 8:19:23 PM.175] [Info] [PluginsProductProvider.provide] active=9, ids=[weixinpay@workbuddy-builtin,tencent-docs-plugin@workbuddy-builtin,sheetagent@workbuddy-builtin,tencent-pptx@workbuddy-builtin,tencent-docx@workbuddy-builtin,agent-browser@codebuddy-plugins-official,find-skills@codebuddy-plugins-official,agent-browser@inline,find-skills@inline]
[9/26/2026, 8:19:23 PM.178] [Info] [MCP][cacheDbg] getConnectedServers() called: nonInteractive=true waitForSettle=false cacheNow=[connector-proxy,weixinpay,sheetagent] allServers=[connector-proxy:connected,weixinpay:connected,sheetagent:connected]
[9/26/2026, 8:19:23 PM.178] [Info] [MCP][cacheDbg] getConnectedServers() returning: [connector-proxy,weixinpay,sheetagent] (size=3)
[9/26/2026, 8:19:23 PM.186] [Info] [CustomModelsProductProvider] productName=WorkBuddy, isWorkBuddy=true, userConfigPath=/Users/didi/.workbuddy/models.json
[9/26/2026, 8:19:23 PM.186] [Info] Loaded custom models config from user: /Users/didi/.workbuddy/models.json
[9/26/2026, 8:19:23 PM.187] [Info] [ModelsProductProvider] enterpriseId: undefined, endpoint: https://copilot.tencent.com
[9/26/2026, 8:19:23 PM.187] [Warning] [ModelsProductProvider] enterpriseId is missing, skipping models API call
[9/26/2026, 8:19:23 PM.187] [Info] [AgentModelResolver] product config input: 54 models, 23 agents
[9/26/2026, 8:19:23 PM.187] [Info] [AgentModelResolver] model ids: auto, fast-model, balanced-model, deep-model, hy3, hy3-b, hy3-c, hy3-x, hy4-preview, hy4-preview-f, minimax-m2.5, glm-5v-turbo, glm-5.3, glm-5.3-flash, glm-5.2, glm-5.1, glm-5.0-turbo, glm-4.6v, kimi-k3-1, kimi-k2.8-preview, kimi-k2.7, kimi-k2.6, kimi-k2.5, kimi-k2-thinking, minimax-m3, minimax-m2.7, glm-4.6, deepseek-v4-flash, deepseek-v4.1-flash, deepseek-v4-pro, deepseek-v3-2-volc, deepseek-v3-1-volc, deepseek-v3-1-lkeap, deepseek-v3-1, deepseek-v3-0324-lkeap, deepseek-r1-0528-lkeap, kimi-k2-instruct-taiji, completion-gf, default-1.1, hunyuan-3b, hunyuan-7b-dense, codewise-completions, codewise-rewrite, codewise-nes-a4-027-aide, codewise-jump, deepseek-r1-0528, deepseek-v3-0324-taco-completion, deepseek-v3-0324, default-1.2, hunyuan-2.0-instruct, hunyuan-chat, hunyuan-image-alpha, hunyuan-image-alpha-edit, custom-local:kimi-k3
[9/26/2026, 8:19:23 PM.187] [Info] [AgentModelResolver] agent "cli" original_models=["auto","hy4-preview-f","hy3","hy3-x","deepseek-v4.1-flash","glm-5.3","glm-5.3-flash","glm-5.2","glm-5.1","glm-5v-turbo","minimax-m3","kimi-k3-1","kimi-k2.8-preview","kimi-k2.7","kimi-k2.6","deepseek-v4-pro"] -> resolved_models=["auto","hy4-preview-f","hy3","hy3-x","deepseek-v4.1-flash","glm-5.3","glm-5.3-flash","glm-5.2","glm-5.1","glm-5v-turbo","minimax-m3","kimi-k3-1","kimi-k2.8-preview","kimi-k2.7","kimi-k2.6","deepseek-v4-pro"]
[9/26/2026, 8:19:23 PM.187] [Info] [AgentModelResolver] agent "general-purpose" original_models=[] -> resolved_models=[]
[9/26/2026, 8:19:23 PM.187] [Info] [AgentModelResolver] agent "compact" original_models=[] -> resolved_models=[]
[9/26/2026, 8:19:23 PM.187] [Info] [AgentModelResolver] agent "contextSummary" original_models=[] -> resolved_models=[]
[9/26/2026, 8:19:23 PM.187] [Info] [AgentModelResolver] agent "contentAnalyzer" original_models=[] -> resolved_models=[]
[9/26/2026, 8:19:23 PM.187] [Info] [AgentModelResolver] agent "terminalTitleGenerator" original_models=[] -> resolved_models=[]
[9/26/2026, 8:19:23 PM.187] [Info] [AgentModelResolver] agent "promptSuggestion" original_models=[] -> resolved_models=[]
[9/26/2026, 8:19:23 PM.187] [Info] [AgentModelResolver] agent "memorySelector" original_models=["lite"] -> resolved_models=["lite"]
[9/26/2026, 8:19:23 PM.187] [Info] [AgentModelResolver] agent "summaryGenerator" original_models=[] -> resolved_models=[]
[9/26/2026, 8:19:23 PM.187] [Info] [AgentModelResolver] agent "autoModeClassifier" original_models=[] -> resolved_models=[]
[9/26/2026, 8:19:23 PM.187] [Info] [AgentModelResolver] agent "promptHookEvaluator" original_models=["lite"] -> resolved_models=["lite"]
[9/26/2026, 8:19:23 PM.187] [Info] [AgentModelResolver] agent "insightsAnalyzer" original_models=[] -> resolved_models=[]
[9/26/2026, 8:19:23 PM.187] [Info] [AgentModelResolver] agent "agentInstructions" original_models=[] -> resolved_models=[]
[9/26/2026, 8:19:23 PM.187] [Info] [AgentModelResolver] agent "statusline-setup" original_models=[] -> resolved_models=[]
[9/26/2026, 8:19:23 PM.187] [Info] [AgentModelResolver] agent "Explore" original_models=["lite"] -> resolved_models=["lite"]
[9/26/2026, 8:19:23 PM.187] [Info] [AgentModelResolver] agent "Plan" original_models=[] -> resolved_models=[]
[9/26/2026, 8:19:23 PM.187] [Info] [AgentModelResolver] agent "pulse" original_models=[] -> resolved_models=[]
[9/26/2026, 8:19:23 PM.187] [Info] [AgentModelResolver] agent "handoff-summary" original_models=undefined -> resolved_models=[]
[9/26/2026, 8:19:23 PM.187] [Info] [AgentModelResolver] agent "enhance-prompt" original_models=[] -> resolved_models=[]
[9/26/2026, 8:19:23 PM.187] [Info] [AgentModelResolver] agent "sheet-agent" original_models=[] -> resolved_models=[]
[9/26/2026, 8:19:23 PM.187] [Info] [AgentModelResolver] agent "doc-converter" original_models=[] -> resolved_models=[]
[9/26/2026, 8:19:23 PM.187] [Info] [AgentModelResolver] agent "doc-formatter" original_models=[] -> resolved_models=[]
[9/26/2026, 8:19:23 PM.187] [Info] [AgentModelResolver] agent "doc-writer" original_models=[] -> resolved_models=[]
[9/26/2026, 8:19:23 PM.213] [Info] [PluginPolicyService]  [MergedPlugins][DEBUG] ProductManager.onDidChange fired, reloading policies...
[9/26/2026, 8:19:23 PM.213] [Info] [PluginPolicyService]  [MergedPlugins][DEBUG] Current config builtInMarketPluginsMerge: [{"autoEnable":true,"marketplaceName":"codebuddy-plugins-official","name":"agent-browser","scope":"user"}]
[9/26/2026, 8:19:23 PM.213] [Info] [PluginPolicyService]  [MergedPlugins] Loaded 1 merged plugin entries
[9/26/2026, 8:19:23 PM.213] [Info] [Startup] AgentManager.rebuildAgents: START
[9/26/2026, 8:19:23 PM.214] [Info] [Startup] AgentManager.rebuildAgents: completed in 20ms, resolving readyDeferred
[9/26/2026, 8:19:23 PM.221] [Info] [PluginManager]  Checking for built-in marketplaces to install...
[9/26/2026, 8:19:23 PM.221] [Info] [BuiltInMarketplaceProvider]  Found 2 built-in marketplace(s)
[9/26/2026, 8:19:23 PM.221] [Info] [PluginManager]  Found 2 built-in marketplace(s)
[9/26/2026, 8:19:23 PM.222] [Info] [MarketplaceStorage]  [MarketplaceStorage] getMarketplaces ensureConfigFile=0ms readAndRepair=1ms migration=0ms total=1ms count=5 path=/Users/didi/.workbuddy/plugins/known_marketplaces.json
[9/26/2026, 8:19:23 PM.222] [Info] [PluginManager]  All built-in marketplaces are already installed
[9/26/2026, 8:19:23 PM.223] [Info] [MarketplaceStorage]  [MarketplaceStorage] getMarketplaces ensureConfigFile=0ms readAndRepair=0ms migration=0ms total=1ms count=5 path=/Users/didi/.workbuddy/plugins/known_marketplaces.json
[9/26/2026, 8:19:23 PM.223] [Info] [BuiltInMarketplaceProvider]  Found 2 built-in marketplace(s)
[9/26/2026, 8:19:23 PM.225] [Info] [PluginManager]  Loaded 5 marketplaces (2 built-in) total=3ms storage=1ms builtIn=0ms autoUpdate=0ms
[9/26/2026, 8:19:25 PM.196] [Info] [TracingService]  Tracing uses @tencent/galileo-node-sdk global OpenTelemetry provider; @genie OTLP exporter is skipped.
[9/26/2026, 8:19:25 PM.196] [Info] [TracingService]  Tracing config resolved: {"productEnabled":true,"enabledByEnv":false,"endpoint":"https://copilot.tencent.com","galileoEnabled":true}
[9/26/2026, 8:19:52 PM.378] [Info] [WorkflowMemProbe] tick runId=(none) | rss=138.4MB heap=156.2/164.4MB external=54.4MB arrayBuffers=0MB
[9/26/2026, 8:35:36 PM.944] [Info] [WorkflowMemProbe] tick runId=(none) | rss=139.6MB heap=158.1/165.8MB external=54.4MB arrayBuffers=0MB
[9/26/2026, 8:35:36 PM.946] [Info] [GitInfoCollector]  CODEBUDDY_GIT_REPO_SCAN_DISABLED 1
[9/26/2026, 8:35:36 PM.947] [Info] [GitInfoCollector]  Git repository scan is disabled via CODEBUDDY_GIT_REPO_SCAN_DISABLED environment variable
[9/26/2026, 8:35:37 PM.447] [Info] [CloudProductManager]  fetch cloud product success, agents(1): cli, models(53): auto,fast-model,balanced-model,deep-model,hy3,hy3-b,hy3-c,hy3-x,hy4-preview,hy4-preview-f,minimax-m2.5,glm-5v-turbo,glm-5.3,glm-5.3-flash,glm-5.2,glm-5.1,glm-5.0-turbo,glm-4.6v,kimi-k3-1,kimi-k2.8-preview,kimi-k2.7,kimi-k2.6,kimi-k2.5,kimi-k2-thinking,minimax-m3,minimax-m2.7,glm-4.6,deepseek-v4-flash,deepseek-v4.1-flash,deepseek-v4-pro,deepseek-v3-2-volc,deepseek-v3-1-volc,deepseek-v3-1-lkeap,deepseek-v3-1,deepseek-v3-0324-lkeap,deepseek-r1-0528-lkeap,kimi-k2-instruct-taiji,completion-gf,default-1.1,hunyuan-3b,hunyuan-7b-dense,codewise-completions,codewise-rewrite,codewise-nes-a4-027-aide,codewise-jump,deepseek-r1-0528,deepseek-v3-0324-taco-completion,deepseek-v3-0324,default-1.2,hunyuan-2.0-instruct,hunyuan-chat,hunyuan-image-alpha,hunyuan-image-alpha-edit
[9/26/2026, 8:35:37 PM.447] [Info] [CloudProductManager]  Fetched configuration from remote [499ms]
[9/26/2026, 8:35:37 PM.449] [Info] [PluginsProductProvider.provide] active=9, ids=[weixinpay@workbuddy-builtin,tencent-docs-plugin@workbuddy-builtin,sheetagent@workbuddy-builtin,tencent-pptx@workbuddy-builtin,tencent-docx@workbuddy-builtin,agent-browser@codebuddy-plugins-official,find-skills@codebuddy-plugins-official,agent-browser@inline,find-skills@inline]
[9/26/2026, 8:35:37 PM.449] [Info] [MCP][cacheDbg] getConnectedServers() called: nonInteractive=true waitForSettle=false cacheNow=[connector-proxy,weixinpay,sheetagent] allServers=[connector-proxy:connected,weixinpay:connected,sheetagent:connected]
[9/26/2026, 8:35:37 PM.449] [Info] [MCP][cacheDbg] getConnectedServers() returning: [connector-proxy,weixinpay,sheetagent] (size=3)
[9/26/2026, 8:35:37 PM.456] [Info] [CustomModelsProductProvider] productName=WorkBuddy, isWorkBuddy=true, userConfigPath=/Users/didi/.workbuddy/models.json
[9/26/2026, 8:35:37 PM.456] [Info] Loaded custom models config from user: /Users/didi/.workbuddy/models.json
[9/26/2026, 8:35:37 PM.456] [Info] [ModelsProductProvider] enterpriseId: undefined, endpoint: https://copilot.tencent.com
[9/26/2026, 8:35:37 PM.456] [Warning] [ModelsProductProvider] enterpriseId is missing, skipping models API call
[9/26/2026, 8:35:37 PM.456] [Info] [AgentModelResolver] product config input: 54 models, 23 agents
[9/26/2026, 8:35:37 PM.456] [Info] [AgentModelResolver] model ids: auto, fast-model, balanced-model, deep-model, hy3, hy3-b, hy3-c, hy3-x, hy4-preview, hy4-preview-f, minimax-m2.5, glm-5v-turbo, glm-5.3, glm-5.3-flash, glm-5.2, glm-5.1, glm-5.0-turbo, glm-4.6v, kimi-k3-1, kimi-k2.8-preview, kimi-k2.7, kimi-k2.6, kimi-k2.5, kimi-k2-thinking, minimax-m3, minimax-m2.7, glm-4.6, deepseek-v4-flash, deepseek-v4.1-flash, deepseek-v4-pro, deepseek-v3-2-volc, deepseek-v3-1-volc, deepseek-v3-1-lkeap, deepseek-v3-1, deepseek-v3-0324-lkeap, deepseek-r1-0528-lkeap, kimi-k2-instruct-taiji, completion-gf, default-1.1, hunyuan-3b, hunyuan-7b-dense, codewise-completions, codewise-rewrite, codewise-nes-a4-027-aide, codewise-jump, deepseek-r1-0528, deepseek-v3-0324-taco-completion, deepseek-v3-0324, default-1.2, hunyuan-2.0-instruct, hunyuan-chat, hunyuan-image-alpha, hunyuan-image-alpha-edit, custom-local:kimi-k3
[9/26/2026, 8:35:37 PM.456] [Info] [AgentModelResolver] agent "cli" original_models=["auto","hy4-preview-f","hy3","hy3-x","deepseek-v4.1-flash","glm-5.3","glm-5.3-flash","glm-5.2","glm-5.1","glm-5v-turbo","minimax-m3","kimi-k3-1","kimi-k2.8-preview","kimi-k2.7","kimi-k2.6","deepseek-v4-pro"] -> resolved_models=["auto","hy4-preview-f","hy3","hy3-x","deepseek-v4.1-flash","glm-5.3","glm-5.3-flash","glm-5.2","glm-5.1","glm-5v-turbo","minimax-m3","kimi-k3-1","kimi-k2.8-preview","kimi-k2.7","kimi-k2.6","deepseek-v4-pro"]
[9/26/2026, 8:35:37 PM.456] [Info] [AgentModelResolver] agent "general-purpose" original_models=[] -> resolved_models=[]
[9/26/2026, 8:35:37 PM.456] [Info] [AgentModelResolver] agent "compact" original_models=[] -> resolved_models=[]
[9/26/2026, 8:35:37 PM.456] [Info] [AgentModelResolver] agent "contextSummary" original_models=[] -> resolved_models=[]
[9/26/2026, 8:35:37 PM.456] [Info] [AgentModelResolver] agent "contentAnalyzer" original_models=[] -> resolved_models=[]
[9/26/2026, 8:35:37 PM.456] [Info] [AgentModelResolver] agent "terminalTitleGenerator" original_models=[] -> resolved_models=[]
[9/26/2026, 8:35:37 PM.456] [Info] [AgentModelResolver] agent "promptSuggestion" original_models=[] -> resolved_models=[]
[9/26/2026, 8:35:37 PM.456] [Info] [AgentModelResolver] agent "memorySelector" original_models=["lite"] -> resolved_models=["lite"]
[9/26/2026, 8:35:37 PM.456] [Info] [AgentModelResolver] agent "summaryGenerator" original_models=[] -> resolved_models=[]
[9/26/2026, 8:35:37 PM.456] [Info] [AgentModelResolver] agent "autoModeClassifier" original_models=[] -> resolved_models=[]
[9/26/2026, 8:35:37 PM.456] [Info] [AgentModelResolver] agent "promptHookEvaluator" original_models=["lite"] -> resolved_models=["lite"]
[9/26/2026, 8:35:37 PM.456] [Info] [AgentModelResolver] agent "insightsAnalyzer" original_models=[] -> resolved_models=[]
[9/26/2026, 8:35:37 PM.456] [Info] [AgentModelResolver] agent "agentInstructions" original_models=[] -> resolved_models=[]
[9/26/2026, 8:35:37 PM.456] [Info] [AgentModelResolver] agent "statusline-setup" original_models=[] -> resolved_models=[]
[9/26/2026, 8:35:37 PM.456] [Info] [AgentModelResolver] agent "Explore" original_models=["lite"] -> resolved_models=["lite"]
[9/26/2026, 8:35:37 PM.456] [Info] [AgentModelResolver] agent "Plan" original_models=[] -> resolved_models=[]
[9/26/2026, 8:35:37 PM.456] [Info] [AgentModelResolver] agent "pulse" original_models=[] -> resolved_models=[]
[9/26/2026, 8:35:37 PM.456] [Info] [AgentModelResolver] agent "handoff-summary" original_models=undefined -> resolved_models=[]
[9/26/2026, 8:35:37 PM.456] [Info] [AgentModelResolver] agent "enhance-prompt" original_models=[] -> resolved_models=[]
[9/26/2026, 8:35:37 PM.456] [Info] [AgentModelResolver] agent "sheet-agent" original_models=[] -> resolved_models=[]
[9/26/2026, 8:35:37 PM.456] [Info] [AgentModelResolver] agent "doc-converter" original_models=[] -> resolved_models=[]
[9/26/2026, 8:35:37 PM.456] [Info] [AgentModelResolver] agent "doc-formatter" original_models=[] -> resolved_models=[]
[9/26/2026, 8:35:37 PM.456] [Info] [AgentModelResolver] agent "doc-writer" original_models=[] -> resolved_models=[]
[9/26/2026, 8:35:37 PM.472] [Info] [PluginPolicyService]  [MergedPlugins][DEBUG] ProductManager.onDidChange fired, reloading policies...
[9/26/2026, 8:35:37 PM.472] [Info] [PluginPolicyService]  [MergedPlugins][DEBUG] Current config builtInMarketPluginsMerge: [{"autoEnable":true,"marketplaceName":"codebuddy-plugins-official","name":"agent-browser","scope":"user"}]
[9/26/2026, 8:35:37 PM.472] [Info] [PluginPolicyService]  [MergedPlugins] Loaded 1 merged plugin entries
[9/26/2026, 8:35:37 PM.472] [Info] [Startup] AgentManager.rebuildAgents: START
[9/26/2026, 8:35:37 PM.472] [Info] [Startup] AgentManager.rebuildAgents: completed in 11ms, resolving readyDeferred
[9/26/2026, 8:35:37 PM.472] [Info] [PluginManager]  Checking for built-in marketplaces to install...
[9/26/2026, 8:35:37 PM.472] [Info] [BuiltInMarketplaceProvider]  Found 2 built-in marketplace(s)
[9/26/2026, 8:35:37 PM.472] [Info] [PluginManager]  Found 2 built-in marketplace(s)
[9/26/2026, 8:35:37 PM.472] [Info] [MarketplaceStorage]  [MarketplaceStorage] getMarketplaces ensureConfigFile=0ms readAndRepair=0ms migration=0ms total=0ms count=5 path=/Users/didi/.workbuddy/plugins/known_marketplaces.json
[9/26/2026, 8:35:37 PM.472] [Info] [PluginManager]  All built-in marketplaces are already installed
[9/26/2026, 8:35:37 PM.473] [Info] [MarketplaceStorage]  [MarketplaceStorage] getMarketplaces ensureConfigFile=1ms readAndRepair=0ms migration=0ms total=1ms count=5 path=/Users/didi/.workbuddy/plugins/known_marketplaces.json
[9/26/2026, 8:35:37 PM.473] [Info] [BuiltInMarketplaceProvider]  Found 2 built-in marketplace(s)
[9/26/2026, 8:35:37 PM.474] [Info] [PluginManager]  Loaded 5 marketplaces (2 built-in) total=2ms storage=1ms builtIn=0ms autoUpdate=0ms
[9/26/2026, 8:35:39 PM.463] [Info] [TracingService]  Tracing uses @tencent/galileo-node-sdk global OpenTelemetry provider; @genie OTLP exporter is skipped.
[9/26/2026, 8:35:39 PM.463] [Info] [TracingService]  Tracing config resolved: {"productEnabled":true,"enabledByEnv":false,"endpoint":"https://copilot.tencent.com","galileoEnabled":true}
[9/26/2026, 8:36:00 PM.747] [Info] [TracingService]  [primary] Exported 1 spans, traceIds: 274978409fc665ba5fa6efce9aa4d4b5
[9/26/2026, 8:36:06 PM.945] [Info] [WorkflowMemProbe] tick runId=(none) | rss=145.1MB heap=160/166.2MB external=54.2MB arrayBuffers=0MB
[9/26/2026, 8:51:46 PM.253] [Info] [WorkflowMemProbe] tick runId=(none) | rss=146.7MB heap=161.7/167.5MB external=54.1MB arrayBuffers=0MB
[9/26/2026, 8:51:46 PM.255] [Info] [GitInfoCollector]  CODEBUDDY_GIT_REPO_SCAN_DISABLED 1
[9/26/2026, 8:51:46 PM.255] [Info] [GitInfoCollector]  Git repository scan is disabled via CODEBUDDY_GIT_REPO_SCAN_DISABLED environment variable
[9/26/2026, 8:51:47 PM.099] [Info] [CloudProductManager]  fetch cloud product success, agents(1): cli, models(53): auto,fast-model,balanced-model,deep-model,hy3,hy3-b,hy3-c,hy3-x,hy4-preview,hy4-preview-f,minimax-m2.5,glm-5v-turbo,glm-5.3,glm-5.3-flash,glm-5.2,glm-5.1,glm-5.0-turbo,glm-4.6v,kimi-k3-1,kimi-k2.8-preview,kimi-k2.7,kimi-k2.6,kimi-k2.5,kimi-k2-thinking,minimax-m3,minimax-m2.7,glm-4.6,deepseek-v4-flash,deepseek-v4.1-flash,deepseek-v4-pro,deepseek-v3-2-volc,deepseek-v3-1-volc,deepseek-v3-1-lkeap,deepseek-v3-1,deepseek-v3-0324-lkeap,deepseek-r1-0528-lkeap,kimi-k2-instruct-taiji,completion-gf,default-1.1,hunyuan-3b,hunyuan-7b-dense,codewise-completions,codewise-rewrite,codewise-nes-a4-027-aide,codewise-jump,deepseek-r1-0528,deepseek-v3-0324-taco-completion,deepseek-v3-0324,default-1.2,hunyuan-2.0-instruct,hunyuan-chat,hunyuan-image-alpha,hunyuan-image-alpha-edit
[9/26/2026, 8:51:47 PM.099] [Info] [CloudProductManager]  Fetched configuration from remote [900ms]
[9/26/2026, 8:51:47 PM.099] [Info] [PluginsProductProvider.provide] active=9, ids=[weixinpay@workbuddy-builtin,tencent-docs-plugin@workbuddy-builtin,sheetagent@workbuddy-builtin,tencent-pptx@workbuddy-builtin,tencent-docx@workbuddy-builtin,agent-browser@codebuddy-plugins-official,find-skills@codebuddy-plugins-official,agent-browser@inline,find-skills@inline]
[9/26/2026, 8:51:47 PM.099] [Info] [MCP][cacheDbg] getConnectedServers() called: nonInteractive=true waitForSettle=false cacheNow=[connector-proxy,weixinpay,sheetagent] allServers=[connector-proxy:connected,weixinpay:connected,sheetagent:connected]
[9/26/2026, 8:51:47 PM.100] [Info] [MCP][cacheDbg] getConnectedServers() returning: [connector-proxy,weixinpay,sheetagent] (size=3)
[9/26/2026, 8:51:47 PM.113] [Info] [CustomModelsProductProvider] productName=WorkBuddy, isWorkBuddy=true, userConfigPath=/Users/didi/.workbuddy/models.json
[9/26/2026, 8:51:47 PM.113] [Info] Loaded custom models config from user: /Users/didi/.workbuddy/models.json
[9/26/2026, 8:51:47 PM.114] [Info] [ModelsProductProvider] enterpriseId: undefined, endpoint: https://copilot.tencent.com
[9/26/2026, 8:51:47 PM.114] [Warning] [ModelsProductProvider] enterpriseId is missing, skipping models API call
[9/26/2026, 8:51:47 PM.114] [Info] [AgentModelResolver] product config input: 54 models, 23 agents
[9/26/2026, 8:51:47 PM.114] [Info] [AgentModelResolver] model ids: auto, fast-model, balanced-model, deep-model, hy3, hy3-b, hy3-c, hy3-x, hy4-preview, hy4-preview-f, minimax-m2.5, glm-5v-turbo, glm-5.3, glm-5.3-flash, glm-5.2, glm-5.1, glm-5.0-turbo, glm-4.6v, kimi-k3-1, kimi-k2.8-preview, kimi-k2.7, kimi-k2.6, kimi-k2.5, kimi-k2-thinking, minimax-m3, minimax-m2.7, glm-4.6, deepseek-v4-flash, deepseek-v4.1-flash, deepseek-v4-pro, deepseek-v3-2-volc, deepseek-v3-1-volc, deepseek-v3-1-lkeap, deepseek-v3-1, deepseek-v3-0324-lkeap, deepseek-r1-0528-lkeap, kimi-k2-instruct-taiji, completion-gf, default-1.1, hunyuan-3b, hunyuan-7b-dense, codewise-completions, codewise-rewrite, codewise-nes-a4-027-aide, codewise-jump, deepseek-r1-0528, deepseek-v3-0324-taco-completion, deepseek-v3-0324, default-1.2, hunyuan-2.0-instruct, hunyuan-chat, hunyuan-image-alpha, hunyuan-image-alpha-edit, custom-local:kimi-k3
[9/26/2026, 8:51:47 PM.114] [Info] [AgentModelResolver] agent "cli" original_models=["auto","hy4-preview-f","hy3","hy3-x","deepseek-v4.1-flash","glm-5.3","glm-5.3-flash","glm-5.2","glm-5.1","glm-5v-turbo","minimax-m3","kimi-k3-1","kimi-k2.8-preview","kimi-k2.7","kimi-k2.6","deepseek-v4-pro"] -> resolved_models=["auto","hy4-preview-f","hy3","hy3-x","deepseek-v4.1-flash","glm-5.3","glm-5.3-flash","glm-5.2","glm-5.1","glm-5v-turbo","minimax-m3","kimi-k3-1","kimi-k2.8-preview","kimi-k2.7","kimi-k2.6","deepseek-v4-pro"]
[9/26/2026, 8:51:47 PM.114] [Info] [AgentModelResolver] agent "general-purpose" original_models=[] -> resolved_models=[]
[9/26/2026, 8:51:47 PM.114] [Info] [AgentModelResolver] agent "compact" original_models=[] -> resolved_models=[]
[9/26/2026, 8:51:47 PM.114] [Info] [AgentModelResolver] agent "contextSummary" original_models=[] -> resolved_models=[]
[9/26/2026, 8:51:47 PM.114] [Info] [AgentModelResolver] agent "contentAnalyzer" original_models=[] -> resolved_models=[]
[9/26/2026, 8:51:47 PM.114] [Info] [AgentModelResolver] agent "terminalTitleGenerator" original_models=[] -> resolved_models=[]
[9/26/2026, 8:51:47 PM.114] [Info] [AgentModelResolver] agent "promptSuggestion" original_models=[] -> resolved_models=[]
[9/26/2026, 8:51:47 PM.114] [Info] [AgentModelResolver] agent "memorySelector" original_models=["lite"] -> resolved_models=["lite"]
[9/26/2026, 8:51:47 PM.114] [Info] [AgentModelResolver] agent "summaryGenerator" original_models=[] -> resolved_models=[]
[9/26/2026, 8:51:47 PM.114] [Info] [AgentModelResolver] agent "autoModeClassifier" original_models=[] -> resolved_models=[]
[9/26/2026, 8:51:47 PM.114] [Info] [AgentModelResolver] agent "promptHookEvaluator" original_models=["lite"] -> resolved_models=["lite"]
[9/26/2026, 8:51:47 PM.114] [Info] [AgentModelResolver] agent "insightsAnalyzer" original_models=[] -> resolved_models=[]
[9/26/2026, 8:51:47 PM.114] [Info] [AgentModelResolver] agent "agentInstructions" original_models=[] -> resolved_models=[]
[9/26/2026, 8:51:47 PM.114] [Info] [AgentModelResolver] agent "statusline-setup" original_models=[] -> resolved_models=[]
[9/26/2026, 8:51:47 PM.114] [Info] [AgentModelResolver] agent "Explore" original_models=["lite"] -> resolved_models=["lite"]
[9/26/2026, 8:51:47 PM.114] [Info] [AgentModelResolver] agent "Plan" original_models=[] -> resolved_models=[]
[9/26/2026, 8:51:47 PM.114] [Info] [AgentModelResolver] agent "pulse" original_models=[] -> resolved_models=[]
[9/26/2026, 8:51:47 PM.114] [Info] [AgentModelResolver] agent "handoff-summary" original_models=undefined -> resolved_models=[]
[9/26/2026, 8:51:47 PM.114] [Info] [AgentModelResolver] agent "enhance-prompt" original_models=[] -> resolved_models=[]
[9/26/2026, 8:51:47 PM.114] [Info] [AgentModelResolver] agent "sheet-agent" original_models=[] -> resolved_models=[]
[9/26/2026, 8:51:47 PM.114] [Info] [AgentModelResolver] agent "doc-converter" original_models=[] -> resolved_models=[]
[9/26/2026, 8:51:47 PM.114] [Info] [AgentModelResolver] agent "doc-formatter" original_models=[] -> resolved_models=[]
[9/26/2026, 8:51:47 PM.114] [Info] [AgentModelResolver] agent "doc-writer" original_models=[] -> resolved_models=[]
[9/26/2026, 8:51:47 PM.129] [Info] [PluginPolicyService]  [MergedPlugins][DEBUG] ProductManager.onDidChange fired, reloading policies...
[9/26/2026, 8:51:47 PM.129] [Info] [PluginPolicyService]  [MergedPlugins][DEBUG] Current config builtInMarketPluginsMerge: [{"autoEnable":true,"marketplaceName":"codebuddy-plugins-official","name":"agent-browser","scope":"user"}]
[9/26/2026, 8:51:47 PM.129] [Info] [PluginPolicyService]  [MergedPlugins] Loaded 1 merged plugin entries
[9/26/2026, 8:51:47 PM.129] [Info] [Startup] AgentManager.rebuildAgents: START
[9/26/2026, 8:51:47 PM.129] [Info] [Startup] AgentManager.rebuildAgents: completed in 11ms, resolving readyDeferred
[9/26/2026, 8:51:47 PM.130] [Info] [PluginManager]  Checking for built-in marketplaces to install...
[9/26/2026, 8:51:47 PM.130] [Info] [BuiltInMarketplaceProvider]  Found 2 built-in marketplace(s)
[9/26/2026, 8:51:47 PM.130] [Info] [PluginManager]  Found 2 built-in marketplace(s)
[9/26/2026, 8:51:47 PM.130] [Info] [MarketplaceStorage]  [MarketplaceStorage] getMarketplaces ensureConfigFile=0ms readAndRepair=0ms migration=0ms total=0ms count=5 path=/Users/didi/.workbuddy/plugins/known_marketplaces.json
[9/26/2026, 8:51:47 PM.130] [Info] [PluginManager]  All built-in marketplaces are already installed
[9/26/2026, 8:51:47 PM.131] [Info] [MarketplaceStorage]  [MarketplaceStorage] getMarketplaces ensureConfigFile=0ms readAndRepair=1ms migration=0ms total=1ms count=5 path=/Users/didi/.workbuddy/plugins/known_marketplaces.json
[9/26/2026, 8:51:47 PM.131] [Info] [BuiltInMarketplaceProvider]  Found 2 built-in marketplace(s)
[9/26/2026, 8:51:47 PM.132] [Info] [PluginManager]  Loaded 5 marketplaces (2 built-in) total=2ms storage=1ms builtIn=0ms autoUpdate=0ms
[9/26/2026, 8:51:49 PM.071] [Info] [TracingService]  Tracing uses @tencent/galileo-node-sdk global OpenTelemetry provider; @genie OTLP exporter is skipped.
[9/26/2026, 8:51:49 PM.071] [Info] [TracingService]  Tracing config resolved: {"productEnabled":true,"enabledByEnv":false,"endpoint":"https://copilot.tencent.com","galileoEnabled":true}
[9/26/2026, 8:52:16 PM.148] [Info] [WorkflowMemProbe] tick runId=(none) | rss=150.5MB heap=166.3/174.1MB external=54.7MB arrayBuffers=0MB
[9/26/2026, 9:00:04 PM.776] [Info] [WorkflowMemProbe] tick runId=(none) | rss=151.6MB heap=168.2/175.1MB external=54.7MB arrayBuffers=0MB
[9/26/2026, 9:00:04 PM.778] [Info] [GitInfoCollector]  CODEBUDDY_GIT_REPO_SCAN_DISABLED 1
[9/26/2026, 9:00:04 PM.778] [Info] [GitInfoCollector]  Git repository scan is disabled via CODEBUDDY_GIT_REPO_SCAN_DISABLED environment variable
[9/26/2026, 9:00:05 PM.268] [Info] [CloudProductManager]  fetch cloud product success, agents(1): cli, models(53): auto,fast-model,balanced-model,deep-model,hy3,hy3-b,hy3-c,hy3-x,hy4-preview,hy4-preview-f,minimax-m2.5,glm-5v-turbo,glm-5.3,glm-5.3-flash,glm-5.2,glm-5.1,glm-5.0-turbo,glm-4.6v,kimi-k3-1,kimi-k2.8-preview,kimi-k2.7,kimi-k2.6,kimi-k2.5,kimi-k2-thinking,minimax-m3,minimax-m2.7,glm-4.6,deepseek-v4-flash,deepseek-v4.1-flash,deepseek-v4-pro,deepseek-v3-2-volc,deepseek-v3-1-volc,deepseek-v3-1-lkeap,deepseek-v3-1,deepseek-v3-0324-lkeap,deepseek-r1-0528-lkeap,kimi-k2-instruct-taiji,completion-gf,default-1.1,hunyuan-3b,hunyuan-7b-dense,codewise-completions,codewise-rewrite,codewise-nes-a4-027-aide,codewise-jump,deepseek-r1-0528,deepseek-v3-0324-taco-completion,deepseek-v3-0324,default-1.2,hunyuan-2.0-instruct,hunyuan-chat,hunyuan-image-alpha,hunyuan-image-alpha-edit
[9/26/2026, 9:00:05 PM.268] [Info] [CloudProductManager]  Fetched configuration from remote [489ms]
[9/26/2026, 9:00:05 PM.270] [Info] [PluginsProductProvider.provide] active=9, ids=[weixinpay@workbuddy-builtin,tencent-docs-plugin@workbuddy-builtin,sheetagent@workbuddy-builtin,tencent-pptx@workbuddy-builtin,tencent-docx@workbuddy-builtin,agent-browser@codebuddy-plugins-official,find-skills@codebuddy-plugins-official,agent-browser@inline,find-skills@inline]
[9/26/2026, 9:00:05 PM.270] [Info] [MCP][cacheDbg] getConnectedServers() called: nonInteractive=true waitForSettle=false cacheNow=[connector-proxy,weixinpay,sheetagent] allServers=[connector-proxy:connected,weixinpay:connected,sheetagent:connected]
[9/26/2026, 9:00:05 PM.270] [Info] [MCP][cacheDbg] getConnectedServers() returning: [connector-proxy,weixinpay,sheetagent] (size=3)
[9/26/2026, 9:00:05 PM.277] [Info] [CustomModelsProductProvider] productName=WorkBuddy, isWorkBuddy=true, userConfigPath=/Users/didi/.workbuddy/models.json
[9/26/2026, 9:00:05 PM.277] [Info] Loaded custom models config from user: /Users/didi/.workbuddy/models.json
[9/26/2026, 9:00:05 PM.277] [Info] [ModelsProductProvider] enterpriseId: undefined, endpoint: https://copilot.tencent.com
[9/26/2026, 9:00:05 PM.277] [Warning] [ModelsProductProvider] enterpriseId is missing, skipping models API call
[9/26/2026, 9:00:05 PM.277] [Info] [AgentModelResolver] product config input: 54 models, 23 agents
[9/26/2026, 9:00:05 PM.277] [Info] [AgentModelResolver] model ids: auto, fast-model, balanced-model, deep-model, hy3, hy3-b, hy3-c, hy3-x, hy4-preview, hy4-preview-f, minimax-m2.5, glm-5v-turbo, glm-5.3, glm-5.3-flash, glm-5.2, glm-5.1, glm-5.0-turbo, glm-4.6v, kimi-k3-1, kimi-k2.8-preview, kimi-k2.7, kimi-k2.6, kimi-k2.5, kimi-k2-thinking, minimax-m3, minimax-m2.7, glm-4.6, deepseek-v4-flash, deepseek-v4.1-flash, deepseek-v4-pro, deepseek-v3-2-volc, deepseek-v3-1-volc, deepseek-v3-1-lkeap, deepseek-v3-1, deepseek-v3-0324-lkeap, deepseek-r1-0528-lkeap, kimi-k2-instruct-taiji, completion-gf, default-1.1, hunyuan-3b, hunyuan-7b-dense, codewise-completions, codewise-rewrite, codewise-nes-a4-027-aide, codewise-jump, deepseek-r1-0528, deepseek-v3-0324-taco-completion, deepseek-v3-0324, default-1.2, hunyuan-2.0-instruct, hunyuan-chat, hunyuan-image-alpha, hunyuan-image-alpha-edit, custom-local:kimi-k3
[9/26/2026, 9:00:05 PM.277] [Info] [AgentModelResolver] agent "cli" original_models=["auto","hy4-preview-f","hy3","hy3-x","deepseek-v4.1-flash","glm-5.3","glm-5.3-flash","glm-5.2","glm-5.1","glm-5v-turbo","minimax-m3","kimi-k3-1","kimi-k2.8-preview","kimi-k2.7","kimi-k2.6","deepseek-v4-pro"] -> resolved_models=["auto","hy4-preview-f","hy3","hy3-x","deepseek-v4.1-flash","glm-5.3","glm-5.3-flash","glm-5.2","glm-5.1","glm-5v-turbo","minimax-m3","kimi-k3-1","kimi-k2.8-preview","kimi-k2.7","kimi-k2.6","deepseek-v4-pro"]
[9/26/2026, 9:00:05 PM.277] [Info] [AgentModelResolver] agent "general-purpose" original_models=[] -> resolved_models=[]
[9/26/2026, 9:00:05 PM.277] [Info] [AgentModelResolver] agent "compact" original_models=[] -> resolved_models=[]
[9/26/2026, 9:00:05 PM.277] [Info] [AgentModelResolver] agent "contextSummary" original_models=[] -> resolved_models=[]
[9/26/2026, 9:00:05 PM.277] [Info] [AgentModelResolver] agent "contentAnalyzer" original_models=[] -> resolved_models=[]
[9/26/2026, 9:00:05 PM.277] [Info] [AgentModelResolver] agent "terminalTitleGenerator" original_models=[] -> resolved_models=[]
[9/26/2026, 9:00:05 PM.277] [Info] [AgentModelResolver] agent "promptSuggestion" original_models=[] -> resolved_models=[]
[9/26/2026, 9:00:05 PM.277] [Info] [AgentModelResolver] agent "memorySelector" original_models=["lite"] -> resolved_models=["lite"]
[9/26/2026, 9:00:05 PM.277] [Info] [AgentModelResolver] agent "summaryGenerator" original_models=[] -> resolved_models=[]
[9/26/2026, 9:00:05 PM.277] [Info] [AgentModelResolver] agent "autoModeClassifier" original_models=[] -> resolved_models=[]
[9/26/2026, 9:00:05 PM.277] [Info] [AgentModelResolver] agent "promptHookEvaluator" original_models=["lite"] -> resolved_models=["lite"]
[9/26/2026, 9:00:05 PM.277] [Info] [AgentModelResolver] agent "insightsAnalyzer" original_models=[] -> resolved_models=[]
[9/26/2026, 9:00:05 PM.277] [Info] [AgentModelResolver] agent "agentInstructions" original_models=[] -> resolved_models=[]
[9/26/2026, 9:00:05 PM.277] [Info] [AgentModelResolver] agent "statusline-setup" original_models=[] -> resolved_models=[]
[9/26/2026, 9:00:05 PM.277] [Info] [AgentModelResolver] agent "Explore" original_models=["lite"] -> resolved_models=["lite"]
[9/26/2026, 9:00:05 PM.277] [Info] [AgentModelResolver] agent "Plan" original_models=[] -> resolved_models=[]
[9/26/2026, 9:00:05 PM.277] [Info] [AgentModelResolver] agent "pulse" original_models=[] -> resolved_models=[]
[9/26/2026, 9:00:05 PM.277] [Info] [AgentModelResolver] agent "handoff-summary" original_models=undefined -> resolved_models=[]
[9/26/2026, 9:00:05 PM.277] [Info] [AgentModelResolver] agent "enhance-prompt" original_models=[] -> resolved_models=[]
[9/26/2026, 9:00:05 PM.277] [Info] [AgentModelResolver] agent "sheet-agent" original_models=[] -> resolved_models=[]
[9/26/2026, 9:00:05 PM.277] [Info] [AgentModelResolver] agent "doc-converter" original_models=[] -> resolved_models=[]
[9/26/2026, 9:00:05 PM.277] [Info] [AgentModelResolver] agent "doc-formatter" original_models=[] -> resolved_models=[]
[9/26/2026, 9:00:05 PM.277] [Info] [AgentModelResolver] agent "doc-writer" original_models=[] -> resolved_models=[]
[9/26/2026, 9:00:05 PM.293] [Info] [PluginPolicyService]  [MergedPlugins][DEBUG] ProductManager.onDidChange fired, reloading policies...
[9/26/2026, 9:00:05 PM.293] [Info] [PluginPolicyService]  [MergedPlugins][DEBUG] Current config builtInMarketPluginsMerge: [{"autoEnable":true,"marketplaceName":"codebuddy-plugins-official","name":"agent-browser","scope":"user"}]
[9/26/2026, 9:00:05 PM.293] [Info] [PluginPolicyService]  [MergedPlugins] Loaded 1 merged plugin entries
[9/26/2026, 9:00:05 PM.293] [Info] [Startup] AgentManager.rebuildAgents: START
[9/26/2026, 9:00:05 PM.293] [Info] [Startup] AgentManager.rebuildAgents: completed in 11ms, resolving readyDeferred
[9/26/2026, 9:00:05 PM.294] [Info] [PluginManager]  Checking for built-in marketplaces to install...
[9/26/2026, 9:00:05 PM.294] [Info] [BuiltInMarketplaceProvider]  Found 2 built-in marketplace(s)
[9/26/2026, 9:00:05 PM.294] [Info] [PluginManager]  Found 2 built-in marketplace(s)
[9/26/2026, 9:00:05 PM.295] [Info] [MarketplaceStorage]  [MarketplaceStorage] getMarketplaces ensureConfigFile=0ms readAndRepair=1ms migration=0ms total=1ms count=5 path=/Users/didi/.workbuddy/plugins/known_marketplaces.json
[9/26/2026, 9:00:05 PM.295] [Info] [PluginManager]  All built-in marketplaces are already installed
[9/26/2026, 9:00:05 PM.296] [Info] [MarketplaceStorage]  [MarketplaceStorage] getMarketplaces ensureConfigFile=0ms readAndRepair=1ms migration=0ms total=1ms count=5 path=/Users/didi/.workbuddy/plugins/known_marketplaces.json
[9/26/2026, 9:00:05 PM.296] [Info] [BuiltInMarketplaceProvider]  Found 2 built-in marketplace(s)
[9/26/2026, 9:00:05 PM.300] [Info] [PluginManager]  Loaded 5 marketplaces (2 built-in) total=5ms storage=1ms builtIn=0ms autoUpdate=0ms
[9/26/2026, 9:00:07 PM.282] [Info] [TracingService]  Tracing uses @tencent/galileo-node-sdk global OpenTelemetry provider; @genie OTLP exporter is skipped.
[9/26/2026, 9:00:07 PM.282] [Info] [TracingService]  Tracing config resolved: {"productEnabled":true,"enabledByEnv":false,"endpoint":"https://copilot.tencent.com","galileoEnabled":true}
[9/26/2026, 9:00:34 PM.780] [Info] [WorkflowMemProbe] tick runId=(none) | rss=138.9MB heap=154.6/163.1MB external=54.4MB arrayBuffers=0MB
[9/26/2026, 9:16:16 PM.062] [Info] [WorkflowMemProbe] tick runId=(none) | rss=140.2MB heap=156.5/164.2MB external=54.4MB arrayBuffers=0MB
[9/26/2026, 9:16:16 PM.064] [Info] [GitInfoCollector]  CODEBUDDY_GIT_REPO_SCAN_DISABLED 1
[9/26/2026, 9:16:16 PM.064] [Info] [GitInfoCollector]  Git repository scan is disabled via CODEBUDDY_GIT_REPO_SCAN_DISABLED environment variable
[9/26/2026, 9:16:18 PM.878] [Info] [CloudProductManager]  fetch cloud product success, agents(1): cli, models(53): auto,fast-model,balanced-model,deep-model,hy3,hy3-b,hy3-c,hy3-x,hy4-preview,hy4-preview-f,minimax-m2.5,glm-5v-turbo,glm-5.3,glm-5.3-flash,glm-5.2,glm-5.1,glm-5.0-turbo,glm-4.6v,kimi-k3-1,kimi-k2.8-preview,kimi-k2.7,kimi-k2.6,kimi-k2.5,kimi-k2-thinking,minimax-m3,minimax-m2.7,glm-4.6,deepseek-v4-flash,deepseek-v4.1-flash,deepseek-v4-pro,deepseek-v3-2-volc,deepseek-v3-1-volc,deepseek-v3-1-lkeap,deepseek-v3-1,deepseek-v3-0324-lkeap,deepseek-r1-0528-lkeap,kimi-k2-instruct-taiji,completion-gf,default-1.1,hunyuan-3b,hunyuan-7b-dense,codewise-completions,codewise-rewrite,codewise-nes-a4-027-aide,codewise-jump,deepseek-r1-0528,deepseek-v3-0324-taco-completion,deepseek-v3-0324,default-1.2,hunyuan-2.0-instruct,hunyuan-chat,hunyuan-image-alpha,hunyuan-image-alpha-edit
[9/26/2026, 9:16:18 PM.878] [Info] [CloudProductManager]  Fetched configuration from remote [2813ms]
[9/26/2026, 9:16:18 PM.880] [Info] [PluginsProductProvider.provide] active=9, ids=[weixinpay@workbuddy-builtin,tencent-docs-plugin@workbuddy-builtin,sheetagent@workbuddy-builtin,tencent-pptx@workbuddy-builtin,tencent-docx@workbuddy-builtin,agent-browser@codebuddy-plugins-official,find-skills@codebuddy-plugins-official,agent-browser@inline,find-skills@inline]
[9/26/2026, 9:16:18 PM.880] [Info] [MCP][cacheDbg] getConnectedServers() called: nonInteractive=true waitForSettle=false cacheNow=[connector-proxy,weixinpay,sheetagent] allServers=[connector-proxy:connected,weixinpay:connected,sheetagent:connected]
[9/26/2026, 9:16:18 PM.880] [Info] [MCP][cacheDbg] getConnectedServers() returning: [connector-proxy,weixinpay,sheetagent] (size=3)
[9/26/2026, 9:16:18 PM.889] [Info] [CustomModelsProductProvider] productName=WorkBuddy, isWorkBuddy=true, userConfigPath=/Users/didi/.workbuddy/models.json
[9/26/2026, 9:16:18 PM.889] [Info] Loaded custom models config from user: /Users/didi/.workbuddy/models.json
[9/26/2026, 9:16:18 PM.889] [Info] [ModelsProductProvider] enterpriseId: undefined, endpoint: https://copilot.tencent.com
[9/26/2026, 9:16:18 PM.889] [Warning] [ModelsProductProvider] enterpriseId is missing, skipping models API call
[9/26/2026, 9:16:18 PM.889] [Info] [AgentModelResolver] product config input: 54 models, 23 agents
[9/26/2026, 9:16:18 PM.889] [Info] [AgentModelResolver] model ids: auto, fast-model, balanced-model, deep-model, hy3, hy3-b, hy3-c, hy3-x, hy4-preview, hy4-preview-f, minimax-m2.5, glm-5v-turbo, glm-5.3, glm-5.3-flash, glm-5.2, glm-5.1, glm-5.0-turbo, glm-4.6v, kimi-k3-1, kimi-k2.8-preview, kimi-k2.7, kimi-k2.6, kimi-k2.5, kimi-k2-thinking, minimax-m3, minimax-m2.7, glm-4.6, deepseek-v4-flash, deepseek-v4.1-flash, deepseek-v4-pro, deepseek-v3-2-volc, deepseek-v3-1-volc, deepseek-v3-1-lkeap, deepseek-v3-1, deepseek-v3-0324-lkeap, deepseek-r1-0528-lkeap, kimi-k2-instruct-taiji, completion-gf, default-1.1, hunyuan-3b, hunyuan-7b-dense, codewise-completions, codewise-rewrite, codewise-nes-a4-027-aide, codewise-jump, deepseek-r1-0528, deepseek-v3-0324-taco-completion, deepseek-v3-0324, default-1.2, hunyuan-2.0-instruct, hunyuan-chat, hunyuan-image-alpha, hunyuan-image-alpha-edit, custom-local:kimi-k3
[9/26/2026, 9:16:18 PM.889] [Info] [AgentModelResolver] agent "cli" original_models=["auto","hy4-preview-f","hy3","hy3-x","deepseek-v4.1-flash","glm-5.3","glm-5.3-flash","glm-5.2","glm-5.1","glm-5v-turbo","minimax-m3","kimi-k3-1","kimi-k2.8-preview","kimi-k2.7","kimi-k2.6","deepseek-v4-pro"] -> resolved_models=["auto","hy4-preview-f","hy3","hy3-x","deepseek-v4.1-flash","glm-5.3","glm-5.3-flash","glm-5.2","glm-5.1","glm-5v-turbo","minimax-m3","kimi-k3-1","kimi-k2.8-preview","kimi-k2.7","kimi-k2.6","deepseek-v4-pro"]
[9/26/2026, 9:16:18 PM.889] [Info] [AgentModelResolver] agent "general-purpose" original_models=[] -> resolved_models=[]
[9/26/2026, 9:16:18 PM.889] [Info] [AgentModelResolver] agent "compact" original_models=[] -> resolved_models=[]
[9/26/2026, 9:16:18 PM.889] [Info] [AgentModelResolver] agent "contextSummary" original_models=[] -> resolved_models=[]
[9/26/2026, 9:16:18 PM.889] [Info] [AgentModelResolver] agent "contentAnalyzer" original_models=[] -> resolved_models=[]
[9/26/2026, 9:16:18 PM.889] [Info] [AgentModelResolver] agent "terminalTitleGenerator" original_models=[] -> resolved_models=[]
[9/26/2026, 9:16:18 PM.889] [Info] [AgentModelResolver] agent "promptSuggestion" original_models=[] -> resolved_models=[]
[9/26/2026, 9:16:18 PM.889] [Info] [AgentModelResolver] agent "memorySelector" original_models=["lite"] -> resolved_models=["lite"]
[9/26/2026, 9:16:18 PM.889] [Info] [AgentModelResolver] agent "summaryGenerator" original_models=[] -> resolved_models=[]
[9/26/2026, 9:16:18 PM.889] [Info] [AgentModelResolver] agent "autoModeClassifier" original_models=[] -> resolved_models=[]
[9/26/2026, 9:16:18 PM.889] [Info] [AgentModelResolver] agent "promptHookEvaluator" original_models=["lite"] -> resolved_models=["lite"]
[9/26/2026, 9:16:18 PM.889] [Info] [AgentModelResolver] agent "insightsAnalyzer" original_models=[] -> resolved_models=[]
[9/26/2026, 9:16:18 PM.889] [Info] [AgentModelResolver] agent "agentInstructions" original_models=[] -> resolved_models=[]
[9/26/2026, 9:16:18 PM.889] [Info] [AgentModelResolver] agent "statusline-setup" original_models=[] -> resolved_models=[]
[9/26/2026, 9:16:18 PM.889] [Info] [AgentModelResolver] agent "Explore" original_models=["lite"] -> resolved_models=["lite"]
[9/26/2026, 9:16:18 PM.889] [Info] [AgentModelResolver] agent "Plan" original_models=[] -> resolved_models=[]
[9/26/2026, 9:16:18 PM.889] [Info] [AgentModelResolver] agent "pulse" original_models=[] -> resolved_models=[]
[9/26/2026, 9:16:18 PM.889] [Info] [AgentModelResolver] agent "handoff-summary" original_models=undefined -> resolved_models=[]
[9/26/2026, 9:16:18 PM.889] [Info] [AgentModelResolver] agent "enhance-prompt" original_models=[] -> resolved_models=[]
[9/26/2026, 9:16:18 PM.889] [Info] [AgentModelResolver] agent "sheet-agent" original_models=[] -> resolved_models=[]
[9/26/2026, 9:16:18 PM.889] [Info] [AgentModelResolver] agent "doc-converter" original_models=[] -> resolved_models=[]
[9/26/2026, 9:16:18 PM.889] [Info] [AgentModelResolver] agent "doc-formatter" original_models=[] -> resolved_models=[]
[9/26/2026, 9:16:18 PM.889] [Info] [AgentModelResolver] agent "doc-writer" original_models=[] -> resolved_models=[]
[9/26/2026, 9:16:18 PM.904] [Info] [PluginPolicyService]  [MergedPlugins][DEBUG] ProductManager.onDidChange fired, reloading policies...
[9/26/2026, 9:16:18 PM.904] [Info] [PluginPolicyService]  [MergedPlugins][DEBUG] Current config builtInMarketPluginsMerge: [{"autoEnable":true,"marketplaceName":"codebuddy-plugins-official","name":"agent-browser","scope":"user"}]
[9/26/2026, 9:16:18 PM.904] [Info] [PluginPolicyService]  [MergedPlugins] Loaded 1 merged plugin entries
[9/26/2026, 9:16:18 PM.904] [Info] [Startup] AgentManager.rebuildAgents: START
[9/26/2026, 9:16:18 PM.905] [Info] [Startup] AgentManager.rebuildAgents: completed in 11ms, resolving readyDeferred
[9/26/2026, 9:16:18 PM.905] [Info] [PluginManager]  Checking for built-in marketplaces to install...
[9/26/2026, 9:16:18 PM.905] [Info] [BuiltInMarketplaceProvider]  Found 2 built-in marketplace(s)
[9/26/2026, 9:16:18 PM.905] [Info] [PluginManager]  Found 2 built-in marketplace(s)
[9/26/2026, 9:16:18 PM.906] [Info] [MarketplaceStorage]  [MarketplaceStorage] getMarketplaces ensureConfigFile=0ms readAndRepair=0ms migration=0ms total=0ms count=5 path=/Users/didi/.workbuddy/plugins/known_marketplaces.json
[9/26/2026, 9:16:18 PM.906] [Info] [PluginManager]  All built-in marketplaces are already installed
[9/26/2026, 9:16:18 PM.906] [Info] [MarketplaceStorage]  [MarketplaceStorage] getMarketplaces ensureConfigFile=0ms readAndRepair=0ms migration=0ms total=0ms count=5 path=/Users/didi/.workbuddy/plugins/known_marketplaces.json
[9/26/2026, 9:16:18 PM.906] [Info] [BuiltInMarketplaceProvider]  Found 2 built-in marketplace(s)
[9/26/2026, 9:16:18 PM.908] [Info] [PluginManager]  Loaded 5 marketplaces (2 built-in) total=2ms storage=0ms builtIn=0ms autoUpdate=0ms
[9/26/2026, 9:16:20 PM.892] [Info] [TracingService]  Tracing uses @tencent/galileo-node-sdk global OpenTelemetry provider; @genie OTLP exporter is skipped.
[9/26/2026, 9:16:20 PM.892] [Info] [TracingService]  Tracing config resolved: {"productEnabled":true,"enabledByEnv":false,"endpoint":"https://copilot.tencent.com","galileoEnabled":true}
[9/26/2026, 9:16:46 PM.033] [Info] [WorkflowMemProbe] tick runId=(none) | rss=145.5MB heap=162.1/169.8MB external=55.6MB arrayBuffers=0MB
[9/26/2026, 9:32:13 PM.716] [Info] [WorkflowMemProbe] tick runId=(none) | rss=143.1MB heap=159.8/166.2MB external=54.5MB arrayBuffers=0MB
[9/26/2026, 9:32:13 PM.718] [Info] [GitInfoCollector]  CODEBUDDY_GIT_REPO_SCAN_DISABLED 1
[9/26/2026, 9:32:13 PM.718] [Info] [GitInfoCollector]  Git repository scan is disabled via CODEBUDDY_GIT_REPO_SCAN_DISABLED environment variable
[9/26/2026, 9:32:14 PM.353] [Info] [CloudProductManager]  fetch cloud product success, agents(1): cli, models(53): auto,fast-model,balanced-model,deep-model,hy3,hy3-b,hy3-c,hy3-x,hy4-preview,hy4-preview-f,minimax-m2.5,glm-5v-turbo,glm-5.3,glm-5.3-flash,glm-5.2,glm-5.1,glm-5.0-turbo,glm-4.6v,kimi-k3-1,kimi-k2.8-preview,kimi-k2.7,kimi-k2.6,kimi-k2.5,kimi-k2-thinking,minimax-m3,minimax-m2.7,glm-4.6,deepseek-v4-flash,deepseek-v4.1-flash,deepseek-v4-pro,deepseek-v3-2-volc,deepseek-v3-1-volc,deepseek-v3-1-lkeap,deepseek-v3-1,deepseek-v3-0324-lkeap,deepseek-r1-0528-lkeap,kimi-k2-instruct-taiji,completion-gf,default-1.1,hunyuan-3b,hunyuan-7b-dense,codewise-completions,codewise-rewrite,codewise-nes-a4-027-aide,codewise-jump,deepseek-r1-0528,deepseek-v3-0324-taco-completion,deepseek-v3-0324,default-1.2,hunyuan-2.0-instruct,hunyuan-chat,hunyuan-image-alpha,hunyuan-image-alpha-edit
[9/26/2026, 9:32:14 PM.353] [Info] [CloudProductManager]  Fetched configuration from remote [635ms]
[9/26/2026, 9:32:14 PM.354] [Info] [PluginsProductProvider.provide] active=9, ids=[weixinpay@workbuddy-builtin,tencent-docs-plugin@workbuddy-builtin,sheetagent@workbuddy-builtin,tencent-pptx@workbuddy-builtin,tencent-docx@workbuddy-builtin,agent-browser@codebuddy-plugins-official,find-skills@codebuddy-plugins-official,agent-browser@inline,find-skills@inline]
[9/26/2026, 9:32:14 PM.354] [Info] [MCP][cacheDbg] getConnectedServers() called: nonInteractive=true waitForSettle=false cacheNow=[connector-proxy,weixinpay,sheetagent] allServers=[connector-proxy:connected,weixinpay:connected,sheetagent:connected]
[9/26/2026, 9:32:14 PM.354] [Info] [MCP][cacheDbg] getConnectedServers() returning: [connector-proxy,weixinpay,sheetagent] (size=3)
[9/26/2026, 9:32:14 PM.360] [Info] [CustomModelsProductProvider] productName=WorkBuddy, isWorkBuddy=true, userConfigPath=/Users/didi/.workbuddy/models.json
[9/26/2026, 9:32:14 PM.360] [Info] Loaded custom models config from user: /Users/didi/.workbuddy/models.json
[9/26/2026, 9:32:14 PM.360] [Info] [ModelsProductProvider] enterpriseId: undefined, endpoint: https://copilot.tencent.com
[9/26/2026, 9:32:14 PM.360] [Warning] [ModelsProductProvider] enterpriseId is missing, skipping models API call
[9/26/2026, 9:32:14 PM.360] [Info] [AgentModelResolver] product config input: 54 models, 23 agents
[9/26/2026, 9:32:14 PM.360] [Info] [AgentModelResolver] model ids: auto, fast-model, balanced-model, deep-model, hy3, hy3-b, hy3-c, hy3-x, hy4-preview, hy4-preview-f, minimax-m2.5, glm-5v-turbo, glm-5.3, glm-5.3-flash, glm-5.2, glm-5.1, glm-5.0-turbo, glm-4.6v, kimi-k3-1, kimi-k2.8-preview, kimi-k2.7, kimi-k2.6, kimi-k2.5, kimi-k2-thinking, minimax-m3, minimax-m2.7, glm-4.6, deepseek-v4-flash, deepseek-v4.1-flash, deepseek-v4-pro, deepseek-v3-2-volc, deepseek-v3-1-volc, deepseek-v3-1-lkeap, deepseek-v3-1, deepseek-v3-0324-lkeap, deepseek-r1-0528-lkeap, kimi-k2-instruct-taiji, completion-gf, default-1.1, hunyuan-3b, hunyuan-7b-dense, codewise-completions, codewise-rewrite, codewise-nes-a4-027-aide, codewise-jump, deepseek-r1-0528, deepseek-v3-0324-taco-completion, deepseek-v3-0324, default-1.2, hunyuan-2.0-instruct, hunyuan-chat, hunyuan-image-alpha, hunyuan-image-alpha-edit, custom-local:kimi-k3
[9/26/2026, 9:32:14 PM.360] [Info] [AgentModelResolver] agent "cli" original_models=["auto","hy4-preview-f","hy3","hy3-x","deepseek-v4.1-flash","glm-5.3","glm-5.3-flash","glm-5.2","glm-5.1","glm-5v-turbo","minimax-m3","kimi-k3-1","kimi-k2.8-preview","kimi-k2.7","kimi-k2.6","deepseek-v4-pro"] -> resolved_models=["auto","hy4-preview-f","hy3","hy3-x","deepseek-v4.1-flash","glm-5.3","glm-5.3-flash","glm-5.2","glm-5.1","glm-5v-turbo","minimax-m3","kimi-k3-1","kimi-k2.8-preview","kimi-k2.7","kimi-k2.6","deepseek-v4-pro"]
[9/26/2026, 9:32:14 PM.360] [Info] [AgentModelResolver] agent "general-purpose" original_models=[] -> resolved_models=[]
[9/26/2026, 9:32:14 PM.360] [Info] [AgentModelResolver] agent "compact" original_models=[] -> resolved_models=[]
[9/26/2026, 9:32:14 PM.360] [Info] [AgentModelResolver] agent "contextSummary" original_models=[] -> resolved_models=[]
[9/26/2026, 9:32:14 PM.360] [Info] [AgentModelResolver] agent "contentAnalyzer" original_models=[] -> resolved_models=[]
[9/26/2026, 9:32:14 PM.360] [Info] [AgentModelResolver] agent "terminalTitleGenerator" original_models=[] -> resolved_models=[]
[9/26/2026, 9:32:14 PM.360] [Info] [AgentModelResolver] agent "promptSuggestion" original_models=[] -> resolved_models=[]
[9/26/2026, 9:32:14 PM.360] [Info] [AgentModelResolver] agent "memorySelector" original_models=["lite"] -> resolved_models=["lite"]
[9/26/2026, 9:32:14 PM.360] [Info] [AgentModelResolver] agent "summaryGenerator" original_models=[] -> resolved_models=[]
[9/26/2026, 9:32:14 PM.360] [Info] [AgentModelResolver] agent "autoModeClassifier" original_models=[] -> resolved_models=[]
[9/26/2026, 9:32:14 PM.360] [Info] [AgentModelResolver] agent "promptHookEvaluator" original_models=["lite"] -> resolved_models=["lite"]
[9/26/2026, 9:32:14 PM.360] [Info] [AgentModelResolver] agent "insightsAnalyzer" original_models=[] -> resolved_models=[]
[9/26/2026, 9:32:14 PM.360] [Info] [AgentModelResolver] agent "agentInstructions" original_models=[] -> resolved_models=[]
[9/26/2026, 9:32:14 PM.360] [Info] [AgentModelResolver] agent "statusline-setup" original_models=[] -> resolved_models=[]
[9/26/2026, 9:32:14 PM.360] [Info] [AgentModelResolver] agent "Explore" original_models=["lite"] -> resolved_models=["lite"]
[9/26/2026, 9:32:14 PM.360] [Info] [AgentModelResolver] agent "Plan" original_models=[] -> resolved_models=[]
[9/26/2026, 9:32:14 PM.360] [Info] [AgentModelResolver] agent "pulse" original_models=[] -> resolved_models=[]
[9/26/2026, 9:32:14 PM.360] [Info] [AgentModelResolver] agent "handoff-summary" original_models=undefined -> resolved_models=[]
[9/26/2026, 9:32:14 PM.360] [Info] [AgentModelResolver] agent "enhance-prompt" original_models=[] -> resolved_models=[]
[9/26/2026, 9:32:14 PM.360] [Info] [AgentModelResolver] agent "sheet-agent" original_models=[] -> resolved_models=[]
[9/26/2026, 9:32:14 PM.360] [Info] [AgentModelResolver] agent "doc-converter" original_models=[] -> resolved_models=[]
[9/26/2026, 9:32:14 PM.360] [Info] [AgentModelResolver] agent "doc-formatter" original_models=[] -> resolved_models=[]
[9/26/2026, 9:32:14 PM.360] [Info] [AgentModelResolver] agent "doc-writer" original_models=[] -> resolved_models=[]
[9/26/2026, 9:32:14 PM.376] [Info] [PluginPolicyService]  [MergedPlugins][DEBUG] ProductManager.onDidChange fired, reloading policies...
[9/26/2026, 9:32:14 PM.376] [Info] [PluginPolicyService]  [MergedPlugins][DEBUG] Current config builtInMarketPluginsMerge: [{"autoEnable":true,"marketplaceName":"codebuddy-plugins-official","name":"agent-browser","scope":"user"}]
[9/26/2026, 9:32:14 PM.376] [Info] [PluginPolicyService]  [MergedPlugins] Loaded 1 merged plugin entries
[9/26/2026, 9:32:14 PM.376] [Info] [Startup] AgentManager.rebuildAgents: START
[9/26/2026, 9:32:14 PM.376] [Info] [Startup] AgentManager.rebuildAgents: completed in 11ms, resolving readyDeferred
[9/26/2026, 9:32:14 PM.376] [Info] [PluginManager]  Checking for built-in marketplaces to install...
[9/26/2026, 9:32:14 PM.376] [Info] [BuiltInMarketplaceProvider]  Found 2 built-in marketplace(s)
[9/26/2026, 9:32:14 PM.376] [Info] [PluginManager]  Found 2 built-in marketplace(s)
[9/26/2026, 9:32:14 PM.377] [Info] [MarketplaceStorage]  [MarketplaceStorage] getMarketplaces ensureConfigFile=0ms readAndRepair=1ms migration=0ms total=1ms count=5 path=/Users/didi/.workbuddy/plugins/known_marketplaces.json
[9/26/2026, 9:32:14 PM.377] [Info] [PluginManager]  All built-in marketplaces are already installed
[9/26/2026, 9:32:14 PM.378] [Info] [MarketplaceStorage]  [MarketplaceStorage] getMarketplaces ensureConfigFile=0ms readAndRepair=0ms migration=0ms total=0ms count=5 path=/Users/didi/.workbuddy/plugins/known_marketplaces.json
[9/26/2026, 9:32:14 PM.378] [Info] [BuiltInMarketplaceProvider]  Found 2 built-in marketplace(s)
[9/26/2026, 9:32:14 PM.379] [Info] [PluginManager]  Loaded 5 marketplaces (2 built-in) total=2ms storage=0ms builtIn=1ms autoUpdate=0ms
[9/26/2026, 9:32:16 PM.371] [Info] [TracingService]  Tracing uses @tencent/galileo-node-sdk global OpenTelemetry provider; @genie OTLP exporter is skipped.
[9/26/2026, 9:32:16 PM.371] [Info] [TracingService]  Tracing config resolved: {"productEnabled":true,"enabledByEnv":false,"endpoint":"https://copilot.tencent.com","galileoEnabled":true}
[9/26/2026, 9:32:43 PM.756] [Info] [WorkflowMemProbe] tick runId=(none) | rss=135.6MB heap=164.4/172.7MB external=55MB arrayBuffers=0MB
[9/26/2026, 9:48:22 PM.459] [Info] [WorkflowMemProbe] tick runId=(none) | rss=138.2MB heap=166.4/173.8MB external=55MB arrayBuffers=0MB
[9/26/2026, 9:48:22 PM.461] [Info] [GitInfoCollector]  CODEBUDDY_GIT_REPO_SCAN_DISABLED 1
[9/26/2026, 9:48:22 PM.461] [Info] [GitInfoCollector]  Git repository scan is disabled via CODEBUDDY_GIT_REPO_SCAN_DISABLED environment variable
[9/26/2026, 9:48:23 PM.048] [Info] [CloudProductManager]  fetch cloud product success, agents(1): cli, models(53): auto,fast-model,balanced-model,deep-model,hy3,hy3-b,hy3-c,hy3-x,hy4-preview,hy4-preview-f,minimax-m2.5,glm-5v-turbo,glm-5.3,glm-5.3-flash,glm-5.2,glm-5.1,glm-5.0-turbo,glm-4.6v,kimi-k3-1,kimi-k2.8-preview,kimi-k2.7,kimi-k2.6,kimi-k2.5,kimi-k2-thinking,minimax-m3,minimax-m2.7,glm-4.6,deepseek-v4-flash,deepseek-v4.1-flash,deepseek-v4-pro,deepseek-v3-2-volc,deepseek-v3-1-volc,deepseek-v3-1-lkeap,deepseek-v3-1,deepseek-v3-0324-lkeap,deepseek-r1-0528-lkeap,kimi-k2-instruct-taiji,completion-gf,default-1.1,hunyuan-3b,hunyuan-7b-dense,codewise-completions,codewise-rewrite,codewise-nes-a4-027-aide,codewise-jump,deepseek-r1-0528,deepseek-v3-0324-taco-completion,deepseek-v3-0324,default-1.2,hunyuan-2.0-instruct,hunyuan-chat,hunyuan-image-alpha,hunyuan-image-alpha-edit
[9/26/2026, 9:48:23 PM.048] [Info] [CloudProductManager]  Fetched configuration from remote [587ms]
[9/26/2026, 9:48:23 PM.049] [Info] [PluginsProductProvider.provide] active=9, ids=[weixinpay@workbuddy-builtin,tencent-docs-plugin@workbuddy-builtin,sheetagent@workbuddy-builtin,tencent-pptx@workbuddy-builtin,tencent-docx@workbuddy-builtin,agent-browser@codebuddy-plugins-official,find-skills@codebuddy-plugins-official,agent-browser@inline,find-skills@inline]
[9/26/2026, 9:48:23 PM.049] [Info] [MCP][cacheDbg] getConnectedServers() called: nonInteractive=true waitForSettle=false cacheNow=[connector-proxy,weixinpay,sheetagent] allServers=[connector-proxy:connected,weixinpay:connected,sheetagent:connected]
[9/26/2026, 9:48:23 PM.049] [Info] [MCP][cacheDbg] getConnectedServers() returning: [connector-proxy,weixinpay,sheetagent] (size=3)
[9/26/2026, 9:48:23 PM.055] [Info] [CustomModelsProductProvider] productName=WorkBuddy, isWorkBuddy=true, userConfigPath=/Users/didi/.workbuddy/models.json
[9/26/2026, 9:48:23 PM.055] [Info] Loaded custom models config from user: /Users/didi/.workbuddy/models.json
[9/26/2026, 9:48:23 PM.056] [Info] [ModelsProductProvider] enterpriseId: undefined, endpoint: https://copilot.tencent.com
[9/26/2026, 9:48:23 PM.056] [Warning] [ModelsProductProvider] enterpriseId is missing, skipping models API call
[9/26/2026, 9:48:23 PM.056] [Info] [AgentModelResolver] product config input: 54 models, 23 agents
[9/26/2026, 9:48:23 PM.056] [Info] [AgentModelResolver] model ids: auto, fast-model, balanced-model, deep-model, hy3, hy3-b, hy3-c, hy3-x, hy4-preview, hy4-preview-f, minimax-m2.5, glm-5v-turbo, glm-5.3, glm-5.3-flash, glm-5.2, glm-5.1, glm-5.0-turbo, glm-4.6v, kimi-k3-1, kimi-k2.8-preview, kimi-k2.7, kimi-k2.6, kimi-k2.5, kimi-k2-thinking, minimax-m3, minimax-m2.7, glm-4.6, deepseek-v4-flash, deepseek-v4.1-flash, deepseek-v4-pro, deepseek-v3-2-volc, deepseek-v3-1-volc, deepseek-v3-1-lkeap, deepseek-v3-1, deepseek-v3-0324-lkeap, deepseek-r1-0528-lkeap, kimi-k2-instruct-taiji, completion-gf, default-1.1, hunyuan-3b, hunyuan-7b-dense, codewise-completions, codewise-rewrite, codewise-nes-a4-027-aide, codewise-jump, deepseek-r1-0528, deepseek-v3-0324-taco-completion, deepseek-v3-0324, default-1.2, hunyuan-2.0-instruct, hunyuan-chat, hunyuan-image-alpha, hunyuan-image-alpha-edit, custom-local:kimi-k3
[9/26/2026, 9:48:23 PM.056] [Info] [AgentModelResolver] agent "cli" original_models=["auto","hy4-preview-f","hy3","hy3-x","deepseek-v4.1-flash","glm-5.3","glm-5.3-flash","glm-5.2","glm-5.1","glm-5v-turbo","minimax-m3","kimi-k3-1","kimi-k2.8-preview","kimi-k2.7","kimi-k2.6","deepseek-v4-pro"] -> resolved_models=["auto","hy4-preview-f","hy3","hy3-x","deepseek-v4.1-flash","glm-5.3","glm-5.3-flash","glm-5.2","glm-5.1","glm-5v-turbo","minimax-m3","kimi-k3-1","kimi-k2.8-preview","kimi-k2.7","kimi-k2.6","deepseek-v4-pro"]
[9/26/2026, 9:48:23 PM.056] [Info] [AgentModelResolver] agent "general-purpose" original_models=[] -> resolved_models=[]
[9/26/2026, 9:48:23 PM.056] [Info] [AgentModelResolver] agent "compact" original_models=[] -> resolved_models=[]
[9/26/2026, 9:48:23 PM.056] [Info] [AgentModelResolver] agent "contextSummary" original_models=[] -> resolved_models=[]
[9/26/2026, 9:48:23 PM.056] [Info] [AgentModelResolver] agent "contentAnalyzer" original_models=[] -> resolved_models=[]
[9/26/2026, 9:48:23 PM.056] [Info] [AgentModelResolver] agent "terminalTitleGenerator" original_models=[] -> resolved_models=[]
[9/26/2026, 9:48:23 PM.056] [Info] [AgentModelResolver] agent "promptSuggestion" original_models=[] -> resolved_models=[]
[9/26/2026, 9:48:23 PM.056] [Info] [AgentModelResolver] agent "memorySelector" original_models=["lite"] -> resolved_models=["lite"]
[9/26/2026, 9:48:23 PM.056] [Info] [AgentModelResolver] agent "summaryGenerator" original_models=[] -> resolved_models=[]
[9/26/2026, 9:48:23 PM.056] [Info] [AgentModelResolver] agent "autoModeClassifier" original_models=[] -> resolved_models=[]
[9/26/2026, 9:48:23 PM.056] [Info] [AgentModelResolver] agent "promptHookEvaluator" original_models=["lite"] -> resolved_models=["lite"]
[9/26/2026, 9:48:23 PM.056] [Info] [AgentModelResolver] agent "insightsAnalyzer" original_models=[] -> resolved_models=[]
[9/26/2026, 9:48:23 PM.056] [Info] [AgentModelResolver] agent "agentInstructions" original_models=[] -> resolved_models=[]
[9/26/2026, 9:48:23 PM.056] [Info] [AgentModelResolver] agent "statusline-setup" original_models=[] -> resolved_models=[]
[9/26/2026, 9:48:23 PM.056] [Info] [AgentModelResolver] agent "Explore" original_models=["lite"] -> resolved_models=["lite"]
[9/26/2026, 9:48:23 PM.056] [Info] [AgentModelResolver] agent "Plan" original_models=[] -> resolved_models=[]
[9/26/2026, 9:48:23 PM.056] [Info] [AgentModelResolver] agent "pulse" original_models=[] -> resolved_models=[]
[9/26/2026, 9:48:23 PM.056] [Info] [AgentModelResolver] agent "handoff-summary" original_models=undefined -> resolved_models=[]
[9/26/2026, 9:48:23 PM.056] [Info] [AgentModelResolver] agent "enhance-prompt" original_models=[] -> resolved_models=[]
[9/26/2026, 9:48:23 PM.056] [Info] [AgentModelResolver] agent "sheet-agent" original_models=[] -> resolved_models=[]
[9/26/2026, 9:48:23 PM.056] [Info] [AgentModelResolver] agent "doc-converter" original_models=[] -> resolved_models=[]
[9/26/2026, 9:48:23 PM.056] [Info] [AgentModelResolver] agent "doc-formatter" original_models=[] -> resolved_models=[]
[9/26/2026, 9:48:23 PM.056] [Info] [AgentModelResolver] agent "doc-writer" original_models=[] -> resolved_models=[]
[9/26/2026, 9:48:23 PM.071] [Info] [PluginPolicyService]  [MergedPlugins][DEBUG] ProductManager.onDidChange fired, reloading policies...
[9/26/2026, 9:48:23 PM.071] [Info] [PluginPolicyService]  [MergedPlugins][DEBUG] Current config builtInMarketPluginsMerge: [{"autoEnable":true,"marketplaceName":"codebuddy-plugins-official","name":"agent-browser","scope":"user"}]
[9/26/2026, 9:48:23 PM.071] [Info] [PluginPolicyService]  [MergedPlugins] Loaded 1 merged plugin entries
[9/26/2026, 9:48:23 PM.071] [Info] [Startup] AgentManager.rebuildAgents: START
[9/26/2026, 9:48:23 PM.072] [Info] [Startup] AgentManager.rebuildAgents: completed in 12ms, resolving readyDeferred
[9/26/2026, 9:48:23 PM.072] [Info] [PluginManager]  Checking for built-in marketplaces to install...
[9/26/2026, 9:48:23 PM.072] [Info] [BuiltInMarketplaceProvider]  Found 2 built-in marketplace(s)
[9/26/2026, 9:48:23 PM.072] [Info] [PluginManager]  Found 2 built-in marketplace(s)
[9/26/2026, 9:48:23 PM.073] [Info] [MarketplaceStorage]  [MarketplaceStorage] getMarketplaces ensureConfigFile=0ms readAndRepair=1ms migration=0ms total=1ms count=5 path=/Users/didi/.workbuddy/plugins/known_marketplaces.json
[9/26/2026, 9:48:23 PM.073] [Info] [PluginManager]  All built-in marketplaces are already installed
[9/26/2026, 9:48:23 PM.074] [Info] [MarketplaceStorage]  [MarketplaceStorage] getMarketplaces ensureConfigFile=0ms readAndRepair=1ms migration=0ms total=1ms count=5 path=/Users/didi/.workbuddy/plugins/known_marketplaces.json
[9/26/2026, 9:48:23 PM.074] [Info] [BuiltInMarketplaceProvider]  Found 2 built-in marketplace(s)
[9/26/2026, 9:48:23 PM.077] [Info] [PluginManager]  Loaded 5 marketplaces (2 built-in) total=4ms storage=1ms builtIn=0ms autoUpdate=0ms
[9/26/2026, 9:48:24 PM.955] [Info] [TracingService]  Tracing uses @tencent/galileo-node-sdk global OpenTelemetry provider; @genie OTLP exporter is skipped.
[9/26/2026, 9:48:24 PM.955] [Info] [TracingService]  Tracing config resolved: {"productEnabled":true,"enabledByEnv":false,"endpoint":"https://copilot.tencent.com","galileoEnabled":true}
[9/26/2026, 9:48:52 PM.353] [Info] [WorkflowMemProbe] tick runId=(none) | rss=139.3MB heap=153.4/161.2MB external=53.6MB arrayBuffers=0MB
[9/26/2026, 10:01:04 PM.476] [Info] [WorkflowMemProbe] tick runId=(none) | rss=138.3MB heap=155.4/162.3MB external=53.6MB arrayBuffers=0MB
[9/26/2026, 10:01:04 PM.478] [Info] [GitInfoCollector]  CODEBUDDY_GIT_REPO_SCAN_DISABLED 1
[9/26/2026, 10:01:04 PM.478] [Info] [GitInfoCollector]  Git repository scan is disabled via CODEBUDDY_GIT_REPO_SCAN_DISABLED environment variable
[9/26/2026, 10:01:05 PM.141] [Info] [CloudProductManager]  fetch cloud product success, agents(1): cli, models(53): auto,fast-model,balanced-model,deep-model,hy3,hy3-b,hy3-c,hy3-x,hy4-preview,hy4-preview-f,minimax-m2.5,glm-5v-turbo,glm-5.3,glm-5.3-flash,glm-5.2,glm-5.1,glm-5.0-turbo,glm-4.6v,kimi-k3-1,kimi-k2.8-preview,kimi-k2.7,kimi-k2.6,kimi-k2.5,kimi-k2-thinking,minimax-m3,minimax-m2.7,glm-4.6,deepseek-v4-flash,deepseek-v4.1-flash,deepseek-v4-pro,deepseek-v3-2-volc,deepseek-v3-1-volc,deepseek-v3-1-lkeap,deepseek-v3-1,deepseek-v3-0324-lkeap,deepseek-r1-0528-lkeap,kimi-k2-instruct-taiji,completion-gf,default-1.1,hunyuan-3b,hunyuan-7b-dense,codewise-completions,codewise-rewrite,codewise-nes-a4-027-aide,codewise-jump,deepseek-r1-0528,deepseek-v3-0324-taco-completion,deepseek-v3-0324,default-1.2,hunyuan-2.0-instruct,hunyuan-chat,hunyuan-image-alpha,hunyuan-image-alpha-edit
[9/26/2026, 10:01:05 PM.141] [Info] [CloudProductManager]  Fetched configuration from remote [663ms]
[9/26/2026, 10:01:05 PM.142] [Info] [PluginsProductProvider.provide] active=9, ids=[weixinpay@workbuddy-builtin,tencent-docs-plugin@workbuddy-builtin,sheetagent@workbuddy-builtin,tencent-pptx@workbuddy-builtin,tencent-docx@workbuddy-builtin,agent-browser@codebuddy-plugins-official,find-skills@codebuddy-plugins-official,agent-browser@inline,find-skills@inline]
[9/26/2026, 10:01:05 PM.142] [Info] [MCP][cacheDbg] getConnectedServers() called: nonInteractive=true waitForSettle=false cacheNow=[connector-proxy,weixinpay,sheetagent] allServers=[connector-proxy:connected,weixinpay:connected,sheetagent:connected]
[9/26/2026, 10:01:05 PM.142] [Info] [MCP][cacheDbg] getConnectedServers() returning: [connector-proxy,weixinpay,sheetagent] (size=3)
[9/26/2026, 10:01:05 PM.148] [Info] [CustomModelsProductProvider] productName=WorkBuddy, isWorkBuddy=true, userConfigPath=/Users/didi/.workbuddy/models.json
[9/26/2026, 10:01:05 PM.148] [Info] Loaded custom models config from user: /Users/didi/.workbuddy/models.json
[9/26/2026, 10:01:05 PM.149] [Info] [ModelsProductProvider] enterpriseId: undefined, endpoint: https://copilot.tencent.com
[9/26/2026, 10:01:05 PM.149] [Warning] [ModelsProductProvider] enterpriseId is missing, skipping models API call
[9/26/2026, 10:01:05 PM.149] [Info] [AgentModelResolver] product config input: 54 models, 23 agents
[9/26/2026, 10:01:05 PM.149] [Info] [AgentModelResolver] model ids: auto, fast-model, balanced-model, deep-model, hy3, hy3-b, hy3-c, hy3-x, hy4-preview, hy4-preview-f, minimax-m2.5, glm-5v-turbo, glm-5.3, glm-5.3-flash, glm-5.2, glm-5.1, glm-5.0-turbo, glm-4.6v, kimi-k3-1, kimi-k2.8-preview, kimi-k2.7, kimi-k2.6, kimi-k2.5, kimi-k2-thinking, minimax-m3, minimax-m2.7, glm-4.6, deepseek-v4-flash, deepseek-v4.1-flash, deepseek-v4-pro, deepseek-v3-2-volc, deepseek-v3-1-volc, deepseek-v3-1-lkeap, deepseek-v3-1, deepseek-v3-0324-lkeap, deepseek-r1-0528-lkeap, kimi-k2-instruct-taiji, completion-gf, default-1.1, hunyuan-3b, hunyuan-7b-dense, codewise-completions, codewise-rewrite, codewise-nes-a4-027-aide, codewise-jump, deepseek-r1-0528, deepseek-v3-0324-taco-completion, deepseek-v3-0324, default-1.2, hunyuan-2.0-instruct, hunyuan-chat, hunyuan-image-alpha, hunyuan-image-alpha-edit, custom-local:kimi-k3
[9/26/2026, 10:01:05 PM.149] [Info] [AgentModelResolver] agent "cli" original_models=["auto","hy4-preview-f","hy3","hy3-x","deepseek-v4.1-flash","glm-5.3","glm-5.3-flash","glm-5.2","glm-5.1","glm-5v-turbo","minimax-m3","kimi-k3-1","kimi-k2.8-preview","kimi-k2.7","kimi-k2.6","deepseek-v4-pro"] -> resolved_models=["auto","hy4-preview-f","hy3","hy3-x","deepseek-v4.1-flash","glm-5.3","glm-5.3-flash","glm-5.2","glm-5.1","glm-5v-turbo","minimax-m3","kimi-k3-1","kimi-k2.8-preview","kimi-k2.7","kimi-k2.6","deepseek-v4-pro"]
[9/26/2026, 10:01:05 PM.149] [Info] [AgentModelResolver] agent "general-purpose" original_models=[] -> resolved_models=[]
[9/26/2026, 10:01:05 PM.149] [Info] [AgentModelResolver] agent "compact" original_models=[] -> resolved_models=[]
[9/26/2026, 10:01:05 PM.149] [Info] [AgentModelResolver] agent "contextSummary" original_models=[] -> resolved_models=[]
[9/26/2026, 10:01:05 PM.149] [Info] [AgentModelResolver] agent "contentAnalyzer" original_models=[] -> resolved_models=[]
[9/26/2026, 10:01:05 PM.149] [Info] [AgentModelResolver] agent "terminalTitleGenerator" original_models=[] -> resolved_models=[]
[9/26/2026, 10:01:05 PM.149] [Info] [AgentModelResolver] agent "promptSuggestion" original_models=[] -> resolved_models=[]
[9/26/2026, 10:01:05 PM.149] [Info] [AgentModelResolver] agent "memorySelector" original_models=["lite"] -> resolved_models=["lite"]
[9/26/2026, 10:01:05 PM.149] [Info] [AgentModelResolver] agent "summaryGenerator" original_models=[] -> resolved_models=[]
[9/26/2026, 10:01:05 PM.149] [Info] [AgentModelResolver] agent "autoModeClassifier" original_models=[] -> resolved_models=[]
[9/26/2026, 10:01:05 PM.149] [Info] [AgentModelResolver] agent "promptHookEvaluator" original_models=["lite"] -> resolved_models=["lite"]
[9/26/2026, 10:01:05 PM.149] [Info] [AgentModelResolver] agent "insightsAnalyzer" original_models=[] -> resolved_models=[]
[9/26/2026, 10:01:05 PM.149] [Info] [AgentModelResolver] agent "agentInstructions" original_models=[] -> resolved_models=[]
[9/26/2026, 10:01:05 PM.149] [Info] [AgentModelResolver] agent "statusline-setup" original_models=[] -> resolved_models=[]
[9/26/2026, 10:01:05 PM.149] [Info] [AgentModelResolver] agent "Explore" original_models=["lite"] -> resolved_models=["lite"]
[9/26/2026, 10:01:05 PM.149] [Info] [AgentModelResolver] agent "Plan" original_models=[] -> resolved_models=[]
[9/26/2026, 10:01:05 PM.149] [Info] [AgentModelResolver] agent "pulse" original_models=[] -> resolved_models=[]
[9/26/2026, 10:01:05 PM.149] [Info] [AgentModelResolver] agent "handoff-summary" original_models=undefined -> resolved_models=[]
[9/26/2026, 10:01:05 PM.149] [Info] [AgentModelResolver] agent "enhance-prompt" original_models=[] -> resolved_models=[]
[9/26/2026, 10:01:05 PM.149] [Info] [AgentModelResolver] agent "sheet-agent" original_models=[] -> resolved_models=[]
[9/26/2026, 10:01:05 PM.149] [Info] [AgentModelResolver] agent "doc-converter" original_models=[] -> resolved_models=[]
[9/26/2026, 10:01:05 PM.149] [Info] [AgentModelResolver] agent "doc-formatter" original_models=[] -> resolved_models=[]
[9/26/2026, 10:01:05 PM.149] [Info] [AgentModelResolver] agent "doc-writer" original_models=[] -> resolved_models=[]
[9/26/2026, 10:01:05 PM.163] [Info] [PluginPolicyService]  [MergedPlugins][DEBUG] ProductManager.onDidChange fired, reloading policies...
[9/26/2026, 10:01:05 PM.163] [Info] [PluginPolicyService]  [MergedPlugins][DEBUG] Current config builtInMarketPluginsMerge: [{"autoEnable":true,"marketplaceName":"codebuddy-plugins-official","name":"agent-browser","scope":"user"}]
[9/26/2026, 10:01:05 PM.163] [Info] [PluginPolicyService]  [MergedPlugins] Loaded 1 merged plugin entries
[9/26/2026, 10:01:05 PM.163] [Info] [Startup] AgentManager.rebuildAgents: START
[9/26/2026, 10:01:05 PM.164] [Info] [Startup] AgentManager.rebuildAgents: completed in 11ms, resolving readyDeferred
[9/26/2026, 10:01:05 PM.164] [Info] [PluginManager]  Checking for built-in marketplaces to install...
[9/26/2026, 10:01:05 PM.164] [Info] [BuiltInMarketplaceProvider]  Found 2 built-in marketplace(s)
[9/26/2026, 10:01:05 PM.164] [Info] [PluginManager]  Found 2 built-in marketplace(s)
[9/26/2026, 10:01:05 PM.164] [Info] [MarketplaceStorage]  [MarketplaceStorage] getMarketplaces ensureConfigFile=0ms readAndRepair=0ms migration=0ms total=0ms count=5 path=/Users/didi/.workbuddy/plugins/known_marketplaces.json
[9/26/2026, 10:01:05 PM.164] [Info] [PluginManager]  All built-in marketplaces are already installed
[9/26/2026, 10:01:05 PM.165] [Info] [MarketplaceStorage]  [MarketplaceStorage] getMarketplaces ensureConfigFile=0ms readAndRepair=1ms migration=0ms total=1ms count=5 path=/Users/didi/.workbuddy/plugins/known_marketplaces.json
[9/26/2026, 10:01:05 PM.165] [Info] [BuiltInMarketplaceProvider]  Found 2 built-in marketplace(s)
[9/26/2026, 10:01:05 PM.166] [Info] [PluginManager]  Loaded 5 marketplaces (2 built-in) total=2ms storage=1ms builtIn=0ms autoUpdate=0ms
[9/26/2026, 10:01:07 PM.156] [Info] [TracingService]  Tracing uses @tencent/galileo-node-sdk global OpenTelemetry provider; @genie OTLP exporter is skipped.
[9/26/2026, 10:01:07 PM.156] [Info] [TracingService]  Tracing config resolved: {"productEnabled":true,"enabledByEnv":false,"endpoint":"https://copilot.tencent.com","galileoEnabled":true}
[9/26/2026, 10:01:34 PM.477] [Info] [WorkflowMemProbe] tick runId=(none) | rss=109.1MB heap=161.7/168.9MB external=54.8MB arrayBuffers=0MB
[9/26/2026, 10:17:17 PM.715] [Info] [WorkflowMemProbe] tick runId=(none) | rss=110.8MB heap=162.3/169.6MB external=53.7MB arrayBuffers=0MB
[9/26/2026, 10:17:18 PM.051] [Info] [GitInfoCollector]  CODEBUDDY_GIT_REPO_SCAN_DISABLED 1
[9/26/2026, 10:17:18 PM.051] [Info] [GitInfoCollector]  Git repository scan is disabled via CODEBUDDY_GIT_REPO_SCAN_DISABLED environment variable
[9/26/2026, 10:17:18 PM.166] [Info] [CloudProductManager]  fetch cloud product success, agents(1): cli, models(53): auto,fast-model,balanced-model,deep-model,hy3,hy3-b,hy3-c,hy3-x,hy4-preview,hy4-preview-f,minimax-m2.5,glm-5v-turbo,glm-5.3,glm-5.3-flash,glm-5.2,glm-5.1,glm-5.0-turbo,glm-4.6v,kimi-k3-1,kimi-k2.8-preview,kimi-k2.7,kimi-k2.6,kimi-k2.5,kimi-k2-thinking,minimax-m3,minimax-m2.7,glm-4.6,deepseek-v4-flash,deepseek-v4.1-flash,deepseek-v4-pro,deepseek-v3-2-volc,deepseek-v3-1-volc,deepseek-v3-1-lkeap,deepseek-v3-1,deepseek-v3-0324-lkeap,deepseek-r1-0528-lkeap,kimi-k2-instruct-taiji,completion-gf,default-1.1,hunyuan-3b,hunyuan-7b-dense,codewise-completions,codewise-rewrite,codewise-nes-a4-027-aide,codewise-jump,deepseek-r1-0528,deepseek-v3-0324-taco-completion,deepseek-v3-0324,default-1.2,hunyuan-2.0-instruct,hunyuan-chat,hunyuan-image-alpha,hunyuan-image-alpha-edit
[9/26/2026, 10:17:18 PM.166] [Info] [CloudProductManager]  Fetched configuration from remote [114ms]
[9/26/2026, 10:17:18 PM.167] [Info] [PluginsProductProvider.provide] active=9, ids=[weixinpay@workbuddy-builtin,tencent-docs-plugin@workbuddy-builtin,sheetagent@workbuddy-builtin,tencent-pptx@workbuddy-builtin,tencent-docx@workbuddy-builtin,agent-browser@codebuddy-plugins-official,find-skills@codebuddy-plugins-official,agent-browser@inline,find-skills@inline]
[9/26/2026, 10:17:18 PM.167] [Info] [MCP][cacheDbg] getConnectedServers() called: nonInteractive=true waitForSettle=false cacheNow=[connector-proxy,weixinpay,sheetagent] allServers=[connector-proxy:connected,weixinpay:connected,sheetagent:connected]
[9/26/2026, 10:17:18 PM.167] [Info] [MCP][cacheDbg] getConnectedServers() returning: [connector-proxy,weixinpay,sheetagent] (size=3)
[9/26/2026, 10:17:18 PM.173] [Info] [CustomModelsProductProvider] productName=WorkBuddy, isWorkBuddy=true, userConfigPath=/Users/didi/.workbuddy/models.json
[9/26/2026, 10:17:18 PM.173] [Info] Loaded custom models config from user: /Users/didi/.workbuddy/models.json
[9/26/2026, 10:17:18 PM.173] [Info] [ModelsProductProvider] enterpriseId: undefined, endpoint: https://copilot.tencent.com
[9/26/2026, 10:17:18 PM.173] [Warning] [ModelsProductProvider] enterpriseId is missing, skipping models API call
[9/26/2026, 10:17:18 PM.173] [Info] [AgentModelResolver] product config input: 54 models, 23 agents
[9/26/2026, 10:17:18 PM.173] [Info] [AgentModelResolver] model ids: auto, fast-model, balanced-model, deep-model, hy3, hy3-b, hy3-c, hy3-x, hy4-preview, hy4-preview-f, minimax-m2.5, glm-5v-turbo, glm-5.3, glm-5.3-flash, glm-5.2, glm-5.1, glm-5.0-turbo, glm-4.6v, kimi-k3-1, kimi-k2.8-preview, kimi-k2.7, kimi-k2.6, kimi-k2.5, kimi-k2-thinking, minimax-m3, minimax-m2.7, glm-4.6, deepseek-v4-flash, deepseek-v4.1-flash, deepseek-v4-pro, deepseek-v3-2-volc, deepseek-v3-1-volc, deepseek-v3-1-lkeap, deepseek-v3-1, deepseek-v3-0324-lkeap, deepseek-r1-0528-lkeap, kimi-k2-instruct-taiji, completion-gf, default-1.1, hunyuan-3b, hunyuan-7b-dense, codewise-completions, codewise-rewrite, codewise-nes-a4-027-aide, codewise-jump, deepseek-r1-0528, deepseek-v3-0324-taco-completion, deepseek-v3-0324, default-1.2, hunyuan-2.0-instruct, hunyuan-chat, hunyuan-image-alpha, hunyuan-image-alpha-edit, custom-local:kimi-k3
[9/26/2026, 10:17:18 PM.173] [Info] [AgentModelResolver] agent "cli" original_models=["auto","hy4-preview-f","hy3","hy3-x","deepseek-v4.1-flash","glm-5.3","glm-5.3-flash","glm-5.2","glm-5.1","glm-5v-turbo","minimax-m3","kimi-k3-1","kimi-k2.8-preview","kimi-k2.7","kimi-k2.6","deepseek-v4-pro"] -> resolved_models=["auto","hy4-preview-f","hy3","hy3-x","deepseek-v4.1-flash","glm-5.3","glm-5.3-flash","glm-5.2","glm-5.1","glm-5v-turbo","minimax-m3","kimi-k3-1","kimi-k2.8-preview","kimi-k2.7","kimi-k2.6","deepseek-v4-pro"]
[9/26/2026, 10:17:18 PM.173] [Info] [AgentModelResolver] agent "general-purpose" original_models=[] -> resolved_models=[]
[9/26/2026, 10:17:18 PM.173] [Info] [AgentModelResolver] agent "compact" original_models=[] -> resolved_models=[]
[9/26/2026, 10:17:18 PM.173] [Info] [AgentModelResolver] agent "contextSummary" original_models=[] -> resolved_models=[]
[9/26/2026, 10:17:18 PM.173] [Info] [AgentModelResolver] agent "contentAnalyzer" original_models=[] -> resolved_models=[]
[9/26/2026, 10:17:18 PM.173] [Info] [AgentModelResolver] agent "terminalTitleGenerator" original_models=[] -> resolved_models=[]
[9/26/2026, 10:17:18 PM.173] [Info] [AgentModelResolver] agent "promptSuggestion" original_models=[] -> resolved_models=[]
[9/26/2026, 10:17:18 PM.173] [Info] [AgentModelResolver] agent "memorySelector" original_models=["lite"] -> resolved_models=["lite"]
[9/26/2026, 10:17:18 PM.173] [Info] [AgentModelResolver] agent "summaryGenerator" original_models=[] -> resolved_models=[]
[9/26/2026, 10:17:18 PM.173] [Info] [AgentModelResolver] agent "autoModeClassifier" original_models=[] -> resolved_models=[]
[9/26/2026, 10:17:18 PM.173] [Info] [AgentModelResolver] agent "promptHookEvaluator" original_models=["lite"] -> resolved_models=["lite"]
[9/26/2026, 10:17:18 PM.173] [Info] [AgentModelResolver] agent "insightsAnalyzer" original_models=[] -> resolved_models=[]
[9/26/2026, 10:17:18 PM.173] [Info] [AgentModelResolver] agent "agentInstructions" original_models=[] -> resolved_models=[]
[9/26/2026, 10:17:18 PM.173] [Info] [AgentModelResolver] agent "statusline-setup" original_models=[] -> resolved_models=[]
[9/26/2026, 10:17:18 PM.173] [Info] [AgentModelResolver] agent "Explore" original_models=["lite"] -> resolved_models=["lite"]
[9/26/2026, 10:17:18 PM.173] [Info] [AgentModelResolver] agent "Plan" original_models=[] -> resolved_models=[]
[9/26/2026, 10:17:18 PM.173] [Info] [AgentModelResolver] agent "pulse" original_models=[] -> resolved_models=[]
[9/26/2026, 10:17:18 PM.173] [Info] [AgentModelResolver] agent "handoff-summary" original_models=undefined -> resolved_models=[]
[9/26/2026, 10:17:18 PM.173] [Info] [AgentModelResolver] agent "enhance-prompt" original_models=[] -> resolved_models=[]
[9/26/2026, 10:17:18 PM.173] [Info] [AgentModelResolver] agent "sheet-agent" original_models=[] -> resolved_models=[]
[9/26/2026, 10:17:18 PM.173] [Info] [AgentModelResolver] agent "doc-converter" original_models=[] -> resolved_models=[]
[9/26/2026, 10:17:18 PM.173] [Info] [AgentModelResolver] agent "doc-formatter" original_models=[] -> resolved_models=[]
[9/26/2026, 10:17:18 PM.173] [Info] [AgentModelResolver] agent "doc-writer" original_models=[] -> resolved_models=[]
[9/26/2026, 10:17:18 PM.189] [Info] [PluginPolicyService]  [MergedPlugins][DEBUG] ProductManager.onDidChange fired, reloading policies...
[9/26/2026, 10:17:18 PM.189] [Info] [PluginPolicyService]  [MergedPlugins][DEBUG] Current config builtInMarketPluginsMerge: [{"autoEnable":true,"marketplaceName":"codebuddy-plugins-official","name":"agent-browser","scope":"user"}]
[9/26/2026, 10:17:18 PM.189] [Info] [PluginPolicyService]  [MergedPlugins] Loaded 1 merged plugin entries
[9/26/2026, 10:17:18 PM.189] [Info] [Startup] AgentManager.rebuildAgents: START
[9/26/2026, 10:17:18 PM.189] [Info] [Startup] AgentManager.rebuildAgents: completed in 11ms, resolving readyDeferred
[9/26/2026, 10:17:18 PM.190] [Info] [PluginManager]  Checking for built-in marketplaces to install...
[9/26/2026, 10:17:18 PM.190] [Info] [BuiltInMarketplaceProvider]  Found 2 built-in marketplace(s)
[9/26/2026, 10:17:18 PM.190] [Info] [PluginManager]  Found 2 built-in marketplace(s)
[9/26/2026, 10:17:18 PM.191] [Info] [MarketplaceStorage]  [MarketplaceStorage] getMarketplaces ensureConfigFile=0ms readAndRepair=1ms migration=0ms total=1ms count=5 path=/Users/didi/.workbuddy/plugins/known_marketplaces.json
[9/26/2026, 10:17:18 PM.191] [Info] [PluginManager]  All built-in marketplaces are already installed
[9/26/2026, 10:17:18 PM.191] [Info] [MarketplaceStorage]  [MarketplaceStorage] getMarketplaces ensureConfigFile=0ms readAndRepair=0ms migration=0ms total=0ms count=5 path=/Users/didi/.workbuddy/plugins/known_marketplaces.json
[9/26/2026, 10:17:18 PM.191] [Info] [BuiltInMarketplaceProvider]  Found 2 built-in marketplace(s)
[9/26/2026, 10:17:18 PM.193] [Info] [PluginManager]  Loaded 5 marketplaces (2 built-in) total=2ms storage=0ms builtIn=0ms autoUpdate=0ms
[9/26/2026, 10:17:20 PM.179] [Info] [TracingService]  Tracing uses @tencent/galileo-node-sdk global OpenTelemetry provider; @genie OTLP exporter is skipped.
[9/26/2026, 10:17:20 PM.179] [Info] [TracingService]  Tracing config resolved: {"productEnabled":true,"enabledByEnv":false,"endpoint":"https://copilot.tencent.com","galileoEnabled":true}
[9/26/2026, 10:17:23 PM.460] [Info] [TracingService]  [primary] Exported 1 spans, traceIds: e77ad8936b062f9b10149338b76e1398
[9/26/2026, 10:17:47 PM.836] [Info] [WorkflowMemProbe] tick runId=(none) | rss=118.4MB heap=165.6/172.4MB external=55MB arrayBuffers=0MB
[9/26/2026, 10:33:18 PM.644] [Info] [WorkflowMemProbe] tick runId=(none) | rss=120MB heap=167.7/174MB external=55MB arrayBuffers=0MB
[9/26/2026, 10:33:18 PM.646] [Info] [GitInfoCollector]  CODEBUDDY_GIT_REPO_SCAN_DISABLED 1
[9/26/2026, 10:33:18 PM.646] [Info] [GitInfoCollector]  Git repository scan is disabled via CODEBUDDY_GIT_REPO_SCAN_DISABLED environment variable
[9/26/2026, 10:33:19 PM.215] [Info] [CloudProductManager]  fetch cloud product success, agents(1): cli, models(53): auto,fast-model,balanced-model,deep-model,hy3,hy3-b,hy3-c,hy3-x,hy4-preview,hy4-preview-f,minimax-m2.5,glm-5v-turbo,glm-5.3,glm-5.3-flash,glm-5.2,glm-5.1,glm-5.0-turbo,glm-4.6v,kimi-k3-1,kimi-k2.8-preview,kimi-k2.7,kimi-k2.6,kimi-k2.5,kimi-k2-thinking,minimax-m3,minimax-m2.7,glm-4.6,deepseek-v4-flash,deepseek-v4.1-flash,deepseek-v4-pro,deepseek-v3-2-volc,deepseek-v3-1-volc,deepseek-v3-1-lkeap,deepseek-v3-1,deepseek-v3-0324-lkeap,deepseek-r1-0528-lkeap,kimi-k2-instruct-taiji,completion-gf,default-1.1,hunyuan-3b,hunyuan-7b-dense,codewise-completions,codewise-rewrite,codewise-nes-a4-027-aide,codewise-jump,deepseek-r1-0528,deepseek-v3-0324-taco-completion,deepseek-v3-0324,default-1.2,hunyuan-2.0-instruct,hunyuan-chat,hunyuan-image-alpha,hunyuan-image-alpha-edit
[9/26/2026, 10:33:19 PM.215] [Info] [CloudProductManager]  Fetched configuration from remote [568ms]
[9/26/2026, 10:33:19 PM.216] [Info] [PluginsProductProvider.provide] active=9, ids=[weixinpay@workbuddy-builtin,tencent-docs-plugin@workbuddy-builtin,sheetagent@workbuddy-builtin,tencent-pptx@workbuddy-builtin,tencent-docx@workbuddy-builtin,agent-browser@codebuddy-plugins-official,find-skills@codebuddy-plugins-official,agent-browser@inline,find-skills@inline]
[9/26/2026, 10:33:19 PM.216] [Info] [MCP][cacheDbg] getConnectedServers() called: nonInteractive=true waitForSettle=false cacheNow=[connector-proxy,weixinpay,sheetagent] allServers=[connector-proxy:connected,weixinpay:connected,sheetagent:connected]
[9/26/2026, 10:33:19 PM.216] [Info] [MCP][cacheDbg] getConnectedServers() returning: [connector-proxy,weixinpay,sheetagent] (size=3)
[9/26/2026, 10:33:19 PM.226] [Info] [CustomModelsProductProvider] productName=WorkBuddy, isWorkBuddy=true, userConfigPath=/Users/didi/.workbuddy/models.json
[9/26/2026, 10:33:19 PM.226] [Info] Loaded custom models config from user: /Users/didi/.workbuddy/models.json
[9/26/2026, 10:33:19 PM.226] [Info] [ModelsProductProvider] enterpriseId: undefined, endpoint: https://copilot.tencent.com
[9/26/2026, 10:33:19 PM.226] [Warning] [ModelsProductProvider] enterpriseId is missing, skipping models API call
[9/26/2026, 10:33:19 PM.226] [Info] [AgentModelResolver] product config input: 54 models, 23 agents
[9/26/2026, 10:33:19 PM.226] [Info] [AgentModelResolver] model ids: auto, fast-model, balanced-model, deep-model, hy3, hy3-b, hy3-c, hy3-x, hy4-preview, hy4-preview-f, minimax-m2.5, glm-5v-turbo, glm-5.3, glm-5.3-flash, glm-5.2, glm-5.1, glm-5.0-turbo, glm-4.6v, kimi-k3-1, kimi-k2.8-preview, kimi-k2.7, kimi-k2.6, kimi-k2.5, kimi-k2-thinking, minimax-m3, minimax-m2.7, glm-4.6, deepseek-v4-flash, deepseek-v4.1-flash, deepseek-v4-pro, deepseek-v3-2-volc, deepseek-v3-1-volc, deepseek-v3-1-lkeap, deepseek-v3-1, deepseek-v3-0324-lkeap, deepseek-r1-0528-lkeap, kimi-k2-instruct-taiji, completion-gf, default-1.1, hunyuan-3b, hunyuan-7b-dense, codewise-completions, codewise-rewrite, codewise-nes-a4-027-aide, codewise-jump, deepseek-r1-0528, deepseek-v3-0324-taco-completion, deepseek-v3-0324, default-1.2, hunyuan-2.0-instruct, hunyuan-chat, hunyuan-image-alpha, hunyuan-image-alpha-edit, custom-local:kimi-k3
[9/26/2026, 10:33:19 PM.226] [Info] [AgentModelResolver] agent "cli" original_models=["auto","hy4-preview-f","hy3","hy3-x","deepseek-v4.1-flash","glm-5.3","glm-5.3-flash","glm-5.2","glm-5.1","glm-5v-turbo","minimax-m3","kimi-k3-1","kimi-k2.8-preview","kimi-k2.7","kimi-k2.6","deepseek-v4-pro"] -> resolved_models=["auto","hy4-preview-f","hy3","hy3-x","deepseek-v4.1-flash","glm-5.3","glm-5.3-flash","glm-5.2","glm-5.1","glm-5v-turbo","minimax-m3","kimi-k3-1","kimi-k2.8-preview","kimi-k2.7","kimi-k2.6","deepseek-v4-pro"]
[9/26/2026, 10:33:19 PM.226] [Info] [AgentModelResolver] agent "general-purpose" original_models=[] -> resolved_models=[]
[9/26/2026, 10:33:19 PM.226] [Info] [AgentModelResolver] agent "compact" original_models=[] -> resolved_models=[]
[9/26/2026, 10:33:19 PM.226] [Info] [AgentModelResolver] agent "contextSummary" original_models=[] -> resolved_models=[]
[9/26/2026, 10:33:19 PM.226] [Info] [AgentModelResolver] agent "contentAnalyzer" original_models=[] -> resolved_models=[]
[9/26/2026, 10:33:19 PM.226] [Info] [AgentModelResolver] agent "terminalTitleGenerator" original_models=[] -> resolved_models=[]
[9/26/2026, 10:33:19 PM.226] [Info] [AgentModelResolver] agent "promptSuggestion" original_models=[] -> resolved_models=[]
[9/26/2026, 10:33:19 PM.226] [Info] [AgentModelResolver] agent "memorySelector" original_models=["lite"] -> resolved_models=["lite"]
[9/26/2026, 10:33:19 PM.226] [Info] [AgentModelResolver] agent "summaryGenerator" original_models=[] -> resolved_models=[]
[9/26/2026, 10:33:19 PM.226] [Info] [AgentModelResolver] agent "autoModeClassifier" original_models=[] -> resolved_models=[]
[9/26/2026, 10:33:19 PM.226] [Info] [AgentModelResolver] agent "promptHookEvaluator" original_models=["lite"] -> resolved_models=["lite"]
[9/26/2026, 10:33:19 PM.226] [Info] [AgentModelResolver] agent "insightsAnalyzer" original_models=[] -> resolved_models=[]
[9/26/2026, 10:33:19 PM.226] [Info] [AgentModelResolver] agent "agentInstructions" original_models=[] -> resolved_models=[]
[9/26/2026, 10:33:19 PM.226] [Info] [AgentModelResolver] agent "statusline-setup" original_models=[] -> resolved_models=[]
[9/26/2026, 10:33:19 PM.226] [Info] [AgentModelResolver] agent "Explore" original_models=["lite"] -> resolved_models=["lite"]
[9/26/2026, 10:33:19 PM.226] [Info] [AgentModelResolver] agent "Plan" original_models=[] -> resolved_models=[]
[9/26/2026, 10:33:19 PM.226] [Info] [AgentModelResolver] agent "pulse" original_models=[] -> resolved_models=[]
[9/26/2026, 10:33:19 PM.226] [Info] [AgentModelResolver] agent "handoff-summary" original_models=undefined -> resolved_models=[]
[9/26/2026, 10:33:19 PM.226] [Info] [AgentModelResolver] agent "enhance-prompt" original_models=[] -> resolved_models=[]
[9/26/2026, 10:33:19 PM.226] [Info] [AgentModelResolver] agent "sheet-agent" original_models=[] -> resolved_models=[]
[9/26/2026, 10:33:19 PM.226] [Info] [AgentModelResolver] agent "doc-converter" original_models=[] -> resolved_models=[]
[9/26/2026, 10:33:19 PM.226] [Info] [AgentModelResolver] agent "doc-formatter" original_models=[] -> resolved_models=[]
[9/26/2026, 10:33:19 PM.226] [Info] [AgentModelResolver] agent "doc-writer" original_models=[] -> resolved_models=[]
[9/26/2026, 10:33:19 PM.241] [Info] [PluginPolicyService]  [MergedPlugins][DEBUG] ProductManager.onDidChange fired, reloading policies...
[9/26/2026, 10:33:19 PM.241] [Info] [PluginPolicyService]  [MergedPlugins][DEBUG] Current config builtInMarketPluginsMerge: [{"autoEnable":true,"marketplaceName":"codebuddy-plugins-official","name":"agent-browser","scope":"user"}]
[9/26/2026, 10:33:19 PM.241] [Info] [PluginPolicyService]  [MergedPlugins] Loaded 1 merged plugin entries
[9/26/2026, 10:33:19 PM.241] [Info] [Startup] AgentManager.rebuildAgents: START
[9/26/2026, 10:33:19 PM.241] [Info] [Startup] AgentManager.rebuildAgents: completed in 11ms, resolving readyDeferred
[9/26/2026, 10:33:19 PM.242] [Info] [PluginManager]  Checking for built-in marketplaces to install...
[9/26/2026, 10:33:19 PM.242] [Info] [BuiltInMarketplaceProvider]  Found 2 built-in marketplace(s)
[9/26/2026, 10:33:19 PM.242] [Info] [PluginManager]  Found 2 built-in marketplace(s)
[9/26/2026, 10:33:19 PM.244] [Info] [MarketplaceStorage]  [MarketplaceStorage] getMarketplaces ensureConfigFile=0ms readAndRepair=2ms migration=0ms total=2ms count=5 path=/Users/didi/.workbuddy/plugins/known_marketplaces.json
[9/26/2026, 10:33:19 PM.244] [Info] [PluginManager]  All built-in marketplaces are already installed
[9/26/2026, 10:33:19 PM.245] [Info] [MarketplaceStorage]  [MarketplaceStorage] getMarketplaces ensureConfigFile=0ms readAndRepair=1ms migration=0ms total=1ms count=5 path=/Users/didi/.workbuddy/plugins/known_marketplaces.json
[9/26/2026, 10:33:19 PM.245] [Info] [BuiltInMarketplaceProvider]  Found 2 built-in marketplace(s)
[9/26/2026, 10:33:19 PM.248] [Info] [PluginManager]  Loaded 5 marketplaces (2 built-in) total=4ms storage=1ms builtIn=0ms autoUpdate=0ms
[9/26/2026, 10:33:21 PM.233] [Info] [TracingService]  Tracing uses @tencent/galileo-node-sdk global OpenTelemetry provider; @genie OTLP exporter is skipped.
[9/26/2026, 10:33:21 PM.233] [Info] [TracingService]  Tracing config resolved: {"productEnabled":true,"enabledByEnv":false,"endpoint":"https://copilot.tencent.com","galileoEnabled":true}
[9/26/2026, 10:33:48 PM.674] [Info] [WorkflowMemProbe] tick runId=(none) | rss=141MB heap=153.5/162.2MB external=53.7MB arrayBuffers=0MB
[9/26/2026, 10:49:33 PM.011] [Info] [WorkflowMemProbe] tick runId=(none) | rss=142.1MB heap=155.5/163.3MB external=53.7MB arrayBuffers=0MB
[9/26/2026, 10:49:33 PM.013] [Info] [GitInfoCollector]  CODEBUDDY_GIT_REPO_SCAN_DISABLED 1
[9/26/2026, 10:49:33 PM.013] [Info] [GitInfoCollector]  Git repository scan is disabled via CODEBUDDY_GIT_REPO_SCAN_DISABLED environment variable
[9/26/2026, 10:49:33 PM.564] [Info] [CloudProductManager]  fetch cloud product success, agents(1): cli, models(53): auto,fast-model,balanced-model,deep-model,hy3,hy3-b,hy3-c,hy3-x,hy4-preview,hy4-preview-f,minimax-m2.5,glm-5v-turbo,glm-5.3,glm-5.3-flash,glm-5.2,glm-5.1,glm-5.0-turbo,glm-4.6v,kimi-k3-1,kimi-k2.8-preview,kimi-k2.7,kimi-k2.6,kimi-k2.5,kimi-k2-thinking,minimax-m3,minimax-m2.7,glm-4.6,deepseek-v4-flash,deepseek-v4.1-flash,deepseek-v4-pro,deepseek-v3-2-volc,deepseek-v3-1-volc,deepseek-v3-1-lkeap,deepseek-v3-1,deepseek-v3-0324-lkeap,deepseek-r1-0528-lkeap,kimi-k2-instruct-taiji,completion-gf,default-1.1,hunyuan-3b,hunyuan-7b-dense,codewise-completions,codewise-rewrite,codewise-nes-a4-027-aide,codewise-jump,deepseek-r1-0528,deepseek-v3-0324-taco-completion,deepseek-v3-0324,default-1.2,hunyuan-2.0-instruct,hunyuan-chat,hunyuan-image-alpha,hunyuan-image-alpha-edit
[9/26/2026, 10:49:33 PM.564] [Info] [CloudProductManager]  Fetched configuration from remote [551ms]
[9/26/2026, 10:49:33 PM.565] [Info] [PluginsProductProvider.provide] active=9, ids=[weixinpay@workbuddy-builtin,tencent-docs-plugin@workbuddy-builtin,sheetagent@workbuddy-builtin,tencent-pptx@workbuddy-builtin,tencent-docx@workbuddy-builtin,agent-browser@codebuddy-plugins-official,find-skills@codebuddy-plugins-official,agent-browser@inline,find-skills@inline]
[9/26/2026, 10:49:33 PM.565] [Info] [MCP][cacheDbg] getConnectedServers() called: nonInteractive=true waitForSettle=false cacheNow=[connector-proxy,weixinpay,sheetagent] allServers=[connector-proxy:connected,weixinpay:connected,sheetagent:connected]
[9/26/2026, 10:49:33 PM.565] [Info] [MCP][cacheDbg] getConnectedServers() returning: [connector-proxy,weixinpay,sheetagent] (size=3)
[9/26/2026, 10:49:33 PM.571] [Info] [CustomModelsProductProvider] productName=WorkBuddy, isWorkBuddy=true, userConfigPath=/Users/didi/.workbuddy/models.json
[9/26/2026, 10:49:33 PM.571] [Info] Loaded custom models config from user: /Users/didi/.workbuddy/models.json
[9/26/2026, 10:49:33 PM.571] [Info] [ModelsProductProvider] enterpriseId: undefined, endpoint: https://copilot.tencent.com
[9/26/2026, 10:49:33 PM.571] [Warning] [ModelsProductProvider] enterpriseId is missing, skipping models API call
[9/26/2026, 10:49:33 PM.571] [Info] [AgentModelResolver] product config input: 54 models, 23 agents
[9/26/2026, 10:49:33 PM.571] [Info] [AgentModelResolver] model ids: auto, fast-model, balanced-model, deep-model, hy3, hy3-b, hy3-c, hy3-x, hy4-preview, hy4-preview-f, minimax-m2.5, glm-5v-turbo, glm-5.3, glm-5.3-flash, glm-5.2, glm-5.1, glm-5.0-turbo, glm-4.6v, kimi-k3-1, kimi-k2.8-preview, kimi-k2.7, kimi-k2.6, kimi-k2.5, kimi-k2-thinking, minimax-m3, minimax-m2.7, glm-4.6, deepseek-v4-flash, deepseek-v4.1-flash, deepseek-v4-pro, deepseek-v3-2-volc, deepseek-v3-1-volc, deepseek-v3-1-lkeap, deepseek-v3-1, deepseek-v3-0324-lkeap, deepseek-r1-0528-lkeap, kimi-k2-instruct-taiji, completion-gf, default-1.1, hunyuan-3b, hunyuan-7b-dense, codewise-completions, codewise-rewrite, codewise-nes-a4-027-aide, codewise-jump, deepseek-r1-0528, deepseek-v3-0324-taco-completion, deepseek-v3-0324, default-1.2, hunyuan-2.0-instruct, hunyuan-chat, hunyuan-image-alpha, hunyuan-image-alpha-edit, custom-local:kimi-k3
[9/26/2026, 10:49:33 PM.571] [Info] [AgentModelResolver] agent "cli" original_models=["auto","hy4-preview-f","hy3","hy3-x","deepseek-v4.1-flash","glm-5.3","glm-5.3-flash","glm-5.2","glm-5.1","glm-5v-turbo","minimax-m3","kimi-k3-1","kimi-k2.8-preview","kimi-k2.7","kimi-k2.6","deepseek-v4-pro"] -> resolved_models=["auto","hy4-preview-f","hy3","hy3-x","deepseek-v4.1-flash","glm-5.3","glm-5.3-flash","glm-5.2","glm-5.1","glm-5v-turbo","minimax-m3","kimi-k3-1","kimi-k2.8-preview","kimi-k2.7","kimi-k2.6","deepseek-v4-pro"]
[9/26/2026, 10:49:33 PM.571] [Info] [AgentModelResolver] agent "general-purpose" original_models=[] -> resolved_models=[]
[9/26/2026, 10:49:33 PM.571] [Info] [AgentModelResolver] agent "compact" original_models=[] -> resolved_models=[]
[9/26/2026, 10:49:33 PM.571] [Info] [AgentModelResolver] agent "contextSummary" original_models=[] -> resolved_models=[]
[9/26/2026, 10:49:33 PM.571] [Info] [AgentModelResolver] agent "contentAnalyzer" original_models=[] -> resolved_models=[]
[9/26/2026, 10:49:33 PM.571] [Info] [AgentModelResolver] agent "terminalTitleGenerator" original_models=[] -> resolved_models=[]
[9/26/2026, 10:49:33 PM.571] [Info] [AgentModelResolver] agent "promptSuggestion" original_models=[] -> resolved_models=[]
[9/26/2026, 10:49:33 PM.571] [Info] [AgentModelResolver] agent "memorySelector" original_models=["lite"] -> resolved_models=["lite"]
[9/26/2026, 10:49:33 PM.571] [Info] [AgentModelResolver] agent "summaryGenerator" original_models=[] -> resolved_models=[]
[9/26/2026, 10:49:33 PM.571] [Info] [AgentModelResolver] agent "autoModeClassifier" original_models=[] -> resolved_models=[]
[9/26/2026, 10:49:33 PM.571] [Info] [AgentModelResolver] agent "promptHookEvaluator" original_models=["lite"] -> resolved_models=["lite"]
[9/26/2026, 10:49:33 PM.571] [Info] [AgentModelResolver] agent "insightsAnalyzer" original_models=[] -> resolved_models=[]
[9/26/2026, 10:49:33 PM.571] [Info] [AgentModelResolver] agent "agentInstructions" original_models=[] -> resolved_models=[]
[9/26/2026, 10:49:33 PM.571] [Info] [AgentModelResolver] agent "statusline-setup" original_models=[] -> resolved_models=[]
[9/26/2026, 10:49:33 PM.571] [Info] [AgentModelResolver] agent "Explore" original_models=["lite"] -> resolved_models=["lite"]
[9/26/2026, 10:49:33 PM.571] [Info] [AgentModelResolver] agent "Plan" original_models=[] -> resolved_models=[]
[9/26/2026, 10:49:33 PM.571] [Info] [AgentModelResolver] agent "pulse" original_models=[] -> resolved_models=[]
[9/26/2026, 10:49:33 PM.571] [Info] [AgentModelResolver] agent "handoff-summary" original_models=undefined -> resolved_models=[]
[9/26/2026, 10:49:33 PM.571] [Info] [AgentModelResolver] agent "enhance-prompt" original_models=[] -> resolved_models=[]
[9/26/2026, 10:49:33 PM.571] [Info] [AgentModelResolver] agent "sheet-agent" original_models=[] -> resolved_models=[]
[9/26/2026, 10:49:33 PM.571] [Info] [AgentModelResolver] agent "doc-converter" original_models=[] -> resolved_models=[]
[9/26/2026, 10:49:33 PM.571] [Info] [AgentModelResolver] agent "doc-formatter" original_models=[] -> resolved_models=[]
[9/26/2026, 10:49:33 PM.571] [Info] [AgentModelResolver] agent "doc-writer" original_models=[] -> resolved_models=[]
[9/26/2026, 10:49:33 PM.586] [Info] [PluginPolicyService]  [MergedPlugins][DEBUG] ProductManager.onDidChange fired, reloading policies...
[9/26/2026, 10:49:33 PM.586] [Info] [PluginPolicyService]  [MergedPlugins][DEBUG] Current config builtInMarketPluginsMerge: [{"autoEnable":true,"marketplaceName":"codebuddy-plugins-official","name":"agent-browser","scope":"user"}]
[9/26/2026, 10:49:33 PM.586] [Info] [PluginPolicyService]  [MergedPlugins] Loaded 1 merged plugin entries
[9/26/2026, 10:49:33 PM.586] [Info] [Startup] AgentManager.rebuildAgents: START
[9/26/2026, 10:49:33 PM.586] [Info] [Startup] AgentManager.rebuildAgents: completed in 11ms, resolving readyDeferred
[9/26/2026, 10:49:33 PM.586] [Info] [PluginManager]  Checking for built-in marketplaces to install...
[9/26/2026, 10:49:33 PM.586] [Info] [BuiltInMarketplaceProvider]  Found 2 built-in marketplace(s)
[9/26/2026, 10:49:33 PM.586] [Info] [PluginManager]  Found 2 built-in marketplace(s)
[9/26/2026, 10:49:33 PM.587] [Info] [MarketplaceStorage]  [MarketplaceStorage] getMarketplaces ensureConfigFile=0ms readAndRepair=1ms migration=0ms total=1ms count=5 path=/Users/didi/.workbuddy/plugins/known_marketplaces.json
[9/26/2026, 10:49:33 PM.587] [Info] [PluginManager]  All built-in marketplaces are already installed
[9/26/2026, 10:49:33 PM.588] [Info] [MarketplaceStorage]  [MarketplaceStorage] getMarketplaces ensureConfigFile=0ms readAndRepair=0ms migration=0ms total=1ms count=5 path=/Users/didi/.workbuddy/plugins/known_marketplaces.json
[9/26/2026, 10:49:33 PM.588] [Info] [BuiltInMarketplaceProvider]  Found 2 built-in marketplace(s)
[9/26/2026, 10:49:33 PM.589] [Info] [PluginManager]  Loaded 5 marketplaces (2 built-in) total=2ms storage=1ms builtIn=0ms autoUpdate=0ms
[9/26/2026, 10:49:35 PM.579] [Info] [TracingService]  Tracing uses @tencent/galileo-node-sdk global OpenTelemetry provider; @genie OTLP exporter is skipped.
[9/26/2026, 10:49:35 PM.579] [Info] [TracingService]  Tracing config resolved: {"productEnabled":true,"enabledByEnv":false,"endpoint":"https://copilot.tencent.com","galileoEnabled":true}
[9/26/2026, 10:50:03 PM.037] [Info] [WorkflowMemProbe] tick runId=(none) | rss=148MB heap=161.8/169.9MB external=54.9MB arrayBuffers=0MB
[9/26/2026, 11:02:04 PM.450] [Info] [WorkflowMemProbe] tick runId=(none) | rss=145.8MB heap=159.5/167.6MB external=53.7MB arrayBuffers=0MB
[9/26/2026, 11:02:04 PM.461] [Info] [GitInfoCollector]  CODEBUDDY_GIT_REPO_SCAN_DISABLED 1
[9/26/2026, 11:02:04 PM.461] [Info] [GitInfoCollector]  Git repository scan is disabled via CODEBUDDY_GIT_REPO_SCAN_DISABLED environment variable
[9/26/2026, 11:02:05 PM.316] [Info] [CloudProductManager]  fetch cloud product success, agents(1): cli, models(53): auto,fast-model,balanced-model,deep-model,hy3,hy3-b,hy3-c,hy3-x,hy4-preview,hy4-preview-f,minimax-m2.5,glm-5v-turbo,glm-5.3,glm-5.3-flash,glm-5.2,glm-5.1,glm-5.0-turbo,glm-4.6v,kimi-k3-1,kimi-k2.8-preview,kimi-k2.7,kimi-k2.6,kimi-k2.5,kimi-k2-thinking,minimax-m3,minimax-m2.7,glm-4.6,deepseek-v4-flash,deepseek-v4.1-flash,deepseek-v4-pro,deepseek-v3-2-volc,deepseek-v3-1-volc,deepseek-v3-1-lkeap,deepseek-v3-1,deepseek-v3-0324-lkeap,deepseek-r1-0528-lkeap,kimi-k2-instruct-taiji,completion-gf,default-1.1,hunyuan-3b,hunyuan-7b-dense,codewise-completions,codewise-rewrite,codewise-nes-a4-027-aide,codewise-jump,deepseek-r1-0528,deepseek-v3-0324-taco-completion,deepseek-v3-0324,default-1.2,hunyuan-2.0-instruct,hunyuan-chat,hunyuan-image-alpha,hunyuan-image-alpha-edit
[9/26/2026, 11:02:05 PM.316] [Info] [CloudProductManager]  Fetched configuration from remote [854ms]
[9/26/2026, 11:02:05 PM.317] [Info] [PluginsProductProvider.provide] active=9, ids=[weixinpay@workbuddy-builtin,tencent-docs-plugin@workbuddy-builtin,sheetagent@workbuddy-builtin,tencent-pptx@workbuddy-builtin,tencent-docx@workbuddy-builtin,agent-browser@codebuddy-plugins-official,find-skills@codebuddy-plugins-official,agent-browser@inline,find-skills@inline]
[9/26/2026, 11:02:05 PM.318] [Info] [MCP][cacheDbg] getConnectedServers() called: nonInteractive=true waitForSettle=false cacheNow=[connector-proxy,weixinpay,sheetagent] allServers=[connector-proxy:connected,weixinpay:connected,sheetagent:connected]
[9/26/2026, 11:02:05 PM.318] [Info] [MCP][cacheDbg] getConnectedServers() returning: [connector-proxy,weixinpay,sheetagent] (size=3)
[9/26/2026, 11:02:05 PM.325] [Info] [CustomModelsProductProvider] productName=WorkBuddy, isWorkBuddy=true, userConfigPath=/Users/didi/.workbuddy/models.json
[9/26/2026, 11:02:05 PM.325] [Info] Loaded custom models config from user: /Users/didi/.workbuddy/models.json
[9/26/2026, 11:02:05 PM.325] [Info] [ModelsProductProvider] enterpriseId: undefined, endpoint: https://copilot.tencent.com
[9/26/2026, 11:02:05 PM.325] [Warning] [ModelsProductProvider] enterpriseId is missing, skipping models API call
[9/26/2026, 11:02:05 PM.325] [Info] [AgentModelResolver] product config input: 54 models, 23 agents
[9/26/2026, 11:02:05 PM.325] [Info] [AgentModelResolver] model ids: auto, fast-model, balanced-model, deep-model, hy3, hy3-b, hy3-c, hy3-x, hy4-preview, hy4-preview-f, minimax-m2.5, glm-5v-turbo, glm-5.3, glm-5.3-flash, glm-5.2, glm-5.1, glm-5.0-turbo, glm-4.6v, kimi-k3-1, kimi-k2.8-preview, kimi-k2.7, kimi-k2.6, kimi-k2.5, kimi-k2-thinking, minimax-m3, minimax-m2.7, glm-4.6, deepseek-v4-flash, deepseek-v4.1-flash, deepseek-v4-pro, deepseek-v3-2-volc, deepseek-v3-1-volc, deepseek-v3-1-lkeap, deepseek-v3-1, deepseek-v3-0324-lkeap, deepseek-r1-0528-lkeap, kimi-k2-instruct-taiji, completion-gf, default-1.1, hunyuan-3b, hunyuan-7b-dense, codewise-completions, codewise-rewrite, codewise-nes-a4-027-aide, codewise-jump, deepseek-r1-0528, deepseek-v3-0324-taco-completion, deepseek-v3-0324, default-1.2, hunyuan-2.0-instruct, hunyuan-chat, hunyuan-image-alpha, hunyuan-image-alpha-edit, custom-local:kimi-k3
[9/26/2026, 11:02:05 PM.325] [Info] [AgentModelResolver] agent "cli" original_models=["auto","hy4-preview-f","hy3","hy3-x","deepseek-v4.1-flash","glm-5.3","glm-5.3-flash","glm-5.2","glm-5.1","glm-5v-turbo","minimax-m3","kimi-k3-1","kimi-k2.8-preview","kimi-k2.7","kimi-k2.6","deepseek-v4-pro"] -> resolved_models=["auto","hy4-preview-f","hy3","hy3-x","deepseek-v4.1-flash","glm-5.3","glm-5.3-flash","glm-5.2","glm-5.1","glm-5v-turbo","minimax-m3","kimi-k3-1","kimi-k2.8-preview","kimi-k2.7","kimi-k2.6","deepseek-v4-pro"]
[9/26/2026, 11:02:05 PM.325] [Info] [AgentModelResolver] agent "general-purpose" original_models=[] -> resolved_models=[]
[9/26/2026, 11:02:05 PM.325] [Info] [AgentModelResolver] agent "compact" original_models=[] -> resolved_models=[]
[9/26/2026, 11:02:05 PM.325] [Info] [AgentModelResolver] agent "contextSummary" original_models=[] -> resolved_models=[]
[9/26/2026, 11:02:05 PM.325] [Info] [AgentModelResolver] agent "contentAnalyzer" original_models=[] -> resolved_models=[]
[9/26/2026, 11:02:05 PM.325] [Info] [AgentModelResolver] agent "terminalTitleGenerator" original_models=[] -> resolved_models=[]
[9/26/2026, 11:02:05 PM.325] [Info] [AgentModelResolver] agent "promptSuggestion" original_models=[] -> resolved_models=[]
[9/26/2026, 11:02:05 PM.325] [Info] [AgentModelResolver] agent "memorySelector" original_models=["lite"] -> resolved_models=["lite"]
[9/26/2026, 11:02:05 PM.325] [Info] [AgentModelResolver] agent "summaryGenerator" original_models=[] -> resolved_models=[]
[9/26/2026, 11:02:05 PM.325] [Info] [AgentModelResolver] agent "autoModeClassifier" original_models=[] -> resolved_models=[]
[9/26/2026, 11:02:05 PM.325] [Info] [AgentModelResolver] agent "promptHookEvaluator" original_models=["lite"] -> resolved_models=["lite"]
[9/26/2026, 11:02:05 PM.325] [Info] [AgentModelResolver] agent "insightsAnalyzer" original_models=[] -> resolved_models=[]
[9/26/2026, 11:02:05 PM.325] [Info] [AgentModelResolver] agent "agentInstructions" original_models=[] -> resolved_models=[]
[9/26/2026, 11:02:05 PM.325] [Info] [AgentModelResolver] agent "statusline-setup" original_models=[] -> resolved_models=[]
[9/26/2026, 11:02:05 PM.325] [Info] [AgentModelResolver] agent "Explore" original_models=["lite"] -> resolved_models=["lite"]
[9/26/2026, 11:02:05 PM.325] [Info] [AgentModelResolver] agent "Plan" original_models=[] -> resolved_models=[]
[9/26/2026, 11:02:05 PM.325] [Info] [AgentModelResolver] agent "pulse" original_models=[] -> resolved_models=[]
[9/26/2026, 11:02:05 PM.325] [Info] [AgentModelResolver] agent "handoff-summary" original_models=undefined -> resolved_models=[]
[9/26/2026, 11:02:05 PM.325] [Info] [AgentModelResolver] agent "enhance-prompt" original_models=[] -> resolved_models=[]
[9/26/2026, 11:02:05 PM.325] [Info] [AgentModelResolver] agent "sheet-agent" original_models=[] -> resolved_models=[]
[9/26/2026, 11:02:05 PM.325] [Info] [AgentModelResolver] agent "doc-converter" original_models=[] -> resolved_models=[]
[9/26/2026, 11:02:05 PM.325] [Info] [AgentModelResolver] agent "doc-formatter" original_models=[] -> resolved_models=[]
[9/26/2026, 11:02:05 PM.325] [Info] [AgentModelResolver] agent "doc-writer" original_models=[] -> resolved_models=[]
[9/26/2026, 11:02:05 PM.340] [Info] [PluginPolicyService]  [MergedPlugins][DEBUG] ProductManager.onDidChange fired, reloading policies...
[9/26/2026, 11:02:05 PM.340] [Info] [PluginPolicyService]  [MergedPlugins][DEBUG] Current config builtInMarketPluginsMerge: [{"autoEnable":true,"marketplaceName":"codebuddy-plugins-official","name":"agent-browser","scope":"user"}]
[9/26/2026, 11:02:05 PM.340] [Info] [PluginPolicyService]  [MergedPlugins] Loaded 1 merged plugin entries
[9/26/2026, 11:02:05 PM.340] [Info] [Startup] AgentManager.rebuildAgents: START
[9/26/2026, 11:02:05 PM.340] [Info] [Startup] AgentManager.rebuildAgents: completed in 10ms, resolving readyDeferred
[9/26/2026, 11:02:05 PM.340] [Info] [PluginManager]  Checking for built-in marketplaces to install...
[9/26/2026, 11:02:05 PM.340] [Info] [BuiltInMarketplaceProvider]  Found 2 built-in marketplace(s)
[9/26/2026, 11:02:05 PM.340] [Info] [PluginManager]  Found 2 built-in marketplace(s)
[9/26/2026, 11:02:05 PM.341] [Info] [MarketplaceStorage]  [MarketplaceStorage] getMarketplaces ensureConfigFile=0ms readAndRepair=1ms migration=0ms total=1ms count=5 path=/Users/didi/.workbuddy/plugins/known_marketplaces.json
[9/26/2026, 11:02:05 PM.341] [Info] [PluginManager]  All built-in marketplaces are already installed
[9/26/2026, 11:02:05 PM.341] [Info] [MarketplaceStorage]  [MarketplaceStorage] getMarketplaces ensureConfigFile=0ms readAndRepair=0ms migration=0ms total=0ms count=5 path=/Users/didi/.workbuddy/plugins/known_marketplaces.json
[9/26/2026, 11:02:05 PM.341] [Info] [BuiltInMarketplaceProvider]  Found 2 built-in marketplace(s)
[9/26/2026, 11:02:05 PM.343] [Info] [PluginManager]  Loaded 5 marketplaces (2 built-in) total=2ms storage=0ms builtIn=0ms autoUpdate=0ms
[9/26/2026, 11:02:07 PM.332] [Info] [TracingService]  Tracing uses @tencent/galileo-node-sdk global OpenTelemetry provider; @genie OTLP exporter is skipped.
[9/26/2026, 11:02:07 PM.332] [Info] [TracingService]  Tracing config resolved: {"productEnabled":true,"enabledByEnv":false,"endpoint":"https://copilot.tencent.com","galileoEnabled":true}
[9/26/2026, 11:17:58 PM.720] [Info] [WorkflowMemProbe] tick runId=(none) | rss=151.7MB heap=166.1/173.4MB external=54.9MB arrayBuffers=0MB
[9/26/2026, 11:17:58 PM.724] [Info] [GitInfoCollector]  CODEBUDDY_GIT_REPO_SCAN_DISABLED 1
[9/26/2026, 11:17:58 PM.724] [Info] [GitInfoCollector]  Git repository scan is disabled via CODEBUDDY_GIT_REPO_SCAN_DISABLED environment variable
[9/26/2026, 11:17:59 PM.292] [Info] [CloudProductManager]  fetch cloud product success, agents(1): cli, models(53): auto,fast-model,balanced-model,deep-model,hy3,hy3-b,hy3-c,hy3-x,hy4-preview,hy4-preview-f,minimax-m2.5,glm-5v-turbo,glm-5.3,glm-5.3-flash,glm-5.2,glm-5.1,glm-5.0-turbo,glm-4.6v,kimi-k3-1,kimi-k2.8-preview,kimi-k2.7,kimi-k2.6,kimi-k2.5,kimi-k2-thinking,minimax-m3,minimax-m2.7,glm-4.6,deepseek-v4-flash,deepseek-v4.1-flash,deepseek-v4-pro,deepseek-v3-2-volc,deepseek-v3-1-volc,deepseek-v3-1-lkeap,deepseek-v3-1,deepseek-v3-0324-lkeap,deepseek-r1-0528-lkeap,kimi-k2-instruct-taiji,completion-gf,default-1.1,hunyuan-3b,hunyuan-7b-dense,codewise-completions,codewise-rewrite,codewise-nes-a4-027-aide,codewise-jump,deepseek-r1-0528,deepseek-v3-0324-taco-completion,deepseek-v3-0324,default-1.2,hunyuan-2.0-instruct,hunyuan-chat,hunyuan-image-alpha,hunyuan-image-alpha-edit
[9/26/2026, 11:17:59 PM.292] [Info] [CloudProductManager]  Fetched configuration from remote [567ms]
[9/26/2026, 11:17:59 PM.292] [Info] [PluginsProductProvider.provide] active=9, ids=[weixinpay@workbuddy-builtin,tencent-docs-plugin@workbuddy-builtin,sheetagent@workbuddy-builtin,tencent-pptx@workbuddy-builtin,tencent-docx@workbuddy-builtin,agent-browser@codebuddy-plugins-official,find-skills@codebuddy-plugins-official,agent-browser@inline,find-skills@inline]
[9/26/2026, 11:17:59 PM.293] [Info] [MCP][cacheDbg] getConnectedServers() called: nonInteractive=true waitForSettle=false cacheNow=[connector-proxy,weixinpay,sheetagent] allServers=[connector-proxy:connected,weixinpay:connected,sheetagent:connected]
[9/26/2026, 11:17:59 PM.293] [Info] [MCP][cacheDbg] getConnectedServers() returning: [connector-proxy,weixinpay,sheetagent] (size=3)
[9/26/2026, 11:17:59 PM.299] [Info] [CustomModelsProductProvider] productName=WorkBuddy, isWorkBuddy=true, userConfigPath=/Users/didi/.workbuddy/models.json
[9/26/2026, 11:17:59 PM.299] [Info] Loaded custom models config from user: /Users/didi/.workbuddy/models.json
[9/26/2026, 11:17:59 PM.300] [Info] [ModelsProductProvider] enterpriseId: undefined, endpoint: https://copilot.tencent.com
[9/26/2026, 11:17:59 PM.300] [Warning] [ModelsProductProvider] enterpriseId is missing, skipping models API call
[9/26/2026, 11:17:59 PM.300] [Info] [AgentModelResolver] product config input: 54 models, 23 agents
[9/26/2026, 11:17:59 PM.300] [Info] [AgentModelResolver] model ids: auto, fast-model, balanced-model, deep-model, hy3, hy3-b, hy3-c, hy3-x, hy4-preview, hy4-preview-f, minimax-m2.5, glm-5v-turbo, glm-5.3, glm-5.3-flash, glm-5.2, glm-5.1, glm-5.0-turbo, glm-4.6v, kimi-k3-1, kimi-k2.8-preview, kimi-k2.7, kimi-k2.6, kimi-k2.5, kimi-k2-thinking, minimax-m3, minimax-m2.7, glm-4.6, deepseek-v4-flash, deepseek-v4.1-flash, deepseek-v4-pro, deepseek-v3-2-volc, deepseek-v3-1-volc, deepseek-v3-1-lkeap, deepseek-v3-1, deepseek-v3-0324-lkeap, deepseek-r1-0528-lkeap, kimi-k2-instruct-taiji, completion-gf, default-1.1, hunyuan-3b, hunyuan-7b-dense, codewise-completions, codewise-rewrite, codewise-nes-a4-027-aide, codewise-jump, deepseek-r1-0528, deepseek-v3-0324-taco-completion, deepseek-v3-0324, default-1.2, hunyuan-2.0-instruct, hunyuan-chat, hunyuan-image-alpha, hunyuan-image-alpha-edit, custom-local:kimi-k3
[9/26/2026, 11:17:59 PM.300] [Info] [AgentModelResolver] agent "cli" original_models=["auto","hy4-preview-f","hy3","hy3-x","deepseek-v4.1-flash","glm-5.3","glm-5.3-flash","glm-5.2","glm-5.1","glm-5v-turbo","minimax-m3","kimi-k3-1","kimi-k2.8-preview","kimi-k2.7","kimi-k2.6","deepseek-v4-pro"] -> resolved_models=["auto","hy4-preview-f","hy3","hy3-x","deepseek-v4.1-flash","glm-5.3","glm-5.3-flash","glm-5.2","glm-5.1","glm-5v-turbo","minimax-m3","kimi-k3-1","kimi-k2.8-preview","kimi-k2.7","kimi-k2.6","deepseek-v4-pro"]
[9/26/2026, 11:17:59 PM.300] [Info] [AgentModelResolver] agent "general-purpose" original_models=[] -> resolved_models=[]
[9/26/2026, 11:17:59 PM.300] [Info] [AgentModelResolver] agent "compact" original_models=[] -> resolved_models=[]
[9/26/2026, 11:17:59 PM.300] [Info] [AgentModelResolver] agent "contextSummary" original_models=[] -> resolved_models=[]
[9/26/2026, 11:17:59 PM.300] [Info] [AgentModelResolver] agent "contentAnalyzer" original_models=[] -> resolved_models=[]
[9/26/2026, 11:17:59 PM.300] [Info] [AgentModelResolver] agent "terminalTitleGenerator" original_models=[] -> resolved_models=[]
[9/26/2026, 11:17:59 PM.300] [Info] [AgentModelResolver] agent "promptSuggestion" original_models=[] -> resolved_models=[]
[9/26/2026, 11:17:59 PM.300] [Info] [AgentModelResolver] agent "memorySelector" original_models=["lite"] -> resolved_models=["lite"]
[9/26/2026, 11:17:59 PM.300] [Info] [AgentModelResolver] agent "summaryGenerator" original_models=[] -> resolved_models=[]
[9/26/2026, 11:17:59 PM.300] [Info] [AgentModelResolver] agent "autoModeClassifier" original_models=[] -> resolved_models=[]
[9/26/2026, 11:17:59 PM.300] [Info] [AgentModelResolver] agent "promptHookEvaluator" original_models=["lite"] -> resolved_models=["lite"]
[9/26/2026, 11:17:59 PM.300] [Info] [AgentModelResolver] agent "insightsAnalyzer" original_models=[] -> resolved_models=[]
[9/26/2026, 11:17:59 PM.300] [Info] [AgentModelResolver] agent "agentInstructions" original_models=[] -> resolved_models=[]
[9/26/2026, 11:17:59 PM.300] [Info] [AgentModelResolver] agent "statusline-setup" original_models=[] -> resolved_models=[]
[9/26/2026, 11:17:59 PM.300] [Info] [AgentModelResolver] agent "Explore" original_models=["lite"] -> resolved_models=["lite"]
[9/26/2026, 11:17:59 PM.300] [Info] [AgentModelResolver] agent "Plan" original_models=[] -> resolved_models=[]
[9/26/2026, 11:17:59 PM.300] [Info] [AgentModelResolver] agent "pulse" original_models=[] -> resolved_models=[]
[9/26/2026, 11:17:59 PM.300] [Info] [AgentModelResolver] agent "handoff-summary" original_models=undefined -> resolved_models=[]
[9/26/2026, 11:17:59 PM.300] [Info] [AgentModelResolver] agent "enhance-prompt" original_models=[] -> resolved_models=[]
[9/26/2026, 11:17:59 PM.300] [Info] [AgentModelResolver] agent "sheet-agent" original_models=[] -> resolved_models=[]
[9/26/2026, 11:17:59 PM.300] [Info] [AgentModelResolver] agent "doc-converter" original_models=[] -> resolved_models=[]
[9/26/2026, 11:17:59 PM.300] [Info] [AgentModelResolver] agent "doc-formatter" original_models=[] -> resolved_models=[]
[9/26/2026, 11:17:59 PM.300] [Info] [AgentModelResolver] agent "doc-writer" original_models=[] -> resolved_models=[]
[9/26/2026, 11:17:59 PM.316] [Info] [PluginPolicyService]  [MergedPlugins][DEBUG] ProductManager.onDidChange fired, reloading policies...
[9/26/2026, 11:17:59 PM.316] [Info] [PluginPolicyService]  [MergedPlugins][DEBUG] Current config builtInMarketPluginsMerge: [{"autoEnable":true,"marketplaceName":"codebuddy-plugins-official","name":"agent-browser","scope":"user"}]
[9/26/2026, 11:17:59 PM.316] [Info] [PluginPolicyService]  [MergedPlugins] Loaded 1 merged plugin entries
[9/26/2026, 11:17:59 PM.316] [Info] [Startup] AgentManager.rebuildAgents: START
[9/26/2026, 11:17:59 PM.317] [Info] [Startup] AgentManager.rebuildAgents: completed in 12ms, resolving readyDeferred
[9/26/2026, 11:17:59 PM.317] [Info] [PluginManager]  Checking for built-in marketplaces to install...
[9/26/2026, 11:17:59 PM.317] [Info] [BuiltInMarketplaceProvider]  Found 2 built-in marketplace(s)
[9/26/2026, 11:17:59 PM.317] [Info] [PluginManager]  Found 2 built-in marketplace(s)
[9/26/2026, 11:17:59 PM.318] [Info] [MarketplaceStorage]  [MarketplaceStorage] getMarketplaces ensureConfigFile=0ms readAndRepair=1ms migration=0ms total=1ms count=5 path=/Users/didi/.workbuddy/plugins/known_marketplaces.json
[9/26/2026, 11:17:59 PM.318] [Info] [PluginManager]  All built-in marketplaces are already installed
[9/26/2026, 11:17:59 PM.319] [Info] [MarketplaceStorage]  [MarketplaceStorage] getMarketplaces ensureConfigFile=0ms readAndRepair=1ms migration=0ms total=1ms count=5 path=/Users/didi/.workbuddy/plugins/known_marketplaces.json
[9/26/2026, 11:17:59 PM.319] [Info] [BuiltInMarketplaceProvider]  Found 2 built-in marketplace(s)
[9/26/2026, 11:17:59 PM.322] [Info] [PluginManager]  Loaded 5 marketplaces (2 built-in) total=4ms storage=1ms builtIn=0ms autoUpdate=0ms
[9/26/2026, 11:18:01 PM.309] [Info] [TracingService]  Tracing uses @tencent/galileo-node-sdk global OpenTelemetry provider; @genie OTLP exporter is skipped.
[9/26/2026, 11:18:01 PM.309] [Info] [TracingService]  Tracing config resolved: {"productEnabled":true,"enabledByEnv":false,"endpoint":"https://copilot.tencent.com","galileoEnabled":true}
[9/26/2026, 11:35:31 PM.462] [Info] [WorkflowMemProbe] tick runId=(none) | rss=142MB heap=153.4/162MB external=53.6MB arrayBuffers=0MB
[9/26/2026, 11:35:31 PM.492] [Info] [GitInfoCollector]  CODEBUDDY_GIT_REPO_SCAN_DISABLED 1
[9/26/2026, 11:35:31 PM.492] [Info] [GitInfoCollector]  Git repository scan is disabled via CODEBUDDY_GIT_REPO_SCAN_DISABLED environment variable
[9/26/2026, 11:35:32 PM.251] [Info] [CloudProductManager]  fetch cloud product success, agents(1): cli, models(53): auto,fast-model,balanced-model,deep-model,hy3,hy3-b,hy3-c,hy3-x,hy4-preview,hy4-preview-f,minimax-m2.5,glm-5v-turbo,glm-5.3,glm-5.3-flash,glm-5.2,glm-5.1,glm-5.0-turbo,glm-4.6v,kimi-k3-1,kimi-k2.8-preview,kimi-k2.7,kimi-k2.6,kimi-k2.5,kimi-k2-thinking,minimax-m3,minimax-m2.7,glm-4.6,deepseek-v4-flash,deepseek-v4.1-flash,deepseek-v4-pro,deepseek-v3-2-volc,deepseek-v3-1-volc,deepseek-v3-1-lkeap,deepseek-v3-1,deepseek-v3-0324-lkeap,deepseek-r1-0528-lkeap,kimi-k2-instruct-taiji,completion-gf,default-1.1,hunyuan-3b,hunyuan-7b-dense,codewise-completions,codewise-rewrite,codewise-nes-a4-027-aide,codewise-jump,deepseek-r1-0528,deepseek-v3-0324-taco-completion,deepseek-v3-0324,default-1.2,hunyuan-2.0-instruct,hunyuan-chat,hunyuan-image-alpha,hunyuan-image-alpha-edit
[9/26/2026, 11:35:32 PM.251] [Info] [CloudProductManager]  Fetched configuration from remote [758ms]
[9/26/2026, 11:35:32 PM.253] [Info] [PluginsProductProvider.provide] active=9, ids=[weixinpay@workbuddy-builtin,tencent-docs-plugin@workbuddy-builtin,sheetagent@workbuddy-builtin,tencent-pptx@workbuddy-builtin,tencent-docx@workbuddy-builtin,agent-browser@codebuddy-plugins-official,find-skills@codebuddy-plugins-official,agent-browser@inline,find-skills@inline]
[9/26/2026, 11:35:32 PM.253] [Info] [MCP][cacheDbg] getConnectedServers() called: nonInteractive=true waitForSettle=false cacheNow=[connector-proxy,weixinpay,sheetagent] allServers=[connector-proxy:connected,weixinpay:connected,sheetagent:connected]
[9/26/2026, 11:35:32 PM.253] [Info] [MCP][cacheDbg] getConnectedServers() returning: [connector-proxy,weixinpay,sheetagent] (size=3)
[9/26/2026, 11:35:32 PM.262] [Info] [CustomModelsProductProvider] productName=WorkBuddy, isWorkBuddy=true, userConfigPath=/Users/didi/.workbuddy/models.json
[9/26/2026, 11:35:32 PM.262] [Info] Loaded custom models config from user: /Users/didi/.workbuddy/models.json
[9/26/2026, 11:35:32 PM.262] [Info] [ModelsProductProvider] enterpriseId: undefined, endpoint: https://copilot.tencent.com
[9/26/2026, 11:35:32 PM.262] [Warning] [ModelsProductProvider] enterpriseId is missing, skipping models API call
[9/26/2026, 11:35:32 PM.263] [Info] [AgentModelResolver] product config input: 54 models, 23 agents
[9/26/2026, 11:35:32 PM.263] [Info] [AgentModelResolver] model ids: auto, fast-model, balanced-model, deep-model, hy3, hy3-b, hy3-c, hy3-x, hy4-preview, hy4-preview-f, minimax-m2.5, glm-5v-turbo, glm-5.3, glm-5.3-flash, glm-5.2, glm-5.1, glm-5.0-turbo, glm-4.6v, kimi-k3-1, kimi-k2.8-preview, kimi-k2.7, kimi-k2.6, kimi-k2.5, kimi-k2-thinking, minimax-m3, minimax-m2.7, glm-4.6, deepseek-v4-flash, deepseek-v4.1-flash, deepseek-v4-pro, deepseek-v3-2-volc, deepseek-v3-1-volc, deepseek-v3-1-lkeap, deepseek-v3-1, deepseek-v3-0324-lkeap, deepseek-r1-0528-lkeap, kimi-k2-instruct-taiji, completion-gf, default-1.1, hunyuan-3b, hunyuan-7b-dense, codewise-completions, codewise-rewrite, codewise-nes-a4-027-aide, codewise-jump, deepseek-r1-0528, deepseek-v3-0324-taco-completion, deepseek-v3-0324, default-1.2, hunyuan-2.0-instruct, hunyuan-chat, hunyuan-image-alpha, hunyuan-image-alpha-edit, custom-local:kimi-k3
[9/26/2026, 11:35:32 PM.263] [Info] [AgentModelResolver] agent "cli" original_models=["auto","hy4-preview-f","hy3","hy3-x","deepseek-v4.1-flash","glm-5.3","glm-5.3-flash","glm-5.2","glm-5.1","glm-5v-turbo","minimax-m3","kimi-k3-1","kimi-k2.8-preview","kimi-k2.7","kimi-k2.6","deepseek-v4-pro"] -> resolved_models=["auto","hy4-preview-f","hy3","hy3-x","deepseek-v4.1-flash","glm-5.3","glm-5.3-flash","glm-5.2","glm-5.1","glm-5v-turbo","minimax-m3","kimi-k3-1","kimi-k2.8-preview","kimi-k2.7","kimi-k2.6","deepseek-v4-pro"]
[9/26/2026, 11:35:32 PM.263] [Info] [AgentModelResolver] agent "general-purpose" original_models=[] -> resolved_models=[]
[9/26/2026, 11:35:32 PM.263] [Info] [AgentModelResolver] agent "compact" original_models=[] -> resolved_models=[]
[9/26/2026, 11:35:32 PM.263] [Info] [AgentModelResolver] agent "contextSummary" original_models=[] -> resolved_models=[]
[9/26/2026, 11:35:32 PM.263] [Info] [AgentModelResolver] agent "contentAnalyzer" original_models=[] -> resolved_models=[]
[9/26/2026, 11:35:32 PM.263] [Info] [AgentModelResolver] agent "terminalTitleGenerator" original_models=[] -> resolved_models=[]
[9/26/2026, 11:35:32 PM.263] [Info] [AgentModelResolver] agent "promptSuggestion" original_models=[] -> resolved_models=[]
[9/26/2026, 11:35:32 PM.263] [Info] [AgentModelResolver] agent "memorySelector" original_models=["lite"] -> resolved_models=["lite"]
[9/26/2026, 11:35:32 PM.263] [Info] [AgentModelResolver] agent "summaryGenerator" original_models=[] -> resolved_models=[]
[9/26/2026, 11:35:32 PM.263] [Info] [AgentModelResolver] agent "autoModeClassifier" original_models=[] -> resolved_models=[]
[9/26/2026, 11:35:32 PM.263] [Info] [AgentModelResolver] agent "promptHookEvaluator" original_models=["lite"] -> resolved_models=["lite"]
[9/26/2026, 11:35:32 PM.263] [Info] [AgentModelResolver] agent "insightsAnalyzer" original_models=[] -> resolved_models=[]
[9/26/2026, 11:35:32 PM.263] [Info] [AgentModelResolver] agent "agentInstructions" original_models=[] -> resolved_models=[]
[9/26/2026, 11:35:32 PM.263] [Info] [AgentModelResolver] agent "statusline-setup" original_models=[] -> resolved_models=[]
[9/26/2026, 11:35:32 PM.263] [Info] [AgentModelResolver] agent "Explore" original_models=["lite"] -> resolved_models=["lite"]
[9/26/2026, 11:35:32 PM.263] [Info] [AgentModelResolver] agent "Plan" original_models=[] -> resolved_models=[]
[9/26/2026, 11:35:32 PM.263] [Info] [AgentModelResolver] agent "pulse" original_models=[] -> resolved_models=[]
[9/26/2026, 11:35:32 PM.263] [Info] [AgentModelResolver] agent "handoff-summary" original_models=undefined -> resolved_models=[]
[9/26/2026, 11:35:32 PM.263] [Info] [AgentModelResolver] agent "enhance-prompt" original_models=[] -> resolved_models=[]
[9/26/2026, 11:35:32 PM.263] [Info] [AgentModelResolver] agent "sheet-agent" original_models=[] -> resolved_models=[]
[9/26/2026, 11:35:32 PM.263] [Info] [AgentModelResolver] agent "doc-converter" original_models=[] -> resolved_models=[]
[9/26/2026, 11:35:32 PM.263] [Info] [AgentModelResolver] agent "doc-formatter" original_models=[] -> resolved_models=[]
[9/26/2026, 11:35:32 PM.263] [Info] [AgentModelResolver] agent "doc-writer" original_models=[] -> resolved_models=[]
[9/26/2026, 11:35:32 PM.278] [Info] [PluginPolicyService]  [MergedPlugins][DEBUG] ProductManager.onDidChange fired, reloading policies...
[9/26/2026, 11:35:32 PM.278] [Info] [PluginPolicyService]  [MergedPlugins][DEBUG] Current config builtInMarketPluginsMerge: [{"autoEnable":true,"marketplaceName":"codebuddy-plugins-official","name":"agent-browser","scope":"user"}]
[9/26/2026, 11:35:32 PM.278] [Info] [PluginPolicyService]  [MergedPlugins] Loaded 1 merged plugin entries
[9/26/2026, 11:35:32 PM.278] [Info] [Startup] AgentManager.rebuildAgents: START
[9/26/2026, 11:35:32 PM.278] [Info] [Startup] AgentManager.rebuildAgents: completed in 10ms, resolving readyDeferred
[9/26/2026, 11:35:32 PM.278] [Info] [PluginManager]  Checking for built-in marketplaces to install...
[9/26/2026, 11:35:32 PM.278] [Info] [BuiltInMarketplaceProvider]  Found 2 built-in marketplace(s)
[9/26/2026, 11:35:32 PM.278] [Info] [PluginManager]  Found 2 built-in marketplace(s)
[9/26/2026, 11:35:32 PM.279] [Info] [MarketplaceStorage]  [MarketplaceStorage] getMarketplaces ensureConfigFile=0ms readAndRepair=1ms migration=0ms total=1ms count=5 path=/Users/didi/.workbuddy/plugins/known_marketplaces.json
[9/26/2026, 11:35:32 PM.279] [Info] [PluginManager]  All built-in marketplaces are already installed
[9/26/2026, 11:35:32 PM.280] [Info] [MarketplaceStorage]  [MarketplaceStorage] getMarketplaces ensureConfigFile=0ms readAndRepair=1ms migration=0ms total=1ms count=5 path=/Users/didi/.workbuddy/plugins/known_marketplaces.json
[9/26/2026, 11:35:32 PM.280] [Info] [BuiltInMarketplaceProvider]  Found 2 built-in marketplace(s)
[9/26/2026, 11:35:32 PM.281] [Info] [PluginManager]  Loaded 5 marketplaces (2 built-in) total=2ms storage=1ms builtIn=0ms autoUpdate=0ms
[9/26/2026, 11:35:34 PM.270] [Info] [TracingService]  Tracing uses @tencent/galileo-node-sdk global OpenTelemetry provider; @genie OTLP exporter is skipped.
[9/26/2026, 11:35:34 PM.270] [Info] [TracingService]  Tracing config resolved: {"productEnabled":true,"enabledByEnv":false,"endpoint":"https://copilot.tencent.com","galileoEnabled":true}
[9/26/2026, 11:51:30 PM.635] [Info] [WorkflowMemProbe] tick runId=(none) | rss=149.1MB heap=161.7/169.9MB external=54.8MB arrayBuffers=0MB
[9/26/2026, 11:51:30 PM.641] [Info] [GitInfoCollector]  CODEBUDDY_GIT_REPO_SCAN_DISABLED 1
[9/26/2026, 11:51:30 PM.641] [Info] [GitInfoCollector]  Git repository scan is disabled via CODEBUDDY_GIT_REPO_SCAN_DISABLED environment variable
[9/26/2026, 11:51:31 PM.317] [Info] [CloudProductManager]  fetch cloud product success, agents(1): cli, models(53): auto,fast-model,balanced-model,deep-model,hy3,hy3-b,hy3-c,hy3-x,hy4-preview,hy4-preview-f,minimax-m2.5,glm-5v-turbo,glm-5.3,glm-5.3-flash,glm-5.2,glm-5.1,glm-5.0-turbo,glm-4.6v,kimi-k3-1,kimi-k2.8-preview,kimi-k2.7,kimi-k2.6,kimi-k2.5,kimi-k2-thinking,minimax-m3,minimax-m2.7,glm-4.6,deepseek-v4-flash,deepseek-v4.1-flash,deepseek-v4-pro,deepseek-v3-2-volc,deepseek-v3-1-volc,deepseek-v3-1-lkeap,deepseek-v3-1,deepseek-v3-0324-lkeap,deepseek-r1-0528-lkeap,kimi-k2-instruct-taiji,completion-gf,default-1.1,hunyuan-3b,hunyuan-7b-dense,codewise-completions,codewise-rewrite,codewise-nes-a4-027-aide,codewise-jump,deepseek-r1-0528,deepseek-v3-0324-taco-completion,deepseek-v3-0324,default-1.2,hunyuan-2.0-instruct,hunyuan-chat,hunyuan-image-alpha,hunyuan-image-alpha-edit
[9/26/2026, 11:51:31 PM.317] [Info] [CloudProductManager]  Fetched configuration from remote [675ms]
[9/26/2026, 11:51:31 PM.317] [Info] [PluginsProductProvider.provide] active=9, ids=[weixinpay@workbuddy-builtin,tencent-docs-plugin@workbuddy-builtin,sheetagent@workbuddy-builtin,tencent-pptx@workbuddy-builtin,tencent-docx@workbuddy-builtin,agent-browser@codebuddy-plugins-official,find-skills@codebuddy-plugins-official,agent-browser@inline,find-skills@inline]
[9/26/2026, 11:51:31 PM.318] [Info] [MCP][cacheDbg] getConnectedServers() called: nonInteractive=true waitForSettle=false cacheNow=[connector-proxy,weixinpay,sheetagent] allServers=[connector-proxy:connected,weixinpay:connected,sheetagent:connected]
[9/26/2026, 11:51:31 PM.318] [Info] [MCP][cacheDbg] getConnectedServers() returning: [connector-proxy,weixinpay,sheetagent] (size=3)
[9/26/2026, 11:51:31 PM.324] [Info] [CustomModelsProductProvider] productName=WorkBuddy, isWorkBuddy=true, userConfigPath=/Users/didi/.workbuddy/models.json
[9/26/2026, 11:51:31 PM.324] [Info] Loaded custom models config from user: /Users/didi/.workbuddy/models.json
[9/26/2026, 11:51:31 PM.324] [Info] [ModelsProductProvider] enterpriseId: undefined, endpoint: https://copilot.tencent.com
[9/26/2026, 11:51:31 PM.324] [Warning] [ModelsProductProvider] enterpriseId is missing, skipping models API call
[9/26/2026, 11:51:31 PM.324] [Info] [AgentModelResolver] product config input: 54 models, 23 agents
[9/26/2026, 11:51:31 PM.324] [Info] [AgentModelResolver] model ids: auto, fast-model, balanced-model, deep-model, hy3, hy3-b, hy3-c, hy3-x, hy4-preview, hy4-preview-f, minimax-m2.5, glm-5v-turbo, glm-5.3, glm-5.3-flash, glm-5.2, glm-5.1, glm-5.0-turbo, glm-4.6v, kimi-k3-1, kimi-k2.8-preview, kimi-k2.7, kimi-k2.6, kimi-k2.5, kimi-k2-thinking, minimax-m3, minimax-m2.7, glm-4.6, deepseek-v4-flash, deepseek-v4.1-flash, deepseek-v4-pro, deepseek-v3-2-volc, deepseek-v3-1-volc, deepseek-v3-1-lkeap, deepseek-v3-1, deepseek-v3-0324-lkeap, deepseek-r1-0528-lkeap, kimi-k2-instruct-taiji, completion-gf, default-1.1, hunyuan-3b, hunyuan-7b-dense, codewise-completions, codewise-rewrite, codewise-nes-a4-027-aide, codewise-jump, deepseek-r1-0528, deepseek-v3-0324-taco-completion, deepseek-v3-0324, default-1.2, hunyuan-2.0-instruct, hunyuan-chat, hunyuan-image-alpha, hunyuan-image-alpha-edit, custom-local:kimi-k3
[9/26/2026, 11:51:31 PM.324] [Info] [AgentModelResolver] agent "cli" original_models=["auto","hy4-preview-f","hy3","hy3-x","deepseek-v4.1-flash","glm-5.3","glm-5.3-flash","glm-5.2","glm-5.1","glm-5v-turbo","minimax-m3","kimi-k3-1","kimi-k2.8-preview","kimi-k2.7","kimi-k2.6","deepseek-v4-pro"] -> resolved_models=["auto","hy4-preview-f","hy3","hy3-x","deepseek-v4.1-flash","glm-5.3","glm-5.3-flash","glm-5.2","glm-5.1","glm-5v-turbo","minimax-m3","kimi-k3-1","kimi-k2.8-preview","kimi-k2.7","kimi-k2.6","deepseek-v4-pro"]
[9/26/2026, 11:51:31 PM.324] [Info] [AgentModelResolver] agent "general-purpose" original_models=[] -> resolved_models=[]
[9/26/2026, 11:51:31 PM.324] [Info] [AgentModelResolver] agent "compact" original_models=[] -> resolved_models=[]
[9/26/2026, 11:51:31 PM.324] [Info] [AgentModelResolver] agent "contextSummary" original_models=[] -> resolved_models=[]
[9/26/2026, 11:51:31 PM.324] [Info] [AgentModelResolver] agent "contentAnalyzer" original_models=[] -> resolved_models=[]
[9/26/2026, 11:51:31 PM.324] [Info] [AgentModelResolver] agent "terminalTitleGenerator" original_models=[] -> resolved_models=[]
[9/26/2026, 11:51:31 PM.324] [Info] [AgentModelResolver] agent "promptSuggestion" original_models=[] -> resolved_models=[]
[9/26/2026, 11:51:31 PM.324] [Info] [AgentModelResolver] agent "memorySelector" original_models=["lite"] -> resolved_models=["lite"]
[9/26/2026, 11:51:31 PM.324] [Info] [AgentModelResolver] agent "summaryGenerator" original_models=[] -> resolved_models=[]
[9/26/2026, 11:51:31 PM.324] [Info] [AgentModelResolver] agent "autoModeClassifier" original_models=[] -> resolved_models=[]
[9/26/2026, 11:51:31 PM.324] [Info] [AgentModelResolver] agent "promptHookEvaluator" original_models=["lite"] -> resolved_models=["lite"]
[9/26/2026, 11:51:31 PM.324] [Info] [AgentModelResolver] agent "insightsAnalyzer" original_models=[] -> resolved_models=[]
[9/26/2026, 11:51:31 PM.324] [Info] [AgentModelResolver] agent "agentInstructions" original_models=[] -> resolved_models=[]
[9/26/2026, 11:51:31 PM.324] [Info] [AgentModelResolver] agent "statusline-setup" original_models=[] -> resolved_models=[]
[9/26/2026, 11:51:31 PM.324] [Info] [AgentModelResolver] agent "Explore" original_models=["lite"] -> resolved_models=["lite"]
[9/26/2026, 11:51:31 PM.324] [Info] [AgentModelResolver] agent "Plan" original_models=[] -> resolved_models=[]
[9/26/2026, 11:51:31 PM.324] [Info] [AgentModelResolver] agent "pulse" original_models=[] -> resolved_models=[]
[9/26/2026, 11:51:31 PM.324] [Info] [AgentModelResolver] agent "handoff-summary" original_models=undefined -> resolved_models=[]
[9/26/2026, 11:51:31 PM.324] [Info] [AgentModelResolver] agent "enhance-prompt" original_models=[] -> resolved_models=[]
[9/26/2026, 11:51:31 PM.324] [Info] [AgentModelResolver] agent "sheet-agent" original_models=[] -> resolved_models=[]
[9/26/2026, 11:51:31 PM.324] [Info] [AgentModelResolver] agent "doc-converter" original_models=[] -> resolved_models=[]
[9/26/2026, 11:51:31 PM.324] [Info] [AgentModelResolver] agent "doc-formatter" original_models=[] -> resolved_models=[]
[9/26/2026, 11:51:31 PM.324] [Info] [AgentModelResolver] agent "doc-writer" original_models=[] -> resolved_models=[]
[9/26/2026, 11:51:31 PM.339] [Info] [PluginPolicyService]  [MergedPlugins][DEBUG] ProductManager.onDidChange fired, reloading policies...
[9/26/2026, 11:51:31 PM.339] [Info] [PluginPolicyService]  [MergedPlugins][DEBUG] Current config builtInMarketPluginsMerge: [{"autoEnable":true,"marketplaceName":"codebuddy-plugins-official","name":"agent-browser","scope":"user"}]
[9/26/2026, 11:51:31 PM.339] [Info] [PluginPolicyService]  [MergedPlugins] Loaded 1 merged plugin entries
[9/26/2026, 11:51:31 PM.339] [Info] [Startup] AgentManager.rebuildAgents: START
[9/26/2026, 11:51:31 PM.339] [Info] [Startup] AgentManager.rebuildAgents: completed in 10ms, resolving readyDeferred
[9/26/2026, 11:51:31 PM.340] [Info] [PluginManager]  Checking for built-in marketplaces to install...
[9/26/2026, 11:51:31 PM.340] [Info] [BuiltInMarketplaceProvider]  Found 2 built-in marketplace(s)
[9/26/2026, 11:51:31 PM.340] [Info] [PluginManager]  Found 2 built-in marketplace(s)
[9/26/2026, 11:51:31 PM.340] [Info] [MarketplaceStorage]  [MarketplaceStorage] getMarketplaces ensureConfigFile=0ms readAndRepair=0ms migration=0ms total=0ms count=5 path=/Users/didi/.workbuddy/plugins/known_marketplaces.json
[9/26/2026, 11:51:31 PM.340] [Info] [PluginManager]  All built-in marketplaces are already installed
[9/26/2026, 11:51:31 PM.341] [Info] [MarketplaceStorage]  [MarketplaceStorage] getMarketplaces ensureConfigFile=0ms readAndRepair=1ms migration=0ms total=1ms count=5 path=/Users/didi/.workbuddy/plugins/known_marketplaces.json
[9/26/2026, 11:51:31 PM.341] [Info] [BuiltInMarketplaceProvider]  Found 2 built-in marketplace(s)
[9/26/2026, 11:51:31 PM.342] [Info] [PluginManager]  Loaded 5 marketplaces (2 built-in) total=2ms storage=1ms builtIn=0ms autoUpdate=0ms
[9/26/2026, 11:51:33 PM.328] [Info] [TracingService]  Tracing uses @tencent/galileo-node-sdk global OpenTelemetry provider; @genie OTLP exporter is skipped.
[9/26/2026, 11:51:33 PM.328] [Info] [TracingService]  Tracing config resolved: {"productEnabled":true,"enabledByEnv":false,"endpoint":"https://copilot.tencent.com","galileoEnabled":true}
[9/27/2026, 12:06:59 AM.814] [Info] [WorkflowMemProbe] tick runId=(none) | rss=152.6MB heap=166/173.4MB external=54.9MB arrayBuffers=0MB
[9/27/2026, 12:06:59 AM.819] [Info] [GitInfoCollector]  CODEBUDDY_GIT_REPO_SCAN_DISABLED 1
[9/27/2026, 12:06:59 AM.819] [Info] [GitInfoCollector]  Git repository scan is disabled via CODEBUDDY_GIT_REPO_SCAN_DISABLED environment variable
[9/27/2026, 12:07:00 AM.421] [Info] [CloudProductManager]  fetch cloud product success, agents(1): cli, models(53): auto,fast-model,balanced-model,deep-model,hy3,hy3-b,hy3-c,hy3-x,hy4-preview,hy4-preview-f,minimax-m2.5,glm-5v-turbo,glm-5.3,glm-5.3-flash,glm-5.2,glm-5.1,glm-5.0-turbo,glm-4.6v,kimi-k3-1,kimi-k2.8-preview,kimi-k2.7,kimi-k2.6,kimi-k2.5,kimi-k2-thinking,minimax-m3,minimax-m2.7,glm-4.6,deepseek-v4-flash,deepseek-v4.1-flash,deepseek-v4-pro,deepseek-v3-2-volc,deepseek-v3-1-volc,deepseek-v3-1-lkeap,deepseek-v3-1,deepseek-v3-0324-lkeap,deepseek-r1-0528-lkeap,kimi-k2-instruct-taiji,completion-gf,default-1.1,hunyuan-3b,hunyuan-7b-dense,codewise-completions,codewise-rewrite,codewise-nes-a4-027-aide,codewise-jump,deepseek-r1-0528,deepseek-v3-0324-taco-completion,deepseek-v3-0324,default-1.2,hunyuan-2.0-instruct,hunyuan-chat,hunyuan-image-alpha,hunyuan-image-alpha-edit
[9/27/2026, 12:07:00 AM.421] [Info] [CloudProductManager]  Fetched configuration from remote [598ms]
[9/27/2026, 12:07:00 AM.423] [Info] [PluginsProductProvider.provide] active=9, ids=[weixinpay@workbuddy-builtin,tencent-docs-plugin@workbuddy-builtin,sheetagent@workbuddy-builtin,tencent-pptx@workbuddy-builtin,tencent-docx@workbuddy-builtin,agent-browser@codebuddy-plugins-official,find-skills@codebuddy-plugins-official,agent-browser@inline,find-skills@inline]
[9/27/2026, 12:07:00 AM.423] [Info] [MCP][cacheDbg] getConnectedServers() called: nonInteractive=true waitForSettle=false cacheNow=[connector-proxy,weixinpay,sheetagent] allServers=[connector-proxy:connected,weixinpay:connected,sheetagent:connected]
[9/27/2026, 12:07:00 AM.423] [Info] [MCP][cacheDbg] getConnectedServers() returning: [connector-proxy,weixinpay,sheetagent] (size=3)
[9/27/2026, 12:07:00 AM.434] [Info] [CustomModelsProductProvider] productName=WorkBuddy, isWorkBuddy=true, userConfigPath=/Users/didi/.workbuddy/models.json
[9/27/2026, 12:07:00 AM.434] [Info] Loaded custom models config from user: /Users/didi/.workbuddy/models.json
[9/27/2026, 12:07:00 AM.434] [Info] [ModelsProductProvider] enterpriseId: undefined, endpoint: https://copilot.tencent.com
[9/27/2026, 12:07:00 AM.434] [Warning] [ModelsProductProvider] enterpriseId is missing, skipping models API call
[9/27/2026, 12:07:00 AM.434] [Info] [AgentModelResolver] product config input: 54 models, 23 agents
[9/27/2026, 12:07:00 AM.434] [Info] [AgentModelResolver] model ids: auto, fast-model, balanced-model, deep-model, hy3, hy3-b, hy3-c, hy3-x, hy4-preview, hy4-preview-f, minimax-m2.5, glm-5v-turbo, glm-5.3, glm-5.3-flash, glm-5.2, glm-5.1, glm-5.0-turbo, glm-4.6v, kimi-k3-1, kimi-k2.8-preview, kimi-k2.7, kimi-k2.6, kimi-k2.5, kimi-k2-thinking, minimax-m3, minimax-m2.7, glm-4.6, deepseek-v4-flash, deepseek-v4.1-flash, deepseek-v4-pro, deepseek-v3-2-volc, deepseek-v3-1-volc, deepseek-v3-1-lkeap, deepseek-v3-1, deepseek-v3-0324-lkeap, deepseek-r1-0528-lkeap, kimi-k2-instruct-taiji, completion-gf, default-1.1, hunyuan-3b, hunyuan-7b-dense, codewise-completions, codewise-rewrite, codewise-nes-a4-027-aide, codewise-jump, deepseek-r1-0528, deepseek-v3-0324-taco-completion, deepseek-v3-0324, default-1.2, hunyuan-2.0-instruct, hunyuan-chat, hunyuan-image-alpha, hunyuan-image-alpha-edit, custom-local:kimi-k3
[9/27/2026, 12:07:00 AM.434] [Info] [AgentModelResolver] agent "cli" original_models=["auto","hy4-preview-f","hy3","hy3-x","deepseek-v4.1-flash","glm-5.3","glm-5.3-flash","glm-5.2","glm-5.1","glm-5v-turbo","minimax-m3","kimi-k3-1","kimi-k2.8-preview","kimi-k2.7","kimi-k2.6","deepseek-v4-pro"] -> resolved_models=["auto","hy4-preview-f","hy3","hy3-x","deepseek-v4.1-flash","glm-5.3","glm-5.3-flash","glm-5.2","glm-5.1","glm-5v-turbo","minimax-m3","kimi-k3-1","kimi-k2.8-preview","kimi-k2.7","kimi-k2.6","deepseek-v4-pro"]
[9/27/2026, 12:07:00 AM.434] [Info] [AgentModelResolver] agent "general-purpose" original_models=[] -> resolved_models=[]
[9/27/2026, 12:07:00 AM.434] [Info] [AgentModelResolver] agent "compact" original_models=[] -> resolved_models=[]
[9/27/2026, 12:07:00 AM.434] [Info] [AgentModelResolver] agent "contextSummary" original_models=[] -> resolved_models=[]
[9/27/2026, 12:07:00 AM.434] [Info] [AgentModelResolver] agent "contentAnalyzer" original_models=[] -> resolved_models=[]
[9/27/2026, 12:07:00 AM.434] [Info] [AgentModelResolver] agent "terminalTitleGenerator" original_models=[] -> resolved_models=[]
[9/27/2026, 12:07:00 AM.434] [Info] [AgentModelResolver] agent "promptSuggestion" original_models=[] -> resolved_models=[]
[9/27/2026, 12:07:00 AM.434] [Info] [AgentModelResolver] agent "memorySelector" original_models=["lite"] -> resolved_models=["lite"]
[9/27/2026, 12:07:00 AM.434] [Info] [AgentModelResolver] agent "summaryGenerator" original_models=[] -> resolved_models=[]
[9/27/2026, 12:07:00 AM.434] [Info] [AgentModelResolver] agent "autoModeClassifier" original_models=[] -> resolved_models=[]
[9/27/2026, 12:07:00 AM.434] [Info] [AgentModelResolver] agent "promptHookEvaluator" original_models=["lite"] -> resolved_models=["lite"]
[9/27/2026, 12:07:00 AM.434] [Info] [AgentModelResolver] agent "insightsAnalyzer" original_models=[] -> resolved_models=[]
[9/27/2026, 12:07:00 AM.434] [Info] [AgentModelResolver] agent "agentInstructions" original_models=[] -> resolved_models=[]
[9/27/2026, 12:07:00 AM.434] [Info] [AgentModelResolver] agent "statusline-setup" original_models=[] -> resolved_models=[]
[9/27/2026, 12:07:00 AM.434] [Info] [AgentModelResolver] agent "Explore" original_models=["lite"] -> resolved_models=["lite"]
[9/27/2026, 12:07:00 AM.434] [Info] [AgentModelResolver] agent "Plan" original_models=[] -> resolved_models=[]
[9/27/2026, 12:07:00 AM.434] [Info] [AgentModelResolver] agent "pulse" original_models=[] -> resolved_models=[]
[9/27/2026, 12:07:00 AM.434] [Info] [AgentModelResolver] agent "handoff-summary" original_models=undefined -> resolved_models=[]
[9/27/2026, 12:07:00 AM.434] [Info] [AgentModelResolver] agent "enhance-prompt" original_models=[] -> resolved_models=[]
[9/27/2026, 12:07:00 AM.434] [Info] [AgentModelResolver] agent "sheet-agent" original_models=[] -> resolved_models=[]
[9/27/2026, 12:07:00 AM.434] [Info] [AgentModelResolver] agent "doc-converter" original_models=[] -> resolved_models=[]
[9/27/2026, 12:07:00 AM.434] [Info] [AgentModelResolver] agent "doc-formatter" original_models=[] -> resolved_models=[]
[9/27/2026, 12:07:00 AM.434] [Info] [AgentModelResolver] agent "doc-writer" original_models=[] -> resolved_models=[]
[9/27/2026, 12:07:00 AM.450] [Info] [PluginPolicyService]  [MergedPlugins][DEBUG] ProductManager.onDidChange fired, reloading policies...
[9/27/2026, 12:07:00 AM.450] [Info] [PluginPolicyService]  [MergedPlugins][DEBUG] Current config builtInMarketPluginsMerge: [{"autoEnable":true,"marketplaceName":"codebuddy-plugins-official","name":"agent-browser","scope":"user"}]
[9/27/2026, 12:07:00 AM.450] [Info] [PluginPolicyService]  [MergedPlugins] Loaded 1 merged plugin entries
[9/27/2026, 12:07:00 AM.450] [Info] [Startup] AgentManager.rebuildAgents: START
[9/27/2026, 12:07:00 AM.451] [Info] [Startup] AgentManager.rebuildAgents: completed in 11ms, resolving readyDeferred
[9/27/2026, 12:07:00 AM.451] [Info] [PluginManager]  Checking for built-in marketplaces to install...
[9/27/2026, 12:07:00 AM.451] [Info] [BuiltInMarketplaceProvider]  Found 2 built-in marketplace(s)
[9/27/2026, 12:07:00 AM.451] [Info] [PluginManager]  Found 2 built-in marketplace(s)
[9/27/2026, 12:07:00 AM.452] [Info] [MarketplaceStorage]  [MarketplaceStorage] getMarketplaces ensureConfigFile=0ms readAndRepair=1ms migration=0ms total=1ms count=5 path=/Users/didi/.workbuddy/plugins/known_marketplaces.json
[9/27/2026, 12:07:00 AM.452] [Info] [PluginManager]  All built-in marketplaces are already installed
[9/27/2026, 12:07:00 AM.454] [Info] [MarketplaceStorage]  [MarketplaceStorage] getMarketplaces ensureConfigFile=0ms readAndRepair=2ms migration=0ms total=2ms count=5 path=/Users/didi/.workbuddy/plugins/known_marketplaces.json
[9/27/2026, 12:07:00 AM.454] [Info] [BuiltInMarketplaceProvider]  Found 2 built-in marketplace(s)
[9/27/2026, 12:07:00 AM.459] [Info] [PluginManager]  Loaded 5 marketplaces (2 built-in) total=7ms storage=2ms builtIn=0ms autoUpdate=0ms
[9/27/2026, 12:07:02 AM.441] [Info] [TracingService]  Tracing uses @tencent/galileo-node-sdk global OpenTelemetry provider; @genie OTLP exporter is skipped.
[9/27/2026, 12:07:02 AM.441] [Info] [TracingService]  Tracing config resolved: {"productEnabled":true,"enabledByEnv":false,"endpoint":"https://copilot.tencent.com","galileoEnabled":true}
[9/27/2026, 12:24:07 AM.399] [Info] [WorkflowMemProbe] tick runId=(none) | rss=144.1MB heap=154.4/162.1MB external=53.6MB arrayBuffers=0MB
[9/27/2026, 12:24:07 AM.406] [Info] [GitInfoCollector]  CODEBUDDY_GIT_REPO_SCAN_DISABLED 1
[9/27/2026, 12:24:07 AM.406] [Info] [GitInfoCollector]  Git repository scan is disabled via CODEBUDDY_GIT_REPO_SCAN_DISABLED environment variable
[9/27/2026, 12:24:12 AM.527] [Warning] [CloudProductManager]  Fetch remote configuration failed: timeout of 5000ms exceeded, url=/v3/config, code=ECONNABORTED
[9/27/2026, 12:24:12 AM.532] [Info] [PluginsProductProvider.provide] active=9, ids=[weixinpay@workbuddy-builtin,tencent-docs-plugin@workbuddy-builtin,sheetagent@workbuddy-builtin,tencent-pptx@workbuddy-builtin,tencent-docx@workbuddy-builtin,agent-browser@codebuddy-plugins-official,find-skills@codebuddy-plugins-official,agent-browser@inline,find-skills@inline]
[9/27/2026, 12:24:12 AM.533] [Info] [MCP][cacheDbg] getConnectedServers() called: nonInteractive=true waitForSettle=false cacheNow=[connector-proxy,weixinpay,sheetagent] allServers=[connector-proxy:connected,weixinpay:connected,sheetagent:connected]
[9/27/2026, 12:24:12 AM.533] [Info] [MCP][cacheDbg] getConnectedServers() returning: [connector-proxy,weixinpay,sheetagent] (size=3)
[9/27/2026, 12:24:12 AM.543] [Info] [CustomModelsProductProvider] productName=WorkBuddy, isWorkBuddy=true, userConfigPath=/Users/didi/.workbuddy/models.json
[9/27/2026, 12:24:12 AM.543] [Info] Loaded custom models config from user: /Users/didi/.workbuddy/models.json
[9/27/2026, 12:24:12 AM.543] [Info] [ModelsProductProvider] enterpriseId: undefined, endpoint: https://copilot.tencent.com
[9/27/2026, 12:24:12 AM.543] [Warning] [ModelsProductProvider] enterpriseId is missing, skipping models API call
[9/27/2026, 12:24:12 AM.543] [Info] [AgentModelResolver] product config input: 54 models, 23 agents
[9/27/2026, 12:24:12 AM.543] [Info] [AgentModelResolver] model ids: auto, fast-model, balanced-model, deep-model, hy3, hy3-b, hy3-c, hy3-x, hy4-preview, hy4-preview-f, minimax-m2.5, glm-5v-turbo, glm-5.3, glm-5.3-flash, glm-5.2, glm-5.1, glm-5.0-turbo, glm-4.6v, kimi-k3-1, kimi-k2.8-preview, kimi-k2.7, kimi-k2.6, kimi-k2.5, kimi-k2-thinking, minimax-m3, minimax-m2.7, glm-4.6, deepseek-v4-flash, deepseek-v4.1-flash, deepseek-v4-pro, deepseek-v3-2-volc, deepseek-v3-1-volc, deepseek-v3-1-lkeap, deepseek-v3-1, deepseek-v3-0324-lkeap, deepseek-r1-0528-lkeap, kimi-k2-instruct-taiji, completion-gf, default-1.1, hunyuan-3b, hunyuan-7b-dense, codewise-completions, codewise-rewrite, codewise-nes-a4-027-aide, codewise-jump, deepseek-r1-0528, deepseek-v3-0324-taco-completion, deepseek-v3-0324, default-1.2, hunyuan-2.0-instruct, hunyuan-chat, hunyuan-image-alpha, hunyuan-image-alpha-edit, custom-local:kimi-k3
[9/27/2026, 12:24:12 AM.543] [Info] [AgentModelResolver] agent "cli" original_models=["auto","hy4-preview-f","hy3","hy3-x","deepseek-v4.1-flash","glm-5.3","glm-5.3-flash","glm-5.2","glm-5.1","glm-5v-turbo","minimax-m3","kimi-k3-1","kimi-k2.8-preview","kimi-k2.7","kimi-k2.6","deepseek-v4-pro"] -> resolved_models=["auto","hy4-preview-f","hy3","hy3-x","deepseek-v4.1-flash","glm-5.3","glm-5.3-flash","glm-5.2","glm-5.1","glm-5v-turbo","minimax-m3","kimi-k3-1","kimi-k2.8-preview","kimi-k2.7","kimi-k2.6","deepseek-v4-pro"]
[9/27/2026, 12:24:12 AM.543] [Info] [AgentModelResolver] agent "general-purpose" original_models=[] -> resolved_models=[]
[9/27/2026, 12:24:12 AM.543] [Info] [AgentModelResolver] agent "compact" original_models=[] -> resolved_models=[]
[9/27/2026, 12:24:12 AM.543] [Info] [AgentModelResolver] agent "contextSummary" original_models=[] -> resolved_models=[]
[9/27/2026, 12:24:12 AM.543] [Info] [AgentModelResolver] agent "contentAnalyzer" original_models=[] -> resolved_models=[]
[9/27/2026, 12:24:12 AM.543] [Info] [AgentModelResolver] agent "terminalTitleGenerator" original_models=[] -> resolved_models=[]
[9/27/2026, 12:24:12 AM.543] [Info] [AgentModelResolver] agent "promptSuggestion" original_models=[] -> resolved_models=[]
[9/27/2026, 12:24:12 AM.543] [Info] [AgentModelResolver] agent "memorySelector" original_models=["lite"] -> resolved_models=["lite"]
[9/27/2026, 12:24:12 AM.543] [Info] [AgentModelResolver] agent "summaryGenerator" original_models=[] -> resolved_models=[]
[9/27/2026, 12:24:12 AM.543] [Info] [AgentModelResolver] agent "autoModeClassifier" original_models=[] -> resolved_models=[]
[9/27/2026, 12:24:12 AM.543] [Info] [AgentModelResolver] agent "promptHookEvaluator" original_models=["lite"] -> resolved_models=["lite"]
[9/27/2026, 12:24:12 AM.543] [Info] [AgentModelResolver] agent "insightsAnalyzer" original_models=[] -> resolved_models=[]
[9/27/2026, 12:24:12 AM.543] [Info] [AgentModelResolver] agent "agentInstructions" original_models=[] -> resolved_models=[]
[9/27/2026, 12:24:12 AM.543] [Info] [AgentModelResolver] agent "statusline-setup" original_models=[] -> resolved_models=[]
[9/27/2026, 12:24:12 AM.543] [Info] [AgentModelResolver] agent "Explore" original_models=["lite"] -> resolved_models=["lite"]
[9/27/2026, 12:24:12 AM.543] [Info] [AgentModelResolver] agent "Plan" original_models=[] -> resolved_models=[]
[9/27/2026, 12:24:12 AM.543] [Info] [AgentModelResolver] agent "pulse" original_models=[] -> resolved_models=[]
[9/27/2026, 12:24:12 AM.543] [Info] [AgentModelResolver] agent "handoff-summary" original_models=undefined -> resolved_models=[]
[9/27/2026, 12:24:12 AM.543] [Info] [AgentModelResolver] agent "enhance-prompt" original_models=[] -> resolved_models=[]
[9/27/2026, 12:24:12 AM.543] [Info] [AgentModelResolver] agent "sheet-agent" original_models=[] -> resolved_models=[]
[9/27/2026, 12:24:12 AM.543] [Info] [AgentModelResolver] agent "doc-converter" original_models=[] -> resolved_models=[]
[9/27/2026, 12:24:12 AM.543] [Info] [AgentModelResolver] agent "doc-formatter" original_models=[] -> resolved_models=[]
[9/27/2026, 12:24:12 AM.543] [Info] [AgentModelResolver] agent "doc-writer" original_models=[] -> resolved_models=[]
[9/27/2026, 12:24:12 AM.559] [Info] [PluginPolicyService]  [MergedPlugins][DEBUG] ProductManager.onDidChange fired, reloading policies...
[9/27/2026, 12:24:12 AM.559] [Info] [PluginPolicyService]  [MergedPlugins][DEBUG] Current config builtInMarketPluginsMerge: [{"autoEnable":true,"marketplaceName":"codebuddy-plugins-official","name":"agent-browser","scope":"user"}]
[9/27/2026, 12:24:12 AM.559] [Info] [PluginPolicyService]  [MergedPlugins] Loaded 1 merged plugin entries
[9/27/2026, 12:24:12 AM.559] [Info] [Startup] AgentManager.rebuildAgents: START
[9/27/2026, 12:24:12 AM.559] [Info] [Startup] AgentManager.rebuildAgents: completed in 11ms, resolving readyDeferred
[9/27/2026, 12:24:12 AM.560] [Info] [PluginManager]  Checking for built-in marketplaces to install...
[9/27/2026, 12:24:12 AM.560] [Info] [BuiltInMarketplaceProvider]  Found 2 built-in marketplace(s)
[9/27/2026, 12:24:12 AM.560] [Info] [PluginManager]  Found 2 built-in marketplace(s)
[9/27/2026, 12:24:12 AM.560] [Info] [MarketplaceStorage]  [MarketplaceStorage] getMarketplaces ensureConfigFile=0ms readAndRepair=0ms migration=0ms total=0ms count=5 path=/Users/didi/.workbuddy/plugins/known_marketplaces.json
[9/27/2026, 12:24:12 AM.560] [Info] [PluginManager]  All built-in marketplaces are already installed
[9/27/2026, 12:24:12 AM.561] [Info] [MarketplaceStorage]  [MarketplaceStorage] getMarketplaces ensureConfigFile=0ms readAndRepair=1ms migration=0ms total=1ms count=5 path=/Users/didi/.workbuddy/plugins/known_marketplaces.json
[9/27/2026, 12:24:12 AM.561] [Info] [BuiltInMarketplaceProvider]  Found 2 built-in marketplace(s)
[9/27/2026, 12:24:12 AM.562] [Info] [PluginManager]  Loaded 5 marketplaces (2 built-in) total=2ms storage=1ms builtIn=0ms autoUpdate=0ms
[9/27/2026, 12:40:38 AM.554] [Info] [GitInfoCollector]  CODEBUDDY_GIT_REPO_SCAN_DISABLED 1
[9/27/2026, 12:40:38 AM.554] [Info] [GitInfoCollector]  Git repository scan is disabled via CODEBUDDY_GIT_REPO_SCAN_DISABLED environment variable
[9/27/2026, 12:40:38 AM.557] [Info] [TracingService]  Tracing uses @tencent/galileo-node-sdk global OpenTelemetry provider; @genie OTLP exporter is skipped.
[9/27/2026, 12:40:38 AM.557] [Info] [TracingService]  Tracing config resolved: {"productEnabled":true,"enabledByEnv":false,"endpoint":"https://copilot.tencent.com","galileoEnabled":true}
[9/27/2026, 12:40:38 AM.557] [Info] [WorkflowMemProbe] tick runId=(none) | rss=146.6MB heap=160.6/166.6MB external=53.6MB arrayBuffers=0MB
[9/27/2026, 12:40:38 AM.573] [Info] [GitInfoCollector]  CODEBUDDY_GIT_REPO_SCAN_DISABLED 1
[9/27/2026, 12:40:38 AM.573] [Info] [GitInfoCollector]  Git repository scan is disabled via CODEBUDDY_GIT_REPO_SCAN_DISABLED environment variable
[9/27/2026, 12:40:39 AM.358] [Info] [CloudProductManager]  fetch cloud product success, agents(1): cli, models(53): auto,fast-model,balanced-model,deep-model,hy3,hy3-b,hy3-c,hy3-x,hy4-preview,hy4-preview-f,minimax-m2.5,glm-5v-turbo,glm-5.3,glm-5.3-flash,glm-5.2,glm-5.1,glm-5.0-turbo,glm-4.6v,kimi-k3-1,kimi-k2.8-preview,kimi-k2.7,kimi-k2.6,kimi-k2.5,kimi-k2-thinking,minimax-m3,minimax-m2.7,glm-4.6,deepseek-v4-flash,deepseek-v4.1-flash,deepseek-v4-pro,deepseek-v3-2-volc,deepseek-v3-1-volc,deepseek-v3-1-lkeap,deepseek-v3-1,deepseek-v3-0324-lkeap,deepseek-r1-0528-lkeap,kimi-k2-instruct-taiji,completion-gf,default-1.1,hunyuan-3b,hunyuan-7b-dense,codewise-completions,codewise-rewrite,codewise-nes-a4-027-aide,codewise-jump,deepseek-r1-0528,deepseek-v3-0324-taco-completion,deepseek-v3-0324,default-1.2,hunyuan-2.0-instruct,hunyuan-chat,hunyuan-image-alpha,hunyuan-image-alpha-edit
[9/27/2026, 12:40:39 AM.358] [Info] [CloudProductManager]  Fetched configuration from remote [785ms]
[9/27/2026, 12:40:39 AM.358] [Info] [CloudProductManager] [fdee3d54-95b6-4e9c-aaff-50ad9505aab4]  Fetch remote configuration succeeded after 1 attempt(s)
[9/27/2026, 12:40:39 AM.377] [Info] [CloudProductManager]  fetch cloud product success, agents(1): cli, models(53): auto,fast-model,balanced-model,deep-model,hy3,hy3-b,hy3-c,hy3-x,hy4-preview,hy4-preview-f,minimax-m2.5,glm-5v-turbo,glm-5.3,glm-5.3-flash,glm-5.2,glm-5.1,glm-5.0-turbo,glm-4.6v,kimi-k3-1,kimi-k2.8-preview,kimi-k2.7,kimi-k2.6,kimi-k2.5,kimi-k2-thinking,minimax-m3,minimax-m2.7,glm-4.6,deepseek-v4-flash,deepseek-v4.1-flash,deepseek-v4-pro,deepseek-v3-2-volc,deepseek-v3-1-volc,deepseek-v3-1-lkeap,deepseek-v3-1,deepseek-v3-0324-lkeap,deepseek-r1-0528-lkeap,kimi-k2-instruct-taiji,completion-gf,default-1.1,hunyuan-3b,hunyuan-7b-dense,codewise-completions,codewise-rewrite,codewise-nes-a4-027-aide,codewise-jump,deepseek-r1-0528,deepseek-v3-0324-taco-completion,deepseek-v3-0324,default-1.2,hunyuan-2.0-instruct,hunyuan-chat,hunyuan-image-alpha,hunyuan-image-alpha-edit
[9/27/2026, 12:40:39 AM.377] [Info] [CloudProductManager]  No such label: Fetched configuration from remote for timeEnd
[9/27/2026, 12:40:39 AM.377] [Info] [PluginsProductProvider.provide] active=9, ids=[weixinpay@workbuddy-builtin,tencent-docs-plugin@workbuddy-builtin,sheetagent@workbuddy-builtin,tencent-pptx@workbuddy-builtin,tencent-docx@workbuddy-builtin,agent-browser@codebuddy-plugins-official,find-skills@codebuddy-plugins-official,agent-browser@inline,find-skills@inline]
[9/27/2026, 12:40:39 AM.378] [Info] [MCP][cacheDbg] getConnectedServers() called: nonInteractive=true waitForSettle=false cacheNow=[connector-proxy,weixinpay,sheetagent] allServers=[connector-proxy:connected,weixinpay:connected,sheetagent:connected]
[9/27/2026, 12:40:39 AM.378] [Info] [MCP][cacheDbg] getConnectedServers() returning: [connector-proxy,weixinpay,sheetagent] (size=3)
[9/27/2026, 12:40:39 AM.384] [Info] [CustomModelsProductProvider] productName=WorkBuddy, isWorkBuddy=true, userConfigPath=/Users/didi/.workbuddy/models.json
[9/27/2026, 12:40:39 AM.384] [Info] Loaded custom models config from user: /Users/didi/.workbuddy/models.json
[9/27/2026, 12:40:39 AM.384] [Info] [ModelsProductProvider] enterpriseId: undefined, endpoint: https://copilot.tencent.com
[9/27/2026, 12:40:39 AM.384] [Warning] [ModelsProductProvider] enterpriseId is missing, skipping models API call
[9/27/2026, 12:40:39 AM.384] [Info] [AgentModelResolver] product config input: 54 models, 23 agents
[9/27/2026, 12:40:39 AM.384] [Info] [AgentModelResolver] model ids: auto, fast-model, balanced-model, deep-model, hy3, hy3-b, hy3-c, hy3-x, hy4-preview, hy4-preview-f, minimax-m2.5, glm-5v-turbo, glm-5.3, glm-5.3-flash, glm-5.2, glm-5.1, glm-5.0-turbo, glm-4.6v, kimi-k3-1, kimi-k2.8-preview, kimi-k2.7, kimi-k2.6, kimi-k2.5, kimi-k2-thinking, minimax-m3, minimax-m2.7, glm-4.6, deepseek-v4-flash, deepseek-v4.1-flash, deepseek-v4-pro, deepseek-v3-2-volc, deepseek-v3-1-volc, deepseek-v3-1-lkeap, deepseek-v3-1, deepseek-v3-0324-lkeap, deepseek-r1-0528-lkeap, kimi-k2-instruct-taiji, completion-gf, default-1.1, hunyuan-3b, hunyuan-7b-dense, codewise-completions, codewise-rewrite, codewise-nes-a4-027-aide, codewise-jump, deepseek-r1-0528, deepseek-v3-0324-taco-completion, deepseek-v3-0324, default-1.2, hunyuan-2.0-instruct, hunyuan-chat, hunyuan-image-alpha, hunyuan-image-alpha-edit, custom-local:kimi-k3
[9/27/2026, 12:40:39 AM.384] [Info] [AgentModelResolver] agent "cli" original_models=["auto","hy4-preview-f","hy3","hy3-x","deepseek-v4.1-flash","glm-5.3","glm-5.3-flash","glm-5.2","glm-5.1","glm-5v-turbo","minimax-m3","kimi-k3-1","kimi-k2.8-preview","kimi-k2.7","kimi-k2.6","deepseek-v4-pro"] -> resolved_models=["auto","hy4-preview-f","hy3","hy3-x","deepseek-v4.1-flash","glm-5.3","glm-5.3-flash","glm-5.2","glm-5.1","glm-5v-turbo","minimax-m3","kimi-k3-1","kimi-k2.8-preview","kimi-k2.7","kimi-k2.6","deepseek-v4-pro"]
[9/27/2026, 12:40:39 AM.384] [Info] [AgentModelResolver] agent "general-purpose" original_models=[] -> resolved_models=[]
[9/27/2026, 12:40:39 AM.384] [Info] [AgentModelResolver] agent "compact" original_models=[] -> resolved_models=[]
[9/27/2026, 12:40:39 AM.384] [Info] [AgentModelResolver] agent "contextSummary" original_models=[] -> resolved_models=[]
[9/27/2026, 12:40:39 AM.384] [Info] [AgentModelResolver] agent "contentAnalyzer" original_models=[] -> resolved_models=[]
[9/27/2026, 12:40:39 AM.384] [Info] [AgentModelResolver] agent "terminalTitleGenerator" original_models=[] -> resolved_models=[]
[9/27/2026, 12:40:39 AM.384] [Info] [AgentModelResolver] agent "promptSuggestion" original_models=[] -> resolved_models=[]
[9/27/2026, 12:40:39 AM.384] [Info] [AgentModelResolver] agent "memorySelector" original_models=["lite"] -> resolved_models=["lite"]
[9/27/2026, 12:40:39 AM.384] [Info] [AgentModelResolver] agent "summaryGenerator" original_models=[] -> resolved_models=[]
[9/27/2026, 12:40:39 AM.384] [Info] [AgentModelResolver] agent "autoModeClassifier" original_models=[] -> resolved_models=[]
[9/27/2026, 12:40:39 AM.384] [Info] [AgentModelResolver] agent "promptHookEvaluator" original_models=["lite"] -> resolved_models=["lite"]
[9/27/2026, 12:40:39 AM.384] [Info] [AgentModelResolver] agent "insightsAnalyzer" original_models=[] -> resolved_models=[]
[9/27/2026, 12:40:39 AM.385] [Info] [AgentModelResolver] agent "agentInstructions" original_models=[] -> resolved_models=[]
[9/27/2026, 12:40:39 AM.385] [Info] [AgentModelResolver] agent "statusline-setup" original_models=[] -> resolved_models=[]
[9/27/2026, 12:40:39 AM.385] [Info] [AgentModelResolver] agent "Explore" original_models=["lite"] -> resolved_models=["lite"]
[9/27/2026, 12:40:39 AM.385] [Info] [AgentModelResolver] agent "Plan" original_models=[] -> resolved_models=[]
[9/27/2026, 12:40:39 AM.385] [Info] [AgentModelResolver] agent "pulse" original_models=[] -> resolved_models=[]
[9/27/2026, 12:40:39 AM.385] [Info] [AgentModelResolver] agent "handoff-summary" original_models=undefined -> resolved_models=[]
[9/27/2026, 12:40:39 AM.385] [Info] [AgentModelResolver] agent "enhance-prompt" original_models=[] -> resolved_models=[]
[9/27/2026, 12:40:39 AM.385] [Info] [AgentModelResolver] agent "sheet-agent" original_models=[] -> resolved_models=[]
[9/27/2026, 12:40:39 AM.385] [Info] [AgentModelResolver] agent "doc-converter" original_models=[] -> resolved_models=[]
[9/27/2026, 12:40:39 AM.385] [Info] [AgentModelResolver] agent "doc-formatter" original_models=[] -> resolved_models=[]
[9/27/2026, 12:40:39 AM.385] [Info] [AgentModelResolver] agent "doc-writer" original_models=[] -> resolved_models=[]
[9/27/2026, 12:40:39 AM.400] [Info] [PluginPolicyService]  [MergedPlugins][DEBUG] ProductManager.onDidChange fired, reloading policies...
[9/27/2026, 12:40:39 AM.400] [Info] [PluginPolicyService]  [MergedPlugins][DEBUG] Current config builtInMarketPluginsMerge: [{"autoEnable":true,"marketplaceName":"codebuddy-plugins-official","name":"agent-browser","scope":"user"}]
[9/27/2026, 12:40:39 AM.400] [Info] [PluginPolicyService]  [MergedPlugins] Loaded 1 merged plugin entries
[9/27/2026, 12:40:39 AM.400] [Info] [Startup] AgentManager.rebuildAgents: START
[9/27/2026, 12:40:39 AM.400] [Info] [Startup] AgentManager.rebuildAgents: completed in 11ms, resolving readyDeferred
[9/27/2026, 12:40:39 AM.400] [Info] [PluginManager]  Checking for built-in marketplaces to install...
[9/27/2026, 12:40:39 AM.400] [Info] [BuiltInMarketplaceProvider]  Found 2 built-in marketplace(s)
[9/27/2026, 12:40:39 AM.400] [Info] [PluginManager]  Found 2 built-in marketplace(s)
[9/27/2026, 12:40:39 AM.401] [Info] [MarketplaceStorage]  [MarketplaceStorage] getMarketplaces ensureConfigFile=0ms readAndRepair=1ms migration=0ms total=1ms count=5 path=/Users/didi/.workbuddy/plugins/known_marketplaces.json
[9/27/2026, 12:40:39 AM.401] [Info] [PluginManager]  All built-in marketplaces are already installed
[9/27/2026, 12:40:39 AM.402] [Info] [MarketplaceStorage]  [MarketplaceStorage] getMarketplaces ensureConfigFile=0ms readAndRepair=1ms migration=0ms total=1ms count=5 path=/Users/didi/.workbuddy/plugins/known_marketplaces.json
[9/27/2026, 12:40:39 AM.402] [Info] [BuiltInMarketplaceProvider]  Found 2 built-in marketplace(s)
[9/27/2026, 12:40:39 AM.403] [Info] [PluginManager]  Loaded 5 marketplaces (2 built-in) total=2ms storage=1ms builtIn=0ms autoUpdate=0ms
[9/27/2026, 12:40:41 AM.391] [Info] [TracingService]  Tracing uses @tencent/galileo-node-sdk global OpenTelemetry provider; @genie OTLP exporter is skipped.
[9/27/2026, 12:40:41 AM.391] [Info] [TracingService]  Tracing config resolved: {"productEnabled":true,"enabledByEnv":false,"endpoint":"https://copilot.tencent.com","galileoEnabled":true}
[9/27/2026, 12:56:09 AM.060] [Info] [WorkflowMemProbe] tick runId=(none) | rss=145.1MB heap=165.4/172.7MB external=54.9MB arrayBuffers=0MB
[9/27/2026, 12:56:09 AM.069] [Info] [GitInfoCollector]  CODEBUDDY_GIT_REPO_SCAN_DISABLED 1
[9/27/2026, 12:56:09 AM.069] [Info] [GitInfoCollector]  Git repository scan is disabled via CODEBUDDY_GIT_REPO_SCAN_DISABLED environment variable
[9/27/2026, 12:56:09 AM.448] [Info] [CloudProductManager]  fetch cloud product success, agents(1): cli, models(53): auto,fast-model,balanced-model,deep-model,hy3,hy3-b,hy3-c,hy3-x,hy4-preview,hy4-preview-f,minimax-m2.5,glm-5v-turbo,glm-5.3,glm-5.3-flash,glm-5.2,glm-5.1,glm-5.0-turbo,glm-4.6v,kimi-k3-1,kimi-k2.8-preview,kimi-k2.7,kimi-k2.6,kimi-k2.5,kimi-k2-thinking,minimax-m3,minimax-m2.7,glm-4.6,deepseek-v4-flash,deepseek-v4.1-flash,deepseek-v4-pro,deepseek-v3-2-volc,deepseek-v3-1-volc,deepseek-v3-1-lkeap,deepseek-v3-1,deepseek-v3-0324-lkeap,deepseek-r1-0528-lkeap,kimi-k2-instruct-taiji,completion-gf,default-1.1,hunyuan-3b,hunyuan-7b-dense,codewise-completions,codewise-rewrite,codewise-nes-a4-027-aide,codewise-jump,deepseek-r1-0528,deepseek-v3-0324-taco-completion,deepseek-v3-0324,default-1.2,hunyuan-2.0-instruct,hunyuan-chat,hunyuan-image-alpha,hunyuan-image-alpha-edit
[9/27/2026, 12:56:09 AM.448] [Info] [CloudProductManager]  Fetched configuration from remote [378ms]
[9/27/2026, 12:56:09 AM.449] [Info] [PluginsProductProvider.provide] active=9, ids=[weixinpay@workbuddy-builtin,tencent-docs-plugin@workbuddy-builtin,sheetagent@workbuddy-builtin,tencent-pptx@workbuddy-builtin,tencent-docx@workbuddy-builtin,agent-browser@codebuddy-plugins-official,find-skills@codebuddy-plugins-official,agent-browser@inline,find-skills@inline]
[9/27/2026, 12:56:09 AM.450] [Info] [MCP][cacheDbg] getConnectedServers() called: nonInteractive=true waitForSettle=false cacheNow=[connector-proxy,weixinpay,sheetagent] allServers=[connector-proxy:connected,weixinpay:connected,sheetagent:connected]
[9/27/2026, 12:56:09 AM.450] [Info] [MCP][cacheDbg] getConnectedServers() returning: [connector-proxy,weixinpay,sheetagent] (size=3)
[9/27/2026, 12:56:09 AM.464] [Info] [CustomModelsProductProvider] productName=WorkBuddy, isWorkBuddy=true, userConfigPath=/Users/didi/.workbuddy/models.json
[9/27/2026, 12:56:09 AM.464] [Info] Loaded custom models config from user: /Users/didi/.workbuddy/models.json
[9/27/2026, 12:56:09 AM.464] [Info] [ModelsProductProvider] enterpriseId: undefined, endpoint: https://copilot.tencent.com
[9/27/2026, 12:56:09 AM.464] [Warning] [ModelsProductProvider] enterpriseId is missing, skipping models API call
[9/27/2026, 12:56:09 AM.464] [Info] [AgentModelResolver] product config input: 54 models, 23 agents
[9/27/2026, 12:56:09 AM.464] [Info] [AgentModelResolver] model ids: auto, fast-model, balanced-model, deep-model, hy3, hy3-b, hy3-c, hy3-x, hy4-preview, hy4-preview-f, minimax-m2.5, glm-5v-turbo, glm-5.3, glm-5.3-flash, glm-5.2, glm-5.1, glm-5.0-turbo, glm-4.6v, kimi-k3-1, kimi-k2.8-preview, kimi-k2.7, kimi-k2.6, kimi-k2.5, kimi-k2-thinking, minimax-m3, minimax-m2.7, glm-4.6, deepseek-v4-flash, deepseek-v4.1-flash, deepseek-v4-pro, deepseek-v3-2-volc, deepseek-v3-1-volc, deepseek-v3-1-lkeap, deepseek-v3-1, deepseek-v3-0324-lkeap, deepseek-r1-0528-lkeap, kimi-k2-instruct-taiji, completion-gf, default-1.1, hunyuan-3b, hunyuan-7b-dense, codewise-completions, codewise-rewrite, codewise-nes-a4-027-aide, codewise-jump, deepseek-r1-0528, deepseek-v3-0324-taco-completion, deepseek-v3-0324, default-1.2, hunyuan-2.0-instruct, hunyuan-chat, hunyuan-image-alpha, hunyuan-image-alpha-edit, custom-local:kimi-k3
[9/27/2026, 12:56:09 AM.464] [Info] [AgentModelResolver] agent "cli" original_models=["auto","hy4-preview-f","hy3","hy3-x","deepseek-v4.1-flash","glm-5.3","glm-5.3-flash","glm-5.2","glm-5.1","glm-5v-turbo","minimax-m3","kimi-k3-1","kimi-k2.8-preview","kimi-k2.7","kimi-k2.6","deepseek-v4-pro"] -> resolved_models=["auto","hy4-preview-f","hy3","hy3-x","deepseek-v4.1-flash","glm-5.3","glm-5.3-flash","glm-5.2","glm-5.1","glm-5v-turbo","minimax-m3","kimi-k3-1","kimi-k2.8-preview","kimi-k2.7","kimi-k2.6","deepseek-v4-pro"]
[9/27/2026, 12:56:09 AM.464] [Info] [AgentModelResolver] agent "general-purpose" original_models=[] -> resolved_models=[]
[9/27/2026, 12:56:09 AM.464] [Info] [AgentModelResolver] agent "compact" original_models=[] -> resolved_models=[]
[9/27/2026, 12:56:09 AM.464] [Info] [AgentModelResolver] agent "contextSummary" original_models=[] -> resolved_models=[]
[9/27/2026, 12:56:09 AM.464] [Info] [AgentModelResolver] agent "contentAnalyzer" original_models=[] -> resolved_models=[]
[9/27/2026, 12:56:09 AM.464] [Info] [AgentModelResolver] agent "terminalTitleGenerator" original_models=[] -> resolved_models=[]
[9/27/2026, 12:56:09 AM.464] [Info] [AgentModelResolver] agent "promptSuggestion" original_models=[] -> resolved_models=[]
[9/27/2026, 12:56:09 AM.464] [Info] [AgentModelResolver] agent "memorySelector" original_models=["lite"] -> resolved_models=["lite"]
[9/27/2026, 12:56:09 AM.464] [Info] [AgentModelResolver] agent "summaryGenerator" original_models=[] -> resolved_models=[]
[9/27/2026, 12:56:09 AM.464] [Info] [AgentModelResolver] agent "autoModeClassifier" original_models=[] -> resolved_models=[]
[9/27/2026, 12:56:09 AM.464] [Info] [AgentModelResolver] agent "promptHookEvaluator" original_models=["lite"] -> resolved_models=["lite"]
[9/27/2026, 12:56:09 AM.464] [Info] [AgentModelResolver] agent "insightsAnalyzer" original_models=[] -> resolved_models=[]
[9/27/2026, 12:56:09 AM.464] [Info] [AgentModelResolver] agent "agentInstructions" original_models=[] -> resolved_models=[]
[9/27/2026, 12:56:09 AM.464] [Info] [AgentModelResolver] agent "statusline-setup" original_models=[] -> resolved_models=[]
[9/27/2026, 12:56:09 AM.464] [Info] [AgentModelResolver] agent "Explore" original_models=["lite"] -> resolved_models=["lite"]
[9/27/2026, 12:56:09 AM.464] [Info] [AgentModelResolver] agent "Plan" original_models=[] -> resolved_models=[]
[9/27/2026, 12:56:09 AM.464] [Info] [AgentModelResolver] agent "pulse" original_models=[] -> resolved_models=[]
[9/27/2026, 12:56:09 AM.464] [Info] [AgentModelResolver] agent "handoff-summary" original_models=undefined -> resolved_models=[]
[9/27/2026, 12:56:09 AM.465] [Info] [AgentModelResolver] agent "enhance-prompt" original_models=[] -> resolved_models=[]
[9/27/2026, 12:56:09 AM.465] [Info] [AgentModelResolver] agent "sheet-agent" original_models=[] -> resolved_models=[]
[9/27/2026, 12:56:09 AM.465] [Info] [AgentModelResolver] agent "doc-converter" original_models=[] -> resolved_models=[]
[9/27/2026, 12:56:09 AM.465] [Info] [AgentModelResolver] agent "doc-formatter" original_models=[] -> resolved_models=[]
[9/27/2026, 12:56:09 AM.465] [Info] [AgentModelResolver] agent "doc-writer" original_models=[] -> resolved_models=[]
[9/27/2026, 12:56:09 AM.480] [Info] [PluginPolicyService]  [MergedPlugins][DEBUG] ProductManager.onDidChange fired, reloading policies...
[9/27/2026, 12:56:09 AM.480] [Info] [PluginPolicyService]  [MergedPlugins][DEBUG] Current config builtInMarketPluginsMerge: [{"autoEnable":true,"marketplaceName":"codebuddy-plugins-official","name":"agent-browser","scope":"user"}]
[9/27/2026, 12:56:09 AM.480] [Info] [PluginPolicyService]  [MergedPlugins] Loaded 1 merged plugin entries
[9/27/2026, 12:56:09 AM.480] [Info] [Startup] AgentManager.rebuildAgents: START
[9/27/2026, 12:56:09 AM.481] [Info] [Startup] AgentManager.rebuildAgents: completed in 11ms, resolving readyDeferred
[9/27/2026, 12:56:09 AM.481] [Info] [PluginManager]  Checking for built-in marketplaces to install...
[9/27/2026, 12:56:09 AM.481] [Info] [BuiltInMarketplaceProvider]  Found 2 built-in marketplace(s)
[9/27/2026, 12:56:09 AM.481] [Info] [PluginManager]  Found 2 built-in marketplace(s)
[9/27/2026, 12:56:09 AM.482] [Info] [MarketplaceStorage]  [MarketplaceStorage] getMarketplaces ensureConfigFile=0ms readAndRepair=1ms migration=0ms total=1ms count=5 path=/Users/didi/.workbuddy/plugins/known_marketplaces.json
[9/27/2026, 12:56:09 AM.482] [Info] [PluginManager]  All built-in marketplaces are already installed
[9/27/2026, 12:56:09 AM.484] [Info] [MarketplaceStorage]  [MarketplaceStorage] getMarketplaces ensureConfigFile=0ms readAndRepair=1ms migration=0ms total=1ms count=5 path=/Users/didi/.workbuddy/plugins/known_marketplaces.json
[9/27/2026, 12:56:09 AM.484] [Info] [BuiltInMarketplaceProvider]  Found 2 built-in marketplace(s)
[9/27/2026, 12:56:09 AM.487] [Info] [PluginManager]  Loaded 5 marketplaces (2 built-in) total=5ms storage=1ms builtIn=1ms autoUpdate=0ms
[9/27/2026, 12:56:11 AM.475] [Info] [TracingService]  Tracing uses @tencent/galileo-node-sdk global OpenTelemetry provider; @genie OTLP exporter is skipped.
[9/27/2026, 12:56:11 AM.475] [Info] [TracingService]  Tracing config resolved: {"productEnabled":true,"enabledByEnv":false,"endpoint":"https://copilot.tencent.com","galileoEnabled":true}
[9/27/2026, 12:56:39 AM.094] [Info] [WorkflowMemProbe] tick runId=(none) | rss=141.2MB heap=153.5/163MB external=53.6MB arrayBuffers=0MB
[9/27/2026, 12:57:09 AM.101] [Info] [WorkflowMemProbe] tick runId=(none) | rss=140.3MB heap=153.7/163MB external=53.6MB arrayBuffers=0MB
[9/27/2026, 1:12:27 AM.702] [Info] [WorkflowMemProbe] tick runId=(none) | rss=140.3MB heap=153.8/163MB external=53.6MB arrayBuffers=0MB
[9/27/2026, 1:12:27 AM.707] [Info] [GitInfoCollector]  CODEBUDDY_GIT_REPO_SCAN_DISABLED 1
[9/27/2026, 1:12:27 AM.707] [Info] [GitInfoCollector]  Git repository scan is disabled via CODEBUDDY_GIT_REPO_SCAN_DISABLED environment variable
[9/27/2026, 1:12:28 AM.376] [Info] [CloudProductManager]  fetch cloud product success, agents(1): cli, models(53): auto,fast-model,balanced-model,deep-model,hy3,hy3-b,hy3-c,hy3-x,hy4-preview,hy4-preview-f,minimax-m2.5,glm-5v-turbo,glm-5.3,glm-5.3-flash,glm-5.2,glm-5.1,glm-5.0-turbo,glm-4.6v,kimi-k3-1,kimi-k2.8-preview,kimi-k2.7,kimi-k2.6,kimi-k2.5,kimi-k2-thinking,minimax-m3,minimax-m2.7,glm-4.6,deepseek-v4-flash,deepseek-v4.1-flash,deepseek-v4-pro,deepseek-v3-2-volc,deepseek-v3-1-volc,deepseek-v3-1-lkeap,deepseek-v3-1,deepseek-v3-0324-lkeap,deepseek-r1-0528-lkeap,kimi-k2-instruct-taiji,completion-gf,default-1.1,hunyuan-3b,hunyuan-7b-dense,codewise-completions,codewise-rewrite,codewise-nes-a4-027-aide,codewise-jump,deepseek-r1-0528,deepseek-v3-0324-taco-completion,deepseek-v3-0324,default-1.2,hunyuan-2.0-instruct,hunyuan-chat,hunyuan-image-alpha,hunyuan-image-alpha-edit
[9/27/2026, 1:12:28 AM.376] [Info] [CloudProductManager]  Fetched configuration from remote [668ms]
[9/27/2026, 1:12:28 AM.377] [Info] [PluginsProductProvider.provide] active=9, ids=[weixinpay@workbuddy-builtin,tencent-docs-plugin@workbuddy-builtin,sheetagent@workbuddy-builtin,tencent-pptx@workbuddy-builtin,tencent-docx@workbuddy-builtin,agent-browser@codebuddy-plugins-official,find-skills@codebuddy-plugins-official,agent-browser@inline,find-skills@inline]
[9/27/2026, 1:12:28 AM.377] [Info] [MCP][cacheDbg] getConnectedServers() called: nonInteractive=true waitForSettle=false cacheNow=[connector-proxy,weixinpay,sheetagent] allServers=[connector-proxy:connected,weixinpay:connected,sheetagent:connected]
[9/27/2026, 1:12:28 AM.377] [Info] [MCP][cacheDbg] getConnectedServers() returning: [connector-proxy,weixinpay,sheetagent] (size=3)
[9/27/2026, 1:12:28 AM.386] [Info] [CustomModelsProductProvider] productName=WorkBuddy, isWorkBuddy=true, userConfigPath=/Users/didi/.workbuddy/models.json
[9/27/2026, 1:12:28 AM.386] [Info] Loaded custom models config from user: /Users/didi/.workbuddy/models.json
[9/27/2026, 1:12:28 AM.386] [Info] [ModelsProductProvider] enterpriseId: undefined, endpoint: https://copilot.tencent.com
[9/27/2026, 1:12:28 AM.386] [Warning] [ModelsProductProvider] enterpriseId is missing, skipping models API call
[9/27/2026, 1:12:28 AM.386] [Info] [AgentModelResolver] product config input: 54 models, 23 agents
[9/27/2026, 1:12:28 AM.386] [Info] [AgentModelResolver] model ids: auto, fast-model, balanced-model, deep-model, hy3, hy3-b, hy3-c, hy3-x, hy4-preview, hy4-preview-f, minimax-m2.5, glm-5v-turbo, glm-5.3, glm-5.3-flash, glm-5.2, glm-5.1, glm-5.0-turbo, glm-4.6v, kimi-k3-1, kimi-k2.8-preview, kimi-k2.7, kimi-k2.6, kimi-k2.5, kimi-k2-thinking, minimax-m3, minimax-m2.7, glm-4.6, deepseek-v4-flash, deepseek-v4.1-flash, deepseek-v4-pro, deepseek-v3-2-volc, deepseek-v3-1-volc, deepseek-v3-1-lkeap, deepseek-v3-1, deepseek-v3-0324-lkeap, deepseek-r1-0528-lkeap, kimi-k2-instruct-taiji, completion-gf, default-1.1, hunyuan-3b, hunyuan-7b-dense, codewise-completions, codewise-rewrite, codewise-nes-a4-027-aide, codewise-jump, deepseek-r1-0528, deepseek-v3-0324-taco-completion, deepseek-v3-0324, default-1.2, hunyuan-2.0-instruct, hunyuan-chat, hunyuan-image-alpha, hunyuan-image-alpha-edit, custom-local:kimi-k3
[9/27/2026, 1:12:28 AM.386] [Info] [AgentModelResolver] agent "cli" original_models=["auto","hy4-preview-f","hy3","hy3-x","deepseek-v4.1-flash","glm-5.3","glm-5.3-flash","glm-5.2","glm-5.1","glm-5v-turbo","minimax-m3","kimi-k3-1","kimi-k2.8-preview","kimi-k2.7","kimi-k2.6","deepseek-v4-pro"] -> resolved_models=["auto","hy4-preview-f","hy3","hy3-x","deepseek-v4.1-flash","glm-5.3","glm-5.3-flash","glm-5.2","glm-5.1","glm-5v-turbo","minimax-m3","kimi-k3-1","kimi-k2.8-preview","kimi-k2.7","kimi-k2.6","deepseek-v4-pro"]
[9/27/2026, 1:12:28 AM.386] [Info] [AgentModelResolver] agent "general-purpose" original_models=[] -> resolved_models=[]
[9/27/2026, 1:12:28 AM.386] [Info] [AgentModelResolver] agent "compact" original_models=[] -> resolved_models=[]
[9/27/2026, 1:12:28 AM.386] [Info] [AgentModelResolver] agent "contextSummary" original_models=[] -> resolved_models=[]
[9/27/2026, 1:12:28 AM.386] [Info] [AgentModelResolver] agent "contentAnalyzer" original_models=[] -> resolved_models=[]
[9/27/2026, 1:12:28 AM.386] [Info] [AgentModelResolver] agent "terminalTitleGenerator" original_models=[] -> resolved_models=[]
[9/27/2026, 1:12:28 AM.386] [Info] [AgentModelResolver] agent "promptSuggestion" original_models=[] -> resolved_models=[]
[9/27/2026, 1:12:28 AM.386] [Info] [AgentModelResolver] agent "memorySelector" original_models=["lite"] -> resolved_models=["lite"]
[9/27/2026, 1:12:28 AM.386] [Info] [AgentModelResolver] agent "summaryGenerator" original_models=[] -> resolved_models=[]
[9/27/2026, 1:12:28 AM.386] [Info] [AgentModelResolver] agent "autoModeClassifier" original_models=[] -> resolved_models=[]
[9/27/2026, 1:12:28 AM.386] [Info] [AgentModelResolver] agent "promptHookEvaluator" original_models=["lite"] -> resolved_models=["lite"]
[9/27/2026, 1:12:28 AM.386] [Info] [AgentModelResolver] agent "insightsAnalyzer" original_models=[] -> resolved_models=[]
[9/27/2026, 1:12:28 AM.386] [Info] [AgentModelResolver] agent "agentInstructions" original_models=[] -> resolved_models=[]
[9/27/2026, 1:12:28 AM.386] [Info] [AgentModelResolver] agent "statusline-setup" original_models=[] -> resolved_models=[]
[9/27/2026, 1:12:28 AM.386] [Info] [AgentModelResolver] agent "Explore" original_models=["lite"] -> resolved_models=["lite"]
[9/27/2026, 1:12:28 AM.386] [Info] [AgentModelResolver] agent "Plan" original_models=[] -> resolved_models=[]
[9/27/2026, 1:12:28 AM.386] [Info] [AgentModelResolver] agent "pulse" original_models=[] -> resolved_models=[]
[9/27/2026, 1:12:28 AM.386] [Info] [AgentModelResolver] agent "handoff-summary" original_models=undefined -> resolved_models=[]
[9/27/2026, 1:12:28 AM.386] [Info] [AgentModelResolver] agent "enhance-prompt" original_models=[] -> resolved_models=[]
[9/27/2026, 1:12:28 AM.386] [Info] [AgentModelResolver] agent "sheet-agent" original_models=[] -> resolved_models=[]
[9/27/2026, 1:12:28 AM.386] [Info] [AgentModelResolver] agent "doc-converter" original_models=[] -> resolved_models=[]
[9/27/2026, 1:12:28 AM.386] [Info] [AgentModelResolver] agent "doc-formatter" original_models=[] -> resolved_models=[]
[9/27/2026, 1:12:28 AM.386] [Info] [AgentModelResolver] agent "doc-writer" original_models=[] -> resolved_models=[]
[9/27/2026, 1:12:28 AM.402] [Info] [PluginPolicyService]  [MergedPlugins][DEBUG] ProductManager.onDidChange fired, reloading policies...
[9/27/2026, 1:12:28 AM.402] [Info] [PluginPolicyService]  [MergedPlugins][DEBUG] Current config builtInMarketPluginsMerge: [{"autoEnable":true,"marketplaceName":"codebuddy-plugins-official","name":"agent-browser","scope":"user"}]
[9/27/2026, 1:12:28 AM.402] [Info] [PluginPolicyService]  [MergedPlugins] Loaded 1 merged plugin entries
[9/27/2026, 1:12:28 AM.402] [Info] [Startup] AgentManager.rebuildAgents: START
[9/27/2026, 1:12:28 AM.402] [Info] [Startup] AgentManager.rebuildAgents: completed in 11ms, resolving readyDeferred
[9/27/2026, 1:12:28 AM.402] [Info] [PluginManager]  Checking for built-in marketplaces to install...
[9/27/2026, 1:12:28 AM.402] [Info] [BuiltInMarketplaceProvider]  Found 2 built-in marketplace(s)
[9/27/2026, 1:12:28 AM.402] [Info] [PluginManager]  Found 2 built-in marketplace(s)
[9/27/2026, 1:12:28 AM.403] [Info] [MarketplaceStorage]  [MarketplaceStorage] getMarketplaces ensureConfigFile=0ms readAndRepair=1ms migration=0ms total=1ms count=5 path=/Users/didi/.workbuddy/plugins/known_marketplaces.json
[9/27/2026, 1:12:28 AM.403] [Info] [PluginManager]  All built-in marketplaces are already installed
[9/27/2026, 1:12:28 AM.404] [Info] [MarketplaceStorage]  [MarketplaceStorage] getMarketplaces ensureConfigFile=0ms readAndRepair=1ms migration=0ms total=1ms count=5 path=/Users/didi/.workbuddy/plugins/known_marketplaces.json
[9/27/2026, 1:12:28 AM.404] [Info] [BuiltInMarketplaceProvider]  Found 2 built-in marketplace(s)
[9/27/2026, 1:12:28 AM.407] [Info] [PluginManager]  Loaded 5 marketplaces (2 built-in) total=4ms storage=1ms builtIn=0ms autoUpdate=0ms
[9/27/2026, 1:12:30 AM.393] [Info] [TracingService]  Tracing uses @tencent/galileo-node-sdk global OpenTelemetry provider; @genie OTLP exporter is skipped.
[9/27/2026, 1:12:30 AM.393] [Info] [TracingService]  Tracing config resolved: {"productEnabled":true,"enabledByEnv":false,"endpoint":"https://copilot.tencent.com","galileoEnabled":true}
[9/27/2026, 1:12:57 AM.703] [Info] [WorkflowMemProbe] tick runId=(none) | rss=143.7MB heap=161.1/168.2MB external=54.8MB arrayBuffers=0MB
[9/27/2026, 1:28:41 AM.009] [Info] [WorkflowMemProbe] tick runId=(none) | rss=143.8MB heap=160.1/165.7MB external=53.7MB arrayBuffers=0MB
[9/27/2026, 1:28:41 AM.128] [Error] [TracingService]  [primary] Failed to export 1 spans, traceIds: de08e5c9bf0e1c3e32abe0a7d1af4eb8, error: Request Timeout
[9/27/2026, 1:28:41 AM.131] [Info] [GitInfoCollector]  CODEBUDDY_GIT_REPO_SCAN_DISABLED 1
[9/27/2026, 1:28:41 AM.131] [Info] [GitInfoCollector]  Git repository scan is disabled via CODEBUDDY_GIT_REPO_SCAN_DISABLED environment variable
[9/27/2026, 1:28:41 AM.952] [Info] [CloudProductManager]  fetch cloud product success, agents(1): cli, models(53): auto,fast-model,balanced-model,deep-model,hy3,hy3-b,hy3-c,hy3-x,hy4-preview,hy4-preview-f,minimax-m2.5,glm-5v-turbo,glm-5.3,glm-5.3-flash,glm-5.2,glm-5.1,glm-5.0-turbo,glm-4.6v,kimi-k3-1,kimi-k2.8-preview,kimi-k2.7,kimi-k2.6,kimi-k2.5,kimi-k2-thinking,minimax-m3,minimax-m2.7,glm-4.6,deepseek-v4-flash,deepseek-v4.1-flash,deepseek-v4-pro,deepseek-v3-2-volc,deepseek-v3-1-volc,deepseek-v3-1-lkeap,deepseek-v3-1,deepseek-v3-0324-lkeap,deepseek-r1-0528-lkeap,kimi-k2-instruct-taiji,completion-gf,default-1.1,hunyuan-3b,hunyuan-7b-dense,codewise-completions,codewise-rewrite,codewise-nes-a4-027-aide,codewise-jump,deepseek-r1-0528,deepseek-v3-0324-taco-completion,deepseek-v3-0324,default-1.2,hunyuan-2.0-instruct,hunyuan-chat,hunyuan-image-alpha,hunyuan-image-alpha-edit
[9/27/2026, 1:28:41 AM.952] [Info] [CloudProductManager]  Fetched configuration from remote [820ms]
[9/27/2026, 1:28:41 AM.953] [Info] [PluginsProductProvider.provide] active=9, ids=[weixinpay@workbuddy-builtin,tencent-docs-plugin@workbuddy-builtin,sheetagent@workbuddy-builtin,tencent-pptx@workbuddy-builtin,tencent-docx@workbuddy-builtin,agent-browser@codebuddy-plugins-official,find-skills@codebuddy-plugins-official,agent-browser@inline,find-skills@inline]
[9/27/2026, 1:28:41 AM.954] [Info] [MCP][cacheDbg] getConnectedServers() called: nonInteractive=true waitForSettle=false cacheNow=[connector-proxy,weixinpay,sheetagent] allServers=[connector-proxy:connected,weixinpay:connected,sheetagent:connected]
[9/27/2026, 1:28:41 AM.954] [Info] [MCP][cacheDbg] getConnectedServers() returning: [connector-proxy,weixinpay,sheetagent] (size=3)
[9/27/2026, 1:28:41 AM.963] [Info] [CustomModelsProductProvider] productName=WorkBuddy, isWorkBuddy=true, userConfigPath=/Users/didi/.workbuddy/models.json
[9/27/2026, 1:28:41 AM.963] [Info] Loaded custom models config from user: /Users/didi/.workbuddy/models.json
[9/27/2026, 1:28:41 AM.963] [Info] [ModelsProductProvider] enterpriseId: undefined, endpoint: https://copilot.tencent.com
[9/27/2026, 1:28:41 AM.963] [Warning] [ModelsProductProvider] enterpriseId is missing, skipping models API call
[9/27/2026, 1:28:41 AM.963] [Info] [AgentModelResolver] product config input: 54 models, 23 agents
[9/27/2026, 1:28:41 AM.963] [Info] [AgentModelResolver] model ids: auto, fast-model, balanced-model, deep-model, hy3, hy3-b, hy3-c, hy3-x, hy4-preview, hy4-preview-f, minimax-m2.5, glm-5v-turbo, glm-5.3, glm-5.3-flash, glm-5.2, glm-5.1, glm-5.0-turbo, glm-4.6v, kimi-k3-1, kimi-k2.8-preview, kimi-k2.7, kimi-k2.6, kimi-k2.5, kimi-k2-thinking, minimax-m3, minimax-m2.7, glm-4.6, deepseek-v4-flash, deepseek-v4.1-flash, deepseek-v4-pro, deepseek-v3-2-volc, deepseek-v3-1-volc, deepseek-v3-1-lkeap, deepseek-v3-1, deepseek-v3-0324-lkeap, deepseek-r1-0528-lkeap, kimi-k2-instruct-taiji, completion-gf, default-1.1, hunyuan-3b, hunyuan-7b-dense, codewise-completions, codewise-rewrite, codewise-nes-a4-027-aide, codewise-jump, deepseek-r1-0528, deepseek-v3-0324-taco-completion, deepseek-v3-0324, default-1.2, hunyuan-2.0-instruct, hunyuan-chat, hunyuan-image-alpha, hunyuan-image-alpha-edit, custom-local:kimi-k3
[9/27/2026, 1:28:41 AM.963] [Info] [AgentModelResolver] agent "cli" original_models=["auto","hy4-preview-f","hy3","hy3-x","deepseek-v4.1-flash","glm-5.3","glm-5.3-flash","glm-5.2","glm-5.1","glm-5v-turbo","minimax-m3","kimi-k3-1","kimi-k2.8-preview","kimi-k2.7","kimi-k2.6","deepseek-v4-pro"] -> resolved_models=["auto","hy4-preview-f","hy3","hy3-x","deepseek-v4.1-flash","glm-5.3","glm-5.3-flash","glm-5.2","glm-5.1","glm-5v-turbo","minimax-m3","kimi-k3-1","kimi-k2.8-preview","kimi-k2.7","kimi-k2.6","deepseek-v4-pro"]
[9/27/2026, 1:28:41 AM.963] [Info] [AgentModelResolver] agent "general-purpose" original_models=[] -> resolved_models=[]
[9/27/2026, 1:28:41 AM.963] [Info] [AgentModelResolver] agent "compact" original_models=[] -> resolved_models=[]
[9/27/2026, 1:28:41 AM.963] [Info] [AgentModelResolver] agent "contextSummary" original_models=[] -> resolved_models=[]
[9/27/2026, 1:28:41 AM.963] [Info] [AgentModelResolver] agent "contentAnalyzer" original_models=[] -> resolved_models=[]
[9/27/2026, 1:28:41 AM.963] [Info] [AgentModelResolver] agent "terminalTitleGenerator" original_models=[] -> resolved_models=[]
[9/27/2026, 1:28:41 AM.963] [Info] [AgentModelResolver] agent "promptSuggestion" original_models=[] -> resolved_models=[]
[9/27/2026, 1:28:41 AM.963] [Info] [AgentModelResolver] agent "memorySelector" original_models=["lite"] -> resolved_models=["lite"]
[9/27/2026, 1:28:41 AM.963] [Info] [AgentModelResolver] agent "summaryGenerator" original_models=[] -> resolved_models=[]
[9/27/2026, 1:28:41 AM.963] [Info] [AgentModelResolver] agent "autoModeClassifier" original_models=[] -> resolved_models=[]
[9/27/2026, 1:28:41 AM.963] [Info] [AgentModelResolver] agent "promptHookEvaluator" original_models=["lite"] -> resolved_models=["lite"]
[9/27/2026, 1:28:41 AM.963] [Info] [AgentModelResolver] agent "insightsAnalyzer" original_models=[] -> resolved_models=[]
[9/27/2026, 1:28:41 AM.963] [Info] [AgentModelResolver] agent "agentInstructions" original_models=[] -> resolved_models=[]
[9/27/2026, 1:28:41 AM.963] [Info] [AgentModelResolver] agent "statusline-setup" original_models=[] -> resolved_models=[]
[9/27/2026, 1:28:41 AM.963] [Info] [AgentModelResolver] agent "Explore" original_models=["lite"] -> resolved_models=["lite"]
[9/27/2026, 1:28:41 AM.963] [Info] [AgentModelResolver] agent "Plan" original_models=[] -> resolved_models=[]
[9/27/2026, 1:28:41 AM.963] [Info] [AgentModelResolver] agent "pulse" original_models=[] -> resolved_models=[]
[9/27/2026, 1:28:41 AM.963] [Info] [AgentModelResolver] agent "handoff-summary" original_models=undefined -> resolved_models=[]
[9/27/2026, 1:28:41 AM.963] [Info] [AgentModelResolver] agent "enhance-prompt" original_models=[] -> resolved_models=[]
[9/27/2026, 1:28:41 AM.963] [Info] [AgentModelResolver] agent "sheet-agent" original_models=[] -> resolved_models=[]
[9/27/2026, 1:28:41 AM.963] [Info] [AgentModelResolver] agent "doc-converter" original_models=[] -> resolved_models=[]
[9/27/2026, 1:28:41 AM.963] [Info] [AgentModelResolver] agent "doc-formatter" original_models=[] -> resolved_models=[]
[9/27/2026, 1:28:41 AM.963] [Info] [AgentModelResolver] agent "doc-writer" original_models=[] -> resolved_models=[]
[9/27/2026, 1:28:41 AM.978] [Info] [PluginPolicyService]  [MergedPlugins][DEBUG] ProductManager.onDidChange fired, reloading policies...
[9/27/2026, 1:28:41 AM.978] [Info] [PluginPolicyService]  [MergedPlugins][DEBUG] Current config builtInMarketPluginsMerge: [{"autoEnable":true,"marketplaceName":"codebuddy-plugins-official","name":"agent-browser","scope":"user"}]
[9/27/2026, 1:28:41 AM.978] [Info] [PluginPolicyService]  [MergedPlugins] Loaded 1 merged plugin entries
[9/27/2026, 1:28:41 AM.978] [Info] [Startup] AgentManager.rebuildAgents: START
[9/27/2026, 1:28:41 AM.978] [Info] [Startup] AgentManager.rebuildAgents: completed in 11ms, resolving readyDeferred
[9/27/2026, 1:28:41 AM.979] [Info] [PluginManager]  Checking for built-in marketplaces to install...
[9/27/2026, 1:28:41 AM.979] [Info] [BuiltInMarketplaceProvider]  Found 2 built-in marketplace(s)
[9/27/2026, 1:28:41 AM.979] [Info] [PluginManager]  Found 2 built-in marketplace(s)
[9/27/2026, 1:28:41 AM.980] [Info] [MarketplaceStorage]  [MarketplaceStorage] getMarketplaces ensureConfigFile=0ms readAndRepair=1ms migration=0ms total=1ms count=5 path=/Users/didi/.workbuddy/plugins/known_marketplaces.json
[9/27/2026, 1:28:41 AM.980] [Info] [PluginManager]  All built-in marketplaces are already installed
[9/27/2026, 1:28:41 AM.981] [Info] [MarketplaceStorage]  [MarketplaceStorage] getMarketplaces ensureConfigFile=0ms readAndRepair=1ms migration=0ms total=1ms count=5 path=/Users/didi/.workbuddy/plugins/known_marketplaces.json
[9/27/2026, 1:28:41 AM.981] [Info] [BuiltInMarketplaceProvider]  Found 2 built-in marketplace(s)
[9/27/2026, 1:28:41 AM.983] [Info] [PluginManager]  Loaded 5 marketplaces (2 built-in) total=3ms storage=1ms builtIn=0ms autoUpdate=0ms
[9/27/2026, 1:28:43 AM.970] [Info] [TracingService]  Tracing uses @tencent/galileo-node-sdk global OpenTelemetry provider; @genie OTLP exporter is skipped.
[9/27/2026, 1:28:43 AM.970] [Info] [TracingService]  Tracing config resolved: {"productEnabled":true,"enabledByEnv":false,"endpoint":"https://copilot.tencent.com","galileoEnabled":true}
[9/27/2026, 1:29:11 AM.041] [Info] [WorkflowMemProbe] tick runId=(none) | rss=140MB heap=153.6/163.2MB external=53.7MB arrayBuffers=0MB
[9/27/2026, 1:44:49 AM.895] [Info] [WorkflowMemProbe] tick runId=(none) | rss=117.5MB heap=153.8/163.2MB external=53.7MB arrayBuffers=0MB
[9/27/2026, 1:44:50 AM.006] [Info] [GitInfoCollector]  CODEBUDDY_GIT_REPO_SCAN_DISABLED 1
[9/27/2026, 1:44:50 AM.006] [Info] [GitInfoCollector]  Git repository scan is disabled via CODEBUDDY_GIT_REPO_SCAN_DISABLED environment variable
[9/27/2026, 1:44:50 AM.754] [Info] [CloudProductManager]  fetch cloud product success, agents(1): cli, models(53): auto,fast-model,balanced-model,deep-model,hy3,hy3-b,hy3-c,hy3-x,hy4-preview,hy4-preview-f,minimax-m2.5,glm-5v-turbo,glm-5.3,glm-5.3-flash,glm-5.2,glm-5.1,glm-5.0-turbo,glm-4.6v,kimi-k3-1,kimi-k2.8-preview,kimi-k2.7,kimi-k2.6,kimi-k2.5,kimi-k2-thinking,minimax-m3,minimax-m2.7,glm-4.6,deepseek-v4-flash,deepseek-v4.1-flash,deepseek-v4-pro,deepseek-v3-2-volc,deepseek-v3-1-volc,deepseek-v3-1-lkeap,deepseek-v3-1,deepseek-v3-0324-lkeap,deepseek-r1-0528-lkeap,kimi-k2-instruct-taiji,completion-gf,default-1.1,hunyuan-3b,hunyuan-7b-dense,codewise-completions,codewise-rewrite,codewise-nes-a4-027-aide,codewise-jump,deepseek-r1-0528,deepseek-v3-0324-taco-completion,deepseek-v3-0324,default-1.2,hunyuan-2.0-instruct,hunyuan-chat,hunyuan-image-alpha,hunyuan-image-alpha-edit
[9/27/2026, 1:44:50 AM.754] [Info] [CloudProductManager]  Fetched configuration from remote [747ms]
[9/27/2026, 1:44:50 AM.754] [Info] [PluginsProductProvider.provide] active=9, ids=[weixinpay@workbuddy-builtin,tencent-docs-plugin@workbuddy-builtin,sheetagent@workbuddy-builtin,tencent-pptx@workbuddy-builtin,tencent-docx@workbuddy-builtin,agent-browser@codebuddy-plugins-official,find-skills@codebuddy-plugins-official,agent-browser@inline,find-skills@inline]
[9/27/2026, 1:44:50 AM.755] [Info] [MCP][cacheDbg] getConnectedServers() called: nonInteractive=true waitForSettle=false cacheNow=[connector-proxy,weixinpay,sheetagent] allServers=[connector-proxy:connected,weixinpay:connected,sheetagent:connected]
[9/27/2026, 1:44:50 AM.755] [Info] [MCP][cacheDbg] getConnectedServers() returning: [connector-proxy,weixinpay,sheetagent] (size=3)
[9/27/2026, 1:44:50 AM.762] [Info] [CustomModelsProductProvider] productName=WorkBuddy, isWorkBuddy=true, userConfigPath=/Users/didi/.workbuddy/models.json
[9/27/2026, 1:44:50 AM.762] [Info] Loaded custom models config from user: /Users/didi/.workbuddy/models.json
[9/27/2026, 1:44:50 AM.763] [Info] [ModelsProductProvider] enterpriseId: undefined, endpoint: https://copilot.tencent.com
[9/27/2026, 1:44:50 AM.763] [Warning] [ModelsProductProvider] enterpriseId is missing, skipping models API call
[9/27/2026, 1:44:50 AM.763] [Info] [AgentModelResolver] product config input: 54 models, 23 agents
[9/27/2026, 1:44:50 AM.763] [Info] [AgentModelResolver] model ids: auto, fast-model, balanced-model, deep-model, hy3, hy3-b, hy3-c, hy3-x, hy4-preview, hy4-preview-f, minimax-m2.5, glm-5v-turbo, glm-5.3, glm-5.3-flash, glm-5.2, glm-5.1, glm-5.0-turbo, glm-4.6v, kimi-k3-1, kimi-k2.8-preview, kimi-k2.7, kimi-k2.6, kimi-k2.5, kimi-k2-thinking, minimax-m3, minimax-m2.7, glm-4.6, deepseek-v4-flash, deepseek-v4.1-flash, deepseek-v4-pro, deepseek-v3-2-volc, deepseek-v3-1-volc, deepseek-v3-1-lkeap, deepseek-v3-1, deepseek-v3-0324-lkeap, deepseek-r1-0528-lkeap, kimi-k2-instruct-taiji, completion-gf, default-1.1, hunyuan-3b, hunyuan-7b-dense, codewise-completions, codewise-rewrite, codewise-nes-a4-027-aide, codewise-jump, deepseek-r1-0528, deepseek-v3-0324-taco-completion, deepseek-v3-0324, default-1.2, hunyuan-2.0-instruct, hunyuan-chat, hunyuan-image-alpha, hunyuan-image-alpha-edit, custom-local:kimi-k3
[9/27/2026, 1:44:50 AM.763] [Info] [AgentModelResolver] agent "cli" original_models=["auto","hy4-preview-f","hy3","hy3-x","deepseek-v4.1-flash","glm-5.3","glm-5.3-flash","glm-5.2","glm-5.1","glm-5v-turbo","minimax-m3","kimi-k3-1","kimi-k2.8-preview","kimi-k2.7","kimi-k2.6","deepseek-v4-pro"] -> resolved_models=["auto","hy4-preview-f","hy3","hy3-x","deepseek-v4.1-flash","glm-5.3","glm-5.3-flash","glm-5.2","glm-5.1","glm-5v-turbo","minimax-m3","kimi-k3-1","kimi-k2.8-preview","kimi-k2.7","kimi-k2.6","deepseek-v4-pro"]
[9/27/2026, 1:44:50 AM.763] [Info] [AgentModelResolver] agent "general-purpose" original_models=[] -> resolved_models=[]
[9/27/2026, 1:44:50 AM.763] [Info] [AgentModelResolver] agent "compact" original_models=[] -> resolved_models=[]
[9/27/2026, 1:44:50 AM.763] [Info] [AgentModelResolver] agent "contextSummary" original_models=[] -> resolved_models=[]
[9/27/2026, 1:44:50 AM.763] [Info] [AgentModelResolver] agent "contentAnalyzer" original_models=[] -> resolved_models=[]
[9/27/2026, 1:44:50 AM.763] [Info] [AgentModelResolver] agent "terminalTitleGenerator" original_models=[] -> resolved_models=[]
[9/27/2026, 1:44:50 AM.763] [Info] [AgentModelResolver] agent "promptSuggestion" original_models=[] -> resolved_models=[]
[9/27/2026, 1:44:50 AM.763] [Info] [AgentModelResolver] agent "memorySelector" original_models=["lite"] -> resolved_models=["lite"]
[9/27/2026, 1:44:50 AM.763] [Info] [AgentModelResolver] agent "summaryGenerator" original_models=[] -> resolved_models=[]
[9/27/2026, 1:44:50 AM.763] [Info] [AgentModelResolver] agent "autoModeClassifier" original_models=[] -> resolved_models=[]
[9/27/2026, 1:44:50 AM.763] [Info] [AgentModelResolver] agent "promptHookEvaluator" original_models=["lite"] -> resolved_models=["lite"]
[9/27/2026, 1:44:50 AM.763] [Info] [AgentModelResolver] agent "insightsAnalyzer" original_models=[] -> resolved_models=[]
[9/27/2026, 1:44:50 AM.763] [Info] [AgentModelResolver] agent "agentInstructions" original_models=[] -> resolved_models=[]
[9/27/2026, 1:44:50 AM.763] [Info] [AgentModelResolver] agent "statusline-setup" original_models=[] -> resolved_models=[]
[9/27/2026, 1:44:50 AM.763] [Info] [AgentModelResolver] agent "Explore" original_models=["lite"] -> resolved_models=["lite"]
[9/27/2026, 1:44:50 AM.763] [Info] [AgentModelResolver] agent "Plan" original_models=[] -> resolved_models=[]
[9/27/2026, 1:44:50 AM.763] [Info] [AgentModelResolver] agent "pulse" original_models=[] -> resolved_models=[]
[9/27/2026, 1:44:50 AM.763] [Info] [AgentModelResolver] agent "handoff-summary" original_models=undefined -> resolved_models=[]
[9/27/2026, 1:44:50 AM.763] [Info] [AgentModelResolver] agent "enhance-prompt" original_models=[] -> resolved_models=[]
[9/27/2026, 1:44:50 AM.763] [Info] [AgentModelResolver] agent "sheet-agent" original_models=[] -> resolved_models=[]
[9/27/2026, 1:44:50 AM.763] [Info] [AgentModelResolver] agent "doc-converter" original_models=[] -> resolved_models=[]
[9/27/2026, 1:44:50 AM.763] [Info] [AgentModelResolver] agent "doc-formatter" original_models=[] -> resolved_models=[]
[9/27/2026, 1:44:50 AM.763] [Info] [AgentModelResolver] agent "doc-writer" original_models=[] -> resolved_models=[]
[9/27/2026, 1:44:50 AM.780] [Info] [PluginPolicyService]  [MergedPlugins][DEBUG] ProductManager.onDidChange fired, reloading policies...
[9/27/2026, 1:44:50 AM.780] [Info] [PluginPolicyService]  [MergedPlugins][DEBUG] Current config builtInMarketPluginsMerge: [{"autoEnable":true,"marketplaceName":"codebuddy-plugins-official","name":"agent-browser","scope":"user"}]
[9/27/2026, 1:44:50 AM.780] [Info] [PluginPolicyService]  [MergedPlugins] Loaded 1 merged plugin entries
[9/27/2026, 1:44:50 AM.780] [Info] [Startup] AgentManager.rebuildAgents: START
[9/27/2026, 1:44:50 AM.780] [Info] [Startup] AgentManager.rebuildAgents: completed in 12ms, resolving readyDeferred
[9/27/2026, 1:44:50 AM.780] [Info] [PluginManager]  Checking for built-in marketplaces to install...
[9/27/2026, 1:44:50 AM.780] [Info] [BuiltInMarketplaceProvider]  Found 2 built-in marketplace(s)
[9/27/2026, 1:44:50 AM.780] [Info] [PluginManager]  Found 2 built-in marketplace(s)
[9/27/2026, 1:44:50 AM.781] [Info] [MarketplaceStorage]  [MarketplaceStorage] getMarketplaces ensureConfigFile=0ms readAndRepair=1ms migration=0ms total=1ms count=5 path=/Users/didi/.workbuddy/plugins/known_marketplaces.json
[9/27/2026, 1:44:50 AM.781] [Info] [PluginManager]  All built-in marketplaces are already installed
[9/27/2026, 1:44:50 AM.782] [Info] [MarketplaceStorage]  [MarketplaceStorage] getMarketplaces ensureConfigFile=0ms readAndRepair=0ms migration=0ms total=1ms count=5 path=/Users/didi/.workbuddy/plugins/known_marketplaces.json
[9/27/2026, 1:44:50 AM.782] [Info] [BuiltInMarketplaceProvider]  Found 2 built-in marketplace(s)
[9/27/2026, 1:44:50 AM.784] [Info] [PluginManager]  Loaded 5 marketplaces (2 built-in) total=3ms storage=1ms builtIn=0ms autoUpdate=0ms
[9/27/2026, 1:44:52 AM.766] [Info] [TracingService]  Tracing uses @tencent/galileo-node-sdk global OpenTelemetry provider; @genie OTLP exporter is skipped.
[9/27/2026, 1:44:52 AM.766] [Info] [TracingService]  Tracing config resolved: {"productEnabled":true,"enabledByEnv":false,"endpoint":"https://copilot.tencent.com","galileoEnabled":true}
[9/27/2026, 1:45:19 AM.860] [Info] [WorkflowMemProbe] tick runId=(none) | rss=144.5MB heap=161.8/170.4MB external=54.9MB arrayBuffers=0MB
[9/27/2026, 2:00:59 AM.174] [Info] [WorkflowMemProbe] tick runId=(none) | rss=144.5MB heap=162/170.4MB external=54.9MB arrayBuffers=0MB
[9/27/2026, 2:00:59 AM.201] [Info] [GitInfoCollector]  CODEBUDDY_GIT_REPO_SCAN_DISABLED 1
[9/27/2026, 2:00:59 AM.201] [Info] [GitInfoCollector]  Git repository scan is disabled via CODEBUDDY_GIT_REPO_SCAN_DISABLED environment variable
[9/27/2026, 2:01:00 AM.114] [Info] [CloudProductManager]  fetch cloud product success, agents(1): cli, models(53): auto,fast-model,balanced-model,deep-model,hy3,hy3-b,hy3-c,hy3-x,hy4-preview,hy4-preview-f,minimax-m2.5,glm-5v-turbo,glm-5.3,glm-5.3-flash,glm-5.2,glm-5.1,glm-5.0-turbo,glm-4.6v,kimi-k3-1,kimi-k2.8-preview,kimi-k2.7,kimi-k2.6,kimi-k2.5,kimi-k2-thinking,minimax-m3,minimax-m2.7,glm-4.6,deepseek-v4-flash,deepseek-v4.1-flash,deepseek-v4-pro,deepseek-v3-2-volc,deepseek-v3-1-volc,deepseek-v3-1-lkeap,deepseek-v3-1,deepseek-v3-0324-lkeap,deepseek-r1-0528-lkeap,kimi-k2-instruct-taiji,completion-gf,default-1.1,hunyuan-3b,hunyuan-7b-dense,codewise-completions,codewise-rewrite,codewise-nes-a4-027-aide,codewise-jump,deepseek-r1-0528,deepseek-v3-0324-taco-completion,deepseek-v3-0324,default-1.2,hunyuan-2.0-instruct,hunyuan-chat,hunyuan-image-alpha,hunyuan-image-alpha-edit
[9/27/2026, 2:01:00 AM.114] [Info] [CloudProductManager]  Fetched configuration from remote [913ms]
[9/27/2026, 2:01:00 AM.115] [Info] [PluginsProductProvider.provide] active=9, ids=[weixinpay@workbuddy-builtin,tencent-docs-plugin@workbuddy-builtin,sheetagent@workbuddy-builtin,tencent-pptx@workbuddy-builtin,tencent-docx@workbuddy-builtin,agent-browser@codebuddy-plugins-official,find-skills@codebuddy-plugins-official,agent-browser@inline,find-skills@inline]
[9/27/2026, 2:01:00 AM.115] [Info] [MCP][cacheDbg] getConnectedServers() called: nonInteractive=true waitForSettle=false cacheNow=[connector-proxy,weixinpay,sheetagent] allServers=[connector-proxy:connected,weixinpay:connected,sheetagent:connected]
[9/27/2026, 2:01:00 AM.115] [Info] [MCP][cacheDbg] getConnectedServers() returning: [connector-proxy,weixinpay,sheetagent] (size=3)
[9/27/2026, 2:01:00 AM.122] [Info] [CustomModelsProductProvider] productName=WorkBuddy, isWorkBuddy=true, userConfigPath=/Users/didi/.workbuddy/models.json
[9/27/2026, 2:01:00 AM.122] [Info] Loaded custom models config from user: /Users/didi/.workbuddy/models.json
[9/27/2026, 2:01:00 AM.122] [Info] [ModelsProductProvider] enterpriseId: undefined, endpoint: https://copilot.tencent.com
[9/27/2026, 2:01:00 AM.122] [Warning] [ModelsProductProvider] enterpriseId is missing, skipping models API call
[9/27/2026, 2:01:00 AM.122] [Info] [AgentModelResolver] product config input: 54 models, 23 agents
[9/27/2026, 2:01:00 AM.122] [Info] [AgentModelResolver] model ids: auto, fast-model, balanced-model, deep-model, hy3, hy3-b, hy3-c, hy3-x, hy4-preview, hy4-preview-f, minimax-m2.5, glm-5v-turbo, glm-5.3, glm-5.3-flash, glm-5.2, glm-5.1, glm-5.0-turbo, glm-4.6v, kimi-k3-1, kimi-k2.8-preview, kimi-k2.7, kimi-k2.6, kimi-k2.5, kimi-k2-thinking, minimax-m3, minimax-m2.7, glm-4.6, deepseek-v4-flash, deepseek-v4.1-flash, deepseek-v4-pro, deepseek-v3-2-volc, deepseek-v3-1-volc, deepseek-v3-1-lkeap, deepseek-v3-1, deepseek-v3-0324-lkeap, deepseek-r1-0528-lkeap, kimi-k2-instruct-taiji, completion-gf, default-1.1, hunyuan-3b, hunyuan-7b-dense, codewise-completions, codewise-rewrite, codewise-nes-a4-027-aide, codewise-jump, deepseek-r1-0528, deepseek-v3-0324-taco-completion, deepseek-v3-0324, default-1.2, hunyuan-2.0-instruct, hunyuan-chat, hunyuan-image-alpha, hunyuan-image-alpha-edit, custom-local:kimi-k3
[9/27/2026, 2:01:00 AM.122] [Info] [AgentModelResolver] agent "cli" original_models=["auto","hy4-preview-f","hy3","hy3-x","deepseek-v4.1-flash","glm-5.3","glm-5.3-flash","glm-5.2","glm-5.1","glm-5v-turbo","minimax-m3","kimi-k3-1","kimi-k2.8-preview","kimi-k2.7","kimi-k2.6","deepseek-v4-pro"] -> resolved_models=["auto","hy4-preview-f","hy3","hy3-x","deepseek-v4.1-flash","glm-5.3","glm-5.3-flash","glm-5.2","glm-5.1","glm-5v-turbo","minimax-m3","kimi-k3-1","kimi-k2.8-preview","kimi-k2.7","kimi-k2.6","deepseek-v4-pro"]
[9/27/2026, 2:01:00 AM.122] [Info] [AgentModelResolver] agent "general-purpose" original_models=[] -> resolved_models=[]
[9/27/2026, 2:01:00 AM.122] [Info] [AgentModelResolver] agent "compact" original_models=[] -> resolved_models=[]
[9/27/2026, 2:01:00 AM.122] [Info] [AgentModelResolver] agent "contextSummary" original_models=[] -> resolved_models=[]
[9/27/2026, 2:01:00 AM.122] [Info] [AgentModelResolver] agent "contentAnalyzer" original_models=[] -> resolved_models=[]
[9/27/2026, 2:01:00 AM.122] [Info] [AgentModelResolver] agent "terminalTitleGenerator" original_models=[] -> resolved_models=[]
[9/27/2026, 2:01:00 AM.122] [Info] [AgentModelResolver] agent "promptSuggestion" original_models=[] -> resolved_models=[]
[9/27/2026, 2:01:00 AM.122] [Info] [AgentModelResolver] agent "memorySelector" original_models=["lite"] -> resolved_models=["lite"]
[9/27/2026, 2:01:00 AM.122] [Info] [AgentModelResolver] agent "summaryGenerator" original_models=[] -> resolved_models=[]
[9/27/2026, 2:01:00 AM.122] [Info] [AgentModelResolver] agent "autoModeClassifier" original_models=[] -> resolved_models=[]
[9/27/2026, 2:01:00 AM.122] [Info] [AgentModelResolver] agent "promptHookEvaluator" original_models=["lite"] -> resolved_models=["lite"]
[9/27/2026, 2:01:00 AM.122] [Info] [AgentModelResolver] agent "insightsAnalyzer" original_models=[] -> resolved_models=[]
[9/27/2026, 2:01:00 AM.122] [Info] [AgentModelResolver] agent "agentInstructions" original_models=[] -> resolved_models=[]
[9/27/2026, 2:01:00 AM.122] [Info] [AgentModelResolver] agent "statusline-setup" original_models=[] -> resolved_models=[]
[9/27/2026, 2:01:00 AM.122] [Info] [AgentModelResolver] agent "Explore" original_models=["lite"] -> resolved_models=["lite"]
[9/27/2026, 2:01:00 AM.122] [Info] [AgentModelResolver] agent "Plan" original_models=[] -> resolved_models=[]
[9/27/2026, 2:01:00 AM.122] [Info] [AgentModelResolver] agent "pulse" original_models=[] -> resolved_models=[]
[9/27/2026, 2:01:00 AM.122] [Info] [AgentModelResolver] agent "handoff-summary" original_models=undefined -> resolved_models=[]
[9/27/2026, 2:01:00 AM.122] [Info] [AgentModelResolver] agent "enhance-prompt" original_models=[] -> resolved_models=[]
[9/27/2026, 2:01:00 AM.122] [Info] [AgentModelResolver] agent "sheet-agent" original_models=[] -> resolved_models=[]
[9/27/2026, 2:01:00 AM.122] [Info] [AgentModelResolver] agent "doc-converter" original_models=[] -> resolved_models=[]
[9/27/2026, 2:01:00 AM.122] [Info] [AgentModelResolver] agent "doc-formatter" original_models=[] -> resolved_models=[]
[9/27/2026, 2:01:00 AM.122] [Info] [AgentModelResolver] agent "doc-writer" original_models=[] -> resolved_models=[]
[9/27/2026, 2:01:00 AM.138] [Info] [PluginPolicyService]  [MergedPlugins][DEBUG] ProductManager.onDidChange fired, reloading policies...
[9/27/2026, 2:01:00 AM.138] [Info] [PluginPolicyService]  [MergedPlugins][DEBUG] Current config builtInMarketPluginsMerge: [{"autoEnable":true,"marketplaceName":"codebuddy-plugins-official","name":"agent-browser","scope":"user"}]
[9/27/2026, 2:01:00 AM.138] [Info] [PluginPolicyService]  [MergedPlugins] Loaded 1 merged plugin entries
[9/27/2026, 2:01:00 AM.138] [Info] [Startup] AgentManager.rebuildAgents: START
[9/27/2026, 2:01:00 AM.138] [Info] [Startup] AgentManager.rebuildAgents: completed in 11ms, resolving readyDeferred
[9/27/2026, 2:01:00 AM.139] [Info] [PluginManager]  Checking for built-in marketplaces to install...
[9/27/2026, 2:01:00 AM.139] [Info] [BuiltInMarketplaceProvider]  Found 2 built-in marketplace(s)
[9/27/2026, 2:01:00 AM.139] [Info] [PluginManager]  Found 2 built-in marketplace(s)
[9/27/2026, 2:01:00 AM.139] [Info] [MarketplaceStorage]  [MarketplaceStorage] getMarketplaces ensureConfigFile=0ms readAndRepair=0ms migration=0ms total=0ms count=5 path=/Users/didi/.workbuddy/plugins/known_marketplaces.json
[9/27/2026, 2:01:00 AM.139] [Info] [PluginManager]  All built-in marketplaces are already installed
[9/27/2026, 2:01:00 AM.140] [Info] [MarketplaceStorage]  [MarketplaceStorage] getMarketplaces ensureConfigFile=0ms readAndRepair=1ms migration=0ms total=1ms count=5 path=/Users/didi/.workbuddy/plugins/known_marketplaces.json
[9/27/2026, 2:01:00 AM.140] [Info] [BuiltInMarketplaceProvider]  Found 2 built-in marketplace(s)
[9/27/2026, 2:01:00 AM.141] [Info] [PluginManager]  Loaded 5 marketplaces (2 built-in) total=2ms storage=1ms builtIn=0ms autoUpdate=0ms
[9/27/2026, 2:01:02 AM.130] [Info] [TracingService]  Tracing uses @tencent/galileo-node-sdk global OpenTelemetry provider; @genie OTLP exporter is skipped.
[9/27/2026, 2:01:02 AM.130] [Info] [TracingService]  Tracing config resolved: {"productEnabled":true,"enabledByEnv":false,"endpoint":"https://copilot.tencent.com","galileoEnabled":true}
[9/27/2026, 2:01:29 AM.185] [Info] [WorkflowMemProbe] tick runId=(none) | rss=150.1MB heap=166.2/173.9MB external=54.9MB arrayBuffers=0MB
[9/27/2026, 2:17:07 AM.906] [Info] [WorkflowMemProbe] tick runId=(none) | rss=150.1MB heap=166.4/173.9MB external=54.9MB arrayBuffers=0MB
[9/27/2026, 2:17:08 AM.035] [Info] [GitInfoCollector]  CODEBUDDY_GIT_REPO_SCAN_DISABLED 1
[9/27/2026, 2:17:08 AM.035] [Info] [GitInfoCollector]  Git repository scan is disabled via CODEBUDDY_GIT_REPO_SCAN_DISABLED environment variable
[9/27/2026, 2:17:08 AM.736] [Info] [CloudProductManager]  fetch cloud product success, agents(1): cli, models(53): auto,fast-model,balanced-model,deep-model,hy3,hy3-b,hy3-c,hy3-x,hy4-preview,hy4-preview-f,minimax-m2.5,glm-5v-turbo,glm-5.3,glm-5.3-flash,glm-5.2,glm-5.1,glm-5.0-turbo,glm-4.6v,kimi-k3-1,kimi-k2.8-preview,kimi-k2.7,kimi-k2.6,kimi-k2.5,kimi-k2-thinking,minimax-m3,minimax-m2.7,glm-4.6,deepseek-v4-flash,deepseek-v4.1-flash,deepseek-v4-pro,deepseek-v3-2-volc,deepseek-v3-1-volc,deepseek-v3-1-lkeap,deepseek-v3-1,deepseek-v3-0324-lkeap,deepseek-r1-0528-lkeap,kimi-k2-instruct-taiji,completion-gf,default-1.1,hunyuan-3b,hunyuan-7b-dense,codewise-completions,codewise-rewrite,codewise-nes-a4-027-aide,codewise-jump,deepseek-r1-0528,deepseek-v3-0324-taco-completion,deepseek-v3-0324,default-1.2,hunyuan-2.0-instruct,hunyuan-chat,hunyuan-image-alpha,hunyuan-image-alpha-edit
[9/27/2026, 2:17:08 AM.736] [Info] [CloudProductManager]  Fetched configuration from remote [700ms]
[9/27/2026, 2:17:08 AM.738] [Info] [PluginsProductProvider.provide] active=9, ids=[weixinpay@workbuddy-builtin,tencent-docs-plugin@workbuddy-builtin,sheetagent@workbuddy-builtin,tencent-pptx@workbuddy-builtin,tencent-docx@workbuddy-builtin,agent-browser@codebuddy-plugins-official,find-skills@codebuddy-plugins-official,agent-browser@inline,find-skills@inline]
[9/27/2026, 2:17:08 AM.738] [Info] [MCP][cacheDbg] getConnectedServers() called: nonInteractive=true waitForSettle=false cacheNow=[connector-proxy,weixinpay,sheetagent] allServers=[connector-proxy:connected,weixinpay:connected,sheetagent:connected]
[9/27/2026, 2:17:08 AM.738] [Info] [MCP][cacheDbg] getConnectedServers() returning: [connector-proxy,weixinpay,sheetagent] (size=3)
[9/27/2026, 2:17:08 AM.749] [Info] [CustomModelsProductProvider] productName=WorkBuddy, isWorkBuddy=true, userConfigPath=/Users/didi/.workbuddy/models.json
[9/27/2026, 2:17:08 AM.749] [Info] Loaded custom models config from user: /Users/didi/.workbuddy/models.json
[9/27/2026, 2:17:08 AM.749] [Info] [ModelsProductProvider] enterpriseId: undefined, endpoint: https://copilot.tencent.com
[9/27/2026, 2:17:08 AM.749] [Warning] [ModelsProductProvider] enterpriseId is missing, skipping models API call
[9/27/2026, 2:17:08 AM.750] [Info] [AgentModelResolver] product config input: 54 models, 23 agents
[9/27/2026, 2:17:08 AM.750] [Info] [AgentModelResolver] model ids: auto, fast-model, balanced-model, deep-model, hy3, hy3-b, hy3-c, hy3-x, hy4-preview, hy4-preview-f, minimax-m2.5, glm-5v-turbo, glm-5.3, glm-5.3-flash, glm-5.2, glm-5.1, glm-5.0-turbo, glm-4.6v, kimi-k3-1, kimi-k2.8-preview, kimi-k2.7, kimi-k2.6, kimi-k2.5, kimi-k2-thinking, minimax-m3, minimax-m2.7, glm-4.6, deepseek-v4-flash, deepseek-v4.1-flash, deepseek-v4-pro, deepseek-v3-2-volc, deepseek-v3-1-volc, deepseek-v3-1-lkeap, deepseek-v3-1, deepseek-v3-0324-lkeap, deepseek-r1-0528-lkeap, kimi-k2-instruct-taiji, completion-gf, default-1.1, hunyuan-3b, hunyuan-7b-dense, codewise-completions, codewise-rewrite, codewise-nes-a4-027-aide, codewise-jump, deepseek-r1-0528, deepseek-v3-0324-taco-completion, deepseek-v3-0324, default-1.2, hunyuan-2.0-instruct, hunyuan-chat, hunyuan-image-alpha, hunyuan-image-alpha-edit, custom-local:kimi-k3
[9/27/2026, 2:17:08 AM.750] [Info] [AgentModelResolver] agent "cli" original_models=["auto","hy4-preview-f","hy3","hy3-x","deepseek-v4.1-flash","glm-5.3","glm-5.3-flash","glm-5.2","glm-5.1","glm-5v-turbo","minimax-m3","kimi-k3-1","kimi-k2.8-preview","kimi-k2.7","kimi-k2.6","deepseek-v4-pro"] -> resolved_models=["auto","hy4-preview-f","hy3","hy3-x","deepseek-v4.1-flash","glm-5.3","glm-5.3-flash","glm-5.2","glm-5.1","glm-5v-turbo","minimax-m3","kimi-k3-1","kimi-k2.8-preview","kimi-k2.7","kimi-k2.6","deepseek-v4-pro"]
[9/27/2026, 2:17:08 AM.750] [Info] [AgentModelResolver] agent "general-purpose" original_models=[] -> resolved_models=[]
[9/27/2026, 2:17:08 AM.750] [Info] [AgentModelResolver] agent "compact" original_models=[] -> resolved_models=[]
[9/27/2026, 2:17:08 AM.750] [Info] [AgentModelResolver] agent "contextSummary" original_models=[] -> resolved_models=[]
[9/27/2026, 2:17:08 AM.750] [Info] [AgentModelResolver] agent "contentAnalyzer" original_models=[] -> resolved_models=[]
[9/27/2026, 2:17:08 AM.750] [Info] [AgentModelResolver] agent "terminalTitleGenerator" original_models=[] -> resolved_models=[]
[9/27/2026, 2:17:08 AM.750] [Info] [AgentModelResolver] agent "promptSuggestion" original_models=[] -> resolved_models=[]
[9/27/2026, 2:17:08 AM.750] [Info] [AgentModelResolver] agent "memorySelector" original_models=["lite"] -> resolved_models=["lite"]
[9/27/2026, 2:17:08 AM.750] [Info] [AgentModelResolver] agent "summaryGenerator" original_models=[] -> resolved_models=[]
[9/27/2026, 2:17:08 AM.750] [Info] [AgentModelResolver] agent "autoModeClassifier" original_models=[] -> resolved_models=[]
[9/27/2026, 2:17:08 AM.750] [Info] [AgentModelResolver] agent "promptHookEvaluator" original_models=["lite"] -> resolved_models=["lite"]
[9/27/2026, 2:17:08 AM.750] [Info] [AgentModelResolver] agent "insightsAnalyzer" original_models=[] -> resolved_models=[]
[9/27/2026, 2:17:08 AM.750] [Info] [AgentModelResolver] agent "agentInstructions" original_models=[] -> resolved_models=[]
[9/27/2026, 2:17:08 AM.750] [Info] [AgentModelResolver] agent "statusline-setup" original_models=[] -> resolved_models=[]
[9/27/2026, 2:17:08 AM.750] [Info] [AgentModelResolver] agent "Explore" original_models=["lite"] -> resolved_models=["lite"]
[9/27/2026, 2:17:08 AM.750] [Info] [AgentModelResolver] agent "Plan" original_models=[] -> resolved_models=[]
[9/27/2026, 2:17:08 AM.750] [Info] [AgentModelResolver] agent "pulse" original_models=[] -> resolved_models=[]
[9/27/2026, 2:17:08 AM.750] [Info] [AgentModelResolver] agent "handoff-summary" original_models=undefined -> resolved_models=[]
[9/27/2026, 2:17:08 AM.750] [Info] [AgentModelResolver] agent "enhance-prompt" original_models=[] -> resolved_models=[]
[9/27/2026, 2:17:08 AM.750] [Info] [AgentModelResolver] agent "sheet-agent" original_models=[] -> resolved_models=[]
[9/27/2026, 2:17:08 AM.750] [Info] [AgentModelResolver] agent "doc-converter" original_models=[] -> resolved_models=[]
[9/27/2026, 2:17:08 AM.750] [Info] [AgentModelResolver] agent "doc-formatter" original_models=[] -> resolved_models=[]
[9/27/2026, 2:17:08 AM.750] [Info] [AgentModelResolver] agent "doc-writer" original_models=[] -> resolved_models=[]
[9/27/2026, 2:17:08 AM.764] [Info] [PluginPolicyService]  [MergedPlugins][DEBUG] ProductManager.onDidChange fired, reloading policies...
[9/27/2026, 2:17:08 AM.764] [Info] [PluginPolicyService]  [MergedPlugins][DEBUG] Current config builtInMarketPluginsMerge: [{"autoEnable":true,"marketplaceName":"codebuddy-plugins-official","name":"agent-browser","scope":"user"}]
[9/27/2026, 2:17:08 AM.764] [Info] [PluginPolicyService]  [MergedPlugins] Loaded 1 merged plugin entries
[9/27/2026, 2:17:08 AM.764] [Info] [Startup] AgentManager.rebuildAgents: START
[9/27/2026, 2:17:08 AM.765] [Info] [Startup] AgentManager.rebuildAgents: completed in 10ms, resolving readyDeferred
[9/27/2026, 2:17:08 AM.765] [Info] [PluginManager]  Checking for built-in marketplaces to install...
[9/27/2026, 2:17:08 AM.765] [Info] [BuiltInMarketplaceProvider]  Found 2 built-in marketplace(s)
[9/27/2026, 2:17:08 AM.765] [Info] [PluginManager]  Found 2 built-in marketplace(s)
[9/27/2026, 2:17:08 AM.766] [Info] [MarketplaceStorage]  [MarketplaceStorage] getMarketplaces ensureConfigFile=0ms readAndRepair=1ms migration=0ms total=1ms count=5 path=/Users/didi/.workbuddy/plugins/known_marketplaces.json
[9/27/2026, 2:17:08 AM.766] [Info] [PluginManager]  All built-in marketplaces are already installed
[9/27/2026, 2:17:08 AM.767] [Info] [MarketplaceStorage]  [MarketplaceStorage] getMarketplaces ensureConfigFile=0ms readAndRepair=1ms migration=0ms total=1ms count=5 path=/Users/didi/.workbuddy/plugins/known_marketplaces.json
[9/27/2026, 2:17:08 AM.767] [Info] [BuiltInMarketplaceProvider]  Found 2 built-in marketplace(s)
[9/27/2026, 2:17:08 AM.770] [Info] [PluginManager]  Loaded 5 marketplaces (2 built-in) total=4ms storage=1ms builtIn=0ms autoUpdate=0ms
[9/27/2026, 2:17:10 AM.757] [Info] [TracingService]  Tracing uses @tencent/galileo-node-sdk global OpenTelemetry provider; @genie OTLP exporter is skipped.
[9/27/2026, 2:17:10 AM.757] [Info] [TracingService]  Tracing config resolved: {"productEnabled":true,"enabledByEnv":false,"endpoint":"https://copilot.tencent.com","galileoEnabled":true}
[9/27/2026, 2:17:37 AM.919] [Info] [WorkflowMemProbe] tick runId=(none) | rss=142.9MB heap=153.6/162MB external=53.6MB arrayBuffers=0MB
[9/27/2026, 2:33:17 AM.201] [Info] [WorkflowMemProbe] tick runId=(none) | rss=142.9MB heap=153.7/162MB external=53.6MB arrayBuffers=0MB
[9/27/2026, 2:33:17 AM.208] [Info] [GitInfoCollector]  CODEBUDDY_GIT_REPO_SCAN_DISABLED 1
[9/27/2026, 2:33:17 AM.208] [Info] [GitInfoCollector]  Git repository scan is disabled via CODEBUDDY_GIT_REPO_SCAN_DISABLED environment variable
[9/27/2026, 2:33:17 AM.991] [Info] [CloudProductManager]  fetch cloud product success, agents(1): cli, models(53): auto,fast-model,balanced-model,deep-model,hy3,hy3-b,hy3-c,hy3-x,hy4-preview,hy4-preview-f,minimax-m2.5,glm-5v-turbo,glm-5.3,glm-5.3-flash,glm-5.2,glm-5.1,glm-5.0-turbo,glm-4.6v,kimi-k3-1,kimi-k2.8-preview,kimi-k2.7,kimi-k2.6,kimi-k2.5,kimi-k2-thinking,minimax-m3,minimax-m2.7,glm-4.6,deepseek-v4-flash,deepseek-v4.1-flash,deepseek-v4-pro,deepseek-v3-2-volc,deepseek-v3-1-volc,deepseek-v3-1-lkeap,deepseek-v3-1,deepseek-v3-0324-lkeap,deepseek-r1-0528-lkeap,kimi-k2-instruct-taiji,completion-gf,default-1.1,hunyuan-3b,hunyuan-7b-dense,codewise-completions,codewise-rewrite,codewise-nes-a4-027-aide,codewise-jump,deepseek-r1-0528,deepseek-v3-0324-taco-completion,deepseek-v3-0324,default-1.2,hunyuan-2.0-instruct,hunyuan-chat,hunyuan-image-alpha,hunyuan-image-alpha-edit
[9/27/2026, 2:33:17 AM.991] [Info] [CloudProductManager]  Fetched configuration from remote [782ms]
[9/27/2026, 2:33:17 AM.992] [Info] [PluginsProductProvider.provide] active=9, ids=[weixinpay@workbuddy-builtin,tencent-docs-plugin@workbuddy-builtin,sheetagent@workbuddy-builtin,tencent-pptx@workbuddy-builtin,tencent-docx@workbuddy-builtin,agent-browser@codebuddy-plugins-official,find-skills@codebuddy-plugins-official,agent-browser@inline,find-skills@inline]
[9/27/2026, 2:33:17 AM.993] [Info] [MCP][cacheDbg] getConnectedServers() called: nonInteractive=true waitForSettle=false cacheNow=[connector-proxy,weixinpay,sheetagent] allServers=[connector-proxy:connected,weixinpay:connected,sheetagent:connected]
[9/27/2026, 2:33:17 AM.993] [Info] [MCP][cacheDbg] getConnectedServers() returning: [connector-proxy,weixinpay,sheetagent] (size=3)
[9/27/2026, 2:33:18 AM.004] [Info] [CustomModelsProductProvider] productName=WorkBuddy, isWorkBuddy=true, userConfigPath=/Users/didi/.workbuddy/models.json
[9/27/2026, 2:33:18 AM.004] [Info] Loaded custom models config from user: /Users/didi/.workbuddy/models.json
[9/27/2026, 2:33:18 AM.004] [Info] [ModelsProductProvider] enterpriseId: undefined, endpoint: https://copilot.tencent.com
[9/27/2026, 2:33:18 AM.004] [Warning] [ModelsProductProvider] enterpriseId is missing, skipping models API call
[9/27/2026, 2:33:18 AM.004] [Info] [AgentModelResolver] product config input: 54 models, 23 agents
[9/27/2026, 2:33:18 AM.004] [Info] [AgentModelResolver] model ids: auto, fast-model, balanced-model, deep-model, hy3, hy3-b, hy3-c, hy3-x, hy4-preview, hy4-preview-f, minimax-m2.5, glm-5v-turbo, glm-5.3, glm-5.3-flash, glm-5.2, glm-5.1, glm-5.0-turbo, glm-4.6v, kimi-k3-1, kimi-k2.8-preview, kimi-k2.7, kimi-k2.6, kimi-k2.5, kimi-k2-thinking, minimax-m3, minimax-m2.7, glm-4.6, deepseek-v4-flash, deepseek-v4.1-flash, deepseek-v4-pro, deepseek-v3-2-volc, deepseek-v3-1-volc, deepseek-v3-1-lkeap, deepseek-v3-1, deepseek-v3-0324-lkeap, deepseek-r1-0528-lkeap, kimi-k2-instruct-taiji, completion-gf, default-1.1, hunyuan-3b, hunyuan-7b-dense, codewise-completions, codewise-rewrite, codewise-nes-a4-027-aide, codewise-jump, deepseek-r1-0528, deepseek-v3-0324-taco-completion, deepseek-v3-0324, default-1.2, hunyuan-2.0-instruct, hunyuan-chat, hunyuan-image-alpha, hunyuan-image-alpha-edit, custom-local:kimi-k3
[9/27/2026, 2:33:18 AM.004] [Info] [AgentModelResolver] agent "cli" original_models=["auto","hy4-preview-f","hy3","hy3-x","deepseek-v4.1-flash","glm-5.3","glm-5.3-flash","glm-5.2","glm-5.1","glm-5v-turbo","minimax-m3","kimi-k3-1","kimi-k2.8-preview","kimi-k2.7","kimi-k2.6","deepseek-v4-pro"] -> resolved_models=["auto","hy4-preview-f","hy3","hy3-x","deepseek-v4.1-flash","glm-5.3","glm-5.3-flash","glm-5.2","glm-5.1","glm-5v-turbo","minimax-m3","kimi-k3-1","kimi-k2.8-preview","kimi-k2.7","kimi-k2.6","deepseek-v4-pro"]
[9/27/2026, 2:33:18 AM.004] [Info] [AgentModelResolver] agent "general-purpose" original_models=[] -> resolved_models=[]
[9/27/2026, 2:33:18 AM.004] [Info] [AgentModelResolver] agent "compact" original_models=[] -> resolved_models=[]
[9/27/2026, 2:33:18 AM.004] [Info] [AgentModelResolver] agent "contextSummary" original_models=[] -> resolved_models=[]
[9/27/2026, 2:33:18 AM.004] [Info] [AgentModelResolver] agent "contentAnalyzer" original_models=[] -> resolved_models=[]
[9/27/2026, 2:33:18 AM.004] [Info] [AgentModelResolver] agent "terminalTitleGenerator" original_models=[] -> resolved_models=[]
[9/27/2026, 2:33:18 AM.004] [Info] [AgentModelResolver] agent "promptSuggestion" original_models=[] -> resolved_models=[]
[9/27/2026, 2:33:18 AM.004] [Info] [AgentModelResolver] agent "memorySelector" original_models=["lite"] -> resolved_models=["lite"]
[9/27/2026, 2:33:18 AM.004] [Info] [AgentModelResolver] agent "summaryGenerator" original_models=[] -> resolved_models=[]
[9/27/2026, 2:33:18 AM.004] [Info] [AgentModelResolver] agent "autoModeClassifier" original_models=[] -> resolved_models=[]
[9/27/2026, 2:33:18 AM.004] [Info] [AgentModelResolver] agent "promptHookEvaluator" original_models=["lite"] -> resolved_models=["lite"]
[9/27/2026, 2:33:18 AM.004] [Info] [AgentModelResolver] agent "insightsAnalyzer" original_models=[] -> resolved_models=[]
[9/27/2026, 2:33:18 AM.004] [Info] [AgentModelResolver] agent "agentInstructions" original_models=[] -> resolved_models=[]
[9/27/2026, 2:33:18 AM.004] [Info] [AgentModelResolver] agent "statusline-setup" original_models=[] -> resolved_models=[]
[9/27/2026, 2:33:18 AM.004] [Info] [AgentModelResolver] agent "Explore" original_models=["lite"] -> resolved_models=["lite"]
[9/27/2026, 2:33:18 AM.004] [Info] [AgentModelResolver] agent "Plan" original_models=[] -> resolved_models=[]
[9/27/2026, 2:33:18 AM.004] [Info] [AgentModelResolver] agent "pulse" original_models=[] -> resolved_models=[]
[9/27/2026, 2:33:18 AM.004] [Info] [AgentModelResolver] agent "handoff-summary" original_models=undefined -> resolved_models=[]
[9/27/2026, 2:33:18 AM.004] [Info] [AgentModelResolver] agent "enhance-prompt" original_models=[] -> resolved_models=[]
[9/27/2026, 2:33:18 AM.004] [Info] [AgentModelResolver] agent "sheet-agent" original_models=[] -> resolved_models=[]
[9/27/2026, 2:33:18 AM.004] [Info] [AgentModelResolver] agent "doc-converter" original_models=[] -> resolved_models=[]
[9/27/2026, 2:33:18 AM.004] [Info] [AgentModelResolver] agent "doc-formatter" original_models=[] -> resolved_models=[]
[9/27/2026, 2:33:18 AM.004] [Info] [AgentModelResolver] agent "doc-writer" original_models=[] -> resolved_models=[]
[9/27/2026, 2:33:18 AM.019] [Info] [PluginPolicyService]  [MergedPlugins][DEBUG] ProductManager.onDidChange fired, reloading policies...
[9/27/2026, 2:33:18 AM.019] [Info] [PluginPolicyService]  [MergedPlugins][DEBUG] Current config builtInMarketPluginsMerge: [{"autoEnable":true,"marketplaceName":"codebuddy-plugins-official","name":"agent-browser","scope":"user"}]
[9/27/2026, 2:33:18 AM.019] [Info] [PluginPolicyService]  [MergedPlugins] Loaded 1 merged plugin entries
[9/27/2026, 2:33:18 AM.019] [Info] [Startup] AgentManager.rebuildAgents: START
[9/27/2026, 2:33:18 AM.019] [Info] [Startup] AgentManager.rebuildAgents: completed in 11ms, resolving readyDeferred
[9/27/2026, 2:33:18 AM.019] [Info] [PluginManager]  Checking for built-in marketplaces to install...
[9/27/2026, 2:33:18 AM.019] [Info] [BuiltInMarketplaceProvider]  Found 2 built-in marketplace(s)
[9/27/2026, 2:33:18 AM.019] [Info] [PluginManager]  Found 2 built-in marketplace(s)
[9/27/2026, 2:33:18 AM.019] [Info] [MarketplaceStorage]  [MarketplaceStorage] getMarketplaces ensureConfigFile=0ms readAndRepair=0ms migration=0ms total=0ms count=5 path=/Users/didi/.workbuddy/plugins/known_marketplaces.json
[9/27/2026, 2:33:18 AM.019] [Info] [PluginManager]  All built-in marketplaces are already installed
[9/27/2026, 2:33:18 AM.020] [Info] [MarketplaceStorage]  [MarketplaceStorage] getMarketplaces ensureConfigFile=0ms readAndRepair=1ms migration=0ms total=1ms count=5 path=/Users/didi/.workbuddy/plugins/known_marketplaces.json
[9/27/2026, 2:33:18 AM.020] [Info] [BuiltInMarketplaceProvider]  Found 2 built-in marketplace(s)
[9/27/2026, 2:33:18 AM.021] [Info] [PluginManager]  Loaded 5 marketplaces (2 built-in) total=2ms storage=1ms builtIn=0ms autoUpdate=0ms
[9/27/2026, 2:33:20 AM.011] [Info] [TracingService]  Tracing uses @tencent/galileo-node-sdk global OpenTelemetry provider; @genie OTLP exporter is skipped.
[9/27/2026, 2:33:20 AM.011] [Info] [TracingService]  Tracing config resolved: {"productEnabled":true,"enabledByEnv":false,"endpoint":"https://copilot.tencent.com","galileoEnabled":true}
[9/27/2026, 2:33:47 AM.209] [Info] [WorkflowMemProbe] tick runId=(none) | rss=150.2MB heap=161.9/169.9MB external=54.8MB arrayBuffers=0MB
[9/27/2026, 2:40:47 AM.522] [Info] [WorkflowMemProbe] tick runId=(none) | rss=150.2MB heap=162.1/169.9MB external=54.8MB arrayBuffers=0MB
[9/27/2026, 2:41:17 AM.507] [Info] [WorkflowMemProbe] tick runId=(none) | rss=150.3MB heap=162.3/170.2MB external=54.9MB arrayBuffers=0MB
[9/27/2026, 2:41:17 AM.520] [Info] [PluginsProductProvider.provide] active=9, ids=[weixinpay@workbuddy-builtin,tencent-docs-plugin@workbuddy-builtin,sheetagent@workbuddy-builtin,tencent-pptx@workbuddy-builtin,tencent-docx@workbuddy-builtin,agent-browser@codebuddy-plugins-official,find-skills@codebuddy-plugins-official,agent-browser@inline,find-skills@inline]
[9/27/2026, 2:41:17 AM.520] [Info] [MCP][cacheDbg] getConnectedServers() called: nonInteractive=true waitForSettle=false cacheNow=[connector-proxy,weixinpay,sheetagent] allServers=[connector-proxy:connected,weixinpay:connected,sheetagent:connected]
[9/27/2026, 2:41:17 AM.520] [Info] [MCP][cacheDbg] getConnectedServers() returning: [connector-proxy,weixinpay,sheetagent] (size=3)
[9/27/2026, 2:41:17 AM.528] [Info] [CustomModelsProductProvider] productName=WorkBuddy, isWorkBuddy=true, userConfigPath=/Users/didi/.workbuddy/models.json
[9/27/2026, 2:41:17 AM.528] [Info] Loaded custom models config from user: /Users/didi/.workbuddy/models.json
[9/27/2026, 2:41:17 AM.528] [Info] [ModelsProductProvider] enterpriseId: undefined, endpoint: https://copilot.tencent.com
[9/27/2026, 2:41:17 AM.528] [Warning] [ModelsProductProvider] enterpriseId is missing, skipping models API call
[9/27/2026, 2:41:17 AM.528] [Info] [AgentModelResolver] product config input: 54 models, 23 agents
[9/27/2026, 2:41:17 AM.528] [Info] [AgentModelResolver] model ids: auto, fast-model, balanced-model, deep-model, hy3, hy3-b, hy3-c, hy3-x, hy4-preview, hy4-preview-f, minimax-m2.5, glm-5v-turbo, glm-5.3, glm-5.3-flash, glm-5.2, glm-5.1, glm-5.0-turbo, glm-4.6v, kimi-k3-1, kimi-k2.8-preview, kimi-k2.7, kimi-k2.6, kimi-k2.5, kimi-k2-thinking, minimax-m3, minimax-m2.7, glm-4.6, deepseek-v4-flash, deepseek-v4.1-flash, deepseek-v4-pro, deepseek-v3-2-volc, deepseek-v3-1-volc, deepseek-v3-1-lkeap, deepseek-v3-1, deepseek-v3-0324-lkeap, deepseek-r1-0528-lkeap, kimi-k2-instruct-taiji, completion-gf, default-1.1, hunyuan-3b, hunyuan-7b-dense, codewise-completions, codewise-rewrite, codewise-nes-a4-027-aide, codewise-jump, deepseek-r1-0528, deepseek-v3-0324-taco-completion, deepseek-v3-0324, default-1.2, hunyuan-2.0-instruct, hunyuan-chat, hunyuan-image-alpha, hunyuan-image-alpha-edit, custom-local:kimi-k3
[9/27/2026, 2:41:17 AM.528] [Info] [AgentModelResolver] agent "cli" original_models=["auto","hy4-preview-f","hy3","hy3-x","deepseek-v4.1-flash","glm-5.3","glm-5.3-flash","glm-5.2","glm-5.1","glm-5v-turbo","minimax-m3","kimi-k3-1","kimi-k2.8-preview","kimi-k2.7","kimi-k2.6","deepseek-v4-pro"] -> resolved_models=["auto","hy4-preview-f","hy3","hy3-x","deepseek-v4.1-flash","glm-5.3","glm-5.3-flash","glm-5.2","glm-5.1","glm-5v-turbo","minimax-m3","kimi-k3-1","kimi-k2.8-preview","kimi-k2.7","kimi-k2.6","deepseek-v4-pro"]
[9/27/2026, 2:41:17 AM.528] [Info] [AgentModelResolver] agent "general-purpose" original_models=[] -> resolved_models=[]
[9/27/2026, 2:41:17 AM.528] [Info] [AgentModelResolver] agent "compact" original_models=[] -> resolved_models=[]
[9/27/2026, 2:41:17 AM.528] [Info] [AgentModelResolver] agent "contextSummary" original_models=[] -> resolved_models=[]
[9/27/2026, 2:41:17 AM.528] [Info] [AgentModelResolver] agent "contentAnalyzer" original_models=[] -> resolved_models=[]
[9/27/2026, 2:41:17 AM.528] [Info] [AgentModelResolver] agent "terminalTitleGenerator" original_models=[] -> resolved_models=[]
[9/27/2026, 2:41:17 AM.528] [Info] [AgentModelResolver] agent "promptSuggestion" original_models=[] -> resolved_models=[]
[9/27/2026, 2:41:17 AM.528] [Info] [AgentModelResolver] agent "memorySelector" original_models=["lite"] -> resolved_models=["lite"]
[9/27/2026, 2:41:17 AM.528] [Info] [AgentModelResolver] agent "summaryGenerator" original_models=[] -> resolved_models=[]
[9/27/2026, 2:41:17 AM.528] [Info] [AgentModelResolver] agent "autoModeClassifier" original_models=[] -> resolved_models=[]
[9/27/2026, 2:41:17 AM.528] [Info] [AgentModelResolver] agent "promptHookEvaluator" original_models=["lite"] -> resolved_models=["lite"]
[9/27/2026, 2:41:17 AM.528] [Info] [AgentModelResolver] agent "insightsAnalyzer" original_models=[] -> resolved_models=[]
[9/27/2026, 2:41:17 AM.528] [Info] [AgentModelResolver] agent "agentInstructions" original_models=[] -> resolved_models=[]
[9/27/2026, 2:41:17 AM.528] [Info] [AgentModelResolver] agent "statusline-setup" original_models=[] -> resolved_models=[]
[9/27/2026, 2:41:17 AM.528] [Info] [AgentModelResolver] agent "Explore" original_models=["lite"] -> resolved_models=["lite"]
[9/27/2026, 2:41:17 AM.528] [Info] [AgentModelResolver] agent "Plan" original_models=[] -> resolved_models=[]
[9/27/2026, 2:41:17 AM.528] [Info] [AgentModelResolver] agent "pulse" original_models=[] -> resolved_models=[]
[9/27/2026, 2:41:17 AM.528] [Info] [AgentModelResolver] agent "handoff-summary" original_models=undefined -> resolved_models=[]
[9/27/2026, 2:41:17 AM.528] [Info] [AgentModelResolver] agent "enhance-prompt" original_models=[] -> resolved_models=[]
[9/27/2026, 2:41:17 AM.528] [Info] [AgentModelResolver] agent "sheet-agent" original_models=[] -> resolved_models=[]
[9/27/2026, 2:41:17 AM.528] [Info] [AgentModelResolver] agent "doc-converter" original_models=[] -> resolved_models=[]
[9/27/2026, 2:41:17 AM.528] [Info] [AgentModelResolver] agent "doc-formatter" original_models=[] -> resolved_models=[]
[9/27/2026, 2:41:17 AM.528] [Info] [AgentModelResolver] agent "doc-writer" original_models=[] -> resolved_models=[]
[9/27/2026, 2:41:17 AM.543] [Info] [PluginPolicyService]  [MergedPlugins][DEBUG] ProductManager.onDidChange fired, reloading policies...
[9/27/2026, 2:41:17 AM.543] [Info] [PluginPolicyService]  [MergedPlugins][DEBUG] Current config builtInMarketPluginsMerge: [{"autoEnable":true,"marketplaceName":"codebuddy-plugins-official","name":"agent-browser","scope":"user"}]
[9/27/2026, 2:41:17 AM.543] [Info] [PluginPolicyService]  [MergedPlugins] Loaded 1 merged plugin entries
[9/27/2026, 2:41:17 AM.543] [Info] [Startup] AgentManager.rebuildAgents: START
[9/27/2026, 2:41:17 AM.543] [Info] [Startup] AgentManager.rebuildAgents: completed in 11ms, resolving readyDeferred
[9/27/2026, 2:41:17 AM.543] [Info] [PluginManager]  Checking for built-in marketplaces to install...
[9/27/2026, 2:41:17 AM.543] [Info] [BuiltInMarketplaceProvider]  Found 2 built-in marketplace(s)
[9/27/2026, 2:41:17 AM.543] [Info] [PluginManager]  Found 2 built-in marketplace(s)
[9/27/2026, 2:41:17 AM.544] [Info] [MarketplaceStorage]  [MarketplaceStorage] getMarketplaces ensureConfigFile=0ms readAndRepair=1ms migration=0ms total=1ms count=5 path=/Users/didi/.workbuddy/plugins/known_marketplaces.json
[9/27/2026, 2:41:17 AM.544] [Info] [PluginManager]  All built-in marketplaces are already installed
[9/27/2026, 2:41:17 AM.545] [Info] [MarketplaceStorage]  [MarketplaceStorage] getMarketplaces ensureConfigFile=0ms readAndRepair=1ms migration=0ms total=1ms count=5 path=/Users/didi/.workbuddy/plugins/known_marketplaces.json
[9/27/2026, 2:41:17 AM.545] [Info] [BuiltInMarketplaceProvider]  Found 2 built-in marketplace(s)
[9/27/2026, 2:41:17 AM.546] [Info] [PluginManager]  Loaded 5 marketplaces (2 built-in) total=2ms storage=1ms builtIn=0ms autoUpdate=0ms
[9/27/2026, 2:41:19 AM.534] [Info] [TracingService]  Tracing uses @tencent/galileo-node-sdk global OpenTelemetry provider; @genie OTLP exporter is skipped.
[9/27/2026, 2:41:19 AM.535] [Info] [TracingService]  Tracing config resolved: {"productEnabled":true,"enabledByEnv":false,"endpoint":"https://copilot.tencent.com","galileoEnabled":true}
[9/27/2026, 2:57:02 AM.802] [Info] [WorkflowMemProbe] tick runId=(none) | rss=149.7MB heap=162/167.2MB external=53.7MB arrayBuffers=0MB
[9/27/2026, 2:57:02 AM.806] [Info] [GitInfoCollector]  CODEBUDDY_GIT_REPO_SCAN_DISABLED 1
[9/27/2026, 2:57:02 AM.806] [Info] [GitInfoCollector]  Git repository scan is disabled via CODEBUDDY_GIT_REPO_SCAN_DISABLED environment variable
[9/27/2026, 2:57:03 AM.576] [Info] [CloudProductManager]  fetch cloud product success, agents(1): cli, models(53): auto,fast-model,balanced-model,deep-model,hy3,hy3-b,hy3-c,hy3-x,hy4-preview,hy4-preview-f,minimax-m2.5,glm-5v-turbo,glm-5.3,glm-5.3-flash,glm-5.2,glm-5.1,glm-5.0-turbo,glm-4.6v,kimi-k3-1,kimi-k2.8-preview,kimi-k2.7,kimi-k2.6,kimi-k2.5,kimi-k2-thinking,minimax-m3,minimax-m2.7,glm-4.6,deepseek-v4-flash,deepseek-v4.1-flash,deepseek-v4-pro,deepseek-v3-2-volc,deepseek-v3-1-volc,deepseek-v3-1-lkeap,deepseek-v3-1,deepseek-v3-0324-lkeap,deepseek-r1-0528-lkeap,kimi-k2-instruct-taiji,completion-gf,default-1.1,hunyuan-3b,hunyuan-7b-dense,codewise-completions,codewise-rewrite,codewise-nes-a4-027-aide,codewise-jump,deepseek-r1-0528,deepseek-v3-0324-taco-completion,deepseek-v3-0324,default-1.2,hunyuan-2.0-instruct,hunyuan-chat,hunyuan-image-alpha,hunyuan-image-alpha-edit
[9/27/2026, 2:57:03 AM.576] [Info] [CloudProductManager]  Fetched configuration from remote [769ms]
[9/27/2026, 2:57:03 AM.578] [Info] [PluginsProductProvider.provide] active=9, ids=[weixinpay@workbuddy-builtin,tencent-docs-plugin@workbuddy-builtin,sheetagent@workbuddy-builtin,tencent-pptx@workbuddy-builtin,tencent-docx@workbuddy-builtin,agent-browser@codebuddy-plugins-official,find-skills@codebuddy-plugins-official,agent-browser@inline,find-skills@inline]
[9/27/2026, 2:57:03 AM.578] [Info] [MCP][cacheDbg] getConnectedServers() called: nonInteractive=true waitForSettle=false cacheNow=[connector-proxy,weixinpay,sheetagent] allServers=[connector-proxy:connected,weixinpay:connected,sheetagent:connected]
[9/27/2026, 2:57:03 AM.578] [Info] [MCP][cacheDbg] getConnectedServers() returning: [connector-proxy,weixinpay,sheetagent] (size=3)
[9/27/2026, 2:57:03 AM.591] [Info] [CustomModelsProductProvider] productName=WorkBuddy, isWorkBuddy=true, userConfigPath=/Users/didi/.workbuddy/models.json
[9/27/2026, 2:57:03 AM.591] [Info] Loaded custom models config from user: /Users/didi/.workbuddy/models.json
[9/27/2026, 2:57:03 AM.591] [Info] [ModelsProductProvider] enterpriseId: undefined, endpoint: https://copilot.tencent.com
[9/27/2026, 2:57:03 AM.591] [Warning] [ModelsProductProvider] enterpriseId is missing, skipping models API call
[9/27/2026, 2:57:03 AM.591] [Info] [AgentModelResolver] product config input: 54 models, 23 agents
[9/27/2026, 2:57:03 AM.591] [Info] [AgentModelResolver] model ids: auto, fast-model, balanced-model, deep-model, hy3, hy3-b, hy3-c, hy3-x, hy4-preview, hy4-preview-f, minimax-m2.5, glm-5v-turbo, glm-5.3, glm-5.3-flash, glm-5.2, glm-5.1, glm-5.0-turbo, glm-4.6v, kimi-k3-1, kimi-k2.8-preview, kimi-k2.7, kimi-k2.6, kimi-k2.5, kimi-k2-thinking, minimax-m3, minimax-m2.7, glm-4.6, deepseek-v4-flash, deepseek-v4.1-flash, deepseek-v4-pro, deepseek-v3-2-volc, deepseek-v3-1-volc, deepseek-v3-1-lkeap, deepseek-v3-1, deepseek-v3-0324-lkeap, deepseek-r1-0528-lkeap, kimi-k2-instruct-taiji, completion-gf, default-1.1, hunyuan-3b, hunyuan-7b-dense, codewise-completions, codewise-rewrite, codewise-nes-a4-027-aide, codewise-jump, deepseek-r1-0528, deepseek-v3-0324-taco-completion, deepseek-v3-0324, default-1.2, hunyuan-2.0-instruct, hunyuan-chat, hunyuan-image-alpha, hunyuan-image-alpha-edit, custom-local:kimi-k3
[9/27/2026, 2:57:03 AM.591] [Info] [AgentModelResolver] agent "cli" original_models=["auto","hy4-preview-f","hy3","hy3-x","deepseek-v4.1-flash","glm-5.3","glm-5.3-flash","glm-5.2","glm-5.1","glm-5v-turbo","minimax-m3","kimi-k3-1","kimi-k2.8-preview","kimi-k2.7","kimi-k2.6","deepseek-v4-pro"] -> resolved_models=["auto","hy4-preview-f","hy3","hy3-x","deepseek-v4.1-flash","glm-5.3","glm-5.3-flash","glm-5.2","glm-5.1","glm-5v-turbo","minimax-m3","kimi-k3-1","kimi-k2.8-preview","kimi-k2.7","kimi-k2.6","deepseek-v4-pro"]
[9/27/2026, 2:57:03 AM.591] [Info] [AgentModelResolver] agent "general-purpose" original_models=[] -> resolved_models=[]
[9/27/2026, 2:57:03 AM.591] [Info] [AgentModelResolver] agent "compact" original_models=[] -> resolved_models=[]
[9/27/2026, 2:57:03 AM.591] [Info] [AgentModelResolver] agent "contextSummary" original_models=[] -> resolved_models=[]
[9/27/2026, 2:57:03 AM.591] [Info] [AgentModelResolver] agent "contentAnalyzer" original_models=[] -> resolved_models=[]
[9/27/2026, 2:57:03 AM.591] [Info] [AgentModelResolver] agent "terminalTitleGenerator" original_models=[] -> resolved_models=[]
[9/27/2026, 2:57:03 AM.591] [Info] [AgentModelResolver] agent "promptSuggestion" original_models=[] -> resolved_models=[]
[9/27/2026, 2:57:03 AM.591] [Info] [AgentModelResolver] agent "memorySelector" original_models=["lite"] -> resolved_models=["lite"]
[9/27/2026, 2:57:03 AM.591] [Info] [AgentModelResolver] agent "summaryGenerator" original_models=[] -> resolved_models=[]
[9/27/2026, 2:57:03 AM.591] [Info] [AgentModelResolver] agent "autoModeClassifier" original_models=[] -> resolved_models=[]
[9/27/2026, 2:57:03 AM.591] [Info] [AgentModelResolver] agent "promptHookEvaluator" original_models=["lite"] -> resolved_models=["lite"]
[9/27/2026, 2:57:03 AM.591] [Info] [AgentModelResolver] agent "insightsAnalyzer" original_models=[] -> resolved_models=[]
[9/27/2026, 2:57:03 AM.591] [Info] [AgentModelResolver] agent "agentInstructions" original_models=[] -> resolved_models=[]
[9/27/2026, 2:57:03 AM.591] [Info] [AgentModelResolver] agent "statusline-setup" original_models=[] -> resolved_models=[]
[9/27/2026, 2:57:03 AM.591] [Info] [AgentModelResolver] agent "Explore" original_models=["lite"] -> resolved_models=["lite"]
[9/27/2026, 2:57:03 AM.591] [Info] [AgentModelResolver] agent "Plan" original_models=[] -> resolved_models=[]
[9/27/2026, 2:57:03 AM.591] [Info] [AgentModelResolver] agent "pulse" original_models=[] -> resolved_models=[]
[9/27/2026, 2:57:03 AM.591] [Info] [AgentModelResolver] agent "handoff-summary" original_models=undefined -> resolved_models=[]
[9/27/2026, 2:57:03 AM.591] [Info] [AgentModelResolver] agent "enhance-prompt" original_models=[] -> resolved_models=[]
[9/27/2026, 2:57:03 AM.591] [Info] [AgentModelResolver] agent "sheet-agent" original_models=[] -> resolved_models=[]
[9/27/2026, 2:57:03 AM.591] [Info] [AgentModelResolver] agent "doc-converter" original_models=[] -> resolved_models=[]
[9/27/2026, 2:57:03 AM.591] [Info] [AgentModelResolver] agent "doc-formatter" original_models=[] -> resolved_models=[]
[9/27/2026, 2:57:03 AM.591] [Info] [AgentModelResolver] agent "doc-writer" original_models=[] -> resolved_models=[]
[9/27/2026, 2:57:03 AM.607] [Info] [PluginPolicyService]  [MergedPlugins][DEBUG] ProductManager.onDidChange fired, reloading policies...
[9/27/2026, 2:57:03 AM.607] [Info] [PluginPolicyService]  [MergedPlugins][DEBUG] Current config builtInMarketPluginsMerge: [{"autoEnable":true,"marketplaceName":"codebuddy-plugins-official","name":"agent-browser","scope":"user"}]
[9/27/2026, 2:57:03 AM.607] [Info] [PluginPolicyService]  [MergedPlugins] Loaded 1 merged plugin entries
[9/27/2026, 2:57:03 AM.607] [Info] [Startup] AgentManager.rebuildAgents: START
[9/27/2026, 2:57:03 AM.607] [Info] [Startup] AgentManager.rebuildAgents: completed in 11ms, resolving readyDeferred
[9/27/2026, 2:57:03 AM.607] [Info] [PluginManager]  Checking for built-in marketplaces to install...
[9/27/2026, 2:57:03 AM.607] [Info] [BuiltInMarketplaceProvider]  Found 2 built-in marketplace(s)
[9/27/2026, 2:57:03 AM.607] [Info] [PluginManager]  Found 2 built-in marketplace(s)
[9/27/2026, 2:57:03 AM.608] [Info] [MarketplaceStorage]  [MarketplaceStorage] getMarketplaces ensureConfigFile=0ms readAndRepair=1ms migration=0ms total=1ms count=5 path=/Users/didi/.workbuddy/plugins/known_marketplaces.json
[9/27/2026, 2:57:03 AM.608] [Info] [PluginManager]  All built-in marketplaces are already installed
[9/27/2026, 2:57:03 AM.609] [Info] [MarketplaceStorage]  [MarketplaceStorage] getMarketplaces ensureConfigFile=0ms readAndRepair=1ms migration=0ms total=1ms count=5 path=/Users/didi/.workbuddy/plugins/known_marketplaces.json
[9/27/2026, 2:57:03 AM.609] [Info] [BuiltInMarketplaceProvider]  Found 2 built-in marketplace(s)
[9/27/2026, 2:57:03 AM.613] [Info] [PluginManager]  Loaded 5 marketplaces (2 built-in) total=5ms storage=1ms builtIn=0ms autoUpdate=0ms
[9/27/2026, 2:57:05 AM.599] [Info] [TracingService]  Tracing uses @tencent/galileo-node-sdk global OpenTelemetry provider; @genie OTLP exporter is skipped.
[9/27/2026, 2:57:05 AM.599] [Info] [TracingService]  Tracing config resolved: {"productEnabled":true,"enabledByEnv":false,"endpoint":"https://copilot.tencent.com","galileoEnabled":true}
[9/27/2026, 2:57:32 AM.810] [Info] [WorkflowMemProbe] tick runId=(none) | rss=135.9MB heap=152.1/162.9MB external=53.4MB arrayBuffers=0MB
[9/27/2026, 2:57:38 AM.950] [Info] [TracingService]  [primary] Exported 1 spans, traceIds: af88eab1b0238138e7b4a5f0e04c396f
[9/27/2026, 3:13:18 AM.672] [Info] [WorkflowMemProbe] tick runId=(none) | rss=141.6MB heap=157.2/166.7MB external=53.5MB arrayBuffers=0MB
[9/27/2026, 3:13:18 AM.688] [Info] [GitInfoCollector]  CODEBUDDY_GIT_REPO_SCAN_DISABLED 1
[9/27/2026, 3:13:18 AM.688] [Info] [GitInfoCollector]  Git repository scan is disabled via CODEBUDDY_GIT_REPO_SCAN_DISABLED environment variable
[9/27/2026, 3:13:19 AM.726] [Info] [CloudProductManager]  fetch cloud product success, agents(1): cli, models(53): auto,fast-model,balanced-model,deep-model,hy3,hy3-b,hy3-c,hy3-x,hy4-preview,hy4-preview-f,minimax-m2.5,glm-5v-turbo,glm-5.3,glm-5.3-flash,glm-5.2,glm-5.1,glm-5.0-turbo,glm-4.6v,kimi-k3-1,kimi-k2.8-preview,kimi-k2.7,kimi-k2.6,kimi-k2.5,kimi-k2-thinking,minimax-m3,minimax-m2.7,glm-4.6,deepseek-v4-flash,deepseek-v4.1-flash,deepseek-v4-pro,deepseek-v3-2-volc,deepseek-v3-1-volc,deepseek-v3-1-lkeap,deepseek-v3-1,deepseek-v3-0324-lkeap,deepseek-r1-0528-lkeap,kimi-k2-instruct-taiji,completion-gf,default-1.1,hunyuan-3b,hunyuan-7b-dense,codewise-completions,codewise-rewrite,codewise-nes-a4-027-aide,codewise-jump,deepseek-r1-0528,deepseek-v3-0324-taco-completion,deepseek-v3-0324,default-1.2,hunyuan-2.0-instruct,hunyuan-chat,hunyuan-image-alpha,hunyuan-image-alpha-edit
[9/27/2026, 3:13:19 AM.726] [Info] [CloudProductManager]  Fetched configuration from remote [1038ms]
[9/27/2026, 3:13:19 AM.727] [Info] [PluginsProductProvider.provide] active=9, ids=[weixinpay@workbuddy-builtin,tencent-docs-plugin@workbuddy-builtin,sheetagent@workbuddy-builtin,tencent-pptx@workbuddy-builtin,tencent-docx@workbuddy-builtin,agent-browser@codebuddy-plugins-official,find-skills@codebuddy-plugins-official,agent-browser@inline,find-skills@inline]
[9/27/2026, 3:13:19 AM.727] [Info] [MCP][cacheDbg] getConnectedServers() called: nonInteractive=true waitForSettle=false cacheNow=[connector-proxy,weixinpay,sheetagent] allServers=[connector-proxy:connected,weixinpay:connected,sheetagent:connected]
[9/27/2026, 3:13:19 AM.727] [Info] [MCP][cacheDbg] getConnectedServers() returning: [connector-proxy,weixinpay,sheetagent] (size=3)
[9/27/2026, 3:13:19 AM.733] [Info] [CustomModelsProductProvider] productName=WorkBuddy, isWorkBuddy=true, userConfigPath=/Users/didi/.workbuddy/models.json
[9/27/2026, 3:13:19 AM.733] [Info] Loaded custom models config from user: /Users/didi/.workbuddy/models.json
[9/27/2026, 3:13:19 AM.733] [Info] [ModelsProductProvider] enterpriseId: undefined, endpoint: https://copilot.tencent.com
[9/27/2026, 3:13:19 AM.733] [Warning] [ModelsProductProvider] enterpriseId is missing, skipping models API call
[9/27/2026, 3:13:19 AM.733] [Info] [AgentModelResolver] product config input: 54 models, 23 agents
[9/27/2026, 3:13:19 AM.733] [Info] [AgentModelResolver] model ids: auto, fast-model, balanced-model, deep-model, hy3, hy3-b, hy3-c, hy3-x, hy4-preview, hy4-preview-f, minimax-m2.5, glm-5v-turbo, glm-5.3, glm-5.3-flash, glm-5.2, glm-5.1, glm-5.0-turbo, glm-4.6v, kimi-k3-1, kimi-k2.8-preview, kimi-k2.7, kimi-k2.6, kimi-k2.5, kimi-k2-thinking, minimax-m3, minimax-m2.7, glm-4.6, deepseek-v4-flash, deepseek-v4.1-flash, deepseek-v4-pro, deepseek-v3-2-volc, deepseek-v3-1-volc, deepseek-v3-1-lkeap, deepseek-v3-1, deepseek-v3-0324-lkeap, deepseek-r1-0528-lkeap, kimi-k2-instruct-taiji, completion-gf, default-1.1, hunyuan-3b, hunyuan-7b-dense, codewise-completions, codewise-rewrite, codewise-nes-a4-027-aide, codewise-jump, deepseek-r1-0528, deepseek-v3-0324-taco-completion, deepseek-v3-0324, default-1.2, hunyuan-2.0-instruct, hunyuan-chat, hunyuan-image-alpha, hunyuan-image-alpha-edit, custom-local:kimi-k3
[9/27/2026, 3:13:19 AM.733] [Info] [AgentModelResolver] agent "cli" original_models=["auto","hy4-preview-f","hy3","hy3-x","deepseek-v4.1-flash","glm-5.3","glm-5.3-flash","glm-5.2","glm-5.1","glm-5v-turbo","minimax-m3","kimi-k3-1","kimi-k2.8-preview","kimi-k2.7","kimi-k2.6","deepseek-v4-pro"] -> resolved_models=["auto","hy4-preview-f","hy3","hy3-x","deepseek-v4.1-flash","glm-5.3","glm-5.3-flash","glm-5.2","glm-5.1","glm-5v-turbo","minimax-m3","kimi-k3-1","kimi-k2.8-preview","kimi-k2.7","kimi-k2.6","deepseek-v4-pro"]
[9/27/2026, 3:13:19 AM.733] [Info] [AgentModelResolver] agent "general-purpose" original_models=[] -> resolved_models=[]
[9/27/2026, 3:13:19 AM.733] [Info] [AgentModelResolver] agent "compact" original_models=[] -> resolved_models=[]
[9/27/2026, 3:13:19 AM.733] [Info] [AgentModelResolver] agent "contextSummary" original_models=[] -> resolved_models=[]
[9/27/2026, 3:13:19 AM.733] [Info] [AgentModelResolver] agent "contentAnalyzer" original_models=[] -> resolved_models=[]
[9/27/2026, 3:13:19 AM.733] [Info] [AgentModelResolver] agent "terminalTitleGenerator" original_models=[] -> resolved_models=[]
[9/27/2026, 3:13:19 AM.733] [Info] [AgentModelResolver] agent "promptSuggestion" original_models=[] -> resolved_models=[]
[9/27/2026, 3:13:19 AM.733] [Info] [AgentModelResolver] agent "memorySelector" original_models=["lite"] -> resolved_models=["lite"]
[9/27/2026, 3:13:19 AM.733] [Info] [AgentModelResolver] agent "summaryGenerator" original_models=[] -> resolved_models=[]
[9/27/2026, 3:13:19 AM.733] [Info] [AgentModelResolver] agent "autoModeClassifier" original_models=[] -> resolved_models=[]
[9/27/2026, 3:13:19 AM.733] [Info] [AgentModelResolver] agent "promptHookEvaluator" original_models=["lite"] -> resolved_models=["lite"]
[9/27/2026, 3:13:19 AM.733] [Info] [AgentModelResolver] agent "insightsAnalyzer" original_models=[] -> resolved_models=[]
[9/27/2026, 3:13:19 AM.733] [Info] [AgentModelResolver] agent "agentInstructions" original_models=[] -> resolved_models=[]
[9/27/2026, 3:13:19 AM.733] [Info] [AgentModelResolver] agent "statusline-setup" original_models=[] -> resolved_models=[]
[9/27/2026, 3:13:19 AM.733] [Info] [AgentModelResolver] agent "Explore" original_models=["lite"] -> resolved_models=["lite"]
[9/27/2026, 3:13:19 AM.733] [Info] [AgentModelResolver] agent "Plan" original_models=[] -> resolved_models=[]
[9/27/2026, 3:13:19 AM.733] [Info] [AgentModelResolver] agent "pulse" original_models=[] -> resolved_models=[]
[9/27/2026, 3:13:19 AM.733] [Info] [AgentModelResolver] agent "handoff-summary" original_models=undefined -> resolved_models=[]
[9/27/2026, 3:13:19 AM.733] [Info] [AgentModelResolver] agent "enhance-prompt" original_models=[] -> resolved_models=[]
[9/27/2026, 3:13:19 AM.733] [Info] [AgentModelResolver] agent "sheet-agent" original_models=[] -> resolved_models=[]
[9/27/2026, 3:13:19 AM.733] [Info] [AgentModelResolver] agent "doc-converter" original_models=[] -> resolved_models=[]
[9/27/2026, 3:13:19 AM.733] [Info] [AgentModelResolver] agent "doc-formatter" original_models=[] -> resolved_models=[]
[9/27/2026, 3:13:19 AM.733] [Info] [AgentModelResolver] agent "doc-writer" original_models=[] -> resolved_models=[]
[9/27/2026, 3:13:19 AM.748] [Info] [PluginPolicyService]  [MergedPlugins][DEBUG] ProductManager.onDidChange fired, reloading policies...
[9/27/2026, 3:13:19 AM.748] [Info] [PluginPolicyService]  [MergedPlugins][DEBUG] Current config builtInMarketPluginsMerge: [{"autoEnable":true,"marketplaceName":"codebuddy-plugins-official","name":"agent-browser","scope":"user"}]
[9/27/2026, 3:13:19 AM.748] [Info] [PluginPolicyService]  [MergedPlugins] Loaded 1 merged plugin entries
[9/27/2026, 3:13:19 AM.748] [Info] [Startup] AgentManager.rebuildAgents: START
[9/27/2026, 3:13:19 AM.749] [Info] [Startup] AgentManager.rebuildAgents: completed in 12ms, resolving readyDeferred
[9/27/2026, 3:13:19 AM.749] [Info] [PluginManager]  Checking for built-in marketplaces to install...
[9/27/2026, 3:13:19 AM.749] [Info] [BuiltInMarketplaceProvider]  Found 2 built-in marketplace(s)
[9/27/2026, 3:13:19 AM.749] [Info] [PluginManager]  Found 2 built-in marketplace(s)
[9/27/2026, 3:13:19 AM.750] [Info] [MarketplaceStorage]  [MarketplaceStorage] getMarketplaces ensureConfigFile=0ms readAndRepair=1ms migration=0ms total=1ms count=5 path=/Users/didi/.workbuddy/plugins/known_marketplaces.json
[9/27/2026, 3:13:19 AM.750] [Info] [PluginManager]  All built-in marketplaces are already installed
[9/27/2026, 3:13:19 AM.751] [Info] [MarketplaceStorage]  [MarketplaceStorage] getMarketplaces ensureConfigFile=0ms readAndRepair=1ms migration=0ms total=1ms count=5 path=/Users/didi/.workbuddy/plugins/known_marketplaces.json
[9/27/2026, 3:13:19 AM.751] [Info] [BuiltInMarketplaceProvider]  Found 2 built-in marketplace(s)
[9/27/2026, 3:13:19 AM.752] [Info] [PluginManager]  Loaded 5 marketplaces (2 built-in) total=2ms storage=1ms builtIn=0ms autoUpdate=0ms
[9/27/2026, 3:13:21 AM.736] [Info] [TracingService]  Tracing uses @tencent/galileo-node-sdk global OpenTelemetry provider; @genie OTLP exporter is skipped.
[9/27/2026, 3:13:21 AM.736] [Info] [TracingService]  Tracing config resolved: {"productEnabled":true,"enabledByEnv":false,"endpoint":"https://copilot.tencent.com","galileoEnabled":true}
[9/27/2026, 3:13:48 AM.658] [Info] [WorkflowMemProbe] tick runId=(none) | rss=146.6MB heap=160.4/167.8MB external=54.6MB arrayBuffers=0MB
[9/27/2026, 3:29:31 AM.905] [Info] [WorkflowMemProbe] tick runId=(none) | rss=147.7MB heap=162.3/169.9MB external=54.6MB arrayBuffers=0MB
[9/27/2026, 3:29:31 AM.907] [Info] [GitInfoCollector]  CODEBUDDY_GIT_REPO_SCAN_DISABLED 1
[9/27/2026, 3:29:31 AM.907] [Info] [GitInfoCollector]  Git repository scan is disabled via CODEBUDDY_GIT_REPO_SCAN_DISABLED environment variable
[9/27/2026, 3:29:32 AM.470] [Info] [CloudProductManager]  fetch cloud product success, agents(1): cli, models(53): auto,fast-model,balanced-model,deep-model,hy3,hy3-b,hy3-c,hy3-x,hy4-preview,hy4-preview-f,minimax-m2.5,glm-5v-turbo,glm-5.3,glm-5.3-flash,glm-5.2,glm-5.1,glm-5.0-turbo,glm-4.6v,kimi-k3-1,kimi-k2.8-preview,kimi-k2.7,kimi-k2.6,kimi-k2.5,kimi-k2-thinking,minimax-m3,minimax-m2.7,glm-4.6,deepseek-v4-flash,deepseek-v4.1-flash,deepseek-v4-pro,deepseek-v3-2-volc,deepseek-v3-1-volc,deepseek-v3-1-lkeap,deepseek-v3-1,deepseek-v3-0324-lkeap,deepseek-r1-0528-lkeap,kimi-k2-instruct-taiji,completion-gf,default-1.1,hunyuan-3b,hunyuan-7b-dense,codewise-completions,codewise-rewrite,codewise-nes-a4-027-aide,codewise-jump,deepseek-r1-0528,deepseek-v3-0324-taco-completion,deepseek-v3-0324,default-1.2,hunyuan-2.0-instruct,hunyuan-chat,hunyuan-image-alpha,hunyuan-image-alpha-edit
[9/27/2026, 3:29:32 AM.470] [Info] [CloudProductManager]  Fetched configuration from remote [563ms]
[9/27/2026, 3:29:32 AM.471] [Info] [PluginsProductProvider.provide] active=9, ids=[weixinpay@workbuddy-builtin,tencent-docs-plugin@workbuddy-builtin,sheetagent@workbuddy-builtin,tencent-pptx@workbuddy-builtin,tencent-docx@workbuddy-builtin,agent-browser@codebuddy-plugins-official,find-skills@codebuddy-plugins-official,agent-browser@inline,find-skills@inline]
[9/27/2026, 3:29:32 AM.471] [Info] [MCP][cacheDbg] getConnectedServers() called: nonInteractive=true waitForSettle=false cacheNow=[connector-proxy,weixinpay,sheetagent] allServers=[connector-proxy:connected,weixinpay:connected,sheetagent:connected]
[9/27/2026, 3:29:32 AM.471] [Info] [MCP][cacheDbg] getConnectedServers() returning: [connector-proxy,weixinpay,sheetagent] (size=3)
[9/27/2026, 3:29:32 AM.477] [Info] [CustomModelsProductProvider] productName=WorkBuddy, isWorkBuddy=true, userConfigPath=/Users/didi/.workbuddy/models.json
[9/27/2026, 3:29:32 AM.477] [Info] Loaded custom models config from user: /Users/didi/.workbuddy/models.json
[9/27/2026, 3:29:32 AM.477] [Info] [ModelsProductProvider] enterpriseId: undefined, endpoint: https://copilot.tencent.com
[9/27/2026, 3:29:32 AM.477] [Warning] [ModelsProductProvider] enterpriseId is missing, skipping models API call
[9/27/2026, 3:29:32 AM.477] [Info] [AgentModelResolver] product config input: 54 models, 23 agents
[9/27/2026, 3:29:32 AM.477] [Info] [AgentModelResolver] model ids: auto, fast-model, balanced-model, deep-model, hy3, hy3-b, hy3-c, hy3-x, hy4-preview, hy4-preview-f, minimax-m2.5, glm-5v-turbo, glm-5.3, glm-5.3-flash, glm-5.2, glm-5.1, glm-5.0-turbo, glm-4.6v, kimi-k3-1, kimi-k2.8-preview, kimi-k2.7, kimi-k2.6, kimi-k2.5, kimi-k2-thinking, minimax-m3, minimax-m2.7, glm-4.6, deepseek-v4-flash, deepseek-v4.1-flash, deepseek-v4-pro, deepseek-v3-2-volc, deepseek-v3-1-volc, deepseek-v3-1-lkeap, deepseek-v3-1, deepseek-v3-0324-lkeap, deepseek-r1-0528-lkeap, kimi-k2-instruct-taiji, completion-gf, default-1.1, hunyuan-3b, hunyuan-7b-dense, codewise-completions, codewise-rewrite, codewise-nes-a4-027-aide, codewise-jump, deepseek-r1-0528, deepseek-v3-0324-taco-completion, deepseek-v3-0324, default-1.2, hunyuan-2.0-instruct, hunyuan-chat, hunyuan-image-alpha, hunyuan-image-alpha-edit, custom-local:kimi-k3
[9/27/2026, 3:29:32 AM.477] [Info] [AgentModelResolver] agent "cli" original_models=["auto","hy4-preview-f","hy3","hy3-x","deepseek-v4.1-flash","glm-5.3","glm-5.3-flash","glm-5.2","glm-5.1","glm-5v-turbo","minimax-m3","kimi-k3-1","kimi-k2.8-preview","kimi-k2.7","kimi-k2.6","deepseek-v4-pro"] -> resolved_models=["auto","hy4-preview-f","hy3","hy3-x","deepseek-v4.1-flash","glm-5.3","glm-5.3-flash","glm-5.2","glm-5.1","glm-5v-turbo","minimax-m3","kimi-k3-1","kimi-k2.8-preview","kimi-k2.7","kimi-k2.6","deepseek-v4-pro"]
[9/27/2026, 3:29:32 AM.477] [Info] [AgentModelResolver] agent "general-purpose" original_models=[] -> resolved_models=[]
[9/27/2026, 3:29:32 AM.477] [Info] [AgentModelResolver] agent "compact" original_models=[] -> resolved_models=[]
[9/27/2026, 3:29:32 AM.477] [Info] [AgentModelResolver] agent "contextSummary" original_models=[] -> resolved_models=[]
[9/27/2026, 3:29:32 AM.477] [Info] [AgentModelResolver] agent "contentAnalyzer" original_models=[] -> resolved_models=[]
[9/27/2026, 3:29:32 AM.477] [Info] [AgentModelResolver] agent "terminalTitleGenerator" original_models=[] -> resolved_models=[]
[9/27/2026, 3:29:32 AM.477] [Info] [AgentModelResolver] agent "promptSuggestion" original_models=[] -> resolved_models=[]
[9/27/2026, 3:29:32 AM.477] [Info] [AgentModelResolver] agent "memorySelector" original_models=["lite"] -> resolved_models=["lite"]
[9/27/2026, 3:29:32 AM.477] [Info] [AgentModelResolver] agent "summaryGenerator" original_models=[] -> resolved_models=[]
[9/27/2026, 3:29:32 AM.477] [Info] [AgentModelResolver] agent "autoModeClassifier" original_models=[] -> resolved_models=[]
[9/27/2026, 3:29:32 AM.477] [Info] [AgentModelResolver] agent "promptHookEvaluator" original_models=["lite"] -> resolved_models=["lite"]
[9/27/2026, 3:29:32 AM.477] [Info] [AgentModelResolver] agent "insightsAnalyzer" original_models=[] -> resolved_models=[]
[9/27/2026, 3:29:32 AM.477] [Info] [AgentModelResolver] agent "agentInstructions" original_models=[] -> resolved_models=[]
[9/27/2026, 3:29:32 AM.477] [Info] [AgentModelResolver] agent "statusline-setup" original_models=[] -> resolved_models=[]
[9/27/2026, 3:29:32 AM.477] [Info] [AgentModelResolver] agent "Explore" original_models=["lite"] -> resolved_models=["lite"]
[9/27/2026, 3:29:32 AM.477] [Info] [AgentModelResolver] agent "Plan" original_models=[] -> resolved_models=[]
[9/27/2026, 3:29:32 AM.477] [Info] [AgentModelResolver] agent "pulse" original_models=[] -> resolved_models=[]
[9/27/2026, 3:29:32 AM.477] [Info] [AgentModelResolver] agent "handoff-summary" original_models=undefined -> resolved_models=[]
[9/27/2026, 3:29:32 AM.477] [Info] [AgentModelResolver] agent "enhance-prompt" original_models=[] -> resolved_models=[]
[9/27/2026, 3:29:32 AM.477] [Info] [AgentModelResolver] agent "sheet-agent" original_models=[] -> resolved_models=[]
[9/27/2026, 3:29:32 AM.477] [Info] [AgentModelResolver] agent "doc-converter" original_models=[] -> resolved_models=[]
[9/27/2026, 3:29:32 AM.477] [Info] [AgentModelResolver] agent "doc-formatter" original_models=[] -> resolved_models=[]
[9/27/2026, 3:29:32 AM.477] [Info] [AgentModelResolver] agent "doc-writer" original_models=[] -> resolved_models=[]
[9/27/2026, 3:29:32 AM.492] [Info] [PluginPolicyService]  [MergedPlugins][DEBUG] ProductManager.onDidChange fired, reloading policies...
[9/27/2026, 3:29:32 AM.492] [Info] [PluginPolicyService]  [MergedPlugins][DEBUG] Current config builtInMarketPluginsMerge: [{"autoEnable":true,"marketplaceName":"codebuddy-plugins-official","name":"agent-browser","scope":"user"}]
[9/27/2026, 3:29:32 AM.493] [Info] [PluginPolicyService]  [MergedPlugins] Loaded 1 merged plugin entries
[9/27/2026, 3:29:32 AM.493] [Info] [Startup] AgentManager.rebuildAgents: START
[9/27/2026, 3:29:32 AM.493] [Info] [Startup] AgentManager.rebuildAgents: completed in 12ms, resolving readyDeferred
[9/27/2026, 3:29:32 AM.493] [Info] [PluginManager]  Checking for built-in marketplaces to install...
[9/27/2026, 3:29:32 AM.493] [Info] [BuiltInMarketplaceProvider]  Found 2 built-in marketplace(s)
[9/27/2026, 3:29:32 AM.493] [Info] [PluginManager]  Found 2 built-in marketplace(s)
[9/27/2026, 3:29:32 AM.493] [Info] [MarketplaceStorage]  [MarketplaceStorage] getMarketplaces ensureConfigFile=0ms readAndRepair=0ms migration=0ms total=0ms count=5 path=/Users/didi/.workbuddy/plugins/known_marketplaces.json
[9/27/2026, 3:29:32 AM.493] [Info] [PluginManager]  All built-in marketplaces are already installed
[9/27/2026, 3:29:32 AM.494] [Info] [MarketplaceStorage]  [MarketplaceStorage] getMarketplaces ensureConfigFile=1ms readAndRepair=0ms migration=0ms total=1ms count=5 path=/Users/didi/.workbuddy/plugins/known_marketplaces.json
[9/27/2026, 3:29:32 AM.494] [Info] [BuiltInMarketplaceProvider]  Found 2 built-in marketplace(s)
[9/27/2026, 3:29:32 AM.496] [Info] [PluginManager]  Loaded 5 marketplaces (2 built-in) total=3ms storage=1ms builtIn=0ms autoUpdate=0ms
[9/27/2026, 3:29:34 AM.481] [Info] [TracingService]  Tracing uses @tencent/galileo-node-sdk global OpenTelemetry provider; @genie OTLP exporter is skipped.
[9/27/2026, 3:29:34 AM.481] [Info] [TracingService]  Tracing config resolved: {"productEnabled":true,"enabledByEnv":false,"endpoint":"https://copilot.tencent.com","galileoEnabled":true}
[9/27/2026, 3:30:01 AM.894] [Info] [WorkflowMemProbe] tick runId=(none) | rss=151MB heap=165/171.7MB external=54.7MB arrayBuffers=0MB
[9/27/2026, 3:45:24 AM.741] [Info] [WorkflowMemProbe] tick runId=(none) | rss=152.2MB heap=167/173.8MB external=54.7MB arrayBuffers=0MB
[9/27/2026, 3:45:24 AM.743] [Info] [GitInfoCollector]  CODEBUDDY_GIT_REPO_SCAN_DISABLED 1
[9/27/2026, 3:45:24 AM.743] [Info] [GitInfoCollector]  Git repository scan is disabled via CODEBUDDY_GIT_REPO_SCAN_DISABLED environment variable
[9/27/2026, 3:45:25 AM.319] [Info] [CloudProductManager]  fetch cloud product success, agents(1): cli, models(53): auto,fast-model,balanced-model,deep-model,hy3,hy3-b,hy3-c,hy3-x,hy4-preview,hy4-preview-f,minimax-m2.5,glm-5v-turbo,glm-5.3,glm-5.3-flash,glm-5.2,glm-5.1,glm-5.0-turbo,glm-4.6v,kimi-k3-1,kimi-k2.8-preview,kimi-k2.7,kimi-k2.6,kimi-k2.5,kimi-k2-thinking,minimax-m3,minimax-m2.7,glm-4.6,deepseek-v4-flash,deepseek-v4.1-flash,deepseek-v4-pro,deepseek-v3-2-volc,deepseek-v3-1-volc,deepseek-v3-1-lkeap,deepseek-v3-1,deepseek-v3-0324-lkeap,deepseek-r1-0528-lkeap,kimi-k2-instruct-taiji,completion-gf,default-1.1,hunyuan-3b,hunyuan-7b-dense,codewise-completions,codewise-rewrite,codewise-nes-a4-027-aide,codewise-jump,deepseek-r1-0528,deepseek-v3-0324-taco-completion,deepseek-v3-0324,default-1.2,hunyuan-2.0-instruct,hunyuan-chat,hunyuan-image-alpha,hunyuan-image-alpha-edit
[9/27/2026, 3:45:25 AM.319] [Info] [CloudProductManager]  Fetched configuration from remote [575ms]
[9/27/2026, 3:45:25 AM.320] [Info] [PluginsProductProvider.provide] active=9, ids=[weixinpay@workbuddy-builtin,tencent-docs-plugin@workbuddy-builtin,sheetagent@workbuddy-builtin,tencent-pptx@workbuddy-builtin,tencent-docx@workbuddy-builtin,agent-browser@codebuddy-plugins-official,find-skills@codebuddy-plugins-official,agent-browser@inline,find-skills@inline]
[9/27/2026, 3:45:25 AM.320] [Info] [MCP][cacheDbg] getConnectedServers() called: nonInteractive=true waitForSettle=false cacheNow=[connector-proxy,weixinpay,sheetagent] allServers=[connector-proxy:connected,weixinpay:connected,sheetagent:connected]
[9/27/2026, 3:45:25 AM.320] [Info] [MCP][cacheDbg] getConnectedServers() returning: [connector-proxy,weixinpay,sheetagent] (size=3)
[9/27/2026, 3:45:25 AM.326] [Info] [CustomModelsProductProvider] productName=WorkBuddy, isWorkBuddy=true, userConfigPath=/Users/didi/.workbuddy/models.json
[9/27/2026, 3:45:25 AM.326] [Info] Loaded custom models config from user: /Users/didi/.workbuddy/models.json
[9/27/2026, 3:45:25 AM.326] [Info] [ModelsProductProvider] enterpriseId: undefined, endpoint: https://copilot.tencent.com
[9/27/2026, 3:45:25 AM.326] [Warning] [ModelsProductProvider] enterpriseId is missing, skipping models API call
[9/27/2026, 3:45:25 AM.326] [Info] [AgentModelResolver] product config input: 54 models, 23 agents
[9/27/2026, 3:45:25 AM.326] [Info] [AgentModelResolver] model ids: auto, fast-model, balanced-model, deep-model, hy3, hy3-b, hy3-c, hy3-x, hy4-preview, hy4-preview-f, minimax-m2.5, glm-5v-turbo, glm-5.3, glm-5.3-flash, glm-5.2, glm-5.1, glm-5.0-turbo, glm-4.6v, kimi-k3-1, kimi-k2.8-preview, kimi-k2.7, kimi-k2.6, kimi-k2.5, kimi-k2-thinking, minimax-m3, minimax-m2.7, glm-4.6, deepseek-v4-flash, deepseek-v4.1-flash, deepseek-v4-pro, deepseek-v3-2-volc, deepseek-v3-1-volc, deepseek-v3-1-lkeap, deepseek-v3-1, deepseek-v3-0324-lkeap, deepseek-r1-0528-lkeap, kimi-k2-instruct-taiji, completion-gf, default-1.1, hunyuan-3b, hunyuan-7b-dense, codewise-completions, codewise-rewrite, codewise-nes-a4-027-aide, codewise-jump, deepseek-r1-0528, deepseek-v3-0324-taco-completion, deepseek-v3-0324, default-1.2, hunyuan-2.0-instruct, hunyuan-chat, hunyuan-image-alpha, hunyuan-image-alpha-edit, custom-local:kimi-k3
[9/27/2026, 3:45:25 AM.326] [Info] [AgentModelResolver] agent "cli" original_models=["auto","hy4-preview-f","hy3","hy3-x","deepseek-v4.1-flash","glm-5.3","glm-5.3-flash","glm-5.2","glm-5.1","glm-5v-turbo","minimax-m3","kimi-k3-1","kimi-k2.8-preview","kimi-k2.7","kimi-k2.6","deepseek-v4-pro"] -> resolved_models=["auto","hy4-preview-f","hy3","hy3-x","deepseek-v4.1-flash","glm-5.3","glm-5.3-flash","glm-5.2","glm-5.1","glm-5v-turbo","minimax-m3","kimi-k3-1","kimi-k2.8-preview","kimi-k2.7","kimi-k2.6","deepseek-v4-pro"]
[9/27/2026, 3:45:25 AM.326] [Info] [AgentModelResolver] agent "general-purpose" original_models=[] -> resolved_models=[]
[9/27/2026, 3:45:25 AM.326] [Info] [AgentModelResolver] agent "compact" original_models=[] -> resolved_models=[]
[9/27/2026, 3:45:25 AM.326] [Info] [AgentModelResolver] agent "contextSummary" original_models=[] -> resolved_models=[]
[9/27/2026, 3:45:25 AM.326] [Info] [AgentModelResolver] agent "contentAnalyzer" original_models=[] -> resolved_models=[]
[9/27/2026, 3:45:25 AM.326] [Info] [AgentModelResolver] agent "terminalTitleGenerator" original_models=[] -> resolved_models=[]
[9/27/2026, 3:45:25 AM.326] [Info] [AgentModelResolver] agent "promptSuggestion" original_models=[] -> resolved_models=[]
[9/27/2026, 3:45:25 AM.326] [Info] [AgentModelResolver] agent "memorySelector" original_models=["lite"] -> resolved_models=["lite"]
[9/27/2026, 3:45:25 AM.326] [Info] [AgentModelResolver] agent "summaryGenerator" original_models=[] -> resolved_models=[]
[9/27/2026, 3:45:25 AM.326] [Info] [AgentModelResolver] agent "autoModeClassifier" original_models=[] -> resolved_models=[]
[9/27/2026, 3:45:25 AM.326] [Info] [AgentModelResolver] agent "promptHookEvaluator" original_models=["lite"] -> resolved_models=["lite"]
[9/27/2026, 3:45:25 AM.326] [Info] [AgentModelResolver] agent "insightsAnalyzer" original_models=[] -> resolved_models=[]
[9/27/2026, 3:45:25 AM.326] [Info] [AgentModelResolver] agent "agentInstructions" original_models=[] -> resolved_models=[]
[9/27/2026, 3:45:25 AM.326] [Info] [AgentModelResolver] agent "statusline-setup" original_models=[] -> resolved_models=[]
[9/27/2026, 3:45:25 AM.326] [Info] [AgentModelResolver] agent "Explore" original_models=["lite"] -> resolved_models=["lite"]
[9/27/2026, 3:45:25 AM.326] [Info] [AgentModelResolver] agent "Plan" original_models=[] -> resolved_models=[]
[9/27/2026, 3:45:25 AM.326] [Info] [AgentModelResolver] agent "pulse" original_models=[] -> resolved_models=[]
[9/27/2026, 3:45:25 AM.326] [Info] [AgentModelResolver] agent "handoff-summary" original_models=undefined -> resolved_models=[]
[9/27/2026, 3:45:25 AM.326] [Info] [AgentModelResolver] agent "enhance-prompt" original_models=[] -> resolved_models=[]
[9/27/2026, 3:45:25 AM.326] [Info] [AgentModelResolver] agent "sheet-agent" original_models=[] -> resolved_models=[]
[9/27/2026, 3:45:25 AM.326] [Info] [AgentModelResolver] agent "doc-converter" original_models=[] -> resolved_models=[]
[9/27/2026, 3:45:25 AM.326] [Info] [AgentModelResolver] agent "doc-formatter" original_models=[] -> resolved_models=[]
[9/27/2026, 3:45:25 AM.326] [Info] [AgentModelResolver] agent "doc-writer" original_models=[] -> resolved_models=[]
[9/27/2026, 3:45:25 AM.341] [Info] [PluginPolicyService]  [MergedPlugins][DEBUG] ProductManager.onDidChange fired, reloading policies...
[9/27/2026, 3:45:25 AM.341] [Info] [PluginPolicyService]  [MergedPlugins][DEBUG] Current config builtInMarketPluginsMerge: [{"autoEnable":true,"marketplaceName":"codebuddy-plugins-official","name":"agent-browser","scope":"user"}]
[9/27/2026, 3:45:25 AM.341] [Info] [PluginPolicyService]  [MergedPlugins] Loaded 1 merged plugin entries
[9/27/2026, 3:45:25 AM.341] [Info] [Startup] AgentManager.rebuildAgents: START
[9/27/2026, 3:45:25 AM.341] [Info] [Startup] AgentManager.rebuildAgents: completed in 11ms, resolving readyDeferred
[9/27/2026, 3:45:25 AM.342] [Info] [PluginManager]  Checking for built-in marketplaces to install...
[9/27/2026, 3:45:25 AM.342] [Info] [BuiltInMarketplaceProvider]  Found 2 built-in marketplace(s)
[9/27/2026, 3:45:25 AM.342] [Info] [PluginManager]  Found 2 built-in marketplace(s)
[9/27/2026, 3:45:25 AM.343] [Info] [MarketplaceStorage]  [MarketplaceStorage] getMarketplaces ensureConfigFile=0ms readAndRepair=1ms migration=0ms total=1ms count=5 path=/Users/didi/.workbuddy/plugins/known_marketplaces.json
[9/27/2026, 3:45:25 AM.343] [Info] [PluginManager]  All built-in marketplaces are already installed
[9/27/2026, 3:45:25 AM.344] [Info] [MarketplaceStorage]  [MarketplaceStorage] getMarketplaces ensureConfigFile=0ms readAndRepair=1ms migration=0ms total=1ms count=5 path=/Users/didi/.workbuddy/plugins/known_marketplaces.json
[9/27/2026, 3:45:25 AM.344] [Info] [BuiltInMarketplaceProvider]  Found 2 built-in marketplace(s)
[9/27/2026, 3:45:25 AM.347] [Info] [PluginManager]  Loaded 5 marketplaces (2 built-in) total=4ms storage=1ms builtIn=0ms autoUpdate=0ms
[9/27/2026, 3:45:27 AM.332] [Info] [TracingService]  Tracing uses @tencent/galileo-node-sdk global OpenTelemetry provider; @genie OTLP exporter is skipped.
[9/27/2026, 3:45:27 AM.332] [Info] [TracingService]  Tracing config resolved: {"productEnabled":true,"enabledByEnv":false,"endpoint":"https://copilot.tencent.com","galileoEnabled":true}
[9/27/2026, 3:45:54 AM.755] [Info] [WorkflowMemProbe] tick runId=(none) | rss=142.1MB heap=153.5/160.5MB external=53.6MB arrayBuffers=0MB
[9/27/2026, 4:01:34 AM.037] [Info] [WorkflowMemProbe] tick runId=(none) | rss=143.2MB heap=155.4/161.6MB external=53.6MB arrayBuffers=0MB
[9/27/2026, 4:01:34 AM.039] [Info] [GitInfoCollector]  CODEBUDDY_GIT_REPO_SCAN_DISABLED 1
[9/27/2026, 4:01:34 AM.039] [Info] [GitInfoCollector]  Git repository scan is disabled via CODEBUDDY_GIT_REPO_SCAN_DISABLED environment variable
[9/27/2026, 4:01:34 AM.595] [Info] [CloudProductManager]  fetch cloud product success, agents(1): cli, models(53): auto,fast-model,balanced-model,deep-model,hy3,hy3-b,hy3-c,hy3-x,hy4-preview,hy4-preview-f,minimax-m2.5,glm-5v-turbo,glm-5.3,glm-5.3-flash,glm-5.2,glm-5.1,glm-5.0-turbo,glm-4.6v,kimi-k3-1,kimi-k2.8-preview,kimi-k2.7,kimi-k2.6,kimi-k2.5,kimi-k2-thinking,minimax-m3,minimax-m2.7,glm-4.6,deepseek-v4-flash,deepseek-v4.1-flash,deepseek-v4-pro,deepseek-v3-2-volc,deepseek-v3-1-volc,deepseek-v3-1-lkeap,deepseek-v3-1,deepseek-v3-0324-lkeap,deepseek-r1-0528-lkeap,kimi-k2-instruct-taiji,completion-gf,default-1.1,hunyuan-3b,hunyuan-7b-dense,codewise-completions,codewise-rewrite,codewise-nes-a4-027-aide,codewise-jump,deepseek-r1-0528,deepseek-v3-0324-taco-completion,deepseek-v3-0324,default-1.2,hunyuan-2.0-instruct,hunyuan-chat,hunyuan-image-alpha,hunyuan-image-alpha-edit
[9/27/2026, 4:01:34 AM.595] [Info] [CloudProductManager]  Fetched configuration from remote [556ms]
[9/27/2026, 4:01:34 AM.596] [Info] [PluginsProductProvider.provide] active=9, ids=[weixinpay@workbuddy-builtin,tencent-docs-plugin@workbuddy-builtin,sheetagent@workbuddy-builtin,tencent-pptx@workbuddy-builtin,tencent-docx@workbuddy-builtin,agent-browser@codebuddy-plugins-official,find-skills@codebuddy-plugins-official,agent-browser@inline,find-skills@inline]
[9/27/2026, 4:01:34 AM.596] [Info] [MCP][cacheDbg] getConnectedServers() called: nonInteractive=true waitForSettle=false cacheNow=[connector-proxy,weixinpay,sheetagent] allServers=[connector-proxy:connected,weixinpay:connected,sheetagent:connected]
[9/27/2026, 4:01:34 AM.596] [Info] [MCP][cacheDbg] getConnectedServers() returning: [connector-proxy,weixinpay,sheetagent] (size=3)
[9/27/2026, 4:01:34 AM.602] [Info] [CustomModelsProductProvider] productName=WorkBuddy, isWorkBuddy=true, userConfigPath=/Users/didi/.workbuddy/models.json
[9/27/2026, 4:01:34 AM.602] [Info] Loaded custom models config from user: /Users/didi/.workbuddy/models.json
[9/27/2026, 4:01:34 AM.602] [Info] [ModelsProductProvider] enterpriseId: undefined, endpoint: https://copilot.tencent.com
[9/27/2026, 4:01:34 AM.602] [Warning] [ModelsProductProvider] enterpriseId is missing, skipping models API call
[9/27/2026, 4:01:34 AM.602] [Info] [AgentModelResolver] product config input: 54 models, 23 agents
[9/27/2026, 4:01:34 AM.602] [Info] [AgentModelResolver] model ids: auto, fast-model, balanced-model, deep-model, hy3, hy3-b, hy3-c, hy3-x, hy4-preview, hy4-preview-f, minimax-m2.5, glm-5v-turbo, glm-5.3, glm-5.3-flash, glm-5.2, glm-5.1, glm-5.0-turbo, glm-4.6v, kimi-k3-1, kimi-k2.8-preview, kimi-k2.7, kimi-k2.6, kimi-k2.5, kimi-k2-thinking, minimax-m3, minimax-m2.7, glm-4.6, deepseek-v4-flash, deepseek-v4.1-flash, deepseek-v4-pro, deepseek-v3-2-volc, deepseek-v3-1-volc, deepseek-v3-1-lkeap, deepseek-v3-1, deepseek-v3-0324-lkeap, deepseek-r1-0528-lkeap, kimi-k2-instruct-taiji, completion-gf, default-1.1, hunyuan-3b, hunyuan-7b-dense, codewise-completions, codewise-rewrite, codewise-nes-a4-027-aide, codewise-jump, deepseek-r1-0528, deepseek-v3-0324-taco-completion, deepseek-v3-0324, default-1.2, hunyuan-2.0-instruct, hunyuan-chat, hunyuan-image-alpha, hunyuan-image-alpha-edit, custom-local:kimi-k3
[9/27/2026, 4:01:34 AM.603] [Info] [AgentModelResolver] agent "cli" original_models=["auto","hy4-preview-f","hy3","hy3-x","deepseek-v4.1-flash","glm-5.3","glm-5.3-flash","glm-5.2","glm-5.1","glm-5v-turbo","minimax-m3","kimi-k3-1","kimi-k2.8-preview","kimi-k2.7","kimi-k2.6","deepseek-v4-pro"] -> resolved_models=["auto","hy4-preview-f","hy3","hy3-x","deepseek-v4.1-flash","glm-5.3","glm-5.3-flash","glm-5.2","glm-5.1","glm-5v-turbo","minimax-m3","kimi-k3-1","kimi-k2.8-preview","kimi-k2.7","kimi-k2.6","deepseek-v4-pro"]
[9/27/2026, 4:01:34 AM.603] [Info] [AgentModelResolver] agent "general-purpose" original_models=[] -> resolved_models=[]
[9/27/2026, 4:01:34 AM.603] [Info] [AgentModelResolver] agent "compact" original_models=[] -> resolved_models=[]
[9/27/2026, 4:01:34 AM.603] [Info] [AgentModelResolver] agent "contextSummary" original_models=[] -> resolved_models=[]
[9/27/2026, 4:01:34 AM.603] [Info] [AgentModelResolver] agent "contentAnalyzer" original_models=[] -> resolved_models=[]
[9/27/2026, 4:01:34 AM.603] [Info] [AgentModelResolver] agent "terminalTitleGenerator" original_models=[] -> resolved_models=[]
[9/27/2026, 4:01:34 AM.603] [Info] [AgentModelResolver] agent "promptSuggestion" original_models=[] -> resolved_models=[]
[9/27/2026, 4:01:34 AM.603] [Info] [AgentModelResolver] agent "memorySelector" original_models=["lite"] -> resolved_models=["lite"]
[9/27/2026, 4:01:34 AM.603] [Info] [AgentModelResolver] agent "summaryGenerator" original_models=[] -> resolved_models=[]
[9/27/2026, 4:01:34 AM.603] [Info] [AgentModelResolver] agent "autoModeClassifier" original_models=[] -> resolved_models=[]
[9/27/2026, 4:01:34 AM.603] [Info] [AgentModelResolver] agent "promptHookEvaluator" original_models=["lite"] -> resolved_models=["lite"]
[9/27/2026, 4:01:34 AM.603] [Info] [AgentModelResolver] agent "insightsAnalyzer" original_models=[] -> resolved_models=[]
[9/27/2026, 4:01:34 AM.603] [Info] [AgentModelResolver] agent "agentInstructions" original_models=[] -> resolved_models=[]
[9/27/2026, 4:01:34 AM.603] [Info] [AgentModelResolver] agent "statusline-setup" original_models=[] -> resolved_models=[]
[9/27/2026, 4:01:34 AM.603] [Info] [AgentModelResolver] agent "Explore" original_models=["lite"] -> resolved_models=["lite"]
[9/27/2026, 4:01:34 AM.603] [Info] [AgentModelResolver] agent "Plan" original_models=[] -> resolved_models=[]
[9/27/2026, 4:01:34 AM.603] [Info] [AgentModelResolver] agent "pulse" original_models=[] -> resolved_models=[]
[9/27/2026, 4:01:34 AM.603] [Info] [AgentModelResolver] agent "handoff-summary" original_models=undefined -> resolved_models=[]
[9/27/2026, 4:01:34 AM.603] [Info] [AgentModelResolver] agent "enhance-prompt" original_models=[] -> resolved_models=[]
[9/27/2026, 4:01:34 AM.603] [Info] [AgentModelResolver] agent "sheet-agent" original_models=[] -> resolved_models=[]
[9/27/2026, 4:01:34 AM.603] [Info] [AgentModelResolver] agent "doc-converter" original_models=[] -> resolved_models=[]
[9/27/2026, 4:01:34 AM.603] [Info] [AgentModelResolver] agent "doc-formatter" original_models=[] -> resolved_models=[]
[9/27/2026, 4:01:34 AM.603] [Info] [AgentModelResolver] agent "doc-writer" original_models=[] -> resolved_models=[]
[9/27/2026, 4:01:34 AM.618] [Info] [PluginPolicyService]  [MergedPlugins][DEBUG] ProductManager.onDidChange fired, reloading policies...
[9/27/2026, 4:01:34 AM.618] [Info] [PluginPolicyService]  [MergedPlugins][DEBUG] Current config builtInMarketPluginsMerge: [{"autoEnable":true,"marketplaceName":"codebuddy-plugins-official","name":"agent-browser","scope":"user"}]
[9/27/2026, 4:01:34 AM.618] [Info] [PluginPolicyService]  [MergedPlugins] Loaded 1 merged plugin entries
[9/27/2026, 4:01:34 AM.618] [Info] [Startup] AgentManager.rebuildAgents: START
[9/27/2026, 4:01:34 AM.618] [Info] [Startup] AgentManager.rebuildAgents: completed in 11ms, resolving readyDeferred
[9/27/2026, 4:01:34 AM.618] [Info] [PluginManager]  Checking for built-in marketplaces to install...
[9/27/2026, 4:01:34 AM.618] [Info] [BuiltInMarketplaceProvider]  Found 2 built-in marketplace(s)
[9/27/2026, 4:01:34 AM.618] [Info] [PluginManager]  Found 2 built-in marketplace(s)
[9/27/2026, 4:01:34 AM.619] [Info] [MarketplaceStorage]  [MarketplaceStorage] getMarketplaces ensureConfigFile=0ms readAndRepair=1ms migration=0ms total=1ms count=5 path=/Users/didi/.workbuddy/plugins/known_marketplaces.json
[9/27/2026, 4:01:34 AM.619] [Info] [PluginManager]  All built-in marketplaces are already installed
[9/27/2026, 4:01:34 AM.620] [Info] [MarketplaceStorage]  [MarketplaceStorage] getMarketplaces ensureConfigFile=0ms readAndRepair=0ms migration=0ms total=1ms count=5 path=/Users/didi/.workbuddy/plugins/known_marketplaces.json
[9/27/2026, 4:01:34 AM.620] [Info] [BuiltInMarketplaceProvider]  Found 2 built-in marketplace(s)
[9/27/2026, 4:01:34 AM.621] [Info] [PluginManager]  Loaded 5 marketplaces (2 built-in) total=2ms storage=1ms builtIn=0ms autoUpdate=0ms
[9/27/2026, 4:01:36 AM.607] [Info] [TracingService]  Tracing uses @tencent/galileo-node-sdk global OpenTelemetry provider; @genie OTLP exporter is skipped.
[9/27/2026, 4:01:36 AM.607] [Info] [TracingService]  Tracing config resolved: {"productEnabled":true,"enabledByEnv":false,"endpoint":"https://copilot.tencent.com","galileoEnabled":true}
[9/27/2026, 4:02:04 AM.000] [Info] [WorkflowMemProbe] tick runId=(none) | rss=150.4MB heap=163.4/170.4MB external=54.8MB arrayBuffers=0MB
[9/27/2026, 4:17:44 AM.199] [Info] [WorkflowMemProbe] tick runId=(none) | rss=148.1MB heap=161/166MB external=53.7MB arrayBuffers=0MB
[9/27/2026, 4:17:44 AM.201] [Info] [GitInfoCollector]  CODEBUDDY_GIT_REPO_SCAN_DISABLED 1
[9/27/2026, 4:17:44 AM.201] [Info] [GitInfoCollector]  Git repository scan is disabled via CODEBUDDY_GIT_REPO_SCAN_DISABLED environment variable
[9/27/2026, 4:17:44 AM.775] [Info] [CloudProductManager]  fetch cloud product success, agents(1): cli, models(53): auto,fast-model,balanced-model,deep-model,hy3,hy3-b,hy3-c,hy3-x,hy4-preview,hy4-preview-f,minimax-m2.5,glm-5v-turbo,glm-5.3,glm-5.3-flash,glm-5.2,glm-5.1,glm-5.0-turbo,glm-4.6v,kimi-k3-1,kimi-k2.8-preview,kimi-k2.7,kimi-k2.6,kimi-k2.5,kimi-k2-thinking,minimax-m3,minimax-m2.7,glm-4.6,deepseek-v4-flash,deepseek-v4.1-flash,deepseek-v4-pro,deepseek-v3-2-volc,deepseek-v3-1-volc,deepseek-v3-1-lkeap,deepseek-v3-1,deepseek-v3-0324-lkeap,deepseek-r1-0528-lkeap,kimi-k2-instruct-taiji,completion-gf,default-1.1,hunyuan-3b,hunyuan-7b-dense,codewise-completions,codewise-rewrite,codewise-nes-a4-027-aide,codewise-jump,deepseek-r1-0528,deepseek-v3-0324-taco-completion,deepseek-v3-0324,default-1.2,hunyuan-2.0-instruct,hunyuan-chat,hunyuan-image-alpha,hunyuan-image-alpha-edit
[9/27/2026, 4:17:44 AM.775] [Info] [CloudProductManager]  Fetched configuration from remote [573ms]
[9/27/2026, 4:17:44 AM.776] [Info] [PluginsProductProvider.provide] active=9, ids=[weixinpay@workbuddy-builtin,tencent-docs-plugin@workbuddy-builtin,sheetagent@workbuddy-builtin,tencent-pptx@workbuddy-builtin,tencent-docx@workbuddy-builtin,agent-browser@codebuddy-plugins-official,find-skills@codebuddy-plugins-official,agent-browser@inline,find-skills@inline]
[9/27/2026, 4:17:44 AM.776] [Info] [MCP][cacheDbg] getConnectedServers() called: nonInteractive=true waitForSettle=false cacheNow=[connector-proxy,weixinpay,sheetagent] allServers=[connector-proxy:connected,weixinpay:connected,sheetagent:connected]
[9/27/2026, 4:17:44 AM.776] [Info] [MCP][cacheDbg] getConnectedServers() returning: [connector-proxy,weixinpay,sheetagent] (size=3)
[9/27/2026, 4:17:44 AM.782] [Info] [CustomModelsProductProvider] productName=WorkBuddy, isWorkBuddy=true, userConfigPath=/Users/didi/.workbuddy/models.json
[9/27/2026, 4:17:44 AM.782] [Info] Loaded custom models config from user: /Users/didi/.workbuddy/models.json
[9/27/2026, 4:17:44 AM.782] [Info] [ModelsProductProvider] enterpriseId: undefined, endpoint: https://copilot.tencent.com
[9/27/2026, 4:17:44 AM.782] [Warning] [ModelsProductProvider] enterpriseId is missing, skipping models API call
[9/27/2026, 4:17:44 AM.782] [Info] [AgentModelResolver] product config input: 54 models, 23 agents
[9/27/2026, 4:17:44 AM.782] [Info] [AgentModelResolver] model ids: auto, fast-model, balanced-model, deep-model, hy3, hy3-b, hy3-c, hy3-x, hy4-preview, hy4-preview-f, minimax-m2.5, glm-5v-turbo, glm-5.3, glm-5.3-flash, glm-5.2, glm-5.1, glm-5.0-turbo, glm-4.6v, kimi-k3-1, kimi-k2.8-preview, kimi-k2.7, kimi-k2.6, kimi-k2.5, kimi-k2-thinking, minimax-m3, minimax-m2.7, glm-4.6, deepseek-v4-flash, deepseek-v4.1-flash, deepseek-v4-pro, deepseek-v3-2-volc, deepseek-v3-1-volc, deepseek-v3-1-lkeap, deepseek-v3-1, deepseek-v3-0324-lkeap, deepseek-r1-0528-lkeap, kimi-k2-instruct-taiji, completion-gf, default-1.1, hunyuan-3b, hunyuan-7b-dense, codewise-completions, codewise-rewrite, codewise-nes-a4-027-aide, codewise-jump, deepseek-r1-0528, deepseek-v3-0324-taco-completion, deepseek-v3-0324, default-1.2, hunyuan-2.0-instruct, hunyuan-chat, hunyuan-image-alpha, hunyuan-image-alpha-edit, custom-local:kimi-k3
[9/27/2026, 4:17:44 AM.782] [Info] [AgentModelResolver] agent "cli" original_models=["auto","hy4-preview-f","hy3","hy3-x","deepseek-v4.1-flash","glm-5.3","glm-5.3-flash","glm-5.2","glm-5.1","glm-5v-turbo","minimax-m3","kimi-k3-1","kimi-k2.8-preview","kimi-k2.7","kimi-k2.6","deepseek-v4-pro"] -> resolved_models=["auto","hy4-preview-f","hy3","hy3-x","deepseek-v4.1-flash","glm-5.3","glm-5.3-flash","glm-5.2","glm-5.1","glm-5v-turbo","minimax-m3","kimi-k3-1","kimi-k2.8-preview","kimi-k2.7","kimi-k2.6","deepseek-v4-pro"]
[9/27/2026, 4:17:44 AM.782] [Info] [AgentModelResolver] agent "general-purpose" original_models=[] -> resolved_models=[]
[9/27/2026, 4:17:44 AM.782] [Info] [AgentModelResolver] agent "compact" original_models=[] -> resolved_models=[]
[9/27/2026, 4:17:44 AM.782] [Info] [AgentModelResolver] agent "contextSummary" original_models=[] -> resolved_models=[]
[9/27/2026, 4:17:44 AM.782] [Info] [AgentModelResolver] agent "contentAnalyzer" original_models=[] -> resolved_models=[]
[9/27/2026, 4:17:44 AM.782] [Info] [AgentModelResolver] agent "terminalTitleGenerator" original_models=[] -> resolved_models=[]
[9/27/2026, 4:17:44 AM.782] [Info] [AgentModelResolver] agent "promptSuggestion" original_models=[] -> resolved_models=[]
[9/27/2026, 4:17:44 AM.782] [Info] [AgentModelResolver] agent "memorySelector" original_models=["lite"] -> resolved_models=["lite"]
[9/27/2026, 4:17:44 AM.782] [Info] [AgentModelResolver] agent "summaryGenerator" original_models=[] -> resolved_models=[]
[9/27/2026, 4:17:44 AM.782] [Info] [AgentModelResolver] agent "autoModeClassifier" original_models=[] -> resolved_models=[]
[9/27/2026, 4:17:44 AM.782] [Info] [AgentModelResolver] agent "promptHookEvaluator" original_models=["lite"] -> resolved_models=["lite"]
[9/27/2026, 4:17:44 AM.782] [Info] [AgentModelResolver] agent "insightsAnalyzer" original_models=[] -> resolved_models=[]
[9/27/2026, 4:17:44 AM.782] [Info] [AgentModelResolver] agent "agentInstructions" original_models=[] -> resolved_models=[]
[9/27/2026, 4:17:44 AM.782] [Info] [AgentModelResolver] agent "statusline-setup" original_models=[] -> resolved_models=[]
[9/27/2026, 4:17:44 AM.782] [Info] [AgentModelResolver] agent "Explore" original_models=["lite"] -> resolved_models=["lite"]
[9/27/2026, 4:17:44 AM.782] [Info] [AgentModelResolver] agent "Plan" original_models=[] -> resolved_models=[]
[9/27/2026, 4:17:44 AM.782] [Info] [AgentModelResolver] agent "pulse" original_models=[] -> resolved_models=[]
[9/27/2026, 4:17:44 AM.782] [Info] [AgentModelResolver] agent "handoff-summary" original_models=undefined -> resolved_models=[]
[9/27/2026, 4:17:44 AM.782] [Info] [AgentModelResolver] agent "enhance-prompt" original_models=[] -> resolved_models=[]
[9/27/2026, 4:17:44 AM.782] [Info] [AgentModelResolver] agent "sheet-agent" original_models=[] -> resolved_models=[]
[9/27/2026, 4:17:44 AM.782] [Info] [AgentModelResolver] agent "doc-converter" original_models=[] -> resolved_models=[]
[9/27/2026, 4:17:44 AM.782] [Info] [AgentModelResolver] agent "doc-formatter" original_models=[] -> resolved_models=[]
[9/27/2026, 4:17:44 AM.782] [Info] [AgentModelResolver] agent "doc-writer" original_models=[] -> resolved_models=[]
[9/27/2026, 4:17:44 AM.797] [Info] [PluginPolicyService]  [MergedPlugins][DEBUG] ProductManager.onDidChange fired, reloading policies...
[9/27/2026, 4:17:44 AM.797] [Info] [PluginPolicyService]  [MergedPlugins][DEBUG] Current config builtInMarketPluginsMerge: [{"autoEnable":true,"marketplaceName":"codebuddy-plugins-official","name":"agent-browser","scope":"user"}]
[9/27/2026, 4:17:44 AM.797] [Info] [PluginPolicyService]  [MergedPlugins] Loaded 1 merged plugin entries
[9/27/2026, 4:17:44 AM.797] [Info] [Startup] AgentManager.rebuildAgents: START
[9/27/2026, 4:17:44 AM.798] [Info] [Startup] AgentManager.rebuildAgents: completed in 11ms, resolving readyDeferred
[9/27/2026, 4:17:44 AM.798] [Info] [PluginManager]  Checking for built-in marketplaces to install...
[9/27/2026, 4:17:44 AM.798] [Info] [BuiltInMarketplaceProvider]  Found 2 built-in marketplace(s)
[9/27/2026, 4:17:44 AM.798] [Info] [PluginManager]  Found 2 built-in marketplace(s)
[9/27/2026, 4:17:44 AM.802] [Info] [MarketplaceStorage]  [MarketplaceStorage] getMarketplaces ensureConfigFile=0ms readAndRepair=4ms migration=0ms total=4ms count=5 path=/Users/didi/.workbuddy/plugins/known_marketplaces.json
[9/27/2026, 4:17:44 AM.802] [Info] [PluginManager]  All built-in marketplaces are already installed
[9/27/2026, 4:17:44 AM.802] [Info] [MarketplaceStorage]  [MarketplaceStorage] getMarketplaces ensureConfigFile=0ms readAndRepair=0ms migration=0ms total=0ms count=5 path=/Users/didi/.workbuddy/plugins/known_marketplaces.json
[9/27/2026, 4:17:44 AM.802] [Info] [BuiltInMarketplaceProvider]  Found 2 built-in marketplace(s)
[9/27/2026, 4:17:44 AM.812] [Info] [PluginManager]  Loaded 5 marketplaces (2 built-in) total=10ms storage=0ms builtIn=0ms autoUpdate=0ms
[9/27/2026, 4:17:46 AM.791] [Info] [TracingService]  Tracing uses @tencent/galileo-node-sdk global OpenTelemetry provider; @genie OTLP exporter is skipped.
[9/27/2026, 4:17:46 AM.791] [Info] [TracingService]  Tracing config resolved: {"productEnabled":true,"enabledByEnv":false,"endpoint":"https://copilot.tencent.com","galileoEnabled":true}
[9/27/2026, 4:18:14 AM.226] [Info] [WorkflowMemProbe] tick runId=(none) | rss=148.1MB heap=165.6/172.6MB external=54.2MB arrayBuffers=0MB
[9/27/2026, 4:29:31 AM.096] [Info] [WorkflowMemProbe] tick runId=(none) | rss=135.7MB heap=167.5/173.7MB external=54.2MB arrayBuffers=0MB
[9/27/2026, 4:29:31 AM.099] [Info] [GitInfoCollector]  CODEBUDDY_GIT_REPO_SCAN_DISABLED 1
[9/27/2026, 4:29:31 AM.099] [Info] [GitInfoCollector]  Git repository scan is disabled via CODEBUDDY_GIT_REPO_SCAN_DISABLED environment variable
[9/27/2026, 4:29:33 AM.919] [Warning] [CloudProductManager]  Fetch remote configuration failed: getaddrinfo ENOTFOUND copilot.tencent.com, url=/v3/config, code=ENOTFOUND
[9/27/2026, 4:29:33 AM.920] [Info] [PluginsProductProvider.provide] active=9, ids=[weixinpay@workbuddy-builtin,tencent-docs-plugin@workbuddy-builtin,sheetagent@workbuddy-builtin,tencent-pptx@workbuddy-builtin,tencent-docx@workbuddy-builtin,agent-browser@codebuddy-plugins-official,find-skills@codebuddy-plugins-official,agent-browser@inline,find-skills@inline]
[9/27/2026, 4:29:33 AM.921] [Info] [MCP][cacheDbg] getConnectedServers() called: nonInteractive=true waitForSettle=false cacheNow=[connector-proxy,weixinpay,sheetagent] allServers=[connector-proxy:connected,weixinpay:connected,sheetagent:connected]
[9/27/2026, 4:29:33 AM.921] [Info] [MCP][cacheDbg] getConnectedServers() returning: [connector-proxy,weixinpay,sheetagent] (size=3)
[9/27/2026, 4:29:33 AM.933] [Info] [CustomModelsProductProvider] productName=WorkBuddy, isWorkBuddy=true, userConfigPath=/Users/didi/.workbuddy/models.json
[9/27/2026, 4:29:33 AM.933] [Info] Loaded custom models config from user: /Users/didi/.workbuddy/models.json
[9/27/2026, 4:29:33 AM.933] [Info] [ModelsProductProvider] enterpriseId: undefined, endpoint: https://copilot.tencent.com
[9/27/2026, 4:29:33 AM.933] [Warning] [ModelsProductProvider] enterpriseId is missing, skipping models API call
[9/27/2026, 4:29:33 AM.933] [Info] [AgentModelResolver] product config input: 54 models, 23 agents
[9/27/2026, 4:29:33 AM.933] [Info] [AgentModelResolver] model ids: auto, fast-model, balanced-model, deep-model, hy3, hy3-b, hy3-c, hy3-x, hy4-preview, hy4-preview-f, minimax-m2.5, glm-5v-turbo, glm-5.3, glm-5.3-flash, glm-5.2, glm-5.1, glm-5.0-turbo, glm-4.6v, kimi-k3-1, kimi-k2.8-preview, kimi-k2.7, kimi-k2.6, kimi-k2.5, kimi-k2-thinking, minimax-m3, minimax-m2.7, glm-4.6, deepseek-v4-flash, deepseek-v4.1-flash, deepseek-v4-pro, deepseek-v3-2-volc, deepseek-v3-1-volc, deepseek-v3-1-lkeap, deepseek-v3-1, deepseek-v3-0324-lkeap, deepseek-r1-0528-lkeap, kimi-k2-instruct-taiji, completion-gf, default-1.1, hunyuan-3b, hunyuan-7b-dense, codewise-completions, codewise-rewrite, codewise-nes-a4-027-aide, codewise-jump, deepseek-r1-0528, deepseek-v3-0324-taco-completion, deepseek-v3-0324, default-1.2, hunyuan-2.0-instruct, hunyuan-chat, hunyuan-image-alpha, hunyuan-image-alpha-edit, custom-local:kimi-k3
[9/27/2026, 4:29:33 AM.933] [Info] [AgentModelResolver] agent "cli" original_models=["auto","hy4-preview-f","hy3","hy3-x","deepseek-v4.1-flash","glm-5.3","glm-5.3-flash","glm-5.2","glm-5.1","glm-5v-turbo","minimax-m3","kimi-k3-1","kimi-k2.8-preview","kimi-k2.7","kimi-k2.6","deepseek-v4-pro"] -> resolved_models=["auto","hy4-preview-f","hy3","hy3-x","deepseek-v4.1-flash","glm-5.3","glm-5.3-flash","glm-5.2","glm-5.1","glm-5v-turbo","minimax-m3","kimi-k3-1","kimi-k2.8-preview","kimi-k2.7","kimi-k2.6","deepseek-v4-pro"]
[9/27/2026, 4:29:33 AM.933] [Info] [AgentModelResolver] agent "general-purpose" original_models=[] -> resolved_models=[]
[9/27/2026, 4:29:33 AM.933] [Info] [AgentModelResolver] agent "compact" original_models=[] -> resolved_models=[]
[9/27/2026, 4:29:33 AM.933] [Info] [AgentModelResolver] agent "contextSummary" original_models=[] -> resolved_models=[]
[9/27/2026, 4:29:33 AM.933] [Info] [AgentModelResolver] agent "contentAnalyzer" original_models=[] -> resolved_models=[]
[9/27/2026, 4:29:33 AM.933] [Info] [AgentModelResolver] agent "terminalTitleGenerator" original_models=[] -> resolved_models=[]
[9/27/2026, 4:29:33 AM.933] [Info] [AgentModelResolver] agent "promptSuggestion" original_models=[] -> resolved_models=[]
[9/27/2026, 4:29:33 AM.933] [Info] [AgentModelResolver] agent "memorySelector" original_models=["lite"] -> resolved_models=["lite"]
[9/27/2026, 4:29:33 AM.933] [Info] [AgentModelResolver] agent "summaryGenerator" original_models=[] -> resolved_models=[]
[9/27/2026, 4:29:33 AM.933] [Info] [AgentModelResolver] agent "autoModeClassifier" original_models=[] -> resolved_models=[]
[9/27/2026, 4:29:33 AM.933] [Info] [AgentModelResolver] agent "promptHookEvaluator" original_models=["lite"] -> resolved_models=["lite"]
[9/27/2026, 4:29:33 AM.933] [Info] [AgentModelResolver] agent "insightsAnalyzer" original_models=[] -> resolved_models=[]
[9/27/2026, 4:29:33 AM.933] [Info] [AgentModelResolver] agent "agentInstructions" original_models=[] -> resolved_models=[]
[9/27/2026, 4:29:33 AM.933] [Info] [AgentModelResolver] agent "statusline-setup" original_models=[] -> resolved_models=[]
[9/27/2026, 4:29:33 AM.933] [Info] [AgentModelResolver] agent "Explore" original_models=["lite"] -> resolved_models=["lite"]
[9/27/2026, 4:29:33 AM.933] [Info] [AgentModelResolver] agent "Plan" original_models=[] -> resolved_models=[]
[9/27/2026, 4:29:33 AM.933] [Info] [AgentModelResolver] agent "pulse" original_models=[] -> resolved_models=[]
[9/27/2026, 4:29:33 AM.933] [Info] [AgentModelResolver] agent "handoff-summary" original_models=undefined -> resolved_models=[]
[9/27/2026, 4:29:33 AM.933] [Info] [AgentModelResolver] agent "enhance-prompt" original_models=[] -> resolved_models=[]
[9/27/2026, 4:29:33 AM.933] [Info] [AgentModelResolver] agent "sheet-agent" original_models=[] -> resolved_models=[]
[9/27/2026, 4:29:33 AM.933] [Info] [AgentModelResolver] agent "doc-converter" original_models=[] -> resolved_models=[]
[9/27/2026, 4:29:33 AM.933] [Info] [AgentModelResolver] agent "doc-formatter" original_models=[] -> resolved_models=[]
[9/27/2026, 4:29:33 AM.933] [Info] [AgentModelResolver] agent "doc-writer" original_models=[] -> resolved_models=[]
[9/27/2026, 4:29:33 AM.953] [Info] [PluginPolicyService]  [MergedPlugins][DEBUG] ProductManager.onDidChange fired, reloading policies...
[9/27/2026, 4:29:33 AM.953] [Info] [PluginPolicyService]  [MergedPlugins][DEBUG] Current config builtInMarketPluginsMerge: [{"autoEnable":true,"marketplaceName":"codebuddy-plugins-official","name":"agent-browser","scope":"user"}]
[9/27/2026, 4:29:33 AM.953] [Info] [PluginPolicyService]  [MergedPlugins] Loaded 1 merged plugin entries
[9/27/2026, 4:29:33 AM.953] [Info] [Startup] AgentManager.rebuildAgents: START
[9/27/2026, 4:29:33 AM.953] [Info] [Startup] AgentManager.rebuildAgents: completed in 14ms, resolving readyDeferred
[9/27/2026, 4:29:33 AM.953] [Info] [PluginManager]  Checking for built-in marketplaces to install...
[9/27/2026, 4:29:33 AM.953] [Info] [BuiltInMarketplaceProvider]  Found 2 built-in marketplace(s)
[9/27/2026, 4:29:33 AM.953] [Info] [PluginManager]  Found 2 built-in marketplace(s)
[9/27/2026, 4:29:33 AM.954] [Info] [MarketplaceStorage]  [MarketplaceStorage] getMarketplaces ensureConfigFile=0ms readAndRepair=1ms migration=0ms total=1ms count=5 path=/Users/didi/.workbuddy/plugins/known_marketplaces.json
[9/27/2026, 4:29:33 AM.954] [Info] [PluginManager]  All built-in marketplaces are already installed
[9/27/2026, 4:29:33 AM.955] [Info] [MarketplaceStorage]  [MarketplaceStorage] getMarketplaces ensureConfigFile=0ms readAndRepair=1ms migration=0ms total=1ms count=5 path=/Users/didi/.workbuddy/plugins/known_marketplaces.json
[9/27/2026, 4:29:33 AM.955] [Info] [BuiltInMarketplaceProvider]  Found 2 built-in marketplace(s)
[9/27/2026, 4:29:33 AM.966] [Info] [PluginManager]  Loaded 5 marketplaces (2 built-in) total=12ms storage=1ms builtIn=0ms autoUpdate=0ms
[9/27/2026, 4:29:34 AM.921] [Info] [GitInfoCollector]  CODEBUDDY_GIT_REPO_SCAN_DISABLED 1
[9/27/2026, 4:29:34 AM.921] [Info] [GitInfoCollector]  Git repository scan is disabled via CODEBUDDY_GIT_REPO_SCAN_DISABLED environment variable
[9/27/2026, 4:29:34 AM.938] [Warning] [CloudProductManager]  Fetch remote configuration failed (attempt 1), will retry after 2s
[9/27/2026, 4:29:35 AM.942] [Info] [TracingService]  Tracing uses @tencent/galileo-node-sdk global OpenTelemetry provider; @genie OTLP exporter is skipped.
[9/27/2026, 4:29:35 AM.942] [Info] [TracingService]  Tracing config resolved: {"productEnabled":true,"enabledByEnv":false,"endpoint":"https://copilot.tencent.com","galileoEnabled":true}
[9/27/2026, 4:29:36 AM.939] [Info] [GitInfoCollector]  CODEBUDDY_GIT_REPO_SCAN_DISABLED 1
[9/27/2026, 4:29:36 AM.939] [Info] [GitInfoCollector]  Git repository scan is disabled via CODEBUDDY_GIT_REPO_SCAN_DISABLED environment variable
[9/27/2026, 4:29:36 AM.950] [Warning] [CloudProductManager]  Fetch remote configuration failed (attempt 2), will retry after 4s
[9/27/2026, 4:29:40 AM.952] [Info] [GitInfoCollector]  CODEBUDDY_GIT_REPO_SCAN_DISABLED 1
[9/27/2026, 4:29:40 AM.953] [Info] [GitInfoCollector]  Git repository scan is disabled via CODEBUDDY_GIT_REPO_SCAN_DISABLED environment variable
[9/27/2026, 4:29:41 AM.129] [Info] [CloudProductManager]  fetch cloud product success, agents(1): cli, models(53): auto,fast-model,balanced-model,deep-model,hy3,hy3-b,hy3-c,hy3-x,hy4-preview,hy4-preview-f,minimax-m2.5,glm-5v-turbo,glm-5.3,glm-5.3-flash,glm-5.2,glm-5.1,glm-5.0-turbo,glm-4.6v,kimi-k3-1,kimi-k2.8-preview,kimi-k2.7,kimi-k2.6,kimi-k2.5,kimi-k2-thinking,minimax-m3,minimax-m2.7,glm-4.6,deepseek-v4-flash,deepseek-v4.1-flash,deepseek-v4-pro,deepseek-v3-2-volc,deepseek-v3-1-volc,deepseek-v3-1-lkeap,deepseek-v3-1,deepseek-v3-0324-lkeap,deepseek-r1-0528-lkeap,kimi-k2-instruct-taiji,completion-gf,default-1.1,hunyuan-3b,hunyuan-7b-dense,codewise-completions,codewise-rewrite,codewise-nes-a4-027-aide,codewise-jump,deepseek-r1-0528,deepseek-v3-0324-taco-completion,deepseek-v3-0324,default-1.2,hunyuan-2.0-instruct,hunyuan-chat,hunyuan-image-alpha,hunyuan-image-alpha-edit
[9/27/2026, 4:29:41 AM.129] [Info] [CloudProductManager]  Fetched configuration from remote [176ms]
[9/27/2026, 4:29:41 AM.129] [Info] [CloudProductManager] [fdee3d54-95b6-4e9c-aaff-50ad9505aab4]  Fetch remote configuration succeeded after 3 attempt(s)
[9/27/2026, 4:45:14 AM.337] [Info] [WorkflowMemProbe] tick runId=(none) | rss=142.7MB heap=158.6/166.5MB external=54.5MB arrayBuffers=0MB
[9/27/2026, 4:45:14 AM.343] [Info] [GitInfoCollector]  CODEBUDDY_GIT_REPO_SCAN_DISABLED 1
[9/27/2026, 4:45:14 AM.343] [Info] [GitInfoCollector]  Git repository scan is disabled via CODEBUDDY_GIT_REPO_SCAN_DISABLED environment variable
[9/27/2026, 4:45:14 AM.982] [Info] [CloudProductManager]  fetch cloud product success, agents(1): cli, models(53): auto,fast-model,balanced-model,deep-model,hy3,hy3-b,hy3-c,hy3-x,hy4-preview,hy4-preview-f,minimax-m2.5,glm-5v-turbo,glm-5.3,glm-5.3-flash,glm-5.2,glm-5.1,glm-5.0-turbo,glm-4.6v,kimi-k3-1,kimi-k2.8-preview,kimi-k2.7,kimi-k2.6,kimi-k2.5,kimi-k2-thinking,minimax-m3,minimax-m2.7,glm-4.6,deepseek-v4-flash,deepseek-v4.1-flash,deepseek-v4-pro,deepseek-v3-2-volc,deepseek-v3-1-volc,deepseek-v3-1-lkeap,deepseek-v3-1,deepseek-v3-0324-lkeap,deepseek-r1-0528-lkeap,kimi-k2-instruct-taiji,completion-gf,default-1.1,hunyuan-3b,hunyuan-7b-dense,codewise-completions,codewise-rewrite,codewise-nes-a4-027-aide,codewise-jump,deepseek-r1-0528,deepseek-v3-0324-taco-completion,deepseek-v3-0324,default-1.2,hunyuan-2.0-instruct,hunyuan-chat,hunyuan-image-alpha,hunyuan-image-alpha-edit
[9/27/2026, 4:45:14 AM.982] [Info] [CloudProductManager]  Fetched configuration from remote [638ms]
[9/27/2026, 4:45:14 AM.983] [Info] [PluginsProductProvider.provide] active=9, ids=[weixinpay@workbuddy-builtin,tencent-docs-plugin@workbuddy-builtin,sheetagent@workbuddy-builtin,tencent-pptx@workbuddy-builtin,tencent-docx@workbuddy-builtin,agent-browser@codebuddy-plugins-official,find-skills@codebuddy-plugins-official,agent-browser@inline,find-skills@inline]
[9/27/2026, 4:45:14 AM.983] [Info] [MCP][cacheDbg] getConnectedServers() called: nonInteractive=true waitForSettle=false cacheNow=[connector-proxy,weixinpay,sheetagent] allServers=[connector-proxy:connected,weixinpay:connected,sheetagent:connected]
[9/27/2026, 4:45:14 AM.983] [Info] [MCP][cacheDbg] getConnectedServers() returning: [connector-proxy,weixinpay,sheetagent] (size=3)
[9/27/2026, 4:45:14 AM.993] [Info] [CustomModelsProductProvider] productName=WorkBuddy, isWorkBuddy=true, userConfigPath=/Users/didi/.workbuddy/models.json
[9/27/2026, 4:45:14 AM.993] [Info] Loaded custom models config from user: /Users/didi/.workbuddy/models.json
[9/27/2026, 4:45:14 AM.993] [Info] [ModelsProductProvider] enterpriseId: undefined, endpoint: https://copilot.tencent.com
[9/27/2026, 4:45:14 AM.993] [Warning] [ModelsProductProvider] enterpriseId is missing, skipping models API call
[9/27/2026, 4:45:14 AM.993] [Info] [AgentModelResolver] product config input: 54 models, 23 agents
[9/27/2026, 4:45:14 AM.993] [Info] [AgentModelResolver] model ids: auto, fast-model, balanced-model, deep-model, hy3, hy3-b, hy3-c, hy3-x, hy4-preview, hy4-preview-f, minimax-m2.5, glm-5v-turbo, glm-5.3, glm-5.3-flash, glm-5.2, glm-5.1, glm-5.0-turbo, glm-4.6v, kimi-k3-1, kimi-k2.8-preview, kimi-k2.7, kimi-k2.6, kimi-k2.5, kimi-k2-thinking, minimax-m3, minimax-m2.7, glm-4.6, deepseek-v4-flash, deepseek-v4.1-flash, deepseek-v4-pro, deepseek-v3-2-volc, deepseek-v3-1-volc, deepseek-v3-1-lkeap, deepseek-v3-1, deepseek-v3-0324-lkeap, deepseek-r1-0528-lkeap, kimi-k2-instruct-taiji, completion-gf, default-1.1, hunyuan-3b, hunyuan-7b-dense, codewise-completions, codewise-rewrite, codewise-nes-a4-027-aide, codewise-jump, deepseek-r1-0528, deepseek-v3-0324-taco-completion, deepseek-v3-0324, default-1.2, hunyuan-2.0-instruct, hunyuan-chat, hunyuan-image-alpha, hunyuan-image-alpha-edit, custom-local:kimi-k3
[9/27/2026, 4:45:14 AM.993] [Info] [AgentModelResolver] agent "cli" original_models=["auto","hy4-preview-f","hy3","hy3-x","deepseek-v4.1-flash","glm-5.3","glm-5.3-flash","glm-5.2","glm-5.1","glm-5v-turbo","minimax-m3","kimi-k3-1","kimi-k2.8-preview","kimi-k2.7","kimi-k2.6","deepseek-v4-pro"] -> resolved_models=["auto","hy4-preview-f","hy3","hy3-x","deepseek-v4.1-flash","glm-5.3","glm-5.3-flash","glm-5.2","glm-5.1","glm-5v-turbo","minimax-m3","kimi-k3-1","kimi-k2.8-preview","kimi-k2.7","kimi-k2.6","deepseek-v4-pro"]
[9/27/2026, 4:45:14 AM.993] [Info] [AgentModelResolver] agent "general-purpose" original_models=[] -> resolved_models=[]
[9/27/2026, 4:45:14 AM.993] [Info] [AgentModelResolver] agent "compact" original_models=[] -> resolved_models=[]
[9/27/2026, 4:45:14 AM.993] [Info] [AgentModelResolver] agent "contextSummary" original_models=[] -> resolved_models=[]
[9/27/2026, 4:45:14 AM.993] [Info] [AgentModelResolver] agent "contentAnalyzer" original_models=[] -> resolved_models=[]
[9/27/2026, 4:45:14 AM.993] [Info] [AgentModelResolver] agent "terminalTitleGenerator" original_models=[] -> resolved_models=[]
[9/27/2026, 4:45:14 AM.993] [Info] [AgentModelResolver] agent "promptSuggestion" original_models=[] -> resolved_models=[]
[9/27/2026, 4:45:14 AM.993] [Info] [AgentModelResolver] agent "memorySelector" original_models=["lite"] -> resolved_models=["lite"]
[9/27/2026, 4:45:14 AM.993] [Info] [AgentModelResolver] agent "summaryGenerator" original_models=[] -> resolved_models=[]
[9/27/2026, 4:45:14 AM.993] [Info] [AgentModelResolver] agent "autoModeClassifier" original_models=[] -> resolved_models=[]
[9/27/2026, 4:45:14 AM.993] [Info] [AgentModelResolver] agent "promptHookEvaluator" original_models=["lite"] -> resolved_models=["lite"]
[9/27/2026, 4:45:14 AM.993] [Info] [AgentModelResolver] agent "insightsAnalyzer" original_models=[] -> resolved_models=[]
[9/27/2026, 4:45:14 AM.993] [Info] [AgentModelResolver] agent "agentInstructions" original_models=[] -> resolved_models=[]
[9/27/2026, 4:45:14 AM.993] [Info] [AgentModelResolver] agent "statusline-setup" original_models=[] -> resolved_models=[]
[9/27/2026, 4:45:14 AM.993] [Info] [AgentModelResolver] agent "Explore" original_models=["lite"] -> resolved_models=["lite"]
[9/27/2026, 4:45:14 AM.993] [Info] [AgentModelResolver] agent "Plan" original_models=[] -> resolved_models=[]
[9/27/2026, 4:45:14 AM.993] [Info] [AgentModelResolver] agent "pulse" original_models=[] -> resolved_models=[]
[9/27/2026, 4:45:14 AM.993] [Info] [AgentModelResolver] agent "handoff-summary" original_models=undefined -> resolved_models=[]
[9/27/2026, 4:45:14 AM.993] [Info] [AgentModelResolver] agent "enhance-prompt" original_models=[] -> resolved_models=[]
[9/27/2026, 4:45:14 AM.993] [Info] [AgentModelResolver] agent "sheet-agent" original_models=[] -> resolved_models=[]
[9/27/2026, 4:45:14 AM.993] [Info] [AgentModelResolver] agent "doc-converter" original_models=[] -> resolved_models=[]
[9/27/2026, 4:45:14 AM.993] [Info] [AgentModelResolver] agent "doc-formatter" original_models=[] -> resolved_models=[]
[9/27/2026, 4:45:14 AM.993] [Info] [AgentModelResolver] agent "doc-writer" original_models=[] -> resolved_models=[]
[9/27/2026, 4:45:15 AM.010] [Info] [PluginPolicyService]  [MergedPlugins][DEBUG] ProductManager.onDidChange fired, reloading policies...
[9/27/2026, 4:45:15 AM.011] [Info] [PluginPolicyService]  [MergedPlugins][DEBUG] Current config builtInMarketPluginsMerge: [{"autoEnable":true,"marketplaceName":"codebuddy-plugins-official","name":"agent-browser","scope":"user"}]
[9/27/2026, 4:45:15 AM.011] [Info] [PluginPolicyService]  [MergedPlugins] Loaded 1 merged plugin entries
[9/27/2026, 4:45:15 AM.011] [Info] [Startup] AgentManager.rebuildAgents: START
[9/27/2026, 4:45:15 AM.011] [Info] [Startup] AgentManager.rebuildAgents: completed in 13ms, resolving readyDeferred
[9/27/2026, 4:45:15 AM.011] [Info] [PluginManager]  Checking for built-in marketplaces to install...
[9/27/2026, 4:45:15 AM.011] [Info] [BuiltInMarketplaceProvider]  Found 2 built-in marketplace(s)
[9/27/2026, 4:45:15 AM.011] [Info] [PluginManager]  Found 2 built-in marketplace(s)
[9/27/2026, 4:45:15 AM.015] [Info] [MarketplaceStorage]  [MarketplaceStorage] getMarketplaces ensureConfigFile=0ms readAndRepair=4ms migration=0ms total=4ms count=5 path=/Users/didi/.workbuddy/plugins/known_marketplaces.json
[9/27/2026, 4:45:15 AM.015] [Info] [PluginManager]  All built-in marketplaces are already installed
[9/27/2026, 4:45:15 AM.016] [Info] [MarketplaceStorage]  [MarketplaceStorage] getMarketplaces ensureConfigFile=0ms readAndRepair=1ms migration=0ms total=1ms count=5 path=/Users/didi/.workbuddy/plugins/known_marketplaces.json
[9/27/2026, 4:45:15 AM.016] [Info] [BuiltInMarketplaceProvider]  Found 2 built-in marketplace(s)
[9/27/2026, 4:45:15 AM.020] [Info] [PluginManager]  Loaded 5 marketplaces (2 built-in) total=5ms storage=1ms builtIn=0ms autoUpdate=0ms
[9/27/2026, 4:45:17 AM.002] [Info] [TracingService]  Tracing uses @tencent/galileo-node-sdk global OpenTelemetry provider; @genie OTLP exporter is skipped.
[9/27/2026, 4:45:17 AM.002] [Info] [TracingService]  Tracing config resolved: {"productEnabled":true,"enabledByEnv":false,"endpoint":"https://copilot.tencent.com","galileoEnabled":true}
[9/27/2026, 4:45:44 AM.356] [Info] [WorkflowMemProbe] tick runId=(none) | rss=151.6MB heap=165.9/173.2MB external=55.7MB arrayBuffers=0MB
[9/27/2026, 4:45:58 AM.512] [Info] [TracingService]  [primary] Exported 1 spans, traceIds: b7094ad6ee4a6653bb59d9c42338beec
[9/27/2026, 4:58:06 AM.451] [Info] [WorkflowMemProbe] tick runId=(none) | rss=151.1MB heap=164.9/170.5MB external=54.6MB arrayBuffers=0MB
[9/27/2026, 4:58:06 AM.584] [Info] [GitInfoCollector]  CODEBUDDY_GIT_REPO_SCAN_DISABLED 1
[9/27/2026, 4:58:06 AM.584] [Info] [GitInfoCollector]  Git repository scan is disabled via CODEBUDDY_GIT_REPO_SCAN_DISABLED environment variable
[9/27/2026, 4:58:07 AM.344] [Info] [CloudProductManager]  fetch cloud product success, agents(1): cli, models(53): auto,fast-model,balanced-model,deep-model,hy3,hy3-b,hy3-c,hy3-x,hy4-preview,hy4-preview-f,minimax-m2.5,glm-5v-turbo,glm-5.3,glm-5.3-flash,glm-5.2,glm-5.1,glm-5.0-turbo,glm-4.6v,kimi-k3-1,kimi-k2.8-preview,kimi-k2.7,kimi-k2.6,kimi-k2.5,kimi-k2-thinking,minimax-m3,minimax-m2.7,glm-4.6,deepseek-v4-flash,deepseek-v4.1-flash,deepseek-v4-pro,deepseek-v3-2-volc,deepseek-v3-1-volc,deepseek-v3-1-lkeap,deepseek-v3-1,deepseek-v3-0324-lkeap,deepseek-r1-0528-lkeap,kimi-k2-instruct-taiji,completion-gf,default-1.1,hunyuan-3b,hunyuan-7b-dense,codewise-completions,codewise-rewrite,codewise-nes-a4-027-aide,codewise-jump,deepseek-r1-0528,deepseek-v3-0324-taco-completion,deepseek-v3-0324,default-1.2,hunyuan-2.0-instruct,hunyuan-chat,hunyuan-image-alpha,hunyuan-image-alpha-edit
[9/27/2026, 4:58:07 AM.344] [Info] [CloudProductManager]  Fetched configuration from remote [759ms]
[9/27/2026, 4:58:07 AM.345] [Info] [PluginsProductProvider.provide] active=9, ids=[weixinpay@workbuddy-builtin,tencent-docs-plugin@workbuddy-builtin,sheetagent@workbuddy-builtin,tencent-pptx@workbuddy-builtin,tencent-docx@workbuddy-builtin,agent-browser@codebuddy-plugins-official,find-skills@codebuddy-plugins-official,agent-browser@inline,find-skills@inline]
[9/27/2026, 4:58:07 AM.345] [Info] [MCP][cacheDbg] getConnectedServers() called: nonInteractive=true waitForSettle=false cacheNow=[connector-proxy,weixinpay,sheetagent] allServers=[connector-proxy:connected,weixinpay:connected,sheetagent:connected]
[9/27/2026, 4:58:07 AM.345] [Info] [MCP][cacheDbg] getConnectedServers() returning: [connector-proxy,weixinpay,sheetagent] (size=3)
[9/27/2026, 4:58:07 AM.353] [Info] [CustomModelsProductProvider] productName=WorkBuddy, isWorkBuddy=true, userConfigPath=/Users/didi/.workbuddy/models.json
[9/27/2026, 4:58:07 AM.353] [Info] Loaded custom models config from user: /Users/didi/.workbuddy/models.json
[9/27/2026, 4:58:07 AM.353] [Info] [ModelsProductProvider] enterpriseId: undefined, endpoint: https://copilot.tencent.com
[9/27/2026, 4:58:07 AM.353] [Warning] [ModelsProductProvider] enterpriseId is missing, skipping models API call
[9/27/2026, 4:58:07 AM.353] [Info] [AgentModelResolver] product config input: 54 models, 23 agents
[9/27/2026, 4:58:07 AM.353] [Info] [AgentModelResolver] model ids: auto, fast-model, balanced-model, deep-model, hy3, hy3-b, hy3-c, hy3-x, hy4-preview, hy4-preview-f, minimax-m2.5, glm-5v-turbo, glm-5.3, glm-5.3-flash, glm-5.2, glm-5.1, glm-5.0-turbo, glm-4.6v, kimi-k3-1, kimi-k2.8-preview, kimi-k2.7, kimi-k2.6, kimi-k2.5, kimi-k2-thinking, minimax-m3, minimax-m2.7, glm-4.6, deepseek-v4-flash, deepseek-v4.1-flash, deepseek-v4-pro, deepseek-v3-2-volc, deepseek-v3-1-volc, deepseek-v3-1-lkeap, deepseek-v3-1, deepseek-v3-0324-lkeap, deepseek-r1-0528-lkeap, kimi-k2-instruct-taiji, completion-gf, default-1.1, hunyuan-3b, hunyuan-7b-dense, codewise-completions, codewise-rewrite, codewise-nes-a4-027-aide, codewise-jump, deepseek-r1-0528, deepseek-v3-0324-taco-completion, deepseek-v3-0324, default-1.2, hunyuan-2.0-instruct, hunyuan-chat, hunyuan-image-alpha, hunyuan-image-alpha-edit, custom-local:kimi-k3
[9/27/2026, 4:58:07 AM.353] [Info] [AgentModelResolver] agent "cli" original_models=["auto","hy4-preview-f","hy3","hy3-x","deepseek-v4.1-flash","glm-5.3","glm-5.3-flash","glm-5.2","glm-5.1","glm-5v-turbo","minimax-m3","kimi-k3-1","kimi-k2.8-preview","kimi-k2.7","kimi-k2.6","deepseek-v4-pro"] -> resolved_models=["auto","hy4-preview-f","hy3","hy3-x","deepseek-v4.1-flash","glm-5.3","glm-5.3-flash","glm-5.2","glm-5.1","glm-5v-turbo","minimax-m3","kimi-k3-1","kimi-k2.8-preview","kimi-k2.7","kimi-k2.6","deepseek-v4-pro"]
[9/27/2026, 4:58:07 AM.353] [Info] [AgentModelResolver] agent "general-purpose" original_models=[] -> resolved_models=[]
[9/27/2026, 4:58:07 AM.353] [Info] [AgentModelResolver] agent "compact" original_models=[] -> resolved_models=[]
[9/27/2026, 4:58:07 AM.353] [Info] [AgentModelResolver] agent "contextSummary" original_models=[] -> resolved_models=[]
[9/27/2026, 4:58:07 AM.353] [Info] [AgentModelResolver] agent "contentAnalyzer" original_models=[] -> resolved_models=[]
[9/27/2026, 4:58:07 AM.353] [Info] [AgentModelResolver] agent "terminalTitleGenerator" original_models=[] -> resolved_models=[]
[9/27/2026, 4:58:07 AM.353] [Info] [AgentModelResolver] agent "promptSuggestion" original_models=[] -> resolved_models=[]
[9/27/2026, 4:58:07 AM.353] [Info] [AgentModelResolver] agent "memorySelector" original_models=["lite"] -> resolved_models=["lite"]
[9/27/2026, 4:58:07 AM.353] [Info] [AgentModelResolver] agent "summaryGenerator" original_models=[] -> resolved_models=[]
[9/27/2026, 4:58:07 AM.353] [Info] [AgentModelResolver] agent "autoModeClassifier" original_models=[] -> resolved_models=[]
[9/27/2026, 4:58:07 AM.353] [Info] [AgentModelResolver] agent "promptHookEvaluator" original_models=["lite"] -> resolved_models=["lite"]
[9/27/2026, 4:58:07 AM.353] [Info] [AgentModelResolver] agent "insightsAnalyzer" original_models=[] -> resolved_models=[]
[9/27/2026, 4:58:07 AM.353] [Info] [AgentModelResolver] agent "agentInstructions" original_models=[] -> resolved_models=[]
[9/27/2026, 4:58:07 AM.353] [Info] [AgentModelResolver] agent "statusline-setup" original_models=[] -> resolved_models=[]
[9/27/2026, 4:58:07 AM.353] [Info] [AgentModelResolver] agent "Explore" original_models=["lite"] -> resolved_models=["lite"]
[9/27/2026, 4:58:07 AM.353] [Info] [AgentModelResolver] agent "Plan" original_models=[] -> resolved_models=[]
[9/27/2026, 4:58:07 AM.353] [Info] [AgentModelResolver] agent "pulse" original_models=[] -> resolved_models=[]
[9/27/2026, 4:58:07 AM.353] [Info] [AgentModelResolver] agent "handoff-summary" original_models=undefined -> resolved_models=[]
[9/27/2026, 4:58:07 AM.353] [Info] [AgentModelResolver] agent "enhance-prompt" original_models=[] -> resolved_models=[]
[9/27/2026, 4:58:07 AM.353] [Info] [AgentModelResolver] agent "sheet-agent" original_models=[] -> resolved_models=[]
[9/27/2026, 4:58:07 AM.353] [Info] [AgentModelResolver] agent "doc-converter" original_models=[] -> resolved_models=[]
[9/27/2026, 4:58:07 AM.353] [Info] [AgentModelResolver] agent "doc-formatter" original_models=[] -> resolved_models=[]
[9/27/2026, 4:58:07 AM.353] [Info] [AgentModelResolver] agent "doc-writer" original_models=[] -> resolved_models=[]
[9/27/2026, 4:58:07 AM.370] [Info] [PluginPolicyService]  [MergedPlugins][DEBUG] ProductManager.onDidChange fired, reloading policies...
[9/27/2026, 4:58:07 AM.370] [Info] [PluginPolicyService]  [MergedPlugins][DEBUG] Current config builtInMarketPluginsMerge: [{"autoEnable":true,"marketplaceName":"codebuddy-plugins-official","name":"agent-browser","scope":"user"}]
[9/27/2026, 4:58:07 AM.370] [Info] [PluginPolicyService]  [MergedPlugins] Loaded 1 merged plugin entries
[9/27/2026, 4:58:07 AM.370] [Info] [Startup] AgentManager.rebuildAgents: START
[9/27/2026, 4:58:07 AM.370] [Info] [Startup] AgentManager.rebuildAgents: completed in 11ms, resolving readyDeferred
[9/27/2026, 4:58:07 AM.371] [Info] [PluginManager]  Checking for built-in marketplaces to install...
[9/27/2026, 4:58:07 AM.371] [Info] [BuiltInMarketplaceProvider]  Found 2 built-in marketplace(s)
[9/27/2026, 4:58:07 AM.371] [Info] [PluginManager]  Found 2 built-in marketplace(s)
[9/27/2026, 4:58:07 AM.373] [Info] [MarketplaceStorage]  [MarketplaceStorage] getMarketplaces ensureConfigFile=0ms readAndRepair=1ms migration=0ms total=1ms count=5 path=/Users/didi/.workbuddy/plugins/known_marketplaces.json
[9/27/2026, 4:58:07 AM.373] [Info] [PluginManager]  All built-in marketplaces are already installed
[9/27/2026, 4:58:07 AM.374] [Info] [MarketplaceStorage]  [MarketplaceStorage] getMarketplaces ensureConfigFile=0ms readAndRepair=1ms migration=0ms total=1ms count=5 path=/Users/didi/.workbuddy/plugins/known_marketplaces.json
[9/27/2026, 4:58:07 AM.374] [Info] [BuiltInMarketplaceProvider]  Found 2 built-in marketplace(s)
[9/27/2026, 4:58:07 AM.377] [Info] [PluginManager]  Loaded 5 marketplaces (2 built-in) total=4ms storage=1ms builtIn=0ms autoUpdate=0ms
[9/27/2026, 4:58:09 AM.360] [Info] [TracingService]  Tracing uses @tencent/galileo-node-sdk global OpenTelemetry provider; @genie OTLP exporter is skipped.
[9/27/2026, 4:58:09 AM.360] [Info] [TracingService]  Tracing config resolved: {"productEnabled":true,"enabledByEnv":false,"endpoint":"https://copilot.tencent.com","galileoEnabled":true}
[9/27/2026, 4:58:36 AM.442] [Info] [WorkflowMemProbe] tick runId=(none) | rss=143.2MB heap=153.6/162.7MB external=53.7MB arrayBuffers=0MB
[9/27/2026, 5:14:21 AM.486] [Info] [WorkflowMemProbe] tick runId=(none) | rss=143.2MB heap=153.7/162.7MB external=53.7MB arrayBuffers=0MB
[9/27/2026, 5:14:21 AM.494] [Info] [GitInfoCollector]  CODEBUDDY_GIT_REPO_SCAN_DISABLED 1
[9/27/2026, 5:14:21 AM.494] [Info] [GitInfoCollector]  Git repository scan is disabled via CODEBUDDY_GIT_REPO_SCAN_DISABLED environment variable
[9/27/2026, 5:14:24 AM.333] [Info] [CloudProductManager]  fetch cloud product success, agents(1): cli, models(53): auto,fast-model,balanced-model,deep-model,hy3,hy3-b,hy3-c,hy3-x,hy4-preview,hy4-preview-f,minimax-m2.5,glm-5v-turbo,glm-5.3,glm-5.3-flash,glm-5.2,glm-5.1,glm-5.0-turbo,glm-4.6v,kimi-k3-1,kimi-k2.8-preview,kimi-k2.7,kimi-k2.6,kimi-k2.5,kimi-k2-thinking,minimax-m3,minimax-m2.7,glm-4.6,deepseek-v4-flash,deepseek-v4.1-flash,deepseek-v4-pro,deepseek-v3-2-volc,deepseek-v3-1-volc,deepseek-v3-1-lkeap,deepseek-v3-1,deepseek-v3-0324-lkeap,deepseek-r1-0528-lkeap,kimi-k2-instruct-taiji,completion-gf,default-1.1,hunyuan-3b,hunyuan-7b-dense,codewise-completions,codewise-rewrite,codewise-nes-a4-027-aide,codewise-jump,deepseek-r1-0528,deepseek-v3-0324-taco-completion,deepseek-v3-0324,default-1.2,hunyuan-2.0-instruct,hunyuan-chat,hunyuan-image-alpha,hunyuan-image-alpha-edit
[9/27/2026, 5:14:24 AM.333] [Info] [CloudProductManager]  Fetched configuration from remote [2837ms]
[9/27/2026, 5:14:24 AM.335] [Info] [PluginsProductProvider.provide] active=9, ids=[weixinpay@workbuddy-builtin,tencent-docs-plugin@workbuddy-builtin,sheetagent@workbuddy-builtin,tencent-pptx@workbuddy-builtin,tencent-docx@workbuddy-builtin,agent-browser@codebuddy-plugins-official,find-skills@codebuddy-plugins-official,agent-browser@inline,find-skills@inline]
[9/27/2026, 5:14:24 AM.335] [Info] [MCP][cacheDbg] getConnectedServers() called: nonInteractive=true waitForSettle=false cacheNow=[connector-proxy,weixinpay,sheetagent] allServers=[connector-proxy:connected,weixinpay:connected,sheetagent:connected]
[9/27/2026, 5:14:24 AM.335] [Info] [MCP][cacheDbg] getConnectedServers() returning: [connector-proxy,weixinpay,sheetagent] (size=3)
[9/27/2026, 5:14:24 AM.342] [Info] [CustomModelsProductProvider] productName=WorkBuddy, isWorkBuddy=true, userConfigPath=/Users/didi/.workbuddy/models.json
[9/27/2026, 5:14:24 AM.342] [Info] Loaded custom models config from user: /Users/didi/.workbuddy/models.json
[9/27/2026, 5:14:24 AM.342] [Info] [ModelsProductProvider] enterpriseId: undefined, endpoint: https://copilot.tencent.com
[9/27/2026, 5:14:24 AM.342] [Warning] [ModelsProductProvider] enterpriseId is missing, skipping models API call
[9/27/2026, 5:14:24 AM.342] [Info] [AgentModelResolver] product config input: 54 models, 23 agents
[9/27/2026, 5:14:24 AM.342] [Info] [AgentModelResolver] model ids: auto, fast-model, balanced-model, deep-model, hy3, hy3-b, hy3-c, hy3-x, hy4-preview, hy4-preview-f, minimax-m2.5, glm-5v-turbo, glm-5.3, glm-5.3-flash, glm-5.2, glm-5.1, glm-5.0-turbo, glm-4.6v, kimi-k3-1, kimi-k2.8-preview, kimi-k2.7, kimi-k2.6, kimi-k2.5, kimi-k2-thinking, minimax-m3, minimax-m2.7, glm-4.6, deepseek-v4-flash, deepseek-v4.1-flash, deepseek-v4-pro, deepseek-v3-2-volc, deepseek-v3-1-volc, deepseek-v3-1-lkeap, deepseek-v3-1, deepseek-v3-0324-lkeap, deepseek-r1-0528-lkeap, kimi-k2-instruct-taiji, completion-gf, default-1.1, hunyuan-3b, hunyuan-7b-dense, codewise-completions, codewise-rewrite, codewise-nes-a4-027-aide, codewise-jump, deepseek-r1-0528, deepseek-v3-0324-taco-completion, deepseek-v3-0324, default-1.2, hunyuan-2.0-instruct, hunyuan-chat, hunyuan-image-alpha, hunyuan-image-alpha-edit, custom-local:kimi-k3
[9/27/2026, 5:14:24 AM.342] [Info] [AgentModelResolver] agent "cli" original_models=["auto","hy4-preview-f","hy3","hy3-x","deepseek-v4.1-flash","glm-5.3","glm-5.3-flash","glm-5.2","glm-5.1","glm-5v-turbo","minimax-m3","kimi-k3-1","kimi-k2.8-preview","kimi-k2.7","kimi-k2.6","deepseek-v4-pro"] -> resolved_models=["auto","hy4-preview-f","hy3","hy3-x","deepseek-v4.1-flash","glm-5.3","glm-5.3-flash","glm-5.2","glm-5.1","glm-5v-turbo","minimax-m3","kimi-k3-1","kimi-k2.8-preview","kimi-k2.7","kimi-k2.6","deepseek-v4-pro"]
[9/27/2026, 5:14:24 AM.342] [Info] [AgentModelResolver] agent "general-purpose" original_models=[] -> resolved_models=[]
[9/27/2026, 5:14:24 AM.342] [Info] [AgentModelResolver] agent "compact" original_models=[] -> resolved_models=[]
[9/27/2026, 5:14:24 AM.342] [Info] [AgentModelResolver] agent "contextSummary" original_models=[] -> resolved_models=[]
[9/27/2026, 5:14:24 AM.342] [Info] [AgentModelResolver] agent "contentAnalyzer" original_models=[] -> resolved_models=[]
[9/27/2026, 5:14:24 AM.342] [Info] [AgentModelResolver] agent "terminalTitleGenerator" original_models=[] -> resolved_models=[]
[9/27/2026, 5:14:24 AM.342] [Info] [AgentModelResolver] agent "promptSuggestion" original_models=[] -> resolved_models=[]
[9/27/2026, 5:14:24 AM.342] [Info] [AgentModelResolver] agent "memorySelector" original_models=["lite"] -> resolved_models=["lite"]
[9/27/2026, 5:14:24 AM.342] [Info] [AgentModelResolver] agent "summaryGenerator" original_models=[] -> resolved_models=[]
[9/27/2026, 5:14:24 AM.342] [Info] [AgentModelResolver] agent "autoModeClassifier" original_models=[] -> resolved_models=[]
[9/27/2026, 5:14:24 AM.342] [Info] [AgentModelResolver] agent "promptHookEvaluator" original_models=["lite"] -> resolved_models=["lite"]
[9/27/2026, 5:14:24 AM.342] [Info] [AgentModelResolver] agent "insightsAnalyzer" original_models=[] -> resolved_models=[]
[9/27/2026, 5:14:24 AM.342] [Info] [AgentModelResolver] agent "agentInstructions" original_models=[] -> resolved_models=[]
[9/27/2026, 5:14:24 AM.342] [Info] [AgentModelResolver] agent "statusline-setup" original_models=[] -> resolved_models=[]
[9/27/2026, 5:14:24 AM.342] [Info] [AgentModelResolver] agent "Explore" original_models=["lite"] -> resolved_models=["lite"]
[9/27/2026, 5:14:24 AM.342] [Info] [AgentModelResolver] agent "Plan" original_models=[] -> resolved_models=[]
[9/27/2026, 5:14:24 AM.342] [Info] [AgentModelResolver] agent "pulse" original_models=[] -> resolved_models=[]
[9/27/2026, 5:14:24 AM.342] [Info] [AgentModelResolver] agent "handoff-summary" original_models=undefined -> resolved_models=[]
[9/27/2026, 5:14:24 AM.342] [Info] [AgentModelResolver] agent "enhance-prompt" original_models=[] -> resolved_models=[]
[9/27/2026, 5:14:24 AM.342] [Info] [AgentModelResolver] agent "sheet-agent" original_models=[] -> resolved_models=[]
[9/27/2026, 5:14:24 AM.342] [Info] [AgentModelResolver] agent "doc-converter" original_models=[] -> resolved_models=[]
[9/27/2026, 5:14:24 AM.342] [Info] [AgentModelResolver] agent "doc-formatter" original_models=[] -> resolved_models=[]
[9/27/2026, 5:14:24 AM.342] [Info] [AgentModelResolver] agent "doc-writer" original_models=[] -> resolved_models=[]
[9/27/2026, 5:14:24 AM.358] [Info] [PluginPolicyService]  [MergedPlugins][DEBUG] ProductManager.onDidChange fired, reloading policies...
[9/27/2026, 5:14:24 AM.358] [Info] [PluginPolicyService]  [MergedPlugins][DEBUG] Current config builtInMarketPluginsMerge: [{"autoEnable":true,"marketplaceName":"codebuddy-plugins-official","name":"agent-browser","scope":"user"}]
[9/27/2026, 5:14:24 AM.358] [Info] [PluginPolicyService]  [MergedPlugins] Loaded 1 merged plugin entries
[9/27/2026, 5:14:24 AM.358] [Info] [Startup] AgentManager.rebuildAgents: START
[9/27/2026, 5:14:24 AM.358] [Info] [Startup] AgentManager.rebuildAgents: completed in 11ms, resolving readyDeferred
[9/27/2026, 5:14:24 AM.358] [Info] [PluginManager]  Checking for built-in marketplaces to install...
[9/27/2026, 5:14:24 AM.358] [Info] [BuiltInMarketplaceProvider]  Found 2 built-in marketplace(s)
[9/27/2026, 5:14:24 AM.358] [Info] [PluginManager]  Found 2 built-in marketplace(s)
[9/27/2026, 5:14:24 AM.359] [Info] [MarketplaceStorage]  [MarketplaceStorage] getMarketplaces ensureConfigFile=0ms readAndRepair=1ms migration=0ms total=1ms count=5 path=/Users/didi/.workbuddy/plugins/known_marketplaces.json
[9/27/2026, 5:14:24 AM.359] [Info] [PluginManager]  All built-in marketplaces are already installed
[9/27/2026, 5:14:24 AM.359] [Info] [MarketplaceStorage]  [MarketplaceStorage] getMarketplaces ensureConfigFile=0ms readAndRepair=0ms migration=0ms total=0ms count=5 path=/Users/didi/.workbuddy/plugins/known_marketplaces.json
[9/27/2026, 5:14:24 AM.359] [Info] [BuiltInMarketplaceProvider]  Found 2 built-in marketplace(s)
[9/27/2026, 5:14:24 AM.361] [Info] [PluginManager]  Loaded 5 marketplaces (2 built-in) total=2ms storage=0ms builtIn=0ms autoUpdate=0ms
[9/27/2026, 5:14:26 AM.350] [Info] [TracingService]  Tracing uses @tencent/galileo-node-sdk global OpenTelemetry provider; @genie OTLP exporter is skipped.
[9/27/2026, 5:14:26 AM.350] [Info] [TracingService]  Tracing config resolved: {"productEnabled":true,"enabledByEnv":false,"endpoint":"https://copilot.tencent.com","galileoEnabled":true}
[9/27/2026, 5:14:51 AM.505] [Info] [WorkflowMemProbe] tick runId=(none) | rss=149.1MB heap=162/168.8MB external=54.9MB arrayBuffers=0MB
[9/27/2026, 5:30:38 AM.288] [Info] [WorkflowMemProbe] tick runId=(none) | rss=148.8MB heap=162.1/168.8MB external=54.9MB arrayBuffers=0MB
[9/27/2026, 5:30:38 AM.422] [Info] [GitInfoCollector]  CODEBUDDY_GIT_REPO_SCAN_DISABLED 1
[9/27/2026, 5:30:38 AM.422] [Info] [GitInfoCollector]  Git repository scan is disabled via CODEBUDDY_GIT_REPO_SCAN_DISABLED environment variable
[9/27/2026, 5:30:39 AM.288] [Info] [CloudProductManager]  fetch cloud product success, agents(1): cli, models(53): auto,fast-model,balanced-model,deep-model,hy3,hy3-b,hy3-c,hy3-x,hy4-preview,hy4-preview-f,minimax-m2.5,glm-5v-turbo,glm-5.3,glm-5.3-flash,glm-5.2,glm-5.1,glm-5.0-turbo,glm-4.6v,kimi-k3-1,kimi-k2.8-preview,kimi-k2.7,kimi-k2.6,kimi-k2.5,kimi-k2-thinking,minimax-m3,minimax-m2.7,glm-4.6,deepseek-v4-flash,deepseek-v4.1-flash,deepseek-v4-pro,deepseek-v3-2-volc,deepseek-v3-1-volc,deepseek-v3-1-lkeap,deepseek-v3-1,deepseek-v3-0324-lkeap,deepseek-r1-0528-lkeap,kimi-k2-instruct-taiji,completion-gf,default-1.1,hunyuan-3b,hunyuan-7b-dense,codewise-completions,codewise-rewrite,codewise-nes-a4-027-aide,codewise-jump,deepseek-r1-0528,deepseek-v3-0324-taco-completion,deepseek-v3-0324,default-1.2,hunyuan-2.0-instruct,hunyuan-chat,hunyuan-image-alpha,hunyuan-image-alpha-edit
[9/27/2026, 5:30:39 AM.288] [Info] [CloudProductManager]  Fetched configuration from remote [866ms]
[9/27/2026, 5:30:39 AM.289] [Info] [PluginsProductProvider.provide] active=9, ids=[weixinpay@workbuddy-builtin,tencent-docs-plugin@workbuddy-builtin,sheetagent@workbuddy-builtin,tencent-pptx@workbuddy-builtin,tencent-docx@workbuddy-builtin,agent-browser@codebuddy-plugins-official,find-skills@codebuddy-plugins-official,agent-browser@inline,find-skills@inline]
[9/27/2026, 5:30:39 AM.289] [Info] [MCP][cacheDbg] getConnectedServers() called: nonInteractive=true waitForSettle=false cacheNow=[connector-proxy,weixinpay,sheetagent] allServers=[connector-proxy:connected,weixinpay:connected,sheetagent:connected]
[9/27/2026, 5:30:39 AM.289] [Info] [MCP][cacheDbg] getConnectedServers() returning: [connector-proxy,weixinpay,sheetagent] (size=3)
[9/27/2026, 5:30:39 AM.296] [Info] [CustomModelsProductProvider] productName=WorkBuddy, isWorkBuddy=true, userConfigPath=/Users/didi/.workbuddy/models.json
[9/27/2026, 5:30:39 AM.296] [Info] Loaded custom models config from user: /Users/didi/.workbuddy/models.json
[9/27/2026, 5:30:39 AM.296] [Info] [ModelsProductProvider] enterpriseId: undefined, endpoint: https://copilot.tencent.com
[9/27/2026, 5:30:39 AM.296] [Warning] [ModelsProductProvider] enterpriseId is missing, skipping models API call
[9/27/2026, 5:30:39 AM.296] [Info] [AgentModelResolver] product config input: 54 models, 23 agents
[9/27/2026, 5:30:39 AM.296] [Info] [AgentModelResolver] model ids: auto, fast-model, balanced-model, deep-model, hy3, hy3-b, hy3-c, hy3-x, hy4-preview, hy4-preview-f, minimax-m2.5, glm-5v-turbo, glm-5.3, glm-5.3-flash, glm-5.2, glm-5.1, glm-5.0-turbo, glm-4.6v, kimi-k3-1, kimi-k2.8-preview, kimi-k2.7, kimi-k2.6, kimi-k2.5, kimi-k2-thinking, minimax-m3, minimax-m2.7, glm-4.6, deepseek-v4-flash, deepseek-v4.1-flash, deepseek-v4-pro, deepseek-v3-2-volc, deepseek-v3-1-volc, deepseek-v3-1-lkeap, deepseek-v3-1, deepseek-v3-0324-lkeap, deepseek-r1-0528-lkeap, kimi-k2-instruct-taiji, completion-gf, default-1.1, hunyuan-3b, hunyuan-7b-dense, codewise-completions, codewise-rewrite, codewise-nes-a4-027-aide, codewise-jump, deepseek-r1-0528, deepseek-v3-0324-taco-completion, deepseek-v3-0324, default-1.2, hunyuan-2.0-instruct, hunyuan-chat, hunyuan-image-alpha, hunyuan-image-alpha-edit, custom-local:kimi-k3
[9/27/2026, 5:30:39 AM.296] [Info] [AgentModelResolver] agent "cli" original_models=["auto","hy4-preview-f","hy3","hy3-x","deepseek-v4.1-flash","glm-5.3","glm-5.3-flash","glm-5.2","glm-5.1","glm-5v-turbo","minimax-m3","kimi-k3-1","kimi-k2.8-preview","kimi-k2.7","kimi-k2.6","deepseek-v4-pro"] -> resolved_models=["auto","hy4-preview-f","hy3","hy3-x","deepseek-v4.1-flash","glm-5.3","glm-5.3-flash","glm-5.2","glm-5.1","glm-5v-turbo","minimax-m3","kimi-k3-1","kimi-k2.8-preview","kimi-k2.7","kimi-k2.6","deepseek-v4-pro"]
[9/27/2026, 5:30:39 AM.296] [Info] [AgentModelResolver] agent "general-purpose" original_models=[] -> resolved_models=[]
[9/27/2026, 5:30:39 AM.296] [Info] [AgentModelResolver] agent "compact" original_models=[] -> resolved_models=[]
[9/27/2026, 5:30:39 AM.296] [Info] [AgentModelResolver] agent "contextSummary" original_models=[] -> resolved_models=[]
[9/27/2026, 5:30:39 AM.296] [Info] [AgentModelResolver] agent "contentAnalyzer" original_models=[] -> resolved_models=[]
[9/27/2026, 5:30:39 AM.296] [Info] [AgentModelResolver] agent "terminalTitleGenerator" original_models=[] -> resolved_models=[]
[9/27/2026, 5:30:39 AM.296] [Info] [AgentModelResolver] agent "promptSuggestion" original_models=[] -> resolved_models=[]
[9/27/2026, 5:30:39 AM.296] [Info] [AgentModelResolver] agent "memorySelector" original_models=["lite"] -> resolved_models=["lite"]
[9/27/2026, 5:30:39 AM.296] [Info] [AgentModelResolver] agent "summaryGenerator" original_models=[] -> resolved_models=[]
[9/27/2026, 5:30:39 AM.296] [Info] [AgentModelResolver] agent "autoModeClassifier" original_models=[] -> resolved_models=[]
[9/27/2026, 5:30:39 AM.296] [Info] [AgentModelResolver] agent "promptHookEvaluator" original_models=["lite"] -> resolved_models=["lite"]
[9/27/2026, 5:30:39 AM.296] [Info] [AgentModelResolver] agent "insightsAnalyzer" original_models=[] -> resolved_models=[]
[9/27/2026, 5:30:39 AM.296] [Info] [AgentModelResolver] agent "agentInstructions" original_models=[] -> resolved_models=[]
[9/27/2026, 5:30:39 AM.296] [Info] [AgentModelResolver] agent "statusline-setup" original_models=[] -> resolved_models=[]
[9/27/2026, 5:30:39 AM.296] [Info] [AgentModelResolver] agent "Explore" original_models=["lite"] -> resolved_models=["lite"]
[9/27/2026, 5:30:39 AM.296] [Info] [AgentModelResolver] agent "Plan" original_models=[] -> resolved_models=[]
[9/27/2026, 5:30:39 AM.296] [Info] [AgentModelResolver] agent "pulse" original_models=[] -> resolved_models=[]
[9/27/2026, 5:30:39 AM.296] [Info] [AgentModelResolver] agent "handoff-summary" original_models=undefined -> resolved_models=[]
[9/27/2026, 5:30:39 AM.296] [Info] [AgentModelResolver] agent "enhance-prompt" original_models=[] -> resolved_models=[]
[9/27/2026, 5:30:39 AM.296] [Info] [AgentModelResolver] agent "sheet-agent" original_models=[] -> resolved_models=[]
[9/27/2026, 5:30:39 AM.296] [Info] [AgentModelResolver] agent "doc-converter" original_models=[] -> resolved_models=[]
[9/27/2026, 5:30:39 AM.296] [Info] [AgentModelResolver] agent "doc-formatter" original_models=[] -> resolved_models=[]
[9/27/2026, 5:30:39 AM.296] [Info] [AgentModelResolver] agent "doc-writer" original_models=[] -> resolved_models=[]
[9/27/2026, 5:30:39 AM.313] [Info] [PluginPolicyService]  [MergedPlugins][DEBUG] ProductManager.onDidChange fired, reloading policies...
[9/27/2026, 5:30:39 AM.313] [Info] [PluginPolicyService]  [MergedPlugins][DEBUG] Current config builtInMarketPluginsMerge: [{"autoEnable":true,"marketplaceName":"codebuddy-plugins-official","name":"agent-browser","scope":"user"}]
[9/27/2026, 5:30:39 AM.313] [Info] [PluginPolicyService]  [MergedPlugins] Loaded 1 merged plugin entries
[9/27/2026, 5:30:39 AM.313] [Info] [Startup] AgentManager.rebuildAgents: START
[9/27/2026, 5:30:39 AM.313] [Info] [Startup] AgentManager.rebuildAgents: completed in 13ms, resolving readyDeferred
[9/27/2026, 5:30:39 AM.313] [Info] [PluginManager]  Checking for built-in marketplaces to install...
[9/27/2026, 5:30:39 AM.313] [Info] [BuiltInMarketplaceProvider]  Found 2 built-in marketplace(s)
[9/27/2026, 5:30:39 AM.313] [Info] [PluginManager]  Found 2 built-in marketplace(s)
[9/27/2026, 5:30:39 AM.314] [Info] [MarketplaceStorage]  [MarketplaceStorage] getMarketplaces ensureConfigFile=0ms readAndRepair=1ms migration=0ms total=1ms count=5 path=/Users/didi/.workbuddy/plugins/known_marketplaces.json
[9/27/2026, 5:30:39 AM.314] [Info] [PluginManager]  All built-in marketplaces are already installed
[9/27/2026, 5:30:39 AM.315] [Info] [MarketplaceStorage]  [MarketplaceStorage] getMarketplaces ensureConfigFile=0ms readAndRepair=1ms migration=0ms total=1ms count=5 path=/Users/didi/.workbuddy/plugins/known_marketplaces.json
[9/27/2026, 5:30:39 AM.315] [Info] [BuiltInMarketplaceProvider]  Found 2 built-in marketplace(s)
[9/27/2026, 5:30:39 AM.317] [Info] [PluginManager]  Loaded 5 marketplaces (2 built-in) total=3ms storage=1ms builtIn=0ms autoUpdate=0ms
[9/27/2026, 5:30:41 AM.299] [Info] [TracingService]  Tracing uses @tencent/galileo-node-sdk global OpenTelemetry provider; @genie OTLP exporter is skipped.
[9/27/2026, 5:30:41 AM.299] [Info] [TracingService]  Tracing config resolved: {"productEnabled":true,"enabledByEnv":false,"endpoint":"https://copilot.tencent.com","galileoEnabled":true}
[9/27/2026, 5:31:08 AM.255] [Info] [WorkflowMemProbe] tick runId=(none) | rss=149.7MB heap=164.3/171.5MB external=54.3MB arrayBuffers=0MB
[9/27/2026, 5:46:56 AM.682] [Info] [WorkflowMemProbe] tick runId=(none) | rss=148.9MB heap=164.5/171.5MB external=54.3MB arrayBuffers=0MB
[9/27/2026, 5:46:56 AM.799] [Info] [GitInfoCollector]  CODEBUDDY_GIT_REPO_SCAN_DISABLED 1
[9/27/2026, 5:46:56 AM.799] [Info] [GitInfoCollector]  Git repository scan is disabled via CODEBUDDY_GIT_REPO_SCAN_DISABLED environment variable
[9/27/2026, 5:46:57 AM.761] [Info] [CloudProductManager]  fetch cloud product success, agents(1): cli, models(53): auto,fast-model,balanced-model,deep-model,hy3,hy3-b,hy3-c,hy3-x,hy4-preview,hy4-preview-f,minimax-m2.5,glm-5v-turbo,glm-5.3,glm-5.3-flash,glm-5.2,glm-5.1,glm-5.0-turbo,glm-4.6v,kimi-k3-1,kimi-k2.8-preview,kimi-k2.7,kimi-k2.6,kimi-k2.5,kimi-k2-thinking,minimax-m3,minimax-m2.7,glm-4.6,deepseek-v4-flash,deepseek-v4.1-flash,deepseek-v4-pro,deepseek-v3-2-volc,deepseek-v3-1-volc,deepseek-v3-1-lkeap,deepseek-v3-1,deepseek-v3-0324-lkeap,deepseek-r1-0528-lkeap,kimi-k2-instruct-taiji,completion-gf,default-1.1,hunyuan-3b,hunyuan-7b-dense,codewise-completions,codewise-rewrite,codewise-nes-a4-027-aide,codewise-jump,deepseek-r1-0528,deepseek-v3-0324-taco-completion,deepseek-v3-0324,default-1.2,hunyuan-2.0-instruct,hunyuan-chat,hunyuan-image-alpha,hunyuan-image-alpha-edit
[9/27/2026, 5:46:57 AM.761] [Info] [CloudProductManager]  Fetched configuration from remote [962ms]
[9/27/2026, 5:46:57 AM.762] [Info] [PluginsProductProvider.provide] active=9, ids=[weixinpay@workbuddy-builtin,tencent-docs-plugin@workbuddy-builtin,sheetagent@workbuddy-builtin,tencent-pptx@workbuddy-builtin,tencent-docx@workbuddy-builtin,agent-browser@codebuddy-plugins-official,find-skills@codebuddy-plugins-official,agent-browser@inline,find-skills@inline]
[9/27/2026, 5:46:57 AM.762] [Info] [MCP][cacheDbg] getConnectedServers() called: nonInteractive=true waitForSettle=false cacheNow=[connector-proxy,weixinpay,sheetagent] allServers=[connector-proxy:connected,weixinpay:connected,sheetagent:connected]
[9/27/2026, 5:46:57 AM.762] [Info] [MCP][cacheDbg] getConnectedServers() returning: [connector-proxy,weixinpay,sheetagent] (size=3)
[9/27/2026, 5:46:57 AM.768] [Info] [CustomModelsProductProvider] productName=WorkBuddy, isWorkBuddy=true, userConfigPath=/Users/didi/.workbuddy/models.json
[9/27/2026, 5:46:57 AM.768] [Info] Loaded custom models config from user: /Users/didi/.workbuddy/models.json
[9/27/2026, 5:46:57 AM.768] [Info] [ModelsProductProvider] enterpriseId: undefined, endpoint: https://copilot.tencent.com
[9/27/2026, 5:46:57 AM.768] [Warning] [ModelsProductProvider] enterpriseId is missing, skipping models API call
[9/27/2026, 5:46:57 AM.768] [Info] [AgentModelResolver] product config input: 54 models, 23 agents
[9/27/2026, 5:46:57 AM.768] [Info] [AgentModelResolver] model ids: auto, fast-model, balanced-model, deep-model, hy3, hy3-b, hy3-c, hy3-x, hy4-preview, hy4-preview-f, minimax-m2.5, glm-5v-turbo, glm-5.3, glm-5.3-flash, glm-5.2, glm-5.1, glm-5.0-turbo, glm-4.6v, kimi-k3-1, kimi-k2.8-preview, kimi-k2.7, kimi-k2.6, kimi-k2.5, kimi-k2-thinking, minimax-m3, minimax-m2.7, glm-4.6, deepseek-v4-flash, deepseek-v4.1-flash, deepseek-v4-pro, deepseek-v3-2-volc, deepseek-v3-1-volc, deepseek-v3-1-lkeap, deepseek-v3-1, deepseek-v3-0324-lkeap, deepseek-r1-0528-lkeap, kimi-k2-instruct-taiji, completion-gf, default-1.1, hunyuan-3b, hunyuan-7b-dense, codewise-completions, codewise-rewrite, codewise-nes-a4-027-aide, codewise-jump, deepseek-r1-0528, deepseek-v3-0324-taco-completion, deepseek-v3-0324, default-1.2, hunyuan-2.0-instruct, hunyuan-chat, hunyuan-image-alpha, hunyuan-image-alpha-edit, custom-local:kimi-k3
[9/27/2026, 5:46:57 AM.768] [Info] [AgentModelResolver] agent "cli" original_models=["auto","hy4-preview-f","hy3","hy3-x","deepseek-v4.1-flash","glm-5.3","glm-5.3-flash","glm-5.2","glm-5.1","glm-5v-turbo","minimax-m3","kimi-k3-1","kimi-k2.8-preview","kimi-k2.7","kimi-k2.6","deepseek-v4-pro"] -> resolved_models=["auto","hy4-preview-f","hy3","hy3-x","deepseek-v4.1-flash","glm-5.3","glm-5.3-flash","glm-5.2","glm-5.1","glm-5v-turbo","minimax-m3","kimi-k3-1","kimi-k2.8-preview","kimi-k2.7","kimi-k2.6","deepseek-v4-pro"]
[9/27/2026, 5:46:57 AM.768] [Info] [AgentModelResolver] agent "general-purpose" original_models=[] -> resolved_models=[]
[9/27/2026, 5:46:57 AM.768] [Info] [AgentModelResolver] agent "compact" original_models=[] -> resolved_models=[]
[9/27/2026, 5:46:57 AM.768] [Info] [AgentModelResolver] agent "contextSummary" original_models=[] -> resolved_models=[]
[9/27/2026, 5:46:57 AM.768] [Info] [AgentModelResolver] agent "contentAnalyzer" original_models=[] -> resolved_models=[]
[9/27/2026, 5:46:57 AM.768] [Info] [AgentModelResolver] agent "terminalTitleGenerator" original_models=[] -> resolved_models=[]
[9/27/2026, 5:46:57 AM.768] [Info] [AgentModelResolver] agent "promptSuggestion" original_models=[] -> resolved_models=[]
[9/27/2026, 5:46:57 AM.768] [Info] [AgentModelResolver] agent "memorySelector" original_models=["lite"] -> resolved_models=["lite"]
[9/27/2026, 5:46:57 AM.768] [Info] [AgentModelResolver] agent "summaryGenerator" original_models=[] -> resolved_models=[]
[9/27/2026, 5:46:57 AM.768] [Info] [AgentModelResolver] agent "autoModeClassifier" original_models=[] -> resolved_models=[]
[9/27/2026, 5:46:57 AM.768] [Info] [AgentModelResolver] agent "promptHookEvaluator" original_models=["lite"] -> resolved_models=["lite"]
[9/27/2026, 5:46:57 AM.768] [Info] [AgentModelResolver] agent "insightsAnalyzer" original_models=[] -> resolved_models=[]
[9/27/2026, 5:46:57 AM.768] [Info] [AgentModelResolver] agent "agentInstructions" original_models=[] -> resolved_models=[]
[9/27/2026, 5:46:57 AM.768] [Info] [AgentModelResolver] agent "statusline-setup" original_models=[] -> resolved_models=[]
[9/27/2026, 5:46:57 AM.768] [Info] [AgentModelResolver] agent "Explore" original_models=["lite"] -> resolved_models=["lite"]
[9/27/2026, 5:46:57 AM.768] [Info] [AgentModelResolver] agent "Plan" original_models=[] -> resolved_models=[]
[9/27/2026, 5:46:57 AM.768] [Info] [AgentModelResolver] agent "pulse" original_models=[] -> resolved_models=[]
[9/27/2026, 5:46:57 AM.768] [Info] [AgentModelResolver] agent "handoff-summary" original_models=undefined -> resolved_models=[]
[9/27/2026, 5:46:57 AM.768] [Info] [AgentModelResolver] agent "enhance-prompt" original_models=[] -> resolved_models=[]
[9/27/2026, 5:46:57 AM.768] [Info] [AgentModelResolver] agent "sheet-agent" original_models=[] -> resolved_models=[]
[9/27/2026, 5:46:57 AM.768] [Info] [AgentModelResolver] agent "doc-converter" original_models=[] -> resolved_models=[]
[9/27/2026, 5:46:57 AM.768] [Info] [AgentModelResolver] agent "doc-formatter" original_models=[] -> resolved_models=[]
[9/27/2026, 5:46:57 AM.768] [Info] [AgentModelResolver] agent "doc-writer" original_models=[] -> resolved_models=[]
[9/27/2026, 5:46:57 AM.783] [Info] [PluginPolicyService]  [MergedPlugins][DEBUG] ProductManager.onDidChange fired, reloading policies...
[9/27/2026, 5:46:57 AM.783] [Info] [PluginPolicyService]  [MergedPlugins][DEBUG] Current config builtInMarketPluginsMerge: [{"autoEnable":true,"marketplaceName":"codebuddy-plugins-official","name":"agent-browser","scope":"user"}]
[9/27/2026, 5:46:57 AM.783] [Info] [PluginPolicyService]  [MergedPlugins] Loaded 1 merged plugin entries
[9/27/2026, 5:46:57 AM.783] [Info] [Startup] AgentManager.rebuildAgents: START
[9/27/2026, 5:46:57 AM.783] [Info] [Startup] AgentManager.rebuildAgents: completed in 11ms, resolving readyDeferred
[9/27/2026, 5:46:57 AM.783] [Info] [PluginManager]  Checking for built-in marketplaces to install...
[9/27/2026, 5:46:57 AM.783] [Info] [BuiltInMarketplaceProvider]  Found 2 built-in marketplace(s)
[9/27/2026, 5:46:57 AM.783] [Info] [PluginManager]  Found 2 built-in marketplace(s)
[9/27/2026, 5:46:57 AM.784] [Info] [MarketplaceStorage]  [MarketplaceStorage] getMarketplaces ensureConfigFile=0ms readAndRepair=1ms migration=0ms total=1ms count=5 path=/Users/didi/.workbuddy/plugins/known_marketplaces.json
[9/27/2026, 5:46:57 AM.784] [Info] [PluginManager]  All built-in marketplaces are already installed
[9/27/2026, 5:46:57 AM.785] [Info] [MarketplaceStorage]  [MarketplaceStorage] getMarketplaces ensureConfigFile=0ms readAndRepair=1ms migration=0ms total=1ms count=5 path=/Users/didi/.workbuddy/plugins/known_marketplaces.json
[9/27/2026, 5:46:57 AM.785] [Info] [BuiltInMarketplaceProvider]  Found 2 built-in marketplace(s)
[9/27/2026, 5:46:57 AM.787] [Info] [PluginManager]  Loaded 5 marketplaces (2 built-in) total=3ms storage=1ms builtIn=0ms autoUpdate=0ms
[9/27/2026, 5:46:59 AM.771] [Info] [TracingService]  Tracing uses @tencent/galileo-node-sdk global OpenTelemetry provider; @genie OTLP exporter is skipped.
[9/27/2026, 5:46:59 AM.771] [Info] [TracingService]  Tracing config resolved: {"productEnabled":true,"enabledByEnv":false,"endpoint":"https://copilot.tencent.com","galileoEnabled":true}
[9/27/2026, 5:47:26 AM.655] [Info] [WorkflowMemProbe] tick runId=(none) | rss=140.6MB heap=154.7/163.4MB external=54.4MB arrayBuffers=0MB
[9/27/2026, 5:59:06 AM.509] [Info] [WorkflowMemProbe] tick runId=(none) | rss=140.6MB heap=154.9/163.4MB external=54.4MB arrayBuffers=0MB
[9/27/2026, 5:59:06 AM.515] [Info] [GitInfoCollector]  CODEBUDDY_GIT_REPO_SCAN_DISABLED 1
[9/27/2026, 5:59:06 AM.515] [Info] [GitInfoCollector]  Git repository scan is disabled via CODEBUDDY_GIT_REPO_SCAN_DISABLED environment variable
[9/27/2026, 5:59:07 AM.284] [Info] [CloudProductManager]  fetch cloud product success, agents(1): cli, models(53): auto,fast-model,balanced-model,deep-model,hy3,hy3-b,hy3-c,hy3-x,hy4-preview,hy4-preview-f,minimax-m2.5,glm-5v-turbo,glm-5.3,glm-5.3-flash,glm-5.2,glm-5.1,glm-5.0-turbo,glm-4.6v,kimi-k3-1,kimi-k2.8-preview,kimi-k2.7,kimi-k2.6,kimi-k2.5,kimi-k2-thinking,minimax-m3,minimax-m2.7,glm-4.6,deepseek-v4-flash,deepseek-v4.1-flash,deepseek-v4-pro,deepseek-v3-2-volc,deepseek-v3-1-volc,deepseek-v3-1-lkeap,deepseek-v3-1,deepseek-v3-0324-lkeap,deepseek-r1-0528-lkeap,kimi-k2-instruct-taiji,completion-gf,default-1.1,hunyuan-3b,hunyuan-7b-dense,codewise-completions,codewise-rewrite,codewise-nes-a4-027-aide,codewise-jump,deepseek-r1-0528,deepseek-v3-0324-taco-completion,deepseek-v3-0324,default-1.2,hunyuan-2.0-instruct,hunyuan-chat,hunyuan-image-alpha,hunyuan-image-alpha-edit
[9/27/2026, 5:59:07 AM.284] [Info] [CloudProductManager]  Fetched configuration from remote [769ms]
[9/27/2026, 5:59:07 AM.285] [Info] [PluginsProductProvider.provide] active=9, ids=[weixinpay@workbuddy-builtin,tencent-docs-plugin@workbuddy-builtin,sheetagent@workbuddy-builtin,tencent-pptx@workbuddy-builtin,tencent-docx@workbuddy-builtin,agent-browser@codebuddy-plugins-official,find-skills@codebuddy-plugins-official,agent-browser@inline,find-skills@inline]
[9/27/2026, 5:59:07 AM.285] [Info] [MCP][cacheDbg] getConnectedServers() called: nonInteractive=true waitForSettle=false cacheNow=[connector-proxy,weixinpay,sheetagent] allServers=[connector-proxy:connected,weixinpay:connected,sheetagent:connected]
[9/27/2026, 5:59:07 AM.285] [Info] [MCP][cacheDbg] getConnectedServers() returning: [connector-proxy,weixinpay,sheetagent] (size=3)
[9/27/2026, 5:59:07 AM.292] [Info] [CustomModelsProductProvider] productName=WorkBuddy, isWorkBuddy=true, userConfigPath=/Users/didi/.workbuddy/models.json
[9/27/2026, 5:59:07 AM.292] [Info] Loaded custom models config from user: /Users/didi/.workbuddy/models.json
[9/27/2026, 5:59:07 AM.292] [Info] [ModelsProductProvider] enterpriseId: undefined, endpoint: https://copilot.tencent.com
[9/27/2026, 5:59:07 AM.292] [Warning] [ModelsProductProvider] enterpriseId is missing, skipping models API call
[9/27/2026, 5:59:07 AM.292] [Info] [AgentModelResolver] product config input: 54 models, 23 agents
[9/27/2026, 5:59:07 AM.292] [Info] [AgentModelResolver] model ids: auto, fast-model, balanced-model, deep-model, hy3, hy3-b, hy3-c, hy3-x, hy4-preview, hy4-preview-f, minimax-m2.5, glm-5v-turbo, glm-5.3, glm-5.3-flash, glm-5.2, glm-5.1, glm-5.0-turbo, glm-4.6v, kimi-k3-1, kimi-k2.8-preview, kimi-k2.7, kimi-k2.6, kimi-k2.5, kimi-k2-thinking, minimax-m3, minimax-m2.7, glm-4.6, deepseek-v4-flash, deepseek-v4.1-flash, deepseek-v4-pro, deepseek-v3-2-volc, deepseek-v3-1-volc, deepseek-v3-1-lkeap, deepseek-v3-1, deepseek-v3-0324-lkeap, deepseek-r1-0528-lkeap, kimi-k2-instruct-taiji, completion-gf, default-1.1, hunyuan-3b, hunyuan-7b-dense, codewise-completions, codewise-rewrite, codewise-nes-a4-027-aide, codewise-jump, deepseek-r1-0528, deepseek-v3-0324-taco-completion, deepseek-v3-0324, default-1.2, hunyuan-2.0-instruct, hunyuan-chat, hunyuan-image-alpha, hunyuan-image-alpha-edit, custom-local:kimi-k3
[9/27/2026, 5:59:07 AM.292] [Info] [AgentModelResolver] agent "cli" original_models=["auto","hy4-preview-f","hy3","hy3-x","deepseek-v4.1-flash","glm-5.3","glm-5.3-flash","glm-5.2","glm-5.1","glm-5v-turbo","minimax-m3","kimi-k3-1","kimi-k2.8-preview","kimi-k2.7","kimi-k2.6","deepseek-v4-pro"] -> resolved_models=["auto","hy4-preview-f","hy3","hy3-x","deepseek-v4.1-flash","glm-5.3","glm-5.3-flash","glm-5.2","glm-5.1","glm-5v-turbo","minimax-m3","kimi-k3-1","kimi-k2.8-preview","kimi-k2.7","kimi-k2.6","deepseek-v4-pro"]
[9/27/2026, 5:59:07 AM.292] [Info] [AgentModelResolver] agent "general-purpose" original_models=[] -> resolved_models=[]
[9/27/2026, 5:59:07 AM.292] [Info] [AgentModelResolver] agent "compact" original_models=[] -> resolved_models=[]
[9/27/2026, 5:59:07 AM.292] [Info] [AgentModelResolver] agent "contextSummary" original_models=[] -> resolved_models=[]
[9/27/2026, 5:59:07 AM.292] [Info] [AgentModelResolver] agent "contentAnalyzer" original_models=[] -> resolved_models=[]
[9/27/2026, 5:59:07 AM.292] [Info] [AgentModelResolver] agent "terminalTitleGenerator" original_models=[] -> resolved_models=[]
[9/27/2026, 5:59:07 AM.292] [Info] [AgentModelResolver] agent "promptSuggestion" original_models=[] -> resolved_models=[]
[9/27/2026, 5:59:07 AM.292] [Info] [AgentModelResolver] agent "memorySelector" original_models=["lite"] -> resolved_models=["lite"]
[9/27/2026, 5:59:07 AM.292] [Info] [AgentModelResolver] agent "summaryGenerator" original_models=[] -> resolved_models=[]
[9/27/2026, 5:59:07 AM.292] [Info] [AgentModelResolver] agent "autoModeClassifier" original_models=[] -> resolved_models=[]
[9/27/2026, 5:59:07 AM.292] [Info] [AgentModelResolver] agent "promptHookEvaluator" original_models=["lite"] -> resolved_models=["lite"]
[9/27/2026, 5:59:07 AM.292] [Info] [AgentModelResolver] agent "insightsAnalyzer" original_models=[] -> resolved_models=[]
[9/27/2026, 5:59:07 AM.292] [Info] [AgentModelResolver] agent "agentInstructions" original_models=[] -> resolved_models=[]
[9/27/2026, 5:59:07 AM.292] [Info] [AgentModelResolver] agent "statusline-setup" original_models=[] -> resolved_models=[]
[9/27/2026, 5:59:07 AM.292] [Info] [AgentModelResolver] agent "Explore" original_models=["lite"] -> resolved_models=["lite"]
[9/27/2026, 5:59:07 AM.292] [Info] [AgentModelResolver] agent "Plan" original_models=[] -> resolved_models=[]
[9/27/2026, 5:59:07 AM.292] [Info] [AgentModelResolver] agent "pulse" original_models=[] -> resolved_models=[]
[9/27/2026, 5:59:07 AM.292] [Info] [AgentModelResolver] agent "handoff-summary" original_models=undefined -> resolved_models=[]
[9/27/2026, 5:59:07 AM.292] [Info] [AgentModelResolver] agent "enhance-prompt" original_models=[] -> resolved_models=[]
[9/27/2026, 5:59:07 AM.292] [Info] [AgentModelResolver] agent "sheet-agent" original_models=[] -> resolved_models=[]
[9/27/2026, 5:59:07 AM.292] [Info] [AgentModelResolver] agent "doc-converter" original_models=[] -> resolved_models=[]
[9/27/2026, 5:59:07 AM.292] [Info] [AgentModelResolver] agent "doc-formatter" original_models=[] -> resolved_models=[]
[9/27/2026, 5:59:07 AM.292] [Info] [AgentModelResolver] agent "doc-writer" original_models=[] -> resolved_models=[]
[9/27/2026, 5:59:07 AM.308] [Info] [PluginPolicyService]  [MergedPlugins][DEBUG] ProductManager.onDidChange fired, reloading policies...
[9/27/2026, 5:59:07 AM.308] [Info] [PluginPolicyService]  [MergedPlugins][DEBUG] Current config builtInMarketPluginsMerge: [{"autoEnable":true,"marketplaceName":"codebuddy-plugins-official","name":"agent-browser","scope":"user"}]
[9/27/2026, 5:59:07 AM.308] [Info] [PluginPolicyService]  [MergedPlugins] Loaded 1 merged plugin entries
[9/27/2026, 5:59:07 AM.308] [Info] [Startup] AgentManager.rebuildAgents: START
[9/27/2026, 5:59:07 AM.308] [Info] [Startup] AgentManager.rebuildAgents: completed in 11ms, resolving readyDeferred
[9/27/2026, 5:59:07 AM.308] [Info] [PluginManager]  Checking for built-in marketplaces to install...
[9/27/2026, 5:59:07 AM.308] [Info] [BuiltInMarketplaceProvider]  Found 2 built-in marketplace(s)
[9/27/2026, 5:59:07 AM.308] [Info] [PluginManager]  Found 2 built-in marketplace(s)
[9/27/2026, 5:59:07 AM.309] [Info] [MarketplaceStorage]  [MarketplaceStorage] getMarketplaces ensureConfigFile=0ms readAndRepair=1ms migration=0ms total=1ms count=5 path=/Users/didi/.workbuddy/plugins/known_marketplaces.json
[9/27/2026, 5:59:07 AM.309] [Info] [PluginManager]  All built-in marketplaces are already installed
[9/27/2026, 5:59:07 AM.310] [Info] [MarketplaceStorage]  [MarketplaceStorage] getMarketplaces ensureConfigFile=0ms readAndRepair=1ms migration=0ms total=1ms count=5 path=/Users/didi/.workbuddy/plugins/known_marketplaces.json
[9/27/2026, 5:59:07 AM.310] [Info] [BuiltInMarketplaceProvider]  Found 2 built-in marketplace(s)
[9/27/2026, 5:59:07 AM.312] [Info] [PluginManager]  Loaded 5 marketplaces (2 built-in) total=3ms storage=1ms builtIn=0ms autoUpdate=0ms
[9/27/2026, 5:59:09 AM.298] [Info] [TracingService]  Tracing uses @tencent/galileo-node-sdk global OpenTelemetry provider; @genie OTLP exporter is skipped.
[9/27/2026, 5:59:09 AM.298] [Info] [TracingService]  Tracing config resolved: {"productEnabled":true,"enabledByEnv":false,"endpoint":"https://copilot.tencent.com","galileoEnabled":true}
[9/27/2026, 5:59:36 AM.509] [Info] [WorkflowMemProbe] tick runId=(none) | rss=148.9MB heap=162.3/169.8MB external=55.6MB arrayBuffers=0MB
[9/27/2026, 6:15:23 AM.007] [Info] [WorkflowMemProbe] tick runId=(none) | rss=148.8MB heap=162.4/169.8MB external=55.6MB arrayBuffers=0MB
[9/27/2026, 6:15:23 AM.012] [Info] [GitInfoCollector]  CODEBUDDY_GIT_REPO_SCAN_DISABLED 1
[9/27/2026, 6:15:23 AM.012] [Info] [GitInfoCollector]  Git repository scan is disabled via CODEBUDDY_GIT_REPO_SCAN_DISABLED environment variable
[9/27/2026, 6:15:23 AM.547] [Info] [CloudProductManager]  fetch cloud product success, agents(1): cli, models(53): auto,fast-model,balanced-model,deep-model,hy3,hy3-b,hy3-c,hy3-x,hy4-preview,hy4-preview-f,minimax-m2.5,glm-5v-turbo,glm-5.3,glm-5.3-flash,glm-5.2,glm-5.1,glm-5.0-turbo,glm-4.6v,kimi-k3-1,kimi-k2.8-preview,kimi-k2.7,kimi-k2.6,kimi-k2.5,kimi-k2-thinking,minimax-m3,minimax-m2.7,glm-4.6,deepseek-v4-flash,deepseek-v4.1-flash,deepseek-v4-pro,deepseek-v3-2-volc,deepseek-v3-1-volc,deepseek-v3-1-lkeap,deepseek-v3-1,deepseek-v3-0324-lkeap,deepseek-r1-0528-lkeap,kimi-k2-instruct-taiji,completion-gf,default-1.1,hunyuan-3b,hunyuan-7b-dense,codewise-completions,codewise-rewrite,codewise-nes-a4-027-aide,codewise-jump,deepseek-r1-0528,deepseek-v3-0324-taco-completion,deepseek-v3-0324,default-1.2,hunyuan-2.0-instruct,hunyuan-chat,hunyuan-image-alpha,hunyuan-image-alpha-edit
[9/27/2026, 6:15:23 AM.547] [Info] [CloudProductManager]  Fetched configuration from remote [534ms]
[9/27/2026, 6:15:23 AM.547] [Info] [PluginsProductProvider.provide] active=9, ids=[weixinpay@workbuddy-builtin,tencent-docs-plugin@workbuddy-builtin,sheetagent@workbuddy-builtin,tencent-pptx@workbuddy-builtin,tencent-docx@workbuddy-builtin,agent-browser@codebuddy-plugins-official,find-skills@codebuddy-plugins-official,agent-browser@inline,find-skills@inline]
[9/27/2026, 6:15:23 AM.547] [Info] [MCP][cacheDbg] getConnectedServers() called: nonInteractive=true waitForSettle=false cacheNow=[connector-proxy,weixinpay,sheetagent] allServers=[connector-proxy:connected,weixinpay:connected,sheetagent:connected]
[9/27/2026, 6:15:23 AM.547] [Info] [MCP][cacheDbg] getConnectedServers() returning: [connector-proxy,weixinpay,sheetagent] (size=3)
[9/27/2026, 6:15:23 AM.554] [Info] [CustomModelsProductProvider] productName=WorkBuddy, isWorkBuddy=true, userConfigPath=/Users/didi/.workbuddy/models.json
[9/27/2026, 6:15:23 AM.554] [Info] Loaded custom models config from user: /Users/didi/.workbuddy/models.json
[9/27/2026, 6:15:23 AM.554] [Info] [ModelsProductProvider] enterpriseId: undefined, endpoint: https://copilot.tencent.com
[9/27/2026, 6:15:23 AM.554] [Warning] [ModelsProductProvider] enterpriseId is missing, skipping models API call
[9/27/2026, 6:15:23 AM.554] [Info] [AgentModelResolver] product config input: 54 models, 23 agents
[9/27/2026, 6:15:23 AM.554] [Info] [AgentModelResolver] model ids: auto, fast-model, balanced-model, deep-model, hy3, hy3-b, hy3-c, hy3-x, hy4-preview, hy4-preview-f, minimax-m2.5, glm-5v-turbo, glm-5.3, glm-5.3-flash, glm-5.2, glm-5.1, glm-5.0-turbo, glm-4.6v, kimi-k3-1, kimi-k2.8-preview, kimi-k2.7, kimi-k2.6, kimi-k2.5, kimi-k2-thinking, minimax-m3, minimax-m2.7, glm-4.6, deepseek-v4-flash, deepseek-v4.1-flash, deepseek-v4-pro, deepseek-v3-2-volc, deepseek-v3-1-volc, deepseek-v3-1-lkeap, deepseek-v3-1, deepseek-v3-0324-lkeap, deepseek-r1-0528-lkeap, kimi-k2-instruct-taiji, completion-gf, default-1.1, hunyuan-3b, hunyuan-7b-dense, codewise-completions, codewise-rewrite, codewise-nes-a4-027-aide, codewise-jump, deepseek-r1-0528, deepseek-v3-0324-taco-completion, deepseek-v3-0324, default-1.2, hunyuan-2.0-instruct, hunyuan-chat, hunyuan-image-alpha, hunyuan-image-alpha-edit, custom-local:kimi-k3
[9/27/2026, 6:15:23 AM.554] [Info] [AgentModelResolver] agent "cli" original_models=["auto","hy4-preview-f","hy3","hy3-x","deepseek-v4.1-flash","glm-5.3","glm-5.3-flash","glm-5.2","glm-5.1","glm-5v-turbo","minimax-m3","kimi-k3-1","kimi-k2.8-preview","kimi-k2.7","kimi-k2.6","deepseek-v4-pro"] -> resolved_models=["auto","hy4-preview-f","hy3","hy3-x","deepseek-v4.1-flash","glm-5.3","glm-5.3-flash","glm-5.2","glm-5.1","glm-5v-turbo","minimax-m3","kimi-k3-1","kimi-k2.8-preview","kimi-k2.7","kimi-k2.6","deepseek-v4-pro"]
[9/27/2026, 6:15:23 AM.554] [Info] [AgentModelResolver] agent "general-purpose" original_models=[] -> resolved_models=[]
[9/27/2026, 6:15:23 AM.554] [Info] [AgentModelResolver] agent "compact" original_models=[] -> resolved_models=[]
[9/27/2026, 6:15:23 AM.554] [Info] [AgentModelResolver] agent "contextSummary" original_models=[] -> resolved_models=[]
[9/27/2026, 6:15:23 AM.554] [Info] [AgentModelResolver] agent "contentAnalyzer" original_models=[] -> resolved_models=[]
[9/27/2026, 6:15:23 AM.554] [Info] [AgentModelResolver] agent "terminalTitleGenerator" original_models=[] -> resolved_models=[]
[9/27/2026, 6:15:23 AM.554] [Info] [AgentModelResolver] agent "promptSuggestion" original_models=[] -> resolved_models=[]
[9/27/2026, 6:15:23 AM.554] [Info] [AgentModelResolver] agent "memorySelector" original_models=["lite"] -> resolved_models=["lite"]
[9/27/2026, 6:15:23 AM.554] [Info] [AgentModelResolver] agent "summaryGenerator" original_models=[] -> resolved_models=[]
[9/27/2026, 6:15:23 AM.554] [Info] [AgentModelResolver] agent "autoModeClassifier" original_models=[] -> resolved_models=[]
[9/27/2026, 6:15:23 AM.554] [Info] [AgentModelResolver] agent "promptHookEvaluator" original_models=["lite"] -> resolved_models=["lite"]
[9/27/2026, 6:15:23 AM.554] [Info] [AgentModelResolver] agent "insightsAnalyzer" original_models=[] -> resolved_models=[]
[9/27/2026, 6:15:23 AM.554] [Info] [AgentModelResolver] agent "agentInstructions" original_models=[] -> resolved_models=[]
[9/27/2026, 6:15:23 AM.554] [Info] [AgentModelResolver] agent "statusline-setup" original_models=[] -> resolved_models=[]
[9/27/2026, 6:15:23 AM.554] [Info] [AgentModelResolver] agent "Explore" original_models=["lite"] -> resolved_models=["lite"]
[9/27/2026, 6:15:23 AM.554] [Info] [AgentModelResolver] agent "Plan" original_models=[] -> resolved_models=[]
[9/27/2026, 6:15:23 AM.554] [Info] [AgentModelResolver] agent "pulse" original_models=[] -> resolved_models=[]
[9/27/2026, 6:15:23 AM.554] [Info] [AgentModelResolver] agent "handoff-summary" original_models=undefined -> resolved_models=[]
[9/27/2026, 6:15:23 AM.554] [Info] [AgentModelResolver] agent "enhance-prompt" original_models=[] -> resolved_models=[]
[9/27/2026, 6:15:23 AM.554] [Info] [AgentModelResolver] agent "sheet-agent" original_models=[] -> resolved_models=[]
[9/27/2026, 6:15:23 AM.554] [Info] [AgentModelResolver] agent "doc-converter" original_models=[] -> resolved_models=[]
[9/27/2026, 6:15:23 AM.554] [Info] [AgentModelResolver] agent "doc-formatter" original_models=[] -> resolved_models=[]
[9/27/2026, 6:15:23 AM.554] [Info] [AgentModelResolver] agent "doc-writer" original_models=[] -> resolved_models=[]
[9/27/2026, 6:15:23 AM.569] [Info] [PluginPolicyService]  [MergedPlugins][DEBUG] ProductManager.onDidChange fired, reloading policies...
[9/27/2026, 6:15:23 AM.569] [Info] [PluginPolicyService]  [MergedPlugins][DEBUG] Current config builtInMarketPluginsMerge: [{"autoEnable":true,"marketplaceName":"codebuddy-plugins-official","name":"agent-browser","scope":"user"}]
[9/27/2026, 6:15:23 AM.569] [Info] [PluginPolicyService]  [MergedPlugins] Loaded 1 merged plugin entries
[9/27/2026, 6:15:23 AM.569] [Info] [Startup] AgentManager.rebuildAgents: START
[9/27/2026, 6:15:23 AM.570] [Info] [Startup] AgentManager.rebuildAgents: completed in 11ms, resolving readyDeferred
[9/27/2026, 6:15:23 AM.570] [Info] [PluginManager]  Checking for built-in marketplaces to install...
[9/27/2026, 6:15:23 AM.570] [Info] [BuiltInMarketplaceProvider]  Found 2 built-in marketplace(s)
[9/27/2026, 6:15:23 AM.570] [Info] [PluginManager]  Found 2 built-in marketplace(s)
[9/27/2026, 6:15:23 AM.571] [Info] [MarketplaceStorage]  [MarketplaceStorage] getMarketplaces ensureConfigFile=0ms readAndRepair=1ms migration=0ms total=1ms count=5 path=/Users/didi/.workbuddy/plugins/known_marketplaces.json
[9/27/2026, 6:15:23 AM.571] [Info] [PluginManager]  All built-in marketplaces are already installed
[9/27/2026, 6:15:23 AM.571] [Info] [MarketplaceStorage]  [MarketplaceStorage] getMarketplaces ensureConfigFile=0ms readAndRepair=0ms migration=0ms total=0ms count=5 path=/Users/didi/.workbuddy/plugins/known_marketplaces.json
[9/27/2026, 6:15:23 AM.571] [Info] [BuiltInMarketplaceProvider]  Found 2 built-in marketplace(s)
[9/27/2026, 6:15:23 AM.573] [Info] [PluginManager]  Loaded 5 marketplaces (2 built-in) total=2ms storage=0ms builtIn=0ms autoUpdate=0ms
[9/27/2026, 6:15:25 AM.561] [Info] [TracingService]  Tracing uses @tencent/galileo-node-sdk global OpenTelemetry provider; @genie OTLP exporter is skipped.
[9/27/2026, 6:15:25 AM.561] [Info] [TracingService]  Tracing config resolved: {"productEnabled":true,"enabledByEnv":false,"endpoint":"https://copilot.tencent.com","galileoEnabled":true}
[9/27/2026, 6:15:53 AM.042] [Info] [WorkflowMemProbe] tick runId=(none) | rss=148.6MB heap=164.6/172.7MB external=55MB arrayBuffers=0MB
[9/27/2026, 6:16:03 AM.675] [Info] [TracingService]  [primary] Exported 1 spans, traceIds: a77316dd7809a3d99e55c082d3bd7a6b
[9/27/2026, 6:31:40 AM.065] [Info] [WorkflowMemProbe] tick runId=(none) | rss=151.5MB heap=167.9/175.5MB external=55.1MB arrayBuffers=0MB
[9/27/2026, 6:31:40 AM.074] [Info] [GitInfoCollector]  CODEBUDDY_GIT_REPO_SCAN_DISABLED 1
[9/27/2026, 6:31:40 AM.074] [Info] [GitInfoCollector]  Git repository scan is disabled via CODEBUDDY_GIT_REPO_SCAN_DISABLED environment variable
[9/27/2026, 6:31:40 AM.803] [Info] [CloudProductManager]  fetch cloud product success, agents(1): cli, models(53): auto,fast-model,balanced-model,deep-model,hy3,hy3-b,hy3-c,hy3-x,hy4-preview,hy4-preview-f,minimax-m2.5,glm-5v-turbo,glm-5.3,glm-5.3-flash,glm-5.2,glm-5.1,glm-5.0-turbo,glm-4.6v,kimi-k3-1,kimi-k2.8-preview,kimi-k2.7,kimi-k2.6,kimi-k2.5,kimi-k2-thinking,minimax-m3,minimax-m2.7,glm-4.6,deepseek-v4-flash,deepseek-v4.1-flash,deepseek-v4-pro,deepseek-v3-2-volc,deepseek-v3-1-volc,deepseek-v3-1-lkeap,deepseek-v3-1,deepseek-v3-0324-lkeap,deepseek-r1-0528-lkeap,kimi-k2-instruct-taiji,completion-gf,default-1.1,hunyuan-3b,hunyuan-7b-dense,codewise-completions,codewise-rewrite,codewise-nes-a4-027-aide,codewise-jump,deepseek-r1-0528,deepseek-v3-0324-taco-completion,deepseek-v3-0324,default-1.2,hunyuan-2.0-instruct,hunyuan-chat,hunyuan-image-alpha,hunyuan-image-alpha-edit
[9/27/2026, 6:31:40 AM.803] [Info] [CloudProductManager]  Fetched configuration from remote [728ms]
[9/27/2026, 6:31:40 AM.804] [Info] [PluginsProductProvider.provide] active=9, ids=[weixinpay@workbuddy-builtin,tencent-docs-plugin@workbuddy-builtin,sheetagent@workbuddy-builtin,tencent-pptx@workbuddy-builtin,tencent-docx@workbuddy-builtin,agent-browser@codebuddy-plugins-official,find-skills@codebuddy-plugins-official,agent-browser@inline,find-skills@inline]
[9/27/2026, 6:31:40 AM.804] [Info] [MCP][cacheDbg] getConnectedServers() called: nonInteractive=true waitForSettle=false cacheNow=[connector-proxy,weixinpay,sheetagent] allServers=[connector-proxy:connected,weixinpay:connected,sheetagent:connected]
[9/27/2026, 6:31:40 AM.804] [Info] [MCP][cacheDbg] getConnectedServers() returning: [connector-proxy,weixinpay,sheetagent] (size=3)
[9/27/2026, 6:31:40 AM.811] [Info] [CustomModelsProductProvider] productName=WorkBuddy, isWorkBuddy=true, userConfigPath=/Users/didi/.workbuddy/models.json
[9/27/2026, 6:31:40 AM.811] [Info] Loaded custom models config from user: /Users/didi/.workbuddy/models.json
[9/27/2026, 6:31:40 AM.811] [Info] [ModelsProductProvider] enterpriseId: undefined, endpoint: https://copilot.tencent.com
[9/27/2026, 6:31:40 AM.811] [Warning] [ModelsProductProvider] enterpriseId is missing, skipping models API call
[9/27/2026, 6:31:40 AM.812] [Info] [AgentModelResolver] product config input: 54 models, 23 agents
[9/27/2026, 6:31:40 AM.812] [Info] [AgentModelResolver] model ids: auto, fast-model, balanced-model, deep-model, hy3, hy3-b, hy3-c, hy3-x, hy4-preview, hy4-preview-f, minimax-m2.5, glm-5v-turbo, glm-5.3, glm-5.3-flash, glm-5.2, glm-5.1, glm-5.0-turbo, glm-4.6v, kimi-k3-1, kimi-k2.8-preview, kimi-k2.7, kimi-k2.6, kimi-k2.5, kimi-k2-thinking, minimax-m3, minimax-m2.7, glm-4.6, deepseek-v4-flash, deepseek-v4.1-flash, deepseek-v4-pro, deepseek-v3-2-volc, deepseek-v3-1-volc, deepseek-v3-1-lkeap, deepseek-v3-1, deepseek-v3-0324-lkeap, deepseek-r1-0528-lkeap, kimi-k2-instruct-taiji, completion-gf, default-1.1, hunyuan-3b, hunyuan-7b-dense, codewise-completions, codewise-rewrite, codewise-nes-a4-027-aide, codewise-jump, deepseek-r1-0528, deepseek-v3-0324-taco-completion, deepseek-v3-0324, default-1.2, hunyuan-2.0-instruct, hunyuan-chat, hunyuan-image-alpha, hunyuan-image-alpha-edit, custom-local:kimi-k3
[9/27/2026, 6:31:40 AM.812] [Info] [AgentModelResolver] agent "cli" original_models=["auto","hy4-preview-f","hy3","hy3-x","deepseek-v4.1-flash","glm-5.3","glm-5.3-flash","glm-5.2","glm-5.1","glm-5v-turbo","minimax-m3","kimi-k3-1","kimi-k2.8-preview","kimi-k2.7","kimi-k2.6","deepseek-v4-pro"] -> resolved_models=["auto","hy4-preview-f","hy3","hy3-x","deepseek-v4.1-flash","glm-5.3","glm-5.3-flash","glm-5.2","glm-5.1","glm-5v-turbo","minimax-m3","kimi-k3-1","kimi-k2.8-preview","kimi-k2.7","kimi-k2.6","deepseek-v4-pro"]
[9/27/2026, 6:31:40 AM.812] [Info] [AgentModelResolver] agent "general-purpose" original_models=[] -> resolved_models=[]
[9/27/2026, 6:31:40 AM.812] [Info] [AgentModelResolver] agent "compact" original_models=[] -> resolved_models=[]
[9/27/2026, 6:31:40 AM.812] [Info] [AgentModelResolver] agent "contextSummary" original_models=[] -> resolved_models=[]
[9/27/2026, 6:31:40 AM.812] [Info] [AgentModelResolver] agent "contentAnalyzer" original_models=[] -> resolved_models=[]
[9/27/2026, 6:31:40 AM.812] [Info] [AgentModelResolver] agent "terminalTitleGenerator" original_models=[] -> resolved_models=[]
[9/27/2026, 6:31:40 AM.812] [Info] [AgentModelResolver] agent "promptSuggestion" original_models=[] -> resolved_models=[]
[9/27/2026, 6:31:40 AM.812] [Info] [AgentModelResolver] agent "memorySelector" original_models=["lite"] -> resolved_models=["lite"]
[9/27/2026, 6:31:40 AM.812] [Info] [AgentModelResolver] agent "summaryGenerator" original_models=[] -> resolved_models=[]
[9/27/2026, 6:31:40 AM.812] [Info] [AgentModelResolver] agent "autoModeClassifier" original_models=[] -> resolved_models=[]
[9/27/2026, 6:31:40 AM.812] [Info] [AgentModelResolver] agent "promptHookEvaluator" original_models=["lite"] -> resolved_models=["lite"]
[9/27/2026, 6:31:40 AM.812] [Info] [AgentModelResolver] agent "insightsAnalyzer" original_models=[] -> resolved_models=[]
[9/27/2026, 6:31:40 AM.812] [Info] [AgentModelResolver] agent "agentInstructions" original_models=[] -> resolved_models=[]
[9/27/2026, 6:31:40 AM.812] [Info] [AgentModelResolver] agent "statusline-setup" original_models=[] -> resolved_models=[]
[9/27/2026, 6:31:40 AM.812] [Info] [AgentModelResolver] agent "Explore" original_models=["lite"] -> resolved_models=["lite"]
[9/27/2026, 6:31:40 AM.812] [Info] [AgentModelResolver] agent "Plan" original_models=[] -> resolved_models=[]
[9/27/2026, 6:31:40 AM.812] [Info] [AgentModelResolver] agent "pulse" original_models=[] -> resolved_models=[]
[9/27/2026, 6:31:40 AM.812] [Info] [AgentModelResolver] agent "handoff-summary" original_models=undefined -> resolved_models=[]
[9/27/2026, 6:31:40 AM.812] [Info] [AgentModelResolver] agent "enhance-prompt" original_models=[] -> resolved_models=[]
[9/27/2026, 6:31:40 AM.812] [Info] [AgentModelResolver] agent "sheet-agent" original_models=[] -> resolved_models=[]
[9/27/2026, 6:31:40 AM.812] [Info] [AgentModelResolver] agent "doc-converter" original_models=[] -> resolved_models=[]
[9/27/2026, 6:31:40 AM.812] [Info] [AgentModelResolver] agent "doc-formatter" original_models=[] -> resolved_models=[]
[9/27/2026, 6:31:40 AM.812] [Info] [AgentModelResolver] agent "doc-writer" original_models=[] -> resolved_models=[]
[9/27/2026, 6:31:40 AM.827] [Info] [PluginPolicyService]  [MergedPlugins][DEBUG] ProductManager.onDidChange fired, reloading policies...
[9/27/2026, 6:31:40 AM.827] [Info] [PluginPolicyService]  [MergedPlugins][DEBUG] Current config builtInMarketPluginsMerge: [{"autoEnable":true,"marketplaceName":"codebuddy-plugins-official","name":"agent-browser","scope":"user"}]
[9/27/2026, 6:31:40 AM.827] [Info] [PluginPolicyService]  [MergedPlugins] Loaded 1 merged plugin entries
[9/27/2026, 6:31:40 AM.827] [Info] [Startup] AgentManager.rebuildAgents: START
[9/27/2026, 6:31:40 AM.827] [Info] [Startup] AgentManager.rebuildAgents: completed in 11ms, resolving readyDeferred
[9/27/2026, 6:31:40 AM.828] [Info] [PluginManager]  Checking for built-in marketplaces to install...
[9/27/2026, 6:31:40 AM.828] [Info] [BuiltInMarketplaceProvider]  Found 2 built-in marketplace(s)
[9/27/2026, 6:31:40 AM.828] [Info] [PluginManager]  Found 2 built-in marketplace(s)
[9/27/2026, 6:31:40 AM.829] [Info] [MarketplaceStorage]  [MarketplaceStorage] getMarketplaces ensureConfigFile=0ms readAndRepair=1ms migration=0ms total=1ms count=5 path=/Users/didi/.workbuddy/plugins/known_marketplaces.json
[9/27/2026, 6:31:40 AM.829] [Info] [PluginManager]  All built-in marketplaces are already installed
[9/27/2026, 6:31:40 AM.830] [Info] [MarketplaceStorage]  [MarketplaceStorage] getMarketplaces ensureConfigFile=0ms readAndRepair=1ms migration=0ms total=1ms count=5 path=/Users/didi/.workbuddy/plugins/known_marketplaces.json
[9/27/2026, 6:31:40 AM.830] [Info] [BuiltInMarketplaceProvider]  Found 2 built-in marketplace(s)
[9/27/2026, 6:31:40 AM.834] [Info] [PluginManager]  Loaded 5 marketplaces (2 built-in) total=5ms storage=1ms builtIn=0ms autoUpdate=0ms
[9/27/2026, 6:31:42 AM.817] [Info] [TracingService]  Tracing uses @tencent/galileo-node-sdk global OpenTelemetry provider; @genie OTLP exporter is skipped.
[9/27/2026, 6:31:42 AM.817] [Info] [TracingService]  Tracing config resolved: {"productEnabled":true,"enabledByEnv":false,"endpoint":"https://copilot.tencent.com","galileoEnabled":true}
[9/27/2026, 6:32:10 AM.068] [Info] [WorkflowMemProbe] tick runId=(none) | rss=142.5MB heap=153.6/163.2MB external=53.7MB arrayBuffers=0MB
[9/27/2026, 6:47:55 AM.862] [Info] [WorkflowMemProbe] tick runId=(none) | rss=140MB heap=153.7/163.2MB external=53.7MB arrayBuffers=0MB
[9/27/2026, 6:47:55 AM.990] [Info] [GitInfoCollector]  CODEBUDDY_GIT_REPO_SCAN_DISABLED 1
[9/27/2026, 6:47:55 AM.990] [Info] [GitInfoCollector]  Git repository scan is disabled via CODEBUDDY_GIT_REPO_SCAN_DISABLED environment variable
[9/27/2026, 6:47:56 AM.683] [Info] [CloudProductManager]  fetch cloud product success, agents(1): cli, models(53): auto,fast-model,balanced-model,deep-model,hy3,hy3-b,hy3-c,hy3-x,hy4-preview,hy4-preview-f,minimax-m2.5,glm-5v-turbo,glm-5.3,glm-5.3-flash,glm-5.2,glm-5.1,glm-5.0-turbo,glm-4.6v,kimi-k3-1,kimi-k2.8-preview,kimi-k2.7,kimi-k2.6,kimi-k2.5,kimi-k2-thinking,minimax-m3,minimax-m2.7,glm-4.6,deepseek-v4-flash,deepseek-v4.1-flash,deepseek-v4-pro,deepseek-v3-2-volc,deepseek-v3-1-volc,deepseek-v3-1-lkeap,deepseek-v3-1,deepseek-v3-0324-lkeap,deepseek-r1-0528-lkeap,kimi-k2-instruct-taiji,completion-gf,default-1.1,hunyuan-3b,hunyuan-7b-dense,codewise-completions,codewise-rewrite,codewise-nes-a4-027-aide,codewise-jump,deepseek-r1-0528,deepseek-v3-0324-taco-completion,deepseek-v3-0324,default-1.2,hunyuan-2.0-instruct,hunyuan-chat,hunyuan-image-alpha,hunyuan-image-alpha-edit
[9/27/2026, 6:47:56 AM.684] [Info] [CloudProductManager]  Fetched configuration from remote [692ms]
[9/27/2026, 6:47:56 AM.685] [Info] [PluginsProductProvider.provide] active=9, ids=[weixinpay@workbuddy-builtin,tencent-docs-plugin@workbuddy-builtin,sheetagent@workbuddy-builtin,tencent-pptx@workbuddy-builtin,tencent-docx@workbuddy-builtin,agent-browser@codebuddy-plugins-official,find-skills@codebuddy-plugins-official,agent-browser@inline,find-skills@inline]
[9/27/2026, 6:47:56 AM.685] [Info] [MCP][cacheDbg] getConnectedServers() called: nonInteractive=true waitForSettle=false cacheNow=[connector-proxy,weixinpay,sheetagent] allServers=[connector-proxy:connected,weixinpay:connected,sheetagent:connected]
[9/27/2026, 6:47:56 AM.685] [Info] [MCP][cacheDbg] getConnectedServers() returning: [connector-proxy,weixinpay,sheetagent] (size=3)
[9/27/2026, 6:47:56 AM.697] [Info] [CustomModelsProductProvider] productName=WorkBuddy, isWorkBuddy=true, userConfigPath=/Users/didi/.workbuddy/models.json
[9/27/2026, 6:47:56 AM.697] [Info] Loaded custom models config from user: /Users/didi/.workbuddy/models.json
[9/27/2026, 6:47:56 AM.697] [Info] [ModelsProductProvider] enterpriseId: undefined, endpoint: https://copilot.tencent.com
[9/27/2026, 6:47:56 AM.697] [Warning] [ModelsProductProvider] enterpriseId is missing, skipping models API call
[9/27/2026, 6:47:56 AM.698] [Info] [AgentModelResolver] product config input: 54 models, 23 agents
[9/27/2026, 6:47:56 AM.698] [Info] [AgentModelResolver] model ids: auto, fast-model, balanced-model, deep-model, hy3, hy3-b, hy3-c, hy3-x, hy4-preview, hy4-preview-f, minimax-m2.5, glm-5v-turbo, glm-5.3, glm-5.3-flash, glm-5.2, glm-5.1, glm-5.0-turbo, glm-4.6v, kimi-k3-1, kimi-k2.8-preview, kimi-k2.7, kimi-k2.6, kimi-k2.5, kimi-k2-thinking, minimax-m3, minimax-m2.7, glm-4.6, deepseek-v4-flash, deepseek-v4.1-flash, deepseek-v4-pro, deepseek-v3-2-volc, deepseek-v3-1-volc, deepseek-v3-1-lkeap, deepseek-v3-1, deepseek-v3-0324-lkeap, deepseek-r1-0528-lkeap, kimi-k2-instruct-taiji, completion-gf, default-1.1, hunyuan-3b, hunyuan-7b-dense, codewise-completions, codewise-rewrite, codewise-nes-a4-027-aide, codewise-jump, deepseek-r1-0528, deepseek-v3-0324-taco-completion, deepseek-v3-0324, default-1.2, hunyuan-2.0-instruct, hunyuan-chat, hunyuan-image-alpha, hunyuan-image-alpha-edit, custom-local:kimi-k3
[9/27/2026, 6:47:56 AM.698] [Info] [AgentModelResolver] agent "cli" original_models=["auto","hy4-preview-f","hy3","hy3-x","deepseek-v4.1-flash","glm-5.3","glm-5.3-flash","glm-5.2","glm-5.1","glm-5v-turbo","minimax-m3","kimi-k3-1","kimi-k2.8-preview","kimi-k2.7","kimi-k2.6","deepseek-v4-pro"] -> resolved_models=["auto","hy4-preview-f","hy3","hy3-x","deepseek-v4.1-flash","glm-5.3","glm-5.3-flash","glm-5.2","glm-5.1","glm-5v-turbo","minimax-m3","kimi-k3-1","kimi-k2.8-preview","kimi-k2.7","kimi-k2.6","deepseek-v4-pro"]
[9/27/2026, 6:47:56 AM.698] [Info] [AgentModelResolver] agent "general-purpose" original_models=[] -> resolved_models=[]
[9/27/2026, 6:47:56 AM.698] [Info] [AgentModelResolver] agent "compact" original_models=[] -> resolved_models=[]
[9/27/2026, 6:47:56 AM.698] [Info] [AgentModelResolver] agent "contextSummary" original_models=[] -> resolved_models=[]
[9/27/2026, 6:47:56 AM.698] [Info] [AgentModelResolver] agent "contentAnalyzer" original_models=[] -> resolved_models=[]
[9/27/2026, 6:47:56 AM.698] [Info] [AgentModelResolver] agent "terminalTitleGenerator" original_models=[] -> resolved_models=[]
[9/27/2026, 6:47:56 AM.698] [Info] [AgentModelResolver] agent "promptSuggestion" original_models=[] -> resolved_models=[]
[9/27/2026, 6:47:56 AM.698] [Info] [AgentModelResolver] agent "memorySelector" original_models=["lite"] -> resolved_models=["lite"]
[9/27/2026, 6:47:56 AM.698] [Info] [AgentModelResolver] agent "summaryGenerator" original_models=[] -> resolved_models=[]
[9/27/2026, 6:47:56 AM.698] [Info] [AgentModelResolver] agent "autoModeClassifier" original_models=[] -> resolved_models=[]
[9/27/2026, 6:47:56 AM.698] [Info] [AgentModelResolver] agent "promptHookEvaluator" original_models=["lite"] -> resolved_models=["lite"]
[9/27/2026, 6:47:56 AM.698] [Info] [AgentModelResolver] agent "insightsAnalyzer" original_models=[] -> resolved_models=[]
[9/27/2026, 6:47:56 AM.698] [Info] [AgentModelResolver] agent "agentInstructions" original_models=[] -> resolved_models=[]
[9/27/2026, 6:47:56 AM.698] [Info] [AgentModelResolver] agent "statusline-setup" original_models=[] -> resolved_models=[]
[9/27/2026, 6:47:56 AM.698] [Info] [AgentModelResolver] agent "Explore" original_models=["lite"] -> resolved_models=["lite"]
[9/27/2026, 6:47:56 AM.698] [Info] [AgentModelResolver] agent "Plan" original_models=[] -> resolved_models=[]
[9/27/2026, 6:47:56 AM.698] [Info] [AgentModelResolver] agent "pulse" original_models=[] -> resolved_models=[]
[9/27/2026, 6:47:56 AM.698] [Info] [AgentModelResolver] agent "handoff-summary" original_models=undefined -> resolved_models=[]
[9/27/2026, 6:47:56 AM.698] [Info] [AgentModelResolver] agent "enhance-prompt" original_models=[] -> resolved_models=[]
[9/27/2026, 6:47:56 AM.698] [Info] [AgentModelResolver] agent "sheet-agent" original_models=[] -> resolved_models=[]
[9/27/2026, 6:47:56 AM.698] [Info] [AgentModelResolver] agent "doc-converter" original_models=[] -> resolved_models=[]
[9/27/2026, 6:47:56 AM.698] [Info] [AgentModelResolver] agent "doc-formatter" original_models=[] -> resolved_models=[]
[9/27/2026, 6:47:56 AM.698] [Info] [AgentModelResolver] agent "doc-writer" original_models=[] -> resolved_models=[]
[9/27/2026, 6:47:56 AM.713] [Info] [PluginPolicyService]  [MergedPlugins][DEBUG] ProductManager.onDidChange fired, reloading policies...
[9/27/2026, 6:47:56 AM.713] [Info] [PluginPolicyService]  [MergedPlugins][DEBUG] Current config builtInMarketPluginsMerge: [{"autoEnable":true,"marketplaceName":"codebuddy-plugins-official","name":"agent-browser","scope":"user"}]
[9/27/2026, 6:47:56 AM.713] [Info] [PluginPolicyService]  [MergedPlugins] Loaded 1 merged plugin entries
[9/27/2026, 6:47:56 AM.713] [Info] [Startup] AgentManager.rebuildAgents: START
[9/27/2026, 6:47:56 AM.713] [Info] [Startup] AgentManager.rebuildAgents: completed in 11ms, resolving readyDeferred
[9/27/2026, 6:47:56 AM.713] [Info] [PluginManager]  Checking for built-in marketplaces to install...
[9/27/2026, 6:47:56 AM.713] [Info] [BuiltInMarketplaceProvider]  Found 2 built-in marketplace(s)
[9/27/2026, 6:47:56 AM.713] [Info] [PluginManager]  Found 2 built-in marketplace(s)
[9/27/2026, 6:47:56 AM.714] [Info] [MarketplaceStorage]  [MarketplaceStorage] getMarketplaces ensureConfigFile=0ms readAndRepair=1ms migration=0ms total=1ms count=5 path=/Users/didi/.workbuddy/plugins/known_marketplaces.json
[9/27/2026, 6:47:56 AM.714] [Info] [PluginManager]  All built-in marketplaces are already installed
[9/27/2026, 6:47:56 AM.715] [Info] [MarketplaceStorage]  [MarketplaceStorage] getMarketplaces ensureConfigFile=0ms readAndRepair=1ms migration=0ms total=1ms count=5 path=/Users/didi/.workbuddy/plugins/known_marketplaces.json
[9/27/2026, 6:47:56 AM.715] [Info] [BuiltInMarketplaceProvider]  Found 2 built-in marketplace(s)
[9/27/2026, 6:47:56 AM.717] [Info] [PluginManager]  Loaded 5 marketplaces (2 built-in) total=3ms storage=1ms builtIn=0ms autoUpdate=0ms
[9/27/2026, 6:47:58 AM.705] [Info] [TracingService]  Tracing uses @tencent/galileo-node-sdk global OpenTelemetry provider; @genie OTLP exporter is skipped.
[9/27/2026, 6:47:58 AM.705] [Info] [TracingService]  Tracing config resolved: {"productEnabled":true,"enabledByEnv":false,"endpoint":"https://copilot.tencent.com","galileoEnabled":true}
[9/27/2026, 6:48:25 AM.886] [Info] [WorkflowMemProbe] tick runId=(none) | rss=149.3MB heap=162/170.4MB external=54.9MB arrayBuffers=0MB
[9/27/2026, 7:00:06 AM.456] [Info] [WorkflowMemProbe] tick runId=(none) | rss=149.3MB heap=162.1/170.4MB external=54.9MB arrayBuffers=0MB
[9/27/2026, 7:00:06 AM.562] [Info] [GitInfoCollector]  CODEBUDDY_GIT_REPO_SCAN_DISABLED 1
[9/27/2026, 7:00:06 AM.562] [Info] [GitInfoCollector]  Git repository scan is disabled via CODEBUDDY_GIT_REPO_SCAN_DISABLED environment variable
[9/27/2026, 7:00:07 AM.393] [Info] [CloudProductManager]  fetch cloud product success, agents(1): cli, models(53): auto,fast-model,balanced-model,deep-model,hy3,hy3-b,hy3-c,hy3-x,hy4-preview,hy4-preview-f,minimax-m2.5,glm-5v-turbo,glm-5.3,glm-5.3-flash,glm-5.2,glm-5.1,glm-5.0-turbo,glm-4.6v,kimi-k3-1,kimi-k2.8-preview,kimi-k2.7,kimi-k2.6,kimi-k2.5,kimi-k2-thinking,minimax-m3,minimax-m2.7,glm-4.6,deepseek-v4-flash,deepseek-v4.1-flash,deepseek-v4-pro,deepseek-v3-2-volc,deepseek-v3-1-volc,deepseek-v3-1-lkeap,deepseek-v3-1,deepseek-v3-0324-lkeap,deepseek-r1-0528-lkeap,kimi-k2-instruct-taiji,completion-gf,default-1.1,hunyuan-3b,hunyuan-7b-dense,codewise-completions,codewise-rewrite,codewise-nes-a4-027-aide,codewise-jump,deepseek-r1-0528,deepseek-v3-0324-taco-completion,deepseek-v3-0324,default-1.2,hunyuan-2.0-instruct,hunyuan-chat,hunyuan-image-alpha,hunyuan-image-alpha-edit
[9/27/2026, 7:00:07 AM.393] [Info] [CloudProductManager]  Fetched configuration from remote [831ms]
[9/27/2026, 7:00:07 AM.394] [Info] [PluginsProductProvider.provide] active=9, ids=[weixinpay@workbuddy-builtin,tencent-docs-plugin@workbuddy-builtin,sheetagent@workbuddy-builtin,tencent-pptx@workbuddy-builtin,tencent-docx@workbuddy-builtin,agent-browser@codebuddy-plugins-official,find-skills@codebuddy-plugins-official,agent-browser@inline,find-skills@inline]
[9/27/2026, 7:00:07 AM.394] [Info] [MCP][cacheDbg] getConnectedServers() called: nonInteractive=true waitForSettle=false cacheNow=[connector-proxy,weixinpay,sheetagent] allServers=[connector-proxy:connected,weixinpay:connected,sheetagent:connected]
[9/27/2026, 7:00:07 AM.394] [Info] [MCP][cacheDbg] getConnectedServers() returning: [connector-proxy,weixinpay,sheetagent] (size=3)
[9/27/2026, 7:00:07 AM.400] [Info] [CustomModelsProductProvider] productName=WorkBuddy, isWorkBuddy=true, userConfigPath=/Users/didi/.workbuddy/models.json
[9/27/2026, 7:00:07 AM.400] [Info] Loaded custom models config from user: /Users/didi/.workbuddy/models.json
[9/27/2026, 7:00:07 AM.400] [Info] [ModelsProductProvider] enterpriseId: undefined, endpoint: https://copilot.tencent.com
[9/27/2026, 7:00:07 AM.400] [Warning] [ModelsProductProvider] enterpriseId is missing, skipping models API call
[9/27/2026, 7:00:07 AM.400] [Info] [AgentModelResolver] product config input: 54 models, 23 agents
[9/27/2026, 7:00:07 AM.400] [Info] [AgentModelResolver] model ids: auto, fast-model, balanced-model, deep-model, hy3, hy3-b, hy3-c, hy3-x, hy4-preview, hy4-preview-f, minimax-m2.5, glm-5v-turbo, glm-5.3, glm-5.3-flash, glm-5.2, glm-5.1, glm-5.0-turbo, glm-4.6v, kimi-k3-1, kimi-k2.8-preview, kimi-k2.7, kimi-k2.6, kimi-k2.5, kimi-k2-thinking, minimax-m3, minimax-m2.7, glm-4.6, deepseek-v4-flash, deepseek-v4.1-flash, deepseek-v4-pro, deepseek-v3-2-volc, deepseek-v3-1-volc, deepseek-v3-1-lkeap, deepseek-v3-1, deepseek-v3-0324-lkeap, deepseek-r1-0528-lkeap, kimi-k2-instruct-taiji, completion-gf, default-1.1, hunyuan-3b, hunyuan-7b-dense, codewise-completions, codewise-rewrite, codewise-nes-a4-027-aide, codewise-jump, deepseek-r1-0528, deepseek-v3-0324-taco-completion, deepseek-v3-0324, default-1.2, hunyuan-2.0-instruct, hunyuan-chat, hunyuan-image-alpha, hunyuan-image-alpha-edit, custom-local:kimi-k3
[9/27/2026, 7:00:07 AM.400] [Info] [AgentModelResolver] agent "cli" original_models=["auto","hy4-preview-f","hy3","hy3-x","deepseek-v4.1-flash","glm-5.3","glm-5.3-flash","glm-5.2","glm-5.1","glm-5v-turbo","minimax-m3","kimi-k3-1","kimi-k2.8-preview","kimi-k2.7","kimi-k2.6","deepseek-v4-pro"] -> resolved_models=["auto","hy4-preview-f","hy3","hy3-x","deepseek-v4.1-flash","glm-5.3","glm-5.3-flash","glm-5.2","glm-5.1","glm-5v-turbo","minimax-m3","kimi-k3-1","kimi-k2.8-preview","kimi-k2.7","kimi-k2.6","deepseek-v4-pro"]
[9/27/2026, 7:00:07 AM.400] [Info] [AgentModelResolver] agent "general-purpose" original_models=[] -> resolved_models=[]
[9/27/2026, 7:00:07 AM.400] [Info] [AgentModelResolver] agent "compact" original_models=[] -> resolved_models=[]
[9/27/2026, 7:00:07 AM.400] [Info] [AgentModelResolver] agent "contextSummary" original_models=[] -> resolved_models=[]
[9/27/2026, 7:00:07 AM.400] [Info] [AgentModelResolver] agent "contentAnalyzer" original_models=[] -> resolved_models=[]
[9/27/2026, 7:00:07 AM.400] [Info] [AgentModelResolver] agent "terminalTitleGenerator" original_models=[] -> resolved_models=[]
[9/27/2026, 7:00:07 AM.400] [Info] [AgentModelResolver] agent "promptSuggestion" original_models=[] -> resolved_models=[]
[9/27/2026, 7:00:07 AM.400] [Info] [AgentModelResolver] agent "memorySelector" original_models=["lite"] -> resolved_models=["lite"]
[9/27/2026, 7:00:07 AM.400] [Info] [AgentModelResolver] agent "summaryGenerator" original_models=[] -> resolved_models=[]
[9/27/2026, 7:00:07 AM.400] [Info] [AgentModelResolver] agent "autoModeClassifier" original_models=[] -> resolved_models=[]
[9/27/2026, 7:00:07 AM.400] [Info] [AgentModelResolver] agent "promptHookEvaluator" original_models=["lite"] -> resolved_models=["lite"]
[9/27/2026, 7:00:07 AM.400] [Info] [AgentModelResolver] agent "insightsAnalyzer" original_models=[] -> resolved_models=[]
[9/27/2026, 7:00:07 AM.400] [Info] [AgentModelResolver] agent "agentInstructions" original_models=[] -> resolved_models=[]
[9/27/2026, 7:00:07 AM.400] [Info] [AgentModelResolver] agent "statusline-setup" original_models=[] -> resolved_models=[]
[9/27/2026, 7:00:07 AM.400] [Info] [AgentModelResolver] agent "Explore" original_models=["lite"] -> resolved_models=["lite"]
[9/27/2026, 7:00:07 AM.400] [Info] [AgentModelResolver] agent "Plan" original_models=[] -> resolved_models=[]
[9/27/2026, 7:00:07 AM.400] [Info] [AgentModelResolver] agent "pulse" original_models=[] -> resolved_models=[]
[9/27/2026, 7:00:07 AM.400] [Info] [AgentModelResolver] agent "handoff-summary" original_models=undefined -> resolved_models=[]
[9/27/2026, 7:00:07 AM.400] [Info] [AgentModelResolver] agent "enhance-prompt" original_models=[] -> resolved_models=[]
[9/27/2026, 7:00:07 AM.400] [Info] [AgentModelResolver] agent "sheet-agent" original_models=[] -> resolved_models=[]
[9/27/2026, 7:00:07 AM.400] [Info] [AgentModelResolver] agent "doc-converter" original_models=[] -> resolved_models=[]
[9/27/2026, 7:00:07 AM.400] [Info] [AgentModelResolver] agent "doc-formatter" original_models=[] -> resolved_models=[]
[9/27/2026, 7:00:07 AM.400] [Info] [AgentModelResolver] agent "doc-writer" original_models=[] -> resolved_models=[]
[9/27/2026, 7:00:07 AM.415] [Info] [PluginPolicyService]  [MergedPlugins][DEBUG] ProductManager.onDidChange fired, reloading policies...
[9/27/2026, 7:00:07 AM.415] [Info] [PluginPolicyService]  [MergedPlugins][DEBUG] Current config builtInMarketPluginsMerge: [{"autoEnable":true,"marketplaceName":"codebuddy-plugins-official","name":"agent-browser","scope":"user"}]
[9/27/2026, 7:00:07 AM.415] [Info] [PluginPolicyService]  [MergedPlugins] Loaded 1 merged plugin entries
[9/27/2026, 7:00:07 AM.415] [Info] [Startup] AgentManager.rebuildAgents: START
[9/27/2026, 7:00:07 AM.416] [Info] [Startup] AgentManager.rebuildAgents: completed in 11ms, resolving readyDeferred
[9/27/2026, 7:00:07 AM.416] [Info] [PluginManager]  Checking for built-in marketplaces to install...
[9/27/2026, 7:00:07 AM.416] [Info] [BuiltInMarketplaceProvider]  Found 2 built-in marketplace(s)
[9/27/2026, 7:00:07 AM.416] [Info] [PluginManager]  Found 2 built-in marketplace(s)
[9/27/2026, 7:00:07 AM.416] [Info] [MarketplaceStorage]  [MarketplaceStorage] getMarketplaces ensureConfigFile=0ms readAndRepair=0ms migration=0ms total=0ms count=5 path=/Users/didi/.workbuddy/plugins/known_marketplaces.json
[9/27/2026, 7:00:07 AM.416] [Info] [PluginManager]  All built-in marketplaces are already installed
[9/27/2026, 7:00:07 AM.417] [Info] [MarketplaceStorage]  [MarketplaceStorage] getMarketplaces ensureConfigFile=0ms readAndRepair=1ms migration=0ms total=1ms count=5 path=/Users/didi/.workbuddy/plugins/known_marketplaces.json
[9/27/2026, 7:00:07 AM.417] [Info] [BuiltInMarketplaceProvider]  Found 2 built-in marketplace(s)
[9/27/2026, 7:00:07 AM.418] [Info] [PluginManager]  Loaded 5 marketplaces (2 built-in) total=2ms storage=1ms builtIn=0ms autoUpdate=0ms
[9/27/2026, 7:00:09 AM.406] [Info] [TracingService]  Tracing uses @tencent/galileo-node-sdk global OpenTelemetry provider; @genie OTLP exporter is skipped.
[9/27/2026, 7:00:09 AM.407] [Info] [TracingService]  Tracing config resolved: {"productEnabled":true,"enabledByEnv":false,"endpoint":"https://copilot.tencent.com","galileoEnabled":true}
[9/27/2026, 7:00:36 AM.461] [Info] [WorkflowMemProbe] tick runId=(none) | rss=152.9MB heap=166.2/173.9MB external=54.9MB arrayBuffers=0MB
[9/27/2026, 7:16:25 AM.020] [Info] [WorkflowMemProbe] tick runId=(none) | rss=152.9MB heap=166.4/173.9MB external=54.9MB arrayBuffers=0MB
[9/27/2026, 7:16:25 AM.028] [Info] [GitInfoCollector]  CODEBUDDY_GIT_REPO_SCAN_DISABLED 1
[9/27/2026, 7:16:25 AM.028] [Info] [GitInfoCollector]  Git repository scan is disabled via CODEBUDDY_GIT_REPO_SCAN_DISABLED environment variable
[9/27/2026, 7:16:25 AM.777] [Info] [CloudProductManager]  fetch cloud product success, agents(1): cli, models(53): auto,fast-model,balanced-model,deep-model,hy3,hy3-b,hy3-c,hy3-x,hy4-preview,hy4-preview-f,minimax-m2.5,glm-5v-turbo,glm-5.3,glm-5.3-flash,glm-5.2,glm-5.1,glm-5.0-turbo,glm-4.6v,kimi-k3-1,kimi-k2.8-preview,kimi-k2.7,kimi-k2.6,kimi-k2.5,kimi-k2-thinking,minimax-m3,minimax-m2.7,glm-4.6,deepseek-v4-flash,deepseek-v4.1-flash,deepseek-v4-pro,deepseek-v3-2-volc,deepseek-v3-1-volc,deepseek-v3-1-lkeap,deepseek-v3-1,deepseek-v3-0324-lkeap,deepseek-r1-0528-lkeap,kimi-k2-instruct-taiji,completion-gf,default-1.1,hunyuan-3b,hunyuan-7b-dense,codewise-completions,codewise-rewrite,codewise-nes-a4-027-aide,codewise-jump,deepseek-r1-0528,deepseek-v3-0324-taco-completion,deepseek-v3-0324,default-1.2,hunyuan-2.0-instruct,hunyuan-chat,hunyuan-image-alpha,hunyuan-image-alpha-edit
[9/27/2026, 7:16:25 AM.777] [Info] [CloudProductManager]  Fetched configuration from remote [749ms]
[9/27/2026, 7:16:25 AM.778] [Info] [PluginsProductProvider.provide] active=9, ids=[weixinpay@workbuddy-builtin,tencent-docs-plugin@workbuddy-builtin,sheetagent@workbuddy-builtin,tencent-pptx@workbuddy-builtin,tencent-docx@workbuddy-builtin,agent-browser@codebuddy-plugins-official,find-skills@codebuddy-plugins-official,agent-browser@inline,find-skills@inline]
[9/27/2026, 7:16:25 AM.778] [Info] [MCP][cacheDbg] getConnectedServers() called: nonInteractive=true waitForSettle=false cacheNow=[connector-proxy,weixinpay,sheetagent] allServers=[connector-proxy:connected,weixinpay:connected,sheetagent:connected]
[9/27/2026, 7:16:25 AM.778] [Info] [MCP][cacheDbg] getConnectedServers() returning: [connector-proxy,weixinpay,sheetagent] (size=3)
[9/27/2026, 7:16:25 AM.784] [Info] [CustomModelsProductProvider] productName=WorkBuddy, isWorkBuddy=true, userConfigPath=/Users/didi/.workbuddy/models.json
[9/27/2026, 7:16:25 AM.784] [Info] Loaded custom models config from user: /Users/didi/.workbuddy/models.json
[9/27/2026, 7:16:25 AM.784] [Info] [ModelsProductProvider] enterpriseId: undefined, endpoint: https://copilot.tencent.com
[9/27/2026, 7:16:25 AM.784] [Warning] [ModelsProductProvider] enterpriseId is missing, skipping models API call
[9/27/2026, 7:16:25 AM.784] [Info] [AgentModelResolver] product config input: 54 models, 23 agents
[9/27/2026, 7:16:25 AM.784] [Info] [AgentModelResolver] model ids: auto, fast-model, balanced-model, deep-model, hy3, hy3-b, hy3-c, hy3-x, hy4-preview, hy4-preview-f, minimax-m2.5, glm-5v-turbo, glm-5.3, glm-5.3-flash, glm-5.2, glm-5.1, glm-5.0-turbo, glm-4.6v, kimi-k3-1, kimi-k2.8-preview, kimi-k2.7, kimi-k2.6, kimi-k2.5, kimi-k2-thinking, minimax-m3, minimax-m2.7, glm-4.6, deepseek-v4-flash, deepseek-v4.1-flash, deepseek-v4-pro, deepseek-v3-2-volc, deepseek-v3-1-volc, deepseek-v3-1-lkeap, deepseek-v3-1, deepseek-v3-0324-lkeap, deepseek-r1-0528-lkeap, kimi-k2-instruct-taiji, completion-gf, default-1.1, hunyuan-3b, hunyuan-7b-dense, codewise-completions, codewise-rewrite, codewise-nes-a4-027-aide, codewise-jump, deepseek-r1-0528, deepseek-v3-0324-taco-completion, deepseek-v3-0324, default-1.2, hunyuan-2.0-instruct, hunyuan-chat, hunyuan-image-alpha, hunyuan-image-alpha-edit, custom-local:kimi-k3
[9/27/2026, 7:16:25 AM.784] [Info] [AgentModelResolver] agent "cli" original_models=["auto","hy4-preview-f","hy3","hy3-x","deepseek-v4.1-flash","glm-5.3","glm-5.3-flash","glm-5.2","glm-5.1","glm-5v-turbo","minimax-m3","kimi-k3-1","kimi-k2.8-preview","kimi-k2.7","kimi-k2.6","deepseek-v4-pro"] -> resolved_models=["auto","hy4-preview-f","hy3","hy3-x","deepseek-v4.1-flash","glm-5.3","glm-5.3-flash","glm-5.2","glm-5.1","glm-5v-turbo","minimax-m3","kimi-k3-1","kimi-k2.8-preview","kimi-k2.7","kimi-k2.6","deepseek-v4-pro"]
[9/27/2026, 7:16:25 AM.784] [Info] [AgentModelResolver] agent "general-purpose" original_models=[] -> resolved_models=[]
[9/27/2026, 7:16:25 AM.784] [Info] [AgentModelResolver] agent "compact" original_models=[] -> resolved_models=[]
[9/27/2026, 7:16:25 AM.784] [Info] [AgentModelResolver] agent "contextSummary" original_models=[] -> resolved_models=[]
[9/27/2026, 7:16:25 AM.784] [Info] [AgentModelResolver] agent "contentAnalyzer" original_models=[] -> resolved_models=[]
[9/27/2026, 7:16:25 AM.784] [Info] [AgentModelResolver] agent "terminalTitleGenerator" original_models=[] -> resolved_models=[]
[9/27/2026, 7:16:25 AM.784] [Info] [AgentModelResolver] agent "promptSuggestion" original_models=[] -> resolved_models=[]
[9/27/2026, 7:16:25 AM.784] [Info] [AgentModelResolver] agent "memorySelector" original_models=["lite"] -> resolved_models=["lite"]
[9/27/2026, 7:16:25 AM.784] [Info] [AgentModelResolver] agent "summaryGenerator" original_models=[] -> resolved_models=[]
[9/27/2026, 7:16:25 AM.784] [Info] [AgentModelResolver] agent "autoModeClassifier" original_models=[] -> resolved_models=[]
[9/27/2026, 7:16:25 AM.784] [Info] [AgentModelResolver] agent "promptHookEvaluator" original_models=["lite"] -> resolved_models=["lite"]
[9/27/2026, 7:16:25 AM.784] [Info] [AgentModelResolver] agent "insightsAnalyzer" original_models=[] -> resolved_models=[]
[9/27/2026, 7:16:25 AM.784] [Info] [AgentModelResolver] agent "agentInstructions" original_models=[] -> resolved_models=[]
[9/27/2026, 7:16:25 AM.784] [Info] [AgentModelResolver] agent "statusline-setup" original_models=[] -> resolved_models=[]
[9/27/2026, 7:16:25 AM.784] [Info] [AgentModelResolver] agent "Explore" original_models=["lite"] -> resolved_models=["lite"]
[9/27/2026, 7:16:25 AM.784] [Info] [AgentModelResolver] agent "Plan" original_models=[] -> resolved_models=[]
[9/27/2026, 7:16:25 AM.784] [Info] [AgentModelResolver] agent "pulse" original_models=[] -> resolved_models=[]
[9/27/2026, 7:16:25 AM.784] [Info] [AgentModelResolver] agent "handoff-summary" original_models=undefined -> resolved_models=[]
[9/27/2026, 7:16:25 AM.784] [Info] [AgentModelResolver] agent "enhance-prompt" original_models=[] -> resolved_models=[]
[9/27/2026, 7:16:25 AM.784] [Info] [AgentModelResolver] agent "sheet-agent" original_models=[] -> resolved_models=[]
[9/27/2026, 7:16:25 AM.784] [Info] [AgentModelResolver] agent "doc-converter" original_models=[] -> resolved_models=[]
[9/27/2026, 7:16:25 AM.784] [Info] [AgentModelResolver] agent "doc-formatter" original_models=[] -> resolved_models=[]
[9/27/2026, 7:16:25 AM.784] [Info] [AgentModelResolver] agent "doc-writer" original_models=[] -> resolved_models=[]
[9/27/2026, 7:16:25 AM.799] [Info] [PluginPolicyService]  [MergedPlugins][DEBUG] ProductManager.onDidChange fired, reloading policies...
[9/27/2026, 7:16:25 AM.799] [Info] [PluginPolicyService]  [MergedPlugins][DEBUG] Current config builtInMarketPluginsMerge: [{"autoEnable":true,"marketplaceName":"codebuddy-plugins-official","name":"agent-browser","scope":"user"}]
[9/27/2026, 7:16:25 AM.799] [Info] [PluginPolicyService]  [MergedPlugins] Loaded 1 merged plugin entries
[9/27/2026, 7:16:25 AM.799] [Info] [Startup] AgentManager.rebuildAgents: START
[9/27/2026, 7:16:25 AM.800] [Info] [Startup] AgentManager.rebuildAgents: completed in 11ms, resolving readyDeferred
[9/27/2026, 7:16:25 AM.800] [Info] [PluginManager]  Checking for built-in marketplaces to install...
[9/27/2026, 7:16:25 AM.800] [Info] [BuiltInMarketplaceProvider]  Found 2 built-in marketplace(s)
[9/27/2026, 7:16:25 AM.800] [Info] [PluginManager]  Found 2 built-in marketplace(s)
[9/27/2026, 7:16:25 AM.801] [Info] [MarketplaceStorage]  [MarketplaceStorage] getMarketplaces ensureConfigFile=0ms readAndRepair=1ms migration=0ms total=1ms count=5 path=/Users/didi/.workbuddy/plugins/known_marketplaces.json
[9/27/2026, 7:16:25 AM.801] [Info] [PluginManager]  All built-in marketplaces are already installed
[9/27/2026, 7:16:25 AM.802] [Info] [MarketplaceStorage]  [MarketplaceStorage] getMarketplaces ensureConfigFile=0ms readAndRepair=1ms migration=0ms total=1ms count=5 path=/Users/didi/.workbuddy/plugins/known_marketplaces.json
[9/27/2026, 7:16:25 AM.802] [Info] [BuiltInMarketplaceProvider]  Found 2 built-in marketplace(s)
[9/27/2026, 7:16:25 AM.804] [Info] [PluginManager]  Loaded 5 marketplaces (2 built-in) total=3ms storage=1ms builtIn=0ms autoUpdate=0ms
[9/27/2026, 7:16:27 AM.788] [Info] [TracingService]  Tracing uses @tencent/galileo-node-sdk global OpenTelemetry provider; @genie OTLP exporter is skipped.
[9/27/2026, 7:16:27 AM.788] [Info] [TracingService]  Tracing config resolved: {"productEnabled":true,"enabledByEnv":false,"endpoint":"https://copilot.tencent.com","galileoEnabled":true}
[9/27/2026, 7:16:54 AM.982] [Info] [WorkflowMemProbe] tick runId=(none) | rss=143.4MB heap=153.5/161.2MB external=53.6MB arrayBuffers=0MB
[9/27/2026, 7:32:32 AM.565] [Info] [WorkflowMemProbe] tick runId=(none) | rss=143.4MB heap=153.7/161.2MB external=53.6MB arrayBuffers=0MB
[9/27/2026, 7:32:32 AM.570] [Info] [GitInfoCollector]  CODEBUDDY_GIT_REPO_SCAN_DISABLED 1
[9/27/2026, 7:32:32 AM.570] [Info] [GitInfoCollector]  Git repository scan is disabled via CODEBUDDY_GIT_REPO_SCAN_DISABLED environment variable
[9/27/2026, 7:32:33 AM.279] [Info] [CloudProductManager]  fetch cloud product success, agents(1): cli, models(53): auto,fast-model,balanced-model,deep-model,hy3,hy3-b,hy3-c,hy3-x,hy4-preview,hy4-preview-f,minimax-m2.5,glm-5v-turbo,glm-5.3,glm-5.3-flash,glm-5.2,glm-5.1,glm-5.0-turbo,glm-4.6v,kimi-k3-1,kimi-k2.8-preview,kimi-k2.7,kimi-k2.6,kimi-k2.5,kimi-k2-thinking,minimax-m3,minimax-m2.7,glm-4.6,deepseek-v4-flash,deepseek-v4.1-flash,deepseek-v4-pro,deepseek-v3-2-volc,deepseek-v3-1-volc,deepseek-v3-1-lkeap,deepseek-v3-1,deepseek-v3-0324-lkeap,deepseek-r1-0528-lkeap,kimi-k2-instruct-taiji,completion-gf,default-1.1,hunyuan-3b,hunyuan-7b-dense,codewise-completions,codewise-rewrite,codewise-nes-a4-027-aide,codewise-jump,deepseek-r1-0528,deepseek-v3-0324-taco-completion,deepseek-v3-0324,default-1.2,hunyuan-2.0-instruct,hunyuan-chat,hunyuan-image-alpha,hunyuan-image-alpha-edit
[9/27/2026, 7:32:33 AM.279] [Info] [CloudProductManager]  Fetched configuration from remote [708ms]
[9/27/2026, 7:32:33 AM.281] [Info] [PluginsProductProvider.provide] active=9, ids=[weixinpay@workbuddy-builtin,tencent-docs-plugin@workbuddy-builtin,sheetagent@workbuddy-builtin,tencent-pptx@workbuddy-builtin,tencent-docx@workbuddy-builtin,agent-browser@codebuddy-plugins-official,find-skills@codebuddy-plugins-official,agent-browser@inline,find-skills@inline]
[9/27/2026, 7:32:33 AM.282] [Info] [MCP][cacheDbg] getConnectedServers() called: nonInteractive=true waitForSettle=false cacheNow=[connector-proxy,weixinpay,sheetagent] allServers=[connector-proxy:connected,weixinpay:connected,sheetagent:connected]
[9/27/2026, 7:32:33 AM.282] [Info] [MCP][cacheDbg] getConnectedServers() returning: [connector-proxy,weixinpay,sheetagent] (size=3)
[9/27/2026, 7:32:33 AM.289] [Info] [CustomModelsProductProvider] productName=WorkBuddy, isWorkBuddy=true, userConfigPath=/Users/didi/.workbuddy/models.json
[9/27/2026, 7:32:33 AM.289] [Info] Loaded custom models config from user: /Users/didi/.workbuddy/models.json
[9/27/2026, 7:32:33 AM.289] [Info] [ModelsProductProvider] enterpriseId: undefined, endpoint: https://copilot.tencent.com
[9/27/2026, 7:32:33 AM.289] [Warning] [ModelsProductProvider] enterpriseId is missing, skipping models API call
[9/27/2026, 7:32:33 AM.289] [Info] [AgentModelResolver] product config input: 54 models, 23 agents
[9/27/2026, 7:32:33 AM.289] [Info] [AgentModelResolver] model ids: auto, fast-model, balanced-model, deep-model, hy3, hy3-b, hy3-c, hy3-x, hy4-preview, hy4-preview-f, minimax-m2.5, glm-5v-turbo, glm-5.3, glm-5.3-flash, glm-5.2, glm-5.1, glm-5.0-turbo, glm-4.6v, kimi-k3-1, kimi-k2.8-preview, kimi-k2.7, kimi-k2.6, kimi-k2.5, kimi-k2-thinking, minimax-m3, minimax-m2.7, glm-4.6, deepseek-v4-flash, deepseek-v4.1-flash, deepseek-v4-pro, deepseek-v3-2-volc, deepseek-v3-1-volc, deepseek-v3-1-lkeap, deepseek-v3-1, deepseek-v3-0324-lkeap, deepseek-r1-0528-lkeap, kimi-k2-instruct-taiji, completion-gf, default-1.1, hunyuan-3b, hunyuan-7b-dense, codewise-completions, codewise-rewrite, codewise-nes-a4-027-aide, codewise-jump, deepseek-r1-0528, deepseek-v3-0324-taco-completion, deepseek-v3-0324, default-1.2, hunyuan-2.0-instruct, hunyuan-chat, hunyuan-image-alpha, hunyuan-image-alpha-edit, custom-local:kimi-k3
[9/27/2026, 7:32:33 AM.289] [Info] [AgentModelResolver] agent "cli" original_models=["auto","hy4-preview-f","hy3","hy3-x","deepseek-v4.1-flash","glm-5.3","glm-5.3-flash","glm-5.2","glm-5.1","glm-5v-turbo","minimax-m3","kimi-k3-1","kimi-k2.8-preview","kimi-k2.7","kimi-k2.6","deepseek-v4-pro"] -> resolved_models=["auto","hy4-preview-f","hy3","hy3-x","deepseek-v4.1-flash","glm-5.3","glm-5.3-flash","glm-5.2","glm-5.1","glm-5v-turbo","minimax-m3","kimi-k3-1","kimi-k2.8-preview","kimi-k2.7","kimi-k2.6","deepseek-v4-pro"]
[9/27/2026, 7:32:33 AM.289] [Info] [AgentModelResolver] agent "general-purpose" original_models=[] -> resolved_models=[]
[9/27/2026, 7:32:33 AM.289] [Info] [AgentModelResolver] agent "compact" original_models=[] -> resolved_models=[]
[9/27/2026, 7:32:33 AM.289] [Info] [AgentModelResolver] agent "contextSummary" original_models=[] -> resolved_models=[]
[9/27/2026, 7:32:33 AM.289] [Info] [AgentModelResolver] agent "contentAnalyzer" original_models=[] -> resolved_models=[]
[9/27/2026, 7:32:33 AM.289] [Info] [AgentModelResolver] agent "terminalTitleGenerator" original_models=[] -> resolved_models=[]
[9/27/2026, 7:32:33 AM.289] [Info] [AgentModelResolver] agent "promptSuggestion" original_models=[] -> resolved_models=[]
[9/27/2026, 7:32:33 AM.289] [Info] [AgentModelResolver] agent "memorySelector" original_models=["lite"] -> resolved_models=["lite"]
[9/27/2026, 7:32:33 AM.289] [Info] [AgentModelResolver] agent "summaryGenerator" original_models=[] -> resolved_models=[]
[9/27/2026, 7:32:33 AM.289] [Info] [AgentModelResolver] agent "autoModeClassifier" original_models=[] -> resolved_models=[]
[9/27/2026, 7:32:33 AM.289] [Info] [AgentModelResolver] agent "promptHookEvaluator" original_models=["lite"] -> resolved_models=["lite"]
[9/27/2026, 7:32:33 AM.289] [Info] [AgentModelResolver] agent "insightsAnalyzer" original_models=[] -> resolved_models=[]
[9/27/2026, 7:32:33 AM.289] [Info] [AgentModelResolver] agent "agentInstructions" original_models=[] -> resolved_models=[]
[9/27/2026, 7:32:33 AM.289] [Info] [AgentModelResolver] agent "statusline-setup" original_models=[] -> resolved_models=[]
[9/27/2026, 7:32:33 AM.289] [Info] [AgentModelResolver] agent "Explore" original_models=["lite"] -> resolved_models=["lite"]
[9/27/2026, 7:32:33 AM.289] [Info] [AgentModelResolver] agent "Plan" original_models=[] -> resolved_models=[]
[9/27/2026, 7:32:33 AM.289] [Info] [AgentModelResolver] agent "pulse" original_models=[] -> resolved_models=[]
[9/27/2026, 7:32:33 AM.289] [Info] [AgentModelResolver] agent "handoff-summary" original_models=undefined -> resolved_models=[]
[9/27/2026, 7:32:33 AM.289] [Info] [AgentModelResolver] agent "enhance-prompt" original_models=[] -> resolved_models=[]
[9/27/2026, 7:32:33 AM.289] [Info] [AgentModelResolver] agent "sheet-agent" original_models=[] -> resolved_models=[]
[9/27/2026, 7:32:33 AM.289] [Info] [AgentModelResolver] agent "doc-converter" original_models=[] -> resolved_models=[]
[9/27/2026, 7:32:33 AM.289] [Info] [AgentModelResolver] agent "doc-formatter" original_models=[] -> resolved_models=[]
[9/27/2026, 7:32:33 AM.289] [Info] [AgentModelResolver] agent "doc-writer" original_models=[] -> resolved_models=[]
[9/27/2026, 7:32:33 AM.306] [Info] [PluginPolicyService]  [MergedPlugins][DEBUG] ProductManager.onDidChange fired, reloading policies...
[9/27/2026, 7:32:33 AM.306] [Info] [PluginPolicyService]  [MergedPlugins][DEBUG] Current config builtInMarketPluginsMerge: [{"autoEnable":true,"marketplaceName":"codebuddy-plugins-official","name":"agent-browser","scope":"user"}]
[9/27/2026, 7:32:33 AM.306] [Info] [PluginPolicyService]  [MergedPlugins] Loaded 1 merged plugin entries
[9/27/2026, 7:32:33 AM.306] [Info] [Startup] AgentManager.rebuildAgents: START
[9/27/2026, 7:32:33 AM.306] [Info] [Startup] AgentManager.rebuildAgents: completed in 12ms, resolving readyDeferred
[9/27/2026, 7:32:33 AM.306] [Info] [PluginManager]  Checking for built-in marketplaces to install...
[9/27/2026, 7:32:33 AM.306] [Info] [BuiltInMarketplaceProvider]  Found 2 built-in marketplace(s)
[9/27/2026, 7:32:33 AM.306] [Info] [PluginManager]  Found 2 built-in marketplace(s)
[9/27/2026, 7:32:33 AM.307] [Info] [MarketplaceStorage]  [MarketplaceStorage] getMarketplaces ensureConfigFile=0ms readAndRepair=1ms migration=0ms total=1ms count=5 path=/Users/didi/.workbuddy/plugins/known_marketplaces.json
[9/27/2026, 7:32:33 AM.307] [Info] [PluginManager]  All built-in marketplaces are already installed
[9/27/2026, 7:32:33 AM.307] [Info] [MarketplaceStorage]  [MarketplaceStorage] getMarketplaces ensureConfigFile=0ms readAndRepair=0ms migration=0ms total=0ms count=5 path=/Users/didi/.workbuddy/plugins/known_marketplaces.json
[9/27/2026, 7:32:33 AM.307] [Info] [BuiltInMarketplaceProvider]  Found 2 built-in marketplace(s)
[9/27/2026, 7:32:33 AM.309] [Info] [PluginManager]  Loaded 5 marketplaces (2 built-in) total=2ms storage=0ms builtIn=0ms autoUpdate=0ms
[9/27/2026, 7:32:35 AM.297] [Info] [TracingService]  Tracing uses @tencent/galileo-node-sdk global OpenTelemetry provider; @genie OTLP exporter is skipped.
[9/27/2026, 7:32:35 AM.297] [Info] [TracingService]  Tracing config resolved: {"productEnabled":true,"enabledByEnv":false,"endpoint":"https://copilot.tencent.com","galileoEnabled":true}
[9/27/2026, 7:33:02 AM.576] [Info] [WorkflowMemProbe] tick runId=(none) | rss=150.7MB heap=161.8/168.9MB external=54.8MB arrayBuffers=0MB
[9/27/2026, 7:48:46 AM.940] [Info] [WorkflowMemProbe] tick runId=(none) | rss=150.7MB heap=161.9/169.2MB external=54.8MB arrayBuffers=0MB
[9/27/2026, 7:48:47 AM.010] [Info] [GitInfoCollector]  CODEBUDDY_GIT_REPO_SCAN_DISABLED 1
[9/27/2026, 7:48:47 AM.010] [Info] [GitInfoCollector]  Git repository scan is disabled via CODEBUDDY_GIT_REPO_SCAN_DISABLED environment variable
[9/27/2026, 7:48:47 AM.717] [Info] [CloudProductManager]  fetch cloud product success, agents(1): cli, models(53): auto,fast-model,balanced-model,deep-model,hy3,hy3-b,hy3-c,hy3-x,hy4-preview,hy4-preview-f,minimax-m2.5,glm-5v-turbo,glm-5.3,glm-5.3-flash,glm-5.2,glm-5.1,glm-5.0-turbo,glm-4.6v,kimi-k3-1,kimi-k2.8-preview,kimi-k2.7,kimi-k2.6,kimi-k2.5,kimi-k2-thinking,minimax-m3,minimax-m2.7,glm-4.6,deepseek-v4-flash,deepseek-v4.1-flash,deepseek-v4-pro,deepseek-v3-2-volc,deepseek-v3-1-volc,deepseek-v3-1-lkeap,deepseek-v3-1,deepseek-v3-0324-lkeap,deepseek-r1-0528-lkeap,kimi-k2-instruct-taiji,completion-gf,default-1.1,hunyuan-3b,hunyuan-7b-dense,codewise-completions,codewise-rewrite,codewise-nes-a4-027-aide,codewise-jump,deepseek-r1-0528,deepseek-v3-0324-taco-completion,deepseek-v3-0324,default-1.2,hunyuan-2.0-instruct,hunyuan-chat,hunyuan-image-alpha,hunyuan-image-alpha-edit
[9/27/2026, 7:48:47 AM.717] [Info] [CloudProductManager]  Fetched configuration from remote [706ms]
[9/27/2026, 7:48:47 AM.718] [Info] [PluginsProductProvider.provide] active=9, ids=[weixinpay@workbuddy-builtin,tencent-docs-plugin@workbuddy-builtin,sheetagent@workbuddy-builtin,tencent-pptx@workbuddy-builtin,tencent-docx@workbuddy-builtin,agent-browser@codebuddy-plugins-official,find-skills@codebuddy-plugins-official,agent-browser@inline,find-skills@inline]
[9/27/2026, 7:48:47 AM.719] [Info] [MCP][cacheDbg] getConnectedServers() called: nonInteractive=true waitForSettle=false cacheNow=[connector-proxy,weixinpay,sheetagent] allServers=[connector-proxy:connected,weixinpay:connected,sheetagent:connected]
[9/27/2026, 7:48:47 AM.719] [Info] [MCP][cacheDbg] getConnectedServers() returning: [connector-proxy,weixinpay,sheetagent] (size=3)
[9/27/2026, 7:48:47 AM.728] [Info] [CustomModelsProductProvider] productName=WorkBuddy, isWorkBuddy=true, userConfigPath=/Users/didi/.workbuddy/models.json
[9/27/2026, 7:48:47 AM.728] [Info] Loaded custom models config from user: /Users/didi/.workbuddy/models.json
[9/27/2026, 7:48:47 AM.729] [Info] [ModelsProductProvider] enterpriseId: undefined, endpoint: https://copilot.tencent.com
[9/27/2026, 7:48:47 AM.729] [Warning] [ModelsProductProvider] enterpriseId is missing, skipping models API call
[9/27/2026, 7:48:47 AM.729] [Info] [AgentModelResolver] product config input: 54 models, 23 agents
[9/27/2026, 7:48:47 AM.729] [Info] [AgentModelResolver] model ids: auto, fast-model, balanced-model, deep-model, hy3, hy3-b, hy3-c, hy3-x, hy4-preview, hy4-preview-f, minimax-m2.5, glm-5v-turbo, glm-5.3, glm-5.3-flash, glm-5.2, glm-5.1, glm-5.0-turbo, glm-4.6v, kimi-k3-1, kimi-k2.8-preview, kimi-k2.7, kimi-k2.6, kimi-k2.5, kimi-k2-thinking, minimax-m3, minimax-m2.7, glm-4.6, deepseek-v4-flash, deepseek-v4.1-flash, deepseek-v4-pro, deepseek-v3-2-volc, deepseek-v3-1-volc, deepseek-v3-1-lkeap, deepseek-v3-1, deepseek-v3-0324-lkeap, deepseek-r1-0528-lkeap, kimi-k2-instruct-taiji, completion-gf, default-1.1, hunyuan-3b, hunyuan-7b-dense, codewise-completions, codewise-rewrite, codewise-nes-a4-027-aide, codewise-jump, deepseek-r1-0528, deepseek-v3-0324-taco-completion, deepseek-v3-0324, default-1.2, hunyuan-2.0-instruct, hunyuan-chat, hunyuan-image-alpha, hunyuan-image-alpha-edit, custom-local:kimi-k3
[9/27/2026, 7:48:47 AM.729] [Info] [AgentModelResolver] agent "cli" original_models=["auto","hy4-preview-f","hy3","hy3-x","deepseek-v4.1-flash","glm-5.3","glm-5.3-flash","glm-5.2","glm-5.1","glm-5v-turbo","minimax-m3","kimi-k3-1","kimi-k2.8-preview","kimi-k2.7","kimi-k2.6","deepseek-v4-pro"] -> resolved_models=["auto","hy4-preview-f","hy3","hy3-x","deepseek-v4.1-flash","glm-5.3","glm-5.3-flash","glm-5.2","glm-5.1","glm-5v-turbo","minimax-m3","kimi-k3-1","kimi-k2.8-preview","kimi-k2.7","kimi-k2.6","deepseek-v4-pro"]
[9/27/2026, 7:48:47 AM.729] [Info] [AgentModelResolver] agent "general-purpose" original_models=[] -> resolved_models=[]
[9/27/2026, 7:48:47 AM.729] [Info] [AgentModelResolver] agent "compact" original_models=[] -> resolved_models=[]
[9/27/2026, 7:48:47 AM.729] [Info] [AgentModelResolver] agent "contextSummary" original_models=[] -> resolved_models=[]
[9/27/2026, 7:48:47 AM.729] [Info] [AgentModelResolver] agent "contentAnalyzer" original_models=[] -> resolved_models=[]
[9/27/2026, 7:48:47 AM.729] [Info] [AgentModelResolver] agent "terminalTitleGenerator" original_models=[] -> resolved_models=[]
[9/27/2026, 7:48:47 AM.729] [Info] [AgentModelResolver] agent "promptSuggestion" original_models=[] -> resolved_models=[]
[9/27/2026, 7:48:47 AM.729] [Info] [AgentModelResolver] agent "memorySelector" original_models=["lite"] -> resolved_models=["lite"]
[9/27/2026, 7:48:47 AM.729] [Info] [AgentModelResolver] agent "summaryGenerator" original_models=[] -> resolved_models=[]
[9/27/2026, 7:48:47 AM.729] [Info] [AgentModelResolver] agent "autoModeClassifier" original_models=[] -> resolved_models=[]
[9/27/2026, 7:48:47 AM.729] [Info] [AgentModelResolver] agent "promptHookEvaluator" original_models=["lite"] -> resolved_models=["lite"]
[9/27/2026, 7:48:47 AM.729] [Info] [AgentModelResolver] agent "insightsAnalyzer" original_models=[] -> resolved_models=[]
[9/27/2026, 7:48:47 AM.729] [Info] [AgentModelResolver] agent "agentInstructions" original_models=[] -> resolved_models=[]
[9/27/2026, 7:48:47 AM.729] [Info] [AgentModelResolver] agent "statusline-setup" original_models=[] -> resolved_models=[]
[9/27/2026, 7:48:47 AM.729] [Info] [AgentModelResolver] agent "Explore" original_models=["lite"] -> resolved_models=["lite"]
[9/27/2026, 7:48:47 AM.729] [Info] [AgentModelResolver] agent "Plan" original_models=[] -> resolved_models=[]
[9/27/2026, 7:48:47 AM.729] [Info] [AgentModelResolver] agent "pulse" original_models=[] -> resolved_models=[]
[9/27/2026, 7:48:47 AM.729] [Info] [AgentModelResolver] agent "handoff-summary" original_models=undefined -> resolved_models=[]
[9/27/2026, 7:48:47 AM.729] [Info] [AgentModelResolver] agent "enhance-prompt" original_models=[] -> resolved_models=[]
[9/27/2026, 7:48:47 AM.729] [Info] [AgentModelResolver] agent "sheet-agent" original_models=[] -> resolved_models=[]
[9/27/2026, 7:48:47 AM.729] [Info] [AgentModelResolver] agent "doc-converter" original_models=[] -> resolved_models=[]
[9/27/2026, 7:48:47 AM.729] [Info] [AgentModelResolver] agent "doc-formatter" original_models=[] -> resolved_models=[]
[9/27/2026, 7:48:47 AM.729] [Info] [AgentModelResolver] agent "doc-writer" original_models=[] -> resolved_models=[]
[9/27/2026, 7:48:47 AM.744] [Info] [PluginPolicyService]  [MergedPlugins][DEBUG] ProductManager.onDidChange fired, reloading policies...
[9/27/2026, 7:48:47 AM.744] [Info] [PluginPolicyService]  [MergedPlugins][DEBUG] Current config builtInMarketPluginsMerge: [{"autoEnable":true,"marketplaceName":"codebuddy-plugins-official","name":"agent-browser","scope":"user"}]
[9/27/2026, 7:48:47 AM.744] [Info] [PluginPolicyService]  [MergedPlugins] Loaded 1 merged plugin entries
[9/27/2026, 7:48:47 AM.744] [Info] [Startup] AgentManager.rebuildAgents: START
[9/27/2026, 7:48:47 AM.744] [Info] [Startup] AgentManager.rebuildAgents: completed in 11ms, resolving readyDeferred
[9/27/2026, 7:48:47 AM.744] [Info] [PluginManager]  Checking for built-in marketplaces to install...
[9/27/2026, 7:48:47 AM.744] [Info] [BuiltInMarketplaceProvider]  Found 2 built-in marketplace(s)
[9/27/2026, 7:48:47 AM.744] [Info] [PluginManager]  Found 2 built-in marketplace(s)
[9/27/2026, 7:48:47 AM.745] [Info] [MarketplaceStorage]  [MarketplaceStorage] getMarketplaces ensureConfigFile=0ms readAndRepair=1ms migration=0ms total=1ms count=5 path=/Users/didi/.workbuddy/plugins/known_marketplaces.json
[9/27/2026, 7:48:47 AM.745] [Info] [PluginManager]  All built-in marketplaces are already installed
[9/27/2026, 7:48:47 AM.745] [Info] [MarketplaceStorage]  [MarketplaceStorage] getMarketplaces ensureConfigFile=0ms readAndRepair=0ms migration=0ms total=0ms count=5 path=/Users/didi/.workbuddy/plugins/known_marketplaces.json
[9/27/2026, 7:48:47 AM.745] [Info] [BuiltInMarketplaceProvider]  Found 2 built-in marketplace(s)
[9/27/2026, 7:48:47 AM.747] [Info] [PluginManager]  Loaded 5 marketplaces (2 built-in) total=2ms storage=0ms builtIn=0ms autoUpdate=0ms
[9/27/2026, 7:48:49 AM.736] [Info] [TracingService]  Tracing uses @tencent/galileo-node-sdk global OpenTelemetry provider; @genie OTLP exporter is skipped.
[9/27/2026, 7:48:49 AM.736] [Info] [TracingService]  Tracing config resolved: {"productEnabled":true,"enabledByEnv":false,"endpoint":"https://copilot.tencent.com","galileoEnabled":true}
[9/27/2026, 7:49:16 AM.964] [Info] [WorkflowMemProbe] tick runId=(none) | rss=154MB heap=166.2/172.7MB external=54.9MB arrayBuffers=0MB
[9/27/2026, 7:49:24 AM.106] [Info] [TracingService]  [primary] Exported 1 spans, traceIds: 23aa0db03268b8786aa028f612336095
