Workspace Path: /private/var/folders/f3/2gv0jww54zb8r9tg9bk508s00000ks/T/workbuddy-host-cli/__workbuddy_cli_host__-2-238dca06
[9/24/2026, 6:58:57 PM.046] [Warning] [WecomApiClient] Not fully configured for sending. Missing env vars: CODEBUDDY_GATEWAY_WECOM_CORP_ID, CODEBUDDY_GATEWAY_WECOM_CORP_SECRET, CODEBUDDY_GATEWAY_WECOM_AGENT_ID
[9/24/2026, 6:58:57 PM.061] [Warning] [WecomAdapter] Not configured. Missing env vars: CODEBUDDY_GATEWAY_WECOM_TOKEN, CODEBUDDY_GATEWAY_WECOM_ENCODING_AES_KEY, CODEBUDDY_GATEWAY_WECOM_CORP_ID
[9/24/2026, 6:58:57 PM.061] [Warning] [WechatKfApiClient] Not fully configured. Missing env vars: CODEBUDDY_GATEWAY_WECHAT_KF_CORP_ID, CODEBUDDY_GATEWAY_WECHAT_KF_CORP_SECRET
[9/24/2026, 6:58:57 PM.061] [Warning] [WechatKfAdapter] Not configured. Missing env vars: CODEBUDDY_GATEWAY_WECHAT_KF_TOKEN, CODEBUDDY_GATEWAY_WECHAT_KF_ENCODING_AES_KEY, CODEBUDDY_GATEWAY_WECHAT_KF_CORP_ID
[9/24/2026, 6:58:57 PM.061] [Info] [PluginPolicyService]  [MergedPlugins][DEBUG] PluginPolicyService @PostConstruct - calling loadPolicies for the first time
[9/24/2026, 6:58:57 PM.061] [Info] [PluginPolicyService]  [MergedPlugins] Loaded 0 merged plugin entries
[9/24/2026, 6:58:57 PM.061] [Info] [Startup] McpReadyService: headless mode — initializing MCP config (DYNAMIC scope)
[9/24/2026, 6:58:57 PM.061] [Info] [Startup] McpManager.setNonInteractiveMode(true)
[9/24/2026, 6:58:57 PM.061] [Info] [Startup] McpManager: non-interactive projection enabled, calling list()...
[9/24/2026, 6:58:57 PM.061] [Info] [Startup] McpManager.list: starting (scope=all)
[9/24/2026, 6:58:57 PM.061] [Info] [LSPManager]  LSP Manager initialized
[9/24/2026, 6:58:57 PM.061] [Info] [ShellService]  Shell snapshot warmup scheduled in 2000ms
[9/24/2026, 6:58:57 PM.061] [Info] [HotReload] cwd changed to "/private/var/folders/f3/2gv0jww54zb8r9tg9bk508s00000ks/T/workbuddy-host-cli/__workbuddy_cli_host__-2-238dca06", rebinding watchers & invalidating project caches
[9/24/2026, 6:58:57 PM.061] [Info] [SubdirectoryMemoryLoader]  Subdirectory memory cache cleared
[9/24/2026, 6:58:57 PM.061] [Info] [MCP] config scope=project changed — scheduling desired revision 1
[9/24/2026, 6:58:57 PM.061] [Info] [MCP] config scope=local changed — scheduling desired revision 2
[9/24/2026, 6:58:57 PM.061] [Info] [RemoteControlLifecycle]  Remote Control module initializing...
[9/24/2026, 6:58:57 PM.061] [Info] [SessionHistoryCleanService]  Session history cleanup service disabled by environment
[9/24/2026, 6:58:57 PM.061] [Info] [CliSvnCommitWatcher]  [CliSvnCommitWatcher] initialize
[9/24/2026, 6:58:57 PM.061] [Info] [CliSvnCommitWatcher]  [CliSvnCommitWatcher] code-adoption-rate not enabled at startup; subscribing for late config push
[9/24/2026, 6:58:57 PM.062] [Info] [CliSettingSourcesProvider]  Setting sources order: user
[9/24/2026, 6:58:57 PM.062] [Info] [CliSettingSourcesProvider]  Setting sources initialized: user
[9/24/2026, 6:58:57 PM.062] [Info] [MCP] reconcile revision=0 started (list)
[9/24/2026, 6:58:57 PM.062] [Info] [Startup] McpConfigManager.list: loading scope=internal
[9/24/2026, 6:58:57 PM.062] [Info] [LSPManager]  Loaded LSP configurations from all enabled plugins
[9/24/2026, 6:58:57 PM.062] [Info] [CliSettingsProvider]  CLI settings initialized: {}
[9/24/2026, 6:58:57 PM.063] [Info] [WorkflowMemProbe] installed
[9/24/2026, 6:58:57 PM.063] [Info] [Startup] AgentManager.rebuildAgents: START
[9/24/2026, 6:58:57 PM.081] [Info] [CliSettingSourcesProvider]  Setting sources order: user
[9/24/2026, 6:58:57 PM.081] [Info] [CliSettingSourcesProvider]  Setting sources reloaded: user
[9/24/2026, 6:58:57 PM.081] [Info] [Startup] McpConfigManager.list: scope=internal read completed (32ms)
[9/24/2026, 6:58:57 PM.081] [Info] [CliSettingsProvider]  CLI settings reloaded: {}
[9/24/2026, 6:58:57 PM.081] [Info] [PluginRuntime] refresh started (startup)
[9/24/2026, 6:58:57 PM.081] [Info] [CliDispatcher]  [Dispatch] entry opts: sessionId=N/A serve=true acp=false permissionMode=N/A model=N/A agent=N/A systemPromptFile=N/A mcpConfig={"mcpServers":{"connector-proxy":{"type":"http","url":"http://127.0.0.1:50052/mcp","defer_loading":true,"tools":{"present_files":{"defer_loading":false},"connect_cloud_service":{"defer_loading":true,"bare_name":true},"connect_open_platform":{"defer_loading":true,"bare_name":true},"automation_update":{"defer_loading":false},"read_me":{"defer_loading":false},"show_widget":{"defer_loading":false},"conversation_search":{"defer_loading":true,"bare_name":true},"workbuddy_cloudstudio_deploy":{"defer_loading":true,"bare_name":true},"agentic_search":{"defer_loading":true,"bare_name":true},"workbuddy_marketplace_skill":{"defer_loading":true,"bare_name":true},"mcp__agent-mail__upload_attachment":{"defer_loading":true,"bare_name":true},"mcp__agent-mail__download_attachment":{"defer_loading":true,"bare_name":true},"pick_location":{"defer_loading":true,"bare_name":true}},"transparent_proxy":true,"builtin_tools":["present_files","connect_cloud_service","connect_open_platform","automation_update","read_me","show_widget","conversation_search","workbuddy_cloudstudio_deploy","agentic_search","workbuddy_marketplace_skill","mcp__agent-mail__upload_attachment","mcp__agent-mail__download_attachment","pick_location"],"headers":{"Authorization":"Bearer cOfL-tskOzH0GIoU-_2Ciwsc0rZlFnTW6fsU7kmm21Q"}}}} strictMcpConfig=true settingsLen=N/A allowedTools="N/A" port=0 argv=["/Applications/WorkBuddy.app/Contents/MacOS/Electron","/Applications/WorkBuddy.app/Contents/Resources/app.asar.unpacked/cli/bin/codebuddy","--serve","--no-session-persistence","--setting-sources","user","--mcp-config","{\"mcpServers\":{\"connector-proxy\":{\"type\":\"http\",\"url\":\"http://127.0.0.1:50052/mcp\",\"defer_loading\":true,\"tools\":{\"present_files\":{\"defer_loading\":false},\"connect_cloud_service\":{\"defer_loading\":true,\"bare_name\":true},\"connect_open_platform\":{\"defer_loading\":true,\"bare_name\":true},\"automation_update\":{\"defer_loading\":false},\"read_me\":{\"defer_loading\":false},\"show_widget\":{\"defer_loading\":false},\"conversation_search\":{\"defer_loading\":true,\"bare_name\":true},\"workbuddy_cloudstudio_deploy\":{\"defer_loading\":true,\"bare_name\":true},\"agentic_search\":{\"defer_loading\":true,\"bare_name\":true},\"workbuddy_marketplace_skill\":{\"defer_loading\":true,\"bare_name\":true},\"mcp__agent-mail__upload_attachment\":{\"defer_loading\":true,\"bare_name\":true},\"mcp__agent-mail__download_attachment\":{\"defer_loading\":true,\"bare_name\":true},\"pick_location\":{\"defer_loading\":true,\"bare_name\":true}},\"transparent_proxy\":true,\"builtin_tools\":[\"present_files\",\"connect_cloud_service\",\"connect_open_platform\",\"automation_update\",\"read_me\",\"show_widget\",\"conversation_search\",\"workbuddy_cloudstudio_deploy\",\"agentic_search\",\"workbuddy_marketplace_skill\",\"mcp__agent-mail__upload_attachment\",\"mcp__agent-mail__download_attachment\",\"pick_location\"],\"headers\":{\"Authorization\":\"Bearer cOfL-tskOzH0GIoU-_2Ciwsc0rZlFnTW6fsU7kmm21Q\"}}}}","--strict-mcp-config","--port","0"]
[9/24/2026, 6:58:57 PM.081] [Info] [CliDispatcher]  stdin is TTY, skipping stdin read
[9/24/2026, 6:58:57 PM.081] [Info] [ClientProductProvider]  Reading product configuration from /Applications/WorkBuddy.app/Contents/Resources/app.asar.unpacked/cli/product.json
[9/24/2026, 6:58:57 PM.081] [Info] [ClientProductProvider]  Product configuration loaded and cached successfully
[9/24/2026, 6:58:57 PM.081] [Info] [Startup] McpConfigManager.list: loading scope=sdk
[9/24/2026, 6:58:57 PM.081] [Info] [TracingService]  Tracing uses @tencent/galileo-node-sdk global OpenTelemetry provider; @genie OTLP exporter is skipped.
[9/24/2026, 6:58:57 PM.081] [Info] [TracingService]  Tracing config resolved: {"productEnabled":true,"enabledByEnv":false,"endpoint":"https://copilot.tencent.com","galileoEnabled":true}
[9/24/2026, 6:58:57 PM.082] [Info] [Startup] McpConfigManager.list: scope=sdk read completed (14ms)
[9/24/2026, 6:58:57 PM.082] [Info] [Startup] McpConfigManager.list: loading scope=plugin
[9/24/2026, 6:58:57 PM.082] [Info] [Startup] McpConfigManager: reading MCP servers from plugins...
[9/24/2026, 6:58:57 PM.082] [Info] [Startup] McpConfigManager: got 0 active plugins
[9/24/2026, 6:58:57 PM.082] [Info] [Startup] McpConfigManager: total MCP servers from plugins: 0
[9/24/2026, 6:58:57 PM.082] [Info] [Startup] McpConfigManager.list: scope=plugin read completed (0ms)
[9/24/2026, 6:58:57 PM.082] [Info] [Startup] McpConfigManager.list: loading scope=user
[9/24/2026, 6:58:57 PM.082] [Info] [Startup] McpConfigManager.list: scope=user read completed (0ms)
[9/24/2026, 6:58:57 PM.082] [Info] [Startup] McpConfigManager.list: loading scope=project
[9/24/2026, 6:58:57 PM.082] [Info] [Startup] McpConfigManager.list: scope=project read completed (0ms)
[9/24/2026, 6:58:57 PM.082] [Info] [Startup] McpConfigManager.list: loading scope=local
[9/24/2026, 6:58:57 PM.082] [Info] [Startup] McpConfigManager.list: scope=local read completed (0ms)
[9/24/2026, 6:58:57 PM.085] [Info] [Startup] McpConfigManager.list: loading scope=dynamic
[9/24/2026, 6:58:57 PM.085] [Info] [Startup] McpConfigManager.list: scope=dynamic cache hit (0ms)
[9/24/2026, 6:58:57 PM.085] [Info] [MCP] reconcile revision=0 projected (retained=0, pending=1, evicted=0)
[9/24/2026, 6:58:57 PM.085] [Info] [MCP] reconcile revision=1 started (config:project)
[9/24/2026, 6:58:57 PM.085] [Info] [Startup] McpConfigManager.list: loading scope=internal
[9/24/2026, 6:58:57 PM.085] [Info] [Startup] McpConfigManager.list: scope=internal cache hit (0ms)
[9/24/2026, 6:58:57 PM.085] [Info] [Startup] McpConfigManager.list: loading scope=sdk
[9/24/2026, 6:58:57 PM.085] [Info] [Startup] McpConfigManager.list: scope=sdk cache hit (0ms)
[9/24/2026, 6:58:57 PM.085] [Info] [Startup] McpConfigManager.list: loading scope=plugin
[9/24/2026, 6:58:57 PM.085] [Info] [Startup] McpConfigManager.list: scope=plugin cache hit (0ms)
[9/24/2026, 6:58:57 PM.085] [Info] [Startup] McpConfigManager.list: loading scope=user
[9/24/2026, 6:58:57 PM.085] [Info] [Startup] McpConfigManager.list: scope=user cache hit (0ms)
[9/24/2026, 6:58:57 PM.085] [Info] [Startup] McpConfigManager.list: loading scope=project
[9/24/2026, 6:58:57 PM.085] [Info] [Startup] McpConfigManager.list: scope=project cache hit (0ms)
[9/24/2026, 6:58:57 PM.085] [Info] [Startup] McpConfigManager.list: loading scope=local
[9/24/2026, 6:58:57 PM.085] [Info] [Startup] McpConfigManager.list: scope=local cache hit (0ms)
[9/24/2026, 6:58:57 PM.085] [Info] [Startup] McpConfigManager.list: loading scope=dynamic
[9/24/2026, 6:58:57 PM.085] [Info] [Startup] McpConfigManager.list: scope=dynamic cache hit (0ms)
[9/24/2026, 6:58:57 PM.085] [Info] [MCP] reconcile revision=1 projected (retained=1, pending=0, evicted=0)
[9/24/2026, 6:58:57 PM.085] [Info] [MCP] reconcile revision=2 started (config:local)
[9/24/2026, 6:58:57 PM.085] [Info] [Startup] McpConfigManager.list: loading scope=internal
[9/24/2026, 6:58:57 PM.085] [Info] [Startup] McpConfigManager.list: scope=internal cache hit (0ms)
[9/24/2026, 6:58:57 PM.085] [Info] [Startup] McpConfigManager.list: loading scope=sdk
[9/24/2026, 6:58:57 PM.085] [Info] [Startup] McpConfigManager.list: scope=sdk cache hit (0ms)
[9/24/2026, 6:58:57 PM.085] [Info] [Startup] McpConfigManager.list: loading scope=plugin
[9/24/2026, 6:58:57 PM.085] [Info] [Startup] McpConfigManager.list: scope=plugin cache hit (0ms)
[9/24/2026, 6:58:57 PM.085] [Info] [Startup] McpConfigManager.list: loading scope=user
[9/24/2026, 6:58:57 PM.085] [Info] [Startup] McpConfigManager.list: scope=user cache hit (0ms)
[9/24/2026, 6:58:57 PM.085] [Info] [Startup] McpConfigManager.list: loading scope=project
[9/24/2026, 6:58:57 PM.085] [Info] [Startup] McpConfigManager.list: scope=project cache hit (0ms)
[9/24/2026, 6:58:57 PM.085] [Info] [Startup] McpConfigManager.list: loading scope=local
[9/24/2026, 6:58:57 PM.085] [Info] [Startup] McpConfigManager.list: scope=local cache hit (0ms)
[9/24/2026, 6:58:57 PM.085] [Info] [Startup] McpConfigManager.list: loading scope=dynamic
[9/24/2026, 6:58:57 PM.085] [Info] [Startup] McpConfigManager.list: scope=dynamic cache hit (0ms)
[9/24/2026, 6:58:57 PM.085] [Info] [MCP] reconcile revision=2 projected (retained=1, pending=0, evicted=0)
[9/24/2026, 6:58:57 PM.089] [Info] [SandboxAudit] SDK initialized | endpoint=https://xti.qq.com/api/v4/claw/audit | deviceId=4D6CEDE0-B354-523B-BF1F-9AD4D9EC28D2
[9/24/2026, 6:58:57 PM.091] [Info] [RemoteControlApiClient]  API client initialized
[9/24/2026, 6:58:57 PM.091] [Info] [RemoteControlMessageHandler]  Message handler initialized
[9/24/2026, 6:58:57 PM.091] [Info] [CentrifugoClient]  Centrifugo client initialized
[9/24/2026, 6:58:57 PM.091] [Info] [RemoteControlLifecycle]  Registered 1 long connection client(s): centrifugo:default
[9/24/2026, 6:58:57 PM.091] [Info] [RemoteControlService]  Remote Control Service created, deferring async initialization...
[9/24/2026, 6:58:57 PM.091] [Info] [RemoteControlLifecycle]  Remote Control module initialized successfully
[9/24/2026, 6:58:57 PM.092] [Info] [MCP][cacheDbg] status setter: server=connector-proxy pending -> connecting
[9/24/2026, 6:58:57 PM.092] [Info] [MCP][cacheDbg] changedSubject.next #1: server=connector-proxy status=connecting
[9/24/2026, 6:58:57 PM.092] [Info] [MCP][cacheDbg] run#1 ENTER (inflight=1): trigger=connector-proxy status=connecting isActive=false | cacheBefore=[] (size=0)
[9/24/2026, 6:58:57 PM.092] [Info] [MCP][cacheDbg] run#1 activeNow=[] | allServers=[connector-proxy:connecting]
[9/24/2026, 6:58:57 PM.092] [Info] [MCP][cacheDbg] run#1 cache rebuilt: cacheAfter=[] (size=0)
[9/24/2026, 6:58:57 PM.092] [Info] [MCP][cacheDbg] run#1 EXIT (inflight=0)
[9/24/2026, 6:58:57 PM.092] [Info] [MCP][cacheDbg] serverManager.create() set "connector-proxy" | serverCache keys=[connector-proxy]
[9/24/2026, 6:58:57 PM.092] [Info] [MCP][cacheDbg] doConnect START: server=connector-proxy type=http
[9/24/2026, 6:58:57 PM.092] [Info] [Startup] McpConfigManager.list: loading scope=internal
[9/24/2026, 6:58:57 PM.092] [Info] [Startup] McpConfigManager.list: scope=internal cache hit (0ms)
[9/24/2026, 6:58:57 PM.092] [Info] [Startup] McpConfigManager.list: loading scope=sdk
[9/24/2026, 6:58:57 PM.092] [Info] [Startup] McpConfigManager.list: scope=sdk cache hit (0ms)
[9/24/2026, 6:58:57 PM.092] [Info] [Startup] McpConfigManager.list: loading scope=plugin
[9/24/2026, 6:58:57 PM.092] [Info] [Startup] McpConfigManager.list: scope=plugin cache hit (0ms)
[9/24/2026, 6:58:57 PM.092] [Info] [Startup] McpConfigManager.list: loading scope=user
[9/24/2026, 6:58:57 PM.092] [Info] [Startup] McpConfigManager.list: scope=user cache hit (0ms)
[9/24/2026, 6:58:57 PM.092] [Info] [Startup] McpConfigManager.list: loading scope=project
[9/24/2026, 6:58:57 PM.092] [Info] [Startup] McpConfigManager.list: scope=project cache hit (0ms)
[9/24/2026, 6:58:57 PM.092] [Info] [Startup] McpConfigManager.list: loading scope=local
[9/24/2026, 6:58:57 PM.092] [Info] [Startup] McpConfigManager.list: scope=local cache hit (0ms)
[9/24/2026, 6:58:57 PM.092] [Info] [Startup] McpConfigManager.list: loading scope=dynamic
[9/24/2026, 6:58:57 PM.092] [Info] [Startup] McpConfigManager.list: scope=dynamic cache hit (0ms)
[9/24/2026, 6:58:57 PM.130] [Info] [RemoteControlService]  Initializing Remote Control Service...
[9/24/2026, 6:58:57 PM.134] [Info] [MarketplaceStorage]  [MarketplaceStorage] doEnsureConfigFile ensureDir=48ms pathExists=3ms writeFile=0ms total=51ms dir=/Users/didi/.workbuddy/plugins
[9/24/2026, 6:58:57 PM.136] [Info] [AuthenticationSessionListener] [auth_success: 青石]  认证成功,执行 Notification 钩子:
[9/24/2026, 6:58:57 PM.136] [Info] [AuthenticationManager]  [00000000000000000000000000000000] Start refresh session...
[9/24/2026, 6:58:57 PM.154] [Info] [AgentManager] runtime cli agent view ready: 19 agents (used for registration and Agent tool descriptions)
[9/24/2026, 6:58:57 PM.154] [Info] [Startup] McpReadyService.waitForServersReady: config projection triggered; network connections continue asynchronously
[9/24/2026, 6:58:57 PM.155] [Info] [Startup] McpReadyService.waitForServersReady: config projection triggered; network connections continue asynchronously
[9/24/2026, 6:58:57 PM.155] [Info] [Startup] McpReadyService.waitForServersReady: config projection triggered; network connections continue asynchronously
[9/24/2026, 6:58:57 PM.155] [Info] [Startup] McpManager.list: starting (scope=all)
[9/24/2026, 6:58:57 PM.155] [Info] [Startup] McpManager.list: starting (scope=all)
[9/24/2026, 6:58:57 PM.156] [Info] [Startup] McpManager.list: starting (scope=all)
[9/24/2026, 6:58:57 PM.156] [Info] [MCP][cacheDbg] getConnectedServers() called: nonInteractive=true waitForSettle=false cacheNow=[] allServers=[connector-proxy:connecting]
[9/24/2026, 6:58:57 PM.156] [Info] [MCP][cacheDbg] getConnectedServers() returning: [] (size=0)
[9/24/2026, 6:58:57 PM.156] [Info] [MCP][cacheDbg] getConnectedServers() called: nonInteractive=true waitForSettle=false cacheNow=[] allServers=[connector-proxy:connecting]
[9/24/2026, 6:58:57 PM.156] [Info] [MCP][cacheDbg] getConnectedServers() returning: [] (size=0)
[9/24/2026, 6:58:57 PM.156] [Info] [MCP][cacheDbg] getConnectedServers() called: nonInteractive=true waitForSettle=false cacheNow=[] allServers=[connector-proxy:connecting]
[9/24/2026, 6:58:57 PM.156] [Info] [MCP][cacheDbg] getConnectedServers() returning: [] (size=0)
[9/24/2026, 6:58:57 PM.156] [Info] [MCP][buildMcpServers] wait breakdown: waitForServersReady=1ms getConnectedServers=1ms
[9/24/2026, 6:58:57 PM.156] [Info] [MCP][buildMcpServers] connected servers=[] (count=0)
[9/24/2026, 6:58:57 PM.156] [Info] [MCP][buildMcpServers] wait breakdown: waitForServersReady=2ms getConnectedServers=0ms
[9/24/2026, 6:58:57 PM.156] [Info] [MCP][buildMcpServers] connected servers=[] (count=0)
[9/24/2026, 6:58:57 PM.156] [Info] [MCP][registerAgent] agent=contextSummary mcpServers=[] (count=0) grantMcpAccess=false
[9/24/2026, 6:58:57 PM.156] [Info] [MCP][registerAgent] agent=contentAnalyzer mcpServers=[] (count=0) grantMcpAccess=false
[9/24/2026, 6:58:57 PM.156] [Info] [MCP][registerAgent] agent=terminalTitleGenerator mcpServers=[] (count=0) grantMcpAccess=false
[9/24/2026, 6:58:57 PM.156] [Info] [MCP][registerAgent] agent=promptSuggestion mcpServers=[] (count=0) grantMcpAccess=false
[9/24/2026, 6:58:57 PM.156] [Info] [MCP][registerAgent] agent=memorySelector mcpServers=[] (count=0) grantMcpAccess=false
[9/24/2026, 6:58:57 PM.156] [Info] [MCP][registerAgent] agent=summaryGenerator mcpServers=[] (count=0) grantMcpAccess=false
[9/24/2026, 6:58:57 PM.156] [Info] [MCP][registerAgent] agent=autoModeClassifier mcpServers=[] (count=0) grantMcpAccess=false
[9/24/2026, 6:58:57 PM.156] [Info] [MCP][registerAgent] agent=promptHookEvaluator mcpServers=[] (count=0) grantMcpAccess=false
[9/24/2026, 6:58:57 PM.156] [Info] [MCP][registerAgent] agent=insightsAnalyzer mcpServers=[] (count=0) grantMcpAccess=false
[9/24/2026, 6:58:57 PM.156] [Info] [MCP][registerAgent] agent=agentInstructions mcpServers=[] (count=0) grantMcpAccess=false
[9/24/2026, 6:58:57 PM.156] [Info] [MCP][buildMcpServers] wait breakdown: waitForServersReady=1ms getConnectedServers=0ms
[9/24/2026, 6:58:57 PM.156] [Info] [MCP][buildMcpServers] connected servers=[] (count=0)
[9/24/2026, 6:58:57 PM.159] [Info] [ClientInternetEnviromentProductProvider]  Reading product configuration from /Applications/WorkBuddy.app/Contents/Resources/app.asar.unpacked/cli/product.internal.json
[9/24/2026, 6:58:57 PM.159] [Info] [ClientInternetEnviromentProductProvider]  Product configuration for environment 'internal' loaded and cached successfully
[9/24/2026, 6:58:57 PM.159] [Info] [GitInfoCollector]  CODEBUDDY_GIT_REPO_SCAN_DISABLED 1
[9/24/2026, 6:58:57 PM.159] [Info] [GitInfoCollector]  Git repository scan is disabled via CODEBUDDY_GIT_REPO_SCAN_DISABLED environment variable
[9/24/2026, 6:58:57 PM.173] [Info] [RemoteControlService]  Remote Control baseUrl resolution: ENV_REMOTE_CONTROL_BASE_URL=(not set), SETTINGS_REMOTE_CONTROL_BASE_URL=(not set), ENV_CODEBUDDY_BASE_URL=(not set), DEFAULT=https://tencent.sso.codebuddy.cn/v2, finalBaseUrl=https://tencent.sso.codebuddy.cn/v2
[9/24/2026, 6:58:57 PM.173] [Info] [RemoteControlService]  Generated hostId: e6db6c9b-67fd-434c-9ed2-04f5670634d7
[9/24/2026, 6:58:57 PM.173] [Info] [RemoteControlApiClient]  Config set, baseUrl: https://tencent.sso.codebuddy.cn/v2
[9/24/2026, 6:58:57 PM.173] [Info] [RemoteControlService]  Initialized, enabled: true, hostId: e6db6c9b-67fd-434c-9ed2-04f5670634d7
[9/24/2026, 6:58:57 PM.173] [Info] [RemoteControlService]  User logged in, starting remote control service...
[9/24/2026, 6:58:57 PM.173] [Info] [RemoteControlService]  Starting remote control service...
[9/24/2026, 6:58:57 PM.173] [Info] [RemoteControlService]  Remote control service started
[9/24/2026, 6:58:57 PM.174] [Info] [HotReload] Watching 3 paths for changes
[9/24/2026, 6:58:57 PM.176] [Info] [PTY Service] WebSocket server initialized on HTTP upgrade
[9/24/2026, 6:58:57 PM.177] [Info] [ACP Server] HTTP Server ready, auto-starting streamable-http mode
[9/24/2026, 6:58:57 PM.177] [Info] [GatewayAuth]  Auth enabled (mode: password)
[9/24/2026, 6:58:57 PM.177] [Info] [GatewayCors]  CORS allowed origins: [http://127.0.0.1:50440, http://localhost:50440, http://[::1]:50440]
[9/24/2026, 6:58:57 PM.179] [Info] [AcpConnectionGuard]  Setup complete: maxConnections=32, tokenTtlMs=86400000
[9/24/2026, 6:58:57 PM.179] [Info] [ACP Server] Creating AgentSideConnection for connectionId=stdio-main
[9/24/2026, 6:58:57 PM.179] [Info] [ACP Server] Setting connection on agent, connectionId=stdio-main
[9/24/2026, 6:58:57 PM.179] [Info] [AcpAgentManager]  Agent registered: stdio-main
[9/24/2026, 6:58:57 PM.179] [Info] [ACP Server] Agent registered for connectionId=stdio-main
[9/24/2026, 6:58:57 PM.180] [Info] [MarketplaceStorage]  [MarketplaceStorage] getMarketplaces ensureConfigFile=51ms readAndRepair=47ms migration=0ms total=98ms count=5 path=/Users/didi/.workbuddy/plugins/known_marketplaces.json
[9/24/2026, 6:58:57 PM.180] [Info] [BuiltInMarketplaceProvider]  Found 2 built-in marketplace(s)
[9/24/2026, 6:58:57 PM.181] [Info] [MCP][cacheDbg] status setter: server=connector-proxy connecting -> connected
[9/24/2026, 6:58:57 PM.181] [Info] [MCP][cacheDbg] changedSubject.next #2: server=connector-proxy status=connected
[9/24/2026, 6:58:57 PM.182] [Info] [MCP][cacheDbg] doConnect OK: server=connector-proxy elapsed=89ms
[9/24/2026, 6:58:57 PM.182] [Info] [MCP][cacheDbg] run#2 ENTER (inflight=1): trigger=connector-proxy status=connected isActive=true | cacheBefore=[] (size=0)
[9/24/2026, 6:58:57 PM.182] [Info] Indexing deferred tools for server: connector-proxy
[9/24/2026, 6:58:57 PM.183] [Info] [WorkerRegistryLifecycle]  Worker registered with endpoint: http://127.0.0.1:50440
[9/24/2026, 6:58:57 PM.188] [Info] [MCP][cacheDbg] run#2 activeNow=[connector-proxy] | allServers=[connector-proxy:connected]
[9/24/2026, 6:58:57 PM.188] [Info] [MCP][cacheDbg] run#2 cache rebuilt: cacheAfter=[connector-proxy] (size=1)
[9/24/2026, 6:58:57 PM.188] [Info] [Startup] McpReadyService.resolve: marked resolved
[9/24/2026, 6:58:57 PM.188] [Info] [MCP][cacheDbg] run#2 EXIT (inflight=0)
[9/24/2026, 6:58:57 PM.194] [Info] starting GET /api/v1/health
[9/24/2026, 6:58:57 PM.198] [Info] ending GET /api/v1/health [5ms]
[9/24/2026, 6:58:57 PM.200] [Info] [PluginManager]  Loaded 5 marketplaces (2 built-in) total=117ms storage=98ms builtIn=0ms autoUpdate=0ms
[9/24/2026, 6:58:57 PM.206] [Info] [MemoryLoader]  No memory rules loaded
[9/24/2026, 6:58:57 PM.223] [Info] [Startup] McpConfigManager.list: loading scope=internal
[9/24/2026, 6:58:57 PM.223] [Info] [Startup] McpConfigManager.list: scope=internal cache hit (0ms)
[9/24/2026, 6:58:57 PM.223] [Info] [Startup] McpConfigManager.list: loading scope=internal
[9/24/2026, 6:58:57 PM.223] [Info] [Startup] McpConfigManager.list: scope=internal cache hit (0ms)
[9/24/2026, 6:58:57 PM.223] [Info] [Startup] McpConfigManager.list: loading scope=internal
[9/24/2026, 6:58:57 PM.223] [Info] [Startup] McpConfigManager.list: scope=internal cache hit (0ms)
[9/24/2026, 6:58:57 PM.223] [Info] [Startup] McpConfigManager.list: loading scope=internal
[9/24/2026, 6:58:57 PM.223] [Info] [Startup] McpConfigManager.list: scope=internal cache hit (0ms)
[9/24/2026, 6:58:57 PM.223] [Info] [Startup] McpConfigManager.list: loading scope=internal
[9/24/2026, 6:58:57 PM.223] [Info] [Startup] McpConfigManager.list: scope=internal cache hit (0ms)
[9/24/2026, 6:58:57 PM.223] [Info] [Startup] McpConfigManager.list: loading scope=sdk
[9/24/2026, 6:58:57 PM.223] [Info] [Startup] McpConfigManager.list: scope=sdk cache hit (0ms)
[9/24/2026, 6:58:57 PM.223] [Info] [Startup] McpConfigManager.list: loading scope=sdk
[9/24/2026, 6:58:57 PM.223] [Info] [Startup] McpConfigManager.list: scope=sdk cache hit (0ms)
[9/24/2026, 6:58:57 PM.223] [Info] [Startup] McpConfigManager.list: loading scope=sdk
[9/24/2026, 6:58:57 PM.223] [Info] [Startup] McpConfigManager.list: scope=sdk cache hit (0ms)
[9/24/2026, 6:58:57 PM.223] [Info] [Startup] McpConfigManager.list: loading scope=sdk
[9/24/2026, 6:58:57 PM.223] [Info] [Startup] McpConfigManager.list: scope=sdk cache hit (0ms)
[9/24/2026, 6:58:57 PM.223] [Info] [Startup] McpConfigManager.list: loading scope=sdk
[9/24/2026, 6:58:57 PM.223] [Info] [Startup] McpConfigManager.list: scope=sdk cache hit (0ms)
[9/24/2026, 6:58:57 PM.223] [Info] [DeferredToolBridge] registered globalThis.__codebuddyResolveDeferredTool
[9/24/2026, 6:58:57 PM.223] [Info] [Startup] McpConfigManager.list: loading scope=plugin
[9/24/2026, 6:58:57 PM.223] [Info] [Startup] McpConfigManager.list: scope=plugin cache hit (0ms)
[9/24/2026, 6:58:57 PM.223] [Info] [Startup] McpConfigManager.list: loading scope=plugin
[9/24/2026, 6:58:57 PM.223] [Info] [Startup] McpConfigManager.list: scope=plugin cache hit (0ms)
[9/24/2026, 6:58:57 PM.223] [Info] [Startup] McpConfigManager.list: loading scope=plugin
[9/24/2026, 6:58:57 PM.223] [Info] [Startup] McpConfigManager.list: scope=plugin cache hit (0ms)
[9/24/2026, 6:58:57 PM.223] [Info] [Startup] McpConfigManager.list: loading scope=plugin
[9/24/2026, 6:58:57 PM.223] [Info] [Startup] McpConfigManager.list: scope=plugin cache hit (0ms)
[9/24/2026, 6:58:57 PM.223] [Info] [Startup] McpConfigManager.list: loading scope=plugin
[9/24/2026, 6:58:57 PM.223] [Info] [Startup] McpConfigManager.list: scope=plugin cache hit (0ms)
[9/24/2026, 6:58:57 PM.223] [Info] [Startup] McpConfigManager.list: loading scope=user
[9/24/2026, 6:58:57 PM.223] [Info] [Startup] McpConfigManager.list: scope=user cache hit (0ms)
[9/24/2026, 6:58:57 PM.223] [Info] [Startup] McpConfigManager.list: loading scope=user
[9/24/2026, 6:58:57 PM.223] [Info] [Startup] McpConfigManager.list: scope=user cache hit (0ms)
[9/24/2026, 6:58:57 PM.223] [Info] [Startup] McpConfigManager.list: loading scope=user
[9/24/2026, 6:58:57 PM.223] [Info] [Startup] McpConfigManager.list: scope=user cache hit (0ms)
[9/24/2026, 6:58:57 PM.223] [Info] [Startup] McpConfigManager.list: loading scope=user
[9/24/2026, 6:58:57 PM.224] [Info] [Startup] McpConfigManager.list: scope=user cache hit (0ms)
[9/24/2026, 6:58:57 PM.224] [Info] [Startup] McpConfigManager.list: loading scope=user
[9/24/2026, 6:58:57 PM.224] [Info] [Startup] McpConfigManager.list: scope=user cache hit (0ms)
[9/24/2026, 6:58:57 PM.224] [Info] [Startup] McpConfigManager.list: loading scope=project
[9/24/2026, 6:58:57 PM.224] [Info] [Startup] McpConfigManager.list: scope=project cache hit (0ms)
[9/24/2026, 6:58:57 PM.224] [Info] [Startup] McpConfigManager.list: loading scope=project
[9/24/2026, 6:58:57 PM.224] [Info] [Startup] McpConfigManager.list: scope=project cache hit (0ms)
[9/24/2026, 6:58:57 PM.224] [Info] [Startup] McpConfigManager.list: loading scope=project
[9/24/2026, 6:58:57 PM.224] [Info] [Startup] McpConfigManager.list: scope=project cache hit (0ms)
[9/24/2026, 6:58:57 PM.224] [Info] [Startup] McpConfigManager.list: loading scope=project
[9/24/2026, 6:58:57 PM.224] [Info] [Startup] McpConfigManager.list: scope=project cache hit (0ms)
[9/24/2026, 6:58:57 PM.224] [Info] [Startup] McpConfigManager.list: loading scope=project
[9/24/2026, 6:58:57 PM.224] [Info] [Startup] McpConfigManager.list: scope=project cache hit (0ms)
[9/24/2026, 6:58:57 PM.224] [Info] [Startup] McpConfigManager.list: loading scope=local
[9/24/2026, 6:58:57 PM.224] [Info] [Startup] McpConfigManager.list: scope=local cache hit (0ms)
[9/24/2026, 6:58:57 PM.224] [Info] [Startup] McpConfigManager.list: loading scope=local
[9/24/2026, 6:58:57 PM.224] [Info] [Startup] McpConfigManager.list: scope=local cache hit (0ms)
[9/24/2026, 6:58:57 PM.224] [Info] [Startup] McpConfigManager.list: loading scope=local
[9/24/2026, 6:58:57 PM.224] [Info] [Startup] McpConfigManager.list: scope=local cache hit (0ms)
[9/24/2026, 6:58:57 PM.224] [Info] [Startup] McpConfigManager.list: loading scope=local
[9/24/2026, 6:58:57 PM.224] [Info] [Startup] McpConfigManager.list: scope=local cache hit (0ms)
[9/24/2026, 6:58:57 PM.224] [Info] [Startup] McpConfigManager.list: loading scope=local
[9/24/2026, 6:58:57 PM.224] [Info] [Startup] McpConfigManager.list: scope=local cache hit (0ms)
[9/24/2026, 6:58:57 PM.225] [Info] [Startup] McpManager.list: starting (scope=all)
[9/24/2026, 6:58:57 PM.225] [Info] [Startup] McpManager.list: starting (scope=all)
[9/24/2026, 6:58:57 PM.225] [Info] [Startup] McpManager.list: starting (scope=all)
[9/24/2026, 6:58:57 PM.225] [Info] [Startup] McpManager.list: starting (scope=all)
[9/24/2026, 6:58:57 PM.225] [Info] [Startup] McpManager.list: starting (scope=all)
[9/24/2026, 6:58:57 PM.225] [Info] [MCP][registerAgent] agent=compact mcpServers=[] (count=0) grantMcpAccess=false
[9/24/2026, 6:58:57 PM.225] [Info] [MCP][registerAgent] agent=pulse mcpServers=[] (count=0) grantMcpAccess=false
[9/24/2026, 6:58:57 PM.225] [Info] [MCP][registerAgent] agent=handoff-summary mcpServers=[] (count=0) grantMcpAccess=false
[9/24/2026, 6:58:57 PM.225] [Info] [MCP][registerAgent] agent=enhance-prompt mcpServers=[] (count=0) grantMcpAccess=false
[9/24/2026, 6:58:57 PM.226] [Info] [MCP][registerAgent] agent=statusline-setup mcpServers=[] (count=0) grantMcpAccess=false
[9/24/2026, 6:58:57 PM.226] [Info] [MCP][registerAgent] agent=Plan mcpServers=[] (count=0) grantMcpAccess=false
[9/24/2026, 6:58:57 PM.226] [Info] [MCP][registerAgent] agent=cli mcpServers=[connector-proxy] (count=1) grantMcpAccess=true
[9/24/2026, 6:58:57 PM.226] [Info] [MCP][registerAgent] agent=general-purpose mcpServers=[connector-proxy] (count=1) grantMcpAccess=true
[9/24/2026, 6:58:57 PM.226] [Info] [MCP][registerAgent] agent=Explore mcpServers=[connector-proxy] (count=1) grantMcpAccess=true
[9/24/2026, 6:58:57 PM.226] [Info] [Startup] AgentManager.rebuildAgents: completed in 180ms, resolving readyDeferred
[9/24/2026, 6:58:57 PM.303] [Info] [PluginManager]  Loaded 10 installed plugins total=33ms
[9/24/2026, 6:58:57 PM.331] [Info] [PluginManager]  [BuiltInMarketplace-HotReload] Subscribed to ProductManager.onDidChange
[9/24/2026, 6:58:57 PM.331] [Info] [PluginManager]  [PluginManager] doInit done total=249ms loadMarketplaces=117ms loadInstalledPlugins=33ms
[9/24/2026, 6:58:57 PM.331] [Info] [PluginManager]  Checking for built-in marketplaces to install...
[9/24/2026, 6:58:57 PM.331] [Info] [BuiltInMarketplaceProvider]  Found 2 built-in marketplace(s)
[9/24/2026, 6:58:57 PM.331] [Info] [PluginManager]  Found 2 built-in marketplace(s)
[9/24/2026, 6:58:57 PM.332] [Info] [MarketplaceStorage]  [MarketplaceStorage] getMarketplaces ensureConfigFile=0ms readAndRepair=1ms migration=0ms total=1ms count=5 path=/Users/didi/.workbuddy/plugins/known_marketplaces.json
[9/24/2026, 6:58:57 PM.332] [Info] [PluginManager]  All built-in marketplaces are already installed
[9/24/2026, 6:58:57 PM.332] [Info] [PluginManager]  Checking for marketplaces to install from settings...
[9/24/2026, 6:58:57 PM.332] [Info] [PluginManager]  No new marketplaces to install from settings
[9/24/2026, 6:58:57 PM.333] [Info] [MarketplaceStorage]  [MarketplaceStorage] getMarketplaces ensureConfigFile=0ms readAndRepair=1ms migration=0ms total=1ms count=5 path=/Users/didi/.workbuddy/plugins/known_marketplaces.json
[9/24/2026, 6:58:57 PM.333] [Info] [BuiltInMarketplaceProvider]  Found 2 built-in marketplace(s)
[9/24/2026, 6:58:57 PM.334] [Info] [PluginManager]  Loaded 5 marketplaces (2 built-in) total=2ms storage=1ms builtIn=0ms autoUpdate=0ms
[9/24/2026, 6:58:57 PM.334] [Info] [PluginManager]  Checking for missing enabled plugins...
[9/24/2026, 6:58:57 PM.345] [Info] [PluginManager]  All enabled plugins are already installed
[9/24/2026, 6:58:57 PM.345] [Info] [PluginManager]  [ManagedPolicy] Startup apply managed policies (fallback)
[9/24/2026, 6:58:57 PM.345] [Info] [PluginManager]  [MergedPlugins] Applying 0 merged plugin policies...
[9/24/2026, 6:58:57 PM.346] [Info] [MarketplaceStorage]  [MarketplaceStorage] getMarketplaces ensureConfigFile=0ms readAndRepair=0ms migration=0ms total=0ms count=5 path=/Users/didi/.workbuddy/plugins/known_marketplaces.json
[9/24/2026, 6:58:57 PM.346] [Info] [BuiltInMarketplaceProvider]  Found 2 built-in marketplace(s)
[9/24/2026, 6:58:57 PM.347] [Info] [MarketplaceStorage]  [MarketplaceStorage] getMarketplaces ensureConfigFile=0ms readAndRepair=1ms migration=0ms total=1ms count=5 path=/Users/didi/.workbuddy/plugins/known_marketplaces.json
[9/24/2026, 6:58:57 PM.347] [Info] [BuiltInMarketplaceProvider]  Found 2 built-in marketplace(s)
[9/24/2026, 6:58:57 PM.347] [Info] [MarketplaceStorage]  [MarketplaceStorage] getMarketplaces ensureConfigFile=0ms readAndRepair=1ms migration=0ms total=1ms count=5 path=/Users/didi/.workbuddy/plugins/known_marketplaces.json
[9/24/2026, 6:58:57 PM.347] [Info] [BuiltInMarketplaceProvider]  Found 2 built-in marketplace(s)
[9/24/2026, 6:58:57 PM.348] [Info] [MarketplaceStorage]  [MarketplaceStorage] getMarketplaces ensureConfigFile=0ms readAndRepair=2ms migration=0ms total=2ms count=5 path=/Users/didi/.workbuddy/plugins/known_marketplaces.json
[9/24/2026, 6:58:57 PM.348] [Info] [BuiltInMarketplaceProvider]  Found 2 built-in marketplace(s)
[9/24/2026, 6:58:57 PM.350] [Info] [PluginManager]  Loaded 5 marketplaces (2 built-in) total=4ms storage=0ms builtIn=0ms autoUpdate=0ms
[9/24/2026, 6:58:57 PM.350] [Info] [PluginManager]  Loaded 5 marketplaces (2 built-in) total=4ms storage=1ms builtIn=0ms autoUpdate=0ms
[9/24/2026, 6:58:57 PM.350] [Info] [PluginManager]  Loaded 5 marketplaces (2 built-in) total=4ms storage=1ms builtIn=0ms autoUpdate=0ms
[9/24/2026, 6:58:57 PM.351] [Info] [PluginManager]  Loaded 5 marketplaces (2 built-in) total=5ms storage=2ms builtIn=0ms autoUpdate=0ms
[9/24/2026, 6:58:57 PM.364] [Info] [PluginManager]  Loaded 10 installed plugins total=19ms
[9/24/2026, 6:58:57 PM.366] [Info] [PluginManager]  Loading plugin components for weixinpay@workbuddy-builtin
[9/24/2026, 6:58:57 PM.366] [Info] [PluginManager]  Loading plugin components for tencent-docs-plugin@workbuddy-builtin
[9/24/2026, 6:58:57 PM.366] [Info] [PluginManager]  Loading plugin components for sheetagent@workbuddy-builtin
[9/24/2026, 6:58:57 PM.366] [Info] [PluginManager]  Loading plugin components for tencent-pptx@workbuddy-builtin
[9/24/2026, 6:58:57 PM.366] [Info] [PluginManager]  Loading plugin components for tencent-docx@workbuddy-builtin
[9/24/2026, 6:58:57 PM.366] [Info] [PluginManager]  Loading plugin components for agent-browser@codebuddy-plugins-official
[9/24/2026, 6:58:57 PM.366] [Info] [PluginManager]  Loading plugin components for find-skills@codebuddy-plugins-official
[9/24/2026, 6:58:57 PM.366] [Info] [PluginManager]  Loading plugin components for agent-browser@inline
[9/24/2026, 6:58:57 PM.367] [Info] [PluginManager]  Loading plugin components for find-skills@inline
[9/24/2026, 6:58:57 PM.367] [Info] [PluginLoaderManager]  Loading plugin components for weixinpay@workbuddy-builtin from /Users/didi/.workbuddy/plugins/cache/workbuddy-builtin/weixinpay/1.6.107
[9/24/2026, 6:58:57 PM.367] [Info] [PluginLoaderManager]  Loading plugin components for agent-browser@codebuddy-plugins-official from /Users/didi/.workbuddy/plugins/cache/codebuddy-plugins-official/agent-browser/1.3.0
[9/24/2026, 6:58:57 PM.367] [Info] [PluginLoaderManager]  Loading plugin components for find-skills@codebuddy-plugins-official from /Users/didi/.workbuddy/plugins/cache/codebuddy-plugins-official/find-skills/1.0.0
[9/24/2026, 6:58:57 PM.367] [Info] [PluginLoaderManager]  Loading plugin components for agent-browser@inline from /Users/didi/.workbuddy/plugins/marketplaces/codebuddy-plugins-official/plugins/agent-browser
[9/24/2026, 6:58:57 PM.367] [Info] [PluginLoaderManager]  Loading plugin components for find-skills@inline from /Users/didi/.workbuddy/plugins/marketplaces/codebuddy-plugins-official/plugins/find-skills
[9/24/2026, 6:58:57 PM.367] [Info] [PluginLoaderManager]  Loading plugin components for tencent-docs-plugin@workbuddy-builtin from /Users/didi/.workbuddy/plugins/cache/workbuddy-builtin/tencent-docs-plugin/1.0.0
[9/24/2026, 6:58:57 PM.367] [Info] [PluginLoaderManager]  Loading plugin components for sheetagent@workbuddy-builtin from /Users/didi/.workbuddy/plugins/cache/workbuddy-builtin/sheetagent/0.1.1784877812
[9/24/2026, 6:58:57 PM.367] [Info] [PluginLoaderManager]  Loading plugin components for tencent-pptx@workbuddy-builtin from /Users/didi/.workbuddy/plugins/cache/workbuddy-builtin/tencent-pptx/v20260727
[9/24/2026, 6:58:57 PM.367] [Info] [PluginLoaderManager]  Loading plugin components for tencent-docx@workbuddy-builtin from /Users/didi/.workbuddy/plugins/cache/workbuddy-builtin/tencent-docx/0.3.0
[9/24/2026, 6:58:57 PM.369] [Error] [HookExtensionLoader] [Error: EISDIR: illegal operation on a directory, read]  Failed to load hooks from file /Users/didi/.workbuddy/plugins/cache/workbuddy-builtin/tencent-docs-plugin/1.0.0:
[9/24/2026, 6:58:57 PM.372] [Info] [SkillExtensionLoader]  Loaded 1 skill(s) from extension: agent-browser@inline [agent-browser]
[9/24/2026, 6:58:57 PM.372] [Info] [PluginLoaderManager]  Loaded plugin components for agent-browser@inline: 0 agent(s), 0 command(s), 1 skill(s), 0 hook(s), 0 MCP server(s), 0 LSP server(s), 0 output style(s)
[9/24/2026, 6:58:57 PM.372] [Info] [SkillExtensionLoader]  Loaded 1 skill(s) from extension: agent-browser@codebuddy-plugins-official [agent-browser]
[9/24/2026, 6:58:57 PM.372] [Info] [PluginLoaderManager]  Loaded plugin components for agent-browser@codebuddy-plugins-official: 0 agent(s), 0 command(s), 1 skill(s), 0 hook(s), 0 MCP server(s), 0 LSP server(s), 0 output style(s)
[9/24/2026, 6:58:57 PM.374] [Info] [SkillExtensionLoader]  Loaded 3 skill(s) from extension: weixinpay@workbuddy-builtin [weixinpay-feedback,weixinpay-pay,weixinpay-register]
[9/24/2026, 6:58:57 PM.374] [Info] [SkillExtensionLoader]  Loaded 1 skill(s) from extension: find-skills@codebuddy-plugins-official [find-skills]
[9/24/2026, 6:58:57 PM.374] [Info] [PluginLoaderManager]  Loaded plugin components for find-skills@codebuddy-plugins-official: 0 agent(s), 0 command(s), 1 skill(s), 0 hook(s), 0 MCP server(s), 0 LSP server(s), 0 output style(s)
[9/24/2026, 6:58:57 PM.375] [Info] [SkillExtensionLoader]  Loaded 1 skill(s) from extension: find-skills@inline [find-skills]
[9/24/2026, 6:58:57 PM.375] [Info] [PluginLoaderManager]  Loaded plugin components for find-skills@inline: 0 agent(s), 0 command(s), 1 skill(s), 0 hook(s), 0 MCP server(s), 0 LSP server(s), 0 output style(s)
[9/24/2026, 6:58:57 PM.375] [Info] [MCPExtensionLoader]  Loaded 1 MCP server(s) from extension: weixinpay@workbuddy-builtin
[9/24/2026, 6:58:57 PM.375] [Info] [PluginLoaderManager]  Loaded plugin components for weixinpay@workbuddy-builtin: 0 agent(s), 0 command(s), 3 skill(s), 0 hook(s), 1 MCP server(s), 0 LSP server(s), 0 output style(s)
[9/24/2026, 6:58:57 PM.377] [Info] [AgentExtensionLoader]  Loaded 1 agent(s) from extension: sheetagent@workbuddy-builtin
[9/24/2026, 6:58:57 PM.379] [Info] [SkillExtensionLoader]  Loaded 2 skill(s) from extension: tencent-docs-plugin@workbuddy-builtin [tencent-docs,tencent-saas-docs]
[9/24/2026, 6:58:57 PM.379] [Info] [PluginLoaderManager]  Loaded plugin components for tencent-docs-plugin@workbuddy-builtin: 0 agent(s), 0 command(s), 2 skill(s), 0 hook(s), 0 MCP server(s), 0 LSP server(s), 0 output style(s)
[9/24/2026, 6:58:57 PM.379] [Info] [SkillExtensionLoader]  Loaded 2 skill(s) from extension: sheetagent@workbuddy-builtin [tencent-docs-sheet-generation,tencent-docs-sheetagent]
[9/24/2026, 6:58:57 PM.379] [Info] [HookExtensionLoader]  Loaded hooks configuration from extension: tencent-docx@workbuddy-builtin
[9/24/2026, 6:58:57 PM.379] [Info] [HookExtensionLoader]  Loaded hooks configuration from extension: sheetagent@workbuddy-builtin
[9/24/2026, 6:58:57 PM.379] [Info] [HookExtensionLoader]  Loaded hooks configuration from extension: tencent-pptx@workbuddy-builtin
[9/24/2026, 6:58:57 PM.379] [Info] [SkillExtensionLoader]  Loaded 1 skill(s) from extension: tencent-pptx@workbuddy-builtin [tencent-pptx]
[9/24/2026, 6:58:57 PM.379] [Info] [PluginLoaderManager]  Loaded plugin components for tencent-pptx@workbuddy-builtin: 0 agent(s), 0 command(s), 1 skill(s), 2 hook(s), 0 MCP server(s), 0 LSP server(s), 0 output style(s)
[9/24/2026, 6:58:57 PM.379] [Info] [MCPExtensionLoader]  Loaded 1 MCP server(s) from extension: sheetagent@workbuddy-builtin
[9/24/2026, 6:58:57 PM.379] [Info] [CommandExtensionLoader]  Loaded 2 command(s) from extension: sheetagent@workbuddy-builtin
[9/24/2026, 6:58:57 PM.379] [Info] [PluginLoaderManager]  Loaded plugin components for sheetagent@workbuddy-builtin: 1 agent(s), 2 command(s), 2 skill(s), 2 hook(s), 1 MCP server(s), 0 LSP server(s), 0 output style(s)
[9/24/2026, 6:58:57 PM.380] [Info] [AgentExtensionLoader]  Loaded 3 agent(s) from extension: tencent-docx@workbuddy-builtin
[9/24/2026, 6:58:57 PM.387] [Info] [SkillExtensionLoader]  Loaded 11 skill(s) from extension: tencent-docx@workbuddy-builtin [design-token,doc-typeset,format-extract,generate-fillable-contract-html,html-review,html-to-docx,humanizer,humanizer-zh,tdoc-orchestrator,underline-toolkit,tencent-docx]
[9/24/2026, 6:58:57 PM.387] [Info] [PluginLoaderManager]  Loaded plugin components for tencent-docx@workbuddy-builtin: 3 agent(s), 0 command(s), 11 skill(s), 2 hook(s), 0 MCP server(s), 0 LSP server(s), 0 output style(s)
[9/24/2026, 6:58:57 PM.387] [Info] [PluginManager]  [PluginManager] active plugins refreshed: 9 enabled, errors=0
[9/24/2026, 6:58:57 PM.387] [Info] [MCP] config scope=plugin changed — scheduling desired revision 3
[9/24/2026, 6:58:57 PM.387] [Info] [MCP] reconcile revision=3 started (config:plugin)
[9/24/2026, 6:58:57 PM.387] [Info] [Startup] McpConfigManager.list: loading scope=internal
[9/24/2026, 6:58:57 PM.387] [Info] [Startup] McpConfigManager.list: scope=internal cache hit (0ms)
[9/24/2026, 6:58:57 PM.387] [Info] [Startup] McpConfigManager.list: loading scope=sdk
[9/24/2026, 6:58:57 PM.387] [Info] [Startup] McpConfigManager.list: scope=sdk cache hit (0ms)
[9/24/2026, 6:58:57 PM.387] [Info] [Startup] McpConfigManager.list: loading scope=plugin
[9/24/2026, 6:58:57 PM.387] [Info] [Startup] McpConfigManager: reading MCP servers from plugins...
[9/24/2026, 6:58:57 PM.387] [Info] [Startup] McpConfigManager: got 9 active plugins
[9/24/2026, 6:58:57 PM.387] [Info] [Startup] McpConfigManager: loading components for enabled plugin: weixinpay@workbuddy-builtin
[9/24/2026, 6:58:57 PM.387] [Info] [Startup] McpConfigManager: plugin weixinpay has 1 MCP servers
[9/24/2026, 6:58:57 PM.387] [Info] [Startup] McpConfigManager: loading components for enabled plugin: tencent-docs-plugin@workbuddy-builtin
[9/24/2026, 6:58:57 PM.387] [Info] [Startup] McpConfigManager: loading components for enabled plugin: sheetagent@workbuddy-builtin
[9/24/2026, 6:58:57 PM.387] [Info] [Startup] McpConfigManager: plugin sheetagent has 1 MCP servers
[9/24/2026, 6:58:57 PM.387] [Info] [Startup] McpConfigManager: loading components for enabled plugin: tencent-pptx@workbuddy-builtin
[9/24/2026, 6:58:57 PM.387] [Info] [Startup] McpConfigManager: loading components for enabled plugin: tencent-docx@workbuddy-builtin
[9/24/2026, 6:58:57 PM.387] [Info] [Startup] McpConfigManager: loading components for enabled plugin: agent-browser@codebuddy-plugins-official
[9/24/2026, 6:58:57 PM.388] [Info] [Startup] McpConfigManager: loading components for enabled plugin: find-skills@codebuddy-plugins-official
[9/24/2026, 6:58:57 PM.388] [Info] [Startup] McpConfigManager: loading components for enabled plugin: agent-browser@inline
[9/24/2026, 6:58:57 PM.388] [Info] [Startup] McpConfigManager: loading components for enabled plugin: find-skills@inline
[9/24/2026, 6:58:57 PM.388] [Info] [Startup] McpConfigManager: total MCP servers from plugins: 2
[9/24/2026, 6:58:57 PM.388] [Info] [Startup] McpConfigManager.list: scope=plugin read completed (1ms)
[9/24/2026, 6:58:57 PM.388] [Info] [Startup] McpConfigManager.list: loading scope=user
[9/24/2026, 6:58:57 PM.388] [Info] [Startup] McpConfigManager.list: scope=user cache hit (0ms)
[9/24/2026, 6:58:57 PM.388] [Info] [Startup] McpConfigManager.list: loading scope=project
[9/24/2026, 6:58:57 PM.388] [Info] [Startup] McpConfigManager.list: scope=project cache hit (0ms)
[9/24/2026, 6:58:57 PM.388] [Info] [Startup] McpConfigManager.list: loading scope=local
[9/24/2026, 6:58:57 PM.388] [Info] [Startup] McpConfigManager.list: scope=local cache hit (0ms)
[9/24/2026, 6:58:57 PM.388] [Info] [Startup] McpConfigManager.list: loading scope=dynamic
[9/24/2026, 6:58:57 PM.388] [Info] [Startup] McpConfigManager.list: scope=dynamic cache hit (0ms)
[9/24/2026, 6:58:57 PM.391] [Info] [MCP][cacheDbg] serverManager.delete("connector-proxy")
[9/24/2026, 6:58:57 PM.391] [Info] [MCP] reconcile revision=3 projected (retained=0, pending=3, evicted=1)
[9/24/2026, 6:58:57 PM.391] [Info] [LSPManager]  Shutting down all LSP servers
[9/24/2026, 6:58:57 PM.391] [Info] [LSPManager]  All LSP servers shut down
[9/24/2026, 6:58:57 PM.391] [Info] [LSPManager]  Loaded LSP configurations from all enabled plugins
[9/24/2026, 6:58:57 PM.391] [Info] [MCP][cacheDbg] status setter: server=connector-proxy pending -> connecting
[9/24/2026, 6:58:57 PM.391] [Info] [MCP][cacheDbg] changedSubject.next #3: server=connector-proxy status=connecting
[9/24/2026, 6:58:57 PM.391] [Info] [MCP][cacheDbg] run#3 ENTER (inflight=1): trigger=connector-proxy status=connecting isActive=false | cacheBefore=[] (size=0)
[9/24/2026, 6:58:57 PM.391] [Info] [MCP][cacheDbg] run#3 activeNow=[] | allServers=[connector-proxy:connecting,weixinpay:pending,sheetagent:pending]
[9/24/2026, 6:58:57 PM.391] [Info] [MCP][cacheDbg] run#3 cache rebuilt: cacheAfter=[] (size=0)
[9/24/2026, 6:58:57 PM.391] [Info] [MCP][cacheDbg] run#3 EXIT (inflight=0)
[9/24/2026, 6:58:57 PM.391] [Info] [MCP][cacheDbg] serverManager.create() set "connector-proxy" | serverCache keys=[connector-proxy]
[9/24/2026, 6:58:57 PM.391] [Info] [MCP][cacheDbg] doConnect START: server=connector-proxy type=http
[9/24/2026, 6:58:57 PM.391] [Info] [Startup] McpConfigManager.list: loading scope=internal
[9/24/2026, 6:58:57 PM.391] [Info] [Startup] McpConfigManager.list: scope=internal cache hit (0ms)
[9/24/2026, 6:58:57 PM.391] [Info] [Startup] McpConfigManager.list: loading scope=sdk
[9/24/2026, 6:58:57 PM.391] [Info] [Startup] McpConfigManager.list: scope=sdk cache hit (0ms)
[9/24/2026, 6:58:57 PM.391] [Info] [Startup] McpConfigManager.list: loading scope=plugin
[9/24/2026, 6:58:57 PM.391] [Info] [Startup] McpConfigManager.list: scope=plugin cache hit (0ms)
[9/24/2026, 6:58:57 PM.391] [Info] [Startup] McpConfigManager.list: loading scope=user
[9/24/2026, 6:58:57 PM.391] [Info] [Startup] McpConfigManager.list: scope=user cache hit (0ms)
[9/24/2026, 6:58:57 PM.391] [Info] [Startup] McpConfigManager.list: loading scope=project
[9/24/2026, 6:58:57 PM.391] [Info] [Startup] McpConfigManager.list: scope=project cache hit (0ms)
[9/24/2026, 6:58:57 PM.391] [Info] [Startup] McpConfigManager.list: loading scope=local
[9/24/2026, 6:58:57 PM.391] [Info] [Startup] McpConfigManager.list: scope=local cache hit (0ms)
[9/24/2026, 6:58:57 PM.391] [Info] [Startup] McpConfigManager.list: loading scope=dynamic
[9/24/2026, 6:58:57 PM.391] [Info] [Startup] McpConfigManager.list: scope=dynamic cache hit (0ms)
[9/24/2026, 6:58:57 PM.392] [Info] [MCP][cacheDbg] status setter: server=weixinpay pending -> connecting
[9/24/2026, 6:58:57 PM.392] [Info] [MCP][cacheDbg] changedSubject.next #4: server=weixinpay status=connecting
[9/24/2026, 6:58:57 PM.392] [Info] [MCP][cacheDbg] run#4 ENTER (inflight=1): trigger=weixinpay status=connecting isActive=false | cacheBefore=[] (size=0)
[9/24/2026, 6:58:57 PM.392] [Info] [MCP][cacheDbg] run#4 activeNow=[] | allServers=[connector-proxy:connecting,weixinpay:connecting,sheetagent:pending]
[9/24/2026, 6:58:57 PM.392] [Info] [MCP][cacheDbg] run#4 cache rebuilt: cacheAfter=[] (size=0)
[9/24/2026, 6:58:57 PM.392] [Info] [MCP][cacheDbg] run#4 EXIT (inflight=0)
[9/24/2026, 6:58:57 PM.392] [Info] [MCP] instantiateServer stdio env: server=weixinpay providerValue=null envFallback=elicitation.form,weixinpay.interception final=elicitation.form,weixinpay.interception
[9/24/2026, 6:58:57 PM.393] [Info] [MCP][cacheDbg] serverManager.create() set "weixinpay" | serverCache keys=[connector-proxy,weixinpay]
[9/24/2026, 6:58:57 PM.394] [Info] [MCP][cacheDbg] doConnect START: server=weixinpay type=stdio
[9/24/2026, 6:58:57 PM.394] [Info] [Startup] McpConfigManager.list: loading scope=internal
[9/24/2026, 6:58:57 PM.394] [Info] [Startup] McpConfigManager.list: scope=internal cache hit (0ms)
[9/24/2026, 6:58:57 PM.394] [Info] [Startup] McpConfigManager.list: loading scope=sdk
[9/24/2026, 6:58:57 PM.394] [Info] [Startup] McpConfigManager.list: scope=sdk cache hit (0ms)
[9/24/2026, 6:58:57 PM.394] [Info] [Startup] McpConfigManager.list: loading scope=plugin
[9/24/2026, 6:58:57 PM.394] [Info] [Startup] McpConfigManager.list: scope=plugin cache hit (0ms)
[9/24/2026, 6:58:57 PM.394] [Info] [Startup] McpConfigManager.list: loading scope=user
[9/24/2026, 6:58:57 PM.394] [Info] [Startup] McpConfigManager.list: scope=user cache hit (0ms)
[9/24/2026, 6:58:57 PM.394] [Info] [Startup] McpConfigManager.list: loading scope=project
[9/24/2026, 6:58:57 PM.394] [Info] [Startup] McpConfigManager.list: scope=project cache hit (0ms)
[9/24/2026, 6:58:57 PM.394] [Info] [Startup] McpConfigManager.list: loading scope=local
[9/24/2026, 6:58:57 PM.394] [Info] [Startup] McpConfigManager.list: scope=local cache hit (0ms)
[9/24/2026, 6:58:57 PM.394] [Info] [Startup] McpConfigManager.list: loading scope=dynamic
[9/24/2026, 6:58:57 PM.394] [Info] [Startup] McpConfigManager.list: scope=dynamic cache hit (0ms)
[9/24/2026, 6:58:57 PM.396] [Info] [MCP][cacheDbg] status setter: server=sheetagent pending -> connecting
[9/24/2026, 6:58:57 PM.396] [Info] [MCP][cacheDbg] changedSubject.next #5: server=sheetagent status=connecting
[9/24/2026, 6:58:57 PM.396] [Info] [MCP][cacheDbg] run#5 ENTER (inflight=1): trigger=sheetagent status=connecting isActive=false | cacheBefore=[] (size=0)
[9/24/2026, 6:58:57 PM.396] [Info] [MCP][cacheDbg] run#5 activeNow=[] | allServers=[connector-proxy:connecting,weixinpay:connecting,sheetagent:connecting]
[9/24/2026, 6:58:57 PM.396] [Info] [MCP][cacheDbg] run#5 cache rebuilt: cacheAfter=[] (size=0)
[9/24/2026, 6:58:57 PM.396] [Info] [MCP][cacheDbg] run#5 EXIT (inflight=0)
[9/24/2026, 6:58:57 PM.396] [Info] [MCP] instantiateServer stdio env: server=sheetagent providerValue=null envFallback=elicitation.form,weixinpay.interception final=elicitation.form,weixinpay.interception
[9/24/2026, 6:58:57 PM.396] [Info] [MCP][cacheDbg] serverManager.create() set "sheetagent" | serverCache keys=[connector-proxy,weixinpay,sheetagent]
[9/24/2026, 6:58:57 PM.397] [Info] [MCP][cacheDbg] doConnect START: server=sheetagent type=stdio
[9/24/2026, 6:58:57 PM.397] [Info] [Startup] McpConfigManager.list: loading scope=internal
[9/24/2026, 6:58:57 PM.397] [Info] [Startup] McpConfigManager.list: scope=internal cache hit (0ms)
[9/24/2026, 6:58:57 PM.397] [Info] [Startup] McpConfigManager.list: loading scope=sdk
[9/24/2026, 6:58:57 PM.397] [Info] [Startup] McpConfigManager.list: scope=sdk cache hit (0ms)
[9/24/2026, 6:58:57 PM.397] [Info] [Startup] McpConfigManager.list: loading scope=plugin
[9/24/2026, 6:58:57 PM.397] [Info] [Startup] McpConfigManager.list: scope=plugin cache hit (0ms)
[9/24/2026, 6:58:57 PM.397] [Info] [Startup] McpConfigManager.list: loading scope=user
[9/24/2026, 6:58:57 PM.397] [Info] [Startup] McpConfigManager.list: scope=user cache hit (0ms)
[9/24/2026, 6:58:57 PM.397] [Info] [Startup] McpConfigManager.list: loading scope=project
[9/24/2026, 6:58:57 PM.397] [Info] [Startup] McpConfigManager.list: scope=project cache hit (0ms)
[9/24/2026, 6:58:57 PM.397] [Info] [Startup] McpConfigManager.list: loading scope=local
[9/24/2026, 6:58:57 PM.397] [Info] [Startup] McpConfigManager.list: scope=local cache hit (0ms)
[9/24/2026, 6:58:57 PM.397] [Info] [Startup] McpConfigManager.list: loading scope=dynamic
[9/24/2026, 6:58:57 PM.397] [Info] [Startup] McpConfigManager.list: scope=dynamic cache hit (0ms)
[9/24/2026, 6:58:57 PM.410] [Info] [MCP][cacheDbg] status setter: server=connector-proxy connecting -> connected
[9/24/2026, 6:58:57 PM.410] [Info] [MCP][cacheDbg] changedSubject.next #6: server=connector-proxy status=connected
[9/24/2026, 6:58:57 PM.410] [Info] [MCP][cacheDbg] doConnect OK: server=connector-proxy elapsed=19ms
[9/24/2026, 6:58:57 PM.410] [Info] [MCP][cacheDbg] run#6 ENTER (inflight=1): trigger=connector-proxy status=connected isActive=true | cacheBefore=[] (size=0)
[9/24/2026, 6:58:57 PM.410] [Info] Indexing deferred tools for server: connector-proxy
[9/24/2026, 6:58:57 PM.414] [Info] [MCP][cacheDbg] run#6 activeNow=[connector-proxy] | allServers=[connector-proxy:connected,weixinpay:connecting,sheetagent:connecting]
[9/24/2026, 6:58:57 PM.414] [Info] [MCP][cacheDbg] run#6 cache rebuilt: cacheAfter=[connector-proxy] (size=1)
[9/24/2026, 6:58:57 PM.414] [Info] [MCP][cacheDbg] run#6 EXIT (inflight=0)
[9/24/2026, 6:58:57 PM.572] [Info] [CloudProductManager]  fetch cloud product success, agents(1): cli, models(53): auto,fast-model,balanced-model,deep-model,hy3,hy3-b,hy3-c,hy3-x,hy4-preview,hy4-preview-f,minimax-m2.5,glm-5v-turbo,glm-5.3,glm-5.3-flash,glm-5.2,glm-5.1,glm-5.0-turbo,glm-4.6v,kimi-k3-1,kimi-k2.8-preview,kimi-k2.7,kimi-k2.6,kimi-k2.5,kimi-k2-thinking,minimax-m3,minimax-m2.7,glm-4.6,deepseek-v4-flash,deepseek-v4.1-flash,deepseek-v4-pro,deepseek-v3-2-volc,deepseek-v3-1-volc,deepseek-v3-1-lkeap,deepseek-v3-1,deepseek-v3-0324-lkeap,deepseek-r1-0528-lkeap,kimi-k2-instruct-taiji,completion-gf,default-1.1,hunyuan-3b,hunyuan-7b-dense,codewise-completions,codewise-rewrite,codewise-nes-a4-027-aide,codewise-jump,deepseek-r1-0528,deepseek-v3-0324-taco-completion,deepseek-v3-0324,default-1.2,hunyuan-2.0-instruct,hunyuan-chat,hunyuan-image-alpha,hunyuan-image-alpha-edit
[9/24/2026, 6:58:57 PM.572] [Info] [CloudProductManager]  Fetched configuration from remote [410ms]
[9/24/2026, 6:58:57 PM.608] [Info] [PluginsProductProvider.provide] active=9, ids=[weixinpay@workbuddy-builtin,tencent-docs-plugin@workbuddy-builtin,sheetagent@workbuddy-builtin,tencent-pptx@workbuddy-builtin,tencent-docx@workbuddy-builtin,agent-browser@codebuddy-plugins-official,find-skills@codebuddy-plugins-official,agent-browser@inline,find-skills@inline]
[9/24/2026, 6:58:57 PM.608] [Info] [MCP][cacheDbg] getConnectedServers() called: nonInteractive=true waitForSettle=false cacheNow=[connector-proxy] allServers=[connector-proxy:connected,weixinpay:connecting,sheetagent:connecting]
[9/24/2026, 6:58:57 PM.608] [Info] [MCP][cacheDbg] getConnectedServers() returning: [connector-proxy] (size=1)
[9/24/2026, 6:58:57 PM.611] [Info] [WorkbuddyEnvAgentsPatchProductProvider] patched env agents inline: key=ACC_PRODUCT_CONFIG_V3, before=19, after=23
[9/24/2026, 6:58:57 PM.615] [Info] [CustomModelsProductProvider] productName=WorkBuddy, isWorkBuddy=true, userConfigPath=/Users/didi/.workbuddy/models.json
[9/24/2026, 6:58:57 PM.616] [Info] [ModelsProductProvider] enterpriseId: undefined, endpoint: https://copilot.tencent.com
[9/24/2026, 6:58:57 PM.616] [Warning] [ModelsProductProvider] enterpriseId is missing, skipping models API call
[9/24/2026, 6:58:57 PM.616] [Info] [AgentModelResolver] product config input: 53 models, 23 agents
[9/24/2026, 6:58:57 PM.616] [Info] [AgentModelResolver] model ids: auto, fast-model, balanced-model, deep-model, hy3, hy3-b, hy3-c, hy3-x, hy4-preview, hy4-preview-f, minimax-m2.5, glm-5v-turbo, glm-5.3, glm-5.3-flash, glm-5.2, glm-5.1, glm-5.0-turbo, glm-4.6v, kimi-k3-1, kimi-k2.8-preview, kimi-k2.7, kimi-k2.6, kimi-k2.5, kimi-k2-thinking, minimax-m3, minimax-m2.7, glm-4.6, deepseek-v4-flash, deepseek-v4.1-flash, deepseek-v4-pro, deepseek-v3-2-volc, deepseek-v3-1-volc, deepseek-v3-1-lkeap, deepseek-v3-1, deepseek-v3-0324-lkeap, deepseek-r1-0528-lkeap, kimi-k2-instruct-taiji, completion-gf, default-1.1, hunyuan-3b, hunyuan-7b-dense, codewise-completions, codewise-rewrite, codewise-nes-a4-027-aide, codewise-jump, deepseek-r1-0528, deepseek-v3-0324-taco-completion, deepseek-v3-0324, default-1.2, hunyuan-2.0-instruct, hunyuan-chat, hunyuan-image-alpha, hunyuan-image-alpha-edit
[9/24/2026, 6:58:57 PM.616] [Info] [AgentModelResolver] agent "cli" original_models=["auto","hy4-preview-f","hy3","hy3-x","deepseek-v4.1-flash","glm-5.3","glm-5.3-flash","glm-5.2","glm-5.1","glm-5v-turbo","minimax-m3","kimi-k3-1","kimi-k2.8-preview","kimi-k2.7","kimi-k2.6","deepseek-v4-pro"] -> resolved_models=["auto","hy4-preview-f","hy3","hy3-x","deepseek-v4.1-flash","glm-5.3","glm-5.3-flash","glm-5.2","glm-5.1","glm-5v-turbo","minimax-m3","kimi-k3-1","kimi-k2.8-preview","kimi-k2.7","kimi-k2.6","deepseek-v4-pro"]
[9/24/2026, 6:58:57 PM.616] [Info] [AgentModelResolver] agent "general-purpose" original_models=[] -> resolved_models=[]
[9/24/2026, 6:58:57 PM.616] [Info] [AgentModelResolver] agent "compact" original_models=[] -> resolved_models=[]
[9/24/2026, 6:58:57 PM.616] [Info] [AgentModelResolver] agent "contextSummary" original_models=[] -> resolved_models=[]
[9/24/2026, 6:58:57 PM.616] [Info] [AgentModelResolver] agent "contentAnalyzer" original_models=[] -> resolved_models=[]
[9/24/2026, 6:58:57 PM.616] [Info] [AgentModelResolver] agent "terminalTitleGenerator" original_models=[] -> resolved_models=[]
[9/24/2026, 6:58:57 PM.616] [Info] [AgentModelResolver] agent "promptSuggestion" original_models=[] -> resolved_models=[]
[9/24/2026, 6:58:57 PM.616] [Info] [AgentModelResolver] agent "memorySelector" original_models=["lite"] -> resolved_models=["lite"]
[9/24/2026, 6:58:57 PM.616] [Info] [AgentModelResolver] agent "summaryGenerator" original_models=[] -> resolved_models=[]
[9/24/2026, 6:58:57 PM.616] [Info] [AgentModelResolver] agent "autoModeClassifier" original_models=[] -> resolved_models=[]
[9/24/2026, 6:58:57 PM.616] [Info] [AgentModelResolver] agent "promptHookEvaluator" original_models=["lite"] -> resolved_models=["lite"]
[9/24/2026, 6:58:57 PM.616] [Info] [AgentModelResolver] agent "insightsAnalyzer" original_models=[] -> resolved_models=[]
[9/24/2026, 6:58:57 PM.616] [Info] [AgentModelResolver] agent "agentInstructions" original_models=[] -> resolved_models=[]
[9/24/2026, 6:58:57 PM.616] [Info] [AgentModelResolver] agent "statusline-setup" original_models=[] -> resolved_models=[]
[9/24/2026, 6:58:57 PM.616] [Info] [AgentModelResolver] agent "Explore" original_models=["lite"] -> resolved_models=["lite"]
[9/24/2026, 6:58:57 PM.616] [Info] [AgentModelResolver] agent "Plan" original_models=[] -> resolved_models=[]
[9/24/2026, 6:58:57 PM.616] [Info] [AgentModelResolver] agent "pulse" original_models=[] -> resolved_models=[]
[9/24/2026, 6:58:57 PM.616] [Info] [AgentModelResolver] agent "handoff-summary" original_models=undefined -> resolved_models=[]
[9/24/2026, 6:58:57 PM.616] [Info] [AgentModelResolver] agent "enhance-prompt" original_models=[] -> resolved_models=[]
[9/24/2026, 6:58:57 PM.616] [Info] [AgentModelResolver] agent "sheet-agent" original_models=[] -> resolved_models=[]
[9/24/2026, 6:58:57 PM.616] [Info] [AgentModelResolver] agent "doc-converter" original_models=[] -> resolved_models=[]
[9/24/2026, 6:58:57 PM.616] [Info] [AgentModelResolver] agent "doc-formatter" original_models=[] -> resolved_models=[]
[9/24/2026, 6:58:57 PM.616] [Info] [AgentModelResolver] agent "doc-writer" original_models=[] -> resolved_models=[]
[9/24/2026, 6:58:57 PM.630] [Info] [PluginPolicyService]  [MergedPlugins][DEBUG] ProductManager.onDidChange fired, reloading policies...
[9/24/2026, 6:58:57 PM.630] [Info] [PluginPolicyService]  [MergedPlugins][DEBUG] Current config builtInMarketPluginsMerge: [{"autoEnable":true,"marketplaceName":"codebuddy-plugins-official","name":"agent-browser","scope":"user"},{"autoEnable":true,"marketplaceName":"codebuddy-plugins-official","name":"find-skills","scope":"user"}]
[9/24/2026, 6:58:57 PM.630] [Info] [PluginPolicyService]  [MergedPlugins] Loaded 2 merged plugin entries
[9/24/2026, 6:58:57 PM.630] [Info] [PluginPolicyService]  [MergedPlugins] Merged plugins changed, firing onDidChange
[9/24/2026, 6:58:57 PM.630] [Info] [PluginManager]  [ManagedPolicy][DEBUG] Policies changed, count=2, policies=["agent-browser@codebuddy-plugins-official","find-skills@codebuddy-plugins-official"]
[9/24/2026, 6:58:57 PM.630] [Info] [Startup] AgentManager.rebuildAgents: START
[9/24/2026, 6:58:57 PM.631] [Info] [PluginManager]  [MergedPlugins] Applying 2 merged plugin policies...
[9/24/2026, 6:58:57 PM.631] [Info] [PluginManager]  [MergedPlugins][DEBUG] applySinglePolicy called for agent-browser@codebuddy-plugins-official, scope=user, autoEnable=true
[9/24/2026, 6:58:57 PM.631] [Info] [PluginManager]  [MergedPlugins][DEBUG] agent-browser@codebuddy-plugins-official: installed=true, installedPath=/Users/didi/.workbuddy/plugins/cache/codebuddy-plugins-official/agent-browser/1.3.0, enabledState={"enabled":true,"scope":"user"}
[9/24/2026, 6:58:57 PM.631] [Info] [PluginManager]  [MergedPlugins][DEBUG] applySinglePolicy called for find-skills@codebuddy-plugins-official, scope=user, autoEnable=true
[9/24/2026, 6:58:57 PM.631] [Info] [PluginManager]  [MergedPlugins][DEBUG] find-skills@codebuddy-plugins-official: installed=true, installedPath=/Users/didi/.workbuddy/plugins/cache/codebuddy-plugins-official/find-skills/1.0.0, enabledState={"enabled":true,"scope":"user"}
[9/24/2026, 6:58:57 PM.634] [Info] [AgentManager] runtime cli agent view ready: 23 agents (used for registration and Agent tool descriptions)
[9/24/2026, 6:58:57 PM.634] [Info] [Startup] McpReadyService.waitForServersReady: config projection triggered; network connections continue asynchronously
[9/24/2026, 6:58:57 PM.634] [Info] [Startup] McpReadyService.waitForServersReady: config projection triggered; network connections continue asynchronously
[9/24/2026, 6:58:57 PM.635] [Info] [Startup] McpReadyService.waitForServersReady: config projection triggered; network connections continue asynchronously
[9/24/2026, 6:58:57 PM.635] [Info] [MCP][cacheDbg] getConnectedServers() called: nonInteractive=true waitForSettle=false cacheNow=[connector-proxy] allServers=[connector-proxy:connected,weixinpay:connecting,sheetagent:connecting]
[9/24/2026, 6:58:57 PM.635] [Info] [MCP][cacheDbg] getConnectedServers() returning: [connector-proxy] (size=1)
[9/24/2026, 6:58:57 PM.635] [Info] [Startup] McpManager.list: starting (scope=all)
[9/24/2026, 6:58:57 PM.635] [Info] [Startup] McpManager.list: starting (scope=all)
[9/24/2026, 6:58:57 PM.635] [Info] [Startup] McpConfigManager.list: loading scope=internal
[9/24/2026, 6:58:57 PM.635] [Info] [Startup] McpConfigManager.list: scope=internal cache hit (0ms)
[9/24/2026, 6:58:57 PM.635] [Info] [Startup] McpManager.list: starting (scope=all)
[9/24/2026, 6:58:57 PM.635] [Info] [Startup] McpConfigManager.list: loading scope=internal
[9/24/2026, 6:58:57 PM.635] [Info] [Startup] McpConfigManager.list: scope=internal cache hit (0ms)
[9/24/2026, 6:58:57 PM.635] [Info] [Startup] McpReadyService.waitForServersReady: config projection triggered; network connections continue asynchronously
[9/24/2026, 6:58:57 PM.636] [Info] [Startup] McpReadyService.waitForServersReady: config projection triggered; network connections continue asynchronously
[9/24/2026, 6:58:57 PM.636] [Info] [Startup] McpReadyService.waitForServersReady: config projection triggered; network connections continue asynchronously
[9/24/2026, 6:58:57 PM.637] [Info] [MCP][cacheDbg] getConnectedServers() called: nonInteractive=true waitForSettle=false cacheNow=[connector-proxy] allServers=[connector-proxy:connected,weixinpay:connecting,sheetagent:connecting]
[9/24/2026, 6:58:57 PM.637] [Info] [MCP][cacheDbg] getConnectedServers() returning: [connector-proxy] (size=1)
[9/24/2026, 6:58:57 PM.637] [Info] [MCP][cacheDbg] getConnectedServers() called: nonInteractive=true waitForSettle=false cacheNow=[connector-proxy] allServers=[connector-proxy:connected,weixinpay:connecting,sheetagent:connecting]
[9/24/2026, 6:58:57 PM.637] [Info] [MCP][cacheDbg] getConnectedServers() returning: [connector-proxy] (size=1)
[9/24/2026, 6:58:57 PM.637] [Info] [Startup] McpConfigManager.list: loading scope=sdk
[9/24/2026, 6:58:57 PM.637] [Info] [Startup] McpConfigManager.list: scope=sdk cache hit (0ms)
[9/24/2026, 6:58:57 PM.637] [Info] [MCP][cacheDbg] getConnectedServers() called: nonInteractive=true waitForSettle=false cacheNow=[connector-proxy] allServers=[connector-proxy:connected,weixinpay:connecting,sheetagent:connecting]
[9/24/2026, 6:58:57 PM.637] [Info] [MCP][cacheDbg] getConnectedServers() returning: [connector-proxy] (size=1)
[9/24/2026, 6:58:57 PM.637] [Info] [Startup] McpConfigManager.list: loading scope=sdk
[9/24/2026, 6:58:57 PM.637] [Info] [Startup] McpConfigManager.list: scope=sdk cache hit (0ms)
[9/24/2026, 6:58:57 PM.637] [Info] [Startup] McpManager.list: starting (scope=all)
[9/24/2026, 6:58:57 PM.637] [Info] [Startup] McpManager.list: starting (scope=all)
[9/24/2026, 6:58:57 PM.637] [Info] [Startup] McpManager.list: starting (scope=all)
[9/24/2026, 6:58:57 PM.637] [Info] [MCP][buildMcpServers] wait breakdown: waitForServersReady=1ms getConnectedServers=0ms
[9/24/2026, 6:58:57 PM.637] [Info] [MCP][buildMcpServers] connected servers=[connector-proxy] (count=1)
[9/24/2026, 6:58:57 PM.637] [Info] [MCP][buildMcpServers] wait breakdown: waitForServersReady=1ms getConnectedServers=0ms
[9/24/2026, 6:58:57 PM.637] [Info] [MCP][buildMcpServers] connected servers=[connector-proxy] (count=1)
[9/24/2026, 6:58:57 PM.637] [Info] [MCP][registerAgent] agent=contextSummary mcpServers=[] (count=0) grantMcpAccess=false
[9/24/2026, 6:58:57 PM.637] [Info] [MCP][registerAgent] agent=contentAnalyzer mcpServers=[] (count=0) grantMcpAccess=false
[9/24/2026, 6:58:57 PM.637] [Info] [MCP][registerAgent] agent=terminalTitleGenerator mcpServers=[] (count=0) grantMcpAccess=false
[9/24/2026, 6:58:57 PM.637] [Info] [MCP][registerAgent] agent=promptSuggestion mcpServers=[] (count=0) grantMcpAccess=false
[9/24/2026, 6:58:57 PM.637] [Info] [MCP][registerAgent] agent=memorySelector mcpServers=[] (count=0) grantMcpAccess=false
[9/24/2026, 6:58:57 PM.637] [Info] [MCP][registerAgent] agent=summaryGenerator mcpServers=[] (count=0) grantMcpAccess=false
[9/24/2026, 6:58:57 PM.637] [Info] [MCP][registerAgent] agent=autoModeClassifier mcpServers=[] (count=0) grantMcpAccess=false
[9/24/2026, 6:58:57 PM.637] [Info] [MCP][registerAgent] agent=promptHookEvaluator mcpServers=[] (count=0) grantMcpAccess=false
[9/24/2026, 6:58:57 PM.637] [Info] [MCP][registerAgent] agent=insightsAnalyzer mcpServers=[] (count=0) grantMcpAccess=false
[9/24/2026, 6:58:57 PM.637] [Info] [MCP][registerAgent] agent=agentInstructions mcpServers=[] (count=0) grantMcpAccess=false
[9/24/2026, 6:58:57 PM.637] [Info] [Startup] McpConfigManager.list: loading scope=plugin
[9/24/2026, 6:58:57 PM.637] [Info] [Startup] McpConfigManager.list: scope=plugin cache hit (0ms)
[9/24/2026, 6:58:57 PM.637] [Info] [MCP][buildMcpServers] wait breakdown: waitForServersReady=1ms getConnectedServers=0ms
[9/24/2026, 6:58:57 PM.637] [Info] [MCP][buildMcpServers] connected servers=[connector-proxy] (count=1)
[9/24/2026, 6:58:57 PM.637] [Info] [Startup] McpConfigManager.list: loading scope=plugin
[9/24/2026, 6:58:57 PM.637] [Info] [Startup] McpConfigManager.list: scope=plugin cache hit (0ms)
[9/24/2026, 6:58:57 PM.637] [Info] [MCP][cacheDbg] getConnectedServers() called: nonInteractive=true waitForSettle=false cacheNow=[connector-proxy] allServers=[connector-proxy:connected,weixinpay:connecting,sheetagent:connecting]
[9/24/2026, 6:58:57 PM.637] [Info] [MCP][cacheDbg] getConnectedServers() returning: [connector-proxy] (size=1)
[9/24/2026, 6:58:57 PM.637] [Info] [MCP][cacheDbg] getConnectedServers() called: nonInteractive=true waitForSettle=false cacheNow=[connector-proxy] allServers=[connector-proxy:connected,weixinpay:connecting,sheetagent:connecting]
[9/24/2026, 6:58:57 PM.637] [Info] [MCP][cacheDbg] getConnectedServers() returning: [connector-proxy] (size=1)
[9/24/2026, 6:58:57 PM.637] [Info] [MCP][cacheDbg] getConnectedServers() called: nonInteractive=true waitForSettle=false cacheNow=[connector-proxy] allServers=[connector-proxy:connected,weixinpay:connecting,sheetagent:connecting]
[9/24/2026, 6:58:57 PM.637] [Info] [MCP][cacheDbg] getConnectedServers() returning: [connector-proxy] (size=1)
[9/24/2026, 6:58:57 PM.638] [Info] [Startup] McpConfigManager.list: loading scope=user
[9/24/2026, 6:58:57 PM.638] [Info] [Startup] McpConfigManager.list: scope=user cache hit (0ms)
[9/24/2026, 6:58:57 PM.638] [Info] [Startup] McpConfigManager.list: loading scope=user
[9/24/2026, 6:58:57 PM.638] [Info] [Startup] McpConfigManager.list: scope=user cache hit (0ms)
[9/24/2026, 6:58:57 PM.638] [Info] [MCP][buildMcpServers] wait breakdown: waitForServersReady=0ms getConnectedServers=1ms
[9/24/2026, 6:58:57 PM.638] [Info] [MCP][buildMcpServers] connected servers=[connector-proxy] (count=1)
[9/24/2026, 6:58:57 PM.638] [Info] [MCP][buildMcpServers] wait breakdown: waitForServersReady=0ms getConnectedServers=1ms
[9/24/2026, 6:58:57 PM.638] [Info] [MCP][buildMcpServers] connected servers=[connector-proxy] (count=1)
[9/24/2026, 6:58:57 PM.638] [Info] [MCP][buildMcpServers] wait breakdown: waitForServersReady=0ms getConnectedServers=1ms
[9/24/2026, 6:58:57 PM.638] [Info] [MCP][buildMcpServers] connected servers=[connector-proxy] (count=1)
[9/24/2026, 6:58:57 PM.638] [Info] [Startup] McpConfigManager.list: loading scope=internal
[9/24/2026, 6:58:57 PM.638] [Info] [Startup] McpConfigManager.list: scope=internal cache hit (0ms)
[9/24/2026, 6:58:57 PM.638] [Info] [Startup] McpConfigManager.list: loading scope=internal
[9/24/2026, 6:58:57 PM.638] [Info] [Startup] McpConfigManager.list: scope=internal cache hit (0ms)
[9/24/2026, 6:58:57 PM.638] [Info] [Startup] McpConfigManager.list: loading scope=project
[9/24/2026, 6:58:57 PM.638] [Info] [Startup] McpConfigManager.list: scope=project cache hit (0ms)
[9/24/2026, 6:58:57 PM.638] [Info] [Startup] McpConfigManager.list: loading scope=internal
[9/24/2026, 6:58:57 PM.638] [Info] [Startup] McpConfigManager.list: scope=internal cache hit (0ms)
[9/24/2026, 6:58:57 PM.638] [Info] [Startup] McpConfigManager.list: loading scope=project
[9/24/2026, 6:58:57 PM.638] [Info] [Startup] McpConfigManager.list: scope=project cache hit (0ms)
[9/24/2026, 6:58:57 PM.638] [Info] [Startup] McpConfigManager.list: loading scope=sdk
[9/24/2026, 6:58:57 PM.638] [Info] [Startup] McpConfigManager.list: scope=sdk cache hit (0ms)
[9/24/2026, 6:58:57 PM.638] [Info] [Startup] McpConfigManager.list: loading scope=sdk
[9/24/2026, 6:58:57 PM.638] [Info] [Startup] McpConfigManager.list: scope=sdk cache hit (0ms)
[9/24/2026, 6:58:57 PM.638] [Info] [Startup] McpConfigManager.list: loading scope=local
[9/24/2026, 6:58:57 PM.638] [Info] [Startup] McpConfigManager.list: scope=local cache hit (0ms)
[9/24/2026, 6:58:57 PM.638] [Info] [Startup] McpConfigManager.list: loading scope=sdk
[9/24/2026, 6:58:57 PM.638] [Info] [Startup] McpConfigManager.list: scope=sdk cache hit (0ms)
[9/24/2026, 6:58:57 PM.638] [Info] [Startup] McpConfigManager.list: loading scope=local
[9/24/2026, 6:58:57 PM.638] [Info] [Startup] McpConfigManager.list: scope=local cache hit (0ms)
[9/24/2026, 6:58:57 PM.638] [Info] [Startup] McpConfigManager.list: loading scope=internal
[9/24/2026, 6:58:57 PM.638] [Info] [Startup] McpConfigManager.list: scope=internal cache hit (0ms)
[9/24/2026, 6:58:57 PM.638] [Info] [Startup] McpConfigManager.list: loading scope=internal
[9/24/2026, 6:58:57 PM.638] [Info] [Startup] McpConfigManager.list: scope=internal cache hit (0ms)
[9/24/2026, 6:58:57 PM.638] [Info] [Startup] McpConfigManager.list: loading scope=internal
[9/24/2026, 6:58:57 PM.638] [Info] [Startup] McpConfigManager.list: scope=internal cache hit (0ms)
[9/24/2026, 6:58:57 PM.638] [Info] [Startup] McpConfigManager.list: loading scope=plugin
[9/24/2026, 6:58:57 PM.639] [Info] [Startup] McpConfigManager.list: scope=plugin cache hit (0ms)
[9/24/2026, 6:58:57 PM.639] [Info] [Startup] McpConfigManager.list: loading scope=plugin
[9/24/2026, 6:58:57 PM.639] [Info] [Startup] McpConfigManager.list: scope=plugin cache hit (0ms)
[9/24/2026, 6:58:57 PM.639] [Info] [Startup] McpConfigManager.list: loading scope=plugin
[9/24/2026, 6:58:57 PM.639] [Info] [Startup] McpConfigManager.list: scope=plugin cache hit (0ms)
[9/24/2026, 6:58:57 PM.639] [Info] [Startup] McpConfigManager.list: loading scope=sdk
[9/24/2026, 6:58:57 PM.639] [Info] [Startup] McpConfigManager.list: scope=sdk cache hit (0ms)
[9/24/2026, 6:58:57 PM.639] [Info] [Startup] McpConfigManager.list: loading scope=sdk
[9/24/2026, 6:58:57 PM.639] [Info] [Startup] McpConfigManager.list: scope=sdk cache hit (0ms)
[9/24/2026, 6:58:57 PM.639] [Info] [Startup] McpConfigManager.list: loading scope=sdk
[9/24/2026, 6:58:57 PM.639] [Info] [Startup] McpConfigManager.list: scope=sdk cache hit (0ms)
[9/24/2026, 6:58:57 PM.639] [Info] [Startup] McpConfigManager.list: loading scope=user
[9/24/2026, 6:58:57 PM.639] [Info] [Startup] McpConfigManager.list: scope=user cache hit (0ms)
[9/24/2026, 6:58:57 PM.639] [Info] [Startup] McpConfigManager.list: loading scope=user
[9/24/2026, 6:58:57 PM.639] [Info] [Startup] McpConfigManager.list: scope=user cache hit (0ms)
[9/24/2026, 6:58:57 PM.639] [Info] [Startup] McpManager.list: starting (scope=all)
[9/24/2026, 6:58:57 PM.639] [Info] [Startup] McpConfigManager.list: loading scope=user
[9/24/2026, 6:58:57 PM.639] [Info] [Startup] McpConfigManager.list: scope=user cache hit (0ms)
[9/24/2026, 6:58:57 PM.639] [Info] [Startup] McpManager.list: starting (scope=all)
[9/24/2026, 6:58:57 PM.639] [Info] [Startup] McpConfigManager.list: loading scope=plugin
[9/24/2026, 6:58:57 PM.639] [Info] [Startup] McpConfigManager.list: scope=plugin cache hit (0ms)
[9/24/2026, 6:58:57 PM.639] [Info] [Startup] McpConfigManager.list: loading scope=plugin
[9/24/2026, 6:58:57 PM.639] [Info] [Startup] McpConfigManager.list: scope=plugin cache hit (0ms)
[9/24/2026, 6:58:57 PM.639] [Info] [Startup] McpConfigManager.list: loading scope=plugin
[9/24/2026, 6:58:57 PM.639] [Info] [Startup] McpConfigManager.list: scope=plugin cache hit (0ms)
[9/24/2026, 6:58:57 PM.639] [Info] [Startup] McpConfigManager.list: loading scope=project
[9/24/2026, 6:58:57 PM.639] [Info] [Startup] McpConfigManager.list: scope=project cache hit (0ms)
[9/24/2026, 6:58:57 PM.639] [Info] [Startup] McpConfigManager.list: loading scope=project
[9/24/2026, 6:58:57 PM.639] [Info] [Startup] McpConfigManager.list: scope=project cache hit (0ms)
[9/24/2026, 6:58:57 PM.639] [Info] [Startup] McpConfigManager.list: loading scope=project
[9/24/2026, 6:58:57 PM.639] [Info] [Startup] McpConfigManager.list: scope=project cache hit (0ms)
[9/24/2026, 6:58:57 PM.639] [Info] [Startup] McpConfigManager.list: loading scope=user
[9/24/2026, 6:58:57 PM.639] [Info] [Startup] McpConfigManager.list: scope=user cache hit (0ms)
[9/24/2026, 6:58:57 PM.639] [Info] [Startup] McpConfigManager.list: loading scope=user
[9/24/2026, 6:58:57 PM.639] [Info] [Startup] McpConfigManager.list: scope=user cache hit (0ms)
[9/24/2026, 6:58:57 PM.639] [Info] [Startup] McpConfigManager.list: loading scope=user
[9/24/2026, 6:58:57 PM.639] [Info] [Startup] McpConfigManager.list: scope=user cache hit (0ms)
[9/24/2026, 6:58:57 PM.639] [Info] [Startup] McpConfigManager.list: loading scope=local
[9/24/2026, 6:58:57 PM.639] [Info] [Startup] McpConfigManager.list: scope=local cache hit (0ms)
[9/24/2026, 6:58:57 PM.639] [Info] [Startup] McpConfigManager.list: loading scope=local
[9/24/2026, 6:58:57 PM.639] [Info] [Startup] McpConfigManager.list: scope=local cache hit (0ms)
[9/24/2026, 6:58:57 PM.639] [Info] [Startup] McpConfigManager.list: loading scope=local
[9/24/2026, 6:58:57 PM.639] [Info] [Startup] McpConfigManager.list: scope=local cache hit (0ms)
[9/24/2026, 6:58:57 PM.639] [Info] [Startup] McpConfigManager.list: loading scope=project
[9/24/2026, 6:58:57 PM.639] [Info] [Startup] McpConfigManager.list: scope=project cache hit (0ms)
[9/24/2026, 6:58:57 PM.639] [Info] [Startup] McpConfigManager.list: loading scope=project
[9/24/2026, 6:58:57 PM.639] [Info] [Startup] McpConfigManager.list: scope=project cache hit (0ms)
[9/24/2026, 6:58:57 PM.639] [Info] [Startup] McpConfigManager.list: loading scope=project
[9/24/2026, 6:58:57 PM.639] [Info] [Startup] McpConfigManager.list: scope=project cache hit (0ms)
[9/24/2026, 6:58:57 PM.639] [Info] [Startup] McpConfigManager.list: loading scope=local
[9/24/2026, 6:58:57 PM.639] [Info] [Startup] McpConfigManager.list: scope=local cache hit (0ms)
[9/24/2026, 6:58:57 PM.639] [Info] [Startup] McpConfigManager.list: loading scope=local
[9/24/2026, 6:58:57 PM.639] [Info] [Startup] McpConfigManager.list: scope=local cache hit (0ms)
[9/24/2026, 6:58:57 PM.639] [Info] [Startup] McpConfigManager.list: loading scope=local
[9/24/2026, 6:58:57 PM.639] [Info] [Startup] McpConfigManager.list: scope=local cache hit (0ms)
[9/24/2026, 6:58:57 PM.639] [Info] [Startup] McpManager.list: starting (scope=all)
[9/24/2026, 6:58:57 PM.639] [Info] [Startup] McpManager.list: starting (scope=all)
[9/24/2026, 6:58:57 PM.639] [Info] [Startup] McpManager.list: starting (scope=all)
[9/24/2026, 6:58:57 PM.640] [Info] [Startup] McpManager.list: starting (scope=all)
[9/24/2026, 6:58:57 PM.640] [Info] [Startup] McpManager.list: starting (scope=all)
[9/24/2026, 6:58:57 PM.640] [Info] [Startup] McpManager.list: starting (scope=all)
[9/24/2026, 6:58:57 PM.641] [Info] [MCP][registerAgent] agent=compact mcpServers=[] (count=0) grantMcpAccess=false
[9/24/2026, 6:58:57 PM.641] [Info] [MCP][registerAgent] agent=pulse mcpServers=[] (count=0) grantMcpAccess=false
[9/24/2026, 6:58:57 PM.641] [Info] [MCP][registerAgent] agent=handoff-summary mcpServers=[] (count=0) grantMcpAccess=false
[9/24/2026, 6:58:57 PM.641] [Info] [MCP][registerAgent] agent=enhance-prompt mcpServers=[] (count=0) grantMcpAccess=false
[9/24/2026, 6:58:57 PM.641] [Info] [AgentManager.getModel] agent='cli' has no explicit model (auto); resolved to first-available='auto'
[9/24/2026, 6:58:57 PM.644] [Info] [MCP][registerAgent] agent=sheet-agent mcpServers=[] (count=0) grantMcpAccess=true
[9/24/2026, 6:58:57 PM.644] [Info] [MCP][registerAgent] agent=statusline-setup mcpServers=[] (count=0) grantMcpAccess=false
[9/24/2026, 6:58:57 PM.644] [Info] [MCP][registerAgent] agent=Plan mcpServers=[] (count=0) grantMcpAccess=false
[9/24/2026, 6:58:57 PM.644] [Info] [MCP][registerAgent] agent=cli mcpServers=[connector-proxy] (count=1) grantMcpAccess=true
[9/24/2026, 6:58:57 PM.644] [Info] [MCP][registerAgent] agent=general-purpose mcpServers=[connector-proxy] (count=1) grantMcpAccess=true
[9/24/2026, 6:58:57 PM.644] [Info] [MCP][registerAgent] agent=Explore mcpServers=[connector-proxy] (count=1) grantMcpAccess=true
[9/24/2026, 6:58:57 PM.644] [Info] [MCP][registerAgent] agent=doc-converter mcpServers=[connector-proxy] (count=1) grantMcpAccess=true
[9/24/2026, 6:58:57 PM.644] [Info] [MCP][registerAgent] agent=doc-formatter mcpServers=[connector-proxy] (count=1) grantMcpAccess=true
[9/24/2026, 6:58:57 PM.644] [Info] [MCP][registerAgent] agent=doc-writer mcpServers=[connector-proxy] (count=1) grantMcpAccess=true
[9/24/2026, 6:58:57 PM.644] [Info] [Startup] AgentManager.rebuildAgents: completed in 25ms, resolving readyDeferred
[9/24/2026, 6:58:57 PM.644] [Info] [PluginManager]  Checking for built-in marketplaces to install...
[9/24/2026, 6:58:57 PM.644] [Info] [BuiltInMarketplaceProvider]  Found 2 built-in marketplace(s)
[9/24/2026, 6:58:57 PM.644] [Info] [PluginManager]  Found 2 built-in marketplace(s)
[9/24/2026, 6:58:57 PM.645] [Info] [MarketplaceStorage]  [MarketplaceStorage] getMarketplaces ensureConfigFile=0ms readAndRepair=1ms migration=0ms total=1ms count=5 path=/Users/didi/.workbuddy/plugins/known_marketplaces.json
[9/24/2026, 6:58:57 PM.645] [Info] [PluginManager]  All built-in marketplaces are already installed
[9/24/2026, 6:58:57 PM.646] [Info] [MarketplaceStorage]  [MarketplaceStorage] getMarketplaces ensureConfigFile=0ms readAndRepair=1ms migration=0ms total=1ms count=5 path=/Users/didi/.workbuddy/plugins/known_marketplaces.json
[9/24/2026, 6:58:57 PM.646] [Info] [BuiltInMarketplaceProvider]  Found 2 built-in marketplace(s)
[9/24/2026, 6:58:57 PM.647] [Info] [PluginManager]  Loaded 5 marketplaces (2 built-in) total=2ms storage=1ms builtIn=0ms autoUpdate=0ms
[9/24/2026, 6:58:57 PM.666] [Info] [PluginsProductProvider.provide] active=9, ids=[weixinpay@workbuddy-builtin,tencent-docs-plugin@workbuddy-builtin,sheetagent@workbuddy-builtin,tencent-pptx@workbuddy-builtin,tencent-docx@workbuddy-builtin,agent-browser@codebuddy-plugins-official,find-skills@codebuddy-plugins-official,agent-browser@inline,find-skills@inline]
[9/24/2026, 6:58:57 PM.666] [Info] [MCP][cacheDbg] getConnectedServers() called: nonInteractive=true waitForSettle=false cacheNow=[connector-proxy] allServers=[connector-proxy:connected,weixinpay:connecting,sheetagent:connecting]
[9/24/2026, 6:58:57 PM.666] [Info] [MCP][cacheDbg] getConnectedServers() returning: [connector-proxy] (size=1)
[9/24/2026, 6:58:57 PM.672] [Info] [CustomModelsProductProvider] productName=WorkBuddy, isWorkBuddy=true, userConfigPath=/Users/didi/.workbuddy/models.json
[9/24/2026, 6:58:57 PM.672] [Info] [ModelsProductProvider] enterpriseId: undefined, endpoint: https://copilot.tencent.com
[9/24/2026, 6:58:57 PM.672] [Warning] [ModelsProductProvider] enterpriseId is missing, skipping models API call
[9/24/2026, 6:58:57 PM.672] [Info] [AgentModelResolver] product config input: 53 models, 23 agents
[9/24/2026, 6:58:57 PM.672] [Info] [AgentModelResolver] model ids: auto, fast-model, balanced-model, deep-model, hy3, hy3-b, hy3-c, hy3-x, hy4-preview, hy4-preview-f, minimax-m2.5, glm-5v-turbo, glm-5.3, glm-5.3-flash, glm-5.2, glm-5.1, glm-5.0-turbo, glm-4.6v, kimi-k3-1, kimi-k2.8-preview, kimi-k2.7, kimi-k2.6, kimi-k2.5, kimi-k2-thinking, minimax-m3, minimax-m2.7, glm-4.6, deepseek-v4-flash, deepseek-v4.1-flash, deepseek-v4-pro, deepseek-v3-2-volc, deepseek-v3-1-volc, deepseek-v3-1-lkeap, deepseek-v3-1, deepseek-v3-0324-lkeap, deepseek-r1-0528-lkeap, kimi-k2-instruct-taiji, completion-gf, default-1.1, hunyuan-3b, hunyuan-7b-dense, codewise-completions, codewise-rewrite, codewise-nes-a4-027-aide, codewise-jump, deepseek-r1-0528, deepseek-v3-0324-taco-completion, deepseek-v3-0324, default-1.2, hunyuan-2.0-instruct, hunyuan-chat, hunyuan-image-alpha, hunyuan-image-alpha-edit
[9/24/2026, 6:58:57 PM.672] [Info] [AgentModelResolver] agent "cli" original_models=["auto","hy4-preview-f","hy3","hy3-x","deepseek-v4.1-flash","glm-5.3","glm-5.3-flash","glm-5.2","glm-5.1","glm-5v-turbo","minimax-m3","kimi-k3-1","kimi-k2.8-preview","kimi-k2.7","kimi-k2.6","deepseek-v4-pro"] -> resolved_models=["auto","hy4-preview-f","hy3","hy3-x","deepseek-v4.1-flash","glm-5.3","glm-5.3-flash","glm-5.2","glm-5.1","glm-5v-turbo","minimax-m3","kimi-k3-1","kimi-k2.8-preview","kimi-k2.7","kimi-k2.6","deepseek-v4-pro"]
[9/24/2026, 6:58:57 PM.672] [Info] [AgentModelResolver] agent "general-purpose" original_models=[] -> resolved_models=[]
[9/24/2026, 6:58:57 PM.672] [Info] [AgentModelResolver] agent "compact" original_models=[] -> resolved_models=[]
[9/24/2026, 6:58:57 PM.672] [Info] [AgentModelResolver] agent "contextSummary" original_models=[] -> resolved_models=[]
[9/24/2026, 6:58:57 PM.672] [Info] [AgentModelResolver] agent "contentAnalyzer" original_models=[] -> resolved_models=[]
[9/24/2026, 6:58:57 PM.672] [Info] [AgentModelResolver] agent "terminalTitleGenerator" original_models=[] -> resolved_models=[]
[9/24/2026, 6:58:57 PM.672] [Info] [AgentModelResolver] agent "promptSuggestion" original_models=[] -> resolved_models=[]
[9/24/2026, 6:58:57 PM.672] [Info] [AgentModelResolver] agent "memorySelector" original_models=["lite"] -> resolved_models=["lite"]
[9/24/2026, 6:58:57 PM.672] [Info] [AgentModelResolver] agent "summaryGenerator" original_models=[] -> resolved_models=[]
[9/24/2026, 6:58:57 PM.672] [Info] [AgentModelResolver] agent "autoModeClassifier" original_models=[] -> resolved_models=[]
[9/24/2026, 6:58:57 PM.672] [Info] [AgentModelResolver] agent "promptHookEvaluator" original_models=["lite"] -> resolved_models=["lite"]
[9/24/2026, 6:58:57 PM.672] [Info] [AgentModelResolver] agent "insightsAnalyzer" original_models=[] -> resolved_models=[]
[9/24/2026, 6:58:57 PM.672] [Info] [AgentModelResolver] agent "agentInstructions" original_models=[] -> resolved_models=[]
[9/24/2026, 6:58:57 PM.672] [Info] [AgentModelResolver] agent "statusline-setup" original_models=[] -> resolved_models=[]
[9/24/2026, 6:58:57 PM.672] [Info] [AgentModelResolver] agent "Explore" original_models=["lite"] -> resolved_models=["lite"]
[9/24/2026, 6:58:57 PM.672] [Info] [AgentModelResolver] agent "Plan" original_models=[] -> resolved_models=[]
[9/24/2026, 6:58:57 PM.672] [Info] [AgentModelResolver] agent "pulse" original_models=[] -> resolved_models=[]
[9/24/2026, 6:58:57 PM.672] [Info] [AgentModelResolver] agent "handoff-summary" original_models=undefined -> resolved_models=[]
[9/24/2026, 6:58:57 PM.672] [Info] [AgentModelResolver] agent "enhance-prompt" original_models=[] -> resolved_models=[]
[9/24/2026, 6:58:57 PM.672] [Info] [AgentModelResolver] agent "sheet-agent" original_models=[] -> resolved_models=[]
[9/24/2026, 6:58:57 PM.672] [Info] [AgentModelResolver] agent "doc-converter" original_models=[] -> resolved_models=[]
[9/24/2026, 6:58:57 PM.672] [Info] [AgentModelResolver] agent "doc-formatter" original_models=[] -> resolved_models=[]
[9/24/2026, 6:58:57 PM.672] [Info] [AgentModelResolver] agent "doc-writer" original_models=[] -> resolved_models=[]
[9/24/2026, 6:58:57 PM.687] [Info] [PluginPolicyService]  [MergedPlugins][DEBUG] ProductManager.onDidChange fired, reloading policies...
[9/24/2026, 6:58:57 PM.687] [Info] [PluginPolicyService]  [MergedPlugins][DEBUG] Current config builtInMarketPluginsMerge: [{"autoEnable":true,"marketplaceName":"codebuddy-plugins-official","name":"agent-browser","scope":"user"},{"autoEnable":true,"marketplaceName":"codebuddy-plugins-official","name":"find-skills","scope":"user"}]
[9/24/2026, 6:58:57 PM.687] [Info] [PluginPolicyService]  [MergedPlugins] Loaded 2 merged plugin entries
[9/24/2026, 6:58:57 PM.687] [Info] [Startup] AgentManager.rebuildAgents: START
[9/24/2026, 6:58:57 PM.687] [Info] [Startup] AgentManager.rebuildAgents: completed in 11ms, resolving readyDeferred
[9/24/2026, 6:58:57 PM.699] [Info] [PluginManager]  Checking for built-in marketplaces to install...
[9/24/2026, 6:58:57 PM.699] [Info] [BuiltInMarketplaceProvider]  Found 2 built-in marketplace(s)
[9/24/2026, 6:58:57 PM.699] [Info] [PluginManager]  Found 2 built-in marketplace(s)
[9/24/2026, 6:58:57 PM.700] [Info] [MarketplaceStorage]  [MarketplaceStorage] getMarketplaces ensureConfigFile=0ms readAndRepair=0ms migration=0ms total=1ms count=5 path=/Users/didi/.workbuddy/plugins/known_marketplaces.json
[9/24/2026, 6:58:57 PM.700] [Info] [PluginManager]  All built-in marketplaces are already installed
[9/24/2026, 6:58:57 PM.701] [Info] [MarketplaceStorage]  [MarketplaceStorage] getMarketplaces ensureConfigFile=0ms readAndRepair=0ms migration=0ms total=0ms count=5 path=/Users/didi/.workbuddy/plugins/known_marketplaces.json
[9/24/2026, 6:58:57 PM.701] [Info] [BuiltInMarketplaceProvider]  Found 2 built-in marketplace(s)
[9/24/2026, 6:58:57 PM.702] [Info] [PluginManager]  Loaded 5 marketplaces (2 built-in) total=2ms storage=0ms builtIn=0ms autoUpdate=1ms
[9/24/2026, 6:58:57 PM.722] [Info] [PluginsProductProvider.provide] active=9, ids=[weixinpay@workbuddy-builtin,tencent-docs-plugin@workbuddy-builtin,sheetagent@workbuddy-builtin,tencent-pptx@workbuddy-builtin,tencent-docx@workbuddy-builtin,agent-browser@codebuddy-plugins-official,find-skills@codebuddy-plugins-official,agent-browser@inline,find-skills@inline]
[9/24/2026, 6:58:57 PM.722] [Info] [MCP][cacheDbg] getConnectedServers() called: nonInteractive=true waitForSettle=false cacheNow=[connector-proxy] allServers=[connector-proxy:connected,weixinpay:connecting,sheetagent:connecting]
[9/24/2026, 6:58:57 PM.722] [Info] [MCP][cacheDbg] getConnectedServers() returning: [connector-proxy] (size=1)
[9/24/2026, 6:58:57 PM.728] [Info] [CustomModelsProductProvider] productName=WorkBuddy, isWorkBuddy=true, userConfigPath=/Users/didi/.workbuddy/models.json
[9/24/2026, 6:58:57 PM.728] [Info] [ModelsProductProvider] enterpriseId: undefined, endpoint: https://copilot.tencent.com
[9/24/2026, 6:58:57 PM.728] [Warning] [ModelsProductProvider] enterpriseId is missing, skipping models API call
[9/24/2026, 6:58:57 PM.728] [Info] [AgentModelResolver] product config input: 53 models, 23 agents
[9/24/2026, 6:58:57 PM.728] [Info] [AgentModelResolver] model ids: auto, fast-model, balanced-model, deep-model, hy3, hy3-b, hy3-c, hy3-x, hy4-preview, hy4-preview-f, minimax-m2.5, glm-5v-turbo, glm-5.3, glm-5.3-flash, glm-5.2, glm-5.1, glm-5.0-turbo, glm-4.6v, kimi-k3-1, kimi-k2.8-preview, kimi-k2.7, kimi-k2.6, kimi-k2.5, kimi-k2-thinking, minimax-m3, minimax-m2.7, glm-4.6, deepseek-v4-flash, deepseek-v4.1-flash, deepseek-v4-pro, deepseek-v3-2-volc, deepseek-v3-1-volc, deepseek-v3-1-lkeap, deepseek-v3-1, deepseek-v3-0324-lkeap, deepseek-r1-0528-lkeap, kimi-k2-instruct-taiji, completion-gf, default-1.1, hunyuan-3b, hunyuan-7b-dense, codewise-completions, codewise-rewrite, codewise-nes-a4-027-aide, codewise-jump, deepseek-r1-0528, deepseek-v3-0324-taco-completion, deepseek-v3-0324, default-1.2, hunyuan-2.0-instruct, hunyuan-chat, hunyuan-image-alpha, hunyuan-image-alpha-edit
[9/24/2026, 6:58:57 PM.728] [Info] [AgentModelResolver] agent "cli" original_models=["auto","hy4-preview-f","hy3","hy3-x","deepseek-v4.1-flash","glm-5.3","glm-5.3-flash","glm-5.2","glm-5.1","glm-5v-turbo","minimax-m3","kimi-k3-1","kimi-k2.8-preview","kimi-k2.7","kimi-k2.6","deepseek-v4-pro"] -> resolved_models=["auto","hy4-preview-f","hy3","hy3-x","deepseek-v4.1-flash","glm-5.3","glm-5.3-flash","glm-5.2","glm-5.1","glm-5v-turbo","minimax-m3","kimi-k3-1","kimi-k2.8-preview","kimi-k2.7","kimi-k2.6","deepseek-v4-pro"]
[9/24/2026, 6:58:57 PM.728] [Info] [AgentModelResolver] agent "general-purpose" original_models=[] -> resolved_models=[]
[9/24/2026, 6:58:57 PM.728] [Info] [AgentModelResolver] agent "compact" original_models=[] -> resolved_models=[]
[9/24/2026, 6:58:57 PM.728] [Info] [AgentModelResolver] agent "contextSummary" original_models=[] -> resolved_models=[]
[9/24/2026, 6:58:57 PM.728] [Info] [AgentModelResolver] agent "contentAnalyzer" original_models=[] -> resolved_models=[]
[9/24/2026, 6:58:57 PM.728] [Info] [AgentModelResolver] agent "terminalTitleGenerator" original_models=[] -> resolved_models=[]
[9/24/2026, 6:58:57 PM.728] [Info] [AgentModelResolver] agent "promptSuggestion" original_models=[] -> resolved_models=[]
[9/24/2026, 6:58:57 PM.728] [Info] [AgentModelResolver] agent "memorySelector" original_models=["lite"] -> resolved_models=["lite"]
[9/24/2026, 6:58:57 PM.728] [Info] [AgentModelResolver] agent "summaryGenerator" original_models=[] -> resolved_models=[]
[9/24/2026, 6:58:57 PM.728] [Info] [AgentModelResolver] agent "autoModeClassifier" original_models=[] -> resolved_models=[]
[9/24/2026, 6:58:57 PM.728] [Info] [AgentModelResolver] agent "promptHookEvaluator" original_models=["lite"] -> resolved_models=["lite"]
[9/24/2026, 6:58:57 PM.728] [Info] [AgentModelResolver] agent "insightsAnalyzer" original_models=[] -> resolved_models=[]
[9/24/2026, 6:58:57 PM.728] [Info] [AgentModelResolver] agent "agentInstructions" original_models=[] -> resolved_models=[]
[9/24/2026, 6:58:57 PM.728] [Info] [AgentModelResolver] agent "statusline-setup" original_models=[] -> resolved_models=[]
[9/24/2026, 6:58:57 PM.728] [Info] [AgentModelResolver] agent "Explore" original_models=["lite"] -> resolved_models=["lite"]
[9/24/2026, 6:58:57 PM.728] [Info] [AgentModelResolver] agent "Plan" original_models=[] -> resolved_models=[]
[9/24/2026, 6:58:57 PM.728] [Info] [AgentModelResolver] agent "pulse" original_models=[] -> resolved_models=[]
[9/24/2026, 6:58:57 PM.728] [Info] [AgentModelResolver] agent "handoff-summary" original_models=undefined -> resolved_models=[]
[9/24/2026, 6:58:57 PM.728] [Info] [AgentModelResolver] agent "enhance-prompt" original_models=[] -> resolved_models=[]
[9/24/2026, 6:58:57 PM.728] [Info] [AgentModelResolver] agent "sheet-agent" original_models=[] -> resolved_models=[]
[9/24/2026, 6:58:57 PM.728] [Info] [AgentModelResolver] agent "doc-converter" original_models=[] -> resolved_models=[]
[9/24/2026, 6:58:57 PM.728] [Info] [AgentModelResolver] agent "doc-formatter" original_models=[] -> resolved_models=[]
[9/24/2026, 6:58:57 PM.728] [Info] [AgentModelResolver] agent "doc-writer" original_models=[] -> resolved_models=[]
[9/24/2026, 6:58:57 PM.743] [Info] [PluginPolicyService]  [MergedPlugins][DEBUG] ProductManager.onDidChange fired, reloading policies...
[9/24/2026, 6:58:57 PM.743] [Info] [PluginPolicyService]  [MergedPlugins][DEBUG] Current config builtInMarketPluginsMerge: [{"autoEnable":true,"marketplaceName":"codebuddy-plugins-official","name":"agent-browser","scope":"user"},{"autoEnable":true,"marketplaceName":"codebuddy-plugins-official","name":"find-skills","scope":"user"}]
[9/24/2026, 6:58:57 PM.743] [Info] [PluginPolicyService]  [MergedPlugins] Loaded 2 merged plugin entries
[9/24/2026, 6:58:57 PM.743] [Info] [Startup] AgentManager.rebuildAgents: START
[9/24/2026, 6:58:57 PM.743] [Info] [Startup] AgentManager.rebuildAgents: completed in 11ms, resolving readyDeferred
[9/24/2026, 6:58:57 PM.744] [Info] [PluginManager]  Checking for built-in marketplaces to install...
[9/24/2026, 6:58:57 PM.744] [Info] [BuiltInMarketplaceProvider]  Found 2 built-in marketplace(s)
[9/24/2026, 6:58:57 PM.744] [Info] [PluginManager]  Found 2 built-in marketplace(s)
[9/24/2026, 6:58:57 PM.744] [Info] [MarketplaceStorage]  [MarketplaceStorage] getMarketplaces ensureConfigFile=0ms readAndRepair=0ms migration=0ms total=0ms count=5 path=/Users/didi/.workbuddy/plugins/known_marketplaces.json
[9/24/2026, 6:58:57 PM.744] [Info] [PluginManager]  All built-in marketplaces are already installed
[9/24/2026, 6:58:57 PM.745] [Info] [AgentManager.getModel] agent='cli' has no explicit model (auto); resolved to first-available='auto'
[9/24/2026, 6:58:57 PM.745] [Info] [AgentManager.getModel] agent='cli' has no explicit model (auto); resolved to first-available='auto'
[9/24/2026, 6:58:57 PM.746] [Info] Initialized 3 output styles
[9/24/2026, 6:58:57 PM.746] [Info] [Startup] AgentManager.rebuildAgents: START
[9/24/2026, 6:58:57 PM.747] [Info] [AgentManager] runtime cli agent view ready: 23 agents (used for registration and Agent tool descriptions)
[9/24/2026, 6:58:57 PM.747] [Info] [Startup] McpReadyService.waitForServersReady: config projection triggered; network connections continue asynchronously
[9/24/2026, 6:58:57 PM.748] [Info] [Startup] McpReadyService.waitForServersReady: config projection triggered; network connections continue asynchronously
[9/24/2026, 6:58:57 PM.748] [Info] [Startup] McpReadyService.waitForServersReady: config projection triggered; network connections continue asynchronously
[9/24/2026, 6:58:57 PM.748] [Info] [MCP][cacheDbg] getConnectedServers() called: nonInteractive=true waitForSettle=false cacheNow=[connector-proxy] allServers=[connector-proxy:connected,weixinpay:connecting,sheetagent:connecting]
[9/24/2026, 6:58:57 PM.748] [Info] [MCP][cacheDbg] getConnectedServers() returning: [connector-proxy] (size=1)
[9/24/2026, 6:58:57 PM.748] [Info] [Startup] McpManager.list: starting (scope=all)
[9/24/2026, 6:58:57 PM.749] [Info] [Startup] McpManager.list: starting (scope=all)
[9/24/2026, 6:58:57 PM.749] [Info] [Startup] McpManager.list: starting (scope=all)
[9/24/2026, 6:58:57 PM.749] [Info] [Startup] McpReadyService.waitForServersReady: config projection triggered; network connections continue asynchronously
[9/24/2026, 6:58:57 PM.749] [Info] [Startup] McpReadyService.waitForServersReady: config projection triggered; network connections continue asynchronously
[9/24/2026, 6:58:57 PM.749] [Info] [Startup] McpReadyService.waitForServersReady: config projection triggered; network connections continue asynchronously
[9/24/2026, 6:58:57 PM.749] [Info] [MCP][cacheDbg] getConnectedServers() called: nonInteractive=true waitForSettle=false cacheNow=[connector-proxy] allServers=[connector-proxy:connected,weixinpay:connecting,sheetagent:connecting]
[9/24/2026, 6:58:57 PM.749] [Info] [MCP][cacheDbg] getConnectedServers() returning: [connector-proxy] (size=1)
[9/24/2026, 6:58:57 PM.749] [Info] [MCP][cacheDbg] getConnectedServers() called: nonInteractive=true waitForSettle=false cacheNow=[connector-proxy] allServers=[connector-proxy:connected,weixinpay:connecting,sheetagent:connecting]
[9/24/2026, 6:58:57 PM.749] [Info] [MCP][cacheDbg] getConnectedServers() returning: [connector-proxy] (size=1)
[9/24/2026, 6:58:57 PM.749] [Info] [MCP][cacheDbg] getConnectedServers() called: nonInteractive=true waitForSettle=false cacheNow=[connector-proxy] allServers=[connector-proxy:connected,weixinpay:connecting,sheetagent:connecting]
[9/24/2026, 6:58:57 PM.749] [Info] [MCP][cacheDbg] getConnectedServers() returning: [connector-proxy] (size=1)
[9/24/2026, 6:58:57 PM.750] [Info] [Startup] McpManager.list: starting (scope=all)
[9/24/2026, 6:58:57 PM.750] [Info] [Startup] McpManager.list: starting (scope=all)
[9/24/2026, 6:58:57 PM.750] [Info] [Startup] McpManager.list: starting (scope=all)
[9/24/2026, 6:58:57 PM.750] [Info] [MCP][buildMcpServers] connected servers=[connector-proxy] (count=1)
[9/24/2026, 6:58:57 PM.750] [Info] [MCP][buildMcpServers] connected servers=[connector-proxy] (count=1)
[9/24/2026, 6:58:57 PM.750] [Info] [MCP][registerAgent] agent=contextSummary mcpServers=[] (count=0) grantMcpAccess=false
[9/24/2026, 6:58:57 PM.750] [Info] [MCP][registerAgent] agent=contentAnalyzer mcpServers=[] (count=0) grantMcpAccess=false
[9/24/2026, 6:58:57 PM.750] [Info] [MCP][registerAgent] agent=terminalTitleGenerator mcpServers=[] (count=0) grantMcpAccess=false
[9/24/2026, 6:58:57 PM.750] [Info] [MCP][registerAgent] agent=promptSuggestion mcpServers=[] (count=0) grantMcpAccess=false
[9/24/2026, 6:58:57 PM.750] [Info] [MCP][registerAgent] agent=memorySelector mcpServers=[] (count=0) grantMcpAccess=false
[9/24/2026, 6:58:57 PM.750] [Info] [MCP][registerAgent] agent=summaryGenerator mcpServers=[] (count=0) grantMcpAccess=false
[9/24/2026, 6:58:57 PM.750] [Info] [MCP][registerAgent] agent=autoModeClassifier mcpServers=[] (count=0) grantMcpAccess=false
[9/24/2026, 6:58:57 PM.750] [Info] [MCP][registerAgent] agent=promptHookEvaluator mcpServers=[] (count=0) grantMcpAccess=false
[9/24/2026, 6:58:57 PM.750] [Info] [MCP][registerAgent] agent=insightsAnalyzer mcpServers=[] (count=0) grantMcpAccess=false
[9/24/2026, 6:58:57 PM.750] [Info] [MCP][registerAgent] agent=agentInstructions mcpServers=[] (count=0) grantMcpAccess=false
[9/24/2026, 6:58:57 PM.750] [Info] [MCP][buildMcpServers] connected servers=[connector-proxy] (count=1)
[9/24/2026, 6:58:57 PM.750] [Info] [MCP][cacheDbg] getConnectedServers() called: nonInteractive=true waitForSettle=false cacheNow=[connector-proxy] allServers=[connector-proxy:connected,weixinpay:connecting,sheetagent:connecting]
[9/24/2026, 6:58:57 PM.750] [Info] [MCP][cacheDbg] getConnectedServers() returning: [connector-proxy] (size=1)
[9/24/2026, 6:58:57 PM.750] [Info] [MCP][cacheDbg] getConnectedServers() called: nonInteractive=true waitForSettle=false cacheNow=[connector-proxy] allServers=[connector-proxy:connected,weixinpay:connecting,sheetagent:connecting]
[9/24/2026, 6:58:57 PM.750] [Info] [MCP][cacheDbg] getConnectedServers() returning: [connector-proxy] (size=1)
[9/24/2026, 6:58:57 PM.750] [Info] [MCP][cacheDbg] getConnectedServers() called: nonInteractive=true waitForSettle=false cacheNow=[connector-proxy] allServers=[connector-proxy:connected,weixinpay:connecting,sheetagent:connecting]
[9/24/2026, 6:58:57 PM.750] [Info] [MCP][cacheDbg] getConnectedServers() returning: [connector-proxy] (size=1)
[9/24/2026, 6:58:57 PM.750] [Info] [MCP][buildMcpServers] wait breakdown: waitForServersReady=0ms getConnectedServers=1ms
[9/24/2026, 6:58:57 PM.750] [Info] [MCP][buildMcpServers] connected servers=[connector-proxy] (count=1)
[9/24/2026, 6:58:57 PM.750] [Info] [MCP][buildMcpServers] wait breakdown: waitForServersReady=0ms getConnectedServers=1ms
[9/24/2026, 6:58:57 PM.750] [Info] [MCP][buildMcpServers] connected servers=[connector-proxy] (count=1)
[9/24/2026, 6:58:57 PM.750] [Info] [MCP][buildMcpServers] wait breakdown: waitForServersReady=0ms getConnectedServers=1ms
[9/24/2026, 6:58:57 PM.750] [Info] [MCP][buildMcpServers] connected servers=[connector-proxy] (count=1)
[9/24/2026, 6:58:57 PM.752] [Info] [MCP][registerAgent] agent=compact mcpServers=[] (count=0) grantMcpAccess=false
[9/24/2026, 6:58:57 PM.752] [Info] [MCP][registerAgent] agent=statusline-setup mcpServers=[] (count=0) grantMcpAccess=false
[9/24/2026, 6:58:57 PM.752] [Info] [MCP][registerAgent] agent=Plan mcpServers=[] (count=0) grantMcpAccess=false
[9/24/2026, 6:58:57 PM.752] [Info] [MCP][registerAgent] agent=pulse mcpServers=[] (count=0) grantMcpAccess=false
[9/24/2026, 6:58:57 PM.752] [Info] [MCP][registerAgent] agent=handoff-summary mcpServers=[] (count=0) grantMcpAccess=false
[9/24/2026, 6:58:57 PM.752] [Info] [MCP][registerAgent] agent=enhance-prompt mcpServers=[] (count=0) grantMcpAccess=false
[9/24/2026, 6:58:57 PM.752] [Info] [MCP][registerAgent] agent=sheet-agent mcpServers=[] (count=0) grantMcpAccess=true
[9/24/2026, 6:58:57 PM.752] [Info] [MCP][registerAgent] agent=Explore mcpServers=[connector-proxy] (count=1) grantMcpAccess=true
[9/24/2026, 6:58:57 PM.752] [Info] [MCP][registerAgent] agent=cli mcpServers=[connector-proxy] (count=1) grantMcpAccess=true
[9/24/2026, 6:58:57 PM.752] [Info] [MCP][registerAgent] agent=general-purpose mcpServers=[connector-proxy] (count=1) grantMcpAccess=true
[9/24/2026, 6:58:57 PM.752] [Info] [MCP][registerAgent] agent=doc-converter mcpServers=[connector-proxy] (count=1) grantMcpAccess=true
[9/24/2026, 6:58:57 PM.752] [Info] [MCP][registerAgent] agent=doc-formatter mcpServers=[connector-proxy] (count=1) grantMcpAccess=true
[9/24/2026, 6:58:57 PM.752] [Info] [MCP][registerAgent] agent=doc-writer mcpServers=[connector-proxy] (count=1) grantMcpAccess=true
[9/24/2026, 6:58:57 PM.753] [Info] [Startup] AgentManager.rebuildAgents: completed in 6ms, resolving readyDeferred
[9/24/2026, 6:58:57 PM.753] [Info] [PluginRuntime] refresh completed (startup), active=9
[9/24/2026, 6:58:57 PM.753] [Info] [MarketplaceStorage]  [MarketplaceStorage] getMarketplaces ensureConfigFile=0ms readAndRepair=9ms migration=0ms total=9ms count=5 path=/Users/didi/.workbuddy/plugins/known_marketplaces.json
[9/24/2026, 6:58:57 PM.753] [Info] [BuiltInMarketplaceProvider]  Found 2 built-in marketplace(s)
[9/24/2026, 6:58:57 PM.755] [Info] [PluginManager]  Loaded 5 marketplaces (2 built-in) total=11ms storage=9ms builtIn=0ms autoUpdate=0ms
[9/24/2026, 6:58:57 PM.760] [Info] [MCP][cacheDbg] status setter: server=weixinpay connecting -> connected
[9/24/2026, 6:58:57 PM.760] [Info] [MCP][cacheDbg] changedSubject.next #7: server=weixinpay status=connected
[9/24/2026, 6:58:57 PM.760] [Info] [MCP][cacheDbg] doConnect OK: server=weixinpay elapsed=367ms
[9/24/2026, 6:58:57 PM.760] [Info] [MCP][cacheDbg] run#7 ENTER (inflight=1): trigger=weixinpay status=connected isActive=true | cacheBefore=[connector-proxy] (size=1)
[9/24/2026, 6:58:57 PM.760] [Info] Indexing deferred tools for server: weixinpay
[9/24/2026, 6:58:57 PM.761] [Info] [MCP][cacheDbg] run#7 activeNow=[connector-proxy,weixinpay] | allServers=[connector-proxy:connected,weixinpay:connected,sheetagent:connecting]
[9/24/2026, 6:58:57 PM.761] [Info] [MCP][cacheDbg] run#7 cache rebuilt: cacheAfter=[connector-proxy,weixinpay] (size=2)
[9/24/2026, 6:58:57 PM.761] [Info] [MCP][cacheDbg] run#7 EXIT (inflight=0)
[9/24/2026, 6:58:57 PM.776] [Info] [MCP][cacheDbg] status setter: server=sheetagent connecting -> connected
[9/24/2026, 6:58:57 PM.776] [Info] [MCP][cacheDbg] changedSubject.next #8: server=sheetagent status=connected
[9/24/2026, 6:58:57 PM.776] [Info] [MCP][cacheDbg] doConnect OK: server=sheetagent elapsed=380ms
[9/24/2026, 6:58:57 PM.776] [Info] [MCP][cacheDbg] run#8 ENTER (inflight=1): trigger=sheetagent status=connected isActive=true | cacheBefore=[connector-proxy,weixinpay] (size=2)
[9/24/2026, 6:58:57 PM.776] [Info] Indexing deferred tools for server: sheetagent
[9/24/2026, 6:58:57 PM.780] [Info] [MCP][cacheDbg] run#8 activeNow=[connector-proxy,weixinpay,sheetagent] | allServers=[connector-proxy:connected,weixinpay:connected,sheetagent:connected]
[9/24/2026, 6:58:57 PM.780] [Info] [MCP][cacheDbg] run#8 cache rebuilt: cacheAfter=[connector-proxy,weixinpay,sheetagent] (size=3)
[9/24/2026, 6:58:57 PM.780] [Info] [MCP][cacheDbg] run#8 EXIT (inflight=0)
[9/24/2026, 6:58:57 PM.916] [Info] [AuthenticationSessionListener] [auth_success: 青石]  认证成功,执行 Notification 钩子:
[9/24/2026, 6:58:57 PM.948] [Info] [PluginsProductProvider.provide] active=9, ids=[weixinpay@workbuddy-builtin,tencent-docs-plugin@workbuddy-builtin,sheetagent@workbuddy-builtin,tencent-pptx@workbuddy-builtin,tencent-docx@workbuddy-builtin,agent-browser@codebuddy-plugins-official,find-skills@codebuddy-plugins-official,agent-browser@inline,find-skills@inline]
[9/24/2026, 6:58:57 PM.948] [Info] [MCP][cacheDbg] getConnectedServers() called: nonInteractive=true waitForSettle=false cacheNow=[connector-proxy,weixinpay,sheetagent] allServers=[connector-proxy:connected,weixinpay:connected,sheetagent:connected]
[9/24/2026, 6:58:57 PM.948] [Info] [MCP][cacheDbg] getConnectedServers() returning: [connector-proxy,weixinpay,sheetagent] (size=3)
[9/24/2026, 6:58:57 PM.954] [Info] [CustomModelsProductProvider] productName=WorkBuddy, isWorkBuddy=true, userConfigPath=/Users/didi/.workbuddy/models.json
[9/24/2026, 6:58:57 PM.954] [Info] [ModelsProductProvider] enterpriseId: undefined, endpoint: https://copilot.tencent.com
[9/24/2026, 6:58:57 PM.954] [Warning] [ModelsProductProvider] enterpriseId is missing, skipping models API call
[9/24/2026, 6:58:57 PM.954] [Info] [AgentModelResolver] product config input: 53 models, 23 agents
[9/24/2026, 6:58:57 PM.954] [Info] [AgentModelResolver] model ids: auto, fast-model, balanced-model, deep-model, hy3, hy3-b, hy3-c, hy3-x, hy4-preview, hy4-preview-f, minimax-m2.5, glm-5v-turbo, glm-5.3, glm-5.3-flash, glm-5.2, glm-5.1, glm-5.0-turbo, glm-4.6v, kimi-k3-1, kimi-k2.8-preview, kimi-k2.7, kimi-k2.6, kimi-k2.5, kimi-k2-thinking, minimax-m3, minimax-m2.7, glm-4.6, deepseek-v4-flash, deepseek-v4.1-flash, deepseek-v4-pro, deepseek-v3-2-volc, deepseek-v3-1-volc, deepseek-v3-1-lkeap, deepseek-v3-1, deepseek-v3-0324-lkeap, deepseek-r1-0528-lkeap, kimi-k2-instruct-taiji, completion-gf, default-1.1, hunyuan-3b, hunyuan-7b-dense, codewise-completions, codewise-rewrite, codewise-nes-a4-027-aide, codewise-jump, deepseek-r1-0528, deepseek-v3-0324-taco-completion, deepseek-v3-0324, default-1.2, hunyuan-2.0-instruct, hunyuan-chat, hunyuan-image-alpha, hunyuan-image-alpha-edit
[9/24/2026, 6:58:57 PM.954] [Info] [AgentModelResolver] agent "cli" original_models=["auto","hy4-preview-f","hy3","hy3-x","deepseek-v4.1-flash","glm-5.3","glm-5.3-flash","glm-5.2","glm-5.1","glm-5v-turbo","minimax-m3","kimi-k3-1","kimi-k2.8-preview","kimi-k2.7","kimi-k2.6","deepseek-v4-pro"] -> resolved_models=["auto","hy4-preview-f","hy3","hy3-x","deepseek-v4.1-flash","glm-5.3","glm-5.3-flash","glm-5.2","glm-5.1","glm-5v-turbo","minimax-m3","kimi-k3-1","kimi-k2.8-preview","kimi-k2.7","kimi-k2.6","deepseek-v4-pro"]
[9/24/2026, 6:58:57 PM.954] [Info] [AgentModelResolver] agent "general-purpose" original_models=[] -> resolved_models=[]
[9/24/2026, 6:58:57 PM.954] [Info] [AgentModelResolver] agent "compact" original_models=[] -> resolved_models=[]
[9/24/2026, 6:58:57 PM.954] [Info] [AgentModelResolver] agent "contextSummary" original_models=[] -> resolved_models=[]
[9/24/2026, 6:58:57 PM.954] [Info] [AgentModelResolver] agent "contentAnalyzer" original_models=[] -> resolved_models=[]
[9/24/2026, 6:58:57 PM.954] [Info] [AgentModelResolver] agent "terminalTitleGenerator" original_models=[] -> resolved_models=[]
[9/24/2026, 6:58:57 PM.954] [Info] [AgentModelResolver] agent "promptSuggestion" original_models=[] -> resolved_models=[]
[9/24/2026, 6:58:57 PM.954] [Info] [AgentModelResolver] agent "memorySelector" original_models=["lite"] -> resolved_models=["lite"]
[9/24/2026, 6:58:57 PM.954] [Info] [AgentModelResolver] agent "summaryGenerator" original_models=[] -> resolved_models=[]
[9/24/2026, 6:58:57 PM.954] [Info] [AgentModelResolver] agent "autoModeClassifier" original_models=[] -> resolved_models=[]
[9/24/2026, 6:58:57 PM.954] [Info] [AgentModelResolver] agent "promptHookEvaluator" original_models=["lite"] -> resolved_models=["lite"]
[9/24/2026, 6:58:57 PM.954] [Info] [AgentModelResolver] agent "insightsAnalyzer" original_models=[] -> resolved_models=[]
[9/24/2026, 6:58:57 PM.954] [Info] [AgentModelResolver] agent "agentInstructions" original_models=[] -> resolved_models=[]
[9/24/2026, 6:58:57 PM.954] [Info] [AgentModelResolver] agent "statusline-setup" original_models=[] -> resolved_models=[]
[9/24/2026, 6:58:57 PM.954] [Info] [AgentModelResolver] agent "Explore" original_models=["lite"] -> resolved_models=["lite"]
[9/24/2026, 6:58:57 PM.954] [Info] [AgentModelResolver] agent "Plan" original_models=[] -> resolved_models=[]
[9/24/2026, 6:58:57 PM.954] [Info] [AgentModelResolver] agent "pulse" original_models=[] -> resolved_models=[]
[9/24/2026, 6:58:57 PM.954] [Info] [AgentModelResolver] agent "handoff-summary" original_models=undefined -> resolved_models=[]
[9/24/2026, 6:58:57 PM.954] [Info] [AgentModelResolver] agent "enhance-prompt" original_models=[] -> resolved_models=[]
[9/24/2026, 6:58:57 PM.954] [Info] [AgentModelResolver] agent "sheet-agent" original_models=[] -> resolved_models=[]
[9/24/2026, 6:58:57 PM.954] [Info] [AgentModelResolver] agent "doc-converter" original_models=[] -> resolved_models=[]
[9/24/2026, 6:58:57 PM.954] [Info] [AgentModelResolver] agent "doc-formatter" original_models=[] -> resolved_models=[]
[9/24/2026, 6:58:57 PM.954] [Info] [AgentModelResolver] agent "doc-writer" original_models=[] -> resolved_models=[]
[9/24/2026, 6:58:57 PM.968] [Info] [PluginPolicyService]  [MergedPlugins][DEBUG] ProductManager.onDidChange fired, reloading policies...
[9/24/2026, 6:58:57 PM.968] [Info] [PluginPolicyService]  [MergedPlugins][DEBUG] Current config builtInMarketPluginsMerge: [{"autoEnable":true,"marketplaceName":"codebuddy-plugins-official","name":"agent-browser","scope":"user"},{"autoEnable":true,"marketplaceName":"codebuddy-plugins-official","name":"find-skills","scope":"user"}]
[9/24/2026, 6:58:57 PM.968] [Info] [PluginPolicyService]  [MergedPlugins] Loaded 2 merged plugin entries
[9/24/2026, 6:58:57 PM.968] [Info] [Startup] AgentManager.rebuildAgents: START
[9/24/2026, 6:58:57 PM.969] [Info] [Startup] AgentManager.rebuildAgents: completed in 11ms, resolving readyDeferred
[9/24/2026, 6:58:57 PM.976] [Info] [PluginManager]  Checking for built-in marketplaces to install...
[9/24/2026, 6:58:57 PM.976] [Info] [BuiltInMarketplaceProvider]  Found 2 built-in marketplace(s)
[9/24/2026, 6:58:57 PM.976] [Info] [PluginManager]  Found 2 built-in marketplace(s)
[9/24/2026, 6:58:57 PM.977] [Info] [MarketplaceStorage]  [MarketplaceStorage] getMarketplaces ensureConfigFile=0ms readAndRepair=1ms migration=0ms total=1ms count=5 path=/Users/didi/.workbuddy/plugins/known_marketplaces.json
[9/24/2026, 6:58:57 PM.977] [Info] [PluginManager]  All built-in marketplaces are already installed
[9/24/2026, 6:58:57 PM.977] [Info] [MarketplaceStorage]  [MarketplaceStorage] getMarketplaces ensureConfigFile=0ms readAndRepair=0ms migration=0ms total=0ms count=5 path=/Users/didi/.workbuddy/plugins/known_marketplaces.json
[9/24/2026, 6:58:57 PM.977] [Info] [BuiltInMarketplaceProvider]  Found 2 built-in marketplace(s)
[9/24/2026, 6:58:57 PM.979] [Info] [PluginManager]  Loaded 5 marketplaces (2 built-in) total=2ms storage=0ms builtIn=0ms autoUpdate=0ms
[9/24/2026, 6:58:59 PM.022] [Info] [ShellSnapshotService]  Shell snapshot warmup started
[9/24/2026, 6:58:59 PM.022] [Info] [ShellSnapshotService]  Snapshot script exec start. shellPath=/bin/bash, timeoutMs=10000, maxBuffer=1048576
[9/24/2026, 6:58:59 PM.022] [Info] [ShellSnapshotService]  Snapshot child process started. pid=73065
[9/24/2026, 6:58:59 PM.028] [Info] [HotReload] Watching 3 paths for changes
[9/24/2026, 6:58:59 PM.068] [Info] [ShellSnapshotService]  Snapshot script exec finished. shellPath=/bin/bash, elapsedMs=46, stdoutLen=0, stderrLen=0
[9/24/2026, 6:58:59 PM.072] [Info] [ShellSnapshotService]  Shell snapshot created successfully (1614 bytes)
[9/24/2026, 6:58:59 PM.072] [Info] [ShellSnapshotService]  Shell snapshot warmup completed successfully
[9/24/2026, 6:58:59 PM.141] [Info] [TracingService]  Galileo dual-report enabled: primary OTLP processor attached to global provider.
[9/24/2026, 6:58:59 PM.141] [Info] [GalileoService] initialized successfully
[9/24/2026, 6:59:00 PM.779] [Info] [ProductManager.sync] Triggered by MCP server status changes
[9/24/2026, 6:59:00 PM.791] [Info] [PluginsProductProvider.provide] active=9, ids=[weixinpay@workbuddy-builtin,tencent-docs-plugin@workbuddy-builtin,sheetagent@workbuddy-builtin,tencent-pptx@workbuddy-builtin,tencent-docx@workbuddy-builtin,agent-browser@codebuddy-plugins-official,find-skills@codebuddy-plugins-official,agent-browser@inline,find-skills@inline]
[9/24/2026, 6:59:00 PM.792] [Info] [MCP][cacheDbg] getConnectedServers() called: nonInteractive=true waitForSettle=false cacheNow=[connector-proxy,weixinpay,sheetagent] allServers=[connector-proxy:connected,weixinpay:connected,sheetagent:connected]
[9/24/2026, 6:59:00 PM.792] [Info] [MCP][cacheDbg] getConnectedServers() returning: [connector-proxy,weixinpay,sheetagent] (size=3)
[9/24/2026, 6:59:00 PM.805] [Info] [CustomModelsProductProvider] productName=WorkBuddy, isWorkBuddy=true, userConfigPath=/Users/didi/.workbuddy/models.json
[9/24/2026, 6:59:00 PM.805] [Info] [ModelsProductProvider] enterpriseId: undefined, endpoint: https://copilot.tencent.com
[9/24/2026, 6:59:00 PM.805] [Warning] [ModelsProductProvider] enterpriseId is missing, skipping models API call
[9/24/2026, 6:59:00 PM.805] [Info] [AgentModelResolver] product config input: 53 models, 23 agents
[9/24/2026, 6:59:00 PM.805] [Info] [AgentModelResolver] model ids: auto, fast-model, balanced-model, deep-model, hy3, hy3-b, hy3-c, hy3-x, hy4-preview, hy4-preview-f, minimax-m2.5, glm-5v-turbo, glm-5.3, glm-5.3-flash, glm-5.2, glm-5.1, glm-5.0-turbo, glm-4.6v, kimi-k3-1, kimi-k2.8-preview, kimi-k2.7, kimi-k2.6, kimi-k2.5, kimi-k2-thinking, minimax-m3, minimax-m2.7, glm-4.6, deepseek-v4-flash, deepseek-v4.1-flash, deepseek-v4-pro, deepseek-v3-2-volc, deepseek-v3-1-volc, deepseek-v3-1-lkeap, deepseek-v3-1, deepseek-v3-0324-lkeap, deepseek-r1-0528-lkeap, kimi-k2-instruct-taiji, completion-gf, default-1.1, hunyuan-3b, hunyuan-7b-dense, codewise-completions, codewise-rewrite, codewise-nes-a4-027-aide, codewise-jump, deepseek-r1-0528, deepseek-v3-0324-taco-completion, deepseek-v3-0324, default-1.2, hunyuan-2.0-instruct, hunyuan-chat, hunyuan-image-alpha, hunyuan-image-alpha-edit
[9/24/2026, 6:59:00 PM.805] [Info] [AgentModelResolver] agent "cli" original_models=["auto","hy4-preview-f","hy3","hy3-x","deepseek-v4.1-flash","glm-5.3","glm-5.3-flash","glm-5.2","glm-5.1","glm-5v-turbo","minimax-m3","kimi-k3-1","kimi-k2.8-preview","kimi-k2.7","kimi-k2.6","deepseek-v4-pro"] -> resolved_models=["auto","hy4-preview-f","hy3","hy3-x","deepseek-v4.1-flash","glm-5.3","glm-5.3-flash","glm-5.2","glm-5.1","glm-5v-turbo","minimax-m3","kimi-k3-1","kimi-k2.8-preview","kimi-k2.7","kimi-k2.6","deepseek-v4-pro"]
[9/24/2026, 6:59:00 PM.805] [Info] [AgentModelResolver] agent "general-purpose" original_models=[] -> resolved_models=[]
[9/24/2026, 6:59:00 PM.805] [Info] [AgentModelResolver] agent "compact" original_models=[] -> resolved_models=[]
[9/24/2026, 6:59:00 PM.805] [Info] [AgentModelResolver] agent "contextSummary" original_models=[] -> resolved_models=[]
[9/24/2026, 6:59:00 PM.805] [Info] [AgentModelResolver] agent "contentAnalyzer" original_models=[] -> resolved_models=[]
[9/24/2026, 6:59:00 PM.805] [Info] [AgentModelResolver] agent "terminalTitleGenerator" original_models=[] -> resolved_models=[]
[9/24/2026, 6:59:00 PM.805] [Info] [AgentModelResolver] agent "promptSuggestion" original_models=[] -> resolved_models=[]
[9/24/2026, 6:59:00 PM.805] [Info] [AgentModelResolver] agent "memorySelector" original_models=["lite"] -> resolved_models=["lite"]
[9/24/2026, 6:59:00 PM.805] [Info] [AgentModelResolver] agent "summaryGenerator" original_models=[] -> resolved_models=[]
[9/24/2026, 6:59:00 PM.805] [Info] [AgentModelResolver] agent "autoModeClassifier" original_models=[] -> resolved_models=[]
[9/24/2026, 6:59:00 PM.805] [Info] [AgentModelResolver] agent "promptHookEvaluator" original_models=["lite"] -> resolved_models=["lite"]
[9/24/2026, 6:59:00 PM.805] [Info] [AgentModelResolver] agent "insightsAnalyzer" original_models=[] -> resolved_models=[]
[9/24/2026, 6:59:00 PM.805] [Info] [AgentModelResolver] agent "agentInstructions" original_models=[] -> resolved_models=[]
[9/24/2026, 6:59:00 PM.805] [Info] [AgentModelResolver] agent "statusline-setup" original_models=[] -> resolved_models=[]
[9/24/2026, 6:59:00 PM.805] [Info] [AgentModelResolver] agent "Explore" original_models=["lite"] -> resolved_models=["lite"]
[9/24/2026, 6:59:00 PM.805] [Info] [AgentModelResolver] agent "Plan" original_models=[] -> resolved_models=[]
[9/24/2026, 6:59:00 PM.805] [Info] [AgentModelResolver] agent "pulse" original_models=[] -> resolved_models=[]
[9/24/2026, 6:59:00 PM.805] [Info] [AgentModelResolver] agent "handoff-summary" original_models=undefined -> resolved_models=[]
[9/24/2026, 6:59:00 PM.805] [Info] [AgentModelResolver] agent "enhance-prompt" original_models=[] -> resolved_models=[]
[9/24/2026, 6:59:00 PM.805] [Info] [AgentModelResolver] agent "sheet-agent" original_models=[] -> resolved_models=[]
[9/24/2026, 6:59:00 PM.805] [Info] [AgentModelResolver] agent "doc-converter" original_models=[] -> resolved_models=[]
[9/24/2026, 6:59:00 PM.805] [Info] [AgentModelResolver] agent "doc-formatter" original_models=[] -> resolved_models=[]
[9/24/2026, 6:59:00 PM.805] [Info] [AgentModelResolver] agent "doc-writer" original_models=[] -> resolved_models=[]
[9/24/2026, 6:59:00 PM.828] [Info] [PluginPolicyService]  [MergedPlugins][DEBUG] ProductManager.onDidChange fired, reloading policies...
[9/24/2026, 6:59:00 PM.828] [Info] [PluginPolicyService]  [MergedPlugins][DEBUG] Current config builtInMarketPluginsMerge: [{"autoEnable":true,"marketplaceName":"codebuddy-plugins-official","name":"agent-browser","scope":"user"},{"autoEnable":true,"marketplaceName":"codebuddy-plugins-official","name":"find-skills","scope":"user"}]
[9/24/2026, 6:59:00 PM.828] [Info] [PluginPolicyService]  [MergedPlugins] Loaded 2 merged plugin entries
[9/24/2026, 6:59:00 PM.828] [Info] [Startup] AgentManager.rebuildAgents: START
[9/24/2026, 6:59:00 PM.828] [Info] [Startup] AgentManager.rebuildAgents: completed in 16ms, resolving readyDeferred
[9/24/2026, 6:59:00 PM.828] [Info] [PluginManager]  Checking for built-in marketplaces to install...
[9/24/2026, 6:59:00 PM.828] [Info] [BuiltInMarketplaceProvider]  Found 2 built-in marketplace(s)
[9/24/2026, 6:59:00 PM.828] [Info] [PluginManager]  Found 2 built-in marketplace(s)
[9/24/2026, 6:59:00 PM.829] [Info] [MarketplaceStorage]  [MarketplaceStorage] getMarketplaces ensureConfigFile=0ms readAndRepair=1ms migration=0ms total=1ms count=5 path=/Users/didi/.workbuddy/plugins/known_marketplaces.json
[9/24/2026, 6:59:00 PM.829] [Info] [PluginManager]  All built-in marketplaces are already installed
[9/24/2026, 6:59:00 PM.830] [Info] [MarketplaceStorage]  [MarketplaceStorage] getMarketplaces ensureConfigFile=0ms readAndRepair=1ms migration=0ms total=1ms count=5 path=/Users/didi/.workbuddy/plugins/known_marketplaces.json
[9/24/2026, 6:59:00 PM.830] [Info] [BuiltInMarketplaceProvider]  Found 2 built-in marketplace(s)
[9/24/2026, 6:59:00 PM.831] [Info] [PluginManager]  Loaded 5 marketplaces (2 built-in) total=2ms storage=1ms builtIn=0ms autoUpdate=0ms
[9/24/2026, 6:59:02 PM.348] [Info] [PluginManager]  Starting auto-update check for marketplaces
[9/24/2026, 6:59:02 PM.348] [Info] [PluginManager]  Found 3 marketplace(s) to auto-update: cb_teams_marketplace, codebuddy-plugins-official, experts
[9/24/2026, 6:59:02 PM.348] [Info] [PluginManager]  Auto-updating marketplace: cb_teams_marketplace
[9/24/2026, 6:59:02 PM.348] [Info] [PluginManager]  Updating marketplace from source: cb_teams_marketplace
[9/24/2026, 6:59:02 PM.348] [Info] [PluginManager]  Auto-updating marketplace: codebuddy-plugins-official
[9/24/2026, 6:59:02 PM.348] [Info] [PluginManager]  Updating marketplace from source: codebuddy-plugins-official
[9/24/2026, 6:59:02 PM.350] [Info] [MarketplaceStorage]  [MarketplaceStorage] getMarketplaces ensureConfigFile=0ms readAndRepair=2ms migration=0ms total=2ms count=5 path=/Users/didi/.workbuddy/plugins/known_marketplaces.json
[9/24/2026, 6:59:02 PM.350] [Info] [BuiltInMarketplaceProvider]  Found 2 built-in marketplace(s)
[9/24/2026, 6:59:02 PM.352] [Info] [MarketplaceStorage]  [MarketplaceStorage] getMarketplaces ensureConfigFile=0ms readAndRepair=4ms migration=0ms total=4ms count=5 path=/Users/didi/.workbuddy/plugins/known_marketplaces.json
[9/24/2026, 6:59:02 PM.352] [Info] [BuiltInMarketplaceProvider]  Found 2 built-in marketplace(s)
[9/24/2026, 6:59:02 PM.357] [Info] [PluginManager]  Loaded 5 marketplaces (2 built-in) total=8ms storage=2ms builtIn=0ms autoUpdate=1ms
[9/24/2026, 6:59:02 PM.357] [Info] [PluginManager]  Loaded 5 marketplaces (2 built-in) total=9ms storage=4ms builtIn=0ms autoUpdate=0ms
[9/24/2026, 6:59:02 PM.359] [Info] [MarketplaceUpdateChecker]  [codebuddy-plugins-official] cache invalidated for forced update
[9/24/2026, 6:59:02 PM.359] [Info] [MarketplaceUpdateChecker]  [cb_teams_marketplace] cache invalidated for forced update
[9/24/2026, 6:59:02 PM.360] [Info] [MarketplaceUpdateChecker]  [codebuddy-plugins-official] checked reason=url-version-changed elapsed=1ms (local=none, url=4b9366ac-f7e5-4cef-b60a-99a5229ce2b2)
[9/24/2026, 6:59:02 PM.360] [Info] [ZipMarketplace.update] codebuddy-plugins-official needs update (reason=url-version-changed)
[9/24/2026, 6:59:02 PM.360] [Info] [MarketplaceUpdateChecker]  [cb_teams_marketplace] checked reason=url-version-changed elapsed=1ms (local=none, url=ab2eb0bb-7465-4062-92d1-1df8288f86d1)
[9/24/2026, 6:59:02 PM.360] [Info] [ZipMarketplace.update] cb_teams_marketplace needs update (reason=url-version-changed)
[9/24/2026, 6:59:02 PM.362] [Info] [ZipMarketplace.update] Downloading cb_teams_marketplace from https://download.codebuddy.cn/plugin-marketplace/cb_teams_marketplace-ab2eb0bb-7465-4062-92d1-1df8288f86d1.zip...
[9/24/2026, 6:59:02 PM.362] [Info] [ZipMarketplace.update] Downloading codebuddy-plugins-official from https://download.codebuddy.cn/plugin-marketplace/codebuddy-plugins-official-4b9366ac-f7e5-4cef-b60a-99a5229ce2b2.zip...
[9/24/2026, 6:59:02 PM.813] [Info] [TracingService]  Tracing uses @tencent/galileo-node-sdk global OpenTelemetry provider; @genie OTLP exporter is skipped.
[9/24/2026, 6:59:02 PM.813] [Info] [TracingService]  Tracing config resolved: {"productEnabled":true,"enabledByEnv":false,"endpoint":"https://copilot.tencent.com","galileoEnabled":true}
[9/24/2026, 6:59:06 PM.780] [Info] [PluginManager]  Marketplace cb_teams_marketplace updated successfully
[9/24/2026, 6:59:11 PM.420] [Info] [MarketplaceStorage]  [MarketplaceStorage] getMarketplaces ensureConfigFile=0ms readAndRepair=1ms migration=0ms total=1ms count=5 path=/Users/didi/.workbuddy/plugins/known_marketplaces.json
[9/24/2026, 6:59:11 PM.420] [Info] [BuiltInMarketplaceProvider]  Found 2 built-in marketplace(s)
[9/24/2026, 6:59:11 PM.421] [Info] [PluginManager]  Loaded 5 marketplaces (2 built-in) total=2ms storage=1ms builtIn=0ms autoUpdate=0ms
[9/24/2026, 6:59:11 PM.434] [Info] [PluginManager]  Loaded 10 installed plugins total=13ms
[9/24/2026, 6:59:11 PM.435] [Info] [PluginManager]  Updating plugin agent-browser@codebuddy-plugins-official...
[9/24/2026, 6:59:11 PM.435] [Info] [PluginManager]  Installing plugin agent-browser@codebuddy-plugins-official...
[9/24/2026, 6:59:11 PM.520] [Info] [PluginManager]  Plugin agent-browser@codebuddy-plugins-official installed at /Users/didi/.workbuddy/plugins/cache/codebuddy-plugins-official/agent-browser/1.3.0
[9/24/2026, 6:59:11 PM.521] [Info] [PluginManager]  Plugin agent-browser@codebuddy-plugins-official updated at /Users/didi/.workbuddy/plugins/cache/codebuddy-plugins-official/agent-browser/1.3.0
[9/24/2026, 6:59:11 PM.521] [Info] [PluginManager]  Updated plugins: agent-browser@codebuddy-plugins-official...
[9/24/2026, 6:59:11 PM.521] [Info] [PluginManager]  Plugins agent-browser@codebuddy-plugins-official updated successfully
[9/24/2026, 6:59:11 PM.521] [Info] [MarketplaceStorage]  [MarketplaceStorage] getMarketplaces ensureConfigFile=0ms readAndRepair=0ms migration=0ms total=0ms count=5 path=/Users/didi/.workbuddy/plugins/known_marketplaces.json
[9/24/2026, 6:59:11 PM.521] [Info] [BuiltInMarketplaceProvider]  Found 2 built-in marketplace(s)
[9/24/2026, 6:59:11 PM.522] [Info] [PluginManager]  Loaded 5 marketplaces (2 built-in) total=1ms storage=0ms builtIn=0ms autoUpdate=0ms
[9/24/2026, 6:59:11 PM.532] [Info] [PluginManager]  Loaded 10 installed plugins total=10ms
[9/24/2026, 6:59:11 PM.532] [Info] [PluginManager]  Updating plugin find-skills@codebuddy-plugins-official...
[9/24/2026, 6:59:11 PM.532] [Info] [PluginManager]  Installing plugin find-skills@codebuddy-plugins-official...
[9/24/2026, 6:59:11 PM.568] [Info] [PluginManager]  Plugin find-skills@codebuddy-plugins-official installed at /Users/didi/.workbuddy/plugins/cache/codebuddy-plugins-official/find-skills/1.0.0
[9/24/2026, 6:59:11 PM.569] [Info] [PluginManager]  Plugin find-skills@codebuddy-plugins-official updated at /Users/didi/.workbuddy/plugins/cache/codebuddy-plugins-official/find-skills/1.0.0
[9/24/2026, 6:59:11 PM.569] [Info] [PluginManager]  Updated plugins: find-skills@codebuddy-plugins-official...
[9/24/2026, 6:59:11 PM.569] [Info] [PluginManager]  Plugins find-skills@codebuddy-plugins-official updated successfully
[9/24/2026, 6:59:11 PM.569] [Info] [PluginManager]  Marketplace codebuddy-plugins-official updated successfully
[9/24/2026, 6:59:11 PM.569] [Info] [PluginManager]  Successfully auto-updated marketplace: cb_teams_marketplace
[9/24/2026, 6:59:11 PM.569] [Info] [PluginManager]  Successfully auto-updated marketplace: codebuddy-plugins-official
[9/24/2026, 6:59:11 PM.569] [Info] [PluginManager]  Auto-updating marketplace: experts
[9/24/2026, 6:59:11 PM.569] [Info] [PluginManager]  Updating marketplace from source: experts
[9/24/2026, 6:59:11 PM.570] [Info] [MarketplaceStorage]  [MarketplaceStorage] getMarketplaces ensureConfigFile=0ms readAndRepair=1ms migration=0ms total=1ms count=5 path=/Users/didi/.workbuddy/plugins/known_marketplaces.json
[9/24/2026, 6:59:11 PM.570] [Info] [BuiltInMarketplaceProvider]  Found 2 built-in marketplace(s)
[9/24/2026, 6:59:11 PM.571] [Info] [PluginManager]  Loaded 5 marketplaces (2 built-in) total=2ms storage=1ms builtIn=0ms autoUpdate=0ms
[9/24/2026, 6:59:11 PM.581] [Info] [PluginManager]  Loaded 10 installed plugins total=10ms
[9/24/2026, 6:59:11 PM.581] [Info] [MarketplaceUpdateChecker]  [experts] cache invalidated for forced update
[9/24/2026, 6:59:11 PM.583] [Info] [MarketplaceStorage]  [MarketplaceStorage] getMarketplaces ensureConfigFile=0ms readAndRepair=0ms migration=0ms total=0ms count=5 path=/Users/didi/.workbuddy/plugins/known_marketplaces.json
[9/24/2026, 6:59:11 PM.583] [Info] [BuiltInMarketplaceProvider]  Found 2 built-in marketplace(s)
[9/24/2026, 6:59:11 PM.584] [Info] [PluginManager]  Loaded 5 marketplaces (2 built-in) total=1ms storage=0ms builtIn=0ms autoUpdate=0ms
[9/24/2026, 6:59:11 PM.595] [Info] [PluginManager]  Loaded 10 installed plugins total=11ms
[9/24/2026, 6:59:11 PM.595] [Info] [PluginManager]  Updating plugin meituan-living-assistant@experts...
[9/24/2026, 6:59:11 PM.595] [Info] [PluginManager]  Installing plugin meituan-living-assistant@experts...
[9/24/2026, 6:59:11 PM.595] [Info] [PluginManager]  Plugin meituan-living-assistant@experts installed at /Users/didi/.workbuddy/plugins/marketplaces/experts/plugins/meituan-living-assistant
[9/24/2026, 6:59:11 PM.595] [Info] [PluginManager]  Plugin meituan-living-assistant@experts updated at /Users/didi/.workbuddy/plugins/marketplaces/experts/plugins/meituan-living-assistant
[9/24/2026, 6:59:11 PM.595] [Info] [PluginManager]  Updated plugins: meituan-living-assistant@experts...
[9/24/2026, 6:59:11 PM.595] [Info] [PluginManager]  Plugins meituan-living-assistant@experts updated successfully
[9/24/2026, 6:59:11 PM.596] [Info] [MarketplaceStorage]  [MarketplaceStorage] getMarketplaces ensureConfigFile=0ms readAndRepair=1ms migration=0ms total=1ms count=5 path=/Users/didi/.workbuddy/plugins/known_marketplaces.json
[9/24/2026, 6:59:11 PM.596] [Info] [BuiltInMarketplaceProvider]  Found 2 built-in marketplace(s)
[9/24/2026, 6:59:11 PM.597] [Info] [PluginManager]  Loaded 5 marketplaces (2 built-in) total=2ms storage=1ms builtIn=0ms autoUpdate=0ms
[9/24/2026, 6:59:11 PM.606] [Info] [PluginManager]  Loaded 10 installed plugins total=9ms
[9/24/2026, 6:59:11 PM.606] [Info] [PluginManager]  Updating plugin novel-creator@experts...
[9/24/2026, 6:59:11 PM.606] [Info] [PluginManager]  Installing plugin novel-creator@experts...
[9/24/2026, 6:59:11 PM.607] [Info] [PluginManager]  Plugin novel-creator@experts installed at /Users/didi/.workbuddy/plugins/marketplaces/experts/plugins/novel-creator
[9/24/2026, 6:59:11 PM.607] [Info] [PluginManager]  Plugin novel-creator@experts updated at /Users/didi/.workbuddy/plugins/marketplaces/experts/plugins/novel-creator
[9/24/2026, 6:59:11 PM.607] [Info] [PluginManager]  Updated plugins: novel-creator@experts...
[9/24/2026, 6:59:11 PM.607] [Info] [PluginManager]  Plugins novel-creator@experts updated successfully
[9/24/2026, 6:59:11 PM.607] [Info] [PluginManager]  Marketplace experts updated successfully
[9/24/2026, 6:59:11 PM.607] [Info] [PluginManager]  Successfully auto-updated marketplace: experts
[9/24/2026, 6:59:11 PM.607] [Info] [PluginManager]  Auto-update completed: 3 marketplace(s) updated successfully
[9/24/2026, 6:59:11 PM.613] [Info] [MarketplaceStorage]  [MarketplaceStorage] getMarketplaces ensureConfigFile=0ms readAndRepair=6ms migration=0ms total=6ms count=5 path=/Users/didi/.workbuddy/plugins/known_marketplaces.json
[9/24/2026, 6:59:11 PM.613] [Info] [BuiltInMarketplaceProvider]  Found 2 built-in marketplace(s)
[9/24/2026, 6:59:11 PM.614] [Info] [MarketplaceStorage]  [MarketplaceStorage] getMarketplaces ensureConfigFile=0ms readAndRepair=7ms migration=0ms total=7ms count=5 path=/Users/didi/.workbuddy/plugins/known_marketplaces.json
[9/24/2026, 6:59:11 PM.614] [Info] [BuiltInMarketplaceProvider]  Found 2 built-in marketplace(s)
[9/24/2026, 6:59:11 PM.614] [Info] [MarketplaceStorage]  [MarketplaceStorage] getMarketplaces ensureConfigFile=0ms readAndRepair=7ms migration=0ms total=7ms count=5 path=/Users/didi/.workbuddy/plugins/known_marketplaces.json
[9/24/2026, 6:59:11 PM.614] [Info] [BuiltInMarketplaceProvider]  Found 2 built-in marketplace(s)
[9/24/2026, 6:59:11 PM.615] [Info] [MarketplaceStorage]  [MarketplaceStorage] getMarketplaces ensureConfigFile=0ms readAndRepair=7ms migration=0ms total=8ms count=5 path=/Users/didi/.workbuddy/plugins/known_marketplaces.json
[9/24/2026, 6:59:11 PM.615] [Info] [BuiltInMarketplaceProvider]  Found 2 built-in marketplace(s)
[9/24/2026, 6:59:11 PM.616] [Info] [PluginManager]  Loaded 5 marketplaces (2 built-in) total=9ms storage=6ms builtIn=0ms autoUpdate=0ms
[9/24/2026, 6:59:11 PM.616] [Info] [PluginManager]  Loaded 5 marketplaces (2 built-in) total=9ms storage=7ms builtIn=0ms autoUpdate=0ms
[9/24/2026, 6:59:11 PM.616] [Info] [PluginManager]  Loaded 5 marketplaces (2 built-in) total=9ms storage=7ms builtIn=0ms autoUpdate=0ms
[9/24/2026, 6:59:11 PM.616] [Info] [PluginManager]  Loaded 5 marketplaces (2 built-in) total=9ms storage=8ms builtIn=0ms autoUpdate=0ms
[9/24/2026, 6:59:11 PM.626] [Info] [PluginManager]  Loaded 10 installed plugins total=19ms
[9/24/2026, 6:59:11 PM.626] [Info] [PluginManager]  Checking for missing enabled plugins...
[9/24/2026, 6:59:11 PM.633] [Info] [PluginManager]  All enabled plugins are already installed
[9/24/2026, 6:59:11 PM.633] [Info] [PluginManager]  Auto-update check completed
[9/24/2026, 6:59:20 PM.405] [Info] [TracingService]  [primary] Exported 6 spans, traceIds: 6674ca74326c4c57e888677916d90d98, 1a282d440a47d76e9e3fdd1c38101758, 6b221de70377aa470d69d6ca61fab8df, e786a80ba345f3cd6054cc497149a964, 67707c9615111565391ca696b1014b3a, cd5a7c34329120a43197999c5069c4a6
[9/24/2026, 6:59:27 PM.049] [Info] [WorkflowMemProbe] tick runId=(none) | rss=439.9MB heap=133.2/176.3MB external=55.1MB arrayBuffers=0MB
[9/24/2026, 6:59:57 PM.050] [Info] [WorkflowMemProbe] tick runId=(none) | rss=440.6MB heap=134.3/177.1MB external=55.3MB arrayBuffers=0MB
[9/24/2026, 7:00:27 PM.053] [Info] [WorkflowMemProbe] tick runId=(none) | rss=440.9MB heap=135/177.3MB external=55.3MB arrayBuffers=0MB
[9/24/2026, 7:00:57 PM.055] [Info] [WorkflowMemProbe] tick runId=(none) | rss=373.6MB heap=107.1/110.9MB external=53.3MB arrayBuffers=0MB
[9/24/2026, 7:01:27 PM.057] [Info] [WorkflowMemProbe] tick runId=(none) | rss=373.7MB heap=107.6/110.9MB external=53.3MB arrayBuffers=0MB
[9/24/2026, 7:01:57 PM.057] [Info] [WorkflowMemProbe] tick runId=(none) | rss=373.7MB heap=107.8/110.9MB external=53.3MB arrayBuffers=0MB
[9/24/2026, 7:02:27 PM.059] [Info] [WorkflowMemProbe] tick runId=(none) | rss=373.7MB heap=108/110.9MB external=53.3MB arrayBuffers=0MB
[9/24/2026, 7:02:57 PM.061] [Info] [WorkflowMemProbe] tick runId=(none) | rss=374.2MB heap=106.8/109.4MB external=53.3MB arrayBuffers=0MB
[9/24/2026, 7:03:27 PM.063] [Info] [WorkflowMemProbe] tick runId=(none) | rss=374.2MB heap=107.2/109.4MB external=53.3MB arrayBuffers=0MB
[9/24/2026, 7:03:57 PM.064] [Info] [WorkflowMemProbe] tick runId=(none) | rss=374.2MB heap=107.3/109.4MB external=53.3MB arrayBuffers=0MB
[9/24/2026, 7:04:24 PM.708] [Info] [TracingService]  [primary] Exported 1 spans, traceIds: e3660e7826df8f1540922d0a7e5d8230
[9/24/2026, 7:04:27 PM.067] [Info] [WorkflowMemProbe] tick runId=(none) | rss=377.3MB heap=109.9/112MB external=53.3MB arrayBuffers=0MB
[9/24/2026, 7:04:57 PM.069] [Info] [WorkflowMemProbe] tick runId=(none) | rss=377.3MB heap=110.3/112.2MB external=53.4MB arrayBuffers=0MB
[9/24/2026, 7:05:27 PM.070] [Info] [WorkflowMemProbe] tick runId=(none) | rss=377.3MB heap=109.9/112.5MB external=53.3MB arrayBuffers=0MB
[9/24/2026, 7:05:57 PM.072] [Info] [WorkflowMemProbe] tick runId=(none) | rss=377.5MB heap=110.1/113MB external=53.3MB arrayBuffers=0MB
[9/24/2026, 7:06:27 PM.075] [Info] [WorkflowMemProbe] tick runId=(none) | rss=377.7MB heap=110.3/113.2MB external=53.3MB arrayBuffers=0MB
[9/24/2026, 7:06:57 PM.076] [Info] [WorkflowMemProbe] tick runId=(none) | rss=377.9MB heap=110.5/113.5MB external=53.3MB arrayBuffers=0MB
[9/24/2026, 7:07:27 PM.080] [Info] [WorkflowMemProbe] tick runId=(none) | rss=378.1MB heap=110.1/112.7MB external=53.3MB arrayBuffers=0MB
[9/24/2026, 7:07:27 PM.096] [Info] [GitInfoCollector]  CODEBUDDY_GIT_REPO_SCAN_DISABLED 1
[9/24/2026, 7:07:27 PM.096] [Info] [GitInfoCollector]  Git repository scan is disabled via CODEBUDDY_GIT_REPO_SCAN_DISABLED environment variable
[9/24/2026, 7:07:27 PM.286] [Info] [CloudProductManager]  fetch cloud product success, agents(1): cli, models(53): auto,fast-model,balanced-model,deep-model,hy3,hy3-b,hy3-c,hy3-x,hy4-preview,hy4-preview-f,minimax-m2.5,glm-5v-turbo,glm-5.3,glm-5.3-flash,glm-5.2,glm-5.1,glm-5.0-turbo,glm-4.6v,kimi-k3-1,kimi-k2.8-preview,kimi-k2.7,kimi-k2.6,kimi-k2.5,kimi-k2-thinking,minimax-m3,minimax-m2.7,glm-4.6,deepseek-v4-flash,deepseek-v4.1-flash,deepseek-v4-pro,deepseek-v3-2-volc,deepseek-v3-1-volc,deepseek-v3-1-lkeap,deepseek-v3-1,deepseek-v3-0324-lkeap,deepseek-r1-0528-lkeap,kimi-k2-instruct-taiji,completion-gf,default-1.1,hunyuan-3b,hunyuan-7b-dense,codewise-completions,codewise-rewrite,codewise-nes-a4-027-aide,codewise-jump,deepseek-r1-0528,deepseek-v3-0324-taco-completion,deepseek-v3-0324,default-1.2,hunyuan-2.0-instruct,hunyuan-chat,hunyuan-image-alpha,hunyuan-image-alpha-edit
[9/24/2026, 7:07:27 PM.287] [Info] [CloudProductManager]  Fetched configuration from remote [188ms]
[9/24/2026, 7:07:27 PM.289] [Info] [PluginsProductProvider.provide] active=9, ids=[weixinpay@workbuddy-builtin,tencent-docs-plugin@workbuddy-builtin,sheetagent@workbuddy-builtin,tencent-pptx@workbuddy-builtin,tencent-docx@workbuddy-builtin,agent-browser@codebuddy-plugins-official,find-skills@codebuddy-plugins-official,agent-browser@inline,find-skills@inline]
[9/24/2026, 7:07:27 PM.290] [Info] [MCP][cacheDbg] getConnectedServers() called: nonInteractive=true waitForSettle=false cacheNow=[connector-proxy,weixinpay,sheetagent] allServers=[connector-proxy:connected,weixinpay:connected,sheetagent:connected]
[9/24/2026, 7:07:27 PM.290] [Info] [MCP][cacheDbg] getConnectedServers() returning: [connector-proxy,weixinpay,sheetagent] (size=3)
[9/24/2026, 7:07:27 PM.304] [Info] [CustomModelsProductProvider] productName=WorkBuddy, isWorkBuddy=true, userConfigPath=/Users/didi/.workbuddy/models.json
[9/24/2026, 7:07:27 PM.304] [Info] [ModelsProductProvider] enterpriseId: undefined, endpoint: https://copilot.tencent.com
[9/24/2026, 7:07:27 PM.304] [Warning] [ModelsProductProvider] enterpriseId is missing, skipping models API call
[9/24/2026, 7:07:27 PM.304] [Info] [AgentModelResolver] product config input: 53 models, 23 agents
[9/24/2026, 7:07:27 PM.304] [Info] [AgentModelResolver] model ids: auto, fast-model, balanced-model, deep-model, hy3, hy3-b, hy3-c, hy3-x, hy4-preview, hy4-preview-f, minimax-m2.5, glm-5v-turbo, glm-5.3, glm-5.3-flash, glm-5.2, glm-5.1, glm-5.0-turbo, glm-4.6v, kimi-k3-1, kimi-k2.8-preview, kimi-k2.7, kimi-k2.6, kimi-k2.5, kimi-k2-thinking, minimax-m3, minimax-m2.7, glm-4.6, deepseek-v4-flash, deepseek-v4.1-flash, deepseek-v4-pro, deepseek-v3-2-volc, deepseek-v3-1-volc, deepseek-v3-1-lkeap, deepseek-v3-1, deepseek-v3-0324-lkeap, deepseek-r1-0528-lkeap, kimi-k2-instruct-taiji, completion-gf, default-1.1, hunyuan-3b, hunyuan-7b-dense, codewise-completions, codewise-rewrite, codewise-nes-a4-027-aide, codewise-jump, deepseek-r1-0528, deepseek-v3-0324-taco-completion, deepseek-v3-0324, default-1.2, hunyuan-2.0-instruct, hunyuan-chat, hunyuan-image-alpha, hunyuan-image-alpha-edit
[9/24/2026, 7:07:27 PM.304] [Info] [AgentModelResolver] agent "cli" original_models=["auto","hy4-preview-f","hy3","hy3-x","deepseek-v4.1-flash","glm-5.3","glm-5.3-flash","glm-5.2","glm-5.1","glm-5v-turbo","minimax-m3","kimi-k3-1","kimi-k2.8-preview","kimi-k2.7","kimi-k2.6","deepseek-v4-pro"] -> resolved_models=["auto","hy4-preview-f","hy3","hy3-x","deepseek-v4.1-flash","glm-5.3","glm-5.3-flash","glm-5.2","glm-5.1","glm-5v-turbo","minimax-m3","kimi-k3-1","kimi-k2.8-preview","kimi-k2.7","kimi-k2.6","deepseek-v4-pro"]
[9/24/2026, 7:07:27 PM.304] [Info] [AgentModelResolver] agent "general-purpose" original_models=[] -> resolved_models=[]
[9/24/2026, 7:07:27 PM.304] [Info] [AgentModelResolver] agent "compact" original_models=[] -> resolved_models=[]
[9/24/2026, 7:07:27 PM.304] [Info] [AgentModelResolver] agent "contextSummary" original_models=[] -> resolved_models=[]
[9/24/2026, 7:07:27 PM.304] [Info] [AgentModelResolver] agent "contentAnalyzer" original_models=[] -> resolved_models=[]
[9/24/2026, 7:07:27 PM.304] [Info] [AgentModelResolver] agent "terminalTitleGenerator" original_models=[] -> resolved_models=[]
[9/24/2026, 7:07:27 PM.305] [Info] [AgentModelResolver] agent "promptSuggestion" original_models=[] -> resolved_models=[]
[9/24/2026, 7:07:27 PM.305] [Info] [AgentModelResolver] agent "memorySelector" original_models=["lite"] -> resolved_models=["lite"]
[9/24/2026, 7:07:27 PM.305] [Info] [AgentModelResolver] agent "summaryGenerator" original_models=[] -> resolved_models=[]
[9/24/2026, 7:07:27 PM.305] [Info] [AgentModelResolver] agent "autoModeClassifier" original_models=[] -> resolved_models=[]
[9/24/2026, 7:07:27 PM.305] [Info] [AgentModelResolver] agent "promptHookEvaluator" original_models=["lite"] -> resolved_models=["lite"]
[9/24/2026, 7:07:27 PM.305] [Info] [AgentModelResolver] agent "insightsAnalyzer" original_models=[] -> resolved_models=[]
[9/24/2026, 7:07:27 PM.305] [Info] [AgentModelResolver] agent "agentInstructions" original_models=[] -> resolved_models=[]
[9/24/2026, 7:07:27 PM.305] [Info] [AgentModelResolver] agent "statusline-setup" original_models=[] -> resolved_models=[]
[9/24/2026, 7:07:27 PM.305] [Info] [AgentModelResolver] agent "Explore" original_models=["lite"] -> resolved_models=["lite"]
[9/24/2026, 7:07:27 PM.305] [Info] [AgentModelResolver] agent "Plan" original_models=[] -> resolved_models=[]
[9/24/2026, 7:07:27 PM.305] [Info] [AgentModelResolver] agent "pulse" original_models=[] -> resolved_models=[]
[9/24/2026, 7:07:27 PM.305] [Info] [AgentModelResolver] agent "handoff-summary" original_models=undefined -> resolved_models=[]
[9/24/2026, 7:07:27 PM.305] [Info] [AgentModelResolver] agent "enhance-prompt" original_models=[] -> resolved_models=[]
[9/24/2026, 7:07:27 PM.305] [Info] [AgentModelResolver] agent "sheet-agent" original_models=[] -> resolved_models=[]
[9/24/2026, 7:07:27 PM.305] [Info] [AgentModelResolver] agent "doc-converter" original_models=[] -> resolved_models=[]
[9/24/2026, 7:07:27 PM.305] [Info] [AgentModelResolver] agent "doc-formatter" original_models=[] -> resolved_models=[]
[9/24/2026, 7:07:27 PM.305] [Info] [AgentModelResolver] agent "doc-writer" original_models=[] -> resolved_models=[]
[9/24/2026, 7:07:27 PM.331] [Info] [PluginPolicyService]  [MergedPlugins][DEBUG] ProductManager.onDidChange fired, reloading policies...
[9/24/2026, 7:07:27 PM.331] [Info] [PluginPolicyService]  [MergedPlugins][DEBUG] Current config builtInMarketPluginsMerge: [{"autoEnable":true,"marketplaceName":"codebuddy-plugins-official","name":"agent-browser","scope":"user"},{"autoEnable":true,"marketplaceName":"codebuddy-plugins-official","name":"find-skills","scope":"user"}]
[9/24/2026, 7:07:27 PM.331] [Info] [PluginPolicyService]  [MergedPlugins] Loaded 2 merged plugin entries
[9/24/2026, 7:07:27 PM.331] [Info] [Startup] AgentManager.rebuildAgents: START
[9/24/2026, 7:07:27 PM.331] [Info] [Startup] AgentManager.rebuildAgents: completed in 17ms, resolving readyDeferred
[9/24/2026, 7:07:27 PM.331] [Info] [PluginManager]  Checking for built-in marketplaces to install...
[9/24/2026, 7:07:27 PM.331] [Info] [BuiltInMarketplaceProvider]  Found 2 built-in marketplace(s)
[9/24/2026, 7:07:27 PM.332] [Info] [PluginManager]  Found 2 built-in marketplace(s)
[9/24/2026, 7:07:27 PM.333] [Info] [MarketplaceStorage]  [MarketplaceStorage] getMarketplaces ensureConfigFile=0ms readAndRepair=2ms migration=0ms total=2ms count=5 path=/Users/didi/.workbuddy/plugins/known_marketplaces.json
[9/24/2026, 7:07:27 PM.333] [Info] [PluginManager]  All built-in marketplaces are already installed
[9/24/2026, 7:07:27 PM.334] [Info] [MarketplaceStorage]  [MarketplaceStorage] getMarketplaces ensureConfigFile=0ms readAndRepair=1ms migration=0ms total=1ms count=5 path=/Users/didi/.workbuddy/plugins/known_marketplaces.json
[9/24/2026, 7:07:27 PM.334] [Info] [BuiltInMarketplaceProvider]  Found 2 built-in marketplace(s)
[9/24/2026, 7:07:27 PM.337] [Info] [PluginManager]  Loaded 5 marketplaces (2 built-in) total=4ms storage=1ms builtIn=0ms autoUpdate=0ms
[9/24/2026, 7:07:29 PM.319] [Info] [TracingService]  Tracing uses @tencent/galileo-node-sdk global OpenTelemetry provider; @genie OTLP exporter is skipped.
[9/24/2026, 7:07:29 PM.320] [Info] [TracingService]  Tracing config resolved: {"productEnabled":true,"enabledByEnv":false,"endpoint":"https://copilot.tencent.com","galileoEnabled":true}
[9/24/2026, 7:07:57 PM.080] [Info] [WorkflowMemProbe] tick runId=(none) | rss=377.8MB heap=108.5/113.5MB external=53.6MB arrayBuffers=0MB
[9/24/2026, 7:08:27 PM.083] [Info] [WorkflowMemProbe] tick runId=(none) | rss=377.8MB heap=108.9/113.5MB external=53.6MB arrayBuffers=0MB
[9/24/2026, 7:08:57 PM.084] [Info] [WorkflowMemProbe] tick runId=(none) | rss=377.8MB heap=109.1/113.5MB external=53.6MB arrayBuffers=0MB
[9/24/2026, 7:09:26 PM.903] [Info] [TracingService]  [primary] Exported 1 spans, traceIds: 5ccf44783e31ab5812a927f8ffc29c51
[9/24/2026, 7:09:27 PM.086] [Info] [WorkflowMemProbe] tick runId=(none) | rss=380.6MB heap=112.5/116.3MB external=53.7MB arrayBuffers=0MB
[9/24/2026, 7:09:57 PM.085] [Info] [WorkflowMemProbe] tick runId=(none) | rss=380.6MB heap=112.9/116.5MB external=53.7MB arrayBuffers=0MB
[9/24/2026, 7:10:27 PM.088] [Info] [WorkflowMemProbe] tick runId=(none) | rss=380.7MB heap=113.2/116.5MB external=53.8MB arrayBuffers=0MB
[9/24/2026, 7:10:57 PM.089] [Info] [WorkflowMemProbe] tick runId=(none) | rss=380.8MB heap=113.3/116.8MB external=53.8MB arrayBuffers=0MB
[9/24/2026, 7:11:27 PM.091] [Info] [WorkflowMemProbe] tick runId=(none) | rss=381MB heap=113.6/117MB external=53.8MB arrayBuffers=0MB
[9/24/2026, 7:11:57 PM.094] [Info] [WorkflowMemProbe] tick runId=(none) | rss=381.2MB heap=113.8/117.3MB external=53.8MB arrayBuffers=0MB
[9/24/2026, 7:12:27 PM.096] [Info] [WorkflowMemProbe] tick runId=(none) | rss=381.4MB heap=114/117.3MB external=53.8MB arrayBuffers=0MB
[9/24/2026, 7:12:46 PM.387] [Info] [TracingService]  [primary] Exported 1 spans, traceIds: ab4dc996a8046c2f4b85c6914a4edb53
[9/24/2026, 7:12:57 PM.036] [Info] [WorkflowMemProbe] tick runId=(none) | rss=113.7MB heap=114.4/121.3MB external=53.8MB arrayBuffers=0MB
[9/24/2026, 7:13:00 PM.840] [Info] starting GET /api/v1/health
[9/24/2026, 7:13:00 PM.844] [Info] ending GET /api/v1/health [5ms]
[9/24/2026, 7:13:00 PM.850] [Info] starting POST /internal/plugin/marketplace/update
[9/24/2026, 7:13:00 PM.853] [Info] [PluginManager]  Updating marketplace from source: cb_teams_marketplace
[9/24/2026, 7:13:00 PM.855] [Info] [MarketplaceStorage]  [MarketplaceStorage] getMarketplaces ensureConfigFile=0ms readAndRepair=1ms migration=0ms total=2ms count=5 path=/Users/didi/.workbuddy/plugins/known_marketplaces.json
[9/24/2026, 7:13:00 PM.855] [Info] [BuiltInMarketplaceProvider]  Found 2 built-in marketplace(s)
[9/24/2026, 7:13:00 PM.859] [Info] [PluginManager]  Loaded 5 marketplaces (2 built-in) total=6ms storage=2ms builtIn=0ms autoUpdate=0ms
[9/24/2026, 7:13:00 PM.862] [Info] [MarketplaceUpdateChecker]  [cb_teams_marketplace] cache invalidated for forced update
[9/24/2026, 7:13:00 PM.862] [Info] [MarketplaceUpdateChecker]  [cb_teams_marketplace] checked reason=url-version-changed elapsed=0ms (local=none, url=ab2eb0bb-7465-4062-92d1-1df8288f86d1)
[9/24/2026, 7:13:00 PM.862] [Info] [ZipMarketplace.update] cb_teams_marketplace needs update (reason=url-version-changed)
[9/24/2026, 7:13:00 PM.863] [Info] [ZipMarketplace.update] Downloading cb_teams_marketplace from https://download.codebuddy.cn/plugin-marketplace/cb_teams_marketplace-ab2eb0bb-7465-4062-92d1-1df8288f86d1.zip...
[9/24/2026, 7:13:07 PM.384] [Info] [PluginManager]  Marketplace cb_teams_marketplace updated successfully
[9/24/2026, 7:13:07 PM.385] [Info] [MarketplaceStorage]  [MarketplaceStorage] getMarketplaces ensureConfigFile=0ms readAndRepair=1ms migration=0ms total=1ms count=5 path=/Users/didi/.workbuddy/plugins/known_marketplaces.json
[9/24/2026, 7:13:07 PM.385] [Info] [BuiltInMarketplaceProvider]  Found 2 built-in marketplace(s)
[9/24/2026, 7:13:07 PM.385] [Info] [MarketplaceStorage]  [MarketplaceStorage] getMarketplaces ensureConfigFile=0ms readAndRepair=1ms migration=0ms total=1ms count=5 path=/Users/didi/.workbuddy/plugins/known_marketplaces.json
[9/24/2026, 7:13:07 PM.385] [Info] [BuiltInMarketplaceProvider]  Found 2 built-in marketplace(s)
[9/24/2026, 7:13:07 PM.386] [Info] [MarketplaceStorage]  [MarketplaceStorage] getMarketplaces ensureConfigFile=0ms readAndRepair=2ms migration=0ms total=2ms count=5 path=/Users/didi/.workbuddy/plugins/known_marketplaces.json
[9/24/2026, 7:13:07 PM.386] [Info] [BuiltInMarketplaceProvider]  Found 2 built-in marketplace(s)
[9/24/2026, 7:13:07 PM.386] [Info] [MarketplaceStorage]  [MarketplaceStorage] getMarketplaces ensureConfigFile=0ms readAndRepair=2ms migration=0ms total=2ms count=5 path=/Users/didi/.workbuddy/plugins/known_marketplaces.json
[9/24/2026, 7:13:07 PM.386] [Info] [BuiltInMarketplaceProvider]  Found 2 built-in marketplace(s)
[9/24/2026, 7:13:07 PM.388] [Info] [PluginManager]  Loaded 5 marketplaces (2 built-in) total=4ms storage=1ms builtIn=0ms autoUpdate=0ms
[9/24/2026, 7:13:07 PM.388] [Info] [PluginManager]  Loaded 5 marketplaces (2 built-in) total=4ms storage=2ms builtIn=0ms autoUpdate=0ms
[9/24/2026, 7:13:07 PM.388] [Info] [PluginManager]  Loaded 5 marketplaces (2 built-in) total=4ms storage=1ms builtIn=0ms autoUpdate=0ms
[9/24/2026, 7:13:07 PM.388] [Info] [PluginManager]  Loaded 5 marketplaces (2 built-in) total=4ms storage=2ms builtIn=0ms autoUpdate=0ms
[9/24/2026, 7:13:07 PM.420] [Info] [PluginManager]  Loaded 10 installed plugins total=35ms
[9/24/2026, 7:13:07 PM.420] [Info] [PluginManager]  Checking for missing enabled plugins...
[9/24/2026, 7:13:07 PM.428] [Info] [PluginManager]  All enabled plugins are already installed
[9/24/2026, 7:13:07 PM.429] [Info] ending POST /internal/plugin/marketplace/update [6582ms]
[9/24/2026, 7:13:07 PM.431] [Info] starting GET /api/v1/health
[9/24/2026, 7:13:07 PM.431] [Info] ending GET /api/v1/health [0ms]
[9/24/2026, 7:13:07 PM.432] [Info] starting POST /api/v1/plugins/marketplaces/update
[9/24/2026, 7:13:07 PM.432] [Info] [PluginManager]  Updating marketplace from source: cb_teams_marketplace
[9/24/2026, 7:13:07 PM.433] [Info] [MarketplaceStorage]  [MarketplaceStorage] getMarketplaces ensureConfigFile=0ms readAndRepair=1ms migration=0ms total=1ms count=5 path=/Users/didi/.workbuddy/plugins/known_marketplaces.json
[9/24/2026, 7:13:07 PM.433] [Info] [BuiltInMarketplaceProvider]  Found 2 built-in marketplace(s)
[9/24/2026, 7:13:07 PM.434] [Info] [PluginManager]  Loaded 5 marketplaces (2 built-in) total=2ms storage=1ms builtIn=0ms autoUpdate=0ms
[9/24/2026, 7:13:07 PM.434] [Info] [ZipMarketplace.update] cb_teams_marketplace up-to-date, skipping download (reason=throttled)
[9/24/2026, 7:13:07 PM.438] [Info] [PluginManager]  Marketplace cb_teams_marketplace updated successfully
[9/24/2026, 7:13:07 PM.439] [Info] [MarketplaceStorage]  [MarketplaceStorage] getMarketplaces ensureConfigFile=0ms readAndRepair=0ms migration=0ms total=0ms count=5 path=/Users/didi/.workbuddy/plugins/known_marketplaces.json
[9/24/2026, 7:13:07 PM.439] [Info] [BuiltInMarketplaceProvider]  Found 2 built-in marketplace(s)
[9/24/2026, 7:13:07 PM.440] [Info] [MarketplaceStorage]  [MarketplaceStorage] getMarketplaces ensureConfigFile=0ms readAndRepair=0ms migration=0ms total=0ms count=5 path=/Users/didi/.workbuddy/plugins/known_marketplaces.json
[9/24/2026, 7:13:07 PM.440] [Info] [BuiltInMarketplaceProvider]  Found 2 built-in marketplace(s)
[9/24/2026, 7:13:07 PM.440] [Info] [MarketplaceStorage]  [MarketplaceStorage] getMarketplaces ensureConfigFile=0ms readAndRepair=1ms migration=0ms total=1ms count=5 path=/Users/didi/.workbuddy/plugins/known_marketplaces.json
[9/24/2026, 7:13:07 PM.440] [Info] [BuiltInMarketplaceProvider]  Found 2 built-in marketplace(s)
[9/24/2026, 7:13:07 PM.440] [Info] [MarketplaceStorage]  [MarketplaceStorage] getMarketplaces ensureConfigFile=0ms readAndRepair=1ms migration=0ms total=1ms count=5 path=/Users/didi/.workbuddy/plugins/known_marketplaces.json
[9/24/2026, 7:13:07 PM.440] [Info] [BuiltInMarketplaceProvider]  Found 2 built-in marketplace(s)
[9/24/2026, 7:13:07 PM.442] [Info] [PluginManager]  Loaded 5 marketplaces (2 built-in) total=3ms storage=0ms builtIn=0ms autoUpdate=0ms
[9/24/2026, 7:13:07 PM.442] [Info] [PluginManager]  Loaded 5 marketplaces (2 built-in) total=3ms storage=1ms builtIn=0ms autoUpdate=0ms
[9/24/2026, 7:13:07 PM.442] [Info] [PluginManager]  Loaded 5 marketplaces (2 built-in) total=3ms storage=1ms builtIn=0ms autoUpdate=0ms
[9/24/2026, 7:13:07 PM.443] [Info] [PluginManager]  Loaded 5 marketplaces (2 built-in) total=4ms storage=1ms builtIn=0ms autoUpdate=0ms
[9/24/2026, 7:13:07 PM.454] [Info] [PluginManager]  Loaded 10 installed plugins total=16ms
[9/24/2026, 7:13:07 PM.454] [Info] [PluginManager]  Checking for missing enabled plugins...
[9/24/2026, 7:13:07 PM.463] [Info] [PluginManager]  All enabled plugins are already installed
[9/24/2026, 7:13:07 PM.465] [Info] ending POST /api/v1/plugins/marketplaces/update [33ms]
[9/24/2026, 7:13:13 PM.047] [Info] [TracingService]  [primary] Exported 1 spans, traceIds: 7390edcf733e7b6884a1d9084f526971
[9/24/2026, 7:13:27 PM.038] [Info] [WorkflowMemProbe] tick runId=(none) | rss=130.4MB heap=121.8/131.3MB external=57.6MB arrayBuffers=0MB
[9/24/2026, 7:13:57 PM.038] [Info] [WorkflowMemProbe] tick runId=(none) | rss=146.7MB heap=113/115.6MB external=57.6MB arrayBuffers=0MB
[9/24/2026, 7:14:27 PM.039] [Info] [WorkflowMemProbe] tick runId=(none) | rss=110.3MB heap=113.5/115.8MB external=57.4MB arrayBuffers=0MB
[9/24/2026, 7:14:57 PM.040] [Info] [WorkflowMemProbe] tick runId=(none) | rss=109.7MB heap=113.1/116.4MB external=57.3MB arrayBuffers=0MB
[9/24/2026, 7:15:27 PM.040] [Info] [WorkflowMemProbe] tick runId=(none) | rss=106.4MB heap=113.3/116.6MB external=57.3MB arrayBuffers=0MB
[9/24/2026, 7:15:57 PM.001] [Info] [GitInfoCollector]  CODEBUDDY_GIT_REPO_SCAN_DISABLED 1
[9/24/2026, 7:15:57 PM.001] [Info] [GitInfoCollector]  Git repository scan is disabled via CODEBUDDY_GIT_REPO_SCAN_DISABLED environment variable
[9/24/2026, 7:15:57 PM.039] [Info] [WorkflowMemProbe] tick runId=(none) | rss=144.8MB heap=117.3/121.8MB external=57.3MB arrayBuffers=0MB
[9/24/2026, 7:15:57 PM.416] [Info] [CloudProductManager]  fetch cloud product success, agents(1): cli, models(53): auto,fast-model,balanced-model,deep-model,hy3,hy3-b,hy3-c,hy3-x,hy4-preview,hy4-preview-f,minimax-m2.5,glm-5v-turbo,glm-5.3,glm-5.3-flash,glm-5.2,glm-5.1,glm-5.0-turbo,glm-4.6v,kimi-k3-1,kimi-k2.8-preview,kimi-k2.7,kimi-k2.6,kimi-k2.5,kimi-k2-thinking,minimax-m3,minimax-m2.7,glm-4.6,deepseek-v4-flash,deepseek-v4.1-flash,deepseek-v4-pro,deepseek-v3-2-volc,deepseek-v3-1-volc,deepseek-v3-1-lkeap,deepseek-v3-1,deepseek-v3-0324-lkeap,deepseek-r1-0528-lkeap,kimi-k2-instruct-taiji,completion-gf,default-1.1,hunyuan-3b,hunyuan-7b-dense,codewise-completions,codewise-rewrite,codewise-nes-a4-027-aide,codewise-jump,deepseek-r1-0528,deepseek-v3-0324-taco-completion,deepseek-v3-0324,default-1.2,hunyuan-2.0-instruct,hunyuan-chat,hunyuan-image-alpha,hunyuan-image-alpha-edit
[9/24/2026, 7:15:57 PM.416] [Info] [CloudProductManager]  Fetched configuration from remote [413ms]
[9/24/2026, 7:15:57 PM.419] [Info] [PluginsProductProvider.provide] active=9, ids=[weixinpay@workbuddy-builtin,tencent-docs-plugin@workbuddy-builtin,sheetagent@workbuddy-builtin,tencent-pptx@workbuddy-builtin,tencent-docx@workbuddy-builtin,agent-browser@codebuddy-plugins-official,find-skills@codebuddy-plugins-official,agent-browser@inline,find-skills@inline]
[9/24/2026, 7:15:57 PM.420] [Info] [MCP][cacheDbg] getConnectedServers() called: nonInteractive=true waitForSettle=false cacheNow=[connector-proxy,weixinpay,sheetagent] allServers=[connector-proxy:connected,weixinpay:connected,sheetagent:connected]
[9/24/2026, 7:15:57 PM.420] [Info] [MCP][cacheDbg] getConnectedServers() returning: [connector-proxy,weixinpay,sheetagent] (size=3)
[9/24/2026, 7:15:57 PM.435] [Info] [CustomModelsProductProvider] productName=WorkBuddy, isWorkBuddy=true, userConfigPath=/Users/didi/.workbuddy/models.json
[9/24/2026, 7:15:57 PM.435] [Info] [ModelsProductProvider] enterpriseId: undefined, endpoint: https://copilot.tencent.com
[9/24/2026, 7:15:57 PM.435] [Warning] [ModelsProductProvider] enterpriseId is missing, skipping models API call
[9/24/2026, 7:15:57 PM.435] [Info] [AgentModelResolver] product config input: 53 models, 23 agents
[9/24/2026, 7:15:57 PM.435] [Info] [AgentModelResolver] model ids: auto, fast-model, balanced-model, deep-model, hy3, hy3-b, hy3-c, hy3-x, hy4-preview, hy4-preview-f, minimax-m2.5, glm-5v-turbo, glm-5.3, glm-5.3-flash, glm-5.2, glm-5.1, glm-5.0-turbo, glm-4.6v, kimi-k3-1, kimi-k2.8-preview, kimi-k2.7, kimi-k2.6, kimi-k2.5, kimi-k2-thinking, minimax-m3, minimax-m2.7, glm-4.6, deepseek-v4-flash, deepseek-v4.1-flash, deepseek-v4-pro, deepseek-v3-2-volc, deepseek-v3-1-volc, deepseek-v3-1-lkeap, deepseek-v3-1, deepseek-v3-0324-lkeap, deepseek-r1-0528-lkeap, kimi-k2-instruct-taiji, completion-gf, default-1.1, hunyuan-3b, hunyuan-7b-dense, codewise-completions, codewise-rewrite, codewise-nes-a4-027-aide, codewise-jump, deepseek-r1-0528, deepseek-v3-0324-taco-completion, deepseek-v3-0324, default-1.2, hunyuan-2.0-instruct, hunyuan-chat, hunyuan-image-alpha, hunyuan-image-alpha-edit
[9/24/2026, 7:15:57 PM.435] [Info] [AgentModelResolver] agent "cli" original_models=["auto","hy4-preview-f","hy3","hy3-x","deepseek-v4.1-flash","glm-5.3","glm-5.3-flash","glm-5.2","glm-5.1","glm-5v-turbo","minimax-m3","kimi-k3-1","kimi-k2.8-preview","kimi-k2.7","kimi-k2.6","deepseek-v4-pro"] -> resolved_models=["auto","hy4-preview-f","hy3","hy3-x","deepseek-v4.1-flash","glm-5.3","glm-5.3-flash","glm-5.2","glm-5.1","glm-5v-turbo","minimax-m3","kimi-k3-1","kimi-k2.8-preview","kimi-k2.7","kimi-k2.6","deepseek-v4-pro"]
[9/24/2026, 7:15:57 PM.435] [Info] [AgentModelResolver] agent "general-purpose" original_models=[] -> resolved_models=[]
[9/24/2026, 7:15:57 PM.435] [Info] [AgentModelResolver] agent "compact" original_models=[] -> resolved_models=[]
[9/24/2026, 7:15:57 PM.435] [Info] [AgentModelResolver] agent "contextSummary" original_models=[] -> resolved_models=[]
[9/24/2026, 7:15:57 PM.435] [Info] [AgentModelResolver] agent "contentAnalyzer" original_models=[] -> resolved_models=[]
[9/24/2026, 7:15:57 PM.435] [Info] [AgentModelResolver] agent "terminalTitleGenerator" original_models=[] -> resolved_models=[]
[9/24/2026, 7:15:57 PM.435] [Info] [AgentModelResolver] agent "promptSuggestion" original_models=[] -> resolved_models=[]
[9/24/2026, 7:15:57 PM.435] [Info] [AgentModelResolver] agent "memorySelector" original_models=["lite"] -> resolved_models=["lite"]
[9/24/2026, 7:15:57 PM.435] [Info] [AgentModelResolver] agent "summaryGenerator" original_models=[] -> resolved_models=[]
[9/24/2026, 7:15:57 PM.435] [Info] [AgentModelResolver] agent "autoModeClassifier" original_models=[] -> resolved_models=[]
[9/24/2026, 7:15:57 PM.435] [Info] [AgentModelResolver] agent "promptHookEvaluator" original_models=["lite"] -> resolved_models=["lite"]
[9/24/2026, 7:15:57 PM.435] [Info] [AgentModelResolver] agent "insightsAnalyzer" original_models=[] -> resolved_models=[]
[9/24/2026, 7:15:57 PM.435] [Info] [AgentModelResolver] agent "agentInstructions" original_models=[] -> resolved_models=[]
[9/24/2026, 7:15:57 PM.435] [Info] [AgentModelResolver] agent "statusline-setup" original_models=[] -> resolved_models=[]
[9/24/2026, 7:15:57 PM.435] [Info] [AgentModelResolver] agent "Explore" original_models=["lite"] -> resolved_models=["lite"]
[9/24/2026, 7:15:57 PM.435] [Info] [AgentModelResolver] agent "Plan" original_models=[] -> resolved_models=[]
[9/24/2026, 7:15:57 PM.435] [Info] [AgentModelResolver] agent "pulse" original_models=[] -> resolved_models=[]
[9/24/2026, 7:15:57 PM.435] [Info] [AgentModelResolver] agent "handoff-summary" original_models=undefined -> resolved_models=[]
[9/24/2026, 7:15:57 PM.435] [Info] [AgentModelResolver] agent "enhance-prompt" original_models=[] -> resolved_models=[]
[9/24/2026, 7:15:57 PM.435] [Info] [AgentModelResolver] agent "sheet-agent" original_models=[] -> resolved_models=[]
[9/24/2026, 7:15:57 PM.435] [Info] [AgentModelResolver] agent "doc-converter" original_models=[] -> resolved_models=[]
[9/24/2026, 7:15:57 PM.435] [Info] [AgentModelResolver] agent "doc-formatter" original_models=[] -> resolved_models=[]
[9/24/2026, 7:15:57 PM.435] [Info] [AgentModelResolver] agent "doc-writer" original_models=[] -> resolved_models=[]
[9/24/2026, 7:15:57 PM.460] [Info] [PluginPolicyService]  [MergedPlugins][DEBUG] ProductManager.onDidChange fired, reloading policies...
[9/24/2026, 7:15:57 PM.460] [Info] [PluginPolicyService]  [MergedPlugins][DEBUG] Current config builtInMarketPluginsMerge: [{"autoEnable":true,"marketplaceName":"codebuddy-plugins-official","name":"agent-browser","scope":"user"},{"autoEnable":true,"marketplaceName":"codebuddy-plugins-official","name":"find-skills","scope":"user"}]
[9/24/2026, 7:15:57 PM.460] [Info] [PluginPolicyService]  [MergedPlugins] Loaded 2 merged plugin entries
[9/24/2026, 7:15:57 PM.460] [Info] [Startup] AgentManager.rebuildAgents: START
[9/24/2026, 7:15:57 PM.460] [Info] [Startup] AgentManager.rebuildAgents: completed in 17ms, resolving readyDeferred
[9/24/2026, 7:15:57 PM.460] [Info] [PluginManager]  Checking for built-in marketplaces to install...
[9/24/2026, 7:15:57 PM.460] [Info] [BuiltInMarketplaceProvider]  Found 2 built-in marketplace(s)
[9/24/2026, 7:15:57 PM.460] [Info] [PluginManager]  Found 2 built-in marketplace(s)
[9/24/2026, 7:15:57 PM.461] [Info] [MarketplaceStorage]  [MarketplaceStorage] getMarketplaces ensureConfigFile=0ms readAndRepair=1ms migration=0ms total=1ms count=5 path=/Users/didi/.workbuddy/plugins/known_marketplaces.json
[9/24/2026, 7:15:57 PM.461] [Info] [PluginManager]  All built-in marketplaces are already installed
[9/24/2026, 7:15:57 PM.462] [Info] [MarketplaceStorage]  [MarketplaceStorage] getMarketplaces ensureConfigFile=0ms readAndRepair=1ms migration=0ms total=1ms count=5 path=/Users/didi/.workbuddy/plugins/known_marketplaces.json
[9/24/2026, 7:15:57 PM.462] [Info] [BuiltInMarketplaceProvider]  Found 2 built-in marketplace(s)
[9/24/2026, 7:15:57 PM.465] [Info] [PluginManager]  Loaded 5 marketplaces (2 built-in) total=4ms storage=1ms builtIn=0ms autoUpdate=0ms
[9/24/2026, 7:15:59 PM.446] [Info] [TracingService]  Tracing uses @tencent/galileo-node-sdk global OpenTelemetry provider; @genie OTLP exporter is skipped.
[9/24/2026, 7:15:59 PM.447] [Info] [TracingService]  Tracing config resolved: {"productEnabled":true,"enabledByEnv":false,"endpoint":"https://copilot.tencent.com","galileoEnabled":true}
[9/24/2026, 7:16:27 PM.041] [Info] [WorkflowMemProbe] tick runId=(none) | rss=161.3MB heap=112.7/121.2MB external=54.5MB arrayBuffers=0MB
[9/24/2026, 7:16:57 PM.042] [Info] [WorkflowMemProbe] tick runId=(none) | rss=161.4MB heap=112.9/121.5MB external=54.5MB arrayBuffers=0MB
[9/24/2026, 7:17:27 PM.043] [Info] [WorkflowMemProbe] tick runId=(none) | rss=161.6MB heap=113.1/121.7MB external=54.5MB arrayBuffers=0MB
[9/24/2026, 7:17:57 PM.044] [Info] [WorkflowMemProbe] tick runId=(none) | rss=162MB heap=113.3/121.7MB external=54.5MB arrayBuffers=0MB
[9/24/2026, 7:18:15 PM.160] [Info] [TracingService]  [primary] Exported 1 spans, traceIds: 8d29892aabc94ea2a495b504a202575a
[9/24/2026, 7:18:27 PM.044] [Info] [WorkflowMemProbe] tick runId=(none) | rss=162.7MB heap=112.2/118.9MB external=53.3MB arrayBuffers=0MB
[9/24/2026, 7:18:57 PM.045] [Info] [WorkflowMemProbe] tick runId=(none) | rss=162.1MB heap=111.2/118.2MB external=53.3MB arrayBuffers=0MB
[9/24/2026, 7:19:27 PM.047] [Info] [WorkflowMemProbe] tick runId=(none) | rss=162.1MB heap=111.4/118.4MB external=53.4MB arrayBuffers=0MB
[9/24/2026, 7:19:57 PM.048] [Info] [WorkflowMemProbe] tick runId=(none) | rss=162.1MB heap=111.5/118.7MB external=53.4MB arrayBuffers=0MB
[9/24/2026, 7:20:27 PM.048] [Info] [WorkflowMemProbe] tick runId=(none) | rss=162.1MB heap=111.8/118.7MB external=53.4MB arrayBuffers=0MB
[9/24/2026, 7:20:57 PM.050] [Info] [WorkflowMemProbe] tick runId=(none) | rss=157.8MB heap=111.3/117.9MB external=53.3MB arrayBuffers=0MB
[9/24/2026, 7:21:27 PM.050] [Info] [WorkflowMemProbe] tick runId=(none) | rss=157.8MB heap=111.5/117.9MB external=53.4MB arrayBuffers=0MB
[9/24/2026, 7:21:57 PM.051] [Info] [WorkflowMemProbe] tick runId=(none) | rss=157.8MB heap=111.6/117.9MB external=53.4MB arrayBuffers=0MB
[9/24/2026, 7:22:27 PM.052] [Info] [WorkflowMemProbe] tick runId=(none) | rss=157.9MB heap=111.9/117.9MB external=53.4MB arrayBuffers=0MB
[9/24/2026, 7:22:57 PM.053] [Info] [WorkflowMemProbe] tick runId=(none) | rss=157.9MB heap=111.4/117.2MB external=53.4MB arrayBuffers=0MB
[9/24/2026, 7:23:17 PM.100] [Info] [TracingService]  [primary] Exported 1 spans, traceIds: a469470edd2c4e8bbd3c45880eef2edd
[9/24/2026, 7:23:27 PM.053] [Info] [WorkflowMemProbe] tick runId=(none) | rss=161.7MB heap=114.4/120.5MB external=53.4MB arrayBuffers=0MB
[9/24/2026, 7:23:57 PM.002] [Info] [PluginsProductProvider.provide] active=9, ids=[weixinpay@workbuddy-builtin,tencent-docs-plugin@workbuddy-builtin,sheetagent@workbuddy-builtin,tencent-pptx@workbuddy-builtin,tencent-docx@workbuddy-builtin,agent-browser@codebuddy-plugins-official,find-skills@codebuddy-plugins-official,agent-browser@inline,find-skills@inline]
[9/24/2026, 7:23:57 PM.003] [Info] [MCP][cacheDbg] getConnectedServers() called: nonInteractive=true waitForSettle=false cacheNow=[connector-proxy,weixinpay,sheetagent] allServers=[connector-proxy:connected,weixinpay:connected,sheetagent:connected]
[9/24/2026, 7:23:57 PM.003] [Info] [MCP][cacheDbg] getConnectedServers() returning: [connector-proxy,weixinpay,sheetagent] (size=3)
[9/24/2026, 7:23:57 PM.014] [Info] [CustomModelsProductProvider] productName=WorkBuddy, isWorkBuddy=true, userConfigPath=/Users/didi/.workbuddy/models.json
[9/24/2026, 7:23:57 PM.014] [Info] [ModelsProductProvider] enterpriseId: undefined, endpoint: https://copilot.tencent.com
[9/24/2026, 7:23:57 PM.014] [Warning] [ModelsProductProvider] enterpriseId is missing, skipping models API call
[9/24/2026, 7:23:57 PM.014] [Info] [AgentModelResolver] product config input: 53 models, 23 agents
[9/24/2026, 7:23:57 PM.014] [Info] [AgentModelResolver] model ids: auto, fast-model, balanced-model, deep-model, hy3, hy3-b, hy3-c, hy3-x, hy4-preview, hy4-preview-f, minimax-m2.5, glm-5v-turbo, glm-5.3, glm-5.3-flash, glm-5.2, glm-5.1, glm-5.0-turbo, glm-4.6v, kimi-k3-1, kimi-k2.8-preview, kimi-k2.7, kimi-k2.6, kimi-k2.5, kimi-k2-thinking, minimax-m3, minimax-m2.7, glm-4.6, deepseek-v4-flash, deepseek-v4.1-flash, deepseek-v4-pro, deepseek-v3-2-volc, deepseek-v3-1-volc, deepseek-v3-1-lkeap, deepseek-v3-1, deepseek-v3-0324-lkeap, deepseek-r1-0528-lkeap, kimi-k2-instruct-taiji, completion-gf, default-1.1, hunyuan-3b, hunyuan-7b-dense, codewise-completions, codewise-rewrite, codewise-nes-a4-027-aide, codewise-jump, deepseek-r1-0528, deepseek-v3-0324-taco-completion, deepseek-v3-0324, default-1.2, hunyuan-2.0-instruct, hunyuan-chat, hunyuan-image-alpha, hunyuan-image-alpha-edit
[9/24/2026, 7:23:57 PM.014] [Info] [AgentModelResolver] agent "cli" original_models=["auto","hy4-preview-f","hy3","hy3-x","deepseek-v4.1-flash","glm-5.3","glm-5.3-flash","glm-5.2","glm-5.1","glm-5v-turbo","minimax-m3","kimi-k3-1","kimi-k2.8-preview","kimi-k2.7","kimi-k2.6","deepseek-v4-pro"] -> resolved_models=["auto","hy4-preview-f","hy3","hy3-x","deepseek-v4.1-flash","glm-5.3","glm-5.3-flash","glm-5.2","glm-5.1","glm-5v-turbo","minimax-m3","kimi-k3-1","kimi-k2.8-preview","kimi-k2.7","kimi-k2.6","deepseek-v4-pro"]
[9/24/2026, 7:23:57 PM.014] [Info] [AgentModelResolver] agent "general-purpose" original_models=[] -> resolved_models=[]
[9/24/2026, 7:23:57 PM.014] [Info] [AgentModelResolver] agent "compact" original_models=[] -> resolved_models=[]
[9/24/2026, 7:23:57 PM.014] [Info] [AgentModelResolver] agent "contextSummary" original_models=[] -> resolved_models=[]
[9/24/2026, 7:23:57 PM.014] [Info] [AgentModelResolver] agent "contentAnalyzer" original_models=[] -> resolved_models=[]
[9/24/2026, 7:23:57 PM.014] [Info] [AgentModelResolver] agent "terminalTitleGenerator" original_models=[] -> resolved_models=[]
[9/24/2026, 7:23:57 PM.014] [Info] [AgentModelResolver] agent "promptSuggestion" original_models=[] -> resolved_models=[]
[9/24/2026, 7:23:57 PM.014] [Info] [AgentModelResolver] agent "memorySelector" original_models=["lite"] -> resolved_models=["lite"]
[9/24/2026, 7:23:57 PM.014] [Info] [AgentModelResolver] agent "summaryGenerator" original_models=[] -> resolved_models=[]
[9/24/2026, 7:23:57 PM.014] [Info] [AgentModelResolver] agent "autoModeClassifier" original_models=[] -> resolved_models=[]
[9/24/2026, 7:23:57 PM.014] [Info] [AgentModelResolver] agent "promptHookEvaluator" original_models=["lite"] -> resolved_models=["lite"]
[9/24/2026, 7:23:57 PM.014] [Info] [AgentModelResolver] agent "insightsAnalyzer" original_models=[] -> resolved_models=[]
[9/24/2026, 7:23:57 PM.014] [Info] [AgentModelResolver] agent "agentInstructions" original_models=[] -> resolved_models=[]
[9/24/2026, 7:23:57 PM.014] [Info] [AgentModelResolver] agent "statusline-setup" original_models=[] -> resolved_models=[]
[9/24/2026, 7:23:57 PM.014] [Info] [AgentModelResolver] agent "Explore" original_models=["lite"] -> resolved_models=["lite"]
[9/24/2026, 7:23:57 PM.014] [Info] [AgentModelResolver] agent "Plan" original_models=[] -> resolved_models=[]
[9/24/2026, 7:23:57 PM.014] [Info] [AgentModelResolver] agent "pulse" original_models=[] -> resolved_models=[]
[9/24/2026, 7:23:57 PM.014] [Info] [AgentModelResolver] agent "handoff-summary" original_models=undefined -> resolved_models=[]
[9/24/2026, 7:23:57 PM.014] [Info] [AgentModelResolver] agent "enhance-prompt" original_models=[] -> resolved_models=[]
[9/24/2026, 7:23:57 PM.014] [Info] [AgentModelResolver] agent "sheet-agent" original_models=[] -> resolved_models=[]
[9/24/2026, 7:23:57 PM.014] [Info] [AgentModelResolver] agent "doc-converter" original_models=[] -> resolved_models=[]
[9/24/2026, 7:23:57 PM.014] [Info] [AgentModelResolver] agent "doc-formatter" original_models=[] -> resolved_models=[]
[9/24/2026, 7:23:57 PM.014] [Info] [AgentModelResolver] agent "doc-writer" original_models=[] -> resolved_models=[]
[9/24/2026, 7:23:57 PM.036] [Info] [PluginPolicyService]  [MergedPlugins][DEBUG] ProductManager.onDidChange fired, reloading policies...
[9/24/2026, 7:23:57 PM.036] [Info] [PluginPolicyService]  [MergedPlugins][DEBUG] Current config builtInMarketPluginsMerge: [{"autoEnable":true,"marketplaceName":"codebuddy-plugins-official","name":"agent-browser","scope":"user"},{"autoEnable":true,"marketplaceName":"codebuddy-plugins-official","name":"find-skills","scope":"user"}]
[9/24/2026, 7:23:57 PM.036] [Info] [PluginPolicyService]  [MergedPlugins] Loaded 2 merged plugin entries
[9/24/2026, 7:23:57 PM.036] [Info] [Startup] AgentManager.rebuildAgents: START
[9/24/2026, 7:23:57 PM.036] [Info] [Startup] AgentManager.rebuildAgents: completed in 15ms, resolving readyDeferred
[9/24/2026, 7:23:57 PM.036] [Info] [PluginManager]  Checking for built-in marketplaces to install...
[9/24/2026, 7:23:57 PM.036] [Info] [BuiltInMarketplaceProvider]  Found 2 built-in marketplace(s)
[9/24/2026, 7:23:57 PM.036] [Info] [PluginManager]  Found 2 built-in marketplace(s)
[9/24/2026, 7:23:57 PM.038] [Info] [MarketplaceStorage]  [MarketplaceStorage] getMarketplaces ensureConfigFile=0ms readAndRepair=1ms migration=0ms total=1ms count=5 path=/Users/didi/.workbuddy/plugins/known_marketplaces.json
[9/24/2026, 7:23:57 PM.038] [Info] [PluginManager]  All built-in marketplaces are already installed
[9/24/2026, 7:23:57 PM.038] [Info] [MarketplaceStorage]  [MarketplaceStorage] getMarketplaces ensureConfigFile=0ms readAndRepair=0ms migration=0ms total=0ms count=5 path=/Users/didi/.workbuddy/plugins/known_marketplaces.json
[9/24/2026, 7:23:57 PM.038] [Info] [BuiltInMarketplaceProvider]  Found 2 built-in marketplace(s)
[9/24/2026, 7:23:57 PM.042] [Info] [PluginManager]  Loaded 5 marketplaces (2 built-in) total=4ms storage=0ms builtIn=0ms autoUpdate=0ms
[9/24/2026, 7:23:57 PM.053] [Info] [WorkflowMemProbe] tick runId=(none) | rss=171.7MB heap=122.5/131.1MB external=54.5MB arrayBuffers=0MB
[9/24/2026, 7:23:59 PM.023] [Info] [TracingService]  Tracing uses @tencent/galileo-node-sdk global OpenTelemetry provider; @genie OTLP exporter is skipped.
[9/24/2026, 7:23:59 PM.023] [Info] [TracingService]  Tracing config resolved: {"productEnabled":true,"enabledByEnv":false,"endpoint":"https://copilot.tencent.com","galileoEnabled":true}
[9/24/2026, 7:24:27 PM.055] [Info] [WorkflowMemProbe] tick runId=(none) | rss=161.9MB heap=110.9/117.4MB external=53.7MB arrayBuffers=0MB
[9/24/2026, 7:24:57 PM.055] [Info] [WorkflowMemProbe] tick runId=(none) | rss=161.9MB heap=111.1/117.4MB external=53.7MB arrayBuffers=0MB
[9/24/2026, 7:25:27 PM.055] [Info] [WorkflowMemProbe] tick runId=(none) | rss=160.2MB heap=111.3/117.4MB external=53.7MB arrayBuffers=0MB
[9/24/2026, 7:25:57 PM.056] [Info] [WorkflowMemProbe] tick runId=(none) | rss=157.8MB heap=111.5/117.4MB external=53.7MB arrayBuffers=0MB
[9/24/2026, 7:26:27 PM.057] [Info] [WorkflowMemProbe] tick runId=(none) | rss=154.2MB heap=111.7/117.4MB external=53.7MB arrayBuffers=0MB
[9/24/2026, 7:26:57 PM.058] [Info] [WorkflowMemProbe] tick runId=(none) | rss=154.2MB heap=111.8/117.7MB external=53.7MB arrayBuffers=0MB
[9/24/2026, 7:27:27 PM.059] [Info] [WorkflowMemProbe] tick runId=(none) | rss=107.7MB heap=112.1/117.9MB external=53.7MB arrayBuffers=0MB
[9/24/2026, 7:27:57 PM.074] [Info] [WorkflowMemProbe] tick runId=(none) | rss=107.9MB heap=112.2/117.9MB external=53.7MB arrayBuffers=0MB
[9/24/2026, 7:28:19 PM.143] [Info] [TracingService]  [primary] Exported 1 spans, traceIds: efa95bb2796815e933a59b4a61a2d456
[9/24/2026, 7:28:27 PM.088] [Info] [WorkflowMemProbe] tick runId=(none) | rss=116.6MB heap=115.6/121.2MB external=53.8MB arrayBuffers=0MB
[9/24/2026, 7:28:57 PM.091] [Info] [WorkflowMemProbe] tick runId=(none) | rss=117.7MB heap=116/121.7MB external=53.8MB arrayBuffers=0MB
[9/24/2026, 7:29:27 PM.092] [Info] [WorkflowMemProbe] tick runId=(none) | rss=117.9MB heap=116.2/121.9MB external=53.9MB arrayBuffers=0MB
[9/24/2026, 7:29:57 PM.092] [Info] [WorkflowMemProbe] tick runId=(none) | rss=116.9MB heap=116.3/121.9MB external=53.9MB arrayBuffers=0MB
[9/24/2026, 7:30:27 PM.093] [Info] [WorkflowMemProbe] tick runId=(none) | rss=115.5MB heap=116.6/122.2MB external=53.9MB arrayBuffers=0MB
[9/24/2026, 7:30:57 PM.094] [Info] [WorkflowMemProbe] tick runId=(none) | rss=110.8MB heap=111.2/116.2MB external=53.7MB arrayBuffers=0MB
[9/24/2026, 7:31:27 PM.094] [Info] [WorkflowMemProbe] tick runId=(none) | rss=111MB heap=111.4/116.2MB external=53.7MB arrayBuffers=0MB
[9/24/2026, 7:31:57 PM.038] [Info] [GitInfoCollector]  CODEBUDDY_GIT_REPO_SCAN_DISABLED 1
[9/24/2026, 7:31:57 PM.038] [Info] [GitInfoCollector]  Git repository scan is disabled via CODEBUDDY_GIT_REPO_SCAN_DISABLED environment variable
[9/24/2026, 7:31:57 PM.095] [Info] [WorkflowMemProbe] tick runId=(none) | rss=120.8MB heap=116.2/122MB external=53.7MB arrayBuffers=0MB
[9/24/2026, 7:31:57 PM.421] [Info] [CloudProductManager]  fetch cloud product success, agents(1): cli, models(53): auto,fast-model,balanced-model,deep-model,hy3,hy3-b,hy3-c,hy3-x,hy4-preview,hy4-preview-f,minimax-m2.5,glm-5v-turbo,glm-5.3,glm-5.3-flash,glm-5.2,glm-5.1,glm-5.0-turbo,glm-4.6v,kimi-k3-1,kimi-k2.8-preview,kimi-k2.7,kimi-k2.6,kimi-k2.5,kimi-k2-thinking,minimax-m3,minimax-m2.7,glm-4.6,deepseek-v4-flash,deepseek-v4.1-flash,deepseek-v4-pro,deepseek-v3-2-volc,deepseek-v3-1-volc,deepseek-v3-1-lkeap,deepseek-v3-1,deepseek-v3-0324-lkeap,deepseek-r1-0528-lkeap,kimi-k2-instruct-taiji,completion-gf,default-1.1,hunyuan-3b,hunyuan-7b-dense,codewise-completions,codewise-rewrite,codewise-nes-a4-027-aide,codewise-jump,deepseek-r1-0528,deepseek-v3-0324-taco-completion,deepseek-v3-0324,default-1.2,hunyuan-2.0-instruct,hunyuan-chat,hunyuan-image-alpha,hunyuan-image-alpha-edit
[9/24/2026, 7:31:57 PM.421] [Info] [CloudProductManager]  Fetched configuration from remote [381ms]
[9/24/2026, 7:31:57 PM.423] [Info] [PluginsProductProvider.provide] active=9, ids=[weixinpay@workbuddy-builtin,tencent-docs-plugin@workbuddy-builtin,sheetagent@workbuddy-builtin,tencent-pptx@workbuddy-builtin,tencent-docx@workbuddy-builtin,agent-browser@codebuddy-plugins-official,find-skills@codebuddy-plugins-official,agent-browser@inline,find-skills@inline]
[9/24/2026, 7:31:57 PM.424] [Info] [MCP][cacheDbg] getConnectedServers() called: nonInteractive=true waitForSettle=false cacheNow=[connector-proxy,weixinpay,sheetagent] allServers=[connector-proxy:connected,weixinpay:connected,sheetagent:connected]
[9/24/2026, 7:31:57 PM.424] [Info] [MCP][cacheDbg] getConnectedServers() returning: [connector-proxy,weixinpay,sheetagent] (size=3)
[9/24/2026, 7:31:57 PM.436] [Info] [CustomModelsProductProvider] productName=WorkBuddy, isWorkBuddy=true, userConfigPath=/Users/didi/.workbuddy/models.json
[9/24/2026, 7:31:57 PM.436] [Info] [ModelsProductProvider] enterpriseId: undefined, endpoint: https://copilot.tencent.com
[9/24/2026, 7:31:57 PM.436] [Warning] [ModelsProductProvider] enterpriseId is missing, skipping models API call
[9/24/2026, 7:31:57 PM.437] [Info] [AgentModelResolver] product config input: 53 models, 23 agents
[9/24/2026, 7:31:57 PM.437] [Info] [AgentModelResolver] model ids: auto, fast-model, balanced-model, deep-model, hy3, hy3-b, hy3-c, hy3-x, hy4-preview, hy4-preview-f, minimax-m2.5, glm-5v-turbo, glm-5.3, glm-5.3-flash, glm-5.2, glm-5.1, glm-5.0-turbo, glm-4.6v, kimi-k3-1, kimi-k2.8-preview, kimi-k2.7, kimi-k2.6, kimi-k2.5, kimi-k2-thinking, minimax-m3, minimax-m2.7, glm-4.6, deepseek-v4-flash, deepseek-v4.1-flash, deepseek-v4-pro, deepseek-v3-2-volc, deepseek-v3-1-volc, deepseek-v3-1-lkeap, deepseek-v3-1, deepseek-v3-0324-lkeap, deepseek-r1-0528-lkeap, kimi-k2-instruct-taiji, completion-gf, default-1.1, hunyuan-3b, hunyuan-7b-dense, codewise-completions, codewise-rewrite, codewise-nes-a4-027-aide, codewise-jump, deepseek-r1-0528, deepseek-v3-0324-taco-completion, deepseek-v3-0324, default-1.2, hunyuan-2.0-instruct, hunyuan-chat, hunyuan-image-alpha, hunyuan-image-alpha-edit
[9/24/2026, 7:31:57 PM.437] [Info] [AgentModelResolver] agent "cli" original_models=["auto","hy4-preview-f","hy3","hy3-x","deepseek-v4.1-flash","glm-5.3","glm-5.3-flash","glm-5.2","glm-5.1","glm-5v-turbo","minimax-m3","kimi-k3-1","kimi-k2.8-preview","kimi-k2.7","kimi-k2.6","deepseek-v4-pro"] -> resolved_models=["auto","hy4-preview-f","hy3","hy3-x","deepseek-v4.1-flash","glm-5.3","glm-5.3-flash","glm-5.2","glm-5.1","glm-5v-turbo","minimax-m3","kimi-k3-1","kimi-k2.8-preview","kimi-k2.7","kimi-k2.6","deepseek-v4-pro"]
[9/24/2026, 7:31:57 PM.437] [Info] [AgentModelResolver] agent "general-purpose" original_models=[] -> resolved_models=[]
[9/24/2026, 7:31:57 PM.437] [Info] [AgentModelResolver] agent "compact" original_models=[] -> resolved_models=[]
[9/24/2026, 7:31:57 PM.437] [Info] [AgentModelResolver] agent "contextSummary" original_models=[] -> resolved_models=[]
[9/24/2026, 7:31:57 PM.437] [Info] [AgentModelResolver] agent "contentAnalyzer" original_models=[] -> resolved_models=[]
[9/24/2026, 7:31:57 PM.437] [Info] [AgentModelResolver] agent "terminalTitleGenerator" original_models=[] -> resolved_models=[]
[9/24/2026, 7:31:57 PM.437] [Info] [AgentModelResolver] agent "promptSuggestion" original_models=[] -> resolved_models=[]
[9/24/2026, 7:31:57 PM.437] [Info] [AgentModelResolver] agent "memorySelector" original_models=["lite"] -> resolved_models=["lite"]
[9/24/2026, 7:31:57 PM.437] [Info] [AgentModelResolver] agent "summaryGenerator" original_models=[] -> resolved_models=[]
[9/24/2026, 7:31:57 PM.437] [Info] [AgentModelResolver] agent "autoModeClassifier" original_models=[] -> resolved_models=[]
[9/24/2026, 7:31:57 PM.437] [Info] [AgentModelResolver] agent "promptHookEvaluator" original_models=["lite"] -> resolved_models=["lite"]
[9/24/2026, 7:31:57 PM.437] [Info] [AgentModelResolver] agent "insightsAnalyzer" original_models=[] -> resolved_models=[]
[9/24/2026, 7:31:57 PM.437] [Info] [AgentModelResolver] agent "agentInstructions" original_models=[] -> resolved_models=[]
[9/24/2026, 7:31:57 PM.437] [Info] [AgentModelResolver] agent "statusline-setup" original_models=[] -> resolved_models=[]
[9/24/2026, 7:31:57 PM.437] [Info] [AgentModelResolver] agent "Explore" original_models=["lite"] -> resolved_models=["lite"]
[9/24/2026, 7:31:57 PM.437] [Info] [AgentModelResolver] agent "Plan" original_models=[] -> resolved_models=[]
[9/24/2026, 7:31:57 PM.437] [Info] [AgentModelResolver] agent "pulse" original_models=[] -> resolved_models=[]
[9/24/2026, 7:31:57 PM.437] [Info] [AgentModelResolver] agent "handoff-summary" original_models=undefined -> resolved_models=[]
[9/24/2026, 7:31:57 PM.437] [Info] [AgentModelResolver] agent "enhance-prompt" original_models=[] -> resolved_models=[]
[9/24/2026, 7:31:57 PM.437] [Info] [AgentModelResolver] agent "sheet-agent" original_models=[] -> resolved_models=[]
[9/24/2026, 7:31:57 PM.437] [Info] [AgentModelResolver] agent "doc-converter" original_models=[] -> resolved_models=[]
[9/24/2026, 7:31:57 PM.437] [Info] [AgentModelResolver] agent "doc-formatter" original_models=[] -> resolved_models=[]
[9/24/2026, 7:31:57 PM.437] [Info] [AgentModelResolver] agent "doc-writer" original_models=[] -> resolved_models=[]
[9/24/2026, 7:31:57 PM.459] [Info] [PluginPolicyService]  [MergedPlugins][DEBUG] ProductManager.onDidChange fired, reloading policies...
[9/24/2026, 7:31:57 PM.459] [Info] [PluginPolicyService]  [MergedPlugins][DEBUG] Current config builtInMarketPluginsMerge: [{"autoEnable":true,"marketplaceName":"codebuddy-plugins-official","name":"agent-browser","scope":"user"},{"autoEnable":true,"marketplaceName":"codebuddy-plugins-official","name":"find-skills","scope":"user"}]
[9/24/2026, 7:31:57 PM.459] [Info] [PluginPolicyService]  [MergedPlugins] Loaded 2 merged plugin entries
[9/24/2026, 7:31:57 PM.459] [Info] [Startup] AgentManager.rebuildAgents: START
[9/24/2026, 7:31:57 PM.460] [Info] [Startup] AgentManager.rebuildAgents: completed in 16ms, resolving readyDeferred
[9/24/2026, 7:31:57 PM.461] [Info] [PluginManager]  Checking for built-in marketplaces to install...
[9/24/2026, 7:31:57 PM.461] [Info] [BuiltInMarketplaceProvider]  Found 2 built-in marketplace(s)
[9/24/2026, 7:31:57 PM.461] [Info] [PluginManager]  Found 2 built-in marketplace(s)
[9/24/2026, 7:31:57 PM.463] [Info] [MarketplaceStorage]  [MarketplaceStorage] getMarketplaces ensureConfigFile=0ms readAndRepair=2ms migration=0ms total=2ms count=5 path=/Users/didi/.workbuddy/plugins/known_marketplaces.json
[9/24/2026, 7:31:57 PM.463] [Info] [PluginManager]  All built-in marketplaces are already installed
[9/24/2026, 7:31:57 PM.464] [Info] [MarketplaceStorage]  [MarketplaceStorage] getMarketplaces ensureConfigFile=0ms readAndRepair=1ms migration=0ms total=1ms count=5 path=/Users/didi/.workbuddy/plugins/known_marketplaces.json
[9/24/2026, 7:31:57 PM.464] [Info] [BuiltInMarketplaceProvider]  Found 2 built-in marketplace(s)
[9/24/2026, 7:31:57 PM.468] [Info] [PluginManager]  Loaded 5 marketplaces (2 built-in) total=5ms storage=1ms builtIn=0ms autoUpdate=0ms
[9/24/2026, 7:31:59 PM.446] [Info] [TracingService]  Tracing uses @tencent/galileo-node-sdk global OpenTelemetry provider; @genie OTLP exporter is skipped.
[9/24/2026, 7:31:59 PM.446] [Info] [TracingService]  Tracing config resolved: {"productEnabled":true,"enabledByEnv":false,"endpoint":"https://copilot.tencent.com","galileoEnabled":true}
[9/24/2026, 7:32:27 PM.096] [Info] [WorkflowMemProbe] tick runId=(none) | rss=155.8MB heap=110/117MB external=53.6MB arrayBuffers=0MB
[9/24/2026, 7:32:57 PM.097] [Info] [WorkflowMemProbe] tick runId=(none) | rss=155.8MB heap=110.2/117MB external=53.6MB arrayBuffers=0MB
[9/24/2026, 7:33:21 PM.285] [Info] [TracingService]  [primary] Exported 1 spans, traceIds: 9c6ce6ddb1993d9414486873ced1c2d6
[9/24/2026, 7:33:27 PM.098] [Info] [WorkflowMemProbe] tick runId=(none) | rss=155.5MB heap=113.5/119.8MB external=53.7MB arrayBuffers=0MB
[9/24/2026, 7:33:57 PM.099] [Info] [WorkflowMemProbe] tick runId=(none) | rss=154.9MB heap=113.9/119.8MB external=53.8MB arrayBuffers=0MB
[9/24/2026, 7:34:27 PM.099] [Info] [WorkflowMemProbe] tick runId=(none) | rss=155MB heap=114.1/119.8MB external=53.8MB arrayBuffers=0MB
[9/24/2026, 7:34:57 PM.100] [Info] [WorkflowMemProbe] tick runId=(none) | rss=155MB heap=114.3/119.8MB external=53.8MB arrayBuffers=0MB
[9/24/2026, 7:35:27 PM.100] [Info] [WorkflowMemProbe] tick runId=(none) | rss=153.3MB heap=114.5/119.8MB external=53.8MB arrayBuffers=0MB
[9/24/2026, 7:35:57 PM.101] [Info] [WorkflowMemProbe] tick runId=(none) | rss=153.5MB heap=114.6/119.8MB external=53.8MB arrayBuffers=0MB
[9/24/2026, 7:36:27 PM.102] [Info] [WorkflowMemProbe] tick runId=(none) | rss=153.5MB heap=114.9/119.8MB external=53.8MB arrayBuffers=0MB
[9/24/2026, 7:36:57 PM.102] [Info] [WorkflowMemProbe] tick runId=(none) | rss=153.4MB heap=115/119.8MB external=53.8MB arrayBuffers=0MB
[9/24/2026, 7:37:27 PM.104] [Info] [WorkflowMemProbe] tick runId=(none) | rss=153.5MB heap=115.2/120MB external=53.8MB arrayBuffers=0MB
[9/24/2026, 7:37:57 PM.104] [Info] [WorkflowMemProbe] tick runId=(none) | rss=153.6MB heap=115.4/120MB external=53.8MB arrayBuffers=0MB
[9/24/2026, 7:38:23 PM.157] [Info] [TracingService]  [primary] Exported 1 spans, traceIds: 82728cf760ef2ab87eedd538ed3939e6
[9/24/2026, 7:38:27 PM.104] [Info] [WorkflowMemProbe] tick runId=(none) | rss=154.3MB heap=113.1/120.3MB external=53.7MB arrayBuffers=0MB
[9/24/2026, 7:38:57 PM.105] [Info] [WorkflowMemProbe] tick runId=(none) | rss=154.3MB heap=113.4/120.5MB external=53.8MB arrayBuffers=0MB
[9/24/2026, 7:39:27 PM.106] [Info] [WorkflowMemProbe] tick runId=(none) | rss=154.6MB heap=113.7/120.8MB external=53.8MB arrayBuffers=0MB
[9/24/2026, 7:39:57 PM.042] [Info] [PluginsProductProvider.provide] active=9, ids=[weixinpay@workbuddy-builtin,tencent-docs-plugin@workbuddy-builtin,sheetagent@workbuddy-builtin,tencent-pptx@workbuddy-builtin,tencent-docx@workbuddy-builtin,agent-browser@codebuddy-plugins-official,find-skills@codebuddy-plugins-official,agent-browser@inline,find-skills@inline]
[9/24/2026, 7:39:57 PM.042] [Info] [MCP][cacheDbg] getConnectedServers() called: nonInteractive=true waitForSettle=false cacheNow=[connector-proxy,weixinpay,sheetagent] allServers=[connector-proxy:connected,weixinpay:connected,sheetagent:connected]
[9/24/2026, 7:39:57 PM.042] [Info] [MCP][cacheDbg] getConnectedServers() returning: [connector-proxy,weixinpay,sheetagent] (size=3)
[9/24/2026, 7:39:57 PM.055] [Info] [CustomModelsProductProvider] productName=WorkBuddy, isWorkBuddy=true, userConfigPath=/Users/didi/.workbuddy/models.json
[9/24/2026, 7:39:57 PM.055] [Info] [ModelsProductProvider] enterpriseId: undefined, endpoint: https://copilot.tencent.com
[9/24/2026, 7:39:57 PM.055] [Warning] [ModelsProductProvider] enterpriseId is missing, skipping models API call
[9/24/2026, 7:39:57 PM.056] [Info] [AgentModelResolver] product config input: 53 models, 23 agents
[9/24/2026, 7:39:57 PM.056] [Info] [AgentModelResolver] model ids: auto, fast-model, balanced-model, deep-model, hy3, hy3-b, hy3-c, hy3-x, hy4-preview, hy4-preview-f, minimax-m2.5, glm-5v-turbo, glm-5.3, glm-5.3-flash, glm-5.2, glm-5.1, glm-5.0-turbo, glm-4.6v, kimi-k3-1, kimi-k2.8-preview, kimi-k2.7, kimi-k2.6, kimi-k2.5, kimi-k2-thinking, minimax-m3, minimax-m2.7, glm-4.6, deepseek-v4-flash, deepseek-v4.1-flash, deepseek-v4-pro, deepseek-v3-2-volc, deepseek-v3-1-volc, deepseek-v3-1-lkeap, deepseek-v3-1, deepseek-v3-0324-lkeap, deepseek-r1-0528-lkeap, kimi-k2-instruct-taiji, completion-gf, default-1.1, hunyuan-3b, hunyuan-7b-dense, codewise-completions, codewise-rewrite, codewise-nes-a4-027-aide, codewise-jump, deepseek-r1-0528, deepseek-v3-0324-taco-completion, deepseek-v3-0324, default-1.2, hunyuan-2.0-instruct, hunyuan-chat, hunyuan-image-alpha, hunyuan-image-alpha-edit
[9/24/2026, 7:39:57 PM.056] [Info] [AgentModelResolver] agent "cli" original_models=["auto","hy4-preview-f","hy3","hy3-x","deepseek-v4.1-flash","glm-5.3","glm-5.3-flash","glm-5.2","glm-5.1","glm-5v-turbo","minimax-m3","kimi-k3-1","kimi-k2.8-preview","kimi-k2.7","kimi-k2.6","deepseek-v4-pro"] -> resolved_models=["auto","hy4-preview-f","hy3","hy3-x","deepseek-v4.1-flash","glm-5.3","glm-5.3-flash","glm-5.2","glm-5.1","glm-5v-turbo","minimax-m3","kimi-k3-1","kimi-k2.8-preview","kimi-k2.7","kimi-k2.6","deepseek-v4-pro"]
[9/24/2026, 7:39:57 PM.056] [Info] [AgentModelResolver] agent "general-purpose" original_models=[] -> resolved_models=[]
[9/24/2026, 7:39:57 PM.056] [Info] [AgentModelResolver] agent "compact" original_models=[] -> resolved_models=[]
[9/24/2026, 7:39:57 PM.056] [Info] [AgentModelResolver] agent "contextSummary" original_models=[] -> resolved_models=[]
[9/24/2026, 7:39:57 PM.056] [Info] [AgentModelResolver] agent "contentAnalyzer" original_models=[] -> resolved_models=[]
[9/24/2026, 7:39:57 PM.056] [Info] [AgentModelResolver] agent "terminalTitleGenerator" original_models=[] -> resolved_models=[]
[9/24/2026, 7:39:57 PM.056] [Info] [AgentModelResolver] agent "promptSuggestion" original_models=[] -> resolved_models=[]
[9/24/2026, 7:39:57 PM.056] [Info] [AgentModelResolver] agent "memorySelector" original_models=["lite"] -> resolved_models=["lite"]
[9/24/2026, 7:39:57 PM.056] [Info] [AgentModelResolver] agent "summaryGenerator" original_models=[] -> resolved_models=[]
[9/24/2026, 7:39:57 PM.056] [Info] [AgentModelResolver] agent "autoModeClassifier" original_models=[] -> resolved_models=[]
[9/24/2026, 7:39:57 PM.056] [Info] [AgentModelResolver] agent "promptHookEvaluator" original_models=["lite"] -> resolved_models=["lite"]
[9/24/2026, 7:39:57 PM.056] [Info] [AgentModelResolver] agent "insightsAnalyzer" original_models=[] -> resolved_models=[]
[9/24/2026, 7:39:57 PM.056] [Info] [AgentModelResolver] agent "agentInstructions" original_models=[] -> resolved_models=[]
[9/24/2026, 7:39:57 PM.056] [Info] [AgentModelResolver] agent "statusline-setup" original_models=[] -> resolved_models=[]
[9/24/2026, 7:39:57 PM.056] [Info] [AgentModelResolver] agent "Explore" original_models=["lite"] -> resolved_models=["lite"]
[9/24/2026, 7:39:57 PM.056] [Info] [AgentModelResolver] agent "Plan" original_models=[] -> resolved_models=[]
[9/24/2026, 7:39:57 PM.056] [Info] [AgentModelResolver] agent "pulse" original_models=[] -> resolved_models=[]
[9/24/2026, 7:39:57 PM.056] [Info] [AgentModelResolver] agent "handoff-summary" original_models=undefined -> resolved_models=[]
[9/24/2026, 7:39:57 PM.056] [Info] [AgentModelResolver] agent "enhance-prompt" original_models=[] -> resolved_models=[]
[9/24/2026, 7:39:57 PM.056] [Info] [AgentModelResolver] agent "sheet-agent" original_models=[] -> resolved_models=[]
[9/24/2026, 7:39:57 PM.056] [Info] [AgentModelResolver] agent "doc-converter" original_models=[] -> resolved_models=[]
[9/24/2026, 7:39:57 PM.056] [Info] [AgentModelResolver] agent "doc-formatter" original_models=[] -> resolved_models=[]
[9/24/2026, 7:39:57 PM.056] [Info] [AgentModelResolver] agent "doc-writer" original_models=[] -> resolved_models=[]
[9/24/2026, 7:39:57 PM.077] [Info] [PluginPolicyService]  [MergedPlugins][DEBUG] ProductManager.onDidChange fired, reloading policies...
[9/24/2026, 7:39:57 PM.077] [Info] [PluginPolicyService]  [MergedPlugins][DEBUG] Current config builtInMarketPluginsMerge: [{"autoEnable":true,"marketplaceName":"codebuddy-plugins-official","name":"agent-browser","scope":"user"},{"autoEnable":true,"marketplaceName":"codebuddy-plugins-official","name":"find-skills","scope":"user"}]
[9/24/2026, 7:39:57 PM.077] [Info] [PluginPolicyService]  [MergedPlugins] Loaded 2 merged plugin entries
[9/24/2026, 7:39:57 PM.077] [Info] [Startup] AgentManager.rebuildAgents: START
[9/24/2026, 7:39:57 PM.077] [Info] [Startup] AgentManager.rebuildAgents: completed in 15ms, resolving readyDeferred
[9/24/2026, 7:39:57 PM.078] [Info] [PluginManager]  Checking for built-in marketplaces to install...
[9/24/2026, 7:39:57 PM.078] [Info] [BuiltInMarketplaceProvider]  Found 2 built-in marketplace(s)
[9/24/2026, 7:39:57 PM.078] [Info] [PluginManager]  Found 2 built-in marketplace(s)
[9/24/2026, 7:39:57 PM.079] [Info] [MarketplaceStorage]  [MarketplaceStorage] getMarketplaces ensureConfigFile=0ms readAndRepair=1ms migration=0ms total=1ms count=5 path=/Users/didi/.workbuddy/plugins/known_marketplaces.json
[9/24/2026, 7:39:57 PM.079] [Info] [PluginManager]  All built-in marketplaces are already installed
[9/24/2026, 7:39:57 PM.080] [Info] [MarketplaceStorage]  [MarketplaceStorage] getMarketplaces ensureConfigFile=0ms readAndRepair=0ms migration=0ms total=1ms count=5 path=/Users/didi/.workbuddy/plugins/known_marketplaces.json
[9/24/2026, 7:39:57 PM.080] [Info] [BuiltInMarketplaceProvider]  Found 2 built-in marketplace(s)
[9/24/2026, 7:39:57 PM.082] [Info] [PluginManager]  Loaded 5 marketplaces (2 built-in) total=3ms storage=1ms builtIn=0ms autoUpdate=0ms
[9/24/2026, 7:39:57 PM.107] [Info] [WorkflowMemProbe] tick runId=(none) | rss=160.7MB heap=116.6/121.8MB external=54.2MB arrayBuffers=0MB
[9/24/2026, 7:39:59 PM.065] [Info] [TracingService]  Tracing uses @tencent/galileo-node-sdk global OpenTelemetry provider; @genie OTLP exporter is skipped.
[9/24/2026, 7:39:59 PM.065] [Info] [TracingService]  Tracing config resolved: {"productEnabled":true,"enabledByEnv":false,"endpoint":"https://copilot.tencent.com","galileoEnabled":true}
[9/24/2026, 7:40:27 PM.108] [Info] [WorkflowMemProbe] tick runId=(none) | rss=160.8MB heap=116.9/121.8MB external=54.2MB arrayBuffers=0MB
[9/24/2026, 7:40:57 PM.109] [Info] [WorkflowMemProbe] tick runId=(none) | rss=159.8MB heap=117/121.8MB external=54.2MB arrayBuffers=0MB
[9/24/2026, 7:41:27 PM.109] [Info] [WorkflowMemProbe] tick runId=(none) | rss=159.8MB heap=117.3/121.8MB external=54.2MB arrayBuffers=0MB
[9/24/2026, 7:41:57 PM.111] [Info] [WorkflowMemProbe] tick runId=(none) | rss=159.8MB heap=117.4/121.8MB external=54.2MB arrayBuffers=0MB
[9/24/2026, 7:42:27 PM.112] [Info] [WorkflowMemProbe] tick runId=(none) | rss=124.6MB heap=117.6/121.8MB external=54.3MB arrayBuffers=0MB
[9/24/2026, 7:42:57 PM.043] [Info] [WorkflowMemProbe] tick runId=(none) | rss=115.6MB heap=117.8/122MB external=54.3MB arrayBuffers=0MB
[9/24/2026, 7:43:25 PM.575] [Info] [TracingService]  [primary] Exported 1 spans, traceIds: 1eef8f98c9cd1163f44e321d58fd68ca
[9/24/2026, 7:43:27 PM.043] [Info] [WorkflowMemProbe] tick runId=(none) | rss=124.7MB heap=121.1/125.3MB external=54.3MB arrayBuffers=0MB
[9/24/2026, 7:43:57 PM.045] [Info] [WorkflowMemProbe] tick runId=(none) | rss=151.7MB heap=108.3/113.7MB external=53.3MB arrayBuffers=0MB
[9/24/2026, 7:44:27 PM.048] [Info] [WorkflowMemProbe] tick runId=(none) | rss=37.6MB heap=108.6/113.7MB external=53.3MB arrayBuffers=0MB
[9/24/2026, 7:53:41 PM.961] [Info] [WorkflowMemProbe] tick runId=(none) | rss=49MB heap=108.7/113.7MB external=53.3MB arrayBuffers=0MB
[9/24/2026, 7:53:42 PM.076] [Info] [GitInfoCollector]  CODEBUDDY_GIT_REPO_SCAN_DISABLED 1
[9/24/2026, 7:53:42 PM.076] [Info] [GitInfoCollector]  Git repository scan is disabled via CODEBUDDY_GIT_REPO_SCAN_DISABLED environment variable
[9/24/2026, 7:53:43 PM.644] [Info] [CloudProductManager]  fetch cloud product success, agents(1): cli, models(53): auto,fast-model,balanced-model,deep-model,hy3,hy3-b,hy3-c,hy3-x,hy4-preview,hy4-preview-f,minimax-m2.5,glm-5v-turbo,glm-5.3,glm-5.3-flash,glm-5.2,glm-5.1,glm-5.0-turbo,glm-4.6v,kimi-k3-1,kimi-k2.8-preview,kimi-k2.7,kimi-k2.6,kimi-k2.5,kimi-k2-thinking,minimax-m3,minimax-m2.7,glm-4.6,deepseek-v4-flash,deepseek-v4.1-flash,deepseek-v4-pro,deepseek-v3-2-volc,deepseek-v3-1-volc,deepseek-v3-1-lkeap,deepseek-v3-1,deepseek-v3-0324-lkeap,deepseek-r1-0528-lkeap,kimi-k2-instruct-taiji,completion-gf,default-1.1,hunyuan-3b,hunyuan-7b-dense,codewise-completions,codewise-rewrite,codewise-nes-a4-027-aide,codewise-jump,deepseek-r1-0528,deepseek-v3-0324-taco-completion,deepseek-v3-0324,default-1.2,hunyuan-2.0-instruct,hunyuan-chat,hunyuan-image-alpha,hunyuan-image-alpha-edit
[9/24/2026, 7:53:43 PM.644] [Info] [CloudProductManager]  Fetched configuration from remote [1565ms]
[9/24/2026, 7:53:43 PM.649] [Info] [PluginsProductProvider.provide] active=9, ids=[weixinpay@workbuddy-builtin,tencent-docs-plugin@workbuddy-builtin,sheetagent@workbuddy-builtin,tencent-pptx@workbuddy-builtin,tencent-docx@workbuddy-builtin,agent-browser@codebuddy-plugins-official,find-skills@codebuddy-plugins-official,agent-browser@inline,find-skills@inline]
[9/24/2026, 7:53:43 PM.650] [Info] [MCP][cacheDbg] getConnectedServers() called: nonInteractive=true waitForSettle=false cacheNow=[connector-proxy,weixinpay,sheetagent] allServers=[connector-proxy:connected,weixinpay:connected,sheetagent:connected]
[9/24/2026, 7:53:43 PM.650] [Info] [MCP][cacheDbg] getConnectedServers() returning: [connector-proxy,weixinpay,sheetagent] (size=3)
[9/24/2026, 7:53:43 PM.666] [Info] [CustomModelsProductProvider] productName=WorkBuddy, isWorkBuddy=true, userConfigPath=/Users/didi/.workbuddy/models.json
[9/24/2026, 7:53:43 PM.666] [Info] [ModelsProductProvider] enterpriseId: undefined, endpoint: https://copilot.tencent.com
[9/24/2026, 7:53:43 PM.666] [Warning] [ModelsProductProvider] enterpriseId is missing, skipping models API call
[9/24/2026, 7:53:43 PM.667] [Info] [AgentModelResolver] product config input: 53 models, 23 agents
[9/24/2026, 7:53:43 PM.667] [Info] [AgentModelResolver] model ids: auto, fast-model, balanced-model, deep-model, hy3, hy3-b, hy3-c, hy3-x, hy4-preview, hy4-preview-f, minimax-m2.5, glm-5v-turbo, glm-5.3, glm-5.3-flash, glm-5.2, glm-5.1, glm-5.0-turbo, glm-4.6v, kimi-k3-1, kimi-k2.8-preview, kimi-k2.7, kimi-k2.6, kimi-k2.5, kimi-k2-thinking, minimax-m3, minimax-m2.7, glm-4.6, deepseek-v4-flash, deepseek-v4.1-flash, deepseek-v4-pro, deepseek-v3-2-volc, deepseek-v3-1-volc, deepseek-v3-1-lkeap, deepseek-v3-1, deepseek-v3-0324-lkeap, deepseek-r1-0528-lkeap, kimi-k2-instruct-taiji, completion-gf, default-1.1, hunyuan-3b, hunyuan-7b-dense, codewise-completions, codewise-rewrite, codewise-nes-a4-027-aide, codewise-jump, deepseek-r1-0528, deepseek-v3-0324-taco-completion, deepseek-v3-0324, default-1.2, hunyuan-2.0-instruct, hunyuan-chat, hunyuan-image-alpha, hunyuan-image-alpha-edit
[9/24/2026, 7:53:43 PM.667] [Info] [AgentModelResolver] agent "cli" original_models=["auto","hy4-preview-f","hy3","hy3-x","deepseek-v4.1-flash","glm-5.3","glm-5.3-flash","glm-5.2","glm-5.1","glm-5v-turbo","minimax-m3","kimi-k3-1","kimi-k2.8-preview","kimi-k2.7","kimi-k2.6","deepseek-v4-pro"] -> resolved_models=["auto","hy4-preview-f","hy3","hy3-x","deepseek-v4.1-flash","glm-5.3","glm-5.3-flash","glm-5.2","glm-5.1","glm-5v-turbo","minimax-m3","kimi-k3-1","kimi-k2.8-preview","kimi-k2.7","kimi-k2.6","deepseek-v4-pro"]
[9/24/2026, 7:53:43 PM.667] [Info] [AgentModelResolver] agent "general-purpose" original_models=[] -> resolved_models=[]
[9/24/2026, 7:53:43 PM.667] [Info] [AgentModelResolver] agent "compact" original_models=[] -> resolved_models=[]
[9/24/2026, 7:53:43 PM.667] [Info] [AgentModelResolver] agent "contextSummary" original_models=[] -> resolved_models=[]
[9/24/2026, 7:53:43 PM.667] [Info] [AgentModelResolver] agent "contentAnalyzer" original_models=[] -> resolved_models=[]
[9/24/2026, 7:53:43 PM.667] [Info] [AgentModelResolver] agent "terminalTitleGenerator" original_models=[] -> resolved_models=[]
[9/24/2026, 7:53:43 PM.667] [Info] [AgentModelResolver] agent "promptSuggestion" original_models=[] -> resolved_models=[]
[9/24/2026, 7:53:43 PM.667] [Info] [AgentModelResolver] agent "memorySelector" original_models=["lite"] -> resolved_models=["lite"]
[9/24/2026, 7:53:43 PM.667] [Info] [AgentModelResolver] agent "summaryGenerator" original_models=[] -> resolved_models=[]
[9/24/2026, 7:53:43 PM.667] [Info] [AgentModelResolver] agent "autoModeClassifier" original_models=[] -> resolved_models=[]
[9/24/2026, 7:53:43 PM.667] [Info] [AgentModelResolver] agent "promptHookEvaluator" original_models=["lite"] -> resolved_models=["lite"]
[9/24/2026, 7:53:43 PM.667] [Info] [AgentModelResolver] agent "insightsAnalyzer" original_models=[] -> resolved_models=[]
[9/24/2026, 7:53:43 PM.667] [Info] [AgentModelResolver] agent "agentInstructions" original_models=[] -> resolved_models=[]
[9/24/2026, 7:53:43 PM.667] [Info] [AgentModelResolver] agent "statusline-setup" original_models=[] -> resolved_models=[]
[9/24/2026, 7:53:43 PM.667] [Info] [AgentModelResolver] agent "Explore" original_models=["lite"] -> resolved_models=["lite"]
[9/24/2026, 7:53:43 PM.667] [Info] [AgentModelResolver] agent "Plan" original_models=[] -> resolved_models=[]
[9/24/2026, 7:53:43 PM.667] [Info] [AgentModelResolver] agent "pulse" original_models=[] -> resolved_models=[]
[9/24/2026, 7:53:43 PM.667] [Info] [AgentModelResolver] agent "handoff-summary" original_models=undefined -> resolved_models=[]
[9/24/2026, 7:53:43 PM.667] [Info] [AgentModelResolver] agent "enhance-prompt" original_models=[] -> resolved_models=[]
[9/24/2026, 7:53:43 PM.667] [Info] [AgentModelResolver] agent "sheet-agent" original_models=[] -> resolved_models=[]
[9/24/2026, 7:53:43 PM.667] [Info] [AgentModelResolver] agent "doc-converter" original_models=[] -> resolved_models=[]
[9/24/2026, 7:53:43 PM.667] [Info] [AgentModelResolver] agent "doc-formatter" original_models=[] -> resolved_models=[]
[9/24/2026, 7:53:43 PM.667] [Info] [AgentModelResolver] agent "doc-writer" original_models=[] -> resolved_models=[]
[9/24/2026, 7:53:43 PM.708] [Info] [PluginPolicyService]  [MergedPlugins][DEBUG] ProductManager.onDidChange fired, reloading policies...
[9/24/2026, 7:53:43 PM.708] [Info] [PluginPolicyService]  [MergedPlugins][DEBUG] Current config builtInMarketPluginsMerge: [{"autoEnable":true,"marketplaceName":"codebuddy-plugins-official","name":"agent-browser","scope":"user"},{"autoEnable":true,"marketplaceName":"codebuddy-plugins-official","name":"find-skills","scope":"user"}]
[9/24/2026, 7:53:43 PM.708] [Info] [PluginPolicyService]  [MergedPlugins] Loaded 2 merged plugin entries
[9/24/2026, 7:53:43 PM.708] [Info] [Startup] AgentManager.rebuildAgents: START
[9/24/2026, 7:53:43 PM.708] [Info] [Startup] AgentManager.rebuildAgents: completed in 28ms, resolving readyDeferred
[9/24/2026, 7:53:43 PM.709] [Info] [PluginManager]  Checking for built-in marketplaces to install...
[9/24/2026, 7:53:43 PM.709] [Info] [BuiltInMarketplaceProvider]  Found 2 built-in marketplace(s)
[9/24/2026, 7:53:43 PM.709] [Info] [PluginManager]  Found 2 built-in marketplace(s)
[9/24/2026, 7:53:43 PM.711] [Info] [MarketplaceStorage]  [MarketplaceStorage] getMarketplaces ensureConfigFile=0ms readAndRepair=1ms migration=0ms total=1ms count=5 path=/Users/didi/.workbuddy/plugins/known_marketplaces.json
[9/24/2026, 7:53:43 PM.711] [Info] [PluginManager]  All built-in marketplaces are already installed
[9/24/2026, 7:53:43 PM.711] [Info] [MarketplaceStorage]  [MarketplaceStorage] getMarketplaces ensureConfigFile=0ms readAndRepair=0ms migration=0ms total=0ms count=5 path=/Users/didi/.workbuddy/plugins/known_marketplaces.json
[9/24/2026, 7:53:43 PM.711] [Info] [BuiltInMarketplaceProvider]  Found 2 built-in marketplace(s)
[9/24/2026, 7:53:43 PM.716] [Info] [PluginManager]  Loaded 5 marketplaces (2 built-in) total=5ms storage=0ms builtIn=0ms autoUpdate=0ms
[9/24/2026, 7:53:45 PM.683] [Info] [TracingService]  Tracing uses @tencent/galileo-node-sdk global OpenTelemetry provider; @genie OTLP exporter is skipped.
[9/24/2026, 7:53:45 PM.683] [Info] [TracingService]  Tracing config resolved: {"productEnabled":true,"enabledByEnv":false,"endpoint":"https://copilot.tencent.com","galileoEnabled":true}
[9/24/2026, 7:53:51 PM.330] [Info] [TracingService]  [primary] Exported 1 spans, traceIds: 631777b997f1b54ffc19301140e29e56
[9/24/2026, 7:54:11 PM.962] [Info] [WorkflowMemProbe] tick runId=(none) | rss=96MB heap=117.3/123.9MB external=53.5MB arrayBuffers=0MB
[9/24/2026, 7:54:41 PM.962] [Info] [WorkflowMemProbe] tick runId=(none) | rss=97.2MB heap=117.6/124.1MB external=53.6MB arrayBuffers=0MB
[9/24/2026, 7:55:11 PM.965] [Info] [WorkflowMemProbe] tick runId=(none) | rss=57.4MB heap=117.8/124.4MB external=53.6MB arrayBuffers=0MB
[9/24/2026, 7:55:41 PM.964] [Info] [WorkflowMemProbe] tick runId=(none) | rss=66.1MB heap=118/124.6MB external=53.6MB arrayBuffers=0MB
[9/24/2026, 7:56:11 PM.966] [Info] [WorkflowMemProbe] tick runId=(none) | rss=78.3MB heap=114.5/119MB external=53.4MB arrayBuffers=0MB
[9/24/2026, 7:56:41 PM.967] [Info] [WorkflowMemProbe] tick runId=(none) | rss=75MB heap=114.7/119MB external=53.4MB arrayBuffers=0MB
[9/24/2026, 7:57:11 PM.966] [Info] [WorkflowMemProbe] tick runId=(none) | rss=77.8MB heap=114.9/119MB external=53.4MB arrayBuffers=0MB
[9/24/2026, 7:57:41 PM.966] [Info] [WorkflowMemProbe] tick runId=(none) | rss=78.7MB heap=114.6/119.2MB external=53.4MB arrayBuffers=0MB
[9/24/2026, 7:58:11 PM.998] [Info] [WorkflowMemProbe] tick runId=(none) | rss=44.3MB heap=114.8/119.5MB external=53.4MB arrayBuffers=0MB
[9/24/2026, 7:58:42 PM.003] [Info] [WorkflowMemProbe] tick runId=(none) | rss=54MB heap=114.9/119.5MB external=53.4MB arrayBuffers=0MB
[9/24/2026, 7:58:53 PM.253] [Info] [TracingService]  [primary] Exported 1 spans, traceIds: cfef5b12015a6f7174634f75195e0ad8
[9/24/2026, 7:59:12 PM.003] [Info] [WorkflowMemProbe] tick runId=(none) | rss=83.3MB heap=117.7/122.5MB external=53.5MB arrayBuffers=0MB
[9/24/2026, 8:00:26 PM.571] [Info] [WorkflowMemProbe] tick runId=(none) | rss=84.2MB heap=118/122.5MB external=53.5MB arrayBuffers=0MB
[9/24/2026, 8:00:42 PM.879] [Info] [TracingService]  [primary] Exported 1 spans, traceIds: 041fe78421c81a01b937ef399531b21b
[9/24/2026, 8:00:56 PM.573] [Info] [WorkflowMemProbe] tick runId=(none) | rss=123.4MB heap=152.8/158.3MB external=53.4MB arrayBuffers=0MB
[9/24/2026, 8:01:26 PM.575] [Info] [WorkflowMemProbe] tick runId=(none) | rss=123.7MB heap=153.2/158.6MB external=53.5MB arrayBuffers=0MB
[9/24/2026, 8:01:56 PM.575] [Info] [WorkflowMemProbe] tick runId=(none) | rss=124.2MB heap=151.9/156.8MB external=53.3MB arrayBuffers=0MB
[9/24/2026, 8:01:56 PM.595] [Info] [GitInfoCollector]  CODEBUDDY_GIT_REPO_SCAN_DISABLED 1
[9/24/2026, 8:01:56 PM.595] [Info] [GitInfoCollector]  Git repository scan is disabled via CODEBUDDY_GIT_REPO_SCAN_DISABLED environment variable
[9/24/2026, 8:01:57 PM.037] [Info] [CloudProductManager]  fetch cloud product success, agents(1): cli, models(53): auto,fast-model,balanced-model,deep-model,hy3,hy3-b,hy3-c,hy3-x,hy4-preview,hy4-preview-f,minimax-m2.5,glm-5v-turbo,glm-5.3,glm-5.3-flash,glm-5.2,glm-5.1,glm-5.0-turbo,glm-4.6v,kimi-k3-1,kimi-k2.8-preview,kimi-k2.7,kimi-k2.6,kimi-k2.5,kimi-k2-thinking,minimax-m3,minimax-m2.7,glm-4.6,deepseek-v4-flash,deepseek-v4.1-flash,deepseek-v4-pro,deepseek-v3-2-volc,deepseek-v3-1-volc,deepseek-v3-1-lkeap,deepseek-v3-1,deepseek-v3-0324-lkeap,deepseek-r1-0528-lkeap,kimi-k2-instruct-taiji,completion-gf,default-1.1,hunyuan-3b,hunyuan-7b-dense,codewise-completions,codewise-rewrite,codewise-nes-a4-027-aide,codewise-jump,deepseek-r1-0528,deepseek-v3-0324-taco-completion,deepseek-v3-0324,default-1.2,hunyuan-2.0-instruct,hunyuan-chat,hunyuan-image-alpha,hunyuan-image-alpha-edit
[9/24/2026, 8:01:57 PM.037] [Info] [CloudProductManager]  Fetched configuration from remote [440ms]
[9/24/2026, 8:01:57 PM.040] [Info] [PluginsProductProvider.provide] active=9, ids=[weixinpay@workbuddy-builtin,tencent-docs-plugin@workbuddy-builtin,sheetagent@workbuddy-builtin,tencent-pptx@workbuddy-builtin,tencent-docx@workbuddy-builtin,agent-browser@codebuddy-plugins-official,find-skills@codebuddy-plugins-official,agent-browser@inline,find-skills@inline]
[9/24/2026, 8:01:57 PM.040] [Info] [MCP][cacheDbg] getConnectedServers() called: nonInteractive=true waitForSettle=false cacheNow=[connector-proxy,weixinpay,sheetagent] allServers=[connector-proxy:connected,weixinpay:connected,sheetagent:connected]
[9/24/2026, 8:01:57 PM.040] [Info] [MCP][cacheDbg] getConnectedServers() returning: [connector-proxy,weixinpay,sheetagent] (size=3)
[9/24/2026, 8:01:57 PM.053] [Info] [CustomModelsProductProvider] productName=WorkBuddy, isWorkBuddy=true, userConfigPath=/Users/didi/.workbuddy/models.json
[9/24/2026, 8:01:57 PM.054] [Info] [ModelsProductProvider] enterpriseId: undefined, endpoint: https://copilot.tencent.com
[9/24/2026, 8:01:57 PM.054] [Warning] [ModelsProductProvider] enterpriseId is missing, skipping models API call
[9/24/2026, 8:01:57 PM.054] [Info] [AgentModelResolver] product config input: 53 models, 23 agents
[9/24/2026, 8:01:57 PM.054] [Info] [AgentModelResolver] model ids: auto, fast-model, balanced-model, deep-model, hy3, hy3-b, hy3-c, hy3-x, hy4-preview, hy4-preview-f, minimax-m2.5, glm-5v-turbo, glm-5.3, glm-5.3-flash, glm-5.2, glm-5.1, glm-5.0-turbo, glm-4.6v, kimi-k3-1, kimi-k2.8-preview, kimi-k2.7, kimi-k2.6, kimi-k2.5, kimi-k2-thinking, minimax-m3, minimax-m2.7, glm-4.6, deepseek-v4-flash, deepseek-v4.1-flash, deepseek-v4-pro, deepseek-v3-2-volc, deepseek-v3-1-volc, deepseek-v3-1-lkeap, deepseek-v3-1, deepseek-v3-0324-lkeap, deepseek-r1-0528-lkeap, kimi-k2-instruct-taiji, completion-gf, default-1.1, hunyuan-3b, hunyuan-7b-dense, codewise-completions, codewise-rewrite, codewise-nes-a4-027-aide, codewise-jump, deepseek-r1-0528, deepseek-v3-0324-taco-completion, deepseek-v3-0324, default-1.2, hunyuan-2.0-instruct, hunyuan-chat, hunyuan-image-alpha, hunyuan-image-alpha-edit
[9/24/2026, 8:01:57 PM.054] [Info] [AgentModelResolver] agent "cli" original_models=["auto","hy4-preview-f","hy3","hy3-x","deepseek-v4.1-flash","glm-5.3","glm-5.3-flash","glm-5.2","glm-5.1","glm-5v-turbo","minimax-m3","kimi-k3-1","kimi-k2.8-preview","kimi-k2.7","kimi-k2.6","deepseek-v4-pro"] -> resolved_models=["auto","hy4-preview-f","hy3","hy3-x","deepseek-v4.1-flash","glm-5.3","glm-5.3-flash","glm-5.2","glm-5.1","glm-5v-turbo","minimax-m3","kimi-k3-1","kimi-k2.8-preview","kimi-k2.7","kimi-k2.6","deepseek-v4-pro"]
[9/24/2026, 8:01:57 PM.054] [Info] [AgentModelResolver] agent "general-purpose" original_models=[] -> resolved_models=[]
[9/24/2026, 8:01:57 PM.054] [Info] [AgentModelResolver] agent "compact" original_models=[] -> resolved_models=[]
[9/24/2026, 8:01:57 PM.054] [Info] [AgentModelResolver] agent "contextSummary" original_models=[] -> resolved_models=[]
[9/24/2026, 8:01:57 PM.054] [Info] [AgentModelResolver] agent "contentAnalyzer" original_models=[] -> resolved_models=[]
[9/24/2026, 8:01:57 PM.054] [Info] [AgentModelResolver] agent "terminalTitleGenerator" original_models=[] -> resolved_models=[]
[9/24/2026, 8:01:57 PM.054] [Info] [AgentModelResolver] agent "promptSuggestion" original_models=[] -> resolved_models=[]
[9/24/2026, 8:01:57 PM.054] [Info] [AgentModelResolver] agent "memorySelector" original_models=["lite"] -> resolved_models=["lite"]
[9/24/2026, 8:01:57 PM.054] [Info] [AgentModelResolver] agent "summaryGenerator" original_models=[] -> resolved_models=[]
[9/24/2026, 8:01:57 PM.054] [Info] [AgentModelResolver] agent "autoModeClassifier" original_models=[] -> resolved_models=[]
[9/24/2026, 8:01:57 PM.054] [Info] [AgentModelResolver] agent "promptHookEvaluator" original_models=["lite"] -> resolved_models=["lite"]
[9/24/2026, 8:01:57 PM.054] [Info] [AgentModelResolver] agent "insightsAnalyzer" original_models=[] -> resolved_models=[]
[9/24/2026, 8:01:57 PM.054] [Info] [AgentModelResolver] agent "agentInstructions" original_models=[] -> resolved_models=[]
[9/24/2026, 8:01:57 PM.054] [Info] [AgentModelResolver] agent "statusline-setup" original_models=[] -> resolved_models=[]
[9/24/2026, 8:01:57 PM.054] [Info] [AgentModelResolver] agent "Explore" original_models=["lite"] -> resolved_models=["lite"]
[9/24/2026, 8:01:57 PM.054] [Info] [AgentModelResolver] agent "Plan" original_models=[] -> resolved_models=[]
[9/24/2026, 8:01:57 PM.054] [Info] [AgentModelResolver] agent "pulse" original_models=[] -> resolved_models=[]
[9/24/2026, 8:01:57 PM.054] [Info] [AgentModelResolver] agent "handoff-summary" original_models=undefined -> resolved_models=[]
[9/24/2026, 8:01:57 PM.054] [Info] [AgentModelResolver] agent "enhance-prompt" original_models=[] -> resolved_models=[]
[9/24/2026, 8:01:57 PM.054] [Info] [AgentModelResolver] agent "sheet-agent" original_models=[] -> resolved_models=[]
[9/24/2026, 8:01:57 PM.054] [Info] [AgentModelResolver] agent "doc-converter" original_models=[] -> resolved_models=[]
[9/24/2026, 8:01:57 PM.054] [Info] [AgentModelResolver] agent "doc-formatter" original_models=[] -> resolved_models=[]
[9/24/2026, 8:01:57 PM.054] [Info] [AgentModelResolver] agent "doc-writer" original_models=[] -> resolved_models=[]
[9/24/2026, 8:01:57 PM.079] [Info] [PluginPolicyService]  [MergedPlugins][DEBUG] ProductManager.onDidChange fired, reloading policies...
[9/24/2026, 8:01:57 PM.079] [Info] [PluginPolicyService]  [MergedPlugins][DEBUG] Current config builtInMarketPluginsMerge: [{"autoEnable":true,"marketplaceName":"codebuddy-plugins-official","name":"agent-browser","scope":"user"},{"autoEnable":true,"marketplaceName":"codebuddy-plugins-official","name":"find-skills","scope":"user"}]
[9/24/2026, 8:01:57 PM.079] [Info] [PluginPolicyService]  [MergedPlugins] Loaded 2 merged plugin entries
[9/24/2026, 8:01:57 PM.079] [Info] [Startup] AgentManager.rebuildAgents: START
[9/24/2026, 8:01:57 PM.079] [Info] [Startup] AgentManager.rebuildAgents: completed in 17ms, resolving readyDeferred
[9/24/2026, 8:01:57 PM.080] [Info] [PluginManager]  Checking for built-in marketplaces to install...
[9/24/2026, 8:01:57 PM.080] [Info] [BuiltInMarketplaceProvider]  Found 2 built-in marketplace(s)
[9/24/2026, 8:01:57 PM.080] [Info] [PluginManager]  Found 2 built-in marketplace(s)
[9/24/2026, 8:01:57 PM.081] [Info] [MarketplaceStorage]  [MarketplaceStorage] getMarketplaces ensureConfigFile=0ms readAndRepair=1ms migration=0ms total=1ms count=5 path=/Users/didi/.workbuddy/plugins/known_marketplaces.json
[9/24/2026, 8:01:57 PM.081] [Info] [PluginManager]  All built-in marketplaces are already installed
[9/24/2026, 8:01:57 PM.082] [Info] [MarketplaceStorage]  [MarketplaceStorage] getMarketplaces ensureConfigFile=0ms readAndRepair=1ms migration=0ms total=1ms count=5 path=/Users/didi/.workbuddy/plugins/known_marketplaces.json
[9/24/2026, 8:01:57 PM.082] [Info] [BuiltInMarketplaceProvider]  Found 2 built-in marketplace(s)
[9/24/2026, 8:01:57 PM.085] [Info] [PluginManager]  Loaded 5 marketplaces (2 built-in) total=4ms storage=1ms builtIn=0ms autoUpdate=0ms
[9/24/2026, 8:01:59 PM.065] [Info] [TracingService]  Tracing uses @tencent/galileo-node-sdk global OpenTelemetry provider; @genie OTLP exporter is skipped.
[9/24/2026, 8:01:59 PM.065] [Info] [TracingService]  Tracing config resolved: {"productEnabled":true,"enabledByEnv":false,"endpoint":"https://copilot.tencent.com","galileoEnabled":true}
[9/24/2026, 8:02:26 PM.576] [Info] [WorkflowMemProbe] tick runId=(none) | rss=128.4MB heap=150.5/153.9MB external=53.3MB arrayBuffers=0MB
[9/24/2026, 8:02:56 PM.577] [Info] [WorkflowMemProbe] tick runId=(none) | rss=124.8MB heap=150.8/153.9MB external=53.3MB arrayBuffers=0MB
[9/24/2026, 8:03:26 PM.581] [Info] [WorkflowMemProbe] tick runId=(none) | rss=106.6MB heap=151/153.9MB external=53.3MB arrayBuffers=0MB
[9/24/2026, 8:03:56 PM.581] [Info] [WorkflowMemProbe] tick runId=(none) | rss=109.7MB heap=151.2/153.9MB external=53.3MB arrayBuffers=0MB
[9/24/2026, 8:04:26 PM.581] [Info] [WorkflowMemProbe] tick runId=(none) | rss=123.5MB heap=150.3/153.6MB external=53.3MB arrayBuffers=0MB
[9/24/2026, 8:04:56 PM.581] [Info] [WorkflowMemProbe] tick runId=(none) | rss=123.5MB heap=150.6/153.6MB external=53.3MB arrayBuffers=0MB
[9/24/2026, 8:05:26 PM.581] [Info] [WorkflowMemProbe] tick runId=(none) | rss=124.2MB heap=150.8/153.6MB external=53.3MB arrayBuffers=0MB
[9/24/2026, 8:05:44 PM.780] [Info] [TracingService]  [primary] Exported 1 spans, traceIds: d8b5dc0de0bb14f325d8863b864b5286
[9/24/2026, 8:05:56 PM.581] [Info] [WorkflowMemProbe] tick runId=(none) | rss=126.7MB heap=153.4/156.2MB external=53.3MB arrayBuffers=0MB
[9/24/2026, 8:06:26 PM.581] [Info] [WorkflowMemProbe] tick runId=(none) | rss=89.1MB heap=153.7/156.4MB external=53.4MB arrayBuffers=0MB
[9/24/2026, 8:06:56 PM.581] [Info] [WorkflowMemProbe] tick runId=(none) | rss=86.5MB heap=153.3/156.7MB external=53.3MB arrayBuffers=0MB
[9/24/2026, 8:07:26 PM.582] [Info] [WorkflowMemProbe] tick runId=(none) | rss=79.1MB heap=153.5/156.9MB external=53.3MB arrayBuffers=0MB
[9/24/2026, 8:07:56 PM.582] [Info] [WorkflowMemProbe] tick runId=(none) | rss=72MB heap=153.6/157.2MB external=53.3MB arrayBuffers=0MB
[9/24/2026, 8:08:26 PM.581] [Info] [WorkflowMemProbe] tick runId=(none) | rss=69.6MB heap=153.8/157.2MB external=53.3MB arrayBuffers=0MB
[9/24/2026, 8:08:56 PM.582] [Info] [WorkflowMemProbe] tick runId=(none) | rss=71.9MB heap=153.4/156.4MB external=53.3MB arrayBuffers=0MB
[9/24/2026, 8:09:26 PM.583] [Info] [WorkflowMemProbe] tick runId=(none) | rss=72.1MB heap=153.6/156.4MB external=53.3MB arrayBuffers=0MB
[9/24/2026, 8:09:56 PM.584] [Info] [WorkflowMemProbe] tick runId=(none) | rss=72.6MB heap=153.7/156.4MB external=53.3MB arrayBuffers=0MB
[9/24/2026, 8:09:56 PM.604] [Info] [PluginsProductProvider.provide] active=9, ids=[weixinpay@workbuddy-builtin,tencent-docs-plugin@workbuddy-builtin,sheetagent@workbuddy-builtin,tencent-pptx@workbuddy-builtin,tencent-docx@workbuddy-builtin,agent-browser@codebuddy-plugins-official,find-skills@codebuddy-plugins-official,agent-browser@inline,find-skills@inline]
[9/24/2026, 8:09:56 PM.604] [Info] [MCP][cacheDbg] getConnectedServers() called: nonInteractive=true waitForSettle=false cacheNow=[connector-proxy,weixinpay,sheetagent] allServers=[connector-proxy:connected,weixinpay:connected,sheetagent:connected]
[9/24/2026, 8:09:56 PM.604] [Info] [MCP][cacheDbg] getConnectedServers() returning: [connector-proxy,weixinpay,sheetagent] (size=3)
[9/24/2026, 8:09:56 PM.613] [Info] [CustomModelsProductProvider] productName=WorkBuddy, isWorkBuddy=true, userConfigPath=/Users/didi/.workbuddy/models.json
[9/24/2026, 8:09:56 PM.613] [Info] [ModelsProductProvider] enterpriseId: undefined, endpoint: https://copilot.tencent.com
[9/24/2026, 8:09:56 PM.613] [Warning] [ModelsProductProvider] enterpriseId is missing, skipping models API call
[9/24/2026, 8:09:56 PM.613] [Info] [AgentModelResolver] product config input: 53 models, 23 agents
[9/24/2026, 8:09:56 PM.613] [Info] [AgentModelResolver] model ids: auto, fast-model, balanced-model, deep-model, hy3, hy3-b, hy3-c, hy3-x, hy4-preview, hy4-preview-f, minimax-m2.5, glm-5v-turbo, glm-5.3, glm-5.3-flash, glm-5.2, glm-5.1, glm-5.0-turbo, glm-4.6v, kimi-k3-1, kimi-k2.8-preview, kimi-k2.7, kimi-k2.6, kimi-k2.5, kimi-k2-thinking, minimax-m3, minimax-m2.7, glm-4.6, deepseek-v4-flash, deepseek-v4.1-flash, deepseek-v4-pro, deepseek-v3-2-volc, deepseek-v3-1-volc, deepseek-v3-1-lkeap, deepseek-v3-1, deepseek-v3-0324-lkeap, deepseek-r1-0528-lkeap, kimi-k2-instruct-taiji, completion-gf, default-1.1, hunyuan-3b, hunyuan-7b-dense, codewise-completions, codewise-rewrite, codewise-nes-a4-027-aide, codewise-jump, deepseek-r1-0528, deepseek-v3-0324-taco-completion, deepseek-v3-0324, default-1.2, hunyuan-2.0-instruct, hunyuan-chat, hunyuan-image-alpha, hunyuan-image-alpha-edit
[9/24/2026, 8:09:56 PM.613] [Info] [AgentModelResolver] agent "cli" original_models=["auto","hy4-preview-f","hy3","hy3-x","deepseek-v4.1-flash","glm-5.3","glm-5.3-flash","glm-5.2","glm-5.1","glm-5v-turbo","minimax-m3","kimi-k3-1","kimi-k2.8-preview","kimi-k2.7","kimi-k2.6","deepseek-v4-pro"] -> resolved_models=["auto","hy4-preview-f","hy3","hy3-x","deepseek-v4.1-flash","glm-5.3","glm-5.3-flash","glm-5.2","glm-5.1","glm-5v-turbo","minimax-m3","kimi-k3-1","kimi-k2.8-preview","kimi-k2.7","kimi-k2.6","deepseek-v4-pro"]
[9/24/2026, 8:09:56 PM.613] [Info] [AgentModelResolver] agent "general-purpose" original_models=[] -> resolved_models=[]
[9/24/2026, 8:09:56 PM.613] [Info] [AgentModelResolver] agent "compact" original_models=[] -> resolved_models=[]
[9/24/2026, 8:09:56 PM.613] [Info] [AgentModelResolver] agent "contextSummary" original_models=[] -> resolved_models=[]
[9/24/2026, 8:09:56 PM.613] [Info] [AgentModelResolver] agent "contentAnalyzer" original_models=[] -> resolved_models=[]
[9/24/2026, 8:09:56 PM.613] [Info] [AgentModelResolver] agent "terminalTitleGenerator" original_models=[] -> resolved_models=[]
[9/24/2026, 8:09:56 PM.613] [Info] [AgentModelResolver] agent "promptSuggestion" original_models=[] -> resolved_models=[]
[9/24/2026, 8:09:56 PM.613] [Info] [AgentModelResolver] agent "memorySelector" original_models=["lite"] -> resolved_models=["lite"]
[9/24/2026, 8:09:56 PM.613] [Info] [AgentModelResolver] agent "summaryGenerator" original_models=[] -> resolved_models=[]
[9/24/2026, 8:09:56 PM.613] [Info] [AgentModelResolver] agent "autoModeClassifier" original_models=[] -> resolved_models=[]
[9/24/2026, 8:09:56 PM.613] [Info] [AgentModelResolver] agent "promptHookEvaluator" original_models=["lite"] -> resolved_models=["lite"]
[9/24/2026, 8:09:56 PM.613] [Info] [AgentModelResolver] agent "insightsAnalyzer" original_models=[] -> resolved_models=[]
[9/24/2026, 8:09:56 PM.613] [Info] [AgentModelResolver] agent "agentInstructions" original_models=[] -> resolved_models=[]
[9/24/2026, 8:09:56 PM.613] [Info] [AgentModelResolver] agent "statusline-setup" original_models=[] -> resolved_models=[]
[9/24/2026, 8:09:56 PM.613] [Info] [AgentModelResolver] agent "Explore" original_models=["lite"] -> resolved_models=["lite"]
[9/24/2026, 8:09:56 PM.613] [Info] [AgentModelResolver] agent "Plan" original_models=[] -> resolved_models=[]
[9/24/2026, 8:09:56 PM.613] [Info] [AgentModelResolver] agent "pulse" original_models=[] -> resolved_models=[]
[9/24/2026, 8:09:56 PM.613] [Info] [AgentModelResolver] agent "handoff-summary" original_models=undefined -> resolved_models=[]
[9/24/2026, 8:09:56 PM.613] [Info] [AgentModelResolver] agent "enhance-prompt" original_models=[] -> resolved_models=[]
[9/24/2026, 8:09:56 PM.613] [Info] [AgentModelResolver] agent "sheet-agent" original_models=[] -> resolved_models=[]
[9/24/2026, 8:09:56 PM.613] [Info] [AgentModelResolver] agent "doc-converter" original_models=[] -> resolved_models=[]
[9/24/2026, 8:09:56 PM.613] [Info] [AgentModelResolver] agent "doc-formatter" original_models=[] -> resolved_models=[]
[9/24/2026, 8:09:56 PM.613] [Info] [AgentModelResolver] agent "doc-writer" original_models=[] -> resolved_models=[]
[9/24/2026, 8:09:56 PM.631] [Info] [PluginPolicyService]  [MergedPlugins][DEBUG] ProductManager.onDidChange fired, reloading policies...
[9/24/2026, 8:09:56 PM.631] [Info] [PluginPolicyService]  [MergedPlugins][DEBUG] Current config builtInMarketPluginsMerge: [{"autoEnable":true,"marketplaceName":"codebuddy-plugins-official","name":"agent-browser","scope":"user"},{"autoEnable":true,"marketplaceName":"codebuddy-plugins-official","name":"find-skills","scope":"user"}]
[9/24/2026, 8:09:56 PM.631] [Info] [PluginPolicyService]  [MergedPlugins] Loaded 2 merged plugin entries
[9/24/2026, 8:09:56 PM.631] [Info] [Startup] AgentManager.rebuildAgents: START
[9/24/2026, 8:09:56 PM.631] [Info] [Startup] AgentManager.rebuildAgents: completed in 13ms, resolving readyDeferred
[9/24/2026, 8:09:56 PM.631] [Info] [PluginManager]  Checking for built-in marketplaces to install...
[9/24/2026, 8:09:56 PM.631] [Info] [BuiltInMarketplaceProvider]  Found 2 built-in marketplace(s)
[9/24/2026, 8:09:56 PM.631] [Info] [PluginManager]  Found 2 built-in marketplace(s)
[9/24/2026, 8:09:56 PM.633] [Info] [MarketplaceStorage]  [MarketplaceStorage] getMarketplaces ensureConfigFile=0ms readAndRepair=2ms migration=0ms total=2ms count=5 path=/Users/didi/.workbuddy/plugins/known_marketplaces.json
[9/24/2026, 8:09:56 PM.633] [Info] [PluginManager]  All built-in marketplaces are already installed
[9/24/2026, 8:09:56 PM.633] [Info] [MarketplaceStorage]  [MarketplaceStorage] getMarketplaces ensureConfigFile=0ms readAndRepair=0ms migration=0ms total=0ms count=5 path=/Users/didi/.workbuddy/plugins/known_marketplaces.json
[9/24/2026, 8:09:56 PM.634] [Info] [BuiltInMarketplaceProvider]  Found 2 built-in marketplace(s)
[9/24/2026, 8:09:56 PM.637] [Info] [PluginManager]  Loaded 5 marketplaces (2 built-in) total=4ms storage=0ms builtIn=0ms autoUpdate=1ms
[9/24/2026, 8:09:58 PM.621] [Info] [TracingService]  Tracing uses @tencent/galileo-node-sdk global OpenTelemetry provider; @genie OTLP exporter is skipped.
[9/24/2026, 8:09:58 PM.621] [Info] [TracingService]  Tracing config resolved: {"productEnabled":true,"enabledByEnv":false,"endpoint":"https://copilot.tencent.com","galileoEnabled":true}
[9/24/2026, 8:10:26 PM.584] [Info] [WorkflowMemProbe] tick runId=(none) | rss=96.6MB heap=162.8/167.3MB external=54.5MB arrayBuffers=0MB
[9/24/2026, 8:10:46 PM.954] [Info] [TracingService]  [primary] Exported 1 spans, traceIds: 3733b4284c2c99954e380a6af57f3bee
[9/24/2026, 8:10:56 PM.585] [Info] [WorkflowMemProbe] tick runId=(none) | rss=101.2MB heap=161.6/164.8MB external=53.3MB arrayBuffers=0MB
[9/24/2026, 8:11:26 PM.585] [Info] [WorkflowMemProbe] tick runId=(none) | rss=97.2MB heap=162/165.3MB external=53.4MB arrayBuffers=0MB
[9/24/2026, 8:11:56 PM.585] [Info] [WorkflowMemProbe] tick runId=(none) | rss=76.2MB heap=162.2/165.6MB external=53.4MB arrayBuffers=0MB
[9/24/2026, 8:12:26 PM.585] [Info] [WorkflowMemProbe] tick runId=(none) | rss=69.9MB heap=162.4/165.6MB external=53.4MB arrayBuffers=0MB
[9/24/2026, 8:12:56 PM.586] [Info] [WorkflowMemProbe] tick runId=(none) | rss=73.3MB heap=162.6/165.8MB external=53.4MB arrayBuffers=0MB
[9/24/2026, 8:13:26 PM.595] [Info] [WorkflowMemProbe] tick runId=(none) | rss=64.8MB heap=162.8/166.1MB external=53.4MB arrayBuffers=0MB
[9/24/2026, 8:13:56 PM.597] [Info] [WorkflowMemProbe] tick runId=(none) | rss=68.5MB heap=163/166.3MB external=53.5MB arrayBuffers=0MB
[9/24/2026, 8:14:26 PM.597] [Info] [WorkflowMemProbe] tick runId=(none) | rss=72.7MB heap=161.8/166.3MB external=53.4MB arrayBuffers=0MB
[9/24/2026, 8:14:56 PM.598] [Info] [WorkflowMemProbe] tick runId=(none) | rss=73.5MB heap=162/166.3MB external=53.4MB arrayBuffers=0MB
[9/24/2026, 8:15:26 PM.598] [Info] [WorkflowMemProbe] tick runId=(none) | rss=73.7MB heap=162.2/166.3MB external=53.4MB arrayBuffers=0MB
[9/24/2026, 8:15:48 PM.791] [Info] [TracingService]  [primary] Exported 1 spans, traceIds: 4008bb346889da2b1daf286a4e618676
[9/24/2026, 8:15:56 PM.598] [Info] [WorkflowMemProbe] tick runId=(none) | rss=87.4MB heap=163.8/166.7MB external=53.4MB arrayBuffers=0MB
[9/24/2026, 8:16:26 PM.600] [Info] [WorkflowMemProbe] tick runId=(none) | rss=116.2MB heap=150.5/155.1MB external=53.3MB arrayBuffers=0MB
[9/24/2026, 8:16:56 PM.599] [Info] [WorkflowMemProbe] tick runId=(none) | rss=118.8MB heap=150.8/155.4MB external=53.3MB arrayBuffers=0MB
[9/24/2026, 8:17:26 PM.599] [Info] [WorkflowMemProbe] tick runId=(none) | rss=119.4MB heap=151/155.6MB external=53.3MB arrayBuffers=0MB
[9/24/2026, 8:17:56 PM.601] [Info] [WorkflowMemProbe] tick runId=(none) | rss=122.2MB heap=150.5/154.9MB external=53.3MB arrayBuffers=0MB
[9/24/2026, 8:17:56 PM.618] [Info] [GitInfoCollector]  CODEBUDDY_GIT_REPO_SCAN_DISABLED 1
[9/24/2026, 8:17:56 PM.618] [Info] [GitInfoCollector]  Git repository scan is disabled via CODEBUDDY_GIT_REPO_SCAN_DISABLED environment variable
[9/24/2026, 8:17:57 PM.222] [Info] [CloudProductManager]  fetch cloud product success, agents(1): cli, models(53): auto,fast-model,balanced-model,deep-model,hy3,hy3-b,hy3-c,hy3-x,hy4-preview,hy4-preview-f,minimax-m2.5,glm-5v-turbo,glm-5.3,glm-5.3-flash,glm-5.2,glm-5.1,glm-5.0-turbo,glm-4.6v,kimi-k3-1,kimi-k2.8-preview,kimi-k2.7,kimi-k2.6,kimi-k2.5,kimi-k2-thinking,minimax-m3,minimax-m2.7,glm-4.6,deepseek-v4-flash,deepseek-v4.1-flash,deepseek-v4-pro,deepseek-v3-2-volc,deepseek-v3-1-volc,deepseek-v3-1-lkeap,deepseek-v3-1,deepseek-v3-0324-lkeap,deepseek-r1-0528-lkeap,kimi-k2-instruct-taiji,completion-gf,default-1.1,hunyuan-3b,hunyuan-7b-dense,codewise-completions,codewise-rewrite,codewise-nes-a4-027-aide,codewise-jump,deepseek-r1-0528,deepseek-v3-0324-taco-completion,deepseek-v3-0324,default-1.2,hunyuan-2.0-instruct,hunyuan-chat,hunyuan-image-alpha,hunyuan-image-alpha-edit
[9/24/2026, 8:17:57 PM.222] [Info] [CloudProductManager]  Fetched configuration from remote [601ms]
[9/24/2026, 8:17:57 PM.225] [Info] [PluginsProductProvider.provide] active=9, ids=[weixinpay@workbuddy-builtin,tencent-docs-plugin@workbuddy-builtin,sheetagent@workbuddy-builtin,tencent-pptx@workbuddy-builtin,tencent-docx@workbuddy-builtin,agent-browser@codebuddy-plugins-official,find-skills@codebuddy-plugins-official,agent-browser@inline,find-skills@inline]
[9/24/2026, 8:17:57 PM.226] [Info] [MCP][cacheDbg] getConnectedServers() called: nonInteractive=true waitForSettle=false cacheNow=[connector-proxy,weixinpay,sheetagent] allServers=[connector-proxy:connected,weixinpay:connected,sheetagent:connected]
[9/24/2026, 8:17:57 PM.226] [Info] [MCP][cacheDbg] getConnectedServers() returning: [connector-proxy,weixinpay,sheetagent] (size=3)
[9/24/2026, 8:17:57 PM.241] [Info] [CustomModelsProductProvider] productName=WorkBuddy, isWorkBuddy=true, userConfigPath=/Users/didi/.workbuddy/models.json
[9/24/2026, 8:17:57 PM.241] [Info] [ModelsProductProvider] enterpriseId: undefined, endpoint: https://copilot.tencent.com
[9/24/2026, 8:17:57 PM.241] [Warning] [ModelsProductProvider] enterpriseId is missing, skipping models API call
[9/24/2026, 8:17:57 PM.241] [Info] [AgentModelResolver] product config input: 53 models, 23 agents
[9/24/2026, 8:17:57 PM.241] [Info] [AgentModelResolver] model ids: auto, fast-model, balanced-model, deep-model, hy3, hy3-b, hy3-c, hy3-x, hy4-preview, hy4-preview-f, minimax-m2.5, glm-5v-turbo, glm-5.3, glm-5.3-flash, glm-5.2, glm-5.1, glm-5.0-turbo, glm-4.6v, kimi-k3-1, kimi-k2.8-preview, kimi-k2.7, kimi-k2.6, kimi-k2.5, kimi-k2-thinking, minimax-m3, minimax-m2.7, glm-4.6, deepseek-v4-flash, deepseek-v4.1-flash, deepseek-v4-pro, deepseek-v3-2-volc, deepseek-v3-1-volc, deepseek-v3-1-lkeap, deepseek-v3-1, deepseek-v3-0324-lkeap, deepseek-r1-0528-lkeap, kimi-k2-instruct-taiji, completion-gf, default-1.1, hunyuan-3b, hunyuan-7b-dense, codewise-completions, codewise-rewrite, codewise-nes-a4-027-aide, codewise-jump, deepseek-r1-0528, deepseek-v3-0324-taco-completion, deepseek-v3-0324, default-1.2, hunyuan-2.0-instruct, hunyuan-chat, hunyuan-image-alpha, hunyuan-image-alpha-edit
[9/24/2026, 8:17:57 PM.241] [Info] [AgentModelResolver] agent "cli" original_models=["auto","hy4-preview-f","hy3","hy3-x","deepseek-v4.1-flash","glm-5.3","glm-5.3-flash","glm-5.2","glm-5.1","glm-5v-turbo","minimax-m3","kimi-k3-1","kimi-k2.8-preview","kimi-k2.7","kimi-k2.6","deepseek-v4-pro"] -> resolved_models=["auto","hy4-preview-f","hy3","hy3-x","deepseek-v4.1-flash","glm-5.3","glm-5.3-flash","glm-5.2","glm-5.1","glm-5v-turbo","minimax-m3","kimi-k3-1","kimi-k2.8-preview","kimi-k2.7","kimi-k2.6","deepseek-v4-pro"]
[9/24/2026, 8:17:57 PM.241] [Info] [AgentModelResolver] agent "general-purpose" original_models=[] -> resolved_models=[]
[9/24/2026, 8:17:57 PM.241] [Info] [AgentModelResolver] agent "compact" original_models=[] -> resolved_models=[]
[9/24/2026, 8:17:57 PM.241] [Info] [AgentModelResolver] agent "contextSummary" original_models=[] -> resolved_models=[]
[9/24/2026, 8:17:57 PM.241] [Info] [AgentModelResolver] agent "contentAnalyzer" original_models=[] -> resolved_models=[]
[9/24/2026, 8:17:57 PM.241] [Info] [AgentModelResolver] agent "terminalTitleGenerator" original_models=[] -> resolved_models=[]
[9/24/2026, 8:17:57 PM.241] [Info] [AgentModelResolver] agent "promptSuggestion" original_models=[] -> resolved_models=[]
[9/24/2026, 8:17:57 PM.241] [Info] [AgentModelResolver] agent "memorySelector" original_models=["lite"] -> resolved_models=["lite"]
[9/24/2026, 8:17:57 PM.241] [Info] [AgentModelResolver] agent "summaryGenerator" original_models=[] -> resolved_models=[]
[9/24/2026, 8:17:57 PM.241] [Info] [AgentModelResolver] agent "autoModeClassifier" original_models=[] -> resolved_models=[]
[9/24/2026, 8:17:57 PM.241] [Info] [AgentModelResolver] agent "promptHookEvaluator" original_models=["lite"] -> resolved_models=["lite"]
[9/24/2026, 8:17:57 PM.241] [Info] [AgentModelResolver] agent "insightsAnalyzer" original_models=[] -> resolved_models=[]
[9/24/2026, 8:17:57 PM.241] [Info] [AgentModelResolver] agent "agentInstructions" original_models=[] -> resolved_models=[]
[9/24/2026, 8:17:57 PM.241] [Info] [AgentModelResolver] agent "statusline-setup" original_models=[] -> resolved_models=[]
[9/24/2026, 8:17:57 PM.241] [Info] [AgentModelResolver] agent "Explore" original_models=["lite"] -> resolved_models=["lite"]
[9/24/2026, 8:17:57 PM.241] [Info] [AgentModelResolver] agent "Plan" original_models=[] -> resolved_models=[]
[9/24/2026, 8:17:57 PM.241] [Info] [AgentModelResolver] agent "pulse" original_models=[] -> resolved_models=[]
[9/24/2026, 8:17:57 PM.241] [Info] [AgentModelResolver] agent "handoff-summary" original_models=undefined -> resolved_models=[]
[9/24/2026, 8:17:57 PM.241] [Info] [AgentModelResolver] agent "enhance-prompt" original_models=[] -> resolved_models=[]
[9/24/2026, 8:17:57 PM.241] [Info] [AgentModelResolver] agent "sheet-agent" original_models=[] -> resolved_models=[]
[9/24/2026, 8:17:57 PM.241] [Info] [AgentModelResolver] agent "doc-converter" original_models=[] -> resolved_models=[]
[9/24/2026, 8:17:57 PM.241] [Info] [AgentModelResolver] agent "doc-formatter" original_models=[] -> resolved_models=[]
[9/24/2026, 8:17:57 PM.241] [Info] [AgentModelResolver] agent "doc-writer" original_models=[] -> resolved_models=[]
[9/24/2026, 8:17:57 PM.265] [Info] [PluginPolicyService]  [MergedPlugins][DEBUG] ProductManager.onDidChange fired, reloading policies...
[9/24/2026, 8:17:57 PM.265] [Info] [PluginPolicyService]  [MergedPlugins][DEBUG] Current config builtInMarketPluginsMerge: [{"autoEnable":true,"marketplaceName":"codebuddy-plugins-official","name":"agent-browser","scope":"user"},{"autoEnable":true,"marketplaceName":"codebuddy-plugins-official","name":"find-skills","scope":"user"}]
[9/24/2026, 8:17:57 PM.265] [Info] [PluginPolicyService]  [MergedPlugins] Loaded 2 merged plugin entries
[9/24/2026, 8:17:57 PM.265] [Info] [Startup] AgentManager.rebuildAgents: START
[9/24/2026, 8:17:57 PM.265] [Info] [Startup] AgentManager.rebuildAgents: completed in 16ms, resolving readyDeferred
[9/24/2026, 8:17:57 PM.265] [Info] [PluginManager]  Checking for built-in marketplaces to install...
[9/24/2026, 8:17:57 PM.265] [Info] [BuiltInMarketplaceProvider]  Found 2 built-in marketplace(s)
[9/24/2026, 8:17:57 PM.265] [Info] [PluginManager]  Found 2 built-in marketplace(s)
[9/24/2026, 8:17:57 PM.267] [Info] [MarketplaceStorage]  [MarketplaceStorage] getMarketplaces ensureConfigFile=0ms readAndRepair=1ms migration=0ms total=2ms count=5 path=/Users/didi/.workbuddy/plugins/known_marketplaces.json
[9/24/2026, 8:17:57 PM.267] [Info] [PluginManager]  All built-in marketplaces are already installed
[9/24/2026, 8:17:57 PM.267] [Info] [MarketplaceStorage]  [MarketplaceStorage] getMarketplaces ensureConfigFile=0ms readAndRepair=0ms migration=0ms total=0ms count=5 path=/Users/didi/.workbuddy/plugins/known_marketplaces.json
[9/24/2026, 8:17:57 PM.267] [Info] [BuiltInMarketplaceProvider]  Found 2 built-in marketplace(s)
[9/24/2026, 8:17:57 PM.271] [Info] [PluginManager]  Loaded 5 marketplaces (2 built-in) total=4ms storage=0ms builtIn=0ms autoUpdate=0ms
[9/24/2026, 8:17:59 PM.251] [Info] [TracingService]  Tracing uses @tencent/galileo-node-sdk global OpenTelemetry provider; @genie OTLP exporter is skipped.
[9/24/2026, 8:17:59 PM.251] [Info] [TracingService]  Tracing config resolved: {"productEnabled":true,"enabledByEnv":false,"endpoint":"https://copilot.tencent.com","galileoEnabled":true}
[9/24/2026, 8:18:26 PM.600] [Info] [WorkflowMemProbe] tick runId=(none) | rss=142.3MB heap=163.1/169.2MB external=54.5MB arrayBuffers=0MB
[9/24/2026, 8:18:56 PM.601] [Info] [WorkflowMemProbe] tick runId=(none) | rss=142.6MB heap=163.3/169.4MB external=54.5MB arrayBuffers=0MB
[9/24/2026, 8:19:26 PM.602] [Info] [WorkflowMemProbe] tick runId=(none) | rss=93.1MB heap=163.5/169.7MB external=54.5MB arrayBuffers=0MB
[9/24/2026, 8:19:56 PM.602] [Info] [WorkflowMemProbe] tick runId=(none) | rss=100.8MB heap=163.7/169.9MB external=54.5MB arrayBuffers=0MB
[9/24/2026, 8:20:26 PM.603] [Info] [WorkflowMemProbe] tick runId=(none) | rss=101.2MB heap=163.9/169.9MB external=54.5MB arrayBuffers=0MB
[9/24/2026, 8:20:50 PM.814] [Info] [TracingService]  [primary] Exported 1 spans, traceIds: 43b32e6b97b46d4bba85b4dd3820302a
[9/24/2026, 8:20:56 PM.604] [Info] [WorkflowMemProbe] tick runId=(none) | rss=110.5MB heap=162.2/165.5MB external=53.4MB arrayBuffers=0MB
[9/24/2026, 8:21:26 PM.603] [Info] [WorkflowMemProbe] tick runId=(none) | rss=100.2MB heap=162.5/166MB external=53.4MB arrayBuffers=0MB
[9/24/2026, 8:21:56 PM.605] [Info] [WorkflowMemProbe] tick runId=(none) | rss=100.4MB heap=162.7/166.3MB external=53.5MB arrayBuffers=0MB
[9/24/2026, 8:22:26 PM.607] [Info] [WorkflowMemProbe] tick runId=(none) | rss=100.4MB heap=162.9/166.3MB external=53.5MB arrayBuffers=0MB
[9/24/2026, 8:22:56 PM.608] [Info] [WorkflowMemProbe] tick runId=(none) | rss=100.6MB heap=163.1/166.5MB external=53.5MB arrayBuffers=0MB
[9/24/2026, 8:23:26 PM.609] [Info] [WorkflowMemProbe] tick runId=(none) | rss=99.7MB heap=163.3/166.8MB external=53.5MB arrayBuffers=0MB
[9/24/2026, 8:23:56 PM.609] [Info] [WorkflowMemProbe] tick runId=(none) | rss=84.7MB heap=163.5/167MB external=53.5MB arrayBuffers=0MB
[9/24/2026, 8:24:26 PM.610] [Info] [WorkflowMemProbe] tick runId=(none) | rss=62.4MB heap=162.3/167MB external=53.4MB arrayBuffers=0MB
[9/24/2026, 8:24:56 PM.610] [Info] [WorkflowMemProbe] tick runId=(none) | rss=67.1MB heap=162.5/167MB external=53.4MB arrayBuffers=0MB
[9/24/2026, 8:25:26 PM.611] [Info] [WorkflowMemProbe] tick runId=(none) | rss=67.3MB heap=162.7/167MB external=53.4MB arrayBuffers=0MB
[9/24/2026, 8:25:52 PM.766] [Info] [TracingService]  [primary] Exported 1 spans, traceIds: 2f84ced49625e571f3fd4494f628e127
[9/24/2026, 8:25:56 PM.613] [Info] [WorkflowMemProbe] tick runId=(none) | rss=83.5MB heap=164.3/167.1MB external=53.4MB arrayBuffers=0MB
[9/24/2026, 8:25:56 PM.638] [Info] [PluginsProductProvider.provide] active=9, ids=[weixinpay@workbuddy-builtin,tencent-docs-plugin@workbuddy-builtin,sheetagent@workbuddy-builtin,tencent-pptx@workbuddy-builtin,tencent-docx@workbuddy-builtin,agent-browser@codebuddy-plugins-official,find-skills@codebuddy-plugins-official,agent-browser@inline,find-skills@inline]
[9/24/2026, 8:25:56 PM.638] [Info] [MCP][cacheDbg] getConnectedServers() called: nonInteractive=true waitForSettle=false cacheNow=[connector-proxy,weixinpay,sheetagent] allServers=[connector-proxy:connected,weixinpay:connected,sheetagent:connected]
[9/24/2026, 8:25:56 PM.638] [Info] [MCP][cacheDbg] getConnectedServers() returning: [connector-proxy,weixinpay,sheetagent] (size=3)
[9/24/2026, 8:25:56 PM.654] [Info] [CustomModelsProductProvider] productName=WorkBuddy, isWorkBuddy=true, userConfigPath=/Users/didi/.workbuddy/models.json
[9/24/2026, 8:25:56 PM.654] [Info] [ModelsProductProvider] enterpriseId: undefined, endpoint: https://copilot.tencent.com
[9/24/2026, 8:25:56 PM.654] [Warning] [ModelsProductProvider] enterpriseId is missing, skipping models API call
[9/24/2026, 8:25:56 PM.655] [Info] [AgentModelResolver] product config input: 53 models, 23 agents
[9/24/2026, 8:25:56 PM.655] [Info] [AgentModelResolver] model ids: auto, fast-model, balanced-model, deep-model, hy3, hy3-b, hy3-c, hy3-x, hy4-preview, hy4-preview-f, minimax-m2.5, glm-5v-turbo, glm-5.3, glm-5.3-flash, glm-5.2, glm-5.1, glm-5.0-turbo, glm-4.6v, kimi-k3-1, kimi-k2.8-preview, kimi-k2.7, kimi-k2.6, kimi-k2.5, kimi-k2-thinking, minimax-m3, minimax-m2.7, glm-4.6, deepseek-v4-flash, deepseek-v4.1-flash, deepseek-v4-pro, deepseek-v3-2-volc, deepseek-v3-1-volc, deepseek-v3-1-lkeap, deepseek-v3-1, deepseek-v3-0324-lkeap, deepseek-r1-0528-lkeap, kimi-k2-instruct-taiji, completion-gf, default-1.1, hunyuan-3b, hunyuan-7b-dense, codewise-completions, codewise-rewrite, codewise-nes-a4-027-aide, codewise-jump, deepseek-r1-0528, deepseek-v3-0324-taco-completion, deepseek-v3-0324, default-1.2, hunyuan-2.0-instruct, hunyuan-chat, hunyuan-image-alpha, hunyuan-image-alpha-edit
[9/24/2026, 8:25:56 PM.655] [Info] [AgentModelResolver] agent "cli" original_models=["auto","hy4-preview-f","hy3","hy3-x","deepseek-v4.1-flash","glm-5.3","glm-5.3-flash","glm-5.2","glm-5.1","glm-5v-turbo","minimax-m3","kimi-k3-1","kimi-k2.8-preview","kimi-k2.7","kimi-k2.6","deepseek-v4-pro"] -> resolved_models=["auto","hy4-preview-f","hy3","hy3-x","deepseek-v4.1-flash","glm-5.3","glm-5.3-flash","glm-5.2","glm-5.1","glm-5v-turbo","minimax-m3","kimi-k3-1","kimi-k2.8-preview","kimi-k2.7","kimi-k2.6","deepseek-v4-pro"]
[9/24/2026, 8:25:56 PM.655] [Info] [AgentModelResolver] agent "general-purpose" original_models=[] -> resolved_models=[]
[9/24/2026, 8:25:56 PM.655] [Info] [AgentModelResolver] agent "compact" original_models=[] -> resolved_models=[]
[9/24/2026, 8:25:56 PM.655] [Info] [AgentModelResolver] agent "contextSummary" original_models=[] -> resolved_models=[]
[9/24/2026, 8:25:56 PM.655] [Info] [AgentModelResolver] agent "contentAnalyzer" original_models=[] -> resolved_models=[]
[9/24/2026, 8:25:56 PM.655] [Info] [AgentModelResolver] agent "terminalTitleGenerator" original_models=[] -> resolved_models=[]
[9/24/2026, 8:25:56 PM.655] [Info] [AgentModelResolver] agent "promptSuggestion" original_models=[] -> resolved_models=[]
[9/24/2026, 8:25:56 PM.655] [Info] [AgentModelResolver] agent "memorySelector" original_models=["lite"] -> resolved_models=["lite"]
[9/24/2026, 8:25:56 PM.655] [Info] [AgentModelResolver] agent "summaryGenerator" original_models=[] -> resolved_models=[]
[9/24/2026, 8:25:56 PM.655] [Info] [AgentModelResolver] agent "autoModeClassifier" original_models=[] -> resolved_models=[]
[9/24/2026, 8:25:56 PM.655] [Info] [AgentModelResolver] agent "promptHookEvaluator" original_models=["lite"] -> resolved_models=["lite"]
[9/24/2026, 8:25:56 PM.655] [Info] [AgentModelResolver] agent "insightsAnalyzer" original_models=[] -> resolved_models=[]
[9/24/2026, 8:25:56 PM.655] [Info] [AgentModelResolver] agent "agentInstructions" original_models=[] -> resolved_models=[]
[9/24/2026, 8:25:56 PM.655] [Info] [AgentModelResolver] agent "statusline-setup" original_models=[] -> resolved_models=[]
[9/24/2026, 8:25:56 PM.655] [Info] [AgentModelResolver] agent "Explore" original_models=["lite"] -> resolved_models=["lite"]
[9/24/2026, 8:25:56 PM.655] [Info] [AgentModelResolver] agent "Plan" original_models=[] -> resolved_models=[]
[9/24/2026, 8:25:56 PM.655] [Info] [AgentModelResolver] agent "pulse" original_models=[] -> resolved_models=[]
[9/24/2026, 8:25:56 PM.655] [Info] [AgentModelResolver] agent "handoff-summary" original_models=undefined -> resolved_models=[]
[9/24/2026, 8:25:56 PM.655] [Info] [AgentModelResolver] agent "enhance-prompt" original_models=[] -> resolved_models=[]
[9/24/2026, 8:25:56 PM.655] [Info] [AgentModelResolver] agent "sheet-agent" original_models=[] -> resolved_models=[]
[9/24/2026, 8:25:56 PM.655] [Info] [AgentModelResolver] agent "doc-converter" original_models=[] -> resolved_models=[]
[9/24/2026, 8:25:56 PM.655] [Info] [AgentModelResolver] agent "doc-formatter" original_models=[] -> resolved_models=[]
[9/24/2026, 8:25:56 PM.655] [Info] [AgentModelResolver] agent "doc-writer" original_models=[] -> resolved_models=[]
[9/24/2026, 8:25:56 PM.681] [Info] [PluginPolicyService]  [MergedPlugins][DEBUG] ProductManager.onDidChange fired, reloading policies...
[9/24/2026, 8:25:56 PM.681] [Info] [PluginPolicyService]  [MergedPlugins][DEBUG] Current config builtInMarketPluginsMerge: [{"autoEnable":true,"marketplaceName":"codebuddy-plugins-official","name":"agent-browser","scope":"user"},{"autoEnable":true,"marketplaceName":"codebuddy-plugins-official","name":"find-skills","scope":"user"}]
[9/24/2026, 8:25:56 PM.681] [Info] [PluginPolicyService]  [MergedPlugins] Loaded 2 merged plugin entries
[9/24/2026, 8:25:56 PM.681] [Info] [Startup] AgentManager.rebuildAgents: START
[9/24/2026, 8:25:56 PM.682] [Info] [Startup] AgentManager.rebuildAgents: completed in 16ms, resolving readyDeferred
[9/24/2026, 8:25:56 PM.689] [Info] [PluginManager]  Checking for built-in marketplaces to install...
[9/24/2026, 8:25:56 PM.689] [Info] [BuiltInMarketplaceProvider]  Found 2 built-in marketplace(s)
[9/24/2026, 8:25:56 PM.689] [Info] [PluginManager]  Found 2 built-in marketplace(s)
[9/24/2026, 8:25:56 PM.692] [Info] [MarketplaceStorage]  [MarketplaceStorage] getMarketplaces ensureConfigFile=0ms readAndRepair=3ms migration=0ms total=3ms count=5 path=/Users/didi/.workbuddy/plugins/known_marketplaces.json
[9/24/2026, 8:25:56 PM.692] [Info] [PluginManager]  All built-in marketplaces are already installed
[9/24/2026, 8:25:56 PM.693] [Info] [MarketplaceStorage]  [MarketplaceStorage] getMarketplaces ensureConfigFile=0ms readAndRepair=1ms migration=0ms total=1ms count=5 path=/Users/didi/.workbuddy/plugins/known_marketplaces.json
[9/24/2026, 8:25:56 PM.694] [Info] [BuiltInMarketplaceProvider]  Found 2 built-in marketplace(s)
[9/24/2026, 8:25:56 PM.697] [Info] [PluginManager]  Loaded 5 marketplaces (2 built-in) total=5ms storage=1ms builtIn=0ms autoUpdate=1ms
[9/24/2026, 8:25:58 PM.666] [Info] [TracingService]  Tracing uses @tencent/galileo-node-sdk global OpenTelemetry provider; @genie OTLP exporter is skipped.
[9/24/2026, 8:25:58 PM.666] [Info] [TracingService]  Tracing config resolved: {"productEnabled":true,"enabledByEnv":false,"endpoint":"https://copilot.tencent.com","galileoEnabled":true}
[9/24/2026, 8:26:26 PM.612] [Info] [WorkflowMemProbe] tick runId=(none) | rss=136.4MB heap=158.6/164.8MB external=54.5MB arrayBuffers=0MB
[9/24/2026, 8:26:56 PM.613] [Info] [WorkflowMemProbe] tick runId=(none) | rss=135.1MB heap=158.9/165.1MB external=54.5MB arrayBuffers=0MB
[9/24/2026, 8:27:26 PM.614] [Info] [WorkflowMemProbe] tick runId=(none) | rss=135.3MB heap=159.1/165.3MB external=54.5MB arrayBuffers=0MB
[9/24/2026, 8:27:56 PM.615] [Info] [WorkflowMemProbe] tick runId=(none) | rss=135.5MB heap=159.2/165.6MB external=54.5MB arrayBuffers=0MB
[9/24/2026, 8:28:26 PM.627] [Info] [WorkflowMemProbe] tick runId=(none) | rss=60.4MB heap=159.4/165.6MB external=54.5MB arrayBuffers=0MB
[9/24/2026, 8:28:56 PM.642] [Info] [WorkflowMemProbe] tick runId=(none) | rss=67MB heap=159.6/165.8MB external=54.5MB arrayBuffers=0MB
[9/24/2026, 8:29:26 PM.645] [Info] [WorkflowMemProbe] tick runId=(none) | rss=66.7MB heap=159.8/166.1MB external=54.5MB arrayBuffers=0MB
[9/24/2026, 8:29:56 PM.648] [Info] [WorkflowMemProbe] tick runId=(none) | rss=46.3MB heap=160/166.3MB external=54.6MB arrayBuffers=0MB
[9/24/2026, 8:30:26 PM.648] [Info] [WorkflowMemProbe] tick runId=(none) | rss=65.5MB heap=160.2/166.3MB external=54.6MB arrayBuffers=0MB
[9/24/2026, 8:30:54 PM.851] [Info] [TracingService]  [primary] Exported 1 spans, traceIds: a1572c490cdb51cde63e549759075567
[9/24/2026, 8:30:56 PM.648] [Info] [WorkflowMemProbe] tick runId=(none) | rss=81.3MB heap=163.5/169.6MB external=54.6MB arrayBuffers=0MB
[9/24/2026, 8:31:26 PM.651] [Info] [WorkflowMemProbe] tick runId=(none) | rss=75.7MB heap=157.8/163MB external=54.1MB arrayBuffers=0MB
[9/24/2026, 8:31:56 PM.654] [Info] [WorkflowMemProbe] tick runId=(none) | rss=39.8MB heap=158/163MB external=54.1MB arrayBuffers=0MB
[9/24/2026, 8:32:26 PM.653] [Info] [WorkflowMemProbe] tick runId=(none) | rss=51.5MB heap=158.2/163MB external=54.1MB arrayBuffers=0MB
[9/24/2026, 8:32:56 PM.653] [Info] [WorkflowMemProbe] tick runId=(none) | rss=71.4MB heap=157.8/162MB external=54.1MB arrayBuffers=0MB
[9/24/2026, 8:33:26 PM.654] [Info] [WorkflowMemProbe] tick runId=(none) | rss=52.8MB heap=158/162.3MB external=54.1MB arrayBuffers=0MB
[9/24/2026, 8:33:56 PM.656] [Info] [WorkflowMemProbe] tick runId=(none) | rss=62.8MB heap=158.2/162.5MB external=54.2MB arrayBuffers=0MB
[9/24/2026, 8:33:56 PM.677] [Info] [GitInfoCollector]  CODEBUDDY_GIT_REPO_SCAN_DISABLED 1
[9/24/2026, 8:33:56 PM.677] [Info] [GitInfoCollector]  Git repository scan is disabled via CODEBUDDY_GIT_REPO_SCAN_DISABLED environment variable
[9/24/2026, 8:33:57 PM.025] [Info] [CloudProductManager]  fetch cloud product success, agents(1): cli, models(53): auto,fast-model,balanced-model,deep-model,hy3,hy3-b,hy3-c,hy3-x,hy4-preview,hy4-preview-f,minimax-m2.5,glm-5v-turbo,glm-5.3,glm-5.3-flash,glm-5.2,glm-5.1,glm-5.0-turbo,glm-4.6v,kimi-k3-1,kimi-k2.8-preview,kimi-k2.7,kimi-k2.6,kimi-k2.5,kimi-k2-thinking,minimax-m3,minimax-m2.7,glm-4.6,deepseek-v4-flash,deepseek-v4.1-flash,deepseek-v4-pro,deepseek-v3-2-volc,deepseek-v3-1-volc,deepseek-v3-1-lkeap,deepseek-v3-1,deepseek-v3-0324-lkeap,deepseek-r1-0528-lkeap,kimi-k2-instruct-taiji,completion-gf,default-1.1,hunyuan-3b,hunyuan-7b-dense,codewise-completions,codewise-rewrite,codewise-nes-a4-027-aide,codewise-jump,deepseek-r1-0528,deepseek-v3-0324-taco-completion,deepseek-v3-0324,default-1.2,hunyuan-2.0-instruct,hunyuan-chat,hunyuan-image-alpha,hunyuan-image-alpha-edit
[9/24/2026, 8:33:57 PM.025] [Info] [CloudProductManager]  Fetched configuration from remote [347ms]
[9/24/2026, 8:33:57 PM.029] [Info] [PluginsProductProvider.provide] active=9, ids=[weixinpay@workbuddy-builtin,tencent-docs-plugin@workbuddy-builtin,sheetagent@workbuddy-builtin,tencent-pptx@workbuddy-builtin,tencent-docx@workbuddy-builtin,agent-browser@codebuddy-plugins-official,find-skills@codebuddy-plugins-official,agent-browser@inline,find-skills@inline]
[9/24/2026, 8:33:57 PM.030] [Info] [MCP][cacheDbg] getConnectedServers() called: nonInteractive=true waitForSettle=false cacheNow=[connector-proxy,weixinpay,sheetagent] allServers=[connector-proxy:connected,weixinpay:connected,sheetagent:connected]
[9/24/2026, 8:33:57 PM.030] [Info] [MCP][cacheDbg] getConnectedServers() returning: [connector-proxy,weixinpay,sheetagent] (size=3)
[9/24/2026, 8:33:57 PM.042] [Info] [CustomModelsProductProvider] productName=WorkBuddy, isWorkBuddy=true, userConfigPath=/Users/didi/.workbuddy/models.json
[9/24/2026, 8:33:57 PM.042] [Info] [ModelsProductProvider] enterpriseId: undefined, endpoint: https://copilot.tencent.com
[9/24/2026, 8:33:57 PM.042] [Warning] [ModelsProductProvider] enterpriseId is missing, skipping models API call
[9/24/2026, 8:33:57 PM.042] [Info] [AgentModelResolver] product config input: 53 models, 23 agents
[9/24/2026, 8:33:57 PM.042] [Info] [AgentModelResolver] model ids: auto, fast-model, balanced-model, deep-model, hy3, hy3-b, hy3-c, hy3-x, hy4-preview, hy4-preview-f, minimax-m2.5, glm-5v-turbo, glm-5.3, glm-5.3-flash, glm-5.2, glm-5.1, glm-5.0-turbo, glm-4.6v, kimi-k3-1, kimi-k2.8-preview, kimi-k2.7, kimi-k2.6, kimi-k2.5, kimi-k2-thinking, minimax-m3, minimax-m2.7, glm-4.6, deepseek-v4-flash, deepseek-v4.1-flash, deepseek-v4-pro, deepseek-v3-2-volc, deepseek-v3-1-volc, deepseek-v3-1-lkeap, deepseek-v3-1, deepseek-v3-0324-lkeap, deepseek-r1-0528-lkeap, kimi-k2-instruct-taiji, completion-gf, default-1.1, hunyuan-3b, hunyuan-7b-dense, codewise-completions, codewise-rewrite, codewise-nes-a4-027-aide, codewise-jump, deepseek-r1-0528, deepseek-v3-0324-taco-completion, deepseek-v3-0324, default-1.2, hunyuan-2.0-instruct, hunyuan-chat, hunyuan-image-alpha, hunyuan-image-alpha-edit
[9/24/2026, 8:33:57 PM.042] [Info] [AgentModelResolver] agent "cli" original_models=["auto","hy4-preview-f","hy3","hy3-x","deepseek-v4.1-flash","glm-5.3","glm-5.3-flash","glm-5.2","glm-5.1","glm-5v-turbo","minimax-m3","kimi-k3-1","kimi-k2.8-preview","kimi-k2.7","kimi-k2.6","deepseek-v4-pro"] -> resolved_models=["auto","hy4-preview-f","hy3","hy3-x","deepseek-v4.1-flash","glm-5.3","glm-5.3-flash","glm-5.2","glm-5.1","glm-5v-turbo","minimax-m3","kimi-k3-1","kimi-k2.8-preview","kimi-k2.7","kimi-k2.6","deepseek-v4-pro"]
[9/24/2026, 8:33:57 PM.042] [Info] [AgentModelResolver] agent "general-purpose" original_models=[] -> resolved_models=[]
[9/24/2026, 8:33:57 PM.042] [Info] [AgentModelResolver] agent "compact" original_models=[] -> resolved_models=[]
[9/24/2026, 8:33:57 PM.042] [Info] [AgentModelResolver] agent "contextSummary" original_models=[] -> resolved_models=[]
[9/24/2026, 8:33:57 PM.042] [Info] [AgentModelResolver] agent "contentAnalyzer" original_models=[] -> resolved_models=[]
[9/24/2026, 8:33:57 PM.042] [Info] [AgentModelResolver] agent "terminalTitleGenerator" original_models=[] -> resolved_models=[]
[9/24/2026, 8:33:57 PM.042] [Info] [AgentModelResolver] agent "promptSuggestion" original_models=[] -> resolved_models=[]
[9/24/2026, 8:33:57 PM.042] [Info] [AgentModelResolver] agent "memorySelector" original_models=["lite"] -> resolved_models=["lite"]
[9/24/2026, 8:33:57 PM.042] [Info] [AgentModelResolver] agent "summaryGenerator" original_models=[] -> resolved_models=[]
[9/24/2026, 8:33:57 PM.042] [Info] [AgentModelResolver] agent "autoModeClassifier" original_models=[] -> resolved_models=[]
[9/24/2026, 8:33:57 PM.042] [Info] [AgentModelResolver] agent "promptHookEvaluator" original_models=["lite"] -> resolved_models=["lite"]
[9/24/2026, 8:33:57 PM.042] [Info] [AgentModelResolver] agent "insightsAnalyzer" original_models=[] -> resolved_models=[]
[9/24/2026, 8:33:57 PM.042] [Info] [AgentModelResolver] agent "agentInstructions" original_models=[] -> resolved_models=[]
[9/24/2026, 8:33:57 PM.042] [Info] [AgentModelResolver] agent "statusline-setup" original_models=[] -> resolved_models=[]
[9/24/2026, 8:33:57 PM.042] [Info] [AgentModelResolver] agent "Explore" original_models=["lite"] -> resolved_models=["lite"]
[9/24/2026, 8:33:57 PM.042] [Info] [AgentModelResolver] agent "Plan" original_models=[] -> resolved_models=[]
[9/24/2026, 8:33:57 PM.042] [Info] [AgentModelResolver] agent "pulse" original_models=[] -> resolved_models=[]
[9/24/2026, 8:33:57 PM.042] [Info] [AgentModelResolver] agent "handoff-summary" original_models=undefined -> resolved_models=[]
[9/24/2026, 8:33:57 PM.042] [Info] [AgentModelResolver] agent "enhance-prompt" original_models=[] -> resolved_models=[]
[9/24/2026, 8:33:57 PM.042] [Info] [AgentModelResolver] agent "sheet-agent" original_models=[] -> resolved_models=[]
[9/24/2026, 8:33:57 PM.042] [Info] [AgentModelResolver] agent "doc-converter" original_models=[] -> resolved_models=[]
[9/24/2026, 8:33:57 PM.042] [Info] [AgentModelResolver] agent "doc-formatter" original_models=[] -> resolved_models=[]
[9/24/2026, 8:33:57 PM.042] [Info] [AgentModelResolver] agent "doc-writer" original_models=[] -> resolved_models=[]
[9/24/2026, 8:33:57 PM.062] [Info] [PluginPolicyService]  [MergedPlugins][DEBUG] ProductManager.onDidChange fired, reloading policies...
[9/24/2026, 8:33:57 PM.062] [Info] [PluginPolicyService]  [MergedPlugins][DEBUG] Current config builtInMarketPluginsMerge: [{"autoEnable":true,"marketplaceName":"codebuddy-plugins-official","name":"agent-browser","scope":"user"},{"autoEnable":true,"marketplaceName":"codebuddy-plugins-official","name":"find-skills","scope":"user"}]
[9/24/2026, 8:33:57 PM.062] [Info] [PluginPolicyService]  [MergedPlugins] Loaded 2 merged plugin entries
[9/24/2026, 8:33:57 PM.062] [Info] [Startup] AgentManager.rebuildAgents: START
[9/24/2026, 8:33:57 PM.063] [Info] [Startup] AgentManager.rebuildAgents: completed in 14ms, resolving readyDeferred
[9/24/2026, 8:33:57 PM.063] [Info] [PluginManager]  Checking for built-in marketplaces to install...
[9/24/2026, 8:33:57 PM.063] [Info] [BuiltInMarketplaceProvider]  Found 2 built-in marketplace(s)
[9/24/2026, 8:33:57 PM.063] [Info] [PluginManager]  Found 2 built-in marketplace(s)
[9/24/2026, 8:33:57 PM.065] [Info] [MarketplaceStorage]  [MarketplaceStorage] getMarketplaces ensureConfigFile=0ms readAndRepair=2ms migration=0ms total=2ms count=5 path=/Users/didi/.workbuddy/plugins/known_marketplaces.json
[9/24/2026, 8:33:57 PM.065] [Info] [PluginManager]  All built-in marketplaces are already installed
[9/24/2026, 8:33:57 PM.066] [Info] [MarketplaceStorage]  [MarketplaceStorage] getMarketplaces ensureConfigFile=0ms readAndRepair=1ms migration=0ms total=1ms count=5 path=/Users/didi/.workbuddy/plugins/known_marketplaces.json
[9/24/2026, 8:33:57 PM.066] [Info] [BuiltInMarketplaceProvider]  Found 2 built-in marketplace(s)
[9/24/2026, 8:33:57 PM.070] [Info] [PluginManager]  Loaded 5 marketplaces (2 built-in) total=5ms storage=1ms builtIn=0ms autoUpdate=0ms
[9/24/2026, 8:33:59 PM.050] [Info] [TracingService]  Tracing uses @tencent/galileo-node-sdk global OpenTelemetry provider; @genie OTLP exporter is skipped.
[9/24/2026, 8:33:59 PM.050] [Info] [TracingService]  Tracing config resolved: {"productEnabled":true,"enabledByEnv":false,"endpoint":"https://copilot.tencent.com","galileoEnabled":true}
[9/24/2026, 8:34:26 PM.655] [Info] [WorkflowMemProbe] tick runId=(none) | rss=86.6MB heap=165.3/170.5MB external=55.3MB arrayBuffers=0MB
[9/24/2026, 8:34:56 PM.680] [Info] [WorkflowMemProbe] tick runId=(none) | rss=63.2MB heap=165.4/170.5MB external=55.3MB arrayBuffers=0MB
[9/24/2026, 8:35:26 PM.661] [Info] [WorkflowMemProbe] tick runId=(none) | rss=54.3MB heap=165.6/170.8MB external=55.3MB arrayBuffers=0MB
[9/24/2026, 8:35:56 PM.662] [Info] [WorkflowMemProbe] tick runId=(none) | rss=82.7MB heap=164.7/168.4MB external=54.2MB arrayBuffers=0MB
[9/24/2026, 8:35:56 PM.804] [Info] [TracingService]  [primary] Exported 1 spans, traceIds: 4e96c61f145b39acd80dc9052b75b7ce
[9/24/2026, 8:36:26 PM.663] [Info] [WorkflowMemProbe] tick runId=(none) | rss=77.7MB heap=163.7/167.8MB external=54.3MB arrayBuffers=0MB
[9/24/2026, 8:36:56 PM.663] [Info] [WorkflowMemProbe] tick runId=(none) | rss=81.9MB heap=163.9/168MB external=54.2MB arrayBuffers=0MB
[9/24/2026, 8:37:26 PM.664] [Info] [WorkflowMemProbe] tick runId=(none) | rss=56.3MB heap=164.1/168.3MB external=54.2MB arrayBuffers=0MB
[9/24/2026, 8:37:56 PM.665] [Info] [WorkflowMemProbe] tick runId=(none) | rss=59.2MB heap=164.2/168.3MB external=54.2MB arrayBuffers=0MB
[9/24/2026, 8:38:26 PM.664] [Info] [WorkflowMemProbe] tick runId=(none) | rss=63MB heap=163.8/167.5MB external=54.2MB arrayBuffers=0MB
[9/24/2026, 8:38:56 PM.666] [Info] [WorkflowMemProbe] tick runId=(none) | rss=67.5MB heap=164/167.5MB external=54.2MB arrayBuffers=0MB
[9/24/2026, 8:39:26 PM.666] [Info] [WorkflowMemProbe] tick runId=(none) | rss=63.4MB heap=164.2/167.5MB external=54.2MB arrayBuffers=0MB
[9/24/2026, 8:39:56 PM.667] [Info] [WorkflowMemProbe] tick runId=(none) | rss=61.7MB heap=164.4/167.5MB external=54.2MB arrayBuffers=0MB
[9/24/2026, 8:40:26 PM.667] [Info] [WorkflowMemProbe] tick runId=(none) | rss=60.9MB heap=163.9/166.8MB external=54.2MB arrayBuffers=0MB
[9/24/2026, 8:40:56 PM.667] [Info] [WorkflowMemProbe] tick runId=(none) | rss=78.4MB heap=166.7/170.3MB external=54.2MB arrayBuffers=0MB
[9/24/2026, 8:40:59 PM.020] [Info] [TracingService]  [primary] Exported 1 spans, traceIds: 9613a2fc7169ba5864672b061b75dc1c
[9/24/2026, 8:41:26 PM.669] [Info] [WorkflowMemProbe] tick runId=(none) | rss=73.8MB heap=167.2/170.5MB external=54.3MB arrayBuffers=0MB
[9/24/2026, 8:41:56 PM.671] [Info] [WorkflowMemProbe] tick runId=(none) | rss=64.1MB heap=167.4/170.8MB external=54.3MB arrayBuffers=0MB
[9/24/2026, 8:41:56 PM.693] [Info] [PluginsProductProvider.provide] active=9, ids=[weixinpay@workbuddy-builtin,tencent-docs-plugin@workbuddy-builtin,sheetagent@workbuddy-builtin,tencent-pptx@workbuddy-builtin,tencent-docx@workbuddy-builtin,agent-browser@codebuddy-plugins-official,find-skills@codebuddy-plugins-official,agent-browser@inline,find-skills@inline]
[9/24/2026, 8:41:56 PM.694] [Info] [MCP][cacheDbg] getConnectedServers() called: nonInteractive=true waitForSettle=false cacheNow=[connector-proxy,weixinpay,sheetagent] allServers=[connector-proxy:connected,weixinpay:connected,sheetagent:connected]
[9/24/2026, 8:41:56 PM.694] [Info] [MCP][cacheDbg] getConnectedServers() returning: [connector-proxy,weixinpay,sheetagent] (size=3)
[9/24/2026, 8:41:56 PM.706] [Info] [CustomModelsProductProvider] productName=WorkBuddy, isWorkBuddy=true, userConfigPath=/Users/didi/.workbuddy/models.json
[9/24/2026, 8:41:56 PM.706] [Info] [ModelsProductProvider] enterpriseId: undefined, endpoint: https://copilot.tencent.com
[9/24/2026, 8:41:56 PM.706] [Warning] [ModelsProductProvider] enterpriseId is missing, skipping models API call
[9/24/2026, 8:41:56 PM.707] [Info] [AgentModelResolver] product config input: 53 models, 23 agents
[9/24/2026, 8:41:56 PM.707] [Info] [AgentModelResolver] model ids: auto, fast-model, balanced-model, deep-model, hy3, hy3-b, hy3-c, hy3-x, hy4-preview, hy4-preview-f, minimax-m2.5, glm-5v-turbo, glm-5.3, glm-5.3-flash, glm-5.2, glm-5.1, glm-5.0-turbo, glm-4.6v, kimi-k3-1, kimi-k2.8-preview, kimi-k2.7, kimi-k2.6, kimi-k2.5, kimi-k2-thinking, minimax-m3, minimax-m2.7, glm-4.6, deepseek-v4-flash, deepseek-v4.1-flash, deepseek-v4-pro, deepseek-v3-2-volc, deepseek-v3-1-volc, deepseek-v3-1-lkeap, deepseek-v3-1, deepseek-v3-0324-lkeap, deepseek-r1-0528-lkeap, kimi-k2-instruct-taiji, completion-gf, default-1.1, hunyuan-3b, hunyuan-7b-dense, codewise-completions, codewise-rewrite, codewise-nes-a4-027-aide, codewise-jump, deepseek-r1-0528, deepseek-v3-0324-taco-completion, deepseek-v3-0324, default-1.2, hunyuan-2.0-instruct, hunyuan-chat, hunyuan-image-alpha, hunyuan-image-alpha-edit
[9/24/2026, 8:41:56 PM.707] [Info] [AgentModelResolver] agent "cli" original_models=["auto","hy4-preview-f","hy3","hy3-x","deepseek-v4.1-flash","glm-5.3","glm-5.3-flash","glm-5.2","glm-5.1","glm-5v-turbo","minimax-m3","kimi-k3-1","kimi-k2.8-preview","kimi-k2.7","kimi-k2.6","deepseek-v4-pro"] -> resolved_models=["auto","hy4-preview-f","hy3","hy3-x","deepseek-v4.1-flash","glm-5.3","glm-5.3-flash","glm-5.2","glm-5.1","glm-5v-turbo","minimax-m3","kimi-k3-1","kimi-k2.8-preview","kimi-k2.7","kimi-k2.6","deepseek-v4-pro"]
[9/24/2026, 8:41:56 PM.707] [Info] [AgentModelResolver] agent "general-purpose" original_models=[] -> resolved_models=[]
[9/24/2026, 8:41:56 PM.707] [Info] [AgentModelResolver] agent "compact" original_models=[] -> resolved_models=[]
[9/24/2026, 8:41:56 PM.707] [Info] [AgentModelResolver] agent "contextSummary" original_models=[] -> resolved_models=[]
[9/24/2026, 8:41:56 PM.707] [Info] [AgentModelResolver] agent "contentAnalyzer" original_models=[] -> resolved_models=[]
[9/24/2026, 8:41:56 PM.707] [Info] [AgentModelResolver] agent "terminalTitleGenerator" original_models=[] -> resolved_models=[]
[9/24/2026, 8:41:56 PM.707] [Info] [AgentModelResolver] agent "promptSuggestion" original_models=[] -> resolved_models=[]
[9/24/2026, 8:41:56 PM.707] [Info] [AgentModelResolver] agent "memorySelector" original_models=["lite"] -> resolved_models=["lite"]
[9/24/2026, 8:41:56 PM.707] [Info] [AgentModelResolver] agent "summaryGenerator" original_models=[] -> resolved_models=[]
[9/24/2026, 8:41:56 PM.707] [Info] [AgentModelResolver] agent "autoModeClassifier" original_models=[] -> resolved_models=[]
[9/24/2026, 8:41:56 PM.707] [Info] [AgentModelResolver] agent "promptHookEvaluator" original_models=["lite"] -> resolved_models=["lite"]
[9/24/2026, 8:41:56 PM.707] [Info] [AgentModelResolver] agent "insightsAnalyzer" original_models=[] -> resolved_models=[]
[9/24/2026, 8:41:56 PM.707] [Info] [AgentModelResolver] agent "agentInstructions" original_models=[] -> resolved_models=[]
[9/24/2026, 8:41:56 PM.707] [Info] [AgentModelResolver] agent "statusline-setup" original_models=[] -> resolved_models=[]
[9/24/2026, 8:41:56 PM.707] [Info] [AgentModelResolver] agent "Explore" original_models=["lite"] -> resolved_models=["lite"]
[9/24/2026, 8:41:56 PM.707] [Info] [AgentModelResolver] agent "Plan" original_models=[] -> resolved_models=[]
[9/24/2026, 8:41:56 PM.707] [Info] [AgentModelResolver] agent "pulse" original_models=[] -> resolved_models=[]
[9/24/2026, 8:41:56 PM.707] [Info] [AgentModelResolver] agent "handoff-summary" original_models=undefined -> resolved_models=[]
[9/24/2026, 8:41:56 PM.707] [Info] [AgentModelResolver] agent "enhance-prompt" original_models=[] -> resolved_models=[]
[9/24/2026, 8:41:56 PM.707] [Info] [AgentModelResolver] agent "sheet-agent" original_models=[] -> resolved_models=[]
[9/24/2026, 8:41:56 PM.707] [Info] [AgentModelResolver] agent "doc-converter" original_models=[] -> resolved_models=[]
[9/24/2026, 8:41:56 PM.707] [Info] [AgentModelResolver] agent "doc-formatter" original_models=[] -> resolved_models=[]
[9/24/2026, 8:41:56 PM.707] [Info] [AgentModelResolver] agent "doc-writer" original_models=[] -> resolved_models=[]
[9/24/2026, 8:41:56 PM.730] [Info] [PluginPolicyService]  [MergedPlugins][DEBUG] ProductManager.onDidChange fired, reloading policies...
[9/24/2026, 8:41:56 PM.730] [Info] [PluginPolicyService]  [MergedPlugins][DEBUG] Current config builtInMarketPluginsMerge: [{"autoEnable":true,"marketplaceName":"codebuddy-plugins-official","name":"agent-browser","scope":"user"},{"autoEnable":true,"marketplaceName":"codebuddy-plugins-official","name":"find-skills","scope":"user"}]
[9/24/2026, 8:41:56 PM.730] [Info] [PluginPolicyService]  [MergedPlugins] Loaded 2 merged plugin entries
[9/24/2026, 8:41:56 PM.730] [Info] [Startup] AgentManager.rebuildAgents: START
[9/24/2026, 8:41:56 PM.730] [Info] [Startup] AgentManager.rebuildAgents: completed in 14ms, resolving readyDeferred
[9/24/2026, 8:41:56 PM.734] [Info] [PluginManager]  Checking for built-in marketplaces to install...
[9/24/2026, 8:41:56 PM.734] [Info] [BuiltInMarketplaceProvider]  Found 2 built-in marketplace(s)
[9/24/2026, 8:41:56 PM.734] [Info] [PluginManager]  Found 2 built-in marketplace(s)
[9/24/2026, 8:41:56 PM.737] [Info] [MarketplaceStorage]  [MarketplaceStorage] getMarketplaces ensureConfigFile=0ms readAndRepair=3ms migration=0ms total=3ms count=5 path=/Users/didi/.workbuddy/plugins/known_marketplaces.json
[9/24/2026, 8:41:56 PM.737] [Info] [PluginManager]  All built-in marketplaces are already installed
[9/24/2026, 8:41:56 PM.739] [Info] [MarketplaceStorage]  [MarketplaceStorage] getMarketplaces ensureConfigFile=0ms readAndRepair=2ms migration=0ms total=2ms count=5 path=/Users/didi/.workbuddy/plugins/known_marketplaces.json
[9/24/2026, 8:41:56 PM.739] [Info] [BuiltInMarketplaceProvider]  Found 2 built-in marketplace(s)
[9/24/2026, 8:41:56 PM.750] [Info] [PluginManager]  Loaded 5 marketplaces (2 built-in) total=13ms storage=2ms builtIn=0ms autoUpdate=0ms
[9/24/2026, 8:41:58 PM.716] [Info] [TracingService]  Tracing uses @tencent/galileo-node-sdk global OpenTelemetry provider; @genie OTLP exporter is skipped.
[9/24/2026, 8:41:58 PM.716] [Info] [TracingService]  Tracing config resolved: {"productEnabled":true,"enabledByEnv":false,"endpoint":"https://copilot.tencent.com","galileoEnabled":true}
[9/24/2026, 8:42:26 PM.670] [Info] [WorkflowMemProbe] tick runId=(none) | rss=121.4MB heap=152.4/161.2MB external=53.6MB arrayBuffers=0MB
[9/24/2026, 8:42:56 PM.672] [Info] [WorkflowMemProbe] tick runId=(none) | rss=125.1MB heap=152.6/161.2MB external=53.7MB arrayBuffers=0MB
[9/24/2026, 8:43:26 PM.670] [Info] [WorkflowMemProbe] tick runId=(none) | rss=65.3MB heap=152.8/161.2MB external=53.7MB arrayBuffers=0MB
[9/24/2026, 8:43:56 PM.669] [Info] [WorkflowMemProbe] tick runId=(none) | rss=64.4MB heap=153/161.2MB external=53.7MB arrayBuffers=0MB
[9/24/2026, 8:44:26 PM.670] [Info] [WorkflowMemProbe] tick runId=(none) | rss=62.6MB heap=153.2/161.2MB external=53.7MB arrayBuffers=0MB
[9/24/2026, 8:44:56 PM.673] [Info] [WorkflowMemProbe] tick runId=(none) | rss=48.7MB heap=153.4/161.2MB external=53.7MB arrayBuffers=0MB
[9/24/2026, 8:45:26 PM.673] [Info] [WorkflowMemProbe] tick runId=(none) | rss=44.8MB heap=153.6/161.5MB external=53.7MB arrayBuffers=0MB
[9/24/2026, 8:45:56 PM.673] [Info] [WorkflowMemProbe] tick runId=(none) | rss=70.9MB heap=156.7/164.8MB external=53.7MB arrayBuffers=0MB
[9/24/2026, 8:46:00 PM.842] [Info] [TracingService]  [primary] Exported 1 spans, traceIds: 062cc8f8816fe6906ca9c5d784a3ead2
[9/24/2026, 8:46:26 PM.674] [Info] [WorkflowMemProbe] tick runId=(none) | rss=58.9MB heap=157.2/165.3MB external=53.8MB arrayBuffers=0MB
[9/24/2026, 8:46:56 PM.680] [Info] [WorkflowMemProbe] tick runId=(none) | rss=41.5MB heap=157.4/165.3MB external=53.8MB arrayBuffers=0MB
[9/24/2026, 8:47:26 PM.676] [Info] [WorkflowMemProbe] tick runId=(none) | rss=52.8MB heap=157.6/165.5MB external=53.8MB arrayBuffers=0MB
[9/24/2026, 8:47:56 PM.680] [Info] [WorkflowMemProbe] tick runId=(none) | rss=29MB heap=157.8/165.8MB external=53.9MB arrayBuffers=0MB
[9/24/2026, 8:48:26 PM.679] [Info] [WorkflowMemProbe] tick runId=(none) | rss=42.7MB heap=158/166MB external=53.9MB arrayBuffers=0MB
[9/24/2026, 8:48:56 PM.683] [Info] [WorkflowMemProbe] tick runId=(none) | rss=30.6MB heap=158.2/166MB external=53.9MB arrayBuffers=0MB
[9/24/2026, 8:49:26 PM.680] [Info] [WorkflowMemProbe] tick runId=(none) | rss=63.9MB heap=152.8/160MB external=53.7MB arrayBuffers=0MB
[9/24/2026, 8:49:56 PM.683] [Info] [WorkflowMemProbe] tick runId=(none) | rss=66MB heap=153/160.2MB external=53.7MB arrayBuffers=0MB
[9/24/2026, 8:49:56 PM.705] [Info] [GitInfoCollector]  CODEBUDDY_GIT_REPO_SCAN_DISABLED 1
[9/24/2026, 8:49:56 PM.705] [Info] [GitInfoCollector]  Git repository scan is disabled via CODEBUDDY_GIT_REPO_SCAN_DISABLED environment variable
[9/24/2026, 8:49:57 PM.561] [Info] [CloudProductManager]  fetch cloud product success, agents(1): cli, models(53): auto,fast-model,balanced-model,deep-model,hy3,hy3-b,hy3-c,hy3-x,hy4-preview,hy4-preview-f,minimax-m2.5,glm-5v-turbo,glm-5.3,glm-5.3-flash,glm-5.2,glm-5.1,glm-5.0-turbo,glm-4.6v,kimi-k3-1,kimi-k2.8-preview,kimi-k2.7,kimi-k2.6,kimi-k2.5,kimi-k2-thinking,minimax-m3,minimax-m2.7,glm-4.6,deepseek-v4-flash,deepseek-v4.1-flash,deepseek-v4-pro,deepseek-v3-2-volc,deepseek-v3-1-volc,deepseek-v3-1-lkeap,deepseek-v3-1,deepseek-v3-0324-lkeap,deepseek-r1-0528-lkeap,kimi-k2-instruct-taiji,completion-gf,default-1.1,hunyuan-3b,hunyuan-7b-dense,codewise-completions,codewise-rewrite,codewise-nes-a4-027-aide,codewise-jump,deepseek-r1-0528,deepseek-v3-0324-taco-completion,deepseek-v3-0324,default-1.2,hunyuan-2.0-instruct,hunyuan-chat,hunyuan-image-alpha,hunyuan-image-alpha-edit
[9/24/2026, 8:49:57 PM.561] [Info] [CloudProductManager]  Fetched configuration from remote [853ms]
[9/24/2026, 8:49:57 PM.565] [Info] [PluginsProductProvider.provide] active=9, ids=[weixinpay@workbuddy-builtin,tencent-docs-plugin@workbuddy-builtin,sheetagent@workbuddy-builtin,tencent-pptx@workbuddy-builtin,tencent-docx@workbuddy-builtin,agent-browser@codebuddy-plugins-official,find-skills@codebuddy-plugins-official,agent-browser@inline,find-skills@inline]
[9/24/2026, 8:49:57 PM.566] [Info] [MCP][cacheDbg] getConnectedServers() called: nonInteractive=true waitForSettle=false cacheNow=[connector-proxy,weixinpay,sheetagent] allServers=[connector-proxy:connected,weixinpay:connected,sheetagent:connected]
[9/24/2026, 8:49:57 PM.566] [Info] [MCP][cacheDbg] getConnectedServers() returning: [connector-proxy,weixinpay,sheetagent] (size=3)
[9/24/2026, 8:49:57 PM.579] [Info] [CustomModelsProductProvider] productName=WorkBuddy, isWorkBuddy=true, userConfigPath=/Users/didi/.workbuddy/models.json
[9/24/2026, 8:49:57 PM.579] [Info] [ModelsProductProvider] enterpriseId: undefined, endpoint: https://copilot.tencent.com
[9/24/2026, 8:49:57 PM.579] [Warning] [ModelsProductProvider] enterpriseId is missing, skipping models API call
[9/24/2026, 8:49:57 PM.580] [Info] [AgentModelResolver] product config input: 53 models, 23 agents
[9/24/2026, 8:49:57 PM.580] [Info] [AgentModelResolver] model ids: auto, fast-model, balanced-model, deep-model, hy3, hy3-b, hy3-c, hy3-x, hy4-preview, hy4-preview-f, minimax-m2.5, glm-5v-turbo, glm-5.3, glm-5.3-flash, glm-5.2, glm-5.1, glm-5.0-turbo, glm-4.6v, kimi-k3-1, kimi-k2.8-preview, kimi-k2.7, kimi-k2.6, kimi-k2.5, kimi-k2-thinking, minimax-m3, minimax-m2.7, glm-4.6, deepseek-v4-flash, deepseek-v4.1-flash, deepseek-v4-pro, deepseek-v3-2-volc, deepseek-v3-1-volc, deepseek-v3-1-lkeap, deepseek-v3-1, deepseek-v3-0324-lkeap, deepseek-r1-0528-lkeap, kimi-k2-instruct-taiji, completion-gf, default-1.1, hunyuan-3b, hunyuan-7b-dense, codewise-completions, codewise-rewrite, codewise-nes-a4-027-aide, codewise-jump, deepseek-r1-0528, deepseek-v3-0324-taco-completion, deepseek-v3-0324, default-1.2, hunyuan-2.0-instruct, hunyuan-chat, hunyuan-image-alpha, hunyuan-image-alpha-edit
[9/24/2026, 8:49:57 PM.580] [Info] [AgentModelResolver] agent "cli" original_models=["auto","hy4-preview-f","hy3","hy3-x","deepseek-v4.1-flash","glm-5.3","glm-5.3-flash","glm-5.2","glm-5.1","glm-5v-turbo","minimax-m3","kimi-k3-1","kimi-k2.8-preview","kimi-k2.7","kimi-k2.6","deepseek-v4-pro"] -> resolved_models=["auto","hy4-preview-f","hy3","hy3-x","deepseek-v4.1-flash","glm-5.3","glm-5.3-flash","glm-5.2","glm-5.1","glm-5v-turbo","minimax-m3","kimi-k3-1","kimi-k2.8-preview","kimi-k2.7","kimi-k2.6","deepseek-v4-pro"]
[9/24/2026, 8:49:57 PM.580] [Info] [AgentModelResolver] agent "general-purpose" original_models=[] -> resolved_models=[]
[9/24/2026, 8:49:57 PM.580] [Info] [AgentModelResolver] agent "compact" original_models=[] -> resolved_models=[]
[9/24/2026, 8:49:57 PM.580] [Info] [AgentModelResolver] agent "contextSummary" original_models=[] -> resolved_models=[]
[9/24/2026, 8:49:57 PM.580] [Info] [AgentModelResolver] agent "contentAnalyzer" original_models=[] -> resolved_models=[]
[9/24/2026, 8:49:57 PM.580] [Info] [AgentModelResolver] agent "terminalTitleGenerator" original_models=[] -> resolved_models=[]
[9/24/2026, 8:49:57 PM.580] [Info] [AgentModelResolver] agent "promptSuggestion" original_models=[] -> resolved_models=[]
[9/24/2026, 8:49:57 PM.580] [Info] [AgentModelResolver] agent "memorySelector" original_models=["lite"] -> resolved_models=["lite"]
[9/24/2026, 8:49:57 PM.580] [Info] [AgentModelResolver] agent "summaryGenerator" original_models=[] -> resolved_models=[]
[9/24/2026, 8:49:57 PM.580] [Info] [AgentModelResolver] agent "autoModeClassifier" original_models=[] -> resolved_models=[]
[9/24/2026, 8:49:57 PM.580] [Info] [AgentModelResolver] agent "promptHookEvaluator" original_models=["lite"] -> resolved_models=["lite"]
[9/24/2026, 8:49:57 PM.580] [Info] [AgentModelResolver] agent "insightsAnalyzer" original_models=[] -> resolved_models=[]
[9/24/2026, 8:49:57 PM.580] [Info] [AgentModelResolver] agent "agentInstructions" original_models=[] -> resolved_models=[]
[9/24/2026, 8:49:57 PM.580] [Info] [AgentModelResolver] agent "statusline-setup" original_models=[] -> resolved_models=[]
[9/24/2026, 8:49:57 PM.580] [Info] [AgentModelResolver] agent "Explore" original_models=["lite"] -> resolved_models=["lite"]
[9/24/2026, 8:49:57 PM.580] [Info] [AgentModelResolver] agent "Plan" original_models=[] -> resolved_models=[]
[9/24/2026, 8:49:57 PM.580] [Info] [AgentModelResolver] agent "pulse" original_models=[] -> resolved_models=[]
[9/24/2026, 8:49:57 PM.580] [Info] [AgentModelResolver] agent "handoff-summary" original_models=undefined -> resolved_models=[]
[9/24/2026, 8:49:57 PM.580] [Info] [AgentModelResolver] agent "enhance-prompt" original_models=[] -> resolved_models=[]
[9/24/2026, 8:49:57 PM.580] [Info] [AgentModelResolver] agent "sheet-agent" original_models=[] -> resolved_models=[]
[9/24/2026, 8:49:57 PM.580] [Info] [AgentModelResolver] agent "doc-converter" original_models=[] -> resolved_models=[]
[9/24/2026, 8:49:57 PM.580] [Info] [AgentModelResolver] agent "doc-formatter" original_models=[] -> resolved_models=[]
[9/24/2026, 8:49:57 PM.580] [Info] [AgentModelResolver] agent "doc-writer" original_models=[] -> resolved_models=[]
[9/24/2026, 8:49:57 PM.600] [Info] [PluginPolicyService]  [MergedPlugins][DEBUG] ProductManager.onDidChange fired, reloading policies...
[9/24/2026, 8:49:57 PM.600] [Info] [PluginPolicyService]  [MergedPlugins][DEBUG] Current config builtInMarketPluginsMerge: [{"autoEnable":true,"marketplaceName":"codebuddy-plugins-official","name":"agent-browser","scope":"user"},{"autoEnable":true,"marketplaceName":"codebuddy-plugins-official","name":"find-skills","scope":"user"}]
[9/24/2026, 8:49:57 PM.600] [Info] [PluginPolicyService]  [MergedPlugins] Loaded 2 merged plugin entries
[9/24/2026, 8:49:57 PM.600] [Info] [Startup] AgentManager.rebuildAgents: START
[9/24/2026, 8:49:57 PM.601] [Info] [Startup] AgentManager.rebuildAgents: completed in 14ms, resolving readyDeferred
[9/24/2026, 8:49:57 PM.601] [Info] [PluginManager]  Checking for built-in marketplaces to install...
[9/24/2026, 8:49:57 PM.601] [Info] [BuiltInMarketplaceProvider]  Found 2 built-in marketplace(s)
[9/24/2026, 8:49:57 PM.601] [Info] [PluginManager]  Found 2 built-in marketplace(s)
[9/24/2026, 8:49:57 PM.603] [Info] [MarketplaceStorage]  [MarketplaceStorage] getMarketplaces ensureConfigFile=0ms readAndRepair=2ms migration=0ms total=2ms count=5 path=/Users/didi/.workbuddy/plugins/known_marketplaces.json
[9/24/2026, 8:49:57 PM.603] [Info] [PluginManager]  All built-in marketplaces are already installed
[9/24/2026, 8:49:57 PM.604] [Info] [MarketplaceStorage]  [MarketplaceStorage] getMarketplaces ensureConfigFile=0ms readAndRepair=1ms migration=0ms total=1ms count=5 path=/Users/didi/.workbuddy/plugins/known_marketplaces.json
[9/24/2026, 8:49:57 PM.604] [Info] [BuiltInMarketplaceProvider]  Found 2 built-in marketplace(s)
[9/24/2026, 8:49:57 PM.607] [Info] [PluginManager]  Loaded 5 marketplaces (2 built-in) total=4ms storage=1ms builtIn=0ms autoUpdate=0ms
[9/24/2026, 8:49:59 PM.588] [Info] [TracingService]  Tracing uses @tencent/galileo-node-sdk global OpenTelemetry provider; @genie OTLP exporter is skipped.
[9/24/2026, 8:49:59 PM.588] [Info] [TracingService]  Tracing config resolved: {"productEnabled":true,"enabledByEnv":false,"endpoint":"https://copilot.tencent.com","galileoEnabled":true}
[9/24/2026, 8:50:26 PM.682] [Info] [WorkflowMemProbe] tick runId=(none) | rss=66.3MB heap=160.1/168MB external=54.9MB arrayBuffers=0MB
[9/24/2026, 8:50:56 PM.682] [Info] [WorkflowMemProbe] tick runId=(none) | rss=60.8MB heap=160.3/168.3MB external=54.9MB arrayBuffers=0MB
[9/24/2026, 8:51:02 PM.833] [Info] [TracingService]  [primary] Exported 1 spans, traceIds: 9524d0b2519516afdc235831936aa43d
[9/24/2026, 8:51:26 PM.684] [Info] [WorkflowMemProbe] tick runId=(none) | rss=72.1MB heap=159.6/165.9MB external=53.8MB arrayBuffers=0MB
[9/24/2026, 8:51:56 PM.685] [Info] [WorkflowMemProbe] tick runId=(none) | rss=64.7MB heap=158.6/165.3MB external=53.8MB arrayBuffers=0MB
[9/24/2026, 8:52:26 PM.686] [Info] [WorkflowMemProbe] tick runId=(none) | rss=55.7MB heap=158.8/165.5MB external=53.8MB arrayBuffers=0MB
[9/24/2026, 8:52:56 PM.687] [Info] [WorkflowMemProbe] tick runId=(none) | rss=59.1MB heap=159/165.8MB external=53.8MB arrayBuffers=0MB
[9/24/2026, 8:53:26 PM.688] [Info] [WorkflowMemProbe] tick runId=(none) | rss=59.6MB heap=159.1/165.8MB external=53.8MB arrayBuffers=0MB
[9/24/2026, 8:53:56 PM.688] [Info] [WorkflowMemProbe] tick runId=(none) | rss=65.3MB heap=158.7/165MB external=53.8MB arrayBuffers=0MB
[9/24/2026, 8:54:26 PM.689] [Info] [WorkflowMemProbe] tick runId=(none) | rss=65.5MB heap=158.8/165MB external=53.8MB arrayBuffers=0MB
[9/24/2026, 8:54:56 PM.689] [Info] [WorkflowMemProbe] tick runId=(none) | rss=65.2MB heap=159/165MB external=53.8MB arrayBuffers=0MB
[9/24/2026, 8:55:26 PM.690] [Info] [WorkflowMemProbe] tick runId=(none) | rss=65.5MB heap=159.2/165MB external=53.8MB arrayBuffers=0MB
[9/24/2026, 8:55:56 PM.691] [Info] [WorkflowMemProbe] tick runId=(none) | rss=66MB heap=158.7/164.3MB external=53.8MB arrayBuffers=0MB
[9/24/2026, 8:56:04 PM.839] [Info] [TracingService]  [primary] Exported 1 spans, traceIds: 3f346595dc8120bc990c06f50560c681
[9/24/2026, 8:56:26 PM.692] [Info] [WorkflowMemProbe] tick runId=(none) | rss=78.5MB heap=161.7/167.5MB external=53.8MB arrayBuffers=0MB
[9/24/2026, 8:56:56 PM.694] [Info] [WorkflowMemProbe] tick runId=(none) | rss=79MB heap=162.1/167.8MB external=53.9MB arrayBuffers=0MB
[9/24/2026, 8:57:26 PM.695] [Info] [WorkflowMemProbe] tick runId=(none) | rss=78.9MB heap=161.6/168MB external=53.9MB arrayBuffers=0MB
[9/24/2026, 8:57:56 PM.698] [Info] [WorkflowMemProbe] tick runId=(none) | rss=59.8MB heap=161.8/168.3MB external=53.8MB arrayBuffers=0MB
[9/24/2026, 8:57:56 PM.718] [Info] [PluginsProductProvider.provide] active=9, ids=[weixinpay@workbuddy-builtin,tencent-docs-plugin@workbuddy-builtin,sheetagent@workbuddy-builtin,tencent-pptx@workbuddy-builtin,tencent-docx@workbuddy-builtin,agent-browser@codebuddy-plugins-official,find-skills@codebuddy-plugins-official,agent-browser@inline,find-skills@inline]
[9/24/2026, 8:57:56 PM.719] [Info] [MCP][cacheDbg] getConnectedServers() called: nonInteractive=true waitForSettle=false cacheNow=[connector-proxy,weixinpay,sheetagent] allServers=[connector-proxy:connected,weixinpay:connected,sheetagent:connected]
[9/24/2026, 8:57:56 PM.719] [Info] [MCP][cacheDbg] getConnectedServers() returning: [connector-proxy,weixinpay,sheetagent] (size=3)
[9/24/2026, 8:57:56 PM.730] [Info] [CustomModelsProductProvider] productName=WorkBuddy, isWorkBuddy=true, userConfigPath=/Users/didi/.workbuddy/models.json
[9/24/2026, 8:57:56 PM.730] [Info] [ModelsProductProvider] enterpriseId: undefined, endpoint: https://copilot.tencent.com
[9/24/2026, 8:57:56 PM.730] [Warning] [ModelsProductProvider] enterpriseId is missing, skipping models API call
[9/24/2026, 8:57:56 PM.731] [Info] [AgentModelResolver] product config input: 53 models, 23 agents
[9/24/2026, 8:57:56 PM.731] [Info] [AgentModelResolver] model ids: auto, fast-model, balanced-model, deep-model, hy3, hy3-b, hy3-c, hy3-x, hy4-preview, hy4-preview-f, minimax-m2.5, glm-5v-turbo, glm-5.3, glm-5.3-flash, glm-5.2, glm-5.1, glm-5.0-turbo, glm-4.6v, kimi-k3-1, kimi-k2.8-preview, kimi-k2.7, kimi-k2.6, kimi-k2.5, kimi-k2-thinking, minimax-m3, minimax-m2.7, glm-4.6, deepseek-v4-flash, deepseek-v4.1-flash, deepseek-v4-pro, deepseek-v3-2-volc, deepseek-v3-1-volc, deepseek-v3-1-lkeap, deepseek-v3-1, deepseek-v3-0324-lkeap, deepseek-r1-0528-lkeap, kimi-k2-instruct-taiji, completion-gf, default-1.1, hunyuan-3b, hunyuan-7b-dense, codewise-completions, codewise-rewrite, codewise-nes-a4-027-aide, codewise-jump, deepseek-r1-0528, deepseek-v3-0324-taco-completion, deepseek-v3-0324, default-1.2, hunyuan-2.0-instruct, hunyuan-chat, hunyuan-image-alpha, hunyuan-image-alpha-edit
[9/24/2026, 8:57:56 PM.731] [Info] [AgentModelResolver] agent "cli" original_models=["auto","hy4-preview-f","hy3","hy3-x","deepseek-v4.1-flash","glm-5.3","glm-5.3-flash","glm-5.2","glm-5.1","glm-5v-turbo","minimax-m3","kimi-k3-1","kimi-k2.8-preview","kimi-k2.7","kimi-k2.6","deepseek-v4-pro"] -> resolved_models=["auto","hy4-preview-f","hy3","hy3-x","deepseek-v4.1-flash","glm-5.3","glm-5.3-flash","glm-5.2","glm-5.1","glm-5v-turbo","minimax-m3","kimi-k3-1","kimi-k2.8-preview","kimi-k2.7","kimi-k2.6","deepseek-v4-pro"]
[9/24/2026, 8:57:56 PM.731] [Info] [AgentModelResolver] agent "general-purpose" original_models=[] -> resolved_models=[]
[9/24/2026, 8:57:56 PM.731] [Info] [AgentModelResolver] agent "compact" original_models=[] -> resolved_models=[]
[9/24/2026, 8:57:56 PM.731] [Info] [AgentModelResolver] agent "contextSummary" original_models=[] -> resolved_models=[]
[9/24/2026, 8:57:56 PM.731] [Info] [AgentModelResolver] agent "contentAnalyzer" original_models=[] -> resolved_models=[]
[9/24/2026, 8:57:56 PM.731] [Info] [AgentModelResolver] agent "terminalTitleGenerator" original_models=[] -> resolved_models=[]
[9/24/2026, 8:57:56 PM.731] [Info] [AgentModelResolver] agent "promptSuggestion" original_models=[] -> resolved_models=[]
[9/24/2026, 8:57:56 PM.731] [Info] [AgentModelResolver] agent "memorySelector" original_models=["lite"] -> resolved_models=["lite"]
[9/24/2026, 8:57:56 PM.731] [Info] [AgentModelResolver] agent "summaryGenerator" original_models=[] -> resolved_models=[]
[9/24/2026, 8:57:56 PM.731] [Info] [AgentModelResolver] agent "autoModeClassifier" original_models=[] -> resolved_models=[]
[9/24/2026, 8:57:56 PM.731] [Info] [AgentModelResolver] agent "promptHookEvaluator" original_models=["lite"] -> resolved_models=["lite"]
[9/24/2026, 8:57:56 PM.731] [Info] [AgentModelResolver] agent "insightsAnalyzer" original_models=[] -> resolved_models=[]
[9/24/2026, 8:57:56 PM.731] [Info] [AgentModelResolver] agent "agentInstructions" original_models=[] -> resolved_models=[]
[9/24/2026, 8:57:56 PM.731] [Info] [AgentModelResolver] agent "statusline-setup" original_models=[] -> resolved_models=[]
[9/24/2026, 8:57:56 PM.731] [Info] [AgentModelResolver] agent "Explore" original_models=["lite"] -> resolved_models=["lite"]
[9/24/2026, 8:57:56 PM.731] [Info] [AgentModelResolver] agent "Plan" original_models=[] -> resolved_models=[]
[9/24/2026, 8:57:56 PM.731] [Info] [AgentModelResolver] agent "pulse" original_models=[] -> resolved_models=[]
[9/24/2026, 8:57:56 PM.731] [Info] [AgentModelResolver] agent "handoff-summary" original_models=undefined -> resolved_models=[]
[9/24/2026, 8:57:56 PM.731] [Info] [AgentModelResolver] agent "enhance-prompt" original_models=[] -> resolved_models=[]
[9/24/2026, 8:57:56 PM.731] [Info] [AgentModelResolver] agent "sheet-agent" original_models=[] -> resolved_models=[]
[9/24/2026, 8:57:56 PM.731] [Info] [AgentModelResolver] agent "doc-converter" original_models=[] -> resolved_models=[]
[9/24/2026, 8:57:56 PM.731] [Info] [AgentModelResolver] agent "doc-formatter" original_models=[] -> resolved_models=[]
[9/24/2026, 8:57:56 PM.731] [Info] [AgentModelResolver] agent "doc-writer" original_models=[] -> resolved_models=[]
[9/24/2026, 8:57:56 PM.757] [Info] [PluginPolicyService]  [MergedPlugins][DEBUG] ProductManager.onDidChange fired, reloading policies...
[9/24/2026, 8:57:56 PM.757] [Info] [PluginPolicyService]  [MergedPlugins][DEBUG] Current config builtInMarketPluginsMerge: [{"autoEnable":true,"marketplaceName":"codebuddy-plugins-official","name":"agent-browser","scope":"user"},{"autoEnable":true,"marketplaceName":"codebuddy-plugins-official","name":"find-skills","scope":"user"}]
[9/24/2026, 8:57:56 PM.757] [Info] [PluginPolicyService]  [MergedPlugins] Loaded 2 merged plugin entries
[9/24/2026, 8:57:56 PM.757] [Info] [Startup] AgentManager.rebuildAgents: START
[9/24/2026, 8:57:56 PM.758] [Info] [Startup] AgentManager.rebuildAgents: completed in 19ms, resolving readyDeferred
[9/24/2026, 8:57:56 PM.758] [Info] [PluginManager]  Checking for built-in marketplaces to install...
[9/24/2026, 8:57:56 PM.758] [Info] [BuiltInMarketplaceProvider]  Found 2 built-in marketplace(s)
[9/24/2026, 8:57:56 PM.758] [Info] [PluginManager]  Found 2 built-in marketplace(s)
[9/24/2026, 8:57:56 PM.761] [Info] [MarketplaceStorage]  [MarketplaceStorage] getMarketplaces ensureConfigFile=0ms readAndRepair=3ms migration=0ms total=3ms count=5 path=/Users/didi/.workbuddy/plugins/known_marketplaces.json
[9/24/2026, 8:57:56 PM.761] [Info] [PluginManager]  All built-in marketplaces are already installed
[9/24/2026, 8:57:56 PM.762] [Info] [MarketplaceStorage]  [MarketplaceStorage] getMarketplaces ensureConfigFile=0ms readAndRepair=1ms migration=0ms total=1ms count=5 path=/Users/didi/.workbuddy/plugins/known_marketplaces.json
[9/24/2026, 8:57:56 PM.762] [Info] [BuiltInMarketplaceProvider]  Found 2 built-in marketplace(s)
[9/24/2026, 8:57:56 PM.768] [Info] [PluginManager]  Loaded 5 marketplaces (2 built-in) total=7ms storage=1ms builtIn=0ms autoUpdate=0ms
[9/24/2026, 8:57:58 PM.740] [Info] [TracingService]  Tracing uses @tencent/galileo-node-sdk global OpenTelemetry provider; @genie OTLP exporter is skipped.
[9/24/2026, 8:57:58 PM.740] [Info] [TracingService]  Tracing config resolved: {"productEnabled":true,"enabledByEnv":false,"endpoint":"https://copilot.tencent.com","galileoEnabled":true}
[9/24/2026, 8:58:26 PM.696] [Info] [WorkflowMemProbe] tick runId=(none) | rss=116.5MB heap=153.7/161.9MB external=53.6MB arrayBuffers=0MB
[9/24/2026, 8:58:56 PM.698] [Info] [WorkflowMemProbe] tick runId=(none) | rss=106.9MB heap=154/161.9MB external=53.6MB arrayBuffers=0MB
[9/24/2026, 8:59:26 PM.699] [Info] [WorkflowMemProbe] tick runId=(none) | rss=50.9MB heap=154.1/161.9MB external=53.6MB arrayBuffers=0MB
[9/24/2026, 8:59:56 PM.698] [Info] [WorkflowMemProbe] tick runId=(none) | rss=58.9MB heap=154.3/161.9MB external=53.7MB arrayBuffers=0MB
[9/24/2026, 9:00:26 PM.700] [Info] [WorkflowMemProbe] tick runId=(none) | rss=58.2MB heap=154.5/161.9MB external=53.7MB arrayBuffers=0MB
[9/24/2026, 9:00:56 PM.700] [Info] [WorkflowMemProbe] tick runId=(none) | rss=61.5MB heap=154.7/161.9MB external=53.7MB arrayBuffers=0MB
[9/24/2026, 9:01:06 PM.860] [Info] [TracingService]  [primary] Exported 1 spans, traceIds: edaf267964f387ef0fd98d0d55bdde7d
[9/24/2026, 9:01:26 PM.701] [Info] [WorkflowMemProbe] tick runId=(none) | rss=77.8MB heap=158/165.1MB external=53.7MB arrayBuffers=0MB
[9/24/2026, 9:01:56 PM.702] [Info] [WorkflowMemProbe] tick runId=(none) | rss=79.8MB heap=158.4/165.4MB external=53.8MB arrayBuffers=0MB
[9/24/2026, 9:02:26 PM.703] [Info] [WorkflowMemProbe] tick runId=(none) | rss=77.5MB heap=158.6/165.6MB external=53.8MB arrayBuffers=0MB
[9/24/2026, 9:02:56 PM.703] [Info] [WorkflowMemProbe] tick runId=(none) | rss=77.8MB heap=158.8/165.9MB external=53.8MB arrayBuffers=0MB
[9/24/2026, 9:03:26 PM.705] [Info] [WorkflowMemProbe] tick runId=(none) | rss=64.5MB heap=159/165.9MB external=53.8MB arrayBuffers=0MB
[9/24/2026, 9:03:56 PM.706] [Info] [WorkflowMemProbe] tick runId=(none) | rss=58.6MB heap=159.1/166.1MB external=53.8MB arrayBuffers=0MB
[9/24/2026, 9:04:26 PM.706] [Info] [WorkflowMemProbe] tick runId=(none) | rss=51.9MB heap=159.3/166.4MB external=53.8MB arrayBuffers=0MB
[9/24/2026, 9:04:56 PM.706] [Info] [WorkflowMemProbe] tick runId=(none) | rss=71.1MB heap=154/159.9MB external=53.7MB arrayBuffers=0MB
[9/24/2026, 9:05:26 PM.707] [Info] [WorkflowMemProbe] tick runId=(none) | rss=71.8MB heap=154.2/159.9MB external=53.7MB arrayBuffers=0MB
[9/24/2026, 9:05:56 PM.713] [Info] [WorkflowMemProbe] tick runId=(none) | rss=31.6MB heap=154/160.1MB external=53.7MB arrayBuffers=0MB
[9/24/2026, 9:05:56 PM.741] [Info] [GitInfoCollector]  CODEBUDDY_GIT_REPO_SCAN_DISABLED 1
[9/24/2026, 9:05:56 PM.742] [Info] [GitInfoCollector]  Git repository scan is disabled via CODEBUDDY_GIT_REPO_SCAN_DISABLED environment variable
[9/24/2026, 9:05:57 PM.349] [Info] [CloudProductManager]  fetch cloud product success, agents(1): cli, models(53): auto,fast-model,balanced-model,deep-model,hy3,hy3-b,hy3-c,hy3-x,hy4-preview,hy4-preview-f,minimax-m2.5,glm-5v-turbo,glm-5.3,glm-5.3-flash,glm-5.2,glm-5.1,glm-5.0-turbo,glm-4.6v,kimi-k3-1,kimi-k2.8-preview,kimi-k2.7,kimi-k2.6,kimi-k2.5,kimi-k2-thinking,minimax-m3,minimax-m2.7,glm-4.6,deepseek-v4-flash,deepseek-v4.1-flash,deepseek-v4-pro,deepseek-v3-2-volc,deepseek-v3-1-volc,deepseek-v3-1-lkeap,deepseek-v3-1,deepseek-v3-0324-lkeap,deepseek-r1-0528-lkeap,kimi-k2-instruct-taiji,completion-gf,default-1.1,hunyuan-3b,hunyuan-7b-dense,codewise-completions,codewise-rewrite,codewise-nes-a4-027-aide,codewise-jump,deepseek-r1-0528,deepseek-v3-0324-taco-completion,deepseek-v3-0324,default-1.2,hunyuan-2.0-instruct,hunyuan-chat,hunyuan-image-alpha,hunyuan-image-alpha-edit
[9/24/2026, 9:05:57 PM.349] [Info] [CloudProductManager]  Fetched configuration from remote [606ms]
[9/24/2026, 9:05:57 PM.353] [Info] [PluginsProductProvider.provide] active=9, ids=[weixinpay@workbuddy-builtin,tencent-docs-plugin@workbuddy-builtin,sheetagent@workbuddy-builtin,tencent-pptx@workbuddy-builtin,tencent-docx@workbuddy-builtin,agent-browser@codebuddy-plugins-official,find-skills@codebuddy-plugins-official,agent-browser@inline,find-skills@inline]
[9/24/2026, 9:05:57 PM.354] [Info] [MCP][cacheDbg] getConnectedServers() called: nonInteractive=true waitForSettle=false cacheNow=[connector-proxy,weixinpay,sheetagent] allServers=[connector-proxy:connected,weixinpay:connected,sheetagent:connected]
[9/24/2026, 9:05:57 PM.354] [Info] [MCP][cacheDbg] getConnectedServers() returning: [connector-proxy,weixinpay,sheetagent] (size=3)
[9/24/2026, 9:05:57 PM.370] [Info] [CustomModelsProductProvider] productName=WorkBuddy, isWorkBuddy=true, userConfigPath=/Users/didi/.workbuddy/models.json
[9/24/2026, 9:05:57 PM.371] [Info] [ModelsProductProvider] enterpriseId: undefined, endpoint: https://copilot.tencent.com
[9/24/2026, 9:05:57 PM.371] [Warning] [ModelsProductProvider] enterpriseId is missing, skipping models API call
[9/24/2026, 9:05:57 PM.371] [Info] [AgentModelResolver] product config input: 53 models, 23 agents
[9/24/2026, 9:05:57 PM.371] [Info] [AgentModelResolver] model ids: auto, fast-model, balanced-model, deep-model, hy3, hy3-b, hy3-c, hy3-x, hy4-preview, hy4-preview-f, minimax-m2.5, glm-5v-turbo, glm-5.3, glm-5.3-flash, glm-5.2, glm-5.1, glm-5.0-turbo, glm-4.6v, kimi-k3-1, kimi-k2.8-preview, kimi-k2.7, kimi-k2.6, kimi-k2.5, kimi-k2-thinking, minimax-m3, minimax-m2.7, glm-4.6, deepseek-v4-flash, deepseek-v4.1-flash, deepseek-v4-pro, deepseek-v3-2-volc, deepseek-v3-1-volc, deepseek-v3-1-lkeap, deepseek-v3-1, deepseek-v3-0324-lkeap, deepseek-r1-0528-lkeap, kimi-k2-instruct-taiji, completion-gf, default-1.1, hunyuan-3b, hunyuan-7b-dense, codewise-completions, codewise-rewrite, codewise-nes-a4-027-aide, codewise-jump, deepseek-r1-0528, deepseek-v3-0324-taco-completion, deepseek-v3-0324, default-1.2, hunyuan-2.0-instruct, hunyuan-chat, hunyuan-image-alpha, hunyuan-image-alpha-edit
[9/24/2026, 9:05:57 PM.371] [Info] [AgentModelResolver] agent "cli" original_models=["auto","hy4-preview-f","hy3","hy3-x","deepseek-v4.1-flash","glm-5.3","glm-5.3-flash","glm-5.2","glm-5.1","glm-5v-turbo","minimax-m3","kimi-k3-1","kimi-k2.8-preview","kimi-k2.7","kimi-k2.6","deepseek-v4-pro"] -> resolved_models=["auto","hy4-preview-f","hy3","hy3-x","deepseek-v4.1-flash","glm-5.3","glm-5.3-flash","glm-5.2","glm-5.1","glm-5v-turbo","minimax-m3","kimi-k3-1","kimi-k2.8-preview","kimi-k2.7","kimi-k2.6","deepseek-v4-pro"]
[9/24/2026, 9:05:57 PM.371] [Info] [AgentModelResolver] agent "general-purpose" original_models=[] -> resolved_models=[]
[9/24/2026, 9:05:57 PM.371] [Info] [AgentModelResolver] agent "compact" original_models=[] -> resolved_models=[]
[9/24/2026, 9:05:57 PM.371] [Info] [AgentModelResolver] agent "contextSummary" original_models=[] -> resolved_models=[]
[9/24/2026, 9:05:57 PM.371] [Info] [AgentModelResolver] agent "contentAnalyzer" original_models=[] -> resolved_models=[]
[9/24/2026, 9:05:57 PM.371] [Info] [AgentModelResolver] agent "terminalTitleGenerator" original_models=[] -> resolved_models=[]
[9/24/2026, 9:05:57 PM.371] [Info] [AgentModelResolver] agent "promptSuggestion" original_models=[] -> resolved_models=[]
[9/24/2026, 9:05:57 PM.371] [Info] [AgentModelResolver] agent "memorySelector" original_models=["lite"] -> resolved_models=["lite"]
[9/24/2026, 9:05:57 PM.371] [Info] [AgentModelResolver] agent "summaryGenerator" original_models=[] -> resolved_models=[]
[9/24/2026, 9:05:57 PM.371] [Info] [AgentModelResolver] agent "autoModeClassifier" original_models=[] -> resolved_models=[]
[9/24/2026, 9:05:57 PM.371] [Info] [AgentModelResolver] agent "promptHookEvaluator" original_models=["lite"] -> resolved_models=["lite"]
[9/24/2026, 9:05:57 PM.371] [Info] [AgentModelResolver] agent "insightsAnalyzer" original_models=[] -> resolved_models=[]
[9/24/2026, 9:05:57 PM.371] [Info] [AgentModelResolver] agent "agentInstructions" original_models=[] -> resolved_models=[]
[9/24/2026, 9:05:57 PM.371] [Info] [AgentModelResolver] agent "statusline-setup" original_models=[] -> resolved_models=[]
[9/24/2026, 9:05:57 PM.371] [Info] [AgentModelResolver] agent "Explore" original_models=["lite"] -> resolved_models=["lite"]
[9/24/2026, 9:05:57 PM.371] [Info] [AgentModelResolver] agent "Plan" original_models=[] -> resolved_models=[]
[9/24/2026, 9:05:57 PM.371] [Info] [AgentModelResolver] agent "pulse" original_models=[] -> resolved_models=[]
[9/24/2026, 9:05:57 PM.371] [Info] [AgentModelResolver] agent "handoff-summary" original_models=undefined -> resolved_models=[]
[9/24/2026, 9:05:57 PM.371] [Info] [AgentModelResolver] agent "enhance-prompt" original_models=[] -> resolved_models=[]
[9/24/2026, 9:05:57 PM.371] [Info] [AgentModelResolver] agent "sheet-agent" original_models=[] -> resolved_models=[]
[9/24/2026, 9:05:57 PM.371] [Info] [AgentModelResolver] agent "doc-converter" original_models=[] -> resolved_models=[]
[9/24/2026, 9:05:57 PM.371] [Info] [AgentModelResolver] agent "doc-formatter" original_models=[] -> resolved_models=[]
[9/24/2026, 9:05:57 PM.371] [Info] [AgentModelResolver] agent "doc-writer" original_models=[] -> resolved_models=[]
[9/24/2026, 9:05:57 PM.397] [Info] [PluginPolicyService]  [MergedPlugins][DEBUG] ProductManager.onDidChange fired, reloading policies...
[9/24/2026, 9:05:57 PM.397] [Info] [PluginPolicyService]  [MergedPlugins][DEBUG] Current config builtInMarketPluginsMerge: [{"autoEnable":true,"marketplaceName":"codebuddy-plugins-official","name":"agent-browser","scope":"user"},{"autoEnable":true,"marketplaceName":"codebuddy-plugins-official","name":"find-skills","scope":"user"}]
[9/24/2026, 9:05:57 PM.397] [Info] [PluginPolicyService]  [MergedPlugins] Loaded 2 merged plugin entries
[9/24/2026, 9:05:57 PM.397] [Info] [Startup] AgentManager.rebuildAgents: START
[9/24/2026, 9:05:57 PM.398] [Info] [Startup] AgentManager.rebuildAgents: completed in 17ms, resolving readyDeferred
[9/24/2026, 9:05:57 PM.398] [Info] [PluginManager]  Checking for built-in marketplaces to install...
[9/24/2026, 9:05:57 PM.398] [Info] [BuiltInMarketplaceProvider]  Found 2 built-in marketplace(s)
[9/24/2026, 9:05:57 PM.398] [Info] [PluginManager]  Found 2 built-in marketplace(s)
[9/24/2026, 9:05:57 PM.399] [Info] [MarketplaceStorage]  [MarketplaceStorage] getMarketplaces ensureConfigFile=0ms readAndRepair=1ms migration=0ms total=1ms count=5 path=/Users/didi/.workbuddy/plugins/known_marketplaces.json
[9/24/2026, 9:05:57 PM.399] [Info] [PluginManager]  All built-in marketplaces are already installed
[9/24/2026, 9:05:57 PM.400] [Info] [MarketplaceStorage]  [MarketplaceStorage] getMarketplaces ensureConfigFile=0ms readAndRepair=1ms migration=0ms total=1ms count=5 path=/Users/didi/.workbuddy/plugins/known_marketplaces.json
[9/24/2026, 9:05:57 PM.400] [Info] [BuiltInMarketplaceProvider]  Found 2 built-in marketplace(s)
[9/24/2026, 9:05:57 PM.404] [Info] [PluginManager]  Loaded 5 marketplaces (2 built-in) total=5ms storage=1ms builtIn=0ms autoUpdate=0ms
[9/24/2026, 9:05:59 PM.382] [Info] [TracingService]  Tracing uses @tencent/galileo-node-sdk global OpenTelemetry provider; @genie OTLP exporter is skipped.
[9/24/2026, 9:05:59 PM.382] [Info] [TracingService]  Tracing config resolved: {"productEnabled":true,"enabledByEnv":false,"endpoint":"https://copilot.tencent.com","galileoEnabled":true}
[9/24/2026, 9:06:08 PM.835] [Info] [TracingService]  [primary] Exported 1 spans, traceIds: 99a75b45912997b31fe0282ed92f38af
[9/24/2026, 9:06:26 PM.710] [Info] [WorkflowMemProbe] tick runId=(none) | rss=54.5MB heap=165.6/170.7MB external=53.7MB arrayBuffers=0MB
[9/24/2026, 9:06:56 PM.710] [Info] [WorkflowMemProbe] tick runId=(none) | rss=65.2MB heap=165.9/171MB external=53.8MB arrayBuffers=0MB
[9/24/2026, 9:07:26 PM.711] [Info] [WorkflowMemProbe] tick runId=(none) | rss=64MB heap=166.1/171.2MB external=53.8MB arrayBuffers=0MB
[9/24/2026, 9:07:56 PM.711] [Info] [WorkflowMemProbe] tick runId=(none) | rss=64.8MB heap=166.3/171.5MB external=53.8MB arrayBuffers=0MB
[9/24/2026, 9:08:26 PM.712] [Info] [WorkflowMemProbe] tick runId=(none) | rss=65.1MB heap=166.5/171.5MB external=53.9MB arrayBuffers=0MB
[9/24/2026, 9:08:56 PM.713] [Info] [WorkflowMemProbe] tick runId=(none) | rss=65.7MB heap=166.7/171.7MB external=53.9MB arrayBuffers=0MB
[9/24/2026, 9:09:26 PM.714] [Info] [WorkflowMemProbe] tick runId=(none) | rss=66.1MB heap=166.9/172MB external=53.9MB arrayBuffers=0MB
[9/24/2026, 9:09:56 PM.714] [Info] [WorkflowMemProbe] tick runId=(none) | rss=68.1MB heap=165.6/172MB external=53.8MB arrayBuffers=0MB
[9/24/2026, 9:10:26 PM.715] [Info] [WorkflowMemProbe] tick runId=(none) | rss=66.6MB heap=165.8/172MB external=53.8MB arrayBuffers=0MB
[9/24/2026, 9:10:56 PM.717] [Info] [WorkflowMemProbe] tick runId=(none) | rss=60.5MB heap=166/172MB external=53.8MB arrayBuffers=0MB
[9/24/2026, 9:11:10 PM.868] [Info] [TracingService]  [primary] Exported 1 spans, traceIds: bccc29c62265f018fc4900c57f7fd342
[9/24/2026, 9:11:26 PM.717] [Info] [WorkflowMemProbe] tick runId=(none) | rss=75.7MB heap=167.7/172.1MB external=53.8MB arrayBuffers=0MB
[9/24/2026, 9:11:56 PM.717] [Info] [WorkflowMemProbe] tick runId=(none) | rss=117.2MB heap=151.2/157.9MB external=53.3MB arrayBuffers=0MB
[9/24/2026, 9:12:26 PM.718] [Info] [WorkflowMemProbe] tick runId=(none) | rss=115.3MB heap=151.4/158.1MB external=53.3MB arrayBuffers=0MB
[9/24/2026, 9:12:56 PM.721] [Info] [WorkflowMemProbe] tick runId=(none) | rss=111.5MB heap=150.8/157.4MB external=53.3MB arrayBuffers=0MB
[9/24/2026, 9:13:26 PM.736] [Info] [WorkflowMemProbe] tick runId=(none) | rss=59.2MB heap=151/157.4MB external=53.3MB arrayBuffers=0MB
[9/24/2026, 9:13:56 PM.755] [Info] [WorkflowMemProbe] tick runId=(none) | rss=62.5MB heap=151.2/157.4MB external=53.3MB arrayBuffers=0MB
[9/24/2026, 9:13:56 PM.781] [Info] [PluginsProductProvider.provide] active=9, ids=[weixinpay@workbuddy-builtin,tencent-docs-plugin@workbuddy-builtin,sheetagent@workbuddy-builtin,tencent-pptx@workbuddy-builtin,tencent-docx@workbuddy-builtin,agent-browser@codebuddy-plugins-official,find-skills@codebuddy-plugins-official,agent-browser@inline,find-skills@inline]
[9/24/2026, 9:13:56 PM.781] [Info] [MCP][cacheDbg] getConnectedServers() called: nonInteractive=true waitForSettle=false cacheNow=[connector-proxy,weixinpay,sheetagent] allServers=[connector-proxy:connected,weixinpay:connected,sheetagent:connected]
[9/24/2026, 9:13:56 PM.781] [Info] [MCP][cacheDbg] getConnectedServers() returning: [connector-proxy,weixinpay,sheetagent] (size=3)
[9/24/2026, 9:13:56 PM.791] [Info] [CustomModelsProductProvider] productName=WorkBuddy, isWorkBuddy=true, userConfigPath=/Users/didi/.workbuddy/models.json
[9/24/2026, 9:13:56 PM.792] [Info] [ModelsProductProvider] enterpriseId: undefined, endpoint: https://copilot.tencent.com
[9/24/2026, 9:13:56 PM.792] [Warning] [ModelsProductProvider] enterpriseId is missing, skipping models API call
[9/24/2026, 9:13:56 PM.792] [Info] [AgentModelResolver] product config input: 53 models, 23 agents
[9/24/2026, 9:13:56 PM.792] [Info] [AgentModelResolver] model ids: auto, fast-model, balanced-model, deep-model, hy3, hy3-b, hy3-c, hy3-x, hy4-preview, hy4-preview-f, minimax-m2.5, glm-5v-turbo, glm-5.3, glm-5.3-flash, glm-5.2, glm-5.1, glm-5.0-turbo, glm-4.6v, kimi-k3-1, kimi-k2.8-preview, kimi-k2.7, kimi-k2.6, kimi-k2.5, kimi-k2-thinking, minimax-m3, minimax-m2.7, glm-4.6, deepseek-v4-flash, deepseek-v4.1-flash, deepseek-v4-pro, deepseek-v3-2-volc, deepseek-v3-1-volc, deepseek-v3-1-lkeap, deepseek-v3-1, deepseek-v3-0324-lkeap, deepseek-r1-0528-lkeap, kimi-k2-instruct-taiji, completion-gf, default-1.1, hunyuan-3b, hunyuan-7b-dense, codewise-completions, codewise-rewrite, codewise-nes-a4-027-aide, codewise-jump, deepseek-r1-0528, deepseek-v3-0324-taco-completion, deepseek-v3-0324, default-1.2, hunyuan-2.0-instruct, hunyuan-chat, hunyuan-image-alpha, hunyuan-image-alpha-edit
[9/24/2026, 9:13:56 PM.792] [Info] [AgentModelResolver] agent "cli" original_models=["auto","hy4-preview-f","hy3","hy3-x","deepseek-v4.1-flash","glm-5.3","glm-5.3-flash","glm-5.2","glm-5.1","glm-5v-turbo","minimax-m3","kimi-k3-1","kimi-k2.8-preview","kimi-k2.7","kimi-k2.6","deepseek-v4-pro"] -> resolved_models=["auto","hy4-preview-f","hy3","hy3-x","deepseek-v4.1-flash","glm-5.3","glm-5.3-flash","glm-5.2","glm-5.1","glm-5v-turbo","minimax-m3","kimi-k3-1","kimi-k2.8-preview","kimi-k2.7","kimi-k2.6","deepseek-v4-pro"]
[9/24/2026, 9:13:56 PM.792] [Info] [AgentModelResolver] agent "general-purpose" original_models=[] -> resolved_models=[]
[9/24/2026, 9:13:56 PM.792] [Info] [AgentModelResolver] agent "compact" original_models=[] -> resolved_models=[]
[9/24/2026, 9:13:56 PM.792] [Info] [AgentModelResolver] agent "contextSummary" original_models=[] -> resolved_models=[]
[9/24/2026, 9:13:56 PM.792] [Info] [AgentModelResolver] agent "contentAnalyzer" original_models=[] -> resolved_models=[]
[9/24/2026, 9:13:56 PM.792] [Info] [AgentModelResolver] agent "terminalTitleGenerator" original_models=[] -> resolved_models=[]
[9/24/2026, 9:13:56 PM.792] [Info] [AgentModelResolver] agent "promptSuggestion" original_models=[] -> resolved_models=[]
[9/24/2026, 9:13:56 PM.792] [Info] [AgentModelResolver] agent "memorySelector" original_models=["lite"] -> resolved_models=["lite"]
[9/24/2026, 9:13:56 PM.792] [Info] [AgentModelResolver] agent "summaryGenerator" original_models=[] -> resolved_models=[]
[9/24/2026, 9:13:56 PM.792] [Info] [AgentModelResolver] agent "autoModeClassifier" original_models=[] -> resolved_models=[]
[9/24/2026, 9:13:56 PM.792] [Info] [AgentModelResolver] agent "promptHookEvaluator" original_models=["lite"] -> resolved_models=["lite"]
[9/24/2026, 9:13:56 PM.792] [Info] [AgentModelResolver] agent "insightsAnalyzer" original_models=[] -> resolved_models=[]
[9/24/2026, 9:13:56 PM.792] [Info] [AgentModelResolver] agent "agentInstructions" original_models=[] -> resolved_models=[]
[9/24/2026, 9:13:56 PM.792] [Info] [AgentModelResolver] agent "statusline-setup" original_models=[] -> resolved_models=[]
[9/24/2026, 9:13:56 PM.792] [Info] [AgentModelResolver] agent "Explore" original_models=["lite"] -> resolved_models=["lite"]
[9/24/2026, 9:13:56 PM.792] [Info] [AgentModelResolver] agent "Plan" original_models=[] -> resolved_models=[]
[9/24/2026, 9:13:56 PM.792] [Info] [AgentModelResolver] agent "pulse" original_models=[] -> resolved_models=[]
[9/24/2026, 9:13:56 PM.792] [Info] [AgentModelResolver] agent "handoff-summary" original_models=undefined -> resolved_models=[]
[9/24/2026, 9:13:56 PM.792] [Info] [AgentModelResolver] agent "enhance-prompt" original_models=[] -> resolved_models=[]
[9/24/2026, 9:13:56 PM.792] [Info] [AgentModelResolver] agent "sheet-agent" original_models=[] -> resolved_models=[]
[9/24/2026, 9:13:56 PM.792] [Info] [AgentModelResolver] agent "doc-converter" original_models=[] -> resolved_models=[]
[9/24/2026, 9:13:56 PM.792] [Info] [AgentModelResolver] agent "doc-formatter" original_models=[] -> resolved_models=[]
[9/24/2026, 9:13:56 PM.792] [Info] [AgentModelResolver] agent "doc-writer" original_models=[] -> resolved_models=[]
[9/24/2026, 9:13:56 PM.813] [Info] [PluginPolicyService]  [MergedPlugins][DEBUG] ProductManager.onDidChange fired, reloading policies...
[9/24/2026, 9:13:56 PM.814] [Info] [PluginPolicyService]  [MergedPlugins][DEBUG] Current config builtInMarketPluginsMerge: [{"autoEnable":true,"marketplaceName":"codebuddy-plugins-official","name":"agent-browser","scope":"user"},{"autoEnable":true,"marketplaceName":"codebuddy-plugins-official","name":"find-skills","scope":"user"}]
[9/24/2026, 9:13:56 PM.814] [Info] [PluginPolicyService]  [MergedPlugins] Loaded 2 merged plugin entries
[9/24/2026, 9:13:56 PM.814] [Info] [Startup] AgentManager.rebuildAgents: START
[9/24/2026, 9:13:56 PM.814] [Info] [Startup] AgentManager.rebuildAgents: completed in 14ms, resolving readyDeferred
[9/24/2026, 9:13:56 PM.814] [Info] [PluginManager]  Checking for built-in marketplaces to install...
[9/24/2026, 9:13:56 PM.814] [Info] [BuiltInMarketplaceProvider]  Found 2 built-in marketplace(s)
[9/24/2026, 9:13:56 PM.815] [Info] [PluginManager]  Found 2 built-in marketplace(s)
[9/24/2026, 9:13:56 PM.816] [Info] [MarketplaceStorage]  [MarketplaceStorage] getMarketplaces ensureConfigFile=0ms readAndRepair=2ms migration=0ms total=2ms count=5 path=/Users/didi/.workbuddy/plugins/known_marketplaces.json
[9/24/2026, 9:13:56 PM.816] [Info] [PluginManager]  All built-in marketplaces are already installed
[9/24/2026, 9:13:56 PM.817] [Info] [MarketplaceStorage]  [MarketplaceStorage] getMarketplaces ensureConfigFile=0ms readAndRepair=1ms migration=0ms total=1ms count=5 path=/Users/didi/.workbuddy/plugins/known_marketplaces.json
[9/24/2026, 9:13:56 PM.817] [Info] [BuiltInMarketplaceProvider]  Found 2 built-in marketplace(s)
[9/24/2026, 9:13:56 PM.820] [Info] [PluginManager]  Loaded 5 marketplaces (2 built-in) total=4ms storage=1ms builtIn=0ms autoUpdate=0ms
[9/24/2026, 9:13:58 PM.803] [Info] [TracingService]  Tracing uses @tencent/galileo-node-sdk global OpenTelemetry provider; @genie OTLP exporter is skipped.
[9/24/2026, 9:13:58 PM.803] [Info] [TracingService]  Tracing config resolved: {"productEnabled":true,"enabledByEnv":false,"endpoint":"https://copilot.tencent.com","galileoEnabled":true}
[9/24/2026, 9:14:26 PM.757] [Info] [WorkflowMemProbe] tick runId=(none) | rss=49.1MB heap=160.3/167.8MB external=54.4MB arrayBuffers=0MB
[9/24/2026, 9:14:56 PM.758] [Info] [WorkflowMemProbe] tick runId=(none) | rss=57.8MB heap=160.5/168MB external=54.5MB arrayBuffers=0MB
[9/24/2026, 9:15:26 PM.760] [Info] [WorkflowMemProbe] tick runId=(none) | rss=48.7MB heap=160.7/168MB external=54.5MB arrayBuffers=0MB
[9/24/2026, 9:15:56 PM.761] [Info] [WorkflowMemProbe] tick runId=(none) | rss=58.6MB heap=160.8/168.3MB external=54.5MB arrayBuffers=0MB
[9/24/2026, 9:16:12 PM.906] [Info] [TracingService]  [primary] Exported 1 spans, traceIds: 1de8086608b9f5170fb6ee35b106836c
[9/24/2026, 9:16:26 PM.762] [Info] [WorkflowMemProbe] tick runId=(none) | rss=80.2MB heap=159.3/165.1MB external=53.3MB arrayBuffers=0MB
[9/24/2026, 9:16:56 PM.762] [Info] [WorkflowMemProbe] tick runId=(none) | rss=81.8MB heap=159.6/165.3MB external=53.4MB arrayBuffers=0MB
[9/24/2026, 9:17:26 PM.765] [Info] [WorkflowMemProbe] tick runId=(none) | rss=54MB heap=159.8/165.6MB external=53.4MB arrayBuffers=0MB
[9/24/2026, 9:17:56 PM.765] [Info] [WorkflowMemProbe] tick runId=(none) | rss=58.9MB heap=160/165.8MB external=53.4MB arrayBuffers=0MB
[9/24/2026, 9:18:26 PM.766] [Info] [WorkflowMemProbe] tick runId=(none) | rss=59.3MB heap=160.2/165.8MB external=53.4MB arrayBuffers=0MB
[9/24/2026, 9:18:56 PM.767] [Info] [WorkflowMemProbe] tick runId=(none) | rss=60MB heap=160.4/166.1MB external=53.4MB arrayBuffers=0MB
[9/24/2026, 9:19:26 PM.768] [Info] [WorkflowMemProbe] tick runId=(none) | rss=62.1MB heap=160.5/166.3MB external=53.5MB arrayBuffers=0MB
[9/24/2026, 9:19:56 PM.769] [Info] [WorkflowMemProbe] tick runId=(none) | rss=67.6MB heap=159.4/166.3MB external=53.3MB arrayBuffers=0MB
[9/24/2026, 9:20:26 PM.771] [Info] [WorkflowMemProbe] tick runId=(none) | rss=52.4MB heap=159.5/166.3MB external=53.4MB arrayBuffers=0MB
[9/24/2026, 9:20:56 PM.773] [Info] [WorkflowMemProbe] tick runId=(none) | rss=52.8MB heap=159.7/166.3MB external=53.4MB arrayBuffers=0MB
[9/24/2026, 9:21:14 PM.890] [Info] [TracingService]  [primary] Exported 1 spans, traceIds: 569ec643a21b5d7fd9155c5be9cce725
[9/24/2026, 9:21:21 PM.942] [Info] [AuthenticationSessionListener] [auth_success: 青石]  认证成功,执行 Notification 钩子:
[9/24/2026, 9:21:21 PM.953] [Info] [GitInfoCollector]  CODEBUDDY_GIT_REPO_SCAN_DISABLED 1
[9/24/2026, 9:21:21 PM.953] [Info] [GitInfoCollector]  Git repository scan is disabled via CODEBUDDY_GIT_REPO_SCAN_DISABLED environment variable
[9/24/2026, 9:21:22 PM.344] [Info] [CloudProductManager]  fetch cloud product success, agents(1): cli, models(53): auto,fast-model,balanced-model,deep-model,hy3,hy3-b,hy3-c,hy3-x,hy4-preview,hy4-preview-f,minimax-m2.5,glm-5v-turbo,glm-5.3,glm-5.3-flash,glm-5.2,glm-5.1,glm-5.0-turbo,glm-4.6v,kimi-k3-1,kimi-k2.8-preview,kimi-k2.7,kimi-k2.6,kimi-k2.5,kimi-k2-thinking,minimax-m3,minimax-m2.7,glm-4.6,deepseek-v4-flash,deepseek-v4.1-flash,deepseek-v4-pro,deepseek-v3-2-volc,deepseek-v3-1-volc,deepseek-v3-1-lkeap,deepseek-v3-1,deepseek-v3-0324-lkeap,deepseek-r1-0528-lkeap,kimi-k2-instruct-taiji,completion-gf,default-1.1,hunyuan-3b,hunyuan-7b-dense,codewise-completions,codewise-rewrite,codewise-nes-a4-027-aide,codewise-jump,deepseek-r1-0528,deepseek-v3-0324-taco-completion,deepseek-v3-0324,default-1.2,hunyuan-2.0-instruct,hunyuan-chat,hunyuan-image-alpha,hunyuan-image-alpha-edit
[9/24/2026, 9:21:22 PM.344] [Info] [CloudProductManager]  Fetched configuration from remote [390ms]
[9/24/2026, 9:21:22 PM.420] [Info] [PluginsProductProvider.provide] active=9, ids=[weixinpay@workbuddy-builtin,tencent-docs-plugin@workbuddy-builtin,sheetagent@workbuddy-builtin,tencent-pptx@workbuddy-builtin,tencent-docx@workbuddy-builtin,agent-browser@codebuddy-plugins-official,find-skills@codebuddy-plugins-official,agent-browser@inline,find-skills@inline]
[9/24/2026, 9:21:22 PM.420] [Info] [MCP][cacheDbg] getConnectedServers() called: nonInteractive=true waitForSettle=false cacheNow=[connector-proxy,weixinpay,sheetagent] allServers=[connector-proxy:connected,weixinpay:connected,sheetagent:connected]
[9/24/2026, 9:21:22 PM.420] [Info] [MCP][cacheDbg] getConnectedServers() returning: [connector-proxy,weixinpay,sheetagent] (size=3)
[9/24/2026, 9:21:22 PM.426] [Info] [CustomModelsProductProvider] productName=WorkBuddy, isWorkBuddy=true, userConfigPath=/Users/didi/.workbuddy/models.json
[9/24/2026, 9:21:22 PM.427] [Info] [ModelsProductProvider] enterpriseId: undefined, endpoint: https://copilot.tencent.com
[9/24/2026, 9:21:22 PM.427] [Warning] [ModelsProductProvider] enterpriseId is missing, skipping models API call
[9/24/2026, 9:21:22 PM.427] [Info] [AgentModelResolver] product config input: 53 models, 23 agents
[9/24/2026, 9:21:22 PM.427] [Info] [AgentModelResolver] model ids: auto, fast-model, balanced-model, deep-model, hy3, hy3-b, hy3-c, hy3-x, hy4-preview, hy4-preview-f, minimax-m2.5, glm-5v-turbo, glm-5.3, glm-5.3-flash, glm-5.2, glm-5.1, glm-5.0-turbo, glm-4.6v, kimi-k3-1, kimi-k2.8-preview, kimi-k2.7, kimi-k2.6, kimi-k2.5, kimi-k2-thinking, minimax-m3, minimax-m2.7, glm-4.6, deepseek-v4-flash, deepseek-v4.1-flash, deepseek-v4-pro, deepseek-v3-2-volc, deepseek-v3-1-volc, deepseek-v3-1-lkeap, deepseek-v3-1, deepseek-v3-0324-lkeap, deepseek-r1-0528-lkeap, kimi-k2-instruct-taiji, completion-gf, default-1.1, hunyuan-3b, hunyuan-7b-dense, codewise-completions, codewise-rewrite, codewise-nes-a4-027-aide, codewise-jump, deepseek-r1-0528, deepseek-v3-0324-taco-completion, deepseek-v3-0324, default-1.2, hunyuan-2.0-instruct, hunyuan-chat, hunyuan-image-alpha, hunyuan-image-alpha-edit
[9/24/2026, 9:21:22 PM.427] [Info] [AgentModelResolver] agent "cli" original_models=["auto","hy4-preview-f","hy3","hy3-x","deepseek-v4.1-flash","glm-5.3","glm-5.3-flash","glm-5.2","glm-5.1","glm-5v-turbo","minimax-m3","kimi-k3-1","kimi-k2.8-preview","kimi-k2.7","kimi-k2.6","deepseek-v4-pro"] -> resolved_models=["auto","hy4-preview-f","hy3","hy3-x","deepseek-v4.1-flash","glm-5.3","glm-5.3-flash","glm-5.2","glm-5.1","glm-5v-turbo","minimax-m3","kimi-k3-1","kimi-k2.8-preview","kimi-k2.7","kimi-k2.6","deepseek-v4-pro"]
[9/24/2026, 9:21:22 PM.427] [Info] [AgentModelResolver] agent "general-purpose" original_models=[] -> resolved_models=[]
[9/24/2026, 9:21:22 PM.427] [Info] [AgentModelResolver] agent "compact" original_models=[] -> resolved_models=[]
[9/24/2026, 9:21:22 PM.427] [Info] [AgentModelResolver] agent "contextSummary" original_models=[] -> resolved_models=[]
[9/24/2026, 9:21:22 PM.427] [Info] [AgentModelResolver] agent "contentAnalyzer" original_models=[] -> resolved_models=[]
[9/24/2026, 9:21:22 PM.427] [Info] [AgentModelResolver] agent "terminalTitleGenerator" original_models=[] -> resolved_models=[]
[9/24/2026, 9:21:22 PM.427] [Info] [AgentModelResolver] agent "promptSuggestion" original_models=[] -> resolved_models=[]
[9/24/2026, 9:21:22 PM.427] [Info] [AgentModelResolver] agent "memorySelector" original_models=["lite"] -> resolved_models=["lite"]
[9/24/2026, 9:21:22 PM.427] [Info] [AgentModelResolver] agent "summaryGenerator" original_models=[] -> resolved_models=[]
[9/24/2026, 9:21:22 PM.427] [Info] [AgentModelResolver] agent "autoModeClassifier" original_models=[] -> resolved_models=[]
[9/24/2026, 9:21:22 PM.427] [Info] [AgentModelResolver] agent "promptHookEvaluator" original_models=["lite"] -> resolved_models=["lite"]
[9/24/2026, 9:21:22 PM.427] [Info] [AgentModelResolver] agent "insightsAnalyzer" original_models=[] -> resolved_models=[]
[9/24/2026, 9:21:22 PM.427] [Info] [AgentModelResolver] agent "agentInstructions" original_models=[] -> resolved_models=[]
[9/24/2026, 9:21:22 PM.427] [Info] [AgentModelResolver] agent "statusline-setup" original_models=[] -> resolved_models=[]
[9/24/2026, 9:21:22 PM.427] [Info] [AgentModelResolver] agent "Explore" original_models=["lite"] -> resolved_models=["lite"]
[9/24/2026, 9:21:22 PM.427] [Info] [AgentModelResolver] agent "Plan" original_models=[] -> resolved_models=[]
[9/24/2026, 9:21:22 PM.427] [Info] [AgentModelResolver] agent "pulse" original_models=[] -> resolved_models=[]
[9/24/2026, 9:21:22 PM.427] [Info] [AgentModelResolver] agent "handoff-summary" original_models=undefined -> resolved_models=[]
[9/24/2026, 9:21:22 PM.427] [Info] [AgentModelResolver] agent "enhance-prompt" original_models=[] -> resolved_models=[]
[9/24/2026, 9:21:22 PM.427] [Info] [AgentModelResolver] agent "sheet-agent" original_models=[] -> resolved_models=[]
[9/24/2026, 9:21:22 PM.427] [Info] [AgentModelResolver] agent "doc-converter" original_models=[] -> resolved_models=[]
[9/24/2026, 9:21:22 PM.427] [Info] [AgentModelResolver] agent "doc-formatter" original_models=[] -> resolved_models=[]
[9/24/2026, 9:21:22 PM.427] [Info] [AgentModelResolver] agent "doc-writer" original_models=[] -> resolved_models=[]
[9/24/2026, 9:21:22 PM.443] [Info] [PluginPolicyService]  [MergedPlugins][DEBUG] ProductManager.onDidChange fired, reloading policies...
[9/24/2026, 9:21:22 PM.443] [Info] [PluginPolicyService]  [MergedPlugins][DEBUG] Current config builtInMarketPluginsMerge: [{"autoEnable":true,"marketplaceName":"codebuddy-plugins-official","name":"agent-browser","scope":"user"},{"autoEnable":true,"marketplaceName":"codebuddy-plugins-official","name":"find-skills","scope":"user"}]
[9/24/2026, 9:21:22 PM.443] [Info] [PluginPolicyService]  [MergedPlugins] Loaded 2 merged plugin entries
[9/24/2026, 9:21:22 PM.443] [Info] [Startup] AgentManager.rebuildAgents: START
[9/24/2026, 9:21:22 PM.443] [Info] [Startup] AgentManager.rebuildAgents: completed in 12ms, resolving readyDeferred
[9/24/2026, 9:21:22 PM.444] [Info] [PluginManager]  Checking for built-in marketplaces to install...
[9/24/2026, 9:21:22 PM.444] [Info] [BuiltInMarketplaceProvider]  Found 2 built-in marketplace(s)
[9/24/2026, 9:21:22 PM.444] [Info] [PluginManager]  Found 2 built-in marketplace(s)
[9/24/2026, 9:21:22 PM.445] [Info] [MarketplaceStorage]  [MarketplaceStorage] getMarketplaces ensureConfigFile=0ms readAndRepair=1ms migration=0ms total=1ms count=5 path=/Users/didi/.workbuddy/plugins/known_marketplaces.json
[9/24/2026, 9:21:22 PM.445] [Info] [PluginManager]  All built-in marketplaces are already installed
[9/24/2026, 9:21:22 PM.445] [Info] [MarketplaceStorage]  [MarketplaceStorage] getMarketplaces ensureConfigFile=0ms readAndRepair=0ms migration=0ms total=0ms count=5 path=/Users/didi/.workbuddy/plugins/known_marketplaces.json
[9/24/2026, 9:21:22 PM.445] [Info] [BuiltInMarketplaceProvider]  Found 2 built-in marketplace(s)
[9/24/2026, 9:21:22 PM.448] [Info] [PluginManager]  Loaded 5 marketplaces (2 built-in) total=3ms storage=0ms builtIn=0ms autoUpdate=0ms
[9/24/2026, 9:21:24 PM.433] [Info] [TracingService]  Tracing uses @tencent/galileo-node-sdk global OpenTelemetry provider; @genie OTLP exporter is skipped.
[9/24/2026, 9:21:24 PM.433] [Info] [TracingService]  Tracing config resolved: {"productEnabled":true,"enabledByEnv":false,"endpoint":"https://copilot.tencent.com","galileoEnabled":true}
[9/24/2026, 9:21:26 PM.492] [Info] starting GET /api/v1/health
[9/24/2026, 9:21:26 PM.493] [Info] ending GET /api/v1/health [1ms]
[9/24/2026, 9:21:26 PM.493] [Info] starting GET /api/v1/health
[9/24/2026, 9:21:26 PM.494] [Info] ending GET /api/v1/health [1ms]
[9/24/2026, 9:21:26 PM.494] [Info] starting POST /internal/config/get
[9/24/2026, 9:21:26 PM.497] [Info] ending POST /internal/config/get [3ms]
[9/24/2026, 9:21:26 PM.498] [Info] starting POST /internal/config/get
[9/24/2026, 9:21:26 PM.499] [Info] ending POST /internal/config/get [1ms]
[9/24/2026, 9:21:26 PM.772] [Info] [WorkflowMemProbe] tick runId=(none) | rss=137.3MB heap=157.3/165MB external=53.9MB arrayBuffers=0MB
[9/24/2026, 9:21:56 PM.775] [Info] [WorkflowMemProbe] tick runId=(none) | rss=39.6MB heap=157.8/165MB external=54MB arrayBuffers=0MB
[9/24/2026, 9:22:03 PM.471] [Info] [AuthenticationSessionListener] [auth_success: 青石]  认证成功,执行 Notification 钩子:
[9/24/2026, 9:22:03 PM.530] [Info] [PluginsProductProvider.provide] active=9, ids=[weixinpay@workbuddy-builtin,tencent-docs-plugin@workbuddy-builtin,sheetagent@workbuddy-builtin,tencent-pptx@workbuddy-builtin,tencent-docx@workbuddy-builtin,agent-browser@codebuddy-plugins-official,find-skills@codebuddy-plugins-official,agent-browser@inline,find-skills@inline]
[9/24/2026, 9:22:03 PM.531] [Info] [MCP][cacheDbg] getConnectedServers() called: nonInteractive=true waitForSettle=false cacheNow=[connector-proxy,weixinpay,sheetagent] allServers=[connector-proxy:connected,weixinpay:connected,sheetagent:connected]
[9/24/2026, 9:22:03 PM.531] [Info] [MCP][cacheDbg] getConnectedServers() returning: [connector-proxy,weixinpay,sheetagent] (size=3)
[9/24/2026, 9:22:03 PM.537] [Info] [CustomModelsProductProvider] productName=WorkBuddy, isWorkBuddy=true, userConfigPath=/Users/didi/.workbuddy/models.json
[9/24/2026, 9:22:03 PM.538] [Info] [ModelsProductProvider] enterpriseId: undefined, endpoint: https://copilot.tencent.com
[9/24/2026, 9:22:03 PM.538] [Warning] [ModelsProductProvider] enterpriseId is missing, skipping models API call
[9/24/2026, 9:22:03 PM.538] [Info] [AgentModelResolver] product config input: 53 models, 23 agents
[9/24/2026, 9:22:03 PM.538] [Info] [AgentModelResolver] model ids: auto, fast-model, balanced-model, deep-model, hy3, hy3-b, hy3-c, hy3-x, hy4-preview, hy4-preview-f, minimax-m2.5, glm-5v-turbo, glm-5.3, glm-5.3-flash, glm-5.2, glm-5.1, glm-5.0-turbo, glm-4.6v, kimi-k3-1, kimi-k2.8-preview, kimi-k2.7, kimi-k2.6, kimi-k2.5, kimi-k2-thinking, minimax-m3, minimax-m2.7, glm-4.6, deepseek-v4-flash, deepseek-v4.1-flash, deepseek-v4-pro, deepseek-v3-2-volc, deepseek-v3-1-volc, deepseek-v3-1-lkeap, deepseek-v3-1, deepseek-v3-0324-lkeap, deepseek-r1-0528-lkeap, kimi-k2-instruct-taiji, completion-gf, default-1.1, hunyuan-3b, hunyuan-7b-dense, codewise-completions, codewise-rewrite, codewise-nes-a4-027-aide, codewise-jump, deepseek-r1-0528, deepseek-v3-0324-taco-completion, deepseek-v3-0324, default-1.2, hunyuan-2.0-instruct, hunyuan-chat, hunyuan-image-alpha, hunyuan-image-alpha-edit
[9/24/2026, 9:22:03 PM.538] [Info] [AgentModelResolver] agent "cli" original_models=["auto","hy4-preview-f","hy3","hy3-x","deepseek-v4.1-flash","glm-5.3","glm-5.3-flash","glm-5.2","glm-5.1","glm-5v-turbo","minimax-m3","kimi-k3-1","kimi-k2.8-preview","kimi-k2.7","kimi-k2.6","deepseek-v4-pro"] -> resolved_models=["auto","hy4-preview-f","hy3","hy3-x","deepseek-v4.1-flash","glm-5.3","glm-5.3-flash","glm-5.2","glm-5.1","glm-5v-turbo","minimax-m3","kimi-k3-1","kimi-k2.8-preview","kimi-k2.7","kimi-k2.6","deepseek-v4-pro"]
[9/24/2026, 9:22:03 PM.538] [Info] [AgentModelResolver] agent "general-purpose" original_models=[] -> resolved_models=[]
[9/24/2026, 9:22:03 PM.538] [Info] [AgentModelResolver] agent "compact" original_models=[] -> resolved_models=[]
[9/24/2026, 9:22:03 PM.538] [Info] [AgentModelResolver] agent "contextSummary" original_models=[] -> resolved_models=[]
[9/24/2026, 9:22:03 PM.538] [Info] [AgentModelResolver] agent "contentAnalyzer" original_models=[] -> resolved_models=[]
[9/24/2026, 9:22:03 PM.538] [Info] [AgentModelResolver] agent "terminalTitleGenerator" original_models=[] -> resolved_models=[]
[9/24/2026, 9:22:03 PM.538] [Info] [AgentModelResolver] agent "promptSuggestion" original_models=[] -> resolved_models=[]
[9/24/2026, 9:22:03 PM.538] [Info] [AgentModelResolver] agent "memorySelector" original_models=["lite"] -> resolved_models=["lite"]
[9/24/2026, 9:22:03 PM.538] [Info] [AgentModelResolver] agent "summaryGenerator" original_models=[] -> resolved_models=[]
[9/24/2026, 9:22:03 PM.538] [Info] [AgentModelResolver] agent "autoModeClassifier" original_models=[] -> resolved_models=[]
[9/24/2026, 9:22:03 PM.538] [Info] [AgentModelResolver] agent "promptHookEvaluator" original_models=["lite"] -> resolved_models=["lite"]
[9/24/2026, 9:22:03 PM.538] [Info] [AgentModelResolver] agent "insightsAnalyzer" original_models=[] -> resolved_models=[]
[9/24/2026, 9:22:03 PM.538] [Info] [AgentModelResolver] agent "agentInstructions" original_models=[] -> resolved_models=[]
[9/24/2026, 9:22:03 PM.538] [Info] [AgentModelResolver] agent "statusline-setup" original_models=[] -> resolved_models=[]
[9/24/2026, 9:22:03 PM.538] [Info] [AgentModelResolver] agent "Explore" original_models=["lite"] -> resolved_models=["lite"]
[9/24/2026, 9:22:03 PM.538] [Info] [AgentModelResolver] agent "Plan" original_models=[] -> resolved_models=[]
[9/24/2026, 9:22:03 PM.538] [Info] [AgentModelResolver] agent "pulse" original_models=[] -> resolved_models=[]
[9/24/2026, 9:22:03 PM.538] [Info] [AgentModelResolver] agent "handoff-summary" original_models=undefined -> resolved_models=[]
[9/24/2026, 9:22:03 PM.538] [Info] [AgentModelResolver] agent "enhance-prompt" original_models=[] -> resolved_models=[]
[9/24/2026, 9:22:03 PM.538] [Info] [AgentModelResolver] agent "sheet-agent" original_models=[] -> resolved_models=[]
[9/24/2026, 9:22:03 PM.538] [Info] [AgentModelResolver] agent "doc-converter" original_models=[] -> resolved_models=[]
[9/24/2026, 9:22:03 PM.538] [Info] [AgentModelResolver] agent "doc-formatter" original_models=[] -> resolved_models=[]
[9/24/2026, 9:22:03 PM.538] [Info] [AgentModelResolver] agent "doc-writer" original_models=[] -> resolved_models=[]
[9/24/2026, 9:22:03 PM.554] [Info] [PluginPolicyService]  [MergedPlugins][DEBUG] ProductManager.onDidChange fired, reloading policies...
[9/24/2026, 9:22:03 PM.554] [Info] [PluginPolicyService]  [MergedPlugins][DEBUG] Current config builtInMarketPluginsMerge: [{"autoEnable":true,"marketplaceName":"codebuddy-plugins-official","name":"agent-browser","scope":"user"},{"autoEnable":true,"marketplaceName":"codebuddy-plugins-official","name":"find-skills","scope":"user"}]
[9/24/2026, 9:22:03 PM.554] [Info] [PluginPolicyService]  [MergedPlugins] Loaded 2 merged plugin entries
[9/24/2026, 9:22:03 PM.554] [Info] [Startup] AgentManager.rebuildAgents: START
[9/24/2026, 9:22:03 PM.554] [Info] [Startup] AgentManager.rebuildAgents: completed in 10ms, resolving readyDeferred
[9/24/2026, 9:22:03 PM.555] [Info] [PluginManager]  Checking for built-in marketplaces to install...
[9/24/2026, 9:22:03 PM.555] [Info] [BuiltInMarketplaceProvider]  Found 2 built-in marketplace(s)
[9/24/2026, 9:22:03 PM.555] [Info] [PluginManager]  Found 2 built-in marketplace(s)
[9/24/2026, 9:22:03 PM.556] [Info] [MarketplaceStorage]  [MarketplaceStorage] getMarketplaces ensureConfigFile=0ms readAndRepair=1ms migration=0ms total=1ms count=5 path=/Users/didi/.workbuddy/plugins/known_marketplaces.json
[9/24/2026, 9:22:03 PM.556] [Info] [PluginManager]  All built-in marketplaces are already installed
[9/24/2026, 9:22:03 PM.557] [Info] [MarketplaceStorage]  [MarketplaceStorage] getMarketplaces ensureConfigFile=0ms readAndRepair=0ms migration=0ms total=1ms count=5 path=/Users/didi/.workbuddy/plugins/known_marketplaces.json
[9/24/2026, 9:22:03 PM.557] [Info] [BuiltInMarketplaceProvider]  Found 2 built-in marketplace(s)
[9/24/2026, 9:22:03 PM.559] [Info] [PluginManager]  Loaded 5 marketplaces (2 built-in) total=3ms storage=1ms builtIn=0ms autoUpdate=0ms
[9/24/2026, 9:22:05 PM.545] [Info] [TracingService]  Tracing uses @tencent/galileo-node-sdk global OpenTelemetry provider; @genie OTLP exporter is skipped.
[9/24/2026, 9:22:05 PM.545] [Info] [TracingService]  Tracing config resolved: {"productEnabled":true,"enabledByEnv":false,"endpoint":"https://copilot.tencent.com","galileoEnabled":true}
[9/24/2026, 9:22:08 PM.180] [Info] starting GET /api/v1/health
[9/24/2026, 9:22:08 PM.181] [Info] ending GET /api/v1/health [1ms]
[9/24/2026, 9:22:08 PM.183] [Info] starting POST /internal/config/get
[9/24/2026, 9:22:08 PM.184] [Info] ending POST /internal/config/get [1ms]
[9/24/2026, 9:22:26 PM.773] [Info] [WorkflowMemProbe] tick runId=(none) | rss=106.4MB heap=163/168MB external=54.6MB arrayBuffers=0MB
[9/24/2026, 9:22:56 PM.774] [Info] [WorkflowMemProbe] tick runId=(none) | rss=103.7MB heap=163.2/168MB external=54.6MB arrayBuffers=0MB
[9/24/2026, 9:23:26 PM.770] [Info] [WorkflowMemProbe] tick runId=(none) | rss=103.5MB heap=163.4/168MB external=54.6MB arrayBuffers=0MB
[9/24/2026, 9:24:40 PM.111] [Info] [WorkflowMemProbe] tick runId=(none) | rss=102.7MB heap=163.5/168MB external=54.6MB arrayBuffers=0MB
[9/24/2026, 9:26:22 PM.991] [Info] [WorkflowMemProbe] tick runId=(none) | rss=70MB heap=163.8/168MB external=54.6MB arrayBuffers=0MB
[9/24/2026, 9:38:11 PM.511] [Info] [WorkflowMemProbe] tick runId=(none) | rss=72.5MB heap=164/168MB external=54.6MB arrayBuffers=0MB
[9/24/2026, 9:38:11 PM.616] [Info] [GitInfoCollector]  CODEBUDDY_GIT_REPO_SCAN_DISABLED 1
[9/24/2026, 9:38:11 PM.616] [Info] [GitInfoCollector]  Git repository scan is disabled via CODEBUDDY_GIT_REPO_SCAN_DISABLED environment variable
[9/24/2026, 9:38:12 PM.877] [Info] [CloudProductManager]  fetch cloud product success, agents(1): cli, models(53): auto,fast-model,balanced-model,deep-model,hy3,hy3-b,hy3-c,hy3-x,hy4-preview,hy4-preview-f,minimax-m2.5,glm-5v-turbo,glm-5.3,glm-5.3-flash,glm-5.2,glm-5.1,glm-5.0-turbo,glm-4.6v,kimi-k3-1,kimi-k2.8-preview,kimi-k2.7,kimi-k2.6,kimi-k2.5,kimi-k2-thinking,minimax-m3,minimax-m2.7,glm-4.6,deepseek-v4-flash,deepseek-v4.1-flash,deepseek-v4-pro,deepseek-v3-2-volc,deepseek-v3-1-volc,deepseek-v3-1-lkeap,deepseek-v3-1,deepseek-v3-0324-lkeap,deepseek-r1-0528-lkeap,kimi-k2-instruct-taiji,completion-gf,default-1.1,hunyuan-3b,hunyuan-7b-dense,codewise-completions,codewise-rewrite,codewise-nes-a4-027-aide,codewise-jump,deepseek-r1-0528,deepseek-v3-0324-taco-completion,deepseek-v3-0324,default-1.2,hunyuan-2.0-instruct,hunyuan-chat,hunyuan-image-alpha,hunyuan-image-alpha-edit
[9/24/2026, 9:38:12 PM.877] [Info] [CloudProductManager]  Fetched configuration from remote [1259ms]
[9/24/2026, 9:38:12 PM.881] [Info] [PluginsProductProvider.provide] active=9, ids=[weixinpay@workbuddy-builtin,tencent-docs-plugin@workbuddy-builtin,sheetagent@workbuddy-builtin,tencent-pptx@workbuddy-builtin,tencent-docx@workbuddy-builtin,agent-browser@codebuddy-plugins-official,find-skills@codebuddy-plugins-official,agent-browser@inline,find-skills@inline]
[9/24/2026, 9:38:12 PM.882] [Info] [MCP][cacheDbg] getConnectedServers() called: nonInteractive=true waitForSettle=false cacheNow=[connector-proxy,weixinpay,sheetagent] allServers=[connector-proxy:connected,weixinpay:connected,sheetagent:connected]
[9/24/2026, 9:38:12 PM.882] [Info] [MCP][cacheDbg] getConnectedServers() returning: [connector-proxy,weixinpay,sheetagent] (size=3)
[9/24/2026, 9:38:12 PM.900] [Info] [CustomModelsProductProvider] productName=WorkBuddy, isWorkBuddy=true, userConfigPath=/Users/didi/.workbuddy/models.json
[9/24/2026, 9:38:12 PM.900] [Info] [ModelsProductProvider] enterpriseId: undefined, endpoint: https://copilot.tencent.com
[9/24/2026, 9:38:12 PM.900] [Warning] [ModelsProductProvider] enterpriseId is missing, skipping models API call
[9/24/2026, 9:38:12 PM.900] [Info] [AgentModelResolver] product config input: 53 models, 23 agents
[9/24/2026, 9:38:12 PM.900] [Info] [AgentModelResolver] model ids: auto, fast-model, balanced-model, deep-model, hy3, hy3-b, hy3-c, hy3-x, hy4-preview, hy4-preview-f, minimax-m2.5, glm-5v-turbo, glm-5.3, glm-5.3-flash, glm-5.2, glm-5.1, glm-5.0-turbo, glm-4.6v, kimi-k3-1, kimi-k2.8-preview, kimi-k2.7, kimi-k2.6, kimi-k2.5, kimi-k2-thinking, minimax-m3, minimax-m2.7, glm-4.6, deepseek-v4-flash, deepseek-v4.1-flash, deepseek-v4-pro, deepseek-v3-2-volc, deepseek-v3-1-volc, deepseek-v3-1-lkeap, deepseek-v3-1, deepseek-v3-0324-lkeap, deepseek-r1-0528-lkeap, kimi-k2-instruct-taiji, completion-gf, default-1.1, hunyuan-3b, hunyuan-7b-dense, codewise-completions, codewise-rewrite, codewise-nes-a4-027-aide, codewise-jump, deepseek-r1-0528, deepseek-v3-0324-taco-completion, deepseek-v3-0324, default-1.2, hunyuan-2.0-instruct, hunyuan-chat, hunyuan-image-alpha, hunyuan-image-alpha-edit
[9/24/2026, 9:38:12 PM.900] [Info] [AgentModelResolver] agent "cli" original_models=["auto","hy4-preview-f","hy3","hy3-x","deepseek-v4.1-flash","glm-5.3","glm-5.3-flash","glm-5.2","glm-5.1","glm-5v-turbo","minimax-m3","kimi-k3-1","kimi-k2.8-preview","kimi-k2.7","kimi-k2.6","deepseek-v4-pro"] -> resolved_models=["auto","hy4-preview-f","hy3","hy3-x","deepseek-v4.1-flash","glm-5.3","glm-5.3-flash","glm-5.2","glm-5.1","glm-5v-turbo","minimax-m3","kimi-k3-1","kimi-k2.8-preview","kimi-k2.7","kimi-k2.6","deepseek-v4-pro"]
[9/24/2026, 9:38:12 PM.900] [Info] [AgentModelResolver] agent "general-purpose" original_models=[] -> resolved_models=[]
[9/24/2026, 9:38:12 PM.900] [Info] [AgentModelResolver] agent "compact" original_models=[] -> resolved_models=[]
[9/24/2026, 9:38:12 PM.900] [Info] [AgentModelResolver] agent "contextSummary" original_models=[] -> resolved_models=[]
[9/24/2026, 9:38:12 PM.900] [Info] [AgentModelResolver] agent "contentAnalyzer" original_models=[] -> resolved_models=[]
[9/24/2026, 9:38:12 PM.900] [Info] [AgentModelResolver] agent "terminalTitleGenerator" original_models=[] -> resolved_models=[]
[9/24/2026, 9:38:12 PM.900] [Info] [AgentModelResolver] agent "promptSuggestion" original_models=[] -> resolved_models=[]
[9/24/2026, 9:38:12 PM.900] [Info] [AgentModelResolver] agent "memorySelector" original_models=["lite"] -> resolved_models=["lite"]
[9/24/2026, 9:38:12 PM.900] [Info] [AgentModelResolver] agent "summaryGenerator" original_models=[] -> resolved_models=[]
[9/24/2026, 9:38:12 PM.900] [Info] [AgentModelResolver] agent "autoModeClassifier" original_models=[] -> resolved_models=[]
[9/24/2026, 9:38:12 PM.900] [Info] [AgentModelResolver] agent "promptHookEvaluator" original_models=["lite"] -> resolved_models=["lite"]
[9/24/2026, 9:38:12 PM.900] [Info] [AgentModelResolver] agent "insightsAnalyzer" original_models=[] -> resolved_models=[]
[9/24/2026, 9:38:12 PM.900] [Info] [AgentModelResolver] agent "agentInstructions" original_models=[] -> resolved_models=[]
[9/24/2026, 9:38:12 PM.900] [Info] [AgentModelResolver] agent "statusline-setup" original_models=[] -> resolved_models=[]
[9/24/2026, 9:38:12 PM.900] [Info] [AgentModelResolver] agent "Explore" original_models=["lite"] -> resolved_models=["lite"]
[9/24/2026, 9:38:12 PM.900] [Info] [AgentModelResolver] agent "Plan" original_models=[] -> resolved_models=[]
[9/24/2026, 9:38:12 PM.900] [Info] [AgentModelResolver] agent "pulse" original_models=[] -> resolved_models=[]
[9/24/2026, 9:38:12 PM.900] [Info] [AgentModelResolver] agent "handoff-summary" original_models=undefined -> resolved_models=[]
[9/24/2026, 9:38:12 PM.900] [Info] [AgentModelResolver] agent "enhance-prompt" original_models=[] -> resolved_models=[]
[9/24/2026, 9:38:12 PM.900] [Info] [AgentModelResolver] agent "sheet-agent" original_models=[] -> resolved_models=[]
[9/24/2026, 9:38:12 PM.900] [Info] [AgentModelResolver] agent "doc-converter" original_models=[] -> resolved_models=[]
[9/24/2026, 9:38:12 PM.900] [Info] [AgentModelResolver] agent "doc-formatter" original_models=[] -> resolved_models=[]
[9/24/2026, 9:38:12 PM.900] [Info] [AgentModelResolver] agent "doc-writer" original_models=[] -> resolved_models=[]
[9/24/2026, 9:38:12 PM.925] [Info] [PluginPolicyService]  [MergedPlugins][DEBUG] ProductManager.onDidChange fired, reloading policies...
[9/24/2026, 9:38:12 PM.925] [Info] [PluginPolicyService]  [MergedPlugins][DEBUG] Current config builtInMarketPluginsMerge: [{"autoEnable":true,"marketplaceName":"codebuddy-plugins-official","name":"agent-browser","scope":"user"},{"autoEnable":true,"marketplaceName":"codebuddy-plugins-official","name":"find-skills","scope":"user"}]
[9/24/2026, 9:38:12 PM.925] [Info] [PluginPolicyService]  [MergedPlugins] Loaded 2 merged plugin entries
[9/24/2026, 9:38:12 PM.925] [Info] [Startup] AgentManager.rebuildAgents: START
[9/24/2026, 9:38:12 PM.925] [Info] [Startup] AgentManager.rebuildAgents: completed in 16ms, resolving readyDeferred
[9/24/2026, 9:38:12 PM.927] [Info] [PluginManager]  Checking for built-in marketplaces to install...
[9/24/2026, 9:38:12 PM.927] [Info] [BuiltInMarketplaceProvider]  Found 2 built-in marketplace(s)
[9/24/2026, 9:38:12 PM.927] [Info] [PluginManager]  Found 2 built-in marketplace(s)
[9/24/2026, 9:38:12 PM.931] [Info] [MarketplaceStorage]  [MarketplaceStorage] getMarketplaces ensureConfigFile=0ms readAndRepair=4ms migration=0ms total=4ms count=5 path=/Users/didi/.workbuddy/plugins/known_marketplaces.json
[9/24/2026, 9:38:12 PM.931] [Info] [PluginManager]  All built-in marketplaces are already installed
[9/24/2026, 9:38:12 PM.932] [Info] [MarketplaceStorage]  [MarketplaceStorage] getMarketplaces ensureConfigFile=0ms readAndRepair=1ms migration=0ms total=1ms count=5 path=/Users/didi/.workbuddy/plugins/known_marketplaces.json
[9/24/2026, 9:38:12 PM.932] [Info] [BuiltInMarketplaceProvider]  Found 2 built-in marketplace(s)
[9/24/2026, 9:38:12 PM.937] [Info] [PluginManager]  Loaded 5 marketplaces (2 built-in) total=6ms storage=1ms builtIn=0ms autoUpdate=0ms
[9/24/2026, 9:38:14 PM.909] [Info] [TracingService]  Tracing uses @tencent/galileo-node-sdk global OpenTelemetry provider; @genie OTLP exporter is skipped.
[9/24/2026, 9:38:14 PM.909] [Info] [TracingService]  Tracing config resolved: {"productEnabled":true,"enabledByEnv":false,"endpoint":"https://copilot.tencent.com","galileoEnabled":true}
[9/24/2026, 9:38:19 PM.544] [Info] [TracingService]  [primary] Exported 6 spans, traceIds: 597e76a7d17090140247fb14f83f1056, 41b6e88a4b6d80ca332ea873e20b5be4, 2df26b029fb6e1e39d24405e7ee540f8, 7da2d94550325ebea9ea59084ffa016c, b3677a34dfb18cf07c9f9a209d1dce7c, 4c32e8bc4e9849a322b75040d5f11173
[9/24/2026, 9:38:41 PM.528] [Info] [WorkflowMemProbe] tick runId=(none) | rss=80.8MB heap=154.7/167.2MB external=53.7MB arrayBuffers=0MB
[9/24/2026, 9:39:11 PM.532] [Info] [WorkflowMemProbe] tick runId=(none) | rss=63.5MB heap=155.1/167.2MB external=53.8MB arrayBuffers=0MB
[9/24/2026, 9:39:19 PM.646] [Info] [AuthenticationSessionListener] [auth_success: 青石]  认证成功,执行 Notification 钩子:
[9/24/2026, 9:39:19 PM.706] [Info] [PluginsProductProvider.provide] active=9, ids=[weixinpay@workbuddy-builtin,tencent-docs-plugin@workbuddy-builtin,sheetagent@workbuddy-builtin,tencent-pptx@workbuddy-builtin,tencent-docx@workbuddy-builtin,agent-browser@codebuddy-plugins-official,find-skills@codebuddy-plugins-official,agent-browser@inline,find-skills@inline]
[9/24/2026, 9:39:19 PM.706] [Info] [MCP][cacheDbg] getConnectedServers() called: nonInteractive=true waitForSettle=false cacheNow=[connector-proxy,weixinpay,sheetagent] allServers=[connector-proxy:connected,weixinpay:connected,sheetagent:connected]
[9/24/2026, 9:39:19 PM.706] [Info] [MCP][cacheDbg] getConnectedServers() returning: [connector-proxy,weixinpay,sheetagent] (size=3)
[9/24/2026, 9:39:19 PM.713] [Info] [CustomModelsProductProvider] productName=WorkBuddy, isWorkBuddy=true, userConfigPath=/Users/didi/.workbuddy/models.json
[9/24/2026, 9:39:19 PM.713] [Info] [ModelsProductProvider] enterpriseId: undefined, endpoint: https://copilot.tencent.com
[9/24/2026, 9:39:19 PM.713] [Warning] [ModelsProductProvider] enterpriseId is missing, skipping models API call
[9/24/2026, 9:39:19 PM.714] [Info] [AgentModelResolver] product config input: 53 models, 23 agents
[9/24/2026, 9:39:19 PM.714] [Info] [AgentModelResolver] model ids: auto, fast-model, balanced-model, deep-model, hy3, hy3-b, hy3-c, hy3-x, hy4-preview, hy4-preview-f, minimax-m2.5, glm-5v-turbo, glm-5.3, glm-5.3-flash, glm-5.2, glm-5.1, glm-5.0-turbo, glm-4.6v, kimi-k3-1, kimi-k2.8-preview, kimi-k2.7, kimi-k2.6, kimi-k2.5, kimi-k2-thinking, minimax-m3, minimax-m2.7, glm-4.6, deepseek-v4-flash, deepseek-v4.1-flash, deepseek-v4-pro, deepseek-v3-2-volc, deepseek-v3-1-volc, deepseek-v3-1-lkeap, deepseek-v3-1, deepseek-v3-0324-lkeap, deepseek-r1-0528-lkeap, kimi-k2-instruct-taiji, completion-gf, default-1.1, hunyuan-3b, hunyuan-7b-dense, codewise-completions, codewise-rewrite, codewise-nes-a4-027-aide, codewise-jump, deepseek-r1-0528, deepseek-v3-0324-taco-completion, deepseek-v3-0324, default-1.2, hunyuan-2.0-instruct, hunyuan-chat, hunyuan-image-alpha, hunyuan-image-alpha-edit
[9/24/2026, 9:39:19 PM.714] [Info] [AgentModelResolver] agent "cli" original_models=["auto","hy4-preview-f","hy3","hy3-x","deepseek-v4.1-flash","glm-5.3","glm-5.3-flash","glm-5.2","glm-5.1","glm-5v-turbo","minimax-m3","kimi-k3-1","kimi-k2.8-preview","kimi-k2.7","kimi-k2.6","deepseek-v4-pro"] -> resolved_models=["auto","hy4-preview-f","hy3","hy3-x","deepseek-v4.1-flash","glm-5.3","glm-5.3-flash","glm-5.2","glm-5.1","glm-5v-turbo","minimax-m3","kimi-k3-1","kimi-k2.8-preview","kimi-k2.7","kimi-k2.6","deepseek-v4-pro"]
[9/24/2026, 9:39:19 PM.714] [Info] [AgentModelResolver] agent "general-purpose" original_models=[] -> resolved_models=[]
[9/24/2026, 9:39:19 PM.714] [Info] [AgentModelResolver] agent "compact" original_models=[] -> resolved_models=[]
[9/24/2026, 9:39:19 PM.714] [Info] [AgentModelResolver] agent "contextSummary" original_models=[] -> resolved_models=[]
[9/24/2026, 9:39:19 PM.714] [Info] [AgentModelResolver] agent "contentAnalyzer" original_models=[] -> resolved_models=[]
[9/24/2026, 9:39:19 PM.714] [Info] [AgentModelResolver] agent "terminalTitleGenerator" original_models=[] -> resolved_models=[]
[9/24/2026, 9:39:19 PM.714] [Info] [AgentModelResolver] agent "promptSuggestion" original_models=[] -> resolved_models=[]
[9/24/2026, 9:39:19 PM.714] [Info] [AgentModelResolver] agent "memorySelector" original_models=["lite"] -> resolved_models=["lite"]
[9/24/2026, 9:39:19 PM.714] [Info] [AgentModelResolver] agent "summaryGenerator" original_models=[] -> resolved_models=[]
[9/24/2026, 9:39:19 PM.714] [Info] [AgentModelResolver] agent "autoModeClassifier" original_models=[] -> resolved_models=[]
[9/24/2026, 9:39:19 PM.714] [Info] [AgentModelResolver] agent "promptHookEvaluator" original_models=["lite"] -> resolved_models=["lite"]
[9/24/2026, 9:39:19 PM.714] [Info] [AgentModelResolver] agent "insightsAnalyzer" original_models=[] -> resolved_models=[]
[9/24/2026, 9:39:19 PM.714] [Info] [AgentModelResolver] agent "agentInstructions" original_models=[] -> resolved_models=[]
[9/24/2026, 9:39:19 PM.714] [Info] [AgentModelResolver] agent "statusline-setup" original_models=[] -> resolved_models=[]
[9/24/2026, 9:39:19 PM.714] [Info] [AgentModelResolver] agent "Explore" original_models=["lite"] -> resolved_models=["lite"]
[9/24/2026, 9:39:19 PM.714] [Info] [AgentModelResolver] agent "Plan" original_models=[] -> resolved_models=[]
[9/24/2026, 9:39:19 PM.714] [Info] [AgentModelResolver] agent "pulse" original_models=[] -> resolved_models=[]
[9/24/2026, 9:39:19 PM.714] [Info] [AgentModelResolver] agent "handoff-summary" original_models=undefined -> resolved_models=[]
[9/24/2026, 9:39:19 PM.714] [Info] [AgentModelResolver] agent "enhance-prompt" original_models=[] -> resolved_models=[]
[9/24/2026, 9:39:19 PM.714] [Info] [AgentModelResolver] agent "sheet-agent" original_models=[] -> resolved_models=[]
[9/24/2026, 9:39:19 PM.714] [Info] [AgentModelResolver] agent "doc-converter" original_models=[] -> resolved_models=[]
[9/24/2026, 9:39:19 PM.714] [Info] [AgentModelResolver] agent "doc-formatter" original_models=[] -> resolved_models=[]
[9/24/2026, 9:39:19 PM.714] [Info] [AgentModelResolver] agent "doc-writer" original_models=[] -> resolved_models=[]
[9/24/2026, 9:39:19 PM.729] [Info] [PluginPolicyService]  [MergedPlugins][DEBUG] ProductManager.onDidChange fired, reloading policies...
[9/24/2026, 9:39:19 PM.729] [Info] [PluginPolicyService]  [MergedPlugins][DEBUG] Current config builtInMarketPluginsMerge: [{"autoEnable":true,"marketplaceName":"codebuddy-plugins-official","name":"agent-browser","scope":"user"},{"autoEnable":true,"marketplaceName":"codebuddy-plugins-official","name":"find-skills","scope":"user"}]
[9/24/2026, 9:39:19 PM.729] [Info] [PluginPolicyService]  [MergedPlugins] Loaded 2 merged plugin entries
[9/24/2026, 9:39:19 PM.729] [Info] [Startup] AgentManager.rebuildAgents: START
[9/24/2026, 9:39:19 PM.729] [Info] [Startup] AgentManager.rebuildAgents: completed in 10ms, resolving readyDeferred
[9/24/2026, 9:39:19 PM.729] [Info] [PluginManager]  Checking for built-in marketplaces to install...
[9/24/2026, 9:39:19 PM.729] [Info] [BuiltInMarketplaceProvider]  Found 2 built-in marketplace(s)
[9/24/2026, 9:39:19 PM.729] [Info] [PluginManager]  Found 2 built-in marketplace(s)
[9/24/2026, 9:39:19 PM.731] [Info] [MarketplaceStorage]  [MarketplaceStorage] getMarketplaces ensureConfigFile=0ms readAndRepair=2ms migration=0ms total=2ms count=5 path=/Users/didi/.workbuddy/plugins/known_marketplaces.json
[9/24/2026, 9:39:19 PM.731] [Info] [PluginManager]  All built-in marketplaces are already installed
[9/24/2026, 9:39:19 PM.731] [Info] [MarketplaceStorage]  [MarketplaceStorage] getMarketplaces ensureConfigFile=0ms readAndRepair=0ms migration=0ms total=0ms count=5 path=/Users/didi/.workbuddy/plugins/known_marketplaces.json
[9/24/2026, 9:39:19 PM.731] [Info] [BuiltInMarketplaceProvider]  Found 2 built-in marketplace(s)
[9/24/2026, 9:39:19 PM.734] [Info] [PluginManager]  Loaded 5 marketplaces (2 built-in) total=3ms storage=0ms builtIn=0ms autoUpdate=0ms
[9/24/2026, 9:39:20 PM.156] [Info] starting GET /api/v1/health
[9/24/2026, 9:39:20 PM.157] [Info] ending GET /api/v1/health [1ms]
[9/24/2026, 9:39:20 PM.160] [Info] starting POST /internal/config/get
[9/24/2026, 9:39:20 PM.161] [Info] ending POST /internal/config/get [1ms]
[9/24/2026, 9:39:21 PM.719] [Info] [TracingService]  Tracing uses @tencent/galileo-node-sdk global OpenTelemetry provider; @genie OTLP exporter is skipped.
[9/24/2026, 9:39:21 PM.719] [Info] [TracingService]  Tracing config resolved: {"productEnabled":true,"enabledByEnv":false,"endpoint":"https://copilot.tencent.com","galileoEnabled":true}
[9/24/2026, 9:39:41 PM.534] [Info] [WorkflowMemProbe] tick runId=(none) | rss=100.2MB heap=159/166MB external=54.8MB arrayBuffers=0MB
[9/24/2026, 9:40:00 PM.850] [Info] [AuthenticationSessionListener] [auth_success: 青石]  认证成功,执行 Notification 钩子:
[9/24/2026, 9:40:00 PM.889] [Info] [PluginsProductProvider.provide] active=9, ids=[weixinpay@workbuddy-builtin,tencent-docs-plugin@workbuddy-builtin,sheetagent@workbuddy-builtin,tencent-pptx@workbuddy-builtin,tencent-docx@workbuddy-builtin,agent-browser@codebuddy-plugins-official,find-skills@codebuddy-plugins-official,agent-browser@inline,find-skills@inline]
[9/24/2026, 9:40:00 PM.889] [Info] [MCP][cacheDbg] getConnectedServers() called: nonInteractive=true waitForSettle=false cacheNow=[connector-proxy,weixinpay,sheetagent] allServers=[connector-proxy:connected,weixinpay:connected,sheetagent:connected]
[9/24/2026, 9:40:00 PM.889] [Info] [MCP][cacheDbg] getConnectedServers() returning: [connector-proxy,weixinpay,sheetagent] (size=3)
[9/24/2026, 9:40:00 PM.896] [Info] [CustomModelsProductProvider] productName=WorkBuddy, isWorkBuddy=true, userConfigPath=/Users/didi/.workbuddy/models.json
[9/24/2026, 9:40:00 PM.896] [Info] Loaded custom models config from user: /Users/didi/.workbuddy/models.json
[9/24/2026, 9:40:00 PM.897] [Info] [ModelsProductProvider] enterpriseId: undefined, endpoint: https://copilot.tencent.com
[9/24/2026, 9:40:00 PM.897] [Warning] [ModelsProductProvider] enterpriseId is missing, skipping models API call
[9/24/2026, 9:40:00 PM.897] [Info] [AgentModelResolver] product config input: 54 models, 23 agents
[9/24/2026, 9:40:00 PM.897] [Info] [AgentModelResolver] model ids: auto, fast-model, balanced-model, deep-model, hy3, hy3-b, hy3-c, hy3-x, hy4-preview, hy4-preview-f, minimax-m2.5, glm-5v-turbo, glm-5.3, glm-5.3-flash, glm-5.2, glm-5.1, glm-5.0-turbo, glm-4.6v, kimi-k3-1, kimi-k2.8-preview, kimi-k2.7, kimi-k2.6, kimi-k2.5, kimi-k2-thinking, minimax-m3, minimax-m2.7, glm-4.6, deepseek-v4-flash, deepseek-v4.1-flash, deepseek-v4-pro, deepseek-v3-2-volc, deepseek-v3-1-volc, deepseek-v3-1-lkeap, deepseek-v3-1, deepseek-v3-0324-lkeap, deepseek-r1-0528-lkeap, kimi-k2-instruct-taiji, completion-gf, default-1.1, hunyuan-3b, hunyuan-7b-dense, codewise-completions, codewise-rewrite, codewise-nes-a4-027-aide, codewise-jump, deepseek-r1-0528, deepseek-v3-0324-taco-completion, deepseek-v3-0324, default-1.2, hunyuan-2.0-instruct, hunyuan-chat, hunyuan-image-alpha, hunyuan-image-alpha-edit, custom-local:kimi-k3
[9/24/2026, 9:40:00 PM.897] [Info] [AgentModelResolver] agent "cli" original_models=["auto","hy4-preview-f","hy3","hy3-x","deepseek-v4.1-flash","glm-5.3","glm-5.3-flash","glm-5.2","glm-5.1","glm-5v-turbo","minimax-m3","kimi-k3-1","kimi-k2.8-preview","kimi-k2.7","kimi-k2.6","deepseek-v4-pro"] -> resolved_models=["auto","hy4-preview-f","hy3","hy3-x","deepseek-v4.1-flash","glm-5.3","glm-5.3-flash","glm-5.2","glm-5.1","glm-5v-turbo","minimax-m3","kimi-k3-1","kimi-k2.8-preview","kimi-k2.7","kimi-k2.6","deepseek-v4-pro"]
[9/24/2026, 9:40:00 PM.897] [Info] [AgentModelResolver] agent "general-purpose" original_models=[] -> resolved_models=[]
[9/24/2026, 9:40:00 PM.897] [Info] [AgentModelResolver] agent "compact" original_models=[] -> resolved_models=[]
[9/24/2026, 9:40:00 PM.897] [Info] [AgentModelResolver] agent "contextSummary" original_models=[] -> resolved_models=[]
[9/24/2026, 9:40:00 PM.897] [Info] [AgentModelResolver] agent "contentAnalyzer" original_models=[] -> resolved_models=[]
[9/24/2026, 9:40:00 PM.897] [Info] [AgentModelResolver] agent "terminalTitleGenerator" original_models=[] -> resolved_models=[]
[9/24/2026, 9:40:00 PM.897] [Info] [AgentModelResolver] agent "promptSuggestion" original_models=[] -> resolved_models=[]
[9/24/2026, 9:40:00 PM.897] [Info] [AgentModelResolver] agent "memorySelector" original_models=["lite"] -> resolved_models=["lite"]
[9/24/2026, 9:40:00 PM.897] [Info] [AgentModelResolver] agent "summaryGenerator" original_models=[] -> resolved_models=[]
[9/24/2026, 9:40:00 PM.897] [Info] [AgentModelResolver] agent "autoModeClassifier" original_models=[] -> resolved_models=[]
[9/24/2026, 9:40:00 PM.897] [Info] [AgentModelResolver] agent "promptHookEvaluator" original_models=["lite"] -> resolved_models=["lite"]
[9/24/2026, 9:40:00 PM.897] [Info] [AgentModelResolver] agent "insightsAnalyzer" original_models=[] -> resolved_models=[]
[9/24/2026, 9:40:00 PM.897] [Info] [AgentModelResolver] agent "agentInstructions" original_models=[] -> resolved_models=[]
[9/24/2026, 9:40:00 PM.897] [Info] [AgentModelResolver] agent "statusline-setup" original_models=[] -> resolved_models=[]
[9/24/2026, 9:40:00 PM.897] [Info] [AgentModelResolver] agent "Explore" original_models=["lite"] -> resolved_models=["lite"]
[9/24/2026, 9:40:00 PM.897] [Info] [AgentModelResolver] agent "Plan" original_models=[] -> resolved_models=[]
[9/24/2026, 9:40:00 PM.897] [Info] [AgentModelResolver] agent "pulse" original_models=[] -> resolved_models=[]
[9/24/2026, 9:40:00 PM.897] [Info] [AgentModelResolver] agent "handoff-summary" original_models=undefined -> resolved_models=[]
[9/24/2026, 9:40:00 PM.897] [Info] [AgentModelResolver] agent "enhance-prompt" original_models=[] -> resolved_models=[]
[9/24/2026, 9:40:00 PM.897] [Info] [AgentModelResolver] agent "sheet-agent" original_models=[] -> resolved_models=[]
[9/24/2026, 9:40:00 PM.897] [Info] [AgentModelResolver] agent "doc-converter" original_models=[] -> resolved_models=[]
[9/24/2026, 9:40:00 PM.897] [Info] [AgentModelResolver] agent "doc-formatter" original_models=[] -> resolved_models=[]
[9/24/2026, 9:40:00 PM.897] [Info] [AgentModelResolver] agent "doc-writer" original_models=[] -> resolved_models=[]
[9/24/2026, 9:40:00 PM.912] [Info] [PluginPolicyService]  [MergedPlugins][DEBUG] ProductManager.onDidChange fired, reloading policies...
[9/24/2026, 9:40:00 PM.912] [Info] [PluginPolicyService]  [MergedPlugins][DEBUG] Current config builtInMarketPluginsMerge: [{"autoEnable":true,"marketplaceName":"codebuddy-plugins-official","name":"agent-browser","scope":"user"},{"autoEnable":true,"marketplaceName":"codebuddy-plugins-official","name":"find-skills","scope":"user"}]
[9/24/2026, 9:40:00 PM.912] [Info] [PluginPolicyService]  [MergedPlugins] Loaded 2 merged plugin entries
[9/24/2026, 9:40:00 PM.912] [Info] [Startup] AgentManager.rebuildAgents: START
[9/24/2026, 9:40:00 PM.914] [Info] [AgentManager] runtime cli agent view ready: 23 agents (used for registration and Agent tool descriptions)
[9/24/2026, 9:40:00 PM.914] [Info] [Startup] McpReadyService.waitForServersReady: config projection triggered; network connections continue asynchronously
[9/24/2026, 9:40:00 PM.914] [Info] [Startup] McpReadyService.waitForServersReady: config projection triggered; network connections continue asynchronously
[9/24/2026, 9:40:00 PM.914] [Info] [Startup] McpReadyService.waitForServersReady: config projection triggered; network connections continue asynchronously
[9/24/2026, 9:40:00 PM.915] [Info] [MCP][cacheDbg] getConnectedServers() called: nonInteractive=true waitForSettle=false cacheNow=[connector-proxy,weixinpay,sheetagent] allServers=[connector-proxy:connected,weixinpay:connected,sheetagent:connected]
[9/24/2026, 9:40:00 PM.915] [Info] [MCP][cacheDbg] getConnectedServers() returning: [connector-proxy,weixinpay,sheetagent] (size=3)
[9/24/2026, 9:40:00 PM.915] [Info] [Startup] McpManager.list: starting (scope=all)
[9/24/2026, 9:40:00 PM.915] [Info] [Startup] McpManager.list: starting (scope=all)
[9/24/2026, 9:40:00 PM.915] [Info] [Startup] McpManager.list: starting (scope=all)
[9/24/2026, 9:40:00 PM.915] [Info] [Startup] McpReadyService.waitForServersReady: config projection triggered; network connections continue asynchronously
[9/24/2026, 9:40:00 PM.915] [Info] [Startup] McpReadyService.waitForServersReady: config projection triggered; network connections continue asynchronously
[9/24/2026, 9:40:00 PM.915] [Info] [Startup] McpReadyService.waitForServersReady: config projection triggered; network connections continue asynchronously
[9/24/2026, 9:40:00 PM.915] [Info] [MCP][cacheDbg] getConnectedServers() called: nonInteractive=true waitForSettle=false cacheNow=[connector-proxy,weixinpay,sheetagent] allServers=[connector-proxy:connected,weixinpay:connected,sheetagent:connected]
[9/24/2026, 9:40:00 PM.915] [Info] [MCP][cacheDbg] getConnectedServers() returning: [connector-proxy,weixinpay,sheetagent] (size=3)
[9/24/2026, 9:40:00 PM.915] [Info] [MCP][cacheDbg] getConnectedServers() called: nonInteractive=true waitForSettle=false cacheNow=[connector-proxy,weixinpay,sheetagent] allServers=[connector-proxy:connected,weixinpay:connected,sheetagent:connected]
[9/24/2026, 9:40:00 PM.915] [Info] [MCP][cacheDbg] getConnectedServers() returning: [connector-proxy,weixinpay,sheetagent] (size=3)
[9/24/2026, 9:40:00 PM.915] [Info] [MCP][cacheDbg] getConnectedServers() called: nonInteractive=true waitForSettle=false cacheNow=[connector-proxy,weixinpay,sheetagent] allServers=[connector-proxy:connected,weixinpay:connected,sheetagent:connected]
[9/24/2026, 9:40:00 PM.915] [Info] [MCP][cacheDbg] getConnectedServers() returning: [connector-proxy,weixinpay,sheetagent] (size=3)
[9/24/2026, 9:40:00 PM.916] [Info] [Startup] McpManager.list: starting (scope=all)
[9/24/2026, 9:40:00 PM.916] [Info] [Startup] McpManager.list: starting (scope=all)
[9/24/2026, 9:40:00 PM.916] [Info] [Startup] McpManager.list: starting (scope=all)
[9/24/2026, 9:40:00 PM.916] [Info] [MCP][buildMcpServers] wait breakdown: waitForServersReady=1ms getConnectedServers=0ms
[9/24/2026, 9:40:00 PM.916] [Info] [MCP][buildMcpServers] connected servers=[connector-proxy,weixinpay,sheetagent] (count=3)
[9/24/2026, 9:40:00 PM.916] [Info] [MCP][buildMcpServers] wait breakdown: waitForServersReady=1ms getConnectedServers=0ms
[9/24/2026, 9:40:00 PM.916] [Info] [MCP][buildMcpServers] connected servers=[connector-proxy,weixinpay,sheetagent] (count=3)
[9/24/2026, 9:40:00 PM.916] [Info] [MCP][registerAgent] agent=contextSummary mcpServers=[] (count=0) grantMcpAccess=false
[9/24/2026, 9:40:00 PM.916] [Info] [MCP][registerAgent] agent=contentAnalyzer mcpServers=[] (count=0) grantMcpAccess=false
[9/24/2026, 9:40:00 PM.916] [Info] [MCP][registerAgent] agent=terminalTitleGenerator mcpServers=[] (count=0) grantMcpAccess=false
[9/24/2026, 9:40:00 PM.916] [Info] [MCP][registerAgent] agent=promptSuggestion mcpServers=[] (count=0) grantMcpAccess=false
[9/24/2026, 9:40:00 PM.916] [Info] [MCP][registerAgent] agent=memorySelector mcpServers=[] (count=0) grantMcpAccess=false
[9/24/2026, 9:40:00 PM.916] [Info] [MCP][registerAgent] agent=summaryGenerator mcpServers=[] (count=0) grantMcpAccess=false
[9/24/2026, 9:40:00 PM.916] [Info] [MCP][registerAgent] agent=autoModeClassifier mcpServers=[] (count=0) grantMcpAccess=false
[9/24/2026, 9:40:00 PM.916] [Info] [MCP][registerAgent] agent=promptHookEvaluator mcpServers=[] (count=0) grantMcpAccess=false
[9/24/2026, 9:40:00 PM.916] [Info] [MCP][registerAgent] agent=insightsAnalyzer mcpServers=[] (count=0) grantMcpAccess=false
[9/24/2026, 9:40:00 PM.916] [Info] [MCP][registerAgent] agent=agentInstructions mcpServers=[] (count=0) grantMcpAccess=false
[9/24/2026, 9:40:00 PM.916] [Info] [MCP][buildMcpServers] wait breakdown: waitForServersReady=1ms getConnectedServers=0ms
[9/24/2026, 9:40:00 PM.916] [Info] [MCP][buildMcpServers] connected servers=[connector-proxy,weixinpay,sheetagent] (count=3)
[9/24/2026, 9:40:00 PM.916] [Info] [MCP][cacheDbg] getConnectedServers() called: nonInteractive=true waitForSettle=false cacheNow=[connector-proxy,weixinpay,sheetagent] allServers=[connector-proxy:connected,weixinpay:connected,sheetagent:connected]
[9/24/2026, 9:40:00 PM.916] [Info] [MCP][cacheDbg] getConnectedServers() returning: [connector-proxy,weixinpay,sheetagent] (size=3)
[9/24/2026, 9:40:00 PM.916] [Info] [MCP][cacheDbg] getConnectedServers() called: nonInteractive=true waitForSettle=false cacheNow=[connector-proxy,weixinpay,sheetagent] allServers=[connector-proxy:connected,weixinpay:connected,sheetagent:connected]
[9/24/2026, 9:40:00 PM.916] [Info] [MCP][cacheDbg] getConnectedServers() returning: [connector-proxy,weixinpay,sheetagent] (size=3)
[9/24/2026, 9:40:00 PM.916] [Info] [MCP][cacheDbg] getConnectedServers() called: nonInteractive=true waitForSettle=false cacheNow=[connector-proxy,weixinpay,sheetagent] allServers=[connector-proxy:connected,weixinpay:connected,sheetagent:connected]
[9/24/2026, 9:40:00 PM.916] [Info] [MCP][cacheDbg] getConnectedServers() returning: [connector-proxy,weixinpay,sheetagent] (size=3)
[9/24/2026, 9:40:00 PM.916] [Info] [MCP][buildMcpServers] wait breakdown: waitForServersReady=0ms getConnectedServers=1ms
[9/24/2026, 9:40:00 PM.916] [Info] [MCP][buildMcpServers] connected servers=[connector-proxy,weixinpay,sheetagent] (count=3)
[9/24/2026, 9:40:00 PM.916] [Info] [MCP][buildMcpServers] wait breakdown: waitForServersReady=0ms getConnectedServers=1ms
[9/24/2026, 9:40:00 PM.916] [Info] [MCP][buildMcpServers] connected servers=[connector-proxy,weixinpay,sheetagent] (count=3)
[9/24/2026, 9:40:00 PM.916] [Info] [MCP][buildMcpServers] wait breakdown: waitForServersReady=0ms getConnectedServers=1ms
[9/24/2026, 9:40:00 PM.916] [Info] [MCP][buildMcpServers] connected servers=[connector-proxy,weixinpay,sheetagent] (count=3)
[9/24/2026, 9:40:00 PM.918] [Info] [MCP][registerAgent] agent=compact mcpServers=[] (count=0) grantMcpAccess=false
[9/24/2026, 9:40:00 PM.918] [Info] [MCP][registerAgent] agent=statusline-setup mcpServers=[] (count=0) grantMcpAccess=false
[9/24/2026, 9:40:00 PM.918] [Info] [MCP][registerAgent] agent=Plan mcpServers=[] (count=0) grantMcpAccess=false
[9/24/2026, 9:40:00 PM.918] [Info] [MCP][registerAgent] agent=pulse mcpServers=[] (count=0) grantMcpAccess=false
[9/24/2026, 9:40:00 PM.918] [Info] [MCP][registerAgent] agent=handoff-summary mcpServers=[] (count=0) grantMcpAccess=false
[9/24/2026, 9:40:00 PM.918] [Info] [MCP][registerAgent] agent=enhance-prompt mcpServers=[] (count=0) grantMcpAccess=false
[9/24/2026, 9:40:00 PM.918] [Info] [MCP][registerAgent] agent=sheet-agent mcpServers=[sheetagent] (count=1) grantMcpAccess=true
[9/24/2026, 9:40:00 PM.918] [Info] [MCP][registerAgent] agent=Explore mcpServers=[connector-proxy,weixinpay,sheetagent] (count=3) grantMcpAccess=true
[9/24/2026, 9:40:00 PM.918] [Info] [MCP][registerAgent] agent=cli mcpServers=[connector-proxy,weixinpay,sheetagent] (count=3) grantMcpAccess=true
[9/24/2026, 9:40:00 PM.918] [Info] [MCP][registerAgent] agent=general-purpose mcpServers=[connector-proxy,weixinpay,sheetagent] (count=3) grantMcpAccess=true
[9/24/2026, 9:40:00 PM.918] [Info] [MCP][registerAgent] agent=doc-converter mcpServers=[connector-proxy,weixinpay,sheetagent] (count=3) grantMcpAccess=true
[9/24/2026, 9:40:00 PM.918] [Info] [MCP][registerAgent] agent=doc-formatter mcpServers=[connector-proxy,weixinpay,sheetagent] (count=3) grantMcpAccess=true
[9/24/2026, 9:40:00 PM.918] [Info] [MCP][registerAgent] agent=doc-writer mcpServers=[connector-proxy,weixinpay,sheetagent] (count=3) grantMcpAccess=true
[9/24/2026, 9:40:00 PM.918] [Info] [Startup] AgentManager.rebuildAgents: completed in 16ms, resolving readyDeferred
[9/24/2026, 9:40:00 PM.920] [Info] [PluginManager]  Checking for built-in marketplaces to install...
[9/24/2026, 9:40:00 PM.920] [Info] [BuiltInMarketplaceProvider]  Found 2 built-in marketplace(s)
[9/24/2026, 9:40:00 PM.920] [Info] [PluginManager]  Found 2 built-in marketplace(s)
[9/24/2026, 9:40:00 PM.921] [Info] [MarketplaceStorage]  [MarketplaceStorage] getMarketplaces ensureConfigFile=0ms readAndRepair=1ms migration=0ms total=1ms count=5 path=/Users/didi/.workbuddy/plugins/known_marketplaces.json
[9/24/2026, 9:40:00 PM.921] [Info] [PluginManager]  All built-in marketplaces are already installed
[9/24/2026, 9:40:00 PM.921] [Info] [MarketplaceStorage]  [MarketplaceStorage] getMarketplaces ensureConfigFile=0ms readAndRepair=0ms migration=0ms total=0ms count=5 path=/Users/didi/.workbuddy/plugins/known_marketplaces.json
[9/24/2026, 9:40:00 PM.921] [Info] [BuiltInMarketplaceProvider]  Found 2 built-in marketplace(s)
[9/24/2026, 9:40:00 PM.923] [Info] [PluginManager]  Loaded 5 marketplaces (2 built-in) total=2ms storage=0ms builtIn=0ms autoUpdate=0ms
[9/24/2026, 9:40:02 PM.904] [Info] [TracingService]  Tracing uses @tencent/galileo-node-sdk global OpenTelemetry provider; @genie OTLP exporter is skipped.
[9/24/2026, 9:40:02 PM.904] [Info] [TracingService]  Tracing config resolved: {"productEnabled":true,"enabledByEnv":false,"endpoint":"https://copilot.tencent.com","galileoEnabled":true}
[9/24/2026, 9:40:11 PM.534] [Info] [WorkflowMemProbe] tick runId=(none) | rss=107.1MB heap=162.2/170MB external=54MB arrayBuffers=0MB
[9/24/2026, 9:40:45 PM.601] [Info] [WorkflowMemProbe] tick runId=(none) | rss=101.5MB heap=162.5/170MB external=54.1MB arrayBuffers=0MB
[9/24/2026, 9:41:37 PM.710] [Info] [WorkflowMemProbe] tick runId=(none) | rss=72MB heap=162.6/170MB external=54.1MB arrayBuffers=0MB
[9/24/2026, 9:42:35 PM.055] [Info] [WorkflowMemProbe] tick runId=(none) | rss=74.5MB heap=162.9/170MB external=54.1MB arrayBuffers=0MB
[9/24/2026, 9:43:33 PM.814] [Info] [WorkflowMemProbe] tick runId=(none) | rss=73.3MB heap=163.2/170MB external=54.1MB arrayBuffers=0MB
[9/24/2026, 9:44:38 PM.667] [Info] [WorkflowMemProbe] tick runId=(none) | rss=73.9MB heap=163.4/170.2MB external=54.1MB arrayBuffers=0MB
[9/24/2026, 10:00:51 PM.805] [Info] [WorkflowMemProbe] tick runId=(none) | rss=64.7MB heap=163.6/170.5MB external=54.1MB arrayBuffers=0MB
[9/24/2026, 10:00:51 PM.823] [Info] [GitInfoCollector]  CODEBUDDY_GIT_REPO_SCAN_DISABLED 1
[9/24/2026, 10:00:51 PM.823] [Info] [GitInfoCollector]  Git repository scan is disabled via CODEBUDDY_GIT_REPO_SCAN_DISABLED environment variable
[9/24/2026, 10:00:51 PM.852] [Warning] [CloudProductManager]  Fetch remote configuration failed: getaddrinfo ENOTFOUND copilot.tencent.com, url=/v3/config, code=ENOTFOUND
[9/24/2026, 10:00:51 PM.853] [Info] [PluginsProductProvider.provide] active=9, ids=[weixinpay@workbuddy-builtin,tencent-docs-plugin@workbuddy-builtin,sheetagent@workbuddy-builtin,tencent-pptx@workbuddy-builtin,tencent-docx@workbuddy-builtin,agent-browser@codebuddy-plugins-official,find-skills@codebuddy-plugins-official,agent-browser@inline,find-skills@inline]
[9/24/2026, 10:00:51 PM.853] [Info] [MCP][cacheDbg] getConnectedServers() called: nonInteractive=true waitForSettle=false cacheNow=[connector-proxy,weixinpay,sheetagent] allServers=[connector-proxy:connected,weixinpay:connected,sheetagent:connected]
[9/24/2026, 10:00:51 PM.853] [Info] [MCP][cacheDbg] getConnectedServers() returning: [connector-proxy,weixinpay,sheetagent] (size=3)
[9/24/2026, 10:00:51 PM.860] [Info] [CustomModelsProductProvider] productName=WorkBuddy, isWorkBuddy=true, userConfigPath=/Users/didi/.workbuddy/models.json
[9/24/2026, 10:00:51 PM.860] [Info] Loaded custom models config from user: /Users/didi/.workbuddy/models.json
[9/24/2026, 10:00:51 PM.860] [Info] [ModelsProductProvider] enterpriseId: undefined, endpoint: https://copilot.tencent.com
[9/24/2026, 10:00:51 PM.860] [Warning] [ModelsProductProvider] enterpriseId is missing, skipping models API call
[9/24/2026, 10:00:51 PM.861] [Info] [AgentModelResolver] product config input: 54 models, 23 agents
[9/24/2026, 10:00:51 PM.861] [Info] [AgentModelResolver] model ids: auto, fast-model, balanced-model, deep-model, hy3, hy3-b, hy3-c, hy3-x, hy4-preview, hy4-preview-f, minimax-m2.5, glm-5v-turbo, glm-5.3, glm-5.3-flash, glm-5.2, glm-5.1, glm-5.0-turbo, glm-4.6v, kimi-k3-1, kimi-k2.8-preview, kimi-k2.7, kimi-k2.6, kimi-k2.5, kimi-k2-thinking, minimax-m3, minimax-m2.7, glm-4.6, deepseek-v4-flash, deepseek-v4.1-flash, deepseek-v4-pro, deepseek-v3-2-volc, deepseek-v3-1-volc, deepseek-v3-1-lkeap, deepseek-v3-1, deepseek-v3-0324-lkeap, deepseek-r1-0528-lkeap, kimi-k2-instruct-taiji, completion-gf, default-1.1, hunyuan-3b, hunyuan-7b-dense, codewise-completions, codewise-rewrite, codewise-nes-a4-027-aide, codewise-jump, deepseek-r1-0528, deepseek-v3-0324-taco-completion, deepseek-v3-0324, default-1.2, hunyuan-2.0-instruct, hunyuan-chat, hunyuan-image-alpha, hunyuan-image-alpha-edit, custom-local:kimi-k3
[9/24/2026, 10:00:51 PM.861] [Info] [AgentModelResolver] agent "cli" original_models=["auto","hy4-preview-f","hy3","hy3-x","deepseek-v4.1-flash","glm-5.3","glm-5.3-flash","glm-5.2","glm-5.1","glm-5v-turbo","minimax-m3","kimi-k3-1","kimi-k2.8-preview","kimi-k2.7","kimi-k2.6","deepseek-v4-pro"] -> resolved_models=["auto","hy4-preview-f","hy3","hy3-x","deepseek-v4.1-flash","glm-5.3","glm-5.3-flash","glm-5.2","glm-5.1","glm-5v-turbo","minimax-m3","kimi-k3-1","kimi-k2.8-preview","kimi-k2.7","kimi-k2.6","deepseek-v4-pro"]
[9/24/2026, 10:00:51 PM.861] [Info] [AgentModelResolver] agent "general-purpose" original_models=[] -> resolved_models=[]
[9/24/2026, 10:00:51 PM.861] [Info] [AgentModelResolver] agent "compact" original_models=[] -> resolved_models=[]
[9/24/2026, 10:00:51 PM.861] [Info] [AgentModelResolver] agent "contextSummary" original_models=[] -> resolved_models=[]
[9/24/2026, 10:00:51 PM.861] [Info] [AgentModelResolver] agent "contentAnalyzer" original_models=[] -> resolved_models=[]
[9/24/2026, 10:00:51 PM.861] [Info] [AgentModelResolver] agent "terminalTitleGenerator" original_models=[] -> resolved_models=[]
[9/24/2026, 10:00:51 PM.861] [Info] [AgentModelResolver] agent "promptSuggestion" original_models=[] -> resolved_models=[]
[9/24/2026, 10:00:51 PM.861] [Info] [AgentModelResolver] agent "memorySelector" original_models=["lite"] -> resolved_models=["lite"]
[9/24/2026, 10:00:51 PM.861] [Info] [AgentModelResolver] agent "summaryGenerator" original_models=[] -> resolved_models=[]
[9/24/2026, 10:00:51 PM.861] [Info] [AgentModelResolver] agent "autoModeClassifier" original_models=[] -> resolved_models=[]
[9/24/2026, 10:00:51 PM.861] [Info] [AgentModelResolver] agent "promptHookEvaluator" original_models=["lite"] -> resolved_models=["lite"]
[9/24/2026, 10:00:51 PM.861] [Info] [AgentModelResolver] agent "insightsAnalyzer" original_models=[] -> resolved_models=[]
[9/24/2026, 10:00:51 PM.861] [Info] [AgentModelResolver] agent "agentInstructions" original_models=[] -> resolved_models=[]
[9/24/2026, 10:00:51 PM.861] [Info] [AgentModelResolver] agent "statusline-setup" original_models=[] -> resolved_models=[]
[9/24/2026, 10:00:51 PM.861] [Info] [AgentModelResolver] agent "Explore" original_models=["lite"] -> resolved_models=["lite"]
[9/24/2026, 10:00:51 PM.861] [Info] [AgentModelResolver] agent "Plan" original_models=[] -> resolved_models=[]
[9/24/2026, 10:00:51 PM.861] [Info] [AgentModelResolver] agent "pulse" original_models=[] -> resolved_models=[]
[9/24/2026, 10:00:51 PM.861] [Info] [AgentModelResolver] agent "handoff-summary" original_models=undefined -> resolved_models=[]
[9/24/2026, 10:00:51 PM.861] [Info] [AgentModelResolver] agent "enhance-prompt" original_models=[] -> resolved_models=[]
[9/24/2026, 10:00:51 PM.861] [Info] [AgentModelResolver] agent "sheet-agent" original_models=[] -> resolved_models=[]
[9/24/2026, 10:00:51 PM.861] [Info] [AgentModelResolver] agent "doc-converter" original_models=[] -> resolved_models=[]
[9/24/2026, 10:00:51 PM.861] [Info] [AgentModelResolver] agent "doc-formatter" original_models=[] -> resolved_models=[]
[9/24/2026, 10:00:51 PM.861] [Info] [AgentModelResolver] agent "doc-writer" original_models=[] -> resolved_models=[]
[9/24/2026, 10:00:51 PM.877] [Info] [PluginPolicyService]  [MergedPlugins][DEBUG] ProductManager.onDidChange fired, reloading policies...
[9/24/2026, 10:00:51 PM.877] [Info] [PluginPolicyService]  [MergedPlugins][DEBUG] Current config builtInMarketPluginsMerge: [{"autoEnable":true,"marketplaceName":"codebuddy-plugins-official","name":"agent-browser","scope":"user"},{"autoEnable":true,"marketplaceName":"codebuddy-plugins-official","name":"find-skills","scope":"user"}]
[9/24/2026, 10:00:51 PM.877] [Info] [PluginPolicyService]  [MergedPlugins] Loaded 2 merged plugin entries
[9/24/2026, 10:00:51 PM.877] [Info] [Startup] AgentManager.rebuildAgents: START
[9/24/2026, 10:00:51 PM.877] [Info] [Startup] AgentManager.rebuildAgents: completed in 11ms, resolving readyDeferred
[9/24/2026, 10:00:51 PM.877] [Info] [PluginManager]  Checking for built-in marketplaces to install...
[9/24/2026, 10:00:51 PM.877] [Info] [BuiltInMarketplaceProvider]  Found 2 built-in marketplace(s)
[9/24/2026, 10:00:51 PM.878] [Info] [PluginManager]  Found 2 built-in marketplace(s)
[9/24/2026, 10:00:51 PM.879] [Info] [MarketplaceStorage]  [MarketplaceStorage] getMarketplaces ensureConfigFile=0ms readAndRepair=2ms migration=0ms total=2ms count=5 path=/Users/didi/.workbuddy/plugins/known_marketplaces.json
[9/24/2026, 10:00:51 PM.879] [Info] [PluginManager]  All built-in marketplaces are already installed
[9/24/2026, 10:00:51 PM.879] [Info] [MarketplaceStorage]  [MarketplaceStorage] getMarketplaces ensureConfigFile=0ms readAndRepair=0ms migration=0ms total=0ms count=5 path=/Users/didi/.workbuddy/plugins/known_marketplaces.json
[9/24/2026, 10:00:51 PM.879] [Info] [BuiltInMarketplaceProvider]  Found 2 built-in marketplace(s)
[9/24/2026, 10:00:51 PM.882] [Info] [PluginManager]  Loaded 5 marketplaces (2 built-in) total=3ms storage=0ms builtIn=0ms autoUpdate=0ms
[9/24/2026, 10:00:52 PM.851] [Info] [GitInfoCollector]  CODEBUDDY_GIT_REPO_SCAN_DISABLED 1
[9/24/2026, 10:00:52 PM.851] [Info] [GitInfoCollector]  Git repository scan is disabled via CODEBUDDY_GIT_REPO_SCAN_DISABLED environment variable
[9/24/2026, 10:00:52 PM.865] [Warning] [CloudProductManager]  Fetch remote configuration failed (attempt 1), will retry after 2s
[9/24/2026, 10:00:53 PM.866] [Info] [TracingService]  Tracing uses @tencent/galileo-node-sdk global OpenTelemetry provider; @genie OTLP exporter is skipped.
[9/24/2026, 10:00:53 PM.866] [Info] [TracingService]  Tracing config resolved: {"productEnabled":true,"enabledByEnv":false,"endpoint":"https://copilot.tencent.com","galileoEnabled":true}
[9/24/2026, 10:00:54 PM.868] [Info] [GitInfoCollector]  CODEBUDDY_GIT_REPO_SCAN_DISABLED 1
[9/24/2026, 10:00:54 PM.868] [Info] [GitInfoCollector]  Git repository scan is disabled via CODEBUDDY_GIT_REPO_SCAN_DISABLED environment variable
[9/24/2026, 10:00:54 PM.884] [Warning] [CloudProductManager]  Fetch remote configuration failed (attempt 2), will retry after 4s
[9/24/2026, 10:16:55 PM.605] [Info] [GitInfoCollector]  CODEBUDDY_GIT_REPO_SCAN_DISABLED 1
[9/24/2026, 10:16:55 PM.605] [Info] [GitInfoCollector]  Git repository scan is disabled via CODEBUDDY_GIT_REPO_SCAN_DISABLED environment variable
[9/24/2026, 10:16:55 PM.610] [Info] [WorkflowMemProbe] tick runId=(none) | rss=135MB heap=154.3/168.4MB external=53.3MB arrayBuffers=0MB
[9/24/2026, 10:16:55 PM.652] [Info] [GitInfoCollector]  CODEBUDDY_GIT_REPO_SCAN_DISABLED 1
[9/24/2026, 10:16:55 PM.652] [Info] [GitInfoCollector]  Git repository scan is disabled via CODEBUDDY_GIT_REPO_SCAN_DISABLED environment variable
[9/24/2026, 10:16:55 PM.657] [Warning] [CloudProductManager]  Fetch remote configuration failed (attempt 3), will retry after 8s
[9/24/2026, 10:16:55 PM.659] [Warning] [CloudProductManager]  Fetch remote configuration failed: getaddrinfo ENOTFOUND copilot.tencent.com, url=/v3/config, code=ENOTFOUND
[9/24/2026, 10:16:55 PM.659] [Info] [PluginsProductProvider.provide] active=9, ids=[weixinpay@workbuddy-builtin,tencent-docs-plugin@workbuddy-builtin,sheetagent@workbuddy-builtin,tencent-pptx@workbuddy-builtin,tencent-docx@workbuddy-builtin,agent-browser@codebuddy-plugins-official,find-skills@codebuddy-plugins-official,agent-browser@inline,find-skills@inline]
[9/24/2026, 10:16:55 PM.659] [Info] [MCP][cacheDbg] getConnectedServers() called: nonInteractive=true waitForSettle=false cacheNow=[connector-proxy,weixinpay,sheetagent] allServers=[connector-proxy:connected,weixinpay:connected,sheetagent:connected]
[9/24/2026, 10:16:55 PM.659] [Info] [MCP][cacheDbg] getConnectedServers() returning: [connector-proxy,weixinpay,sheetagent] (size=3)
[9/24/2026, 10:16:55 PM.667] [Info] [CustomModelsProductProvider] productName=WorkBuddy, isWorkBuddy=true, userConfigPath=/Users/didi/.workbuddy/models.json
[9/24/2026, 10:16:55 PM.667] [Info] Loaded custom models config from user: /Users/didi/.workbuddy/models.json
[9/24/2026, 10:16:55 PM.667] [Info] [ModelsProductProvider] enterpriseId: undefined, endpoint: https://copilot.tencent.com
[9/24/2026, 10:16:55 PM.667] [Warning] [ModelsProductProvider] enterpriseId is missing, skipping models API call
[9/24/2026, 10:16:55 PM.667] [Info] [AgentModelResolver] product config input: 54 models, 23 agents
[9/24/2026, 10:16:55 PM.667] [Info] [AgentModelResolver] model ids: auto, fast-model, balanced-model, deep-model, hy3, hy3-b, hy3-c, hy3-x, hy4-preview, hy4-preview-f, minimax-m2.5, glm-5v-turbo, glm-5.3, glm-5.3-flash, glm-5.2, glm-5.1, glm-5.0-turbo, glm-4.6v, kimi-k3-1, kimi-k2.8-preview, kimi-k2.7, kimi-k2.6, kimi-k2.5, kimi-k2-thinking, minimax-m3, minimax-m2.7, glm-4.6, deepseek-v4-flash, deepseek-v4.1-flash, deepseek-v4-pro, deepseek-v3-2-volc, deepseek-v3-1-volc, deepseek-v3-1-lkeap, deepseek-v3-1, deepseek-v3-0324-lkeap, deepseek-r1-0528-lkeap, kimi-k2-instruct-taiji, completion-gf, default-1.1, hunyuan-3b, hunyuan-7b-dense, codewise-completions, codewise-rewrite, codewise-nes-a4-027-aide, codewise-jump, deepseek-r1-0528, deepseek-v3-0324-taco-completion, deepseek-v3-0324, default-1.2, hunyuan-2.0-instruct, hunyuan-chat, hunyuan-image-alpha, hunyuan-image-alpha-edit, custom-local:kimi-k3
[9/24/2026, 10:16:55 PM.667] [Info] [AgentModelResolver] agent "cli" original_models=["auto","hy4-preview-f","hy3","hy3-x","deepseek-v4.1-flash","glm-5.3","glm-5.3-flash","glm-5.2","glm-5.1","glm-5v-turbo","minimax-m3","kimi-k3-1","kimi-k2.8-preview","kimi-k2.7","kimi-k2.6","deepseek-v4-pro"] -> resolved_models=["auto","hy4-preview-f","hy3","hy3-x","deepseek-v4.1-flash","glm-5.3","glm-5.3-flash","glm-5.2","glm-5.1","glm-5v-turbo","minimax-m3","kimi-k3-1","kimi-k2.8-preview","kimi-k2.7","kimi-k2.6","deepseek-v4-pro"]
[9/24/2026, 10:16:55 PM.667] [Info] [AgentModelResolver] agent "general-purpose" original_models=[] -> resolved_models=[]
[9/24/2026, 10:16:55 PM.667] [Info] [AgentModelResolver] agent "compact" original_models=[] -> resolved_models=[]
[9/24/2026, 10:16:55 PM.667] [Info] [AgentModelResolver] agent "contextSummary" original_models=[] -> resolved_models=[]
[9/24/2026, 10:16:55 PM.667] [Info] [AgentModelResolver] agent "contentAnalyzer" original_models=[] -> resolved_models=[]
[9/24/2026, 10:16:55 PM.667] [Info] [AgentModelResolver] agent "terminalTitleGenerator" original_models=[] -> resolved_models=[]
[9/24/2026, 10:16:55 PM.667] [Info] [AgentModelResolver] agent "promptSuggestion" original_models=[] -> resolved_models=[]
[9/24/2026, 10:16:55 PM.667] [Info] [AgentModelResolver] agent "memorySelector" original_models=["lite"] -> resolved_models=["lite"]
[9/24/2026, 10:16:55 PM.667] [Info] [AgentModelResolver] agent "summaryGenerator" original_models=[] -> resolved_models=[]
[9/24/2026, 10:16:55 PM.667] [Info] [AgentModelResolver] agent "autoModeClassifier" original_models=[] -> resolved_models=[]
[9/24/2026, 10:16:55 PM.667] [Info] [AgentModelResolver] agent "promptHookEvaluator" original_models=["lite"] -> resolved_models=["lite"]
[9/24/2026, 10:16:55 PM.667] [Info] [AgentModelResolver] agent "insightsAnalyzer" original_models=[] -> resolved_models=[]
[9/24/2026, 10:16:55 PM.667] [Info] [AgentModelResolver] agent "agentInstructions" original_models=[] -> resolved_models=[]
[9/24/2026, 10:16:55 PM.667] [Info] [AgentModelResolver] agent "statusline-setup" original_models=[] -> resolved_models=[]
[9/24/2026, 10:16:55 PM.667] [Info] [AgentModelResolver] agent "Explore" original_models=["lite"] -> resolved_models=["lite"]
[9/24/2026, 10:16:55 PM.667] [Info] [AgentModelResolver] agent "Plan" original_models=[] -> resolved_models=[]
[9/24/2026, 10:16:55 PM.667] [Info] [AgentModelResolver] agent "pulse" original_models=[] -> resolved_models=[]
[9/24/2026, 10:16:55 PM.667] [Info] [AgentModelResolver] agent "handoff-summary" original_models=undefined -> resolved_models=[]
[9/24/2026, 10:16:55 PM.667] [Info] [AgentModelResolver] agent "enhance-prompt" original_models=[] -> resolved_models=[]
[9/24/2026, 10:16:55 PM.667] [Info] [AgentModelResolver] agent "sheet-agent" original_models=[] -> resolved_models=[]
[9/24/2026, 10:16:55 PM.667] [Info] [AgentModelResolver] agent "doc-converter" original_models=[] -> resolved_models=[]
[9/24/2026, 10:16:55 PM.667] [Info] [AgentModelResolver] agent "doc-formatter" original_models=[] -> resolved_models=[]
[9/24/2026, 10:16:55 PM.667] [Info] [AgentModelResolver] agent "doc-writer" original_models=[] -> resolved_models=[]
[9/24/2026, 10:16:55 PM.734] [Info] [PluginPolicyService]  [MergedPlugins][DEBUG] ProductManager.onDidChange fired, reloading policies...
[9/24/2026, 10:16:55 PM.734] [Info] [PluginPolicyService]  [MergedPlugins][DEBUG] Current config builtInMarketPluginsMerge: [{"autoEnable":true,"marketplaceName":"codebuddy-plugins-official","name":"agent-browser","scope":"user"},{"autoEnable":true,"marketplaceName":"codebuddy-plugins-official","name":"find-skills","scope":"user"}]
[9/24/2026, 10:16:55 PM.734] [Info] [PluginPolicyService]  [MergedPlugins] Loaded 2 merged plugin entries
[9/24/2026, 10:16:55 PM.734] [Info] [Startup] AgentManager.rebuildAgents: START
[9/24/2026, 10:16:55 PM.736] [Info] [Startup] AgentManager.rebuildAgents: completed in 64ms, resolving readyDeferred
[9/24/2026, 10:16:55 PM.737] [Info] [PluginManager]  Checking for built-in marketplaces to install...
[9/24/2026, 10:16:55 PM.737] [Info] [BuiltInMarketplaceProvider]  Found 2 built-in marketplace(s)
[9/24/2026, 10:16:55 PM.737] [Info] [PluginManager]  Found 2 built-in marketplace(s)
[9/24/2026, 10:16:55 PM.742] [Info] [MarketplaceStorage]  [MarketplaceStorage] getMarketplaces ensureConfigFile=0ms readAndRepair=4ms migration=0ms total=4ms count=5 path=/Users/didi/.workbuddy/plugins/known_marketplaces.json
[9/24/2026, 10:16:55 PM.742] [Info] [PluginManager]  All built-in marketplaces are already installed
[9/24/2026, 10:16:55 PM.743] [Info] [MarketplaceStorage]  [MarketplaceStorage] getMarketplaces ensureConfigFile=0ms readAndRepair=1ms migration=0ms total=1ms count=5 path=/Users/didi/.workbuddy/plugins/known_marketplaces.json
[9/24/2026, 10:16:55 PM.743] [Info] [BuiltInMarketplaceProvider]  Found 2 built-in marketplace(s)
[9/24/2026, 10:16:55 PM.745] [Info] [PluginManager]  Loaded 5 marketplaces (2 built-in) total=3ms storage=1ms builtIn=0ms autoUpdate=0ms
[9/24/2026, 10:16:57 PM.675] [Info] [TracingService]  Tracing uses @tencent/galileo-node-sdk global OpenTelemetry provider; @genie OTLP exporter is skipped.
[9/24/2026, 10:16:57 PM.675] [Info] [TracingService]  Tracing config resolved: {"productEnabled":true,"enabledByEnv":false,"endpoint":"https://copilot.tencent.com","galileoEnabled":true}
[9/24/2026, 10:34:49 PM.913] [Info] [GitInfoCollector]  CODEBUDDY_GIT_REPO_SCAN_DISABLED 1
[9/24/2026, 10:34:49 PM.913] [Info] [GitInfoCollector]  Git repository scan is disabled via CODEBUDDY_GIT_REPO_SCAN_DISABLED environment variable
[9/24/2026, 10:34:49 PM.915] [Info] [WorkflowMemProbe] tick runId=(none) | rss=139.5MB heap=157.8/170.7MB external=53.8MB arrayBuffers=0MB
[9/24/2026, 10:34:49 PM.935] [Info] [GitInfoCollector]  CODEBUDDY_GIT_REPO_SCAN_DISABLED 1
[9/24/2026, 10:34:49 PM.935] [Info] [GitInfoCollector]  Git repository scan is disabled via CODEBUDDY_GIT_REPO_SCAN_DISABLED environment variable
[9/24/2026, 10:34:49 PM.940] [Warning] [CloudProductManager]  Fetch remote configuration failed (attempt 4), will retry after 16s
[9/24/2026, 10:34:49 PM.941] [Warning] [CloudProductManager]  Fetch remote configuration failed: getaddrinfo ENOTFOUND copilot.tencent.com, url=/v3/config, code=ENOTFOUND
[9/24/2026, 10:34:49 PM.942] [Info] [PluginsProductProvider.provide] active=9, ids=[weixinpay@workbuddy-builtin,tencent-docs-plugin@workbuddy-builtin,sheetagent@workbuddy-builtin,tencent-pptx@workbuddy-builtin,tencent-docx@workbuddy-builtin,agent-browser@codebuddy-plugins-official,find-skills@codebuddy-plugins-official,agent-browser@inline,find-skills@inline]
[9/24/2026, 10:34:49 PM.942] [Info] [MCP][cacheDbg] getConnectedServers() called: nonInteractive=true waitForSettle=false cacheNow=[connector-proxy,weixinpay,sheetagent] allServers=[connector-proxy:connected,weixinpay:connected,sheetagent:connected]
[9/24/2026, 10:34:49 PM.942] [Info] [MCP][cacheDbg] getConnectedServers() returning: [connector-proxy,weixinpay,sheetagent] (size=3)
[9/24/2026, 10:34:49 PM.948] [Info] [CustomModelsProductProvider] productName=WorkBuddy, isWorkBuddy=true, userConfigPath=/Users/didi/.workbuddy/models.json
[9/24/2026, 10:34:49 PM.948] [Info] Loaded custom models config from user: /Users/didi/.workbuddy/models.json
[9/24/2026, 10:34:49 PM.948] [Info] [ModelsProductProvider] enterpriseId: undefined, endpoint: https://copilot.tencent.com
[9/24/2026, 10:34:49 PM.948] [Warning] [ModelsProductProvider] enterpriseId is missing, skipping models API call
[9/24/2026, 10:34:49 PM.948] [Info] [AgentModelResolver] product config input: 54 models, 23 agents
[9/24/2026, 10:34:49 PM.948] [Info] [AgentModelResolver] model ids: auto, fast-model, balanced-model, deep-model, hy3, hy3-b, hy3-c, hy3-x, hy4-preview, hy4-preview-f, minimax-m2.5, glm-5v-turbo, glm-5.3, glm-5.3-flash, glm-5.2, glm-5.1, glm-5.0-turbo, glm-4.6v, kimi-k3-1, kimi-k2.8-preview, kimi-k2.7, kimi-k2.6, kimi-k2.5, kimi-k2-thinking, minimax-m3, minimax-m2.7, glm-4.6, deepseek-v4-flash, deepseek-v4.1-flash, deepseek-v4-pro, deepseek-v3-2-volc, deepseek-v3-1-volc, deepseek-v3-1-lkeap, deepseek-v3-1, deepseek-v3-0324-lkeap, deepseek-r1-0528-lkeap, kimi-k2-instruct-taiji, completion-gf, default-1.1, hunyuan-3b, hunyuan-7b-dense, codewise-completions, codewise-rewrite, codewise-nes-a4-027-aide, codewise-jump, deepseek-r1-0528, deepseek-v3-0324-taco-completion, deepseek-v3-0324, default-1.2, hunyuan-2.0-instruct, hunyuan-chat, hunyuan-image-alpha, hunyuan-image-alpha-edit, custom-local:kimi-k3
[9/24/2026, 10:34:49 PM.948] [Info] [AgentModelResolver] agent "cli" original_models=["auto","hy4-preview-f","hy3","hy3-x","deepseek-v4.1-flash","glm-5.3","glm-5.3-flash","glm-5.2","glm-5.1","glm-5v-turbo","minimax-m3","kimi-k3-1","kimi-k2.8-preview","kimi-k2.7","kimi-k2.6","deepseek-v4-pro"] -> resolved_models=["auto","hy4-preview-f","hy3","hy3-x","deepseek-v4.1-flash","glm-5.3","glm-5.3-flash","glm-5.2","glm-5.1","glm-5v-turbo","minimax-m3","kimi-k3-1","kimi-k2.8-preview","kimi-k2.7","kimi-k2.6","deepseek-v4-pro"]
[9/24/2026, 10:34:49 PM.948] [Info] [AgentModelResolver] agent "general-purpose" original_models=[] -> resolved_models=[]
[9/24/2026, 10:34:49 PM.948] [Info] [AgentModelResolver] agent "compact" original_models=[] -> resolved_models=[]
[9/24/2026, 10:34:49 PM.948] [Info] [AgentModelResolver] agent "contextSummary" original_models=[] -> resolved_models=[]
[9/24/2026, 10:34:49 PM.948] [Info] [AgentModelResolver] agent "contentAnalyzer" original_models=[] -> resolved_models=[]
[9/24/2026, 10:34:49 PM.948] [Info] [AgentModelResolver] agent "terminalTitleGenerator" original_models=[] -> resolved_models=[]
[9/24/2026, 10:34:49 PM.948] [Info] [AgentModelResolver] agent "promptSuggestion" original_models=[] -> resolved_models=[]
[9/24/2026, 10:34:49 PM.948] [Info] [AgentModelResolver] agent "memorySelector" original_models=["lite"] -> resolved_models=["lite"]
[9/24/2026, 10:34:49 PM.948] [Info] [AgentModelResolver] agent "summaryGenerator" original_models=[] -> resolved_models=[]
[9/24/2026, 10:34:49 PM.948] [Info] [AgentModelResolver] agent "autoModeClassifier" original_models=[] -> resolved_models=[]
[9/24/2026, 10:34:49 PM.948] [Info] [AgentModelResolver] agent "promptHookEvaluator" original_models=["lite"] -> resolved_models=["lite"]
[9/24/2026, 10:34:49 PM.948] [Info] [AgentModelResolver] agent "insightsAnalyzer" original_models=[] -> resolved_models=[]
[9/24/2026, 10:34:49 PM.948] [Info] [AgentModelResolver] agent "agentInstructions" original_models=[] -> resolved_models=[]
[9/24/2026, 10:34:49 PM.948] [Info] [AgentModelResolver] agent "statusline-setup" original_models=[] -> resolved_models=[]
[9/24/2026, 10:34:49 PM.948] [Info] [AgentModelResolver] agent "Explore" original_models=["lite"] -> resolved_models=["lite"]
[9/24/2026, 10:34:49 PM.948] [Info] [AgentModelResolver] agent "Plan" original_models=[] -> resolved_models=[]
[9/24/2026, 10:34:49 PM.948] [Info] [AgentModelResolver] agent "pulse" original_models=[] -> resolved_models=[]
[9/24/2026, 10:34:49 PM.948] [Info] [AgentModelResolver] agent "handoff-summary" original_models=undefined -> resolved_models=[]
[9/24/2026, 10:34:49 PM.948] [Info] [AgentModelResolver] agent "enhance-prompt" original_models=[] -> resolved_models=[]
[9/24/2026, 10:34:49 PM.948] [Info] [AgentModelResolver] agent "sheet-agent" original_models=[] -> resolved_models=[]
[9/24/2026, 10:34:49 PM.948] [Info] [AgentModelResolver] agent "doc-converter" original_models=[] -> resolved_models=[]
[9/24/2026, 10:34:49 PM.948] [Info] [AgentModelResolver] agent "doc-formatter" original_models=[] -> resolved_models=[]
[9/24/2026, 10:34:49 PM.948] [Info] [AgentModelResolver] agent "doc-writer" original_models=[] -> resolved_models=[]
[9/24/2026, 10:34:49 PM.963] [Info] [PluginPolicyService]  [MergedPlugins][DEBUG] ProductManager.onDidChange fired, reloading policies...
[9/24/2026, 10:34:49 PM.963] [Info] [PluginPolicyService]  [MergedPlugins][DEBUG] Current config builtInMarketPluginsMerge: [{"autoEnable":true,"marketplaceName":"codebuddy-plugins-official","name":"agent-browser","scope":"user"},{"autoEnable":true,"marketplaceName":"codebuddy-plugins-official","name":"find-skills","scope":"user"}]
[9/24/2026, 10:34:49 PM.963] [Info] [PluginPolicyService]  [MergedPlugins] Loaded 2 merged plugin entries
[9/24/2026, 10:34:49 PM.963] [Info] [Startup] AgentManager.rebuildAgents: START
[9/24/2026, 10:34:49 PM.965] [Info] [Startup] AgentManager.rebuildAgents: completed in 13ms, resolving readyDeferred
[9/24/2026, 10:34:49 PM.965] [Info] [PluginManager]  Checking for built-in marketplaces to install...
[9/24/2026, 10:34:49 PM.965] [Info] [BuiltInMarketplaceProvider]  Found 2 built-in marketplace(s)
[9/24/2026, 10:34:49 PM.965] [Info] [PluginManager]  Found 2 built-in marketplace(s)
[9/24/2026, 10:34:49 PM.966] [Info] [MarketplaceStorage]  [MarketplaceStorage] getMarketplaces ensureConfigFile=0ms readAndRepair=1ms migration=0ms total=1ms count=5 path=/Users/didi/.workbuddy/plugins/known_marketplaces.json
[9/24/2026, 10:34:49 PM.966] [Info] [PluginManager]  All built-in marketplaces are already installed
[9/24/2026, 10:34:49 PM.966] [Info] [MarketplaceStorage]  [MarketplaceStorage] getMarketplaces ensureConfigFile=0ms readAndRepair=0ms migration=0ms total=0ms count=5 path=/Users/didi/.workbuddy/plugins/known_marketplaces.json
[9/24/2026, 10:34:49 PM.966] [Info] [BuiltInMarketplaceProvider]  Found 2 built-in marketplace(s)
[9/24/2026, 10:34:49 PM.969] [Info] [PluginManager]  Loaded 5 marketplaces (2 built-in) total=3ms storage=0ms builtIn=0ms autoUpdate=0ms
[9/24/2026, 10:34:51 PM.955] [Info] [TracingService]  Tracing uses @tencent/galileo-node-sdk global OpenTelemetry provider; @genie OTLP exporter is skipped.
[9/24/2026, 10:34:51 PM.955] [Info] [TracingService]  Tracing config resolved: {"productEnabled":true,"enabledByEnv":false,"endpoint":"https://copilot.tencent.com","galileoEnabled":true}
[9/24/2026, 10:50:37 PM.721] [Info] [GitInfoCollector]  CODEBUDDY_GIT_REPO_SCAN_DISABLED 1
[9/24/2026, 10:50:37 PM.721] [Info] [GitInfoCollector]  Git repository scan is disabled via CODEBUDDY_GIT_REPO_SCAN_DISABLED environment variable
[9/24/2026, 10:50:37 PM.724] [Info] [WorkflowMemProbe] tick runId=(none) | rss=144.4MB heap=160.7/167.7MB external=53.3MB arrayBuffers=0MB
[9/24/2026, 10:50:37 PM.741] [Info] [GitInfoCollector]  CODEBUDDY_GIT_REPO_SCAN_DISABLED 1
[9/24/2026, 10:50:37 PM.741] [Info] [GitInfoCollector]  Git repository scan is disabled via CODEBUDDY_GIT_REPO_SCAN_DISABLED environment variable
[9/24/2026, 10:50:37 PM.747] [Warning] [CloudProductManager]  Fetch remote configuration failed (attempt 5), no more retries
[9/24/2026, 10:50:37 PM.747] [Error] [CloudProductManager] [undefined]  Fetch remote configuration failed after all retries: getaddrinfo ENOTFOUND copilot.tencent.com, url=/v3/config, code=ENOTFOUND
[9/24/2026, 10:50:37 PM.749] [Warning] [CloudProductManager]  Fetch remote configuration failed: getaddrinfo ENOTFOUND copilot.tencent.com, url=/v3/config, code=ENOTFOUND
[9/24/2026, 10:50:37 PM.750] [Info] [PluginsProductProvider.provide] active=9, ids=[weixinpay@workbuddy-builtin,tencent-docs-plugin@workbuddy-builtin,sheetagent@workbuddy-builtin,tencent-pptx@workbuddy-builtin,tencent-docx@workbuddy-builtin,agent-browser@codebuddy-plugins-official,find-skills@codebuddy-plugins-official,agent-browser@inline,find-skills@inline]
[9/24/2026, 10:50:37 PM.750] [Info] [MCP][cacheDbg] getConnectedServers() called: nonInteractive=true waitForSettle=false cacheNow=[connector-proxy,weixinpay,sheetagent] allServers=[connector-proxy:connected,weixinpay:connected,sheetagent:connected]
[9/24/2026, 10:50:37 PM.750] [Info] [MCP][cacheDbg] getConnectedServers() returning: [connector-proxy,weixinpay,sheetagent] (size=3)
[9/24/2026, 10:50:37 PM.758] [Info] [CustomModelsProductProvider] productName=WorkBuddy, isWorkBuddy=true, userConfigPath=/Users/didi/.workbuddy/models.json
[9/24/2026, 10:50:37 PM.758] [Info] Loaded custom models config from user: /Users/didi/.workbuddy/models.json
[9/24/2026, 10:50:37 PM.758] [Info] [ModelsProductProvider] enterpriseId: undefined, endpoint: https://copilot.tencent.com
[9/24/2026, 10:50:37 PM.758] [Warning] [ModelsProductProvider] enterpriseId is missing, skipping models API call
[9/24/2026, 10:50:37 PM.758] [Info] [AgentModelResolver] product config input: 54 models, 23 agents
[9/24/2026, 10:50:37 PM.758] [Info] [AgentModelResolver] model ids: auto, fast-model, balanced-model, deep-model, hy3, hy3-b, hy3-c, hy3-x, hy4-preview, hy4-preview-f, minimax-m2.5, glm-5v-turbo, glm-5.3, glm-5.3-flash, glm-5.2, glm-5.1, glm-5.0-turbo, glm-4.6v, kimi-k3-1, kimi-k2.8-preview, kimi-k2.7, kimi-k2.6, kimi-k2.5, kimi-k2-thinking, minimax-m3, minimax-m2.7, glm-4.6, deepseek-v4-flash, deepseek-v4.1-flash, deepseek-v4-pro, deepseek-v3-2-volc, deepseek-v3-1-volc, deepseek-v3-1-lkeap, deepseek-v3-1, deepseek-v3-0324-lkeap, deepseek-r1-0528-lkeap, kimi-k2-instruct-taiji, completion-gf, default-1.1, hunyuan-3b, hunyuan-7b-dense, codewise-completions, codewise-rewrite, codewise-nes-a4-027-aide, codewise-jump, deepseek-r1-0528, deepseek-v3-0324-taco-completion, deepseek-v3-0324, default-1.2, hunyuan-2.0-instruct, hunyuan-chat, hunyuan-image-alpha, hunyuan-image-alpha-edit, custom-local:kimi-k3
[9/24/2026, 10:50:37 PM.758] [Info] [AgentModelResolver] agent "cli" original_models=["auto","hy4-preview-f","hy3","hy3-x","deepseek-v4.1-flash","glm-5.3","glm-5.3-flash","glm-5.2","glm-5.1","glm-5v-turbo","minimax-m3","kimi-k3-1","kimi-k2.8-preview","kimi-k2.7","kimi-k2.6","deepseek-v4-pro"] -> resolved_models=["auto","hy4-preview-f","hy3","hy3-x","deepseek-v4.1-flash","glm-5.3","glm-5.3-flash","glm-5.2","glm-5.1","glm-5v-turbo","minimax-m3","kimi-k3-1","kimi-k2.8-preview","kimi-k2.7","kimi-k2.6","deepseek-v4-pro"]
[9/24/2026, 10:50:37 PM.758] [Info] [AgentModelResolver] agent "general-purpose" original_models=[] -> resolved_models=[]
[9/24/2026, 10:50:37 PM.758] [Info] [AgentModelResolver] agent "compact" original_models=[] -> resolved_models=[]
[9/24/2026, 10:50:37 PM.758] [Info] [AgentModelResolver] agent "contextSummary" original_models=[] -> resolved_models=[]
[9/24/2026, 10:50:37 PM.758] [Info] [AgentModelResolver] agent "contentAnalyzer" original_models=[] -> resolved_models=[]
[9/24/2026, 10:50:37 PM.758] [Info] [AgentModelResolver] agent "terminalTitleGenerator" original_models=[] -> resolved_models=[]
[9/24/2026, 10:50:37 PM.758] [Info] [AgentModelResolver] agent "promptSuggestion" original_models=[] -> resolved_models=[]
[9/24/2026, 10:50:37 PM.758] [Info] [AgentModelResolver] agent "memorySelector" original_models=["lite"] -> resolved_models=["lite"]
[9/24/2026, 10:50:37 PM.758] [Info] [AgentModelResolver] agent "summaryGenerator" original_models=[] -> resolved_models=[]
[9/24/2026, 10:50:37 PM.758] [Info] [AgentModelResolver] agent "autoModeClassifier" original_models=[] -> resolved_models=[]
[9/24/2026, 10:50:37 PM.758] [Info] [AgentModelResolver] agent "promptHookEvaluator" original_models=["lite"] -> resolved_models=["lite"]
[9/24/2026, 10:50:37 PM.758] [Info] [AgentModelResolver] agent "insightsAnalyzer" original_models=[] -> resolved_models=[]
[9/24/2026, 10:50:37 PM.758] [Info] [AgentModelResolver] agent "agentInstructions" original_models=[] -> resolved_models=[]
[9/24/2026, 10:50:37 PM.758] [Info] [AgentModelResolver] agent "statusline-setup" original_models=[] -> resolved_models=[]
[9/24/2026, 10:50:37 PM.758] [Info] [AgentModelResolver] agent "Explore" original_models=["lite"] -> resolved_models=["lite"]
[9/24/2026, 10:50:37 PM.758] [Info] [AgentModelResolver] agent "Plan" original_models=[] -> resolved_models=[]
[9/24/2026, 10:50:37 PM.758] [Info] [AgentModelResolver] agent "pulse" original_models=[] -> resolved_models=[]
[9/24/2026, 10:50:37 PM.758] [Info] [AgentModelResolver] agent "handoff-summary" original_models=undefined -> resolved_models=[]
[9/24/2026, 10:50:37 PM.758] [Info] [AgentModelResolver] agent "enhance-prompt" original_models=[] -> resolved_models=[]
[9/24/2026, 10:50:37 PM.758] [Info] [AgentModelResolver] agent "sheet-agent" original_models=[] -> resolved_models=[]
[9/24/2026, 10:50:37 PM.758] [Info] [AgentModelResolver] agent "doc-converter" original_models=[] -> resolved_models=[]
[9/24/2026, 10:50:37 PM.758] [Info] [AgentModelResolver] agent "doc-formatter" original_models=[] -> resolved_models=[]
[9/24/2026, 10:50:37 PM.758] [Info] [AgentModelResolver] agent "doc-writer" original_models=[] -> resolved_models=[]
[9/24/2026, 10:50:37 PM.775] [Info] [PluginPolicyService]  [MergedPlugins][DEBUG] ProductManager.onDidChange fired, reloading policies...
[9/24/2026, 10:50:37 PM.775] [Info] [PluginPolicyService]  [MergedPlugins][DEBUG] Current config builtInMarketPluginsMerge: [{"autoEnable":true,"marketplaceName":"codebuddy-plugins-official","name":"agent-browser","scope":"user"},{"autoEnable":true,"marketplaceName":"codebuddy-plugins-official","name":"find-skills","scope":"user"}]
[9/24/2026, 10:50:37 PM.775] [Info] [PluginPolicyService]  [MergedPlugins] Loaded 2 merged plugin entries
[9/24/2026, 10:50:37 PM.775] [Info] [Startup] AgentManager.rebuildAgents: START
[9/24/2026, 10:50:37 PM.775] [Info] [Startup] AgentManager.rebuildAgents: completed in 13ms, resolving readyDeferred
[9/24/2026, 10:50:37 PM.775] [Info] [PluginManager]  Checking for built-in marketplaces to install...
[9/24/2026, 10:50:37 PM.775] [Info] [BuiltInMarketplaceProvider]  Found 2 built-in marketplace(s)
[9/24/2026, 10:50:37 PM.775] [Info] [PluginManager]  Found 2 built-in marketplace(s)
[9/24/2026, 10:50:37 PM.776] [Info] [MarketplaceStorage]  [MarketplaceStorage] getMarketplaces ensureConfigFile=0ms readAndRepair=1ms migration=0ms total=1ms count=5 path=/Users/didi/.workbuddy/plugins/known_marketplaces.json
[9/24/2026, 10:50:37 PM.776] [Info] [PluginManager]  All built-in marketplaces are already installed
[9/24/2026, 10:50:37 PM.776] [Info] [MarketplaceStorage]  [MarketplaceStorage] getMarketplaces ensureConfigFile=0ms readAndRepair=0ms migration=0ms total=0ms count=5 path=/Users/didi/.workbuddy/plugins/known_marketplaces.json
[9/24/2026, 10:50:37 PM.776] [Info] [BuiltInMarketplaceProvider]  Found 2 built-in marketplace(s)
[9/24/2026, 10:50:37 PM.778] [Info] [PluginManager]  Loaded 5 marketplaces (2 built-in) total=2ms storage=0ms builtIn=0ms autoUpdate=0ms
[9/24/2026, 10:50:38 PM.752] [Info] [GitInfoCollector]  CODEBUDDY_GIT_REPO_SCAN_DISABLED 1
[9/24/2026, 10:50:38 PM.752] [Info] [GitInfoCollector]  Git repository scan is disabled via CODEBUDDY_GIT_REPO_SCAN_DISABLED environment variable
[9/24/2026, 10:50:38 PM.765] [Warning] [CloudProductManager]  Fetch remote configuration failed (attempt 1), will retry after 2s
[9/24/2026, 10:50:39 PM.764] [Info] [TracingService]  Tracing uses @tencent/galileo-node-sdk global OpenTelemetry provider; @genie OTLP exporter is skipped.
[9/24/2026, 10:50:39 PM.764] [Info] [TracingService]  Tracing config resolved: {"productEnabled":true,"enabledByEnv":false,"endpoint":"https://copilot.tencent.com","galileoEnabled":true}
[9/24/2026, 10:50:40 PM.767] [Info] [GitInfoCollector]  CODEBUDDY_GIT_REPO_SCAN_DISABLED 1
[9/24/2026, 10:50:40 PM.767] [Info] [GitInfoCollector]  Git repository scan is disabled via CODEBUDDY_GIT_REPO_SCAN_DISABLED environment variable
[9/24/2026, 10:50:40 PM.782] [Warning] [CloudProductManager]  Fetch remote configuration failed (attempt 2), will retry after 4s
[9/24/2026, 11:06:06 PM.039] [Info] [GitInfoCollector]  CODEBUDDY_GIT_REPO_SCAN_DISABLED 1
[9/24/2026, 11:06:06 PM.040] [Info] [GitInfoCollector]  Git repository scan is disabled via CODEBUDDY_GIT_REPO_SCAN_DISABLED environment variable
[9/24/2026, 11:06:06 PM.044] [Info] [WorkflowMemProbe] tick runId=(none) | rss=142.8MB heap=154/160.9MB external=53.3MB arrayBuffers=0MB
[9/24/2026, 11:06:06 PM.065] [Info] [GitInfoCollector]  CODEBUDDY_GIT_REPO_SCAN_DISABLED 1
[9/24/2026, 11:06:06 PM.065] [Info] [GitInfoCollector]  Git repository scan is disabled via CODEBUDDY_GIT_REPO_SCAN_DISABLED environment variable
[9/24/2026, 11:06:06 PM.070] [Warning] [CloudProductManager]  Fetch remote configuration failed (attempt 3), will retry after 8s
[9/24/2026, 11:06:06 PM.070] [Warning] [CloudProductManager]  Fetch remote configuration failed: getaddrinfo ENOTFOUND copilot.tencent.com, url=/v3/config, code=ENOTFOUND
[9/24/2026, 11:06:06 PM.071] [Info] [PluginsProductProvider.provide] active=9, ids=[weixinpay@workbuddy-builtin,tencent-docs-plugin@workbuddy-builtin,sheetagent@workbuddy-builtin,tencent-pptx@workbuddy-builtin,tencent-docx@workbuddy-builtin,agent-browser@codebuddy-plugins-official,find-skills@codebuddy-plugins-official,agent-browser@inline,find-skills@inline]
[9/24/2026, 11:06:06 PM.071] [Info] [MCP][cacheDbg] getConnectedServers() called: nonInteractive=true waitForSettle=false cacheNow=[connector-proxy,weixinpay,sheetagent] allServers=[connector-proxy:connected,weixinpay:connected,sheetagent:connected]
[9/24/2026, 11:06:06 PM.071] [Info] [MCP][cacheDbg] getConnectedServers() returning: [connector-proxy,weixinpay,sheetagent] (size=3)
[9/24/2026, 11:06:06 PM.077] [Info] [CustomModelsProductProvider] productName=WorkBuddy, isWorkBuddy=true, userConfigPath=/Users/didi/.workbuddy/models.json
[9/24/2026, 11:06:06 PM.077] [Info] Loaded custom models config from user: /Users/didi/.workbuddy/models.json
[9/24/2026, 11:06:06 PM.077] [Info] [ModelsProductProvider] enterpriseId: undefined, endpoint: https://copilot.tencent.com
[9/24/2026, 11:06:06 PM.077] [Warning] [ModelsProductProvider] enterpriseId is missing, skipping models API call
[9/24/2026, 11:06:06 PM.077] [Info] [AgentModelResolver] product config input: 54 models, 23 agents
[9/24/2026, 11:06:06 PM.077] [Info] [AgentModelResolver] model ids: auto, fast-model, balanced-model, deep-model, hy3, hy3-b, hy3-c, hy3-x, hy4-preview, hy4-preview-f, minimax-m2.5, glm-5v-turbo, glm-5.3, glm-5.3-flash, glm-5.2, glm-5.1, glm-5.0-turbo, glm-4.6v, kimi-k3-1, kimi-k2.8-preview, kimi-k2.7, kimi-k2.6, kimi-k2.5, kimi-k2-thinking, minimax-m3, minimax-m2.7, glm-4.6, deepseek-v4-flash, deepseek-v4.1-flash, deepseek-v4-pro, deepseek-v3-2-volc, deepseek-v3-1-volc, deepseek-v3-1-lkeap, deepseek-v3-1, deepseek-v3-0324-lkeap, deepseek-r1-0528-lkeap, kimi-k2-instruct-taiji, completion-gf, default-1.1, hunyuan-3b, hunyuan-7b-dense, codewise-completions, codewise-rewrite, codewise-nes-a4-027-aide, codewise-jump, deepseek-r1-0528, deepseek-v3-0324-taco-completion, deepseek-v3-0324, default-1.2, hunyuan-2.0-instruct, hunyuan-chat, hunyuan-image-alpha, hunyuan-image-alpha-edit, custom-local:kimi-k3
[9/24/2026, 11:06:06 PM.077] [Info] [AgentModelResolver] agent "cli" original_models=["auto","hy4-preview-f","hy3","hy3-x","deepseek-v4.1-flash","glm-5.3","glm-5.3-flash","glm-5.2","glm-5.1","glm-5v-turbo","minimax-m3","kimi-k3-1","kimi-k2.8-preview","kimi-k2.7","kimi-k2.6","deepseek-v4-pro"] -> resolved_models=["auto","hy4-preview-f","hy3","hy3-x","deepseek-v4.1-flash","glm-5.3","glm-5.3-flash","glm-5.2","glm-5.1","glm-5v-turbo","minimax-m3","kimi-k3-1","kimi-k2.8-preview","kimi-k2.7","kimi-k2.6","deepseek-v4-pro"]
[9/24/2026, 11:06:06 PM.077] [Info] [AgentModelResolver] agent "general-purpose" original_models=[] -> resolved_models=[]
[9/24/2026, 11:06:06 PM.077] [Info] [AgentModelResolver] agent "compact" original_models=[] -> resolved_models=[]
[9/24/2026, 11:06:06 PM.077] [Info] [AgentModelResolver] agent "contextSummary" original_models=[] -> resolved_models=[]
[9/24/2026, 11:06:06 PM.077] [Info] [AgentModelResolver] agent "contentAnalyzer" original_models=[] -> resolved_models=[]
[9/24/2026, 11:06:06 PM.077] [Info] [AgentModelResolver] agent "terminalTitleGenerator" original_models=[] -> resolved_models=[]
[9/24/2026, 11:06:06 PM.077] [Info] [AgentModelResolver] agent "promptSuggestion" original_models=[] -> resolved_models=[]
[9/24/2026, 11:06:06 PM.077] [Info] [AgentModelResolver] agent "memorySelector" original_models=["lite"] -> resolved_models=["lite"]
[9/24/2026, 11:06:06 PM.077] [Info] [AgentModelResolver] agent "summaryGenerator" original_models=[] -> resolved_models=[]
[9/24/2026, 11:06:06 PM.077] [Info] [AgentModelResolver] agent "autoModeClassifier" original_models=[] -> resolved_models=[]
[9/24/2026, 11:06:06 PM.077] [Info] [AgentModelResolver] agent "promptHookEvaluator" original_models=["lite"] -> resolved_models=["lite"]
[9/24/2026, 11:06:06 PM.077] [Info] [AgentModelResolver] agent "insightsAnalyzer" original_models=[] -> resolved_models=[]
[9/24/2026, 11:06:06 PM.077] [Info] [AgentModelResolver] agent "agentInstructions" original_models=[] -> resolved_models=[]
[9/24/2026, 11:06:06 PM.077] [Info] [AgentModelResolver] agent "statusline-setup" original_models=[] -> resolved_models=[]
[9/24/2026, 11:06:06 PM.077] [Info] [AgentModelResolver] agent "Explore" original_models=["lite"] -> resolved_models=["lite"]
[9/24/2026, 11:06:06 PM.077] [Info] [AgentModelResolver] agent "Plan" original_models=[] -> resolved_models=[]
[9/24/2026, 11:06:06 PM.077] [Info] [AgentModelResolver] agent "pulse" original_models=[] -> resolved_models=[]
[9/24/2026, 11:06:06 PM.077] [Info] [AgentModelResolver] agent "handoff-summary" original_models=undefined -> resolved_models=[]
[9/24/2026, 11:06:06 PM.077] [Info] [AgentModelResolver] agent "enhance-prompt" original_models=[] -> resolved_models=[]
[9/24/2026, 11:06:06 PM.077] [Info] [AgentModelResolver] agent "sheet-agent" original_models=[] -> resolved_models=[]
[9/24/2026, 11:06:06 PM.077] [Info] [AgentModelResolver] agent "doc-converter" original_models=[] -> resolved_models=[]
[9/24/2026, 11:06:06 PM.077] [Info] [AgentModelResolver] agent "doc-formatter" original_models=[] -> resolved_models=[]
[9/24/2026, 11:06:06 PM.077] [Info] [AgentModelResolver] agent "doc-writer" original_models=[] -> resolved_models=[]
[9/24/2026, 11:06:06 PM.092] [Info] [PluginPolicyService]  [MergedPlugins][DEBUG] ProductManager.onDidChange fired, reloading policies...
[9/24/2026, 11:06:06 PM.092] [Info] [PluginPolicyService]  [MergedPlugins][DEBUG] Current config builtInMarketPluginsMerge: [{"autoEnable":true,"marketplaceName":"codebuddy-plugins-official","name":"agent-browser","scope":"user"},{"autoEnable":true,"marketplaceName":"codebuddy-plugins-official","name":"find-skills","scope":"user"}]
[9/24/2026, 11:06:06 PM.092] [Info] [PluginPolicyService]  [MergedPlugins] Loaded 2 merged plugin entries
[9/24/2026, 11:06:06 PM.092] [Info] [Startup] AgentManager.rebuildAgents: START
[9/24/2026, 11:06:06 PM.092] [Info] [Startup] AgentManager.rebuildAgents: completed in 11ms, resolving readyDeferred
[9/24/2026, 11:06:06 PM.092] [Info] [PluginManager]  Checking for built-in marketplaces to install...
[9/24/2026, 11:06:06 PM.092] [Info] [BuiltInMarketplaceProvider]  Found 2 built-in marketplace(s)
[9/24/2026, 11:06:06 PM.092] [Info] [PluginManager]  Found 2 built-in marketplace(s)
[9/24/2026, 11:06:06 PM.093] [Info] [MarketplaceStorage]  [MarketplaceStorage] getMarketplaces ensureConfigFile=0ms readAndRepair=1ms migration=0ms total=1ms count=5 path=/Users/didi/.workbuddy/plugins/known_marketplaces.json
[9/24/2026, 11:06:06 PM.093] [Info] [PluginManager]  All built-in marketplaces are already installed
[9/24/2026, 11:06:06 PM.093] [Info] [MarketplaceStorage]  [MarketplaceStorage] getMarketplaces ensureConfigFile=0ms readAndRepair=0ms migration=0ms total=0ms count=5 path=/Users/didi/.workbuddy/plugins/known_marketplaces.json
[9/24/2026, 11:06:06 PM.093] [Info] [BuiltInMarketplaceProvider]  Found 2 built-in marketplace(s)
[9/24/2026, 11:06:06 PM.094] [Info] [PluginManager]  Loaded 5 marketplaces (2 built-in) total=1ms storage=0ms builtIn=0ms autoUpdate=0ms
[9/24/2026, 11:06:08 PM.085] [Info] [TracingService]  Tracing uses @tencent/galileo-node-sdk global OpenTelemetry provider; @genie OTLP exporter is skipped.
[9/24/2026, 11:06:08 PM.085] [Info] [TracingService]  Tracing config resolved: {"productEnabled":true,"enabledByEnv":false,"endpoint":"https://copilot.tencent.com","galileoEnabled":true}
[9/24/2026, 11:21:20 PM.819] [Info] [GitInfoCollector]  CODEBUDDY_GIT_REPO_SCAN_DISABLED 1
[9/24/2026, 11:21:20 PM.819] [Info] [GitInfoCollector]  Git repository scan is disabled via CODEBUDDY_GIT_REPO_SCAN_DISABLED environment variable
[9/24/2026, 11:21:20 PM.822] [Info] [WorkflowMemProbe] tick runId=(none) | rss=146.5MB heap=157.7/163.2MB external=53.3MB arrayBuffers=0MB
[9/24/2026, 11:21:20 PM.838] [Info] [GitInfoCollector]  CODEBUDDY_GIT_REPO_SCAN_DISABLED 1
[9/24/2026, 11:21:20 PM.838] [Info] [GitInfoCollector]  Git repository scan is disabled via CODEBUDDY_GIT_REPO_SCAN_DISABLED environment variable
[9/24/2026, 11:21:20 PM.843] [Warning] [CloudProductManager]  Fetch remote configuration failed (attempt 4), will retry after 16s
[9/24/2026, 11:21:20 PM.844] [Warning] [CloudProductManager]  Fetch remote configuration failed: getaddrinfo ENOTFOUND copilot.tencent.com, url=/v3/config, code=ENOTFOUND
[9/24/2026, 11:21:20 PM.844] [Info] [PluginsProductProvider.provide] active=9, ids=[weixinpay@workbuddy-builtin,tencent-docs-plugin@workbuddy-builtin,sheetagent@workbuddy-builtin,tencent-pptx@workbuddy-builtin,tencent-docx@workbuddy-builtin,agent-browser@codebuddy-plugins-official,find-skills@codebuddy-plugins-official,agent-browser@inline,find-skills@inline]
[9/24/2026, 11:21:20 PM.844] [Info] [MCP][cacheDbg] getConnectedServers() called: nonInteractive=true waitForSettle=false cacheNow=[connector-proxy,weixinpay,sheetagent] allServers=[connector-proxy:connected,weixinpay:connected,sheetagent:connected]
[9/24/2026, 11:21:20 PM.844] [Info] [MCP][cacheDbg] getConnectedServers() returning: [connector-proxy,weixinpay,sheetagent] (size=3)
[9/24/2026, 11:21:20 PM.851] [Info] [CustomModelsProductProvider] productName=WorkBuddy, isWorkBuddy=true, userConfigPath=/Users/didi/.workbuddy/models.json
[9/24/2026, 11:21:20 PM.851] [Info] Loaded custom models config from user: /Users/didi/.workbuddy/models.json
[9/24/2026, 11:21:20 PM.851] [Info] [ModelsProductProvider] enterpriseId: undefined, endpoint: https://copilot.tencent.com
[9/24/2026, 11:21:20 PM.851] [Warning] [ModelsProductProvider] enterpriseId is missing, skipping models API call
[9/24/2026, 11:21:20 PM.851] [Info] [AgentModelResolver] product config input: 54 models, 23 agents
[9/24/2026, 11:21:20 PM.851] [Info] [AgentModelResolver] model ids: auto, fast-model, balanced-model, deep-model, hy3, hy3-b, hy3-c, hy3-x, hy4-preview, hy4-preview-f, minimax-m2.5, glm-5v-turbo, glm-5.3, glm-5.3-flash, glm-5.2, glm-5.1, glm-5.0-turbo, glm-4.6v, kimi-k3-1, kimi-k2.8-preview, kimi-k2.7, kimi-k2.6, kimi-k2.5, kimi-k2-thinking, minimax-m3, minimax-m2.7, glm-4.6, deepseek-v4-flash, deepseek-v4.1-flash, deepseek-v4-pro, deepseek-v3-2-volc, deepseek-v3-1-volc, deepseek-v3-1-lkeap, deepseek-v3-1, deepseek-v3-0324-lkeap, deepseek-r1-0528-lkeap, kimi-k2-instruct-taiji, completion-gf, default-1.1, hunyuan-3b, hunyuan-7b-dense, codewise-completions, codewise-rewrite, codewise-nes-a4-027-aide, codewise-jump, deepseek-r1-0528, deepseek-v3-0324-taco-completion, deepseek-v3-0324, default-1.2, hunyuan-2.0-instruct, hunyuan-chat, hunyuan-image-alpha, hunyuan-image-alpha-edit, custom-local:kimi-k3
[9/24/2026, 11:21:20 PM.851] [Info] [AgentModelResolver] agent "cli" original_models=["auto","hy4-preview-f","hy3","hy3-x","deepseek-v4.1-flash","glm-5.3","glm-5.3-flash","glm-5.2","glm-5.1","glm-5v-turbo","minimax-m3","kimi-k3-1","kimi-k2.8-preview","kimi-k2.7","kimi-k2.6","deepseek-v4-pro"] -> resolved_models=["auto","hy4-preview-f","hy3","hy3-x","deepseek-v4.1-flash","glm-5.3","glm-5.3-flash","glm-5.2","glm-5.1","glm-5v-turbo","minimax-m3","kimi-k3-1","kimi-k2.8-preview","kimi-k2.7","kimi-k2.6","deepseek-v4-pro"]
[9/24/2026, 11:21:20 PM.851] [Info] [AgentModelResolver] agent "general-purpose" original_models=[] -> resolved_models=[]
[9/24/2026, 11:21:20 PM.851] [Info] [AgentModelResolver] agent "compact" original_models=[] -> resolved_models=[]
[9/24/2026, 11:21:20 PM.851] [Info] [AgentModelResolver] agent "contextSummary" original_models=[] -> resolved_models=[]
[9/24/2026, 11:21:20 PM.851] [Info] [AgentModelResolver] agent "contentAnalyzer" original_models=[] -> resolved_models=[]
[9/24/2026, 11:21:20 PM.851] [Info] [AgentModelResolver] agent "terminalTitleGenerator" original_models=[] -> resolved_models=[]
[9/24/2026, 11:21:20 PM.851] [Info] [AgentModelResolver] agent "promptSuggestion" original_models=[] -> resolved_models=[]
[9/24/2026, 11:21:20 PM.851] [Info] [AgentModelResolver] agent "memorySelector" original_models=["lite"] -> resolved_models=["lite"]
[9/24/2026, 11:21:20 PM.851] [Info] [AgentModelResolver] agent "summaryGenerator" original_models=[] -> resolved_models=[]
[9/24/2026, 11:21:20 PM.851] [Info] [AgentModelResolver] agent "autoModeClassifier" original_models=[] -> resolved_models=[]
[9/24/2026, 11:21:20 PM.851] [Info] [AgentModelResolver] agent "promptHookEvaluator" original_models=["lite"] -> resolved_models=["lite"]
[9/24/2026, 11:21:20 PM.851] [Info] [AgentModelResolver] agent "insightsAnalyzer" original_models=[] -> resolved_models=[]
[9/24/2026, 11:21:20 PM.851] [Info] [AgentModelResolver] agent "agentInstructions" original_models=[] -> resolved_models=[]
[9/24/2026, 11:21:20 PM.851] [Info] [AgentModelResolver] agent "statusline-setup" original_models=[] -> resolved_models=[]
[9/24/2026, 11:21:20 PM.851] [Info] [AgentModelResolver] agent "Explore" original_models=["lite"] -> resolved_models=["lite"]
[9/24/2026, 11:21:20 PM.851] [Info] [AgentModelResolver] agent "Plan" original_models=[] -> resolved_models=[]
[9/24/2026, 11:21:20 PM.851] [Info] [AgentModelResolver] agent "pulse" original_models=[] -> resolved_models=[]
[9/24/2026, 11:21:20 PM.851] [Info] [AgentModelResolver] agent "handoff-summary" original_models=undefined -> resolved_models=[]
[9/24/2026, 11:21:20 PM.851] [Info] [AgentModelResolver] agent "enhance-prompt" original_models=[] -> resolved_models=[]
[9/24/2026, 11:21:20 PM.851] [Info] [AgentModelResolver] agent "sheet-agent" original_models=[] -> resolved_models=[]
[9/24/2026, 11:21:20 PM.851] [Info] [AgentModelResolver] agent "doc-converter" original_models=[] -> resolved_models=[]
[9/24/2026, 11:21:20 PM.851] [Info] [AgentModelResolver] agent "doc-formatter" original_models=[] -> resolved_models=[]
[9/24/2026, 11:21:20 PM.851] [Info] [AgentModelResolver] agent "doc-writer" original_models=[] -> resolved_models=[]
[9/24/2026, 11:21:20 PM.866] [Info] [PluginPolicyService]  [MergedPlugins][DEBUG] ProductManager.onDidChange fired, reloading policies...
[9/24/2026, 11:21:20 PM.866] [Info] [PluginPolicyService]  [MergedPlugins][DEBUG] Current config builtInMarketPluginsMerge: [{"autoEnable":true,"marketplaceName":"codebuddy-plugins-official","name":"agent-browser","scope":"user"},{"autoEnable":true,"marketplaceName":"codebuddy-plugins-official","name":"find-skills","scope":"user"}]
[9/24/2026, 11:21:20 PM.866] [Info] [PluginPolicyService]  [MergedPlugins] Loaded 2 merged plugin entries
[9/24/2026, 11:21:20 PM.866] [Info] [Startup] AgentManager.rebuildAgents: START
[9/24/2026, 11:21:20 PM.867] [Info] [Startup] AgentManager.rebuildAgents: completed in 11ms, resolving readyDeferred
[9/24/2026, 11:21:20 PM.867] [Info] [PluginManager]  Checking for built-in marketplaces to install...
[9/24/2026, 11:21:20 PM.867] [Info] [BuiltInMarketplaceProvider]  Found 2 built-in marketplace(s)
[9/24/2026, 11:21:20 PM.867] [Info] [PluginManager]  Found 2 built-in marketplace(s)
[9/24/2026, 11:21:20 PM.867] [Info] [MarketplaceStorage]  [MarketplaceStorage] getMarketplaces ensureConfigFile=0ms readAndRepair=0ms migration=0ms total=0ms count=5 path=/Users/didi/.workbuddy/plugins/known_marketplaces.json
[9/24/2026, 11:21:20 PM.867] [Info] [PluginManager]  All built-in marketplaces are already installed
[9/24/2026, 11:21:20 PM.868] [Info] [MarketplaceStorage]  [MarketplaceStorage] getMarketplaces ensureConfigFile=0ms readAndRepair=1ms migration=0ms total=1ms count=5 path=/Users/didi/.workbuddy/plugins/known_marketplaces.json
[9/24/2026, 11:21:20 PM.868] [Info] [BuiltInMarketplaceProvider]  Found 2 built-in marketplace(s)
[9/24/2026, 11:21:20 PM.869] [Info] [PluginManager]  Loaded 5 marketplaces (2 built-in) total=2ms storage=1ms builtIn=0ms autoUpdate=0ms
[9/24/2026, 11:21:22 PM.857] [Info] [TracingService]  Tracing uses @tencent/galileo-node-sdk global OpenTelemetry provider; @genie OTLP exporter is skipped.
[9/24/2026, 11:21:22 PM.858] [Info] [TracingService]  Tracing config resolved: {"productEnabled":true,"enabledByEnv":false,"endpoint":"https://copilot.tencent.com","galileoEnabled":true}
[9/24/2026, 11:36:51 PM.636] [Info] [GitInfoCollector]  CODEBUDDY_GIT_REPO_SCAN_DISABLED 1
[9/24/2026, 11:36:51 PM.636] [Info] [GitInfoCollector]  Git repository scan is disabled via CODEBUDDY_GIT_REPO_SCAN_DISABLED environment variable
[9/24/2026, 11:36:51 PM.639] [Info] [WorkflowMemProbe] tick runId=(none) | rss=151.6MB heap=164.2/169.8MB external=54.4MB arrayBuffers=0MB
[9/24/2026, 11:36:51 PM.779] [Info] [GitInfoCollector]  CODEBUDDY_GIT_REPO_SCAN_DISABLED 1
[9/24/2026, 11:36:51 PM.779] [Info] [GitInfoCollector]  Git repository scan is disabled via CODEBUDDY_GIT_REPO_SCAN_DISABLED environment variable
[9/24/2026, 11:36:51 PM.783] [Warning] [CloudProductManager]  Fetch remote configuration failed (attempt 5), no more retries
[9/24/2026, 11:36:51 PM.783] [Error] [CloudProductManager] [undefined]  Fetch remote configuration failed after all retries: getaddrinfo ENOTFOUND copilot.tencent.com, url=/v3/config, code=ENOTFOUND
[9/24/2026, 11:36:51 PM.784] [Warning] [CloudProductManager]  Fetch remote configuration failed: getaddrinfo ENOTFOUND copilot.tencent.com, url=/v3/config, code=ENOTFOUND
[9/24/2026, 11:36:51 PM.784] [Info] [PluginsProductProvider.provide] active=9, ids=[weixinpay@workbuddy-builtin,tencent-docs-plugin@workbuddy-builtin,sheetagent@workbuddy-builtin,tencent-pptx@workbuddy-builtin,tencent-docx@workbuddy-builtin,agent-browser@codebuddy-plugins-official,find-skills@codebuddy-plugins-official,agent-browser@inline,find-skills@inline]
[9/24/2026, 11:36:51 PM.785] [Info] [MCP][cacheDbg] getConnectedServers() called: nonInteractive=true waitForSettle=false cacheNow=[connector-proxy,weixinpay,sheetagent] allServers=[connector-proxy:connected,weixinpay:connected,sheetagent:connected]
[9/24/2026, 11:36:51 PM.785] [Info] [MCP][cacheDbg] getConnectedServers() returning: [connector-proxy,weixinpay,sheetagent] (size=3)
[9/24/2026, 11:36:51 PM.792] [Info] [CustomModelsProductProvider] productName=WorkBuddy, isWorkBuddy=true, userConfigPath=/Users/didi/.workbuddy/models.json
[9/24/2026, 11:36:51 PM.792] [Info] Loaded custom models config from user: /Users/didi/.workbuddy/models.json
[9/24/2026, 11:36:51 PM.792] [Info] [ModelsProductProvider] enterpriseId: undefined, endpoint: https://copilot.tencent.com
[9/24/2026, 11:36:51 PM.792] [Warning] [ModelsProductProvider] enterpriseId is missing, skipping models API call
[9/24/2026, 11:36:51 PM.792] [Info] [AgentModelResolver] product config input: 54 models, 23 agents
[9/24/2026, 11:36:51 PM.792] [Info] [AgentModelResolver] model ids: auto, fast-model, balanced-model, deep-model, hy3, hy3-b, hy3-c, hy3-x, hy4-preview, hy4-preview-f, minimax-m2.5, glm-5v-turbo, glm-5.3, glm-5.3-flash, glm-5.2, glm-5.1, glm-5.0-turbo, glm-4.6v, kimi-k3-1, kimi-k2.8-preview, kimi-k2.7, kimi-k2.6, kimi-k2.5, kimi-k2-thinking, minimax-m3, minimax-m2.7, glm-4.6, deepseek-v4-flash, deepseek-v4.1-flash, deepseek-v4-pro, deepseek-v3-2-volc, deepseek-v3-1-volc, deepseek-v3-1-lkeap, deepseek-v3-1, deepseek-v3-0324-lkeap, deepseek-r1-0528-lkeap, kimi-k2-instruct-taiji, completion-gf, default-1.1, hunyuan-3b, hunyuan-7b-dense, codewise-completions, codewise-rewrite, codewise-nes-a4-027-aide, codewise-jump, deepseek-r1-0528, deepseek-v3-0324-taco-completion, deepseek-v3-0324, default-1.2, hunyuan-2.0-instruct, hunyuan-chat, hunyuan-image-alpha, hunyuan-image-alpha-edit, custom-local:kimi-k3
[9/24/2026, 11:36:51 PM.792] [Info] [AgentModelResolver] agent "cli" original_models=["auto","hy4-preview-f","hy3","hy3-x","deepseek-v4.1-flash","glm-5.3","glm-5.3-flash","glm-5.2","glm-5.1","glm-5v-turbo","minimax-m3","kimi-k3-1","kimi-k2.8-preview","kimi-k2.7","kimi-k2.6","deepseek-v4-pro"] -> resolved_models=["auto","hy4-preview-f","hy3","hy3-x","deepseek-v4.1-flash","glm-5.3","glm-5.3-flash","glm-5.2","glm-5.1","glm-5v-turbo","minimax-m3","kimi-k3-1","kimi-k2.8-preview","kimi-k2.7","kimi-k2.6","deepseek-v4-pro"]
[9/24/2026, 11:36:51 PM.792] [Info] [AgentModelResolver] agent "general-purpose" original_models=[] -> resolved_models=[]
[9/24/2026, 11:36:51 PM.792] [Info] [AgentModelResolver] agent "compact" original_models=[] -> resolved_models=[]
[9/24/2026, 11:36:51 PM.792] [Info] [AgentModelResolver] agent "contextSummary" original_models=[] -> resolved_models=[]
[9/24/2026, 11:36:51 PM.792] [Info] [AgentModelResolver] agent "contentAnalyzer" original_models=[] -> resolved_models=[]
[9/24/2026, 11:36:51 PM.792] [Info] [AgentModelResolver] agent "terminalTitleGenerator" original_models=[] -> resolved_models=[]
[9/24/2026, 11:36:51 PM.792] [Info] [AgentModelResolver] agent "promptSuggestion" original_models=[] -> resolved_models=[]
[9/24/2026, 11:36:51 PM.792] [Info] [AgentModelResolver] agent "memorySelector" original_models=["lite"] -> resolved_models=["lite"]
[9/24/2026, 11:36:51 PM.792] [Info] [AgentModelResolver] agent "summaryGenerator" original_models=[] -> resolved_models=[]
[9/24/2026, 11:36:51 PM.792] [Info] [AgentModelResolver] agent "autoModeClassifier" original_models=[] -> resolved_models=[]
[9/24/2026, 11:36:51 PM.792] [Info] [AgentModelResolver] agent "promptHookEvaluator" original_models=["lite"] -> resolved_models=["lite"]
[9/24/2026, 11:36:51 PM.792] [Info] [AgentModelResolver] agent "insightsAnalyzer" original_models=[] -> resolved_models=[]
[9/24/2026, 11:36:51 PM.792] [Info] [AgentModelResolver] agent "agentInstructions" original_models=[] -> resolved_models=[]
[9/24/2026, 11:36:51 PM.792] [Info] [AgentModelResolver] agent "statusline-setup" original_models=[] -> resolved_models=[]
[9/24/2026, 11:36:51 PM.792] [Info] [AgentModelResolver] agent "Explore" original_models=["lite"] -> resolved_models=["lite"]
[9/24/2026, 11:36:51 PM.792] [Info] [AgentModelResolver] agent "Plan" original_models=[] -> resolved_models=[]
[9/24/2026, 11:36:51 PM.792] [Info] [AgentModelResolver] agent "pulse" original_models=[] -> resolved_models=[]
[9/24/2026, 11:36:51 PM.792] [Info] [AgentModelResolver] agent "handoff-summary" original_models=undefined -> resolved_models=[]
[9/24/2026, 11:36:51 PM.792] [Info] [AgentModelResolver] agent "enhance-prompt" original_models=[] -> resolved_models=[]
[9/24/2026, 11:36:51 PM.792] [Info] [AgentModelResolver] agent "sheet-agent" original_models=[] -> resolved_models=[]
[9/24/2026, 11:36:51 PM.792] [Info] [AgentModelResolver] agent "doc-converter" original_models=[] -> resolved_models=[]
[9/24/2026, 11:36:51 PM.792] [Info] [AgentModelResolver] agent "doc-formatter" original_models=[] -> resolved_models=[]
[9/24/2026, 11:36:51 PM.792] [Info] [AgentModelResolver] agent "doc-writer" original_models=[] -> resolved_models=[]
[9/24/2026, 11:36:51 PM.807] [Info] [PluginPolicyService]  [MergedPlugins][DEBUG] ProductManager.onDidChange fired, reloading policies...
[9/24/2026, 11:36:51 PM.807] [Info] [PluginPolicyService]  [MergedPlugins][DEBUG] Current config builtInMarketPluginsMerge: [{"autoEnable":true,"marketplaceName":"codebuddy-plugins-official","name":"agent-browser","scope":"user"},{"autoEnable":true,"marketplaceName":"codebuddy-plugins-official","name":"find-skills","scope":"user"}]
[9/24/2026, 11:36:51 PM.807] [Info] [PluginPolicyService]  [MergedPlugins] Loaded 2 merged plugin entries
[9/24/2026, 11:36:51 PM.807] [Info] [Startup] AgentManager.rebuildAgents: START
[9/24/2026, 11:36:51 PM.808] [Info] [Startup] AgentManager.rebuildAgents: completed in 11ms, resolving readyDeferred
[9/24/2026, 11:36:51 PM.808] [Info] [PluginManager]  Checking for built-in marketplaces to install...
[9/24/2026, 11:36:51 PM.808] [Info] [BuiltInMarketplaceProvider]  Found 2 built-in marketplace(s)
[9/24/2026, 11:36:51 PM.808] [Info] [PluginManager]  Found 2 built-in marketplace(s)
[9/24/2026, 11:36:51 PM.809] [Info] [MarketplaceStorage]  [MarketplaceStorage] getMarketplaces ensureConfigFile=0ms readAndRepair=1ms migration=0ms total=1ms count=5 path=/Users/didi/.workbuddy/plugins/known_marketplaces.json
[9/24/2026, 11:36:51 PM.809] [Info] [PluginManager]  All built-in marketplaces are already installed
[9/24/2026, 11:36:51 PM.810] [Info] [MarketplaceStorage]  [MarketplaceStorage] getMarketplaces ensureConfigFile=0ms readAndRepair=1ms migration=0ms total=1ms count=5 path=/Users/didi/.workbuddy/plugins/known_marketplaces.json
[9/24/2026, 11:36:51 PM.810] [Info] [BuiltInMarketplaceProvider]  Found 2 built-in marketplace(s)
[9/24/2026, 11:36:51 PM.813] [Info] [PluginManager]  Loaded 5 marketplaces (2 built-in) total=4ms storage=1ms builtIn=0ms autoUpdate=0ms
[9/24/2026, 11:36:52 PM.787] [Info] [GitInfoCollector]  CODEBUDDY_GIT_REPO_SCAN_DISABLED 1
[9/24/2026, 11:36:52 PM.787] [Info] [GitInfoCollector]  Git repository scan is disabled via CODEBUDDY_GIT_REPO_SCAN_DISABLED environment variable
[9/24/2026, 11:36:52 PM.805] [Warning] [CloudProductManager]  Fetch remote configuration failed (attempt 1), will retry after 2s
[9/24/2026, 11:36:53 PM.799] [Info] [TracingService]  Tracing uses @tencent/galileo-node-sdk global OpenTelemetry provider; @genie OTLP exporter is skipped.
[9/24/2026, 11:36:53 PM.799] [Info] [TracingService]  Tracing config resolved: {"productEnabled":true,"enabledByEnv":false,"endpoint":"https://copilot.tencent.com","galileoEnabled":true}
[9/24/2026, 11:36:54 PM.808] [Info] [GitInfoCollector]  CODEBUDDY_GIT_REPO_SCAN_DISABLED 1
[9/24/2026, 11:36:54 PM.808] [Info] [GitInfoCollector]  Git repository scan is disabled via CODEBUDDY_GIT_REPO_SCAN_DISABLED environment variable
[9/24/2026, 11:36:54 PM.823] [Warning] [CloudProductManager]  Fetch remote configuration failed (attempt 2), will retry after 4s
[9/24/2026, 11:41:28 PM.938] [Info] [GitInfoCollector]  CODEBUDDY_GIT_REPO_SCAN_DISABLED 1
[9/24/2026, 11:41:28 PM.938] [Info] [GitInfoCollector]  Git repository scan is disabled via CODEBUDDY_GIT_REPO_SCAN_DISABLED environment variable
[9/24/2026, 11:41:28 PM.938] [Info] [WorkflowMemProbe] tick runId=(none) | rss=144.7MB heap=154.9/162MB external=53.6MB arrayBuffers=0MB
[9/24/2026, 11:41:28 PM.952] [Warning] [CloudProductManager]  Fetch remote configuration failed (attempt 3), will retry after 8s
[9/24/2026, 11:59:28 PM.929] [Info] [GitInfoCollector]  CODEBUDDY_GIT_REPO_SCAN_DISABLED 1
[9/24/2026, 11:59:28 PM.929] [Info] [GitInfoCollector]  Git repository scan is disabled via CODEBUDDY_GIT_REPO_SCAN_DISABLED environment variable
[9/24/2026, 11:59:28 PM.931] [Info] [WorkflowMemProbe] tick runId=(none) | rss=145.9MB heap=156.7/162.9MB external=53.6MB arrayBuffers=0MB
[9/24/2026, 11:59:28 PM.949] [Info] [GitInfoCollector]  CODEBUDDY_GIT_REPO_SCAN_DISABLED 1
[9/24/2026, 11:59:28 PM.949] [Info] [GitInfoCollector]  Git repository scan is disabled via CODEBUDDY_GIT_REPO_SCAN_DISABLED environment variable
[9/24/2026, 11:59:28 PM.953] [Warning] [CloudProductManager]  Fetch remote configuration failed (attempt 4), will retry after 16s
[9/24/2026, 11:59:28 PM.954] [Warning] [CloudProductManager]  Fetch remote configuration failed: getaddrinfo ENOTFOUND copilot.tencent.com, url=/v3/config, code=ENOTFOUND
[9/24/2026, 11:59:28 PM.954] [Info] [PluginsProductProvider.provide] active=9, ids=[weixinpay@workbuddy-builtin,tencent-docs-plugin@workbuddy-builtin,sheetagent@workbuddy-builtin,tencent-pptx@workbuddy-builtin,tencent-docx@workbuddy-builtin,agent-browser@codebuddy-plugins-official,find-skills@codebuddy-plugins-official,agent-browser@inline,find-skills@inline]
[9/24/2026, 11:59:28 PM.954] [Info] [MCP][cacheDbg] getConnectedServers() called: nonInteractive=true waitForSettle=false cacheNow=[connector-proxy,weixinpay,sheetagent] allServers=[connector-proxy:connected,weixinpay:connected,sheetagent:connected]
[9/24/2026, 11:59:28 PM.954] [Info] [MCP][cacheDbg] getConnectedServers() returning: [connector-proxy,weixinpay,sheetagent] (size=3)
[9/24/2026, 11:59:28 PM.960] [Info] [CustomModelsProductProvider] productName=WorkBuddy, isWorkBuddy=true, userConfigPath=/Users/didi/.workbuddy/models.json
[9/24/2026, 11:59:28 PM.960] [Info] Loaded custom models config from user: /Users/didi/.workbuddy/models.json
[9/24/2026, 11:59:28 PM.960] [Info] [ModelsProductProvider] enterpriseId: undefined, endpoint: https://copilot.tencent.com
[9/24/2026, 11:59:28 PM.960] [Warning] [ModelsProductProvider] enterpriseId is missing, skipping models API call
[9/24/2026, 11:59:28 PM.960] [Info] [AgentModelResolver] product config input: 54 models, 23 agents
[9/24/2026, 11:59:28 PM.960] [Info] [AgentModelResolver] model ids: auto, fast-model, balanced-model, deep-model, hy3, hy3-b, hy3-c, hy3-x, hy4-preview, hy4-preview-f, minimax-m2.5, glm-5v-turbo, glm-5.3, glm-5.3-flash, glm-5.2, glm-5.1, glm-5.0-turbo, glm-4.6v, kimi-k3-1, kimi-k2.8-preview, kimi-k2.7, kimi-k2.6, kimi-k2.5, kimi-k2-thinking, minimax-m3, minimax-m2.7, glm-4.6, deepseek-v4-flash, deepseek-v4.1-flash, deepseek-v4-pro, deepseek-v3-2-volc, deepseek-v3-1-volc, deepseek-v3-1-lkeap, deepseek-v3-1, deepseek-v3-0324-lkeap, deepseek-r1-0528-lkeap, kimi-k2-instruct-taiji, completion-gf, default-1.1, hunyuan-3b, hunyuan-7b-dense, codewise-completions, codewise-rewrite, codewise-nes-a4-027-aide, codewise-jump, deepseek-r1-0528, deepseek-v3-0324-taco-completion, deepseek-v3-0324, default-1.2, hunyuan-2.0-instruct, hunyuan-chat, hunyuan-image-alpha, hunyuan-image-alpha-edit, custom-local:kimi-k3
[9/24/2026, 11:59:28 PM.960] [Info] [AgentModelResolver] agent "cli" original_models=["auto","hy4-preview-f","hy3","hy3-x","deepseek-v4.1-flash","glm-5.3","glm-5.3-flash","glm-5.2","glm-5.1","glm-5v-turbo","minimax-m3","kimi-k3-1","kimi-k2.8-preview","kimi-k2.7","kimi-k2.6","deepseek-v4-pro"] -> resolved_models=["auto","hy4-preview-f","hy3","hy3-x","deepseek-v4.1-flash","glm-5.3","glm-5.3-flash","glm-5.2","glm-5.1","glm-5v-turbo","minimax-m3","kimi-k3-1","kimi-k2.8-preview","kimi-k2.7","kimi-k2.6","deepseek-v4-pro"]
[9/24/2026, 11:59:28 PM.960] [Info] [AgentModelResolver] agent "general-purpose" original_models=[] -> resolved_models=[]
[9/24/2026, 11:59:28 PM.960] [Info] [AgentModelResolver] agent "compact" original_models=[] -> resolved_models=[]
[9/24/2026, 11:59:28 PM.960] [Info] [AgentModelResolver] agent "contextSummary" original_models=[] -> resolved_models=[]
[9/24/2026, 11:59:28 PM.960] [Info] [AgentModelResolver] agent "contentAnalyzer" original_models=[] -> resolved_models=[]
[9/24/2026, 11:59:28 PM.960] [Info] [AgentModelResolver] agent "terminalTitleGenerator" original_models=[] -> resolved_models=[]
[9/24/2026, 11:59:28 PM.960] [Info] [AgentModelResolver] agent "promptSuggestion" original_models=[] -> resolved_models=[]
[9/24/2026, 11:59:28 PM.960] [Info] [AgentModelResolver] agent "memorySelector" original_models=["lite"] -> resolved_models=["lite"]
[9/24/2026, 11:59:28 PM.960] [Info] [AgentModelResolver] agent "summaryGenerator" original_models=[] -> resolved_models=[]
[9/24/2026, 11:59:28 PM.960] [Info] [AgentModelResolver] agent "autoModeClassifier" original_models=[] -> resolved_models=[]
[9/24/2026, 11:59:28 PM.960] [Info] [AgentModelResolver] agent "promptHookEvaluator" original_models=["lite"] -> resolved_models=["lite"]
[9/24/2026, 11:59:28 PM.960] [Info] [AgentModelResolver] agent "insightsAnalyzer" original_models=[] -> resolved_models=[]
[9/24/2026, 11:59:28 PM.960] [Info] [AgentModelResolver] agent "agentInstructions" original_models=[] -> resolved_models=[]
[9/24/2026, 11:59:28 PM.960] [Info] [AgentModelResolver] agent "statusline-setup" original_models=[] -> resolved_models=[]
[9/24/2026, 11:59:28 PM.960] [Info] [AgentModelResolver] agent "Explore" original_models=["lite"] -> resolved_models=["lite"]
[9/24/2026, 11:59:28 PM.960] [Info] [AgentModelResolver] agent "Plan" original_models=[] -> resolved_models=[]
[9/24/2026, 11:59:28 PM.960] [Info] [AgentModelResolver] agent "pulse" original_models=[] -> resolved_models=[]
[9/24/2026, 11:59:28 PM.960] [Info] [AgentModelResolver] agent "handoff-summary" original_models=undefined -> resolved_models=[]
[9/24/2026, 11:59:28 PM.960] [Info] [AgentModelResolver] agent "enhance-prompt" original_models=[] -> resolved_models=[]
[9/24/2026, 11:59:28 PM.960] [Info] [AgentModelResolver] agent "sheet-agent" original_models=[] -> resolved_models=[]
[9/24/2026, 11:59:28 PM.960] [Info] [AgentModelResolver] agent "doc-converter" original_models=[] -> resolved_models=[]
[9/24/2026, 11:59:28 PM.960] [Info] [AgentModelResolver] agent "doc-formatter" original_models=[] -> resolved_models=[]
[9/24/2026, 11:59:28 PM.960] [Info] [AgentModelResolver] agent "doc-writer" original_models=[] -> resolved_models=[]
[9/24/2026, 11:59:28 PM.973] [Info] [PluginPolicyService]  [MergedPlugins][DEBUG] ProductManager.onDidChange fired, reloading policies...
[9/24/2026, 11:59:28 PM.973] [Info] [PluginPolicyService]  [MergedPlugins][DEBUG] Current config builtInMarketPluginsMerge: [{"autoEnable":true,"marketplaceName":"codebuddy-plugins-official","name":"agent-browser","scope":"user"},{"autoEnable":true,"marketplaceName":"codebuddy-plugins-official","name":"find-skills","scope":"user"}]
[9/24/2026, 11:59:28 PM.973] [Info] [PluginPolicyService]  [MergedPlugins] Loaded 2 merged plugin entries
[9/24/2026, 11:59:28 PM.973] [Info] [Startup] AgentManager.rebuildAgents: START
[9/24/2026, 11:59:28 PM.973] [Info] [Startup] AgentManager.rebuildAgents: completed in 10ms, resolving readyDeferred
[9/24/2026, 11:59:28 PM.973] [Info] [PluginManager]  Checking for built-in marketplaces to install...
[9/24/2026, 11:59:28 PM.973] [Info] [BuiltInMarketplaceProvider]  Found 2 built-in marketplace(s)
[9/24/2026, 11:59:28 PM.973] [Info] [PluginManager]  Found 2 built-in marketplace(s)
[9/24/2026, 11:59:28 PM.973] [Info] [MarketplaceStorage]  [MarketplaceStorage] getMarketplaces ensureConfigFile=0ms readAndRepair=0ms migration=0ms total=0ms count=5 path=/Users/didi/.workbuddy/plugins/known_marketplaces.json
[9/24/2026, 11:59:28 PM.973] [Info] [PluginManager]  All built-in marketplaces are already installed
[9/24/2026, 11:59:28 PM.974] [Info] [MarketplaceStorage]  [MarketplaceStorage] getMarketplaces ensureConfigFile=0ms readAndRepair=1ms migration=0ms total=1ms count=5 path=/Users/didi/.workbuddy/plugins/known_marketplaces.json
[9/24/2026, 11:59:28 PM.974] [Info] [BuiltInMarketplaceProvider]  Found 2 built-in marketplace(s)
[9/24/2026, 11:59:28 PM.975] [Info] [PluginManager]  Loaded 5 marketplaces (2 built-in) total=2ms storage=1ms builtIn=0ms autoUpdate=0ms
[9/24/2026, 11:59:30 PM.966] [Info] [TracingService]  Tracing uses @tencent/galileo-node-sdk global OpenTelemetry provider; @genie OTLP exporter is skipped.
[9/24/2026, 11:59:30 PM.966] [Info] [TracingService]  Tracing config resolved: {"productEnabled":true,"enabledByEnv":false,"endpoint":"https://copilot.tencent.com","galileoEnabled":true}
[9/25/2026, 12:08:28 AM.796] [Info] [GitInfoCollector]  CODEBUDDY_GIT_REPO_SCAN_DISABLED 1
[9/25/2026, 12:08:28 AM.797] [Info] [GitInfoCollector]  Git repository scan is disabled via CODEBUDDY_GIT_REPO_SCAN_DISABLED environment variable
[9/25/2026, 12:08:28 AM.805] [Info] [WorkflowMemProbe] tick runId=(none) | rss=150.9MB heap=162.2/167.6MB external=53.6MB arrayBuffers=0MB
[9/25/2026, 12:08:28 AM.919] [Info] [GitInfoCollector]  CODEBUDDY_GIT_REPO_SCAN_DISABLED 1
[9/25/2026, 12:08:28 AM.919] [Info] [GitInfoCollector]  Git repository scan is disabled via CODEBUDDY_GIT_REPO_SCAN_DISABLED environment variable
[9/25/2026, 12:08:28 AM.925] [Warning] [CloudProductManager]  Fetch remote configuration failed (attempt 5), no more retries
[9/25/2026, 12:08:28 AM.925] [Error] [CloudProductManager] [undefined]  Fetch remote configuration failed after all retries: getaddrinfo ENOTFOUND copilot.tencent.com, url=/v3/config, code=ENOTFOUND
[9/25/2026, 12:08:28 AM.927] [Warning] [CloudProductManager]  Fetch remote configuration failed: getaddrinfo ENOTFOUND copilot.tencent.com, url=/v3/config, code=ENOTFOUND
[9/25/2026, 12:08:28 AM.928] [Info] [PluginsProductProvider.provide] active=9, ids=[weixinpay@workbuddy-builtin,tencent-docs-plugin@workbuddy-builtin,sheetagent@workbuddy-builtin,tencent-pptx@workbuddy-builtin,tencent-docx@workbuddy-builtin,agent-browser@codebuddy-plugins-official,find-skills@codebuddy-plugins-official,agent-browser@inline,find-skills@inline]
[9/25/2026, 12:08:28 AM.928] [Info] [MCP][cacheDbg] getConnectedServers() called: nonInteractive=true waitForSettle=false cacheNow=[connector-proxy,weixinpay,sheetagent] allServers=[connector-proxy:connected,weixinpay:connected,sheetagent:connected]
[9/25/2026, 12:08:28 AM.928] [Info] [MCP][cacheDbg] getConnectedServers() returning: [connector-proxy,weixinpay,sheetagent] (size=3)
[9/25/2026, 12:08:28 AM.935] [Info] [CustomModelsProductProvider] productName=WorkBuddy, isWorkBuddy=true, userConfigPath=/Users/didi/.workbuddy/models.json
[9/25/2026, 12:08:28 AM.935] [Info] Loaded custom models config from user: /Users/didi/.workbuddy/models.json
[9/25/2026, 12:08:28 AM.935] [Info] [ModelsProductProvider] enterpriseId: undefined, endpoint: https://copilot.tencent.com
[9/25/2026, 12:08:28 AM.935] [Warning] [ModelsProductProvider] enterpriseId is missing, skipping models API call
[9/25/2026, 12:08:28 AM.935] [Info] [AgentModelResolver] product config input: 54 models, 23 agents
[9/25/2026, 12:08:28 AM.935] [Info] [AgentModelResolver] model ids: auto, fast-model, balanced-model, deep-model, hy3, hy3-b, hy3-c, hy3-x, hy4-preview, hy4-preview-f, minimax-m2.5, glm-5v-turbo, glm-5.3, glm-5.3-flash, glm-5.2, glm-5.1, glm-5.0-turbo, glm-4.6v, kimi-k3-1, kimi-k2.8-preview, kimi-k2.7, kimi-k2.6, kimi-k2.5, kimi-k2-thinking, minimax-m3, minimax-m2.7, glm-4.6, deepseek-v4-flash, deepseek-v4.1-flash, deepseek-v4-pro, deepseek-v3-2-volc, deepseek-v3-1-volc, deepseek-v3-1-lkeap, deepseek-v3-1, deepseek-v3-0324-lkeap, deepseek-r1-0528-lkeap, kimi-k2-instruct-taiji, completion-gf, default-1.1, hunyuan-3b, hunyuan-7b-dense, codewise-completions, codewise-rewrite, codewise-nes-a4-027-aide, codewise-jump, deepseek-r1-0528, deepseek-v3-0324-taco-completion, deepseek-v3-0324, default-1.2, hunyuan-2.0-instruct, hunyuan-chat, hunyuan-image-alpha, hunyuan-image-alpha-edit, custom-local:kimi-k3
[9/25/2026, 12:08:28 AM.935] [Info] [AgentModelResolver] agent "cli" original_models=["auto","hy4-preview-f","hy3","hy3-x","deepseek-v4.1-flash","glm-5.3","glm-5.3-flash","glm-5.2","glm-5.1","glm-5v-turbo","minimax-m3","kimi-k3-1","kimi-k2.8-preview","kimi-k2.7","kimi-k2.6","deepseek-v4-pro"] -> resolved_models=["auto","hy4-preview-f","hy3","hy3-x","deepseek-v4.1-flash","glm-5.3","glm-5.3-flash","glm-5.2","glm-5.1","glm-5v-turbo","minimax-m3","kimi-k3-1","kimi-k2.8-preview","kimi-k2.7","kimi-k2.6","deepseek-v4-pro"]
[9/25/2026, 12:08:28 AM.935] [Info] [AgentModelResolver] agent "general-purpose" original_models=[] -> resolved_models=[]
[9/25/2026, 12:08:28 AM.935] [Info] [AgentModelResolver] agent "compact" original_models=[] -> resolved_models=[]
[9/25/2026, 12:08:28 AM.935] [Info] [AgentModelResolver] agent "contextSummary" original_models=[] -> resolved_models=[]
[9/25/2026, 12:08:28 AM.935] [Info] [AgentModelResolver] agent "contentAnalyzer" original_models=[] -> resolved_models=[]
[9/25/2026, 12:08:28 AM.935] [Info] [AgentModelResolver] agent "terminalTitleGenerator" original_models=[] -> resolved_models=[]
[9/25/2026, 12:08:28 AM.935] [Info] [AgentModelResolver] agent "promptSuggestion" original_models=[] -> resolved_models=[]
[9/25/2026, 12:08:28 AM.935] [Info] [AgentModelResolver] agent "memorySelector" original_models=["lite"] -> resolved_models=["lite"]
[9/25/2026, 12:08:28 AM.935] [Info] [AgentModelResolver] agent "summaryGenerator" original_models=[] -> resolved_models=[]
[9/25/2026, 12:08:28 AM.935] [Info] [AgentModelResolver] agent "autoModeClassifier" original_models=[] -> resolved_models=[]
[9/25/2026, 12:08:28 AM.935] [Info] [AgentModelResolver] agent "promptHookEvaluator" original_models=["lite"] -> resolved_models=["lite"]
[9/25/2026, 12:08:28 AM.935] [Info] [AgentModelResolver] agent "insightsAnalyzer" original_models=[] -> resolved_models=[]
[9/25/2026, 12:08:28 AM.935] [Info] [AgentModelResolver] agent "agentInstructions" original_models=[] -> resolved_models=[]
[9/25/2026, 12:08:28 AM.935] [Info] [AgentModelResolver] agent "statusline-setup" original_models=[] -> resolved_models=[]
[9/25/2026, 12:08:28 AM.935] [Info] [AgentModelResolver] agent "Explore" original_models=["lite"] -> resolved_models=["lite"]
[9/25/2026, 12:08:28 AM.935] [Info] [AgentModelResolver] agent "Plan" original_models=[] -> resolved_models=[]
[9/25/2026, 12:08:28 AM.935] [Info] [AgentModelResolver] agent "pulse" original_models=[] -> resolved_models=[]
[9/25/2026, 12:08:28 AM.935] [Info] [AgentModelResolver] agent "handoff-summary" original_models=undefined -> resolved_models=[]
[9/25/2026, 12:08:28 AM.935] [Info] [AgentModelResolver] agent "enhance-prompt" original_models=[] -> resolved_models=[]
[9/25/2026, 12:08:28 AM.935] [Info] [AgentModelResolver] agent "sheet-agent" original_models=[] -> resolved_models=[]
[9/25/2026, 12:08:28 AM.935] [Info] [AgentModelResolver] agent "doc-converter" original_models=[] -> resolved_models=[]
[9/25/2026, 12:08:28 AM.935] [Info] [AgentModelResolver] agent "doc-formatter" original_models=[] -> resolved_models=[]
[9/25/2026, 12:08:28 AM.935] [Info] [AgentModelResolver] agent "doc-writer" original_models=[] -> resolved_models=[]
[9/25/2026, 12:08:28 AM.951] [Info] [PluginPolicyService]  [MergedPlugins][DEBUG] ProductManager.onDidChange fired, reloading policies...
[9/25/2026, 12:08:28 AM.951] [Info] [PluginPolicyService]  [MergedPlugins][DEBUG] Current config builtInMarketPluginsMerge: [{"autoEnable":true,"marketplaceName":"codebuddy-plugins-official","name":"agent-browser","scope":"user"},{"autoEnable":true,"marketplaceName":"codebuddy-plugins-official","name":"find-skills","scope":"user"}]
[9/25/2026, 12:08:28 AM.951] [Info] [PluginPolicyService]  [MergedPlugins] Loaded 2 merged plugin entries
[9/25/2026, 12:08:28 AM.951] [Info] [Startup] AgentManager.rebuildAgents: START
[9/25/2026, 12:08:28 AM.951] [Info] [Startup] AgentManager.rebuildAgents: completed in 12ms, resolving readyDeferred
[9/25/2026, 12:08:28 AM.951] [Info] [PluginManager]  Checking for built-in marketplaces to install...
[9/25/2026, 12:08:28 AM.951] [Info] [BuiltInMarketplaceProvider]  Found 2 built-in marketplace(s)
[9/25/2026, 12:08:28 AM.951] [Info] [PluginManager]  Found 2 built-in marketplace(s)
[9/25/2026, 12:08:28 AM.952] [Info] [MarketplaceStorage]  [MarketplaceStorage] getMarketplaces ensureConfigFile=0ms readAndRepair=1ms migration=0ms total=1ms count=5 path=/Users/didi/.workbuddy/plugins/known_marketplaces.json
[9/25/2026, 12:08:28 AM.952] [Info] [PluginManager]  All built-in marketplaces are already installed
[9/25/2026, 12:08:28 AM.953] [Info] [MarketplaceStorage]  [MarketplaceStorage] getMarketplaces ensureConfigFile=0ms readAndRepair=1ms migration=0ms total=1ms count=5 path=/Users/didi/.workbuddy/plugins/known_marketplaces.json
[9/25/2026, 12:08:28 AM.953] [Info] [BuiltInMarketplaceProvider]  Found 2 built-in marketplace(s)
[9/25/2026, 12:08:28 AM.956] [Info] [PluginManager]  Loaded 5 marketplaces (2 built-in) total=4ms storage=1ms builtIn=0ms autoUpdate=0ms
[9/25/2026, 12:08:29 AM.929] [Info] [GitInfoCollector]  CODEBUDDY_GIT_REPO_SCAN_DISABLED 1
[9/25/2026, 12:08:29 AM.929] [Info] [GitInfoCollector]  Git repository scan is disabled via CODEBUDDY_GIT_REPO_SCAN_DISABLED environment variable
[9/25/2026, 12:08:29 AM.942] [Warning] [CloudProductManager]  Fetch remote configuration failed (attempt 1), will retry after 2s
[9/25/2026, 12:08:30 AM.941] [Info] [TracingService]  Tracing uses @tencent/galileo-node-sdk global OpenTelemetry provider; @genie OTLP exporter is skipped.
[9/25/2026, 12:08:30 AM.941] [Info] [TracingService]  Tracing config resolved: {"productEnabled":true,"enabledByEnv":false,"endpoint":"https://copilot.tencent.com","galileoEnabled":true}
[9/25/2026, 12:08:31 AM.945] [Info] [GitInfoCollector]  CODEBUDDY_GIT_REPO_SCAN_DISABLED 1
[9/25/2026, 12:08:31 AM.945] [Info] [GitInfoCollector]  Git repository scan is disabled via CODEBUDDY_GIT_REPO_SCAN_DISABLED environment variable
[9/25/2026, 12:08:31 AM.959] [Warning] [CloudProductManager]  Fetch remote configuration failed (attempt 2), will retry after 4s
[9/25/2026, 12:08:35 AM.965] [Info] [GitInfoCollector]  CODEBUDDY_GIT_REPO_SCAN_DISABLED 1
[9/25/2026, 12:08:35 AM.965] [Info] [GitInfoCollector]  Git repository scan is disabled via CODEBUDDY_GIT_REPO_SCAN_DISABLED environment variable
[9/25/2026, 12:08:35 AM.978] [Warning] [CloudProductManager]  Fetch remote configuration failed (attempt 3), will retry after 8s
[9/25/2026, 12:08:43 AM.839] [Info] [GitInfoCollector]  CODEBUDDY_GIT_REPO_SCAN_DISABLED 1
[9/25/2026, 12:08:43 AM.839] [Info] [GitInfoCollector]  Git repository scan is disabled via CODEBUDDY_GIT_REPO_SCAN_DISABLED environment variable
[9/25/2026, 12:08:43 AM.985] [Info] [CloudProductManager]  fetch cloud product success, agents(1): cli, models(53): auto,fast-model,balanced-model,deep-model,hy3,hy3-b,hy3-c,hy3-x,hy4-preview,hy4-preview-f,minimax-m2.5,glm-5v-turbo,glm-5.3,glm-5.3-flash,glm-5.2,glm-5.1,glm-5.0-turbo,glm-4.6v,kimi-k3-1,kimi-k2.8-preview,kimi-k2.7,kimi-k2.6,kimi-k2.5,kimi-k2-thinking,minimax-m3,minimax-m2.7,glm-4.6,deepseek-v4-flash,deepseek-v4.1-flash,deepseek-v4-pro,deepseek-v3-2-volc,deepseek-v3-1-volc,deepseek-v3-1-lkeap,deepseek-v3-1,deepseek-v3-0324-lkeap,deepseek-r1-0528-lkeap,kimi-k2-instruct-taiji,completion-gf,default-1.1,hunyuan-3b,hunyuan-7b-dense,codewise-completions,codewise-rewrite,codewise-nes-a4-027-aide,codewise-jump,deepseek-r1-0528,deepseek-v3-0324-taco-completion,deepseek-v3-0324,default-1.2,hunyuan-2.0-instruct,hunyuan-chat,hunyuan-image-alpha,hunyuan-image-alpha-edit
[9/25/2026, 12:08:43 AM.985] [Info] [CloudProductManager]  Fetched configuration from remote [145ms]
[9/25/2026, 12:08:43 AM.985] [Info] [CloudProductManager] [fdee3d54-95b6-4e9c-aaff-50ad9505aab4]  Fetch remote configuration succeeded after 4 attempt(s)
[9/25/2026, 12:20:17 AM.188] [Info] [WorkflowMemProbe] tick runId=(none) | rss=138.7MB heap=152.6/158.3MB external=53.4MB arrayBuffers=0MB
[9/25/2026, 12:20:17 AM.201] [Info] [GitInfoCollector]  CODEBUDDY_GIT_REPO_SCAN_DISABLED 1
[9/25/2026, 12:20:17 AM.201] [Info] [GitInfoCollector]  Git repository scan is disabled via CODEBUDDY_GIT_REPO_SCAN_DISABLED environment variable
[9/25/2026, 12:20:18 AM.514] [Warning] [CloudProductManager]  Fetch remote configuration failed: getaddrinfo ENOTFOUND copilot.tencent.com, url=/v3/config, code=ENOTFOUND
[9/25/2026, 12:20:18 AM.517] [Info] [PluginsProductProvider.provide] active=9, ids=[weixinpay@workbuddy-builtin,tencent-docs-plugin@workbuddy-builtin,sheetagent@workbuddy-builtin,tencent-pptx@workbuddy-builtin,tencent-docx@workbuddy-builtin,agent-browser@codebuddy-plugins-official,find-skills@codebuddy-plugins-official,agent-browser@inline,find-skills@inline]
[9/25/2026, 12:20:18 AM.518] [Info] [MCP][cacheDbg] getConnectedServers() called: nonInteractive=true waitForSettle=false cacheNow=[connector-proxy,weixinpay,sheetagent] allServers=[connector-proxy:connected,weixinpay:connected,sheetagent:connected]
[9/25/2026, 12:20:18 AM.518] [Info] [MCP][cacheDbg] getConnectedServers() returning: [connector-proxy,weixinpay,sheetagent] (size=3)
[9/25/2026, 12:20:18 AM.531] [Info] [CustomModelsProductProvider] productName=WorkBuddy, isWorkBuddy=true, userConfigPath=/Users/didi/.workbuddy/models.json
[9/25/2026, 12:20:18 AM.531] [Info] Loaded custom models config from user: /Users/didi/.workbuddy/models.json
[9/25/2026, 12:20:18 AM.531] [Info] [ModelsProductProvider] enterpriseId: undefined, endpoint: https://copilot.tencent.com
[9/25/2026, 12:20:18 AM.531] [Warning] [ModelsProductProvider] enterpriseId is missing, skipping models API call
[9/25/2026, 12:20:18 AM.532] [Info] [AgentModelResolver] product config input: 54 models, 23 agents
[9/25/2026, 12:20:18 AM.532] [Info] [AgentModelResolver] model ids: auto, fast-model, balanced-model, deep-model, hy3, hy3-b, hy3-c, hy3-x, hy4-preview, hy4-preview-f, minimax-m2.5, glm-5v-turbo, glm-5.3, glm-5.3-flash, glm-5.2, glm-5.1, glm-5.0-turbo, glm-4.6v, kimi-k3-1, kimi-k2.8-preview, kimi-k2.7, kimi-k2.6, kimi-k2.5, kimi-k2-thinking, minimax-m3, minimax-m2.7, glm-4.6, deepseek-v4-flash, deepseek-v4.1-flash, deepseek-v4-pro, deepseek-v3-2-volc, deepseek-v3-1-volc, deepseek-v3-1-lkeap, deepseek-v3-1, deepseek-v3-0324-lkeap, deepseek-r1-0528-lkeap, kimi-k2-instruct-taiji, completion-gf, default-1.1, hunyuan-3b, hunyuan-7b-dense, codewise-completions, codewise-rewrite, codewise-nes-a4-027-aide, codewise-jump, deepseek-r1-0528, deepseek-v3-0324-taco-completion, deepseek-v3-0324, default-1.2, hunyuan-2.0-instruct, hunyuan-chat, hunyuan-image-alpha, hunyuan-image-alpha-edit, custom-local:kimi-k3
[9/25/2026, 12:20:18 AM.532] [Info] [AgentModelResolver] agent "cli" original_models=["auto","hy4-preview-f","hy3","hy3-x","deepseek-v4.1-flash","glm-5.3","glm-5.3-flash","glm-5.2","glm-5.1","glm-5v-turbo","minimax-m3","kimi-k3-1","kimi-k2.8-preview","kimi-k2.7","kimi-k2.6","deepseek-v4-pro"] -> resolved_models=["auto","hy4-preview-f","hy3","hy3-x","deepseek-v4.1-flash","glm-5.3","glm-5.3-flash","glm-5.2","glm-5.1","glm-5v-turbo","minimax-m3","kimi-k3-1","kimi-k2.8-preview","kimi-k2.7","kimi-k2.6","deepseek-v4-pro"]
[9/25/2026, 12:20:18 AM.532] [Info] [AgentModelResolver] agent "general-purpose" original_models=[] -> resolved_models=[]
[9/25/2026, 12:20:18 AM.532] [Info] [AgentModelResolver] agent "compact" original_models=[] -> resolved_models=[]
[9/25/2026, 12:20:18 AM.532] [Info] [AgentModelResolver] agent "contextSummary" original_models=[] -> resolved_models=[]
[9/25/2026, 12:20:18 AM.532] [Info] [AgentModelResolver] agent "contentAnalyzer" original_models=[] -> resolved_models=[]
[9/25/2026, 12:20:18 AM.532] [Info] [AgentModelResolver] agent "terminalTitleGenerator" original_models=[] -> resolved_models=[]
[9/25/2026, 12:20:18 AM.532] [Info] [AgentModelResolver] agent "promptSuggestion" original_models=[] -> resolved_models=[]
[9/25/2026, 12:20:18 AM.532] [Info] [AgentModelResolver] agent "memorySelector" original_models=["lite"] -> resolved_models=["lite"]
[9/25/2026, 12:20:18 AM.532] [Info] [AgentModelResolver] agent "summaryGenerator" original_models=[] -> resolved_models=[]
[9/25/2026, 12:20:18 AM.532] [Info] [AgentModelResolver] agent "autoModeClassifier" original_models=[] -> resolved_models=[]
[9/25/2026, 12:20:18 AM.532] [Info] [AgentModelResolver] agent "promptHookEvaluator" original_models=["lite"] -> resolved_models=["lite"]
[9/25/2026, 12:20:18 AM.532] [Info] [AgentModelResolver] agent "insightsAnalyzer" original_models=[] -> resolved_models=[]
[9/25/2026, 12:20:18 AM.532] [Info] [AgentModelResolver] agent "agentInstructions" original_models=[] -> resolved_models=[]
[9/25/2026, 12:20:18 AM.532] [Info] [AgentModelResolver] agent "statusline-setup" original_models=[] -> resolved_models=[]
[9/25/2026, 12:20:18 AM.532] [Info] [AgentModelResolver] agent "Explore" original_models=["lite"] -> resolved_models=["lite"]
[9/25/2026, 12:20:18 AM.532] [Info] [AgentModelResolver] agent "Plan" original_models=[] -> resolved_models=[]
[9/25/2026, 12:20:18 AM.532] [Info] [AgentModelResolver] agent "pulse" original_models=[] -> resolved_models=[]
[9/25/2026, 12:20:18 AM.532] [Info] [AgentModelResolver] agent "handoff-summary" original_models=undefined -> resolved_models=[]
[9/25/2026, 12:20:18 AM.532] [Info] [AgentModelResolver] agent "enhance-prompt" original_models=[] -> resolved_models=[]
[9/25/2026, 12:20:18 AM.532] [Info] [AgentModelResolver] agent "sheet-agent" original_models=[] -> resolved_models=[]
[9/25/2026, 12:20:18 AM.532] [Info] [AgentModelResolver] agent "doc-converter" original_models=[] -> resolved_models=[]
[9/25/2026, 12:20:18 AM.532] [Info] [AgentModelResolver] agent "doc-formatter" original_models=[] -> resolved_models=[]
[9/25/2026, 12:20:18 AM.532] [Info] [AgentModelResolver] agent "doc-writer" original_models=[] -> resolved_models=[]
[9/25/2026, 12:20:18 AM.573] [Info] [PluginPolicyService]  [MergedPlugins][DEBUG] ProductManager.onDidChange fired, reloading policies...
[9/25/2026, 12:20:18 AM.573] [Info] [PluginPolicyService]  [MergedPlugins][DEBUG] Current config builtInMarketPluginsMerge: [{"autoEnable":true,"marketplaceName":"codebuddy-plugins-official","name":"agent-browser","scope":"user"},{"autoEnable":true,"marketplaceName":"codebuddy-plugins-official","name":"find-skills","scope":"user"}]
[9/25/2026, 12:20:18 AM.573] [Info] [PluginPolicyService]  [MergedPlugins] Loaded 2 merged plugin entries
[9/25/2026, 12:20:18 AM.573] [Info] [Startup] AgentManager.rebuildAgents: START
[9/25/2026, 12:20:18 AM.575] [Info] [Startup] AgentManager.rebuildAgents: completed in 38ms, resolving readyDeferred
[9/25/2026, 12:20:18 AM.576] [Info] [PluginManager]  Checking for built-in marketplaces to install...
[9/25/2026, 12:20:18 AM.576] [Info] [BuiltInMarketplaceProvider]  Found 2 built-in marketplace(s)
[9/25/2026, 12:20:18 AM.576] [Info] [PluginManager]  Found 2 built-in marketplace(s)
[9/25/2026, 12:20:18 AM.578] [Info] [MarketplaceStorage]  [MarketplaceStorage] getMarketplaces ensureConfigFile=0ms readAndRepair=2ms migration=0ms total=2ms count=5 path=/Users/didi/.workbuddy/plugins/known_marketplaces.json
[9/25/2026, 12:20:18 AM.578] [Info] [PluginManager]  All built-in marketplaces are already installed
[9/25/2026, 12:20:18 AM.580] [Info] [MarketplaceStorage]  [MarketplaceStorage] getMarketplaces ensureConfigFile=0ms readAndRepair=2ms migration=0ms total=2ms count=5 path=/Users/didi/.workbuddy/plugins/known_marketplaces.json
[9/25/2026, 12:20:18 AM.580] [Info] [BuiltInMarketplaceProvider]  Found 2 built-in marketplace(s)
[9/25/2026, 12:20:18 AM.585] [Info] [PluginManager]  Loaded 5 marketplaces (2 built-in) total=7ms storage=2ms builtIn=0ms autoUpdate=0ms
[9/25/2026, 12:20:19 AM.212] [Error] [Report Service] [Error: getaddrinfo ENOTFOUND copilot.tencent.com]  Failed to send report
[9/25/2026, 12:20:19 AM.515] [Info] [GitInfoCollector]  CODEBUDDY_GIT_REPO_SCAN_DISABLED 1
[9/25/2026, 12:20:19 AM.515] [Info] [GitInfoCollector]  Git repository scan is disabled via CODEBUDDY_GIT_REPO_SCAN_DISABLED environment variable
[9/25/2026, 12:20:19 AM.526] [Warning] [CloudProductManager]  Fetch remote configuration failed (attempt 1), will retry after 2s
[9/25/2026, 12:20:20 AM.538] [Info] [TracingService]  Tracing uses @tencent/galileo-node-sdk global OpenTelemetry provider; @genie OTLP exporter is skipped.
[9/25/2026, 12:20:20 AM.538] [Info] [TracingService]  Tracing config resolved: {"productEnabled":true,"enabledByEnv":false,"endpoint":"https://copilot.tencent.com","galileoEnabled":true}
[9/25/2026, 12:20:21 AM.528] [Info] [GitInfoCollector]  CODEBUDDY_GIT_REPO_SCAN_DISABLED 1
[9/25/2026, 12:20:21 AM.528] [Info] [GitInfoCollector]  Git repository scan is disabled via CODEBUDDY_GIT_REPO_SCAN_DISABLED environment variable
[9/25/2026, 12:20:21 AM.543] [Warning] [CloudProductManager]  Fetch remote configuration failed (attempt 2), will retry after 4s
[9/25/2026, 12:20:25 AM.545] [Info] [GitInfoCollector]  CODEBUDDY_GIT_REPO_SCAN_DISABLED 1
[9/25/2026, 12:20:25 AM.545] [Info] [GitInfoCollector]  Git repository scan is disabled via CODEBUDDY_GIT_REPO_SCAN_DISABLED environment variable
[9/25/2026, 12:20:25 AM.561] [Warning] [CloudProductManager]  Fetch remote configuration failed (attempt 3), will retry after 8s
[9/25/2026, 12:36:19 AM.612] [Info] [GitInfoCollector]  CODEBUDDY_GIT_REPO_SCAN_DISABLED 1
[9/25/2026, 12:36:19 AM.612] [Info] [GitInfoCollector]  Git repository scan is disabled via CODEBUDDY_GIT_REPO_SCAN_DISABLED environment variable
[9/25/2026, 12:36:19 AM.615] [Info] [WorkflowMemProbe] tick runId=(none) | rss=110.5MB heap=158.3/163.3MB external=53.3MB arrayBuffers=0MB
[9/25/2026, 12:36:19 AM.641] [Info] [GitInfoCollector]  CODEBUDDY_GIT_REPO_SCAN_DISABLED 1
[9/25/2026, 12:36:19 AM.641] [Info] [GitInfoCollector]  Git repository scan is disabled via CODEBUDDY_GIT_REPO_SCAN_DISABLED environment variable
[9/25/2026, 12:36:19 AM.646] [Warning] [CloudProductManager]  Fetch remote configuration failed (attempt 4), will retry after 16s
[9/25/2026, 12:36:19 AM.656] [Warning] [CloudProductManager]  Fetch remote configuration failed: getaddrinfo ENOTFOUND copilot.tencent.com, url=/v3/config, code=ENOTFOUND
[9/25/2026, 12:36:19 AM.657] [Info] [PluginsProductProvider.provide] active=9, ids=[weixinpay@workbuddy-builtin,tencent-docs-plugin@workbuddy-builtin,sheetagent@workbuddy-builtin,tencent-pptx@workbuddy-builtin,tencent-docx@workbuddy-builtin,agent-browser@codebuddy-plugins-official,find-skills@codebuddy-plugins-official,agent-browser@inline,find-skills@inline]
[9/25/2026, 12:36:19 AM.657] [Info] [MCP][cacheDbg] getConnectedServers() called: nonInteractive=true waitForSettle=false cacheNow=[connector-proxy,weixinpay,sheetagent] allServers=[connector-proxy:connected,weixinpay:connected,sheetagent:connected]
[9/25/2026, 12:36:19 AM.657] [Info] [MCP][cacheDbg] getConnectedServers() returning: [connector-proxy,weixinpay,sheetagent] (size=3)
[9/25/2026, 12:36:19 AM.666] [Info] [CustomModelsProductProvider] productName=WorkBuddy, isWorkBuddy=true, userConfigPath=/Users/didi/.workbuddy/models.json
[9/25/2026, 12:36:19 AM.666] [Info] Loaded custom models config from user: /Users/didi/.workbuddy/models.json
[9/25/2026, 12:36:19 AM.666] [Info] [ModelsProductProvider] enterpriseId: undefined, endpoint: https://copilot.tencent.com
[9/25/2026, 12:36:19 AM.666] [Warning] [ModelsProductProvider] enterpriseId is missing, skipping models API call
[9/25/2026, 12:36:19 AM.667] [Info] [AgentModelResolver] product config input: 54 models, 23 agents
[9/25/2026, 12:36:19 AM.667] [Info] [AgentModelResolver] model ids: auto, fast-model, balanced-model, deep-model, hy3, hy3-b, hy3-c, hy3-x, hy4-preview, hy4-preview-f, minimax-m2.5, glm-5v-turbo, glm-5.3, glm-5.3-flash, glm-5.2, glm-5.1, glm-5.0-turbo, glm-4.6v, kimi-k3-1, kimi-k2.8-preview, kimi-k2.7, kimi-k2.6, kimi-k2.5, kimi-k2-thinking, minimax-m3, minimax-m2.7, glm-4.6, deepseek-v4-flash, deepseek-v4.1-flash, deepseek-v4-pro, deepseek-v3-2-volc, deepseek-v3-1-volc, deepseek-v3-1-lkeap, deepseek-v3-1, deepseek-v3-0324-lkeap, deepseek-r1-0528-lkeap, kimi-k2-instruct-taiji, completion-gf, default-1.1, hunyuan-3b, hunyuan-7b-dense, codewise-completions, codewise-rewrite, codewise-nes-a4-027-aide, codewise-jump, deepseek-r1-0528, deepseek-v3-0324-taco-completion, deepseek-v3-0324, default-1.2, hunyuan-2.0-instruct, hunyuan-chat, hunyuan-image-alpha, hunyuan-image-alpha-edit, custom-local:kimi-k3
[9/25/2026, 12:36:19 AM.667] [Info] [AgentModelResolver] agent "cli" original_models=["auto","hy4-preview-f","hy3","hy3-x","deepseek-v4.1-flash","glm-5.3","glm-5.3-flash","glm-5.2","glm-5.1","glm-5v-turbo","minimax-m3","kimi-k3-1","kimi-k2.8-preview","kimi-k2.7","kimi-k2.6","deepseek-v4-pro"] -> resolved_models=["auto","hy4-preview-f","hy3","hy3-x","deepseek-v4.1-flash","glm-5.3","glm-5.3-flash","glm-5.2","glm-5.1","glm-5v-turbo","minimax-m3","kimi-k3-1","kimi-k2.8-preview","kimi-k2.7","kimi-k2.6","deepseek-v4-pro"]
[9/25/2026, 12:36:19 AM.667] [Info] [AgentModelResolver] agent "general-purpose" original_models=[] -> resolved_models=[]
[9/25/2026, 12:36:19 AM.667] [Info] [AgentModelResolver] agent "compact" original_models=[] -> resolved_models=[]
[9/25/2026, 12:36:19 AM.667] [Info] [AgentModelResolver] agent "contextSummary" original_models=[] -> resolved_models=[]
[9/25/2026, 12:36:19 AM.667] [Info] [AgentModelResolver] agent "contentAnalyzer" original_models=[] -> resolved_models=[]
[9/25/2026, 12:36:19 AM.667] [Info] [AgentModelResolver] agent "terminalTitleGenerator" original_models=[] -> resolved_models=[]
[9/25/2026, 12:36:19 AM.667] [Info] [AgentModelResolver] agent "promptSuggestion" original_models=[] -> resolved_models=[]
[9/25/2026, 12:36:19 AM.667] [Info] [AgentModelResolver] agent "memorySelector" original_models=["lite"] -> resolved_models=["lite"]
[9/25/2026, 12:36:19 AM.667] [Info] [AgentModelResolver] agent "summaryGenerator" original_models=[] -> resolved_models=[]
[9/25/2026, 12:36:19 AM.667] [Info] [AgentModelResolver] agent "autoModeClassifier" original_models=[] -> resolved_models=[]
[9/25/2026, 12:36:19 AM.667] [Info] [AgentModelResolver] agent "promptHookEvaluator" original_models=["lite"] -> resolved_models=["lite"]
[9/25/2026, 12:36:19 AM.667] [Info] [AgentModelResolver] agent "insightsAnalyzer" original_models=[] -> resolved_models=[]
[9/25/2026, 12:36:19 AM.667] [Info] [AgentModelResolver] agent "agentInstructions" original_models=[] -> resolved_models=[]
[9/25/2026, 12:36:19 AM.667] [Info] [AgentModelResolver] agent "statusline-setup" original_models=[] -> resolved_models=[]
[9/25/2026, 12:36:19 AM.667] [Info] [AgentModelResolver] agent "Explore" original_models=["lite"] -> resolved_models=["lite"]
[9/25/2026, 12:36:19 AM.667] [Info] [AgentModelResolver] agent "Plan" original_models=[] -> resolved_models=[]
[9/25/2026, 12:36:19 AM.667] [Info] [AgentModelResolver] agent "pulse" original_models=[] -> resolved_models=[]
[9/25/2026, 12:36:19 AM.667] [Info] [AgentModelResolver] agent "handoff-summary" original_models=undefined -> resolved_models=[]
[9/25/2026, 12:36:19 AM.667] [Info] [AgentModelResolver] agent "enhance-prompt" original_models=[] -> resolved_models=[]
[9/25/2026, 12:36:19 AM.667] [Info] [AgentModelResolver] agent "sheet-agent" original_models=[] -> resolved_models=[]
[9/25/2026, 12:36:19 AM.667] [Info] [AgentModelResolver] agent "doc-converter" original_models=[] -> resolved_models=[]
[9/25/2026, 12:36:19 AM.667] [Info] [AgentModelResolver] agent "doc-formatter" original_models=[] -> resolved_models=[]
[9/25/2026, 12:36:19 AM.667] [Info] [AgentModelResolver] agent "doc-writer" original_models=[] -> resolved_models=[]
[9/25/2026, 12:36:19 AM.682] [Info] [PluginPolicyService]  [MergedPlugins][DEBUG] ProductManager.onDidChange fired, reloading policies...
[9/25/2026, 12:36:19 AM.682] [Info] [PluginPolicyService]  [MergedPlugins][DEBUG] Current config builtInMarketPluginsMerge: [{"autoEnable":true,"marketplaceName":"codebuddy-plugins-official","name":"agent-browser","scope":"user"},{"autoEnable":true,"marketplaceName":"codebuddy-plugins-official","name":"find-skills","scope":"user"}]
[9/25/2026, 12:36:19 AM.682] [Info] [PluginPolicyService]  [MergedPlugins] Loaded 2 merged plugin entries
[9/25/2026, 12:36:19 AM.682] [Info] [Startup] AgentManager.rebuildAgents: START
[9/25/2026, 12:36:19 AM.683] [Info] [Startup] AgentManager.rebuildAgents: completed in 11ms, resolving readyDeferred
[9/25/2026, 12:36:19 AM.683] [Info] [PluginManager]  Checking for built-in marketplaces to install...
[9/25/2026, 12:36:19 AM.683] [Info] [BuiltInMarketplaceProvider]  Found 2 built-in marketplace(s)
[9/25/2026, 12:36:19 AM.683] [Info] [PluginManager]  Found 2 built-in marketplace(s)
[9/25/2026, 12:36:19 AM.683] [Info] [MarketplaceStorage]  [MarketplaceStorage] getMarketplaces ensureConfigFile=0ms readAndRepair=0ms migration=0ms total=0ms count=5 path=/Users/didi/.workbuddy/plugins/known_marketplaces.json
[9/25/2026, 12:36:19 AM.683] [Info] [PluginManager]  All built-in marketplaces are already installed
[9/25/2026, 12:36:19 AM.684] [Info] [MarketplaceStorage]  [MarketplaceStorage] getMarketplaces ensureConfigFile=0ms readAndRepair=1ms migration=0ms total=1ms count=5 path=/Users/didi/.workbuddy/plugins/known_marketplaces.json
[9/25/2026, 12:36:19 AM.684] [Info] [BuiltInMarketplaceProvider]  Found 2 built-in marketplace(s)
[9/25/2026, 12:36:19 AM.685] [Info] [PluginManager]  Loaded 5 marketplaces (2 built-in) total=2ms storage=1ms builtIn=0ms autoUpdate=0ms
[9/25/2026, 12:36:21 AM.675] [Info] [TracingService]  Tracing uses @tencent/galileo-node-sdk global OpenTelemetry provider; @genie OTLP exporter is skipped.
[9/25/2026, 12:36:21 AM.675] [Info] [TracingService]  Tracing config resolved: {"productEnabled":true,"enabledByEnv":false,"endpoint":"https://copilot.tencent.com","galileoEnabled":true}
[9/25/2026, 12:51:45 AM.872] [Info] [GitInfoCollector]  CODEBUDDY_GIT_REPO_SCAN_DISABLED 1
[9/25/2026, 12:51:45 AM.872] [Info] [GitInfoCollector]  Git repository scan is disabled via CODEBUDDY_GIT_REPO_SCAN_DISABLED environment variable
[9/25/2026, 12:51:45 AM.876] [Info] [WorkflowMemProbe] tick runId=(none) | rss=116.9MB heap=164.7/169.9MB external=54.5MB arrayBuffers=0MB
[9/25/2026, 12:51:45 AM.898] [Info] [GitInfoCollector]  CODEBUDDY_GIT_REPO_SCAN_DISABLED 1
[9/25/2026, 12:51:45 AM.898] [Info] [GitInfoCollector]  Git repository scan is disabled via CODEBUDDY_GIT_REPO_SCAN_DISABLED environment variable
[9/25/2026, 12:51:45 AM.903] [Warning] [CloudProductManager]  Fetch remote configuration failed (attempt 5), no more retries
[9/25/2026, 12:51:45 AM.903] [Error] [CloudProductManager] [undefined]  Fetch remote configuration failed after all retries: getaddrinfo ENOTFOUND copilot.tencent.com, url=/v3/config, code=ENOTFOUND
[9/25/2026, 12:51:45 AM.904] [Warning] [CloudProductManager]  Fetch remote configuration failed: getaddrinfo ENOTFOUND copilot.tencent.com, url=/v3/config, code=ENOTFOUND
[9/25/2026, 12:51:45 AM.904] [Info] [PluginsProductProvider.provide] active=9, ids=[weixinpay@workbuddy-builtin,tencent-docs-plugin@workbuddy-builtin,sheetagent@workbuddy-builtin,tencent-pptx@workbuddy-builtin,tencent-docx@workbuddy-builtin,agent-browser@codebuddy-plugins-official,find-skills@codebuddy-plugins-official,agent-browser@inline,find-skills@inline]
[9/25/2026, 12:51:45 AM.904] [Info] [MCP][cacheDbg] getConnectedServers() called: nonInteractive=true waitForSettle=false cacheNow=[connector-proxy,weixinpay,sheetagent] allServers=[connector-proxy:connected,weixinpay:connected,sheetagent:connected]
[9/25/2026, 12:51:45 AM.904] [Info] [MCP][cacheDbg] getConnectedServers() returning: [connector-proxy,weixinpay,sheetagent] (size=3)
[9/25/2026, 12:51:45 AM.911] [Info] [CustomModelsProductProvider] productName=WorkBuddy, isWorkBuddy=true, userConfigPath=/Users/didi/.workbuddy/models.json
[9/25/2026, 12:51:45 AM.911] [Info] Loaded custom models config from user: /Users/didi/.workbuddy/models.json
[9/25/2026, 12:51:45 AM.911] [Info] [ModelsProductProvider] enterpriseId: undefined, endpoint: https://copilot.tencent.com
[9/25/2026, 12:51:45 AM.911] [Warning] [ModelsProductProvider] enterpriseId is missing, skipping models API call
[9/25/2026, 12:51:45 AM.911] [Info] [AgentModelResolver] product config input: 54 models, 23 agents
[9/25/2026, 12:51:45 AM.911] [Info] [AgentModelResolver] model ids: auto, fast-model, balanced-model, deep-model, hy3, hy3-b, hy3-c, hy3-x, hy4-preview, hy4-preview-f, minimax-m2.5, glm-5v-turbo, glm-5.3, glm-5.3-flash, glm-5.2, glm-5.1, glm-5.0-turbo, glm-4.6v, kimi-k3-1, kimi-k2.8-preview, kimi-k2.7, kimi-k2.6, kimi-k2.5, kimi-k2-thinking, minimax-m3, minimax-m2.7, glm-4.6, deepseek-v4-flash, deepseek-v4.1-flash, deepseek-v4-pro, deepseek-v3-2-volc, deepseek-v3-1-volc, deepseek-v3-1-lkeap, deepseek-v3-1, deepseek-v3-0324-lkeap, deepseek-r1-0528-lkeap, kimi-k2-instruct-taiji, completion-gf, default-1.1, hunyuan-3b, hunyuan-7b-dense, codewise-completions, codewise-rewrite, codewise-nes-a4-027-aide, codewise-jump, deepseek-r1-0528, deepseek-v3-0324-taco-completion, deepseek-v3-0324, default-1.2, hunyuan-2.0-instruct, hunyuan-chat, hunyuan-image-alpha, hunyuan-image-alpha-edit, custom-local:kimi-k3
[9/25/2026, 12:51:45 AM.911] [Info] [AgentModelResolver] agent "cli" original_models=["auto","hy4-preview-f","hy3","hy3-x","deepseek-v4.1-flash","glm-5.3","glm-5.3-flash","glm-5.2","glm-5.1","glm-5v-turbo","minimax-m3","kimi-k3-1","kimi-k2.8-preview","kimi-k2.7","kimi-k2.6","deepseek-v4-pro"] -> resolved_models=["auto","hy4-preview-f","hy3","hy3-x","deepseek-v4.1-flash","glm-5.3","glm-5.3-flash","glm-5.2","glm-5.1","glm-5v-turbo","minimax-m3","kimi-k3-1","kimi-k2.8-preview","kimi-k2.7","kimi-k2.6","deepseek-v4-pro"]
[9/25/2026, 12:51:45 AM.911] [Info] [AgentModelResolver] agent "general-purpose" original_models=[] -> resolved_models=[]
[9/25/2026, 12:51:45 AM.911] [Info] [AgentModelResolver] agent "compact" original_models=[] -> resolved_models=[]
[9/25/2026, 12:51:45 AM.911] [Info] [AgentModelResolver] agent "contextSummary" original_models=[] -> resolved_models=[]
[9/25/2026, 12:51:45 AM.911] [Info] [AgentModelResolver] agent "contentAnalyzer" original_models=[] -> resolved_models=[]
[9/25/2026, 12:51:45 AM.911] [Info] [AgentModelResolver] agent "terminalTitleGenerator" original_models=[] -> resolved_models=[]
[9/25/2026, 12:51:45 AM.911] [Info] [AgentModelResolver] agent "promptSuggestion" original_models=[] -> resolved_models=[]
[9/25/2026, 12:51:45 AM.911] [Info] [AgentModelResolver] agent "memorySelector" original_models=["lite"] -> resolved_models=["lite"]
[9/25/2026, 12:51:45 AM.911] [Info] [AgentModelResolver] agent "summaryGenerator" original_models=[] -> resolved_models=[]
[9/25/2026, 12:51:45 AM.911] [Info] [AgentModelResolver] agent "autoModeClassifier" original_models=[] -> resolved_models=[]
[9/25/2026, 12:51:45 AM.911] [Info] [AgentModelResolver] agent "promptHookEvaluator" original_models=["lite"] -> resolved_models=["lite"]
[9/25/2026, 12:51:45 AM.911] [Info] [AgentModelResolver] agent "insightsAnalyzer" original_models=[] -> resolved_models=[]
[9/25/2026, 12:51:45 AM.911] [Info] [AgentModelResolver] agent "agentInstructions" original_models=[] -> resolved_models=[]
[9/25/2026, 12:51:45 AM.911] [Info] [AgentModelResolver] agent "statusline-setup" original_models=[] -> resolved_models=[]
[9/25/2026, 12:51:45 AM.911] [Info] [AgentModelResolver] agent "Explore" original_models=["lite"] -> resolved_models=["lite"]
[9/25/2026, 12:51:45 AM.911] [Info] [AgentModelResolver] agent "Plan" original_models=[] -> resolved_models=[]
[9/25/2026, 12:51:45 AM.911] [Info] [AgentModelResolver] agent "pulse" original_models=[] -> resolved_models=[]
[9/25/2026, 12:51:45 AM.911] [Info] [AgentModelResolver] agent "handoff-summary" original_models=undefined -> resolved_models=[]
[9/25/2026, 12:51:45 AM.911] [Info] [AgentModelResolver] agent "enhance-prompt" original_models=[] -> resolved_models=[]
[9/25/2026, 12:51:45 AM.911] [Info] [AgentModelResolver] agent "sheet-agent" original_models=[] -> resolved_models=[]
[9/25/2026, 12:51:45 AM.911] [Info] [AgentModelResolver] agent "doc-converter" original_models=[] -> resolved_models=[]
[9/25/2026, 12:51:45 AM.911] [Info] [AgentModelResolver] agent "doc-formatter" original_models=[] -> resolved_models=[]
[9/25/2026, 12:51:45 AM.911] [Info] [AgentModelResolver] agent "doc-writer" original_models=[] -> resolved_models=[]
[9/25/2026, 12:51:45 AM.932] [Info] [PluginPolicyService]  [MergedPlugins][DEBUG] ProductManager.onDidChange fired, reloading policies...
[9/25/2026, 12:51:45 AM.932] [Info] [PluginPolicyService]  [MergedPlugins][DEBUG] Current config builtInMarketPluginsMerge: [{"autoEnable":true,"marketplaceName":"codebuddy-plugins-official","name":"agent-browser","scope":"user"},{"autoEnable":true,"marketplaceName":"codebuddy-plugins-official","name":"find-skills","scope":"user"}]
[9/25/2026, 12:51:45 AM.932] [Info] [PluginPolicyService]  [MergedPlugins] Loaded 2 merged plugin entries
[9/25/2026, 12:51:45 AM.932] [Info] [Startup] AgentManager.rebuildAgents: START
[9/25/2026, 12:51:45 AM.932] [Info] [Startup] AgentManager.rebuildAgents: completed in 17ms, resolving readyDeferred
[9/25/2026, 12:51:45 AM.933] [Info] [PluginManager]  Checking for built-in marketplaces to install...
[9/25/2026, 12:51:45 AM.933] [Info] [BuiltInMarketplaceProvider]  Found 2 built-in marketplace(s)
[9/25/2026, 12:51:45 AM.933] [Info] [PluginManager]  Found 2 built-in marketplace(s)
[9/25/2026, 12:51:45 AM.934] [Info] [MarketplaceStorage]  [MarketplaceStorage] getMarketplaces ensureConfigFile=0ms readAndRepair=1ms migration=0ms total=1ms count=5 path=/Users/didi/.workbuddy/plugins/known_marketplaces.json
[9/25/2026, 12:51:45 AM.934] [Info] [PluginManager]  All built-in marketplaces are already installed
[9/25/2026, 12:51:45 AM.935] [Info] [MarketplaceStorage]  [MarketplaceStorage] getMarketplaces ensureConfigFile=0ms readAndRepair=1ms migration=0ms total=1ms count=5 path=/Users/didi/.workbuddy/plugins/known_marketplaces.json
[9/25/2026, 12:51:45 AM.935] [Info] [BuiltInMarketplaceProvider]  Found 2 built-in marketplace(s)
[9/25/2026, 12:51:45 AM.939] [Info] [PluginManager]  Loaded 5 marketplaces (2 built-in) total=5ms storage=1ms builtIn=0ms autoUpdate=0ms
[9/25/2026, 12:51:46 AM.906] [Info] [GitInfoCollector]  CODEBUDDY_GIT_REPO_SCAN_DISABLED 1
[9/25/2026, 12:51:46 AM.906] [Info] [GitInfoCollector]  Git repository scan is disabled via CODEBUDDY_GIT_REPO_SCAN_DISABLED environment variable
[9/25/2026, 12:51:46 AM.924] [Warning] [CloudProductManager]  Fetch remote configuration failed (attempt 1), will retry after 2s
[9/25/2026, 12:51:47 AM.918] [Info] [TracingService]  Tracing uses @tencent/galileo-node-sdk global OpenTelemetry provider; @genie OTLP exporter is skipped.
[9/25/2026, 12:51:47 AM.918] [Info] [TracingService]  Tracing config resolved: {"productEnabled":true,"enabledByEnv":false,"endpoint":"https://copilot.tencent.com","galileoEnabled":true}
[9/25/2026, 12:51:48 AM.926] [Info] [GitInfoCollector]  CODEBUDDY_GIT_REPO_SCAN_DISABLED 1
[9/25/2026, 12:51:48 AM.926] [Info] [GitInfoCollector]  Git repository scan is disabled via CODEBUDDY_GIT_REPO_SCAN_DISABLED environment variable
[9/25/2026, 12:51:48 AM.941] [Warning] [CloudProductManager]  Fetch remote configuration failed (attempt 2), will retry after 4s
[9/25/2026, 1:07:04 AM.627] [Info] [GitInfoCollector]  CODEBUDDY_GIT_REPO_SCAN_DISABLED 1
[9/25/2026, 1:07:04 AM.627] [Info] [GitInfoCollector]  Git repository scan is disabled via CODEBUDDY_GIT_REPO_SCAN_DISABLED environment variable
[9/25/2026, 1:07:04 AM.629] [Info] [WorkflowMemProbe] tick runId=(none) | rss=143.9MB heap=156.8/162.1MB external=53.6MB arrayBuffers=0MB
[9/25/2026, 1:07:04 AM.648] [Info] [GitInfoCollector]  CODEBUDDY_GIT_REPO_SCAN_DISABLED 1
[9/25/2026, 1:07:04 AM.648] [Info] [GitInfoCollector]  Git repository scan is disabled via CODEBUDDY_GIT_REPO_SCAN_DISABLED environment variable
[9/25/2026, 1:07:04 AM.653] [Warning] [CloudProductManager]  Fetch remote configuration failed (attempt 3), will retry after 8s
[9/25/2026, 1:07:04 AM.653] [Warning] [CloudProductManager]  Fetch remote configuration failed: getaddrinfo ENOTFOUND copilot.tencent.com, url=/v3/config, code=ENOTFOUND
[9/25/2026, 1:07:04 AM.654] [Info] [PluginsProductProvider.provide] active=9, ids=[weixinpay@workbuddy-builtin,tencent-docs-plugin@workbuddy-builtin,sheetagent@workbuddy-builtin,tencent-pptx@workbuddy-builtin,tencent-docx@workbuddy-builtin,agent-browser@codebuddy-plugins-official,find-skills@codebuddy-plugins-official,agent-browser@inline,find-skills@inline]
[9/25/2026, 1:07:04 AM.654] [Info] [MCP][cacheDbg] getConnectedServers() called: nonInteractive=true waitForSettle=false cacheNow=[connector-proxy,weixinpay,sheetagent] allServers=[connector-proxy:connected,weixinpay:connected,sheetagent:connected]
[9/25/2026, 1:07:04 AM.654] [Info] [MCP][cacheDbg] getConnectedServers() returning: [connector-proxy,weixinpay,sheetagent] (size=3)
[9/25/2026, 1:07:04 AM.660] [Info] [CustomModelsProductProvider] productName=WorkBuddy, isWorkBuddy=true, userConfigPath=/Users/didi/.workbuddy/models.json
[9/25/2026, 1:07:04 AM.660] [Info] Loaded custom models config from user: /Users/didi/.workbuddy/models.json
[9/25/2026, 1:07:04 AM.660] [Info] [ModelsProductProvider] enterpriseId: undefined, endpoint: https://copilot.tencent.com
[9/25/2026, 1:07:04 AM.660] [Warning] [ModelsProductProvider] enterpriseId is missing, skipping models API call
[9/25/2026, 1:07:04 AM.661] [Info] [AgentModelResolver] product config input: 54 models, 23 agents
[9/25/2026, 1:07:04 AM.661] [Info] [AgentModelResolver] model ids: auto, fast-model, balanced-model, deep-model, hy3, hy3-b, hy3-c, hy3-x, hy4-preview, hy4-preview-f, minimax-m2.5, glm-5v-turbo, glm-5.3, glm-5.3-flash, glm-5.2, glm-5.1, glm-5.0-turbo, glm-4.6v, kimi-k3-1, kimi-k2.8-preview, kimi-k2.7, kimi-k2.6, kimi-k2.5, kimi-k2-thinking, minimax-m3, minimax-m2.7, glm-4.6, deepseek-v4-flash, deepseek-v4.1-flash, deepseek-v4-pro, deepseek-v3-2-volc, deepseek-v3-1-volc, deepseek-v3-1-lkeap, deepseek-v3-1, deepseek-v3-0324-lkeap, deepseek-r1-0528-lkeap, kimi-k2-instruct-taiji, completion-gf, default-1.1, hunyuan-3b, hunyuan-7b-dense, codewise-completions, codewise-rewrite, codewise-nes-a4-027-aide, codewise-jump, deepseek-r1-0528, deepseek-v3-0324-taco-completion, deepseek-v3-0324, default-1.2, hunyuan-2.0-instruct, hunyuan-chat, hunyuan-image-alpha, hunyuan-image-alpha-edit, custom-local:kimi-k3
[9/25/2026, 1:07:04 AM.661] [Info] [AgentModelResolver] agent "cli" original_models=["auto","hy4-preview-f","hy3","hy3-x","deepseek-v4.1-flash","glm-5.3","glm-5.3-flash","glm-5.2","glm-5.1","glm-5v-turbo","minimax-m3","kimi-k3-1","kimi-k2.8-preview","kimi-k2.7","kimi-k2.6","deepseek-v4-pro"] -> resolved_models=["auto","hy4-preview-f","hy3","hy3-x","deepseek-v4.1-flash","glm-5.3","glm-5.3-flash","glm-5.2","glm-5.1","glm-5v-turbo","minimax-m3","kimi-k3-1","kimi-k2.8-preview","kimi-k2.7","kimi-k2.6","deepseek-v4-pro"]
[9/25/2026, 1:07:04 AM.661] [Info] [AgentModelResolver] agent "general-purpose" original_models=[] -> resolved_models=[]
[9/25/2026, 1:07:04 AM.661] [Info] [AgentModelResolver] agent "compact" original_models=[] -> resolved_models=[]
[9/25/2026, 1:07:04 AM.661] [Info] [AgentModelResolver] agent "contextSummary" original_models=[] -> resolved_models=[]
[9/25/2026, 1:07:04 AM.661] [Info] [AgentModelResolver] agent "contentAnalyzer" original_models=[] -> resolved_models=[]
[9/25/2026, 1:07:04 AM.661] [Info] [AgentModelResolver] agent "terminalTitleGenerator" original_models=[] -> resolved_models=[]
[9/25/2026, 1:07:04 AM.661] [Info] [AgentModelResolver] agent "promptSuggestion" original_models=[] -> resolved_models=[]
[9/25/2026, 1:07:04 AM.661] [Info] [AgentModelResolver] agent "memorySelector" original_models=["lite"] -> resolved_models=["lite"]
[9/25/2026, 1:07:04 AM.661] [Info] [AgentModelResolver] agent "summaryGenerator" original_models=[] -> resolved_models=[]
[9/25/2026, 1:07:04 AM.661] [Info] [AgentModelResolver] agent "autoModeClassifier" original_models=[] -> resolved_models=[]
[9/25/2026, 1:07:04 AM.661] [Info] [AgentModelResolver] agent "promptHookEvaluator" original_models=["lite"] -> resolved_models=["lite"]
[9/25/2026, 1:07:04 AM.661] [Info] [AgentModelResolver] agent "insightsAnalyzer" original_models=[] -> resolved_models=[]
[9/25/2026, 1:07:04 AM.661] [Info] [AgentModelResolver] agent "agentInstructions" original_models=[] -> resolved_models=[]
[9/25/2026, 1:07:04 AM.661] [Info] [AgentModelResolver] agent "statusline-setup" original_models=[] -> resolved_models=[]
[9/25/2026, 1:07:04 AM.661] [Info] [AgentModelResolver] agent "Explore" original_models=["lite"] -> resolved_models=["lite"]
[9/25/2026, 1:07:04 AM.661] [Info] [AgentModelResolver] agent "Plan" original_models=[] -> resolved_models=[]
[9/25/2026, 1:07:04 AM.661] [Info] [AgentModelResolver] agent "pulse" original_models=[] -> resolved_models=[]
[9/25/2026, 1:07:04 AM.661] [Info] [AgentModelResolver] agent "handoff-summary" original_models=undefined -> resolved_models=[]
[9/25/2026, 1:07:04 AM.661] [Info] [AgentModelResolver] agent "enhance-prompt" original_models=[] -> resolved_models=[]
[9/25/2026, 1:07:04 AM.661] [Info] [AgentModelResolver] agent "sheet-agent" original_models=[] -> resolved_models=[]
[9/25/2026, 1:07:04 AM.661] [Info] [AgentModelResolver] agent "doc-converter" original_models=[] -> resolved_models=[]
[9/25/2026, 1:07:04 AM.661] [Info] [AgentModelResolver] agent "doc-formatter" original_models=[] -> resolved_models=[]
[9/25/2026, 1:07:04 AM.661] [Info] [AgentModelResolver] agent "doc-writer" original_models=[] -> resolved_models=[]
[9/25/2026, 1:07:04 AM.675] [Info] [PluginPolicyService]  [MergedPlugins][DEBUG] ProductManager.onDidChange fired, reloading policies...
[9/25/2026, 1:07:04 AM.676] [Info] [PluginPolicyService]  [MergedPlugins][DEBUG] Current config builtInMarketPluginsMerge: [{"autoEnable":true,"marketplaceName":"codebuddy-plugins-official","name":"agent-browser","scope":"user"},{"autoEnable":true,"marketplaceName":"codebuddy-plugins-official","name":"find-skills","scope":"user"}]
[9/25/2026, 1:07:04 AM.676] [Info] [PluginPolicyService]  [MergedPlugins] Loaded 2 merged plugin entries
[9/25/2026, 1:07:04 AM.676] [Info] [Startup] AgentManager.rebuildAgents: START
[9/25/2026, 1:07:04 AM.676] [Info] [Startup] AgentManager.rebuildAgents: completed in 11ms, resolving readyDeferred
[9/25/2026, 1:07:04 AM.676] [Info] [PluginManager]  Checking for built-in marketplaces to install...
[9/25/2026, 1:07:04 AM.676] [Info] [BuiltInMarketplaceProvider]  Found 2 built-in marketplace(s)
[9/25/2026, 1:07:04 AM.676] [Info] [PluginManager]  Found 2 built-in marketplace(s)
[9/25/2026, 1:07:04 AM.676] [Info] [MarketplaceStorage]  [MarketplaceStorage] getMarketplaces ensureConfigFile=0ms readAndRepair=0ms migration=0ms total=0ms count=5 path=/Users/didi/.workbuddy/plugins/known_marketplaces.json
[9/25/2026, 1:07:04 AM.677] [Info] [PluginManager]  All built-in marketplaces are already installed
[9/25/2026, 1:07:04 AM.677] [Info] [MarketplaceStorage]  [MarketplaceStorage] getMarketplaces ensureConfigFile=1ms readAndRepair=0ms migration=0ms total=1ms count=5 path=/Users/didi/.workbuddy/plugins/known_marketplaces.json
[9/25/2026, 1:07:04 AM.677] [Info] [BuiltInMarketplaceProvider]  Found 2 built-in marketplace(s)
[9/25/2026, 1:07:04 AM.678] [Info] [PluginManager]  Loaded 5 marketplaces (2 built-in) total=2ms storage=1ms builtIn=0ms autoUpdate=0ms
[9/25/2026, 1:07:06 AM.666] [Info] [TracingService]  Tracing uses @tencent/galileo-node-sdk global OpenTelemetry provider; @genie OTLP exporter is skipped.
[9/25/2026, 1:07:06 AM.667] [Info] [TracingService]  Tracing config resolved: {"productEnabled":true,"enabledByEnv":false,"endpoint":"https://copilot.tencent.com","galileoEnabled":true}
[9/25/2026, 1:22:10 AM.460] [Info] [GitInfoCollector]  CODEBUDDY_GIT_REPO_SCAN_DISABLED 1
[9/25/2026, 1:22:10 AM.460] [Info] [GitInfoCollector]  Git repository scan is disabled via CODEBUDDY_GIT_REPO_SCAN_DISABLED environment variable
[9/25/2026, 1:22:10 AM.465] [Info] [WorkflowMemProbe] tick runId=(none) | rss=149MB heap=162.4/167.8MB external=54.8MB arrayBuffers=0MB
[9/25/2026, 1:22:10 AM.508] [Info] [GitInfoCollector]  CODEBUDDY_GIT_REPO_SCAN_DISABLED 1
[9/25/2026, 1:22:10 AM.508] [Info] [GitInfoCollector]  Git repository scan is disabled via CODEBUDDY_GIT_REPO_SCAN_DISABLED environment variable
[9/25/2026, 1:22:10 AM.515] [Warning] [CloudProductManager]  Fetch remote configuration failed (attempt 4), will retry after 16s
[9/25/2026, 1:22:10 AM.517] [Warning] [CloudProductManager]  Fetch remote configuration failed: getaddrinfo ENOTFOUND copilot.tencent.com, url=/v3/config, code=ENOTFOUND
[9/25/2026, 1:22:10 AM.518] [Info] [PluginsProductProvider.provide] active=9, ids=[weixinpay@workbuddy-builtin,tencent-docs-plugin@workbuddy-builtin,sheetagent@workbuddy-builtin,tencent-pptx@workbuddy-builtin,tencent-docx@workbuddy-builtin,agent-browser@codebuddy-plugins-official,find-skills@codebuddy-plugins-official,agent-browser@inline,find-skills@inline]
[9/25/2026, 1:22:10 AM.518] [Info] [MCP][cacheDbg] getConnectedServers() called: nonInteractive=true waitForSettle=false cacheNow=[connector-proxy,weixinpay,sheetagent] allServers=[connector-proxy:connected,weixinpay:connected,sheetagent:connected]
[9/25/2026, 1:22:10 AM.518] [Info] [MCP][cacheDbg] getConnectedServers() returning: [connector-proxy,weixinpay,sheetagent] (size=3)
[9/25/2026, 1:22:10 AM.526] [Info] [CustomModelsProductProvider] productName=WorkBuddy, isWorkBuddy=true, userConfigPath=/Users/didi/.workbuddy/models.json
[9/25/2026, 1:22:10 AM.526] [Info] Loaded custom models config from user: /Users/didi/.workbuddy/models.json
[9/25/2026, 1:22:10 AM.526] [Info] [ModelsProductProvider] enterpriseId: undefined, endpoint: https://copilot.tencent.com
[9/25/2026, 1:22:10 AM.526] [Warning] [ModelsProductProvider] enterpriseId is missing, skipping models API call
[9/25/2026, 1:22:10 AM.526] [Info] [AgentModelResolver] product config input: 54 models, 23 agents
[9/25/2026, 1:22:10 AM.526] [Info] [AgentModelResolver] model ids: auto, fast-model, balanced-model, deep-model, hy3, hy3-b, hy3-c, hy3-x, hy4-preview, hy4-preview-f, minimax-m2.5, glm-5v-turbo, glm-5.3, glm-5.3-flash, glm-5.2, glm-5.1, glm-5.0-turbo, glm-4.6v, kimi-k3-1, kimi-k2.8-preview, kimi-k2.7, kimi-k2.6, kimi-k2.5, kimi-k2-thinking, minimax-m3, minimax-m2.7, glm-4.6, deepseek-v4-flash, deepseek-v4.1-flash, deepseek-v4-pro, deepseek-v3-2-volc, deepseek-v3-1-volc, deepseek-v3-1-lkeap, deepseek-v3-1, deepseek-v3-0324-lkeap, deepseek-r1-0528-lkeap, kimi-k2-instruct-taiji, completion-gf, default-1.1, hunyuan-3b, hunyuan-7b-dense, codewise-completions, codewise-rewrite, codewise-nes-a4-027-aide, codewise-jump, deepseek-r1-0528, deepseek-v3-0324-taco-completion, deepseek-v3-0324, default-1.2, hunyuan-2.0-instruct, hunyuan-chat, hunyuan-image-alpha, hunyuan-image-alpha-edit, custom-local:kimi-k3
[9/25/2026, 1:22:10 AM.526] [Info] [AgentModelResolver] agent "cli" original_models=["auto","hy4-preview-f","hy3","hy3-x","deepseek-v4.1-flash","glm-5.3","glm-5.3-flash","glm-5.2","glm-5.1","glm-5v-turbo","minimax-m3","kimi-k3-1","kimi-k2.8-preview","kimi-k2.7","kimi-k2.6","deepseek-v4-pro"] -> resolved_models=["auto","hy4-preview-f","hy3","hy3-x","deepseek-v4.1-flash","glm-5.3","glm-5.3-flash","glm-5.2","glm-5.1","glm-5v-turbo","minimax-m3","kimi-k3-1","kimi-k2.8-preview","kimi-k2.7","kimi-k2.6","deepseek-v4-pro"]
[9/25/2026, 1:22:10 AM.526] [Info] [AgentModelResolver] agent "general-purpose" original_models=[] -> resolved_models=[]
[9/25/2026, 1:22:10 AM.526] [Info] [AgentModelResolver] agent "compact" original_models=[] -> resolved_models=[]
[9/25/2026, 1:22:10 AM.526] [Info] [AgentModelResolver] agent "contextSummary" original_models=[] -> resolved_models=[]
[9/25/2026, 1:22:10 AM.526] [Info] [AgentModelResolver] agent "contentAnalyzer" original_models=[] -> resolved_models=[]
[9/25/2026, 1:22:10 AM.526] [Info] [AgentModelResolver] agent "terminalTitleGenerator" original_models=[] -> resolved_models=[]
[9/25/2026, 1:22:10 AM.526] [Info] [AgentModelResolver] agent "promptSuggestion" original_models=[] -> resolved_models=[]
[9/25/2026, 1:22:10 AM.526] [Info] [AgentModelResolver] agent "memorySelector" original_models=["lite"] -> resolved_models=["lite"]
[9/25/2026, 1:22:10 AM.526] [Info] [AgentModelResolver] agent "summaryGenerator" original_models=[] -> resolved_models=[]
[9/25/2026, 1:22:10 AM.526] [Info] [AgentModelResolver] agent "autoModeClassifier" original_models=[] -> resolved_models=[]
[9/25/2026, 1:22:10 AM.526] [Info] [AgentModelResolver] agent "promptHookEvaluator" original_models=["lite"] -> resolved_models=["lite"]
[9/25/2026, 1:22:10 AM.526] [Info] [AgentModelResolver] agent "insightsAnalyzer" original_models=[] -> resolved_models=[]
[9/25/2026, 1:22:10 AM.526] [Info] [AgentModelResolver] agent "agentInstructions" original_models=[] -> resolved_models=[]
[9/25/2026, 1:22:10 AM.526] [Info] [AgentModelResolver] agent "statusline-setup" original_models=[] -> resolved_models=[]
[9/25/2026, 1:22:10 AM.526] [Info] [AgentModelResolver] agent "Explore" original_models=["lite"] -> resolved_models=["lite"]
[9/25/2026, 1:22:10 AM.526] [Info] [AgentModelResolver] agent "Plan" original_models=[] -> resolved_models=[]
[9/25/2026, 1:22:10 AM.526] [Info] [AgentModelResolver] agent "pulse" original_models=[] -> resolved_models=[]
[9/25/2026, 1:22:10 AM.526] [Info] [AgentModelResolver] agent "handoff-summary" original_models=undefined -> resolved_models=[]
[9/25/2026, 1:22:10 AM.526] [Info] [AgentModelResolver] agent "enhance-prompt" original_models=[] -> resolved_models=[]
[9/25/2026, 1:22:10 AM.526] [Info] [AgentModelResolver] agent "sheet-agent" original_models=[] -> resolved_models=[]
[9/25/2026, 1:22:10 AM.526] [Info] [AgentModelResolver] agent "doc-converter" original_models=[] -> resolved_models=[]
[9/25/2026, 1:22:10 AM.526] [Info] [AgentModelResolver] agent "doc-formatter" original_models=[] -> resolved_models=[]
[9/25/2026, 1:22:10 AM.526] [Info] [AgentModelResolver] agent "doc-writer" original_models=[] -> resolved_models=[]
[9/25/2026, 1:22:10 AM.589] [Info] [PluginPolicyService]  [MergedPlugins][DEBUG] ProductManager.onDidChange fired, reloading policies...
[9/25/2026, 1:22:10 AM.589] [Info] [PluginPolicyService]  [MergedPlugins][DEBUG] Current config builtInMarketPluginsMerge: [{"autoEnable":true,"marketplaceName":"codebuddy-plugins-official","name":"agent-browser","scope":"user"},{"autoEnable":true,"marketplaceName":"codebuddy-plugins-official","name":"find-skills","scope":"user"}]
[9/25/2026, 1:22:10 AM.589] [Info] [PluginPolicyService]  [MergedPlugins] Loaded 2 merged plugin entries
[9/25/2026, 1:22:10 AM.589] [Info] [Startup] AgentManager.rebuildAgents: START
[9/25/2026, 1:22:10 AM.592] [Info] [Startup] AgentManager.rebuildAgents: completed in 61ms, resolving readyDeferred
[9/25/2026, 1:22:10 AM.592] [Info] [PluginManager]  Checking for built-in marketplaces to install...
[9/25/2026, 1:22:10 AM.592] [Info] [BuiltInMarketplaceProvider]  Found 2 built-in marketplace(s)
[9/25/2026, 1:22:10 AM.592] [Info] [PluginManager]  Found 2 built-in marketplace(s)
[9/25/2026, 1:22:10 AM.595] [Info] [MarketplaceStorage]  [MarketplaceStorage] getMarketplaces ensureConfigFile=0ms readAndRepair=3ms migration=0ms total=3ms count=5 path=/Users/didi/.workbuddy/plugins/known_marketplaces.json
[9/25/2026, 1:22:10 AM.595] [Info] [PluginManager]  All built-in marketplaces are already installed
[9/25/2026, 1:22:10 AM.596] [Info] [MarketplaceStorage]  [MarketplaceStorage] getMarketplaces ensureConfigFile=0ms readAndRepair=1ms migration=0ms total=1ms count=5 path=/Users/didi/.workbuddy/plugins/known_marketplaces.json
[9/25/2026, 1:22:10 AM.596] [Info] [BuiltInMarketplaceProvider]  Found 2 built-in marketplace(s)
[9/25/2026, 1:22:10 AM.603] [Info] [PluginManager]  Loaded 5 marketplaces (2 built-in) total=8ms storage=1ms builtIn=0ms autoUpdate=0ms
[9/25/2026, 1:22:12 AM.532] [Info] [TracingService]  Tracing uses @tencent/galileo-node-sdk global OpenTelemetry provider; @genie OTLP exporter is skipped.
[9/25/2026, 1:22:12 AM.532] [Info] [TracingService]  Tracing config resolved: {"productEnabled":true,"enabledByEnv":false,"endpoint":"https://copilot.tencent.com","galileoEnabled":true}
[9/25/2026, 1:39:55 AM.777] [Info] [GitInfoCollector]  CODEBUDDY_GIT_REPO_SCAN_DISABLED 1
[9/25/2026, 1:39:55 AM.777] [Info] [GitInfoCollector]  Git repository scan is disabled via CODEBUDDY_GIT_REPO_SCAN_DISABLED environment variable
[9/25/2026, 1:39:55 AM.780] [Info] [WorkflowMemProbe] tick runId=(none) | rss=152.3MB heap=165.5/169.4MB external=53.6MB arrayBuffers=0MB
[9/25/2026, 1:39:55 AM.781] [Error] [TracingService]  [primary] Failed to export 1 spans, traceIds: 7da4fff56b4ffda9749024c480308b3f, error: getaddrinfo ENOTFOUND copilot.tencent.com
[9/25/2026, 1:39:55 AM.801] [Info] [GitInfoCollector]  CODEBUDDY_GIT_REPO_SCAN_DISABLED 1
[9/25/2026, 1:39:55 AM.801] [Info] [GitInfoCollector]  Git repository scan is disabled via CODEBUDDY_GIT_REPO_SCAN_DISABLED environment variable
[9/25/2026, 1:39:55 AM.806] [Warning] [CloudProductManager]  Fetch remote configuration failed (attempt 5), no more retries
[9/25/2026, 1:39:55 AM.806] [Error] [CloudProductManager] [undefined]  Fetch remote configuration failed after all retries: getaddrinfo ENOTFOUND copilot.tencent.com, url=/v3/config, code=ENOTFOUND
[9/25/2026, 1:39:55 AM.807] [Warning] [CloudProductManager]  Fetch remote configuration failed: getaddrinfo ENOTFOUND copilot.tencent.com, url=/v3/config, code=ENOTFOUND
[9/25/2026, 1:39:55 AM.807] [Info] [PluginsProductProvider.provide] active=9, ids=[weixinpay@workbuddy-builtin,tencent-docs-plugin@workbuddy-builtin,sheetagent@workbuddy-builtin,tencent-pptx@workbuddy-builtin,tencent-docx@workbuddy-builtin,agent-browser@codebuddy-plugins-official,find-skills@codebuddy-plugins-official,agent-browser@inline,find-skills@inline]
[9/25/2026, 1:39:55 AM.808] [Info] [MCP][cacheDbg] getConnectedServers() called: nonInteractive=true waitForSettle=false cacheNow=[connector-proxy,weixinpay,sheetagent] allServers=[connector-proxy:connected,weixinpay:connected,sheetagent:connected]
[9/25/2026, 1:39:55 AM.808] [Info] [MCP][cacheDbg] getConnectedServers() returning: [connector-proxy,weixinpay,sheetagent] (size=3)
[9/25/2026, 1:39:55 AM.814] [Info] [CustomModelsProductProvider] productName=WorkBuddy, isWorkBuddy=true, userConfigPath=/Users/didi/.workbuddy/models.json
[9/25/2026, 1:39:55 AM.814] [Info] Loaded custom models config from user: /Users/didi/.workbuddy/models.json
[9/25/2026, 1:39:55 AM.814] [Info] [ModelsProductProvider] enterpriseId: undefined, endpoint: https://copilot.tencent.com
[9/25/2026, 1:39:55 AM.814] [Warning] [ModelsProductProvider] enterpriseId is missing, skipping models API call
[9/25/2026, 1:39:55 AM.814] [Info] [AgentModelResolver] product config input: 54 models, 23 agents
[9/25/2026, 1:39:55 AM.814] [Info] [AgentModelResolver] model ids: auto, fast-model, balanced-model, deep-model, hy3, hy3-b, hy3-c, hy3-x, hy4-preview, hy4-preview-f, minimax-m2.5, glm-5v-turbo, glm-5.3, glm-5.3-flash, glm-5.2, glm-5.1, glm-5.0-turbo, glm-4.6v, kimi-k3-1, kimi-k2.8-preview, kimi-k2.7, kimi-k2.6, kimi-k2.5, kimi-k2-thinking, minimax-m3, minimax-m2.7, glm-4.6, deepseek-v4-flash, deepseek-v4.1-flash, deepseek-v4-pro, deepseek-v3-2-volc, deepseek-v3-1-volc, deepseek-v3-1-lkeap, deepseek-v3-1, deepseek-v3-0324-lkeap, deepseek-r1-0528-lkeap, kimi-k2-instruct-taiji, completion-gf, default-1.1, hunyuan-3b, hunyuan-7b-dense, codewise-completions, codewise-rewrite, codewise-nes-a4-027-aide, codewise-jump, deepseek-r1-0528, deepseek-v3-0324-taco-completion, deepseek-v3-0324, default-1.2, hunyuan-2.0-instruct, hunyuan-chat, hunyuan-image-alpha, hunyuan-image-alpha-edit, custom-local:kimi-k3
[9/25/2026, 1:39:55 AM.814] [Info] [AgentModelResolver] agent "cli" original_models=["auto","hy4-preview-f","hy3","hy3-x","deepseek-v4.1-flash","glm-5.3","glm-5.3-flash","glm-5.2","glm-5.1","glm-5v-turbo","minimax-m3","kimi-k3-1","kimi-k2.8-preview","kimi-k2.7","kimi-k2.6","deepseek-v4-pro"] -> resolved_models=["auto","hy4-preview-f","hy3","hy3-x","deepseek-v4.1-flash","glm-5.3","glm-5.3-flash","glm-5.2","glm-5.1","glm-5v-turbo","minimax-m3","kimi-k3-1","kimi-k2.8-preview","kimi-k2.7","kimi-k2.6","deepseek-v4-pro"]
[9/25/2026, 1:39:55 AM.814] [Info] [AgentModelResolver] agent "general-purpose" original_models=[] -> resolved_models=[]
[9/25/2026, 1:39:55 AM.814] [Info] [AgentModelResolver] agent "compact" original_models=[] -> resolved_models=[]
[9/25/2026, 1:39:55 AM.814] [Info] [AgentModelResolver] agent "contextSummary" original_models=[] -> resolved_models=[]
[9/25/2026, 1:39:55 AM.814] [Info] [AgentModelResolver] agent "contentAnalyzer" original_models=[] -> resolved_models=[]
[9/25/2026, 1:39:55 AM.814] [Info] [AgentModelResolver] agent "terminalTitleGenerator" original_models=[] -> resolved_models=[]
[9/25/2026, 1:39:55 AM.814] [Info] [AgentModelResolver] agent "promptSuggestion" original_models=[] -> resolved_models=[]
[9/25/2026, 1:39:55 AM.814] [Info] [AgentModelResolver] agent "memorySelector" original_models=["lite"] -> resolved_models=["lite"]
[9/25/2026, 1:39:55 AM.814] [Info] [AgentModelResolver] agent "summaryGenerator" original_models=[] -> resolved_models=[]
[9/25/2026, 1:39:55 AM.814] [Info] [AgentModelResolver] agent "autoModeClassifier" original_models=[] -> resolved_models=[]
[9/25/2026, 1:39:55 AM.814] [Info] [AgentModelResolver] agent "promptHookEvaluator" original_models=["lite"] -> resolved_models=["lite"]
[9/25/2026, 1:39:55 AM.814] [Info] [AgentModelResolver] agent "insightsAnalyzer" original_models=[] -> resolved_models=[]
[9/25/2026, 1:39:55 AM.814] [Info] [AgentModelResolver] agent "agentInstructions" original_models=[] -> resolved_models=[]
[9/25/2026, 1:39:55 AM.814] [Info] [AgentModelResolver] agent "statusline-setup" original_models=[] -> resolved_models=[]
[9/25/2026, 1:39:55 AM.814] [Info] [AgentModelResolver] agent "Explore" original_models=["lite"] -> resolved_models=["lite"]
[9/25/2026, 1:39:55 AM.814] [Info] [AgentModelResolver] agent "Plan" original_models=[] -> resolved_models=[]
[9/25/2026, 1:39:55 AM.814] [Info] [AgentModelResolver] agent "pulse" original_models=[] -> resolved_models=[]
[9/25/2026, 1:39:55 AM.814] [Info] [AgentModelResolver] agent "handoff-summary" original_models=undefined -> resolved_models=[]
[9/25/2026, 1:39:55 AM.814] [Info] [AgentModelResolver] agent "enhance-prompt" original_models=[] -> resolved_models=[]
[9/25/2026, 1:39:55 AM.814] [Info] [AgentModelResolver] agent "sheet-agent" original_models=[] -> resolved_models=[]
[9/25/2026, 1:39:55 AM.814] [Info] [AgentModelResolver] agent "doc-converter" original_models=[] -> resolved_models=[]
[9/25/2026, 1:39:55 AM.814] [Info] [AgentModelResolver] agent "doc-formatter" original_models=[] -> resolved_models=[]
[9/25/2026, 1:39:55 AM.814] [Info] [AgentModelResolver] agent "doc-writer" original_models=[] -> resolved_models=[]
[9/25/2026, 1:39:55 AM.831] [Info] [PluginPolicyService]  [MergedPlugins][DEBUG] ProductManager.onDidChange fired, reloading policies...
[9/25/2026, 1:39:55 AM.831] [Info] [PluginPolicyService]  [MergedPlugins][DEBUG] Current config builtInMarketPluginsMerge: [{"autoEnable":true,"marketplaceName":"codebuddy-plugins-official","name":"agent-browser","scope":"user"},{"autoEnable":true,"marketplaceName":"codebuddy-plugins-official","name":"find-skills","scope":"user"}]
[9/25/2026, 1:39:55 AM.831] [Info] [PluginPolicyService]  [MergedPlugins] Loaded 2 merged plugin entries
[9/25/2026, 1:39:55 AM.831] [Info] [Startup] AgentManager.rebuildAgents: START
[9/25/2026, 1:39:55 AM.831] [Info] [Startup] AgentManager.rebuildAgents: completed in 12ms, resolving readyDeferred
[9/25/2026, 1:39:55 AM.831] [Info] [PluginManager]  Checking for built-in marketplaces to install...
[9/25/2026, 1:39:55 AM.831] [Info] [BuiltInMarketplaceProvider]  Found 2 built-in marketplace(s)
[9/25/2026, 1:39:55 AM.831] [Info] [PluginManager]  Found 2 built-in marketplace(s)
[9/25/2026, 1:39:55 AM.832] [Info] [MarketplaceStorage]  [MarketplaceStorage] getMarketplaces ensureConfigFile=0ms readAndRepair=1ms migration=0ms total=1ms count=5 path=/Users/didi/.workbuddy/plugins/known_marketplaces.json
[9/25/2026, 1:39:55 AM.832] [Info] [PluginManager]  All built-in marketplaces are already installed
[9/25/2026, 1:39:55 AM.833] [Info] [MarketplaceStorage]  [MarketplaceStorage] getMarketplaces ensureConfigFile=0ms readAndRepair=1ms migration=0ms total=1ms count=5 path=/Users/didi/.workbuddy/plugins/known_marketplaces.json
[9/25/2026, 1:39:55 AM.833] [Info] [BuiltInMarketplaceProvider]  Found 2 built-in marketplace(s)
[9/25/2026, 1:39:55 AM.836] [Info] [PluginManager]  Loaded 5 marketplaces (2 built-in) total=4ms storage=1ms builtIn=0ms autoUpdate=0ms
[9/25/2026, 1:39:56 AM.809] [Info] [GitInfoCollector]  CODEBUDDY_GIT_REPO_SCAN_DISABLED 1
[9/25/2026, 1:39:56 AM.809] [Info] [GitInfoCollector]  Git repository scan is disabled via CODEBUDDY_GIT_REPO_SCAN_DISABLED environment variable
[9/25/2026, 1:39:56 AM.826] [Warning] [CloudProductManager]  Fetch remote configuration failed (attempt 1), will retry after 2s
[9/25/2026, 1:39:57 AM.822] [Info] [TracingService]  Tracing uses @tencent/galileo-node-sdk global OpenTelemetry provider; @genie OTLP exporter is skipped.
[9/25/2026, 1:39:57 AM.822] [Info] [TracingService]  Tracing config resolved: {"productEnabled":true,"enabledByEnv":false,"endpoint":"https://copilot.tencent.com","galileoEnabled":true}
[9/25/2026, 1:39:58 AM.828] [Info] [GitInfoCollector]  CODEBUDDY_GIT_REPO_SCAN_DISABLED 1
[9/25/2026, 1:39:58 AM.828] [Info] [GitInfoCollector]  Git repository scan is disabled via CODEBUDDY_GIT_REPO_SCAN_DISABLED environment variable
[9/25/2026, 1:39:58 AM.839] [Warning] [CloudProductManager]  Fetch remote configuration failed (attempt 2), will retry after 4s
[9/25/2026, 1:54:57 AM.576] [Info] [GitInfoCollector]  CODEBUDDY_GIT_REPO_SCAN_DISABLED 1
[9/25/2026, 1:54:57 AM.576] [Info] [GitInfoCollector]  Git repository scan is disabled via CODEBUDDY_GIT_REPO_SCAN_DISABLED environment variable
[9/25/2026, 1:54:57 AM.579] [Info] [WorkflowMemProbe] tick runId=(none) | rss=147.1MB heap=156.6/163.6MB external=53.6MB arrayBuffers=0MB
[9/25/2026, 1:54:57 AM.582] [Info] [GitInfoCollector]  CODEBUDDY_GIT_REPO_SCAN_DISABLED 1
[9/25/2026, 1:54:57 AM.582] [Info] [GitInfoCollector]  Git repository scan is disabled via CODEBUDDY_GIT_REPO_SCAN_DISABLED environment variable
[9/25/2026, 1:54:57 AM.610] [Warning] [CloudProductManager]  Fetch remote configuration failed: getaddrinfo ENOTFOUND copilot.tencent.com, url=/v3/config, code=ENOTFOUND
[9/25/2026, 1:54:57 AM.610] [Warning] [CloudProductManager]  Fetch remote configuration failed (attempt 3), will retry after 8s
[9/25/2026, 1:54:57 AM.610] [Info] [PluginsProductProvider.provide] active=9, ids=[weixinpay@workbuddy-builtin,tencent-docs-plugin@workbuddy-builtin,sheetagent@workbuddy-builtin,tencent-pptx@workbuddy-builtin,tencent-docx@workbuddy-builtin,agent-browser@codebuddy-plugins-official,find-skills@codebuddy-plugins-official,agent-browser@inline,find-skills@inline]
[9/25/2026, 1:54:57 AM.611] [Info] [MCP][cacheDbg] getConnectedServers() called: nonInteractive=true waitForSettle=false cacheNow=[connector-proxy,weixinpay,sheetagent] allServers=[connector-proxy:connected,weixinpay:connected,sheetagent:connected]
[9/25/2026, 1:54:57 AM.611] [Info] [MCP][cacheDbg] getConnectedServers() returning: [connector-proxy,weixinpay,sheetagent] (size=3)
[9/25/2026, 1:54:57 AM.617] [Info] [CustomModelsProductProvider] productName=WorkBuddy, isWorkBuddy=true, userConfigPath=/Users/didi/.workbuddy/models.json
[9/25/2026, 1:54:57 AM.617] [Info] Loaded custom models config from user: /Users/didi/.workbuddy/models.json
[9/25/2026, 1:54:57 AM.617] [Info] [ModelsProductProvider] enterpriseId: undefined, endpoint: https://copilot.tencent.com
[9/25/2026, 1:54:57 AM.617] [Warning] [ModelsProductProvider] enterpriseId is missing, skipping models API call
[9/25/2026, 1:54:57 AM.617] [Info] [AgentModelResolver] product config input: 54 models, 23 agents
[9/25/2026, 1:54:57 AM.617] [Info] [AgentModelResolver] model ids: auto, fast-model, balanced-model, deep-model, hy3, hy3-b, hy3-c, hy3-x, hy4-preview, hy4-preview-f, minimax-m2.5, glm-5v-turbo, glm-5.3, glm-5.3-flash, glm-5.2, glm-5.1, glm-5.0-turbo, glm-4.6v, kimi-k3-1, kimi-k2.8-preview, kimi-k2.7, kimi-k2.6, kimi-k2.5, kimi-k2-thinking, minimax-m3, minimax-m2.7, glm-4.6, deepseek-v4-flash, deepseek-v4.1-flash, deepseek-v4-pro, deepseek-v3-2-volc, deepseek-v3-1-volc, deepseek-v3-1-lkeap, deepseek-v3-1, deepseek-v3-0324-lkeap, deepseek-r1-0528-lkeap, kimi-k2-instruct-taiji, completion-gf, default-1.1, hunyuan-3b, hunyuan-7b-dense, codewise-completions, codewise-rewrite, codewise-nes-a4-027-aide, codewise-jump, deepseek-r1-0528, deepseek-v3-0324-taco-completion, deepseek-v3-0324, default-1.2, hunyuan-2.0-instruct, hunyuan-chat, hunyuan-image-alpha, hunyuan-image-alpha-edit, custom-local:kimi-k3
[9/25/2026, 1:54:57 AM.617] [Info] [AgentModelResolver] agent "cli" original_models=["auto","hy4-preview-f","hy3","hy3-x","deepseek-v4.1-flash","glm-5.3","glm-5.3-flash","glm-5.2","glm-5.1","glm-5v-turbo","minimax-m3","kimi-k3-1","kimi-k2.8-preview","kimi-k2.7","kimi-k2.6","deepseek-v4-pro"] -> resolved_models=["auto","hy4-preview-f","hy3","hy3-x","deepseek-v4.1-flash","glm-5.3","glm-5.3-flash","glm-5.2","glm-5.1","glm-5v-turbo","minimax-m3","kimi-k3-1","kimi-k2.8-preview","kimi-k2.7","kimi-k2.6","deepseek-v4-pro"]
[9/25/2026, 1:54:57 AM.617] [Info] [AgentModelResolver] agent "general-purpose" original_models=[] -> resolved_models=[]
[9/25/2026, 1:54:57 AM.617] [Info] [AgentModelResolver] agent "compact" original_models=[] -> resolved_models=[]
[9/25/2026, 1:54:57 AM.617] [Info] [AgentModelResolver] agent "contextSummary" original_models=[] -> resolved_models=[]
[9/25/2026, 1:54:57 AM.617] [Info] [AgentModelResolver] agent "contentAnalyzer" original_models=[] -> resolved_models=[]
[9/25/2026, 1:54:57 AM.617] [Info] [AgentModelResolver] agent "terminalTitleGenerator" original_models=[] -> resolved_models=[]
[9/25/2026, 1:54:57 AM.617] [Info] [AgentModelResolver] agent "promptSuggestion" original_models=[] -> resolved_models=[]
[9/25/2026, 1:54:57 AM.617] [Info] [AgentModelResolver] agent "memorySelector" original_models=["lite"] -> resolved_models=["lite"]
[9/25/2026, 1:54:57 AM.617] [Info] [AgentModelResolver] agent "summaryGenerator" original_models=[] -> resolved_models=[]
[9/25/2026, 1:54:57 AM.617] [Info] [AgentModelResolver] agent "autoModeClassifier" original_models=[] -> resolved_models=[]
[9/25/2026, 1:54:57 AM.617] [Info] [AgentModelResolver] agent "promptHookEvaluator" original_models=["lite"] -> resolved_models=["lite"]
[9/25/2026, 1:54:57 AM.617] [Info] [AgentModelResolver] agent "insightsAnalyzer" original_models=[] -> resolved_models=[]
[9/25/2026, 1:54:57 AM.617] [Info] [AgentModelResolver] agent "agentInstructions" original_models=[] -> resolved_models=[]
[9/25/2026, 1:54:57 AM.617] [Info] [AgentModelResolver] agent "statusline-setup" original_models=[] -> resolved_models=[]
[9/25/2026, 1:54:57 AM.617] [Info] [AgentModelResolver] agent "Explore" original_models=["lite"] -> resolved_models=["lite"]
[9/25/2026, 1:54:57 AM.617] [Info] [AgentModelResolver] agent "Plan" original_models=[] -> resolved_models=[]
[9/25/2026, 1:54:57 AM.617] [Info] [AgentModelResolver] agent "pulse" original_models=[] -> resolved_models=[]
[9/25/2026, 1:54:57 AM.617] [Info] [AgentModelResolver] agent "handoff-summary" original_models=undefined -> resolved_models=[]
[9/25/2026, 1:54:57 AM.617] [Info] [AgentModelResolver] agent "enhance-prompt" original_models=[] -> resolved_models=[]
[9/25/2026, 1:54:57 AM.617] [Info] [AgentModelResolver] agent "sheet-agent" original_models=[] -> resolved_models=[]
[9/25/2026, 1:54:57 AM.617] [Info] [AgentModelResolver] agent "doc-converter" original_models=[] -> resolved_models=[]
[9/25/2026, 1:54:57 AM.617] [Info] [AgentModelResolver] agent "doc-formatter" original_models=[] -> resolved_models=[]
[9/25/2026, 1:54:57 AM.617] [Info] [AgentModelResolver] agent "doc-writer" original_models=[] -> resolved_models=[]
[9/25/2026, 1:54:57 AM.632] [Info] [PluginPolicyService]  [MergedPlugins][DEBUG] ProductManager.onDidChange fired, reloading policies...
[9/25/2026, 1:54:57 AM.632] [Info] [PluginPolicyService]  [MergedPlugins][DEBUG] Current config builtInMarketPluginsMerge: [{"autoEnable":true,"marketplaceName":"codebuddy-plugins-official","name":"agent-browser","scope":"user"},{"autoEnable":true,"marketplaceName":"codebuddy-plugins-official","name":"find-skills","scope":"user"}]
[9/25/2026, 1:54:57 AM.632] [Info] [PluginPolicyService]  [MergedPlugins] Loaded 2 merged plugin entries
[9/25/2026, 1:54:57 AM.632] [Info] [Startup] AgentManager.rebuildAgents: START
[9/25/2026, 1:54:57 AM.632] [Info] [Startup] AgentManager.rebuildAgents: completed in 11ms, resolving readyDeferred
[9/25/2026, 1:54:57 AM.632] [Info] [PluginManager]  Checking for built-in marketplaces to install...
[9/25/2026, 1:54:57 AM.632] [Info] [BuiltInMarketplaceProvider]  Found 2 built-in marketplace(s)
[9/25/2026, 1:54:57 AM.632] [Info] [PluginManager]  Found 2 built-in marketplace(s)
[9/25/2026, 1:54:57 AM.633] [Info] [MarketplaceStorage]  [MarketplaceStorage] getMarketplaces ensureConfigFile=0ms readAndRepair=1ms migration=0ms total=1ms count=5 path=/Users/didi/.workbuddy/plugins/known_marketplaces.json
[9/25/2026, 1:54:57 AM.633] [Info] [PluginManager]  All built-in marketplaces are already installed
[9/25/2026, 1:54:57 AM.633] [Info] [MarketplaceStorage]  [MarketplaceStorage] getMarketplaces ensureConfigFile=0ms readAndRepair=0ms migration=0ms total=0ms count=5 path=/Users/didi/.workbuddy/plugins/known_marketplaces.json
[9/25/2026, 1:54:57 AM.633] [Info] [BuiltInMarketplaceProvider]  Found 2 built-in marketplace(s)
[9/25/2026, 1:54:57 AM.635] [Info] [PluginManager]  Loaded 5 marketplaces (2 built-in) total=2ms storage=0ms builtIn=0ms autoUpdate=0ms
[9/25/2026, 1:54:59 AM.622] [Info] [TracingService]  Tracing uses @tencent/galileo-node-sdk global OpenTelemetry provider; @genie OTLP exporter is skipped.
[9/25/2026, 1:54:59 AM.622] [Info] [TracingService]  Tracing config resolved: {"productEnabled":true,"enabledByEnv":false,"endpoint":"https://copilot.tencent.com","galileoEnabled":true}
[9/25/2026, 2:10:12 AM.443] [Info] [GitInfoCollector]  CODEBUDDY_GIT_REPO_SCAN_DISABLED 1
[9/25/2026, 2:10:12 AM.443] [Info] [GitInfoCollector]  Git repository scan is disabled via CODEBUDDY_GIT_REPO_SCAN_DISABLED environment variable
[9/25/2026, 2:10:12 AM.448] [Info] [WorkflowMemProbe] tick runId=(none) | rss=149.4MB heap=161.1/166.9MB external=53.6MB arrayBuffers=0MB
[9/25/2026, 2:10:12 AM.480] [Info] [GitInfoCollector]  CODEBUDDY_GIT_REPO_SCAN_DISABLED 1
[9/25/2026, 2:10:12 AM.480] [Info] [GitInfoCollector]  Git repository scan is disabled via CODEBUDDY_GIT_REPO_SCAN_DISABLED environment variable
[9/25/2026, 2:10:12 AM.487] [Warning] [CloudProductManager]  Fetch remote configuration failed (attempt 4), will retry after 16s
[9/25/2026, 2:10:12 AM.494] [Warning] [CloudProductManager]  Fetch remote configuration failed: getaddrinfo ENOTFOUND copilot.tencent.com, url=/v3/config, code=ENOTFOUND
[9/25/2026, 2:10:12 AM.494] [Info] [PluginsProductProvider.provide] active=9, ids=[weixinpay@workbuddy-builtin,tencent-docs-plugin@workbuddy-builtin,sheetagent@workbuddy-builtin,tencent-pptx@workbuddy-builtin,tencent-docx@workbuddy-builtin,agent-browser@codebuddy-plugins-official,find-skills@codebuddy-plugins-official,agent-browser@inline,find-skills@inline]
[9/25/2026, 2:10:12 AM.495] [Info] [MCP][cacheDbg] getConnectedServers() called: nonInteractive=true waitForSettle=false cacheNow=[connector-proxy,weixinpay,sheetagent] allServers=[connector-proxy:connected,weixinpay:connected,sheetagent:connected]
[9/25/2026, 2:10:12 AM.495] [Info] [MCP][cacheDbg] getConnectedServers() returning: [connector-proxy,weixinpay,sheetagent] (size=3)
[9/25/2026, 2:10:12 AM.503] [Info] [CustomModelsProductProvider] productName=WorkBuddy, isWorkBuddy=true, userConfigPath=/Users/didi/.workbuddy/models.json
[9/25/2026, 2:10:12 AM.503] [Info] Loaded custom models config from user: /Users/didi/.workbuddy/models.json
[9/25/2026, 2:10:12 AM.503] [Info] [ModelsProductProvider] enterpriseId: undefined, endpoint: https://copilot.tencent.com
[9/25/2026, 2:10:12 AM.503] [Warning] [ModelsProductProvider] enterpriseId is missing, skipping models API call
[9/25/2026, 2:10:12 AM.503] [Info] [AgentModelResolver] product config input: 54 models, 23 agents
[9/25/2026, 2:10:12 AM.503] [Info] [AgentModelResolver] model ids: auto, fast-model, balanced-model, deep-model, hy3, hy3-b, hy3-c, hy3-x, hy4-preview, hy4-preview-f, minimax-m2.5, glm-5v-turbo, glm-5.3, glm-5.3-flash, glm-5.2, glm-5.1, glm-5.0-turbo, glm-4.6v, kimi-k3-1, kimi-k2.8-preview, kimi-k2.7, kimi-k2.6, kimi-k2.5, kimi-k2-thinking, minimax-m3, minimax-m2.7, glm-4.6, deepseek-v4-flash, deepseek-v4.1-flash, deepseek-v4-pro, deepseek-v3-2-volc, deepseek-v3-1-volc, deepseek-v3-1-lkeap, deepseek-v3-1, deepseek-v3-0324-lkeap, deepseek-r1-0528-lkeap, kimi-k2-instruct-taiji, completion-gf, default-1.1, hunyuan-3b, hunyuan-7b-dense, codewise-completions, codewise-rewrite, codewise-nes-a4-027-aide, codewise-jump, deepseek-r1-0528, deepseek-v3-0324-taco-completion, deepseek-v3-0324, default-1.2, hunyuan-2.0-instruct, hunyuan-chat, hunyuan-image-alpha, hunyuan-image-alpha-edit, custom-local:kimi-k3
[9/25/2026, 2:10:12 AM.503] [Info] [AgentModelResolver] agent "cli" original_models=["auto","hy4-preview-f","hy3","hy3-x","deepseek-v4.1-flash","glm-5.3","glm-5.3-flash","glm-5.2","glm-5.1","glm-5v-turbo","minimax-m3","kimi-k3-1","kimi-k2.8-preview","kimi-k2.7","kimi-k2.6","deepseek-v4-pro"] -> resolved_models=["auto","hy4-preview-f","hy3","hy3-x","deepseek-v4.1-flash","glm-5.3","glm-5.3-flash","glm-5.2","glm-5.1","glm-5v-turbo","minimax-m3","kimi-k3-1","kimi-k2.8-preview","kimi-k2.7","kimi-k2.6","deepseek-v4-pro"]
[9/25/2026, 2:10:12 AM.503] [Info] [AgentModelResolver] agent "general-purpose" original_models=[] -> resolved_models=[]
[9/25/2026, 2:10:12 AM.503] [Info] [AgentModelResolver] agent "compact" original_models=[] -> resolved_models=[]
[9/25/2026, 2:10:12 AM.503] [Info] [AgentModelResolver] agent "contextSummary" original_models=[] -> resolved_models=[]
[9/25/2026, 2:10:12 AM.503] [Info] [AgentModelResolver] agent "contentAnalyzer" original_models=[] -> resolved_models=[]
[9/25/2026, 2:10:12 AM.503] [Info] [AgentModelResolver] agent "terminalTitleGenerator" original_models=[] -> resolved_models=[]
[9/25/2026, 2:10:12 AM.503] [Info] [AgentModelResolver] agent "promptSuggestion" original_models=[] -> resolved_models=[]
[9/25/2026, 2:10:12 AM.503] [Info] [AgentModelResolver] agent "memorySelector" original_models=["lite"] -> resolved_models=["lite"]
[9/25/2026, 2:10:12 AM.503] [Info] [AgentModelResolver] agent "summaryGenerator" original_models=[] -> resolved_models=[]
[9/25/2026, 2:10:12 AM.503] [Info] [AgentModelResolver] agent "autoModeClassifier" original_models=[] -> resolved_models=[]
[9/25/2026, 2:10:12 AM.503] [Info] [AgentModelResolver] agent "promptHookEvaluator" original_models=["lite"] -> resolved_models=["lite"]
[9/25/2026, 2:10:12 AM.503] [Info] [AgentModelResolver] agent "insightsAnalyzer" original_models=[] -> resolved_models=[]
[9/25/2026, 2:10:12 AM.503] [Info] [AgentModelResolver] agent "agentInstructions" original_models=[] -> resolved_models=[]
[9/25/2026, 2:10:12 AM.503] [Info] [AgentModelResolver] agent "statusline-setup" original_models=[] -> resolved_models=[]
[9/25/2026, 2:10:12 AM.503] [Info] [AgentModelResolver] agent "Explore" original_models=["lite"] -> resolved_models=["lite"]
[9/25/2026, 2:10:12 AM.503] [Info] [AgentModelResolver] agent "Plan" original_models=[] -> resolved_models=[]
[9/25/2026, 2:10:12 AM.503] [Info] [AgentModelResolver] agent "pulse" original_models=[] -> resolved_models=[]
[9/25/2026, 2:10:12 AM.503] [Info] [AgentModelResolver] agent "handoff-summary" original_models=undefined -> resolved_models=[]
[9/25/2026, 2:10:12 AM.503] [Info] [AgentModelResolver] agent "enhance-prompt" original_models=[] -> resolved_models=[]
[9/25/2026, 2:10:12 AM.503] [Info] [AgentModelResolver] agent "sheet-agent" original_models=[] -> resolved_models=[]
[9/25/2026, 2:10:12 AM.503] [Info] [AgentModelResolver] agent "doc-converter" original_models=[] -> resolved_models=[]
[9/25/2026, 2:10:12 AM.503] [Info] [AgentModelResolver] agent "doc-formatter" original_models=[] -> resolved_models=[]
[9/25/2026, 2:10:12 AM.503] [Info] [AgentModelResolver] agent "doc-writer" original_models=[] -> resolved_models=[]
[9/25/2026, 2:10:12 AM.570] [Info] [PluginPolicyService]  [MergedPlugins][DEBUG] ProductManager.onDidChange fired, reloading policies...
[9/25/2026, 2:10:12 AM.570] [Info] [PluginPolicyService]  [MergedPlugins][DEBUG] Current config builtInMarketPluginsMerge: [{"autoEnable":true,"marketplaceName":"codebuddy-plugins-official","name":"agent-browser","scope":"user"},{"autoEnable":true,"marketplaceName":"codebuddy-plugins-official","name":"find-skills","scope":"user"}]
[9/25/2026, 2:10:12 AM.570] [Info] [PluginPolicyService]  [MergedPlugins] Loaded 2 merged plugin entries
[9/25/2026, 2:10:12 AM.570] [Info] [Startup] AgentManager.rebuildAgents: START
[9/25/2026, 2:10:12 AM.575] [Info] [Startup] AgentManager.rebuildAgents: completed in 66ms, resolving readyDeferred
[9/25/2026, 2:10:12 AM.575] [Info] [PluginManager]  Checking for built-in marketplaces to install...
[9/25/2026, 2:10:12 AM.575] [Info] [BuiltInMarketplaceProvider]  Found 2 built-in marketplace(s)
[9/25/2026, 2:10:12 AM.575] [Info] [PluginManager]  Found 2 built-in marketplace(s)
[9/25/2026, 2:10:12 AM.577] [Info] [MarketplaceStorage]  [MarketplaceStorage] getMarketplaces ensureConfigFile=0ms readAndRepair=1ms migration=0ms total=1ms count=5 path=/Users/didi/.workbuddy/plugins/known_marketplaces.json
[9/25/2026, 2:10:12 AM.577] [Info] [PluginManager]  All built-in marketplaces are already installed
[9/25/2026, 2:10:12 AM.579] [Info] [MarketplaceStorage]  [MarketplaceStorage] getMarketplaces ensureConfigFile=0ms readAndRepair=2ms migration=0ms total=2ms count=5 path=/Users/didi/.workbuddy/plugins/known_marketplaces.json
[9/25/2026, 2:10:12 AM.579] [Info] [BuiltInMarketplaceProvider]  Found 2 built-in marketplace(s)
[9/25/2026, 2:10:12 AM.581] [Info] [PluginManager]  Loaded 5 marketplaces (2 built-in) total=4ms storage=2ms builtIn=0ms autoUpdate=0ms
[9/25/2026, 2:10:14 AM.510] [Info] [TracingService]  Tracing uses @tencent/galileo-node-sdk global OpenTelemetry provider; @genie OTLP exporter is skipped.
[9/25/2026, 2:10:14 AM.510] [Info] [TracingService]  Tracing config resolved: {"productEnabled":true,"enabledByEnv":false,"endpoint":"https://copilot.tencent.com","galileoEnabled":true}
[9/25/2026, 2:27:45 AM.729] [Info] [GitInfoCollector]  CODEBUDDY_GIT_REPO_SCAN_DISABLED 1
[9/25/2026, 2:27:45 AM.729] [Info] [GitInfoCollector]  Git repository scan is disabled via CODEBUDDY_GIT_REPO_SCAN_DISABLED environment variable
[9/25/2026, 2:27:45 AM.731] [Info] [WorkflowMemProbe] tick runId=(none) | rss=154.8MB heap=167.6/173.5MB external=54.7MB arrayBuffers=0MB
[9/25/2026, 2:27:45 AM.747] [Info] [GitInfoCollector]  CODEBUDDY_GIT_REPO_SCAN_DISABLED 1
[9/25/2026, 2:27:45 AM.747] [Info] [GitInfoCollector]  Git repository scan is disabled via CODEBUDDY_GIT_REPO_SCAN_DISABLED environment variable
[9/25/2026, 2:27:45 AM.752] [Warning] [CloudProductManager]  Fetch remote configuration failed (attempt 5), no more retries
[9/25/2026, 2:27:45 AM.752] [Error] [CloudProductManager] [undefined]  Fetch remote configuration failed after all retries: getaddrinfo ENOTFOUND copilot.tencent.com, url=/v3/config, code=ENOTFOUND
[9/25/2026, 2:27:45 AM.752] [Warning] [CloudProductManager]  Fetch remote configuration failed: getaddrinfo ENOTFOUND copilot.tencent.com, url=/v3/config, code=ENOTFOUND
[9/25/2026, 2:27:45 AM.753] [Info] [PluginsProductProvider.provide] active=9, ids=[weixinpay@workbuddy-builtin,tencent-docs-plugin@workbuddy-builtin,sheetagent@workbuddy-builtin,tencent-pptx@workbuddy-builtin,tencent-docx@workbuddy-builtin,agent-browser@codebuddy-plugins-official,find-skills@codebuddy-plugins-official,agent-browser@inline,find-skills@inline]
[9/25/2026, 2:27:45 AM.753] [Info] [MCP][cacheDbg] getConnectedServers() called: nonInteractive=true waitForSettle=false cacheNow=[connector-proxy,weixinpay,sheetagent] allServers=[connector-proxy:connected,weixinpay:connected,sheetagent:connected]
[9/25/2026, 2:27:45 AM.753] [Info] [MCP][cacheDbg] getConnectedServers() returning: [connector-proxy,weixinpay,sheetagent] (size=3)
[9/25/2026, 2:27:45 AM.759] [Info] [CustomModelsProductProvider] productName=WorkBuddy, isWorkBuddy=true, userConfigPath=/Users/didi/.workbuddy/models.json
[9/25/2026, 2:27:45 AM.759] [Info] Loaded custom models config from user: /Users/didi/.workbuddy/models.json
[9/25/2026, 2:27:45 AM.759] [Info] [ModelsProductProvider] enterpriseId: undefined, endpoint: https://copilot.tencent.com
[9/25/2026, 2:27:45 AM.759] [Warning] [ModelsProductProvider] enterpriseId is missing, skipping models API call
[9/25/2026, 2:27:45 AM.760] [Info] [AgentModelResolver] product config input: 54 models, 23 agents
[9/25/2026, 2:27:45 AM.760] [Info] [AgentModelResolver] model ids: auto, fast-model, balanced-model, deep-model, hy3, hy3-b, hy3-c, hy3-x, hy4-preview, hy4-preview-f, minimax-m2.5, glm-5v-turbo, glm-5.3, glm-5.3-flash, glm-5.2, glm-5.1, glm-5.0-turbo, glm-4.6v, kimi-k3-1, kimi-k2.8-preview, kimi-k2.7, kimi-k2.6, kimi-k2.5, kimi-k2-thinking, minimax-m3, minimax-m2.7, glm-4.6, deepseek-v4-flash, deepseek-v4.1-flash, deepseek-v4-pro, deepseek-v3-2-volc, deepseek-v3-1-volc, deepseek-v3-1-lkeap, deepseek-v3-1, deepseek-v3-0324-lkeap, deepseek-r1-0528-lkeap, kimi-k2-instruct-taiji, completion-gf, default-1.1, hunyuan-3b, hunyuan-7b-dense, codewise-completions, codewise-rewrite, codewise-nes-a4-027-aide, codewise-jump, deepseek-r1-0528, deepseek-v3-0324-taco-completion, deepseek-v3-0324, default-1.2, hunyuan-2.0-instruct, hunyuan-chat, hunyuan-image-alpha, hunyuan-image-alpha-edit, custom-local:kimi-k3
[9/25/2026, 2:27:45 AM.760] [Info] [AgentModelResolver] agent "cli" original_models=["auto","hy4-preview-f","hy3","hy3-x","deepseek-v4.1-flash","glm-5.3","glm-5.3-flash","glm-5.2","glm-5.1","glm-5v-turbo","minimax-m3","kimi-k3-1","kimi-k2.8-preview","kimi-k2.7","kimi-k2.6","deepseek-v4-pro"] -> resolved_models=["auto","hy4-preview-f","hy3","hy3-x","deepseek-v4.1-flash","glm-5.3","glm-5.3-flash","glm-5.2","glm-5.1","glm-5v-turbo","minimax-m3","kimi-k3-1","kimi-k2.8-preview","kimi-k2.7","kimi-k2.6","deepseek-v4-pro"]
[9/25/2026, 2:27:45 AM.760] [Info] [AgentModelResolver] agent "general-purpose" original_models=[] -> resolved_models=[]
[9/25/2026, 2:27:45 AM.760] [Info] [AgentModelResolver] agent "compact" original_models=[] -> resolved_models=[]
[9/25/2026, 2:27:45 AM.760] [Info] [AgentModelResolver] agent "contextSummary" original_models=[] -> resolved_models=[]
[9/25/2026, 2:27:45 AM.760] [Info] [AgentModelResolver] agent "contentAnalyzer" original_models=[] -> resolved_models=[]
[9/25/2026, 2:27:45 AM.760] [Info] [AgentModelResolver] agent "terminalTitleGenerator" original_models=[] -> resolved_models=[]
[9/25/2026, 2:27:45 AM.760] [Info] [AgentModelResolver] agent "promptSuggestion" original_models=[] -> resolved_models=[]
[9/25/2026, 2:27:45 AM.760] [Info] [AgentModelResolver] agent "memorySelector" original_models=["lite"] -> resolved_models=["lite"]
[9/25/2026, 2:27:45 AM.760] [Info] [AgentModelResolver] agent "summaryGenerator" original_models=[] -> resolved_models=[]
[9/25/2026, 2:27:45 AM.760] [Info] [AgentModelResolver] agent "autoModeClassifier" original_models=[] -> resolved_models=[]
[9/25/2026, 2:27:45 AM.760] [Info] [AgentModelResolver] agent "promptHookEvaluator" original_models=["lite"] -> resolved_models=["lite"]
[9/25/2026, 2:27:45 AM.760] [Info] [AgentModelResolver] agent "insightsAnalyzer" original_models=[] -> resolved_models=[]
[9/25/2026, 2:27:45 AM.760] [Info] [AgentModelResolver] agent "agentInstructions" original_models=[] -> resolved_models=[]
[9/25/2026, 2:27:45 AM.760] [Info] [AgentModelResolver] agent "statusline-setup" original_models=[] -> resolved_models=[]
[9/25/2026, 2:27:45 AM.760] [Info] [AgentModelResolver] agent "Explore" original_models=["lite"] -> resolved_models=["lite"]
[9/25/2026, 2:27:45 AM.760] [Info] [AgentModelResolver] agent "Plan" original_models=[] -> resolved_models=[]
[9/25/2026, 2:27:45 AM.760] [Info] [AgentModelResolver] agent "pulse" original_models=[] -> resolved_models=[]
[9/25/2026, 2:27:45 AM.760] [Info] [AgentModelResolver] agent "handoff-summary" original_models=undefined -> resolved_models=[]
[9/25/2026, 2:27:45 AM.760] [Info] [AgentModelResolver] agent "enhance-prompt" original_models=[] -> resolved_models=[]
[9/25/2026, 2:27:45 AM.760] [Info] [AgentModelResolver] agent "sheet-agent" original_models=[] -> resolved_models=[]
[9/25/2026, 2:27:45 AM.760] [Info] [AgentModelResolver] agent "doc-converter" original_models=[] -> resolved_models=[]
[9/25/2026, 2:27:45 AM.760] [Info] [AgentModelResolver] agent "doc-formatter" original_models=[] -> resolved_models=[]
[9/25/2026, 2:27:45 AM.760] [Info] [AgentModelResolver] agent "doc-writer" original_models=[] -> resolved_models=[]
[9/25/2026, 2:27:45 AM.775] [Info] [PluginPolicyService]  [MergedPlugins][DEBUG] ProductManager.onDidChange fired, reloading policies...
[9/25/2026, 2:27:45 AM.775] [Info] [PluginPolicyService]  [MergedPlugins][DEBUG] Current config builtInMarketPluginsMerge: [{"autoEnable":true,"marketplaceName":"codebuddy-plugins-official","name":"agent-browser","scope":"user"},{"autoEnable":true,"marketplaceName":"codebuddy-plugins-official","name":"find-skills","scope":"user"}]
[9/25/2026, 2:27:45 AM.775] [Info] [PluginPolicyService]  [MergedPlugins] Loaded 2 merged plugin entries
[9/25/2026, 2:27:45 AM.775] [Info] [Startup] AgentManager.rebuildAgents: START
[9/25/2026, 2:27:45 AM.775] [Info] [Startup] AgentManager.rebuildAgents: completed in 11ms, resolving readyDeferred
[9/25/2026, 2:27:45 AM.775] [Info] [PluginManager]  Checking for built-in marketplaces to install...
[9/25/2026, 2:27:45 AM.775] [Info] [BuiltInMarketplaceProvider]  Found 2 built-in marketplace(s)
[9/25/2026, 2:27:45 AM.775] [Info] [PluginManager]  Found 2 built-in marketplace(s)
[9/25/2026, 2:27:45 AM.776] [Info] [MarketplaceStorage]  [MarketplaceStorage] getMarketplaces ensureConfigFile=0ms readAndRepair=1ms migration=0ms total=1ms count=5 path=/Users/didi/.workbuddy/plugins/known_marketplaces.json
[9/25/2026, 2:27:45 AM.776] [Info] [PluginManager]  All built-in marketplaces are already installed
[9/25/2026, 2:27:45 AM.777] [Info] [MarketplaceStorage]  [MarketplaceStorage] getMarketplaces ensureConfigFile=0ms readAndRepair=1ms migration=0ms total=1ms count=5 path=/Users/didi/.workbuddy/plugins/known_marketplaces.json
[9/25/2026, 2:27:45 AM.777] [Info] [BuiltInMarketplaceProvider]  Found 2 built-in marketplace(s)
[9/25/2026, 2:27:45 AM.779] [Info] [PluginManager]  Loaded 5 marketplaces (2 built-in) total=3ms storage=1ms builtIn=0ms autoUpdate=0ms
[9/25/2026, 2:27:46 AM.753] [Info] [GitInfoCollector]  CODEBUDDY_GIT_REPO_SCAN_DISABLED 1
[9/25/2026, 2:27:46 AM.753] [Info] [GitInfoCollector]  Git repository scan is disabled via CODEBUDDY_GIT_REPO_SCAN_DISABLED environment variable
[9/25/2026, 2:27:46 AM.768] [Warning] [CloudProductManager]  Fetch remote configuration failed (attempt 1), will retry after 2s
[9/25/2026, 2:27:47 AM.767] [Info] [TracingService]  Tracing uses @tencent/galileo-node-sdk global OpenTelemetry provider; @genie OTLP exporter is skipped.
[9/25/2026, 2:27:47 AM.767] [Info] [TracingService]  Tracing config resolved: {"productEnabled":true,"enabledByEnv":false,"endpoint":"https://copilot.tencent.com","galileoEnabled":true}
[9/25/2026, 2:27:48 AM.771] [Info] [GitInfoCollector]  CODEBUDDY_GIT_REPO_SCAN_DISABLED 1
[9/25/2026, 2:27:48 AM.771] [Info] [GitInfoCollector]  Git repository scan is disabled via CODEBUDDY_GIT_REPO_SCAN_DISABLED environment variable
[9/25/2026, 2:27:48 AM.785] [Warning] [CloudProductManager]  Fetch remote configuration failed (attempt 2), will retry after 4s
[9/25/2026, 2:44:57 AM.482] [Info] [GitInfoCollector]  CODEBUDDY_GIT_REPO_SCAN_DISABLED 1
[9/25/2026, 2:44:57 AM.482] [Info] [GitInfoCollector]  Git repository scan is disabled via CODEBUDDY_GIT_REPO_SCAN_DISABLED environment variable
[9/25/2026, 2:44:57 AM.486] [Info] [WorkflowMemProbe] tick runId=(none) | rss=146.9MB heap=156.6/162.3MB external=53.6MB arrayBuffers=0MB
[9/25/2026, 2:44:57 AM.507] [Info] [GitInfoCollector]  CODEBUDDY_GIT_REPO_SCAN_DISABLED 1
[9/25/2026, 2:44:57 AM.507] [Info] [GitInfoCollector]  Git repository scan is disabled via CODEBUDDY_GIT_REPO_SCAN_DISABLED environment variable
[9/25/2026, 2:44:57 AM.512] [Warning] [CloudProductManager]  Fetch remote configuration failed (attempt 3), will retry after 8s
[9/25/2026, 2:44:57 AM.513] [Warning] [CloudProductManager]  Fetch remote configuration failed: getaddrinfo ENOTFOUND copilot.tencent.com, url=/v3/config, code=ENOTFOUND
[9/25/2026, 2:44:57 AM.513] [Info] [PluginsProductProvider.provide] active=9, ids=[weixinpay@workbuddy-builtin,tencent-docs-plugin@workbuddy-builtin,sheetagent@workbuddy-builtin,tencent-pptx@workbuddy-builtin,tencent-docx@workbuddy-builtin,agent-browser@codebuddy-plugins-official,find-skills@codebuddy-plugins-official,agent-browser@inline,find-skills@inline]
[9/25/2026, 2:44:57 AM.513] [Info] [MCP][cacheDbg] getConnectedServers() called: nonInteractive=true waitForSettle=false cacheNow=[connector-proxy,weixinpay,sheetagent] allServers=[connector-proxy:connected,weixinpay:connected,sheetagent:connected]
[9/25/2026, 2:44:57 AM.513] [Info] [MCP][cacheDbg] getConnectedServers() returning: [connector-proxy,weixinpay,sheetagent] (size=3)
[9/25/2026, 2:44:57 AM.519] [Info] [CustomModelsProductProvider] productName=WorkBuddy, isWorkBuddy=true, userConfigPath=/Users/didi/.workbuddy/models.json
[9/25/2026, 2:44:57 AM.519] [Info] Loaded custom models config from user: /Users/didi/.workbuddy/models.json
[9/25/2026, 2:44:57 AM.519] [Info] [ModelsProductProvider] enterpriseId: undefined, endpoint: https://copilot.tencent.com
[9/25/2026, 2:44:57 AM.519] [Warning] [ModelsProductProvider] enterpriseId is missing, skipping models API call
[9/25/2026, 2:44:57 AM.519] [Info] [AgentModelResolver] product config input: 54 models, 23 agents
[9/25/2026, 2:44:57 AM.519] [Info] [AgentModelResolver] model ids: auto, fast-model, balanced-model, deep-model, hy3, hy3-b, hy3-c, hy3-x, hy4-preview, hy4-preview-f, minimax-m2.5, glm-5v-turbo, glm-5.3, glm-5.3-flash, glm-5.2, glm-5.1, glm-5.0-turbo, glm-4.6v, kimi-k3-1, kimi-k2.8-preview, kimi-k2.7, kimi-k2.6, kimi-k2.5, kimi-k2-thinking, minimax-m3, minimax-m2.7, glm-4.6, deepseek-v4-flash, deepseek-v4.1-flash, deepseek-v4-pro, deepseek-v3-2-volc, deepseek-v3-1-volc, deepseek-v3-1-lkeap, deepseek-v3-1, deepseek-v3-0324-lkeap, deepseek-r1-0528-lkeap, kimi-k2-instruct-taiji, completion-gf, default-1.1, hunyuan-3b, hunyuan-7b-dense, codewise-completions, codewise-rewrite, codewise-nes-a4-027-aide, codewise-jump, deepseek-r1-0528, deepseek-v3-0324-taco-completion, deepseek-v3-0324, default-1.2, hunyuan-2.0-instruct, hunyuan-chat, hunyuan-image-alpha, hunyuan-image-alpha-edit, custom-local:kimi-k3
[9/25/2026, 2:44:57 AM.519] [Info] [AgentModelResolver] agent "cli" original_models=["auto","hy4-preview-f","hy3","hy3-x","deepseek-v4.1-flash","glm-5.3","glm-5.3-flash","glm-5.2","glm-5.1","glm-5v-turbo","minimax-m3","kimi-k3-1","kimi-k2.8-preview","kimi-k2.7","kimi-k2.6","deepseek-v4-pro"] -> resolved_models=["auto","hy4-preview-f","hy3","hy3-x","deepseek-v4.1-flash","glm-5.3","glm-5.3-flash","glm-5.2","glm-5.1","glm-5v-turbo","minimax-m3","kimi-k3-1","kimi-k2.8-preview","kimi-k2.7","kimi-k2.6","deepseek-v4-pro"]
[9/25/2026, 2:44:57 AM.519] [Info] [AgentModelResolver] agent "general-purpose" original_models=[] -> resolved_models=[]
[9/25/2026, 2:44:57 AM.519] [Info] [AgentModelResolver] agent "compact" original_models=[] -> resolved_models=[]
[9/25/2026, 2:44:57 AM.519] [Info] [AgentModelResolver] agent "contextSummary" original_models=[] -> resolved_models=[]
[9/25/2026, 2:44:57 AM.519] [Info] [AgentModelResolver] agent "contentAnalyzer" original_models=[] -> resolved_models=[]
[9/25/2026, 2:44:57 AM.519] [Info] [AgentModelResolver] agent "terminalTitleGenerator" original_models=[] -> resolved_models=[]
[9/25/2026, 2:44:57 AM.519] [Info] [AgentModelResolver] agent "promptSuggestion" original_models=[] -> resolved_models=[]
[9/25/2026, 2:44:57 AM.519] [Info] [AgentModelResolver] agent "memorySelector" original_models=["lite"] -> resolved_models=["lite"]
[9/25/2026, 2:44:57 AM.519] [Info] [AgentModelResolver] agent "summaryGenerator" original_models=[] -> resolved_models=[]
[9/25/2026, 2:44:57 AM.519] [Info] [AgentModelResolver] agent "autoModeClassifier" original_models=[] -> resolved_models=[]
[9/25/2026, 2:44:57 AM.519] [Info] [AgentModelResolver] agent "promptHookEvaluator" original_models=["lite"] -> resolved_models=["lite"]
[9/25/2026, 2:44:57 AM.519] [Info] [AgentModelResolver] agent "insightsAnalyzer" original_models=[] -> resolved_models=[]
[9/25/2026, 2:44:57 AM.519] [Info] [AgentModelResolver] agent "agentInstructions" original_models=[] -> resolved_models=[]
[9/25/2026, 2:44:57 AM.519] [Info] [AgentModelResolver] agent "statusline-setup" original_models=[] -> resolved_models=[]
[9/25/2026, 2:44:57 AM.519] [Info] [AgentModelResolver] agent "Explore" original_models=["lite"] -> resolved_models=["lite"]
[9/25/2026, 2:44:57 AM.519] [Info] [AgentModelResolver] agent "Plan" original_models=[] -> resolved_models=[]
[9/25/2026, 2:44:57 AM.519] [Info] [AgentModelResolver] agent "pulse" original_models=[] -> resolved_models=[]
[9/25/2026, 2:44:57 AM.519] [Info] [AgentModelResolver] agent "handoff-summary" original_models=undefined -> resolved_models=[]
[9/25/2026, 2:44:57 AM.519] [Info] [AgentModelResolver] agent "enhance-prompt" original_models=[] -> resolved_models=[]
[9/25/2026, 2:44:57 AM.519] [Info] [AgentModelResolver] agent "sheet-agent" original_models=[] -> resolved_models=[]
[9/25/2026, 2:44:57 AM.519] [Info] [AgentModelResolver] agent "doc-converter" original_models=[] -> resolved_models=[]
[9/25/2026, 2:44:57 AM.519] [Info] [AgentModelResolver] agent "doc-formatter" original_models=[] -> resolved_models=[]
[9/25/2026, 2:44:57 AM.519] [Info] [AgentModelResolver] agent "doc-writer" original_models=[] -> resolved_models=[]
[9/25/2026, 2:44:57 AM.547] [Info] [PluginPolicyService]  [MergedPlugins][DEBUG] ProductManager.onDidChange fired, reloading policies...
[9/25/2026, 2:44:57 AM.547] [Info] [PluginPolicyService]  [MergedPlugins][DEBUG] Current config builtInMarketPluginsMerge: [{"autoEnable":true,"marketplaceName":"codebuddy-plugins-official","name":"agent-browser","scope":"user"},{"autoEnable":true,"marketplaceName":"codebuddy-plugins-official","name":"find-skills","scope":"user"}]
[9/25/2026, 2:44:57 AM.547] [Info] [PluginPolicyService]  [MergedPlugins] Loaded 2 merged plugin entries
[9/25/2026, 2:44:57 AM.547] [Info] [Startup] AgentManager.rebuildAgents: START
[9/25/2026, 2:44:57 AM.550] [Info] [Startup] AgentManager.rebuildAgents: completed in 26ms, resolving readyDeferred
[9/25/2026, 2:44:57 AM.551] [Info] [PluginManager]  Checking for built-in marketplaces to install...
[9/25/2026, 2:44:57 AM.551] [Info] [BuiltInMarketplaceProvider]  Found 2 built-in marketplace(s)
[9/25/2026, 2:44:57 AM.551] [Info] [PluginManager]  Found 2 built-in marketplace(s)
[9/25/2026, 2:44:57 AM.552] [Info] [MarketplaceStorage]  [MarketplaceStorage] getMarketplaces ensureConfigFile=1ms readAndRepair=1ms migration=0ms total=2ms count=5 path=/Users/didi/.workbuddy/plugins/known_marketplaces.json
[9/25/2026, 2:44:57 AM.552] [Info] [PluginManager]  All built-in marketplaces are already installed
[9/25/2026, 2:44:57 AM.571] [Info] [MarketplaceStorage]  [MarketplaceStorage] getMarketplaces ensureConfigFile=0ms readAndRepair=19ms migration=0ms total=19ms count=5 path=/Users/didi/.workbuddy/plugins/known_marketplaces.json
[9/25/2026, 2:44:57 AM.571] [Info] [BuiltInMarketplaceProvider]  Found 2 built-in marketplace(s)
[9/25/2026, 2:44:57 AM.577] [Info] [PluginManager]  Loaded 5 marketplaces (2 built-in) total=25ms storage=19ms builtIn=0ms autoUpdate=0ms
[9/25/2026, 2:44:59 AM.524] [Info] [TracingService]  Tracing uses @tencent/galileo-node-sdk global OpenTelemetry provider; @genie OTLP exporter is skipped.
[9/25/2026, 2:44:59 AM.524] [Info] [TracingService]  Tracing config resolved: {"productEnabled":true,"enabledByEnv":false,"endpoint":"https://copilot.tencent.com","galileoEnabled":true}
[9/25/2026, 3:01:21 AM.753] [Info] [GitInfoCollector]  CODEBUDDY_GIT_REPO_SCAN_DISABLED 1
[9/25/2026, 3:01:21 AM.753] [Info] [GitInfoCollector]  Git repository scan is disabled via CODEBUDDY_GIT_REPO_SCAN_DISABLED environment variable
[9/25/2026, 3:01:21 AM.757] [Info] [WorkflowMemProbe] tick runId=(none) | rss=151MB heap=162.3/167.8MB external=54.7MB arrayBuffers=0MB
[9/25/2026, 3:01:21 AM.781] [Info] [GitInfoCollector]  CODEBUDDY_GIT_REPO_SCAN_DISABLED 1
[9/25/2026, 3:01:21 AM.781] [Info] [GitInfoCollector]  Git repository scan is disabled via CODEBUDDY_GIT_REPO_SCAN_DISABLED environment variable
[9/25/2026, 3:01:21 AM.787] [Warning] [CloudProductManager]  Fetch remote configuration failed (attempt 4), will retry after 16s
[9/25/2026, 3:01:21 AM.788] [Warning] [CloudProductManager]  Fetch remote configuration failed: getaddrinfo ENOTFOUND copilot.tencent.com, url=/v3/config, code=ENOTFOUND
[9/25/2026, 3:01:21 AM.789] [Info] [PluginsProductProvider.provide] active=9, ids=[weixinpay@workbuddy-builtin,tencent-docs-plugin@workbuddy-builtin,sheetagent@workbuddy-builtin,tencent-pptx@workbuddy-builtin,tencent-docx@workbuddy-builtin,agent-browser@codebuddy-plugins-official,find-skills@codebuddy-plugins-official,agent-browser@inline,find-skills@inline]
[9/25/2026, 3:01:21 AM.789] [Info] [MCP][cacheDbg] getConnectedServers() called: nonInteractive=true waitForSettle=false cacheNow=[connector-proxy,weixinpay,sheetagent] allServers=[connector-proxy:connected,weixinpay:connected,sheetagent:connected]
[9/25/2026, 3:01:21 AM.789] [Info] [MCP][cacheDbg] getConnectedServers() returning: [connector-proxy,weixinpay,sheetagent] (size=3)
[9/25/2026, 3:01:21 AM.797] [Info] [CustomModelsProductProvider] productName=WorkBuddy, isWorkBuddy=true, userConfigPath=/Users/didi/.workbuddy/models.json
[9/25/2026, 3:01:21 AM.797] [Info] Loaded custom models config from user: /Users/didi/.workbuddy/models.json
[9/25/2026, 3:01:21 AM.797] [Info] [ModelsProductProvider] enterpriseId: undefined, endpoint: https://copilot.tencent.com
[9/25/2026, 3:01:21 AM.797] [Warning] [ModelsProductProvider] enterpriseId is missing, skipping models API call
[9/25/2026, 3:01:21 AM.797] [Info] [AgentModelResolver] product config input: 54 models, 23 agents
[9/25/2026, 3:01:21 AM.797] [Info] [AgentModelResolver] model ids: auto, fast-model, balanced-model, deep-model, hy3, hy3-b, hy3-c, hy3-x, hy4-preview, hy4-preview-f, minimax-m2.5, glm-5v-turbo, glm-5.3, glm-5.3-flash, glm-5.2, glm-5.1, glm-5.0-turbo, glm-4.6v, kimi-k3-1, kimi-k2.8-preview, kimi-k2.7, kimi-k2.6, kimi-k2.5, kimi-k2-thinking, minimax-m3, minimax-m2.7, glm-4.6, deepseek-v4-flash, deepseek-v4.1-flash, deepseek-v4-pro, deepseek-v3-2-volc, deepseek-v3-1-volc, deepseek-v3-1-lkeap, deepseek-v3-1, deepseek-v3-0324-lkeap, deepseek-r1-0528-lkeap, kimi-k2-instruct-taiji, completion-gf, default-1.1, hunyuan-3b, hunyuan-7b-dense, codewise-completions, codewise-rewrite, codewise-nes-a4-027-aide, codewise-jump, deepseek-r1-0528, deepseek-v3-0324-taco-completion, deepseek-v3-0324, default-1.2, hunyuan-2.0-instruct, hunyuan-chat, hunyuan-image-alpha, hunyuan-image-alpha-edit, custom-local:kimi-k3
[9/25/2026, 3:01:21 AM.797] [Info] [AgentModelResolver] agent "cli" original_models=["auto","hy4-preview-f","hy3","hy3-x","deepseek-v4.1-flash","glm-5.3","glm-5.3-flash","glm-5.2","glm-5.1","glm-5v-turbo","minimax-m3","kimi-k3-1","kimi-k2.8-preview","kimi-k2.7","kimi-k2.6","deepseek-v4-pro"] -> resolved_models=["auto","hy4-preview-f","hy3","hy3-x","deepseek-v4.1-flash","glm-5.3","glm-5.3-flash","glm-5.2","glm-5.1","glm-5v-turbo","minimax-m3","kimi-k3-1","kimi-k2.8-preview","kimi-k2.7","kimi-k2.6","deepseek-v4-pro"]
[9/25/2026, 3:01:21 AM.797] [Info] [AgentModelResolver] agent "general-purpose" original_models=[] -> resolved_models=[]
[9/25/2026, 3:01:21 AM.797] [Info] [AgentModelResolver] agent "compact" original_models=[] -> resolved_models=[]
[9/25/2026, 3:01:21 AM.797] [Info] [AgentModelResolver] agent "contextSummary" original_models=[] -> resolved_models=[]
[9/25/2026, 3:01:21 AM.797] [Info] [AgentModelResolver] agent "contentAnalyzer" original_models=[] -> resolved_models=[]
[9/25/2026, 3:01:21 AM.797] [Info] [AgentModelResolver] agent "terminalTitleGenerator" original_models=[] -> resolved_models=[]
[9/25/2026, 3:01:21 AM.797] [Info] [AgentModelResolver] agent "promptSuggestion" original_models=[] -> resolved_models=[]
[9/25/2026, 3:01:21 AM.797] [Info] [AgentModelResolver] agent "memorySelector" original_models=["lite"] -> resolved_models=["lite"]
[9/25/2026, 3:01:21 AM.797] [Info] [AgentModelResolver] agent "summaryGenerator" original_models=[] -> resolved_models=[]
[9/25/2026, 3:01:21 AM.797] [Info] [AgentModelResolver] agent "autoModeClassifier" original_models=[] -> resolved_models=[]
[9/25/2026, 3:01:21 AM.797] [Info] [AgentModelResolver] agent "promptHookEvaluator" original_models=["lite"] -> resolved_models=["lite"]
[9/25/2026, 3:01:21 AM.797] [Info] [AgentModelResolver] agent "insightsAnalyzer" original_models=[] -> resolved_models=[]
[9/25/2026, 3:01:21 AM.797] [Info] [AgentModelResolver] agent "agentInstructions" original_models=[] -> resolved_models=[]
[9/25/2026, 3:01:21 AM.797] [Info] [AgentModelResolver] agent "statusline-setup" original_models=[] -> resolved_models=[]
[9/25/2026, 3:01:21 AM.797] [Info] [AgentModelResolver] agent "Explore" original_models=["lite"] -> resolved_models=["lite"]
[9/25/2026, 3:01:21 AM.797] [Info] [AgentModelResolver] agent "Plan" original_models=[] -> resolved_models=[]
[9/25/2026, 3:01:21 AM.797] [Info] [AgentModelResolver] agent "pulse" original_models=[] -> resolved_models=[]
[9/25/2026, 3:01:21 AM.797] [Info] [AgentModelResolver] agent "handoff-summary" original_models=undefined -> resolved_models=[]
[9/25/2026, 3:01:21 AM.797] [Info] [AgentModelResolver] agent "enhance-prompt" original_models=[] -> resolved_models=[]
[9/25/2026, 3:01:21 AM.797] [Info] [AgentModelResolver] agent "sheet-agent" original_models=[] -> resolved_models=[]
[9/25/2026, 3:01:21 AM.797] [Info] [AgentModelResolver] agent "doc-converter" original_models=[] -> resolved_models=[]
[9/25/2026, 3:01:21 AM.797] [Info] [AgentModelResolver] agent "doc-formatter" original_models=[] -> resolved_models=[]
[9/25/2026, 3:01:21 AM.797] [Info] [AgentModelResolver] agent "doc-writer" original_models=[] -> resolved_models=[]
[9/25/2026, 3:01:21 AM.814] [Info] [PluginPolicyService]  [MergedPlugins][DEBUG] ProductManager.onDidChange fired, reloading policies...
[9/25/2026, 3:01:21 AM.814] [Info] [PluginPolicyService]  [MergedPlugins][DEBUG] Current config builtInMarketPluginsMerge: [{"autoEnable":true,"marketplaceName":"codebuddy-plugins-official","name":"agent-browser","scope":"user"},{"autoEnable":true,"marketplaceName":"codebuddy-plugins-official","name":"find-skills","scope":"user"}]
[9/25/2026, 3:01:21 AM.814] [Info] [PluginPolicyService]  [MergedPlugins] Loaded 2 merged plugin entries
[9/25/2026, 3:01:21 AM.814] [Info] [Startup] AgentManager.rebuildAgents: START
[9/25/2026, 3:01:21 AM.815] [Info] [Startup] AgentManager.rebuildAgents: completed in 13ms, resolving readyDeferred
[9/25/2026, 3:01:21 AM.815] [Info] [PluginManager]  Checking for built-in marketplaces to install...
[9/25/2026, 3:01:21 AM.815] [Info] [BuiltInMarketplaceProvider]  Found 2 built-in marketplace(s)
[9/25/2026, 3:01:21 AM.815] [Info] [PluginManager]  Found 2 built-in marketplace(s)
[9/25/2026, 3:01:21 AM.815] [Info] [MarketplaceStorage]  [MarketplaceStorage] getMarketplaces ensureConfigFile=0ms readAndRepair=0ms migration=0ms total=0ms count=5 path=/Users/didi/.workbuddy/plugins/known_marketplaces.json
[9/25/2026, 3:01:21 AM.815] [Info] [PluginManager]  All built-in marketplaces are already installed
[9/25/2026, 3:01:21 AM.816] [Info] [MarketplaceStorage]  [MarketplaceStorage] getMarketplaces ensureConfigFile=0ms readAndRepair=1ms migration=0ms total=1ms count=5 path=/Users/didi/.workbuddy/plugins/known_marketplaces.json
[9/25/2026, 3:01:21 AM.816] [Info] [BuiltInMarketplaceProvider]  Found 2 built-in marketplace(s)
[9/25/2026, 3:01:21 AM.817] [Info] [PluginManager]  Loaded 5 marketplaces (2 built-in) total=2ms storage=1ms builtIn=0ms autoUpdate=0ms
[9/25/2026, 3:01:23 AM.805] [Info] [TracingService]  Tracing uses @tencent/galileo-node-sdk global OpenTelemetry provider; @genie OTLP exporter is skipped.
[9/25/2026, 3:01:23 AM.805] [Info] [TracingService]  Tracing config resolved: {"productEnabled":true,"enabledByEnv":false,"endpoint":"https://copilot.tencent.com","galileoEnabled":true}
[9/25/2026, 3:17:02 AM.537] [Info] [GitInfoCollector]  CODEBUDDY_GIT_REPO_SCAN_DISABLED 1
[9/25/2026, 3:17:02 AM.537] [Info] [GitInfoCollector]  Git repository scan is disabled via CODEBUDDY_GIT_REPO_SCAN_DISABLED environment variable
[9/25/2026, 3:17:02 AM.540] [Info] [WorkflowMemProbe] tick runId=(none) | rss=154.9MB heap=167.1/171.7MB external=54.7MB arrayBuffers=0MB
[9/25/2026, 3:17:02 AM.572] [Info] [GitInfoCollector]  CODEBUDDY_GIT_REPO_SCAN_DISABLED 1
[9/25/2026, 3:17:02 AM.572] [Info] [GitInfoCollector]  Git repository scan is disabled via CODEBUDDY_GIT_REPO_SCAN_DISABLED environment variable
[9/25/2026, 3:17:02 AM.577] [Warning] [CloudProductManager]  Fetch remote configuration failed (attempt 5), no more retries
[9/25/2026, 3:17:02 AM.577] [Error] [CloudProductManager] [undefined]  Fetch remote configuration failed after all retries: getaddrinfo ENOTFOUND copilot.tencent.com, url=/v3/config, code=ENOTFOUND
[9/25/2026, 3:17:02 AM.578] [Warning] [CloudProductManager]  Fetch remote configuration failed: getaddrinfo ENOTFOUND copilot.tencent.com, url=/v3/config, code=ENOTFOUND
[9/25/2026, 3:17:02 AM.579] [Info] [PluginsProductProvider.provide] active=9, ids=[weixinpay@workbuddy-builtin,tencent-docs-plugin@workbuddy-builtin,sheetagent@workbuddy-builtin,tencent-pptx@workbuddy-builtin,tencent-docx@workbuddy-builtin,agent-browser@codebuddy-plugins-official,find-skills@codebuddy-plugins-official,agent-browser@inline,find-skills@inline]
[9/25/2026, 3:17:02 AM.579] [Info] [MCP][cacheDbg] getConnectedServers() called: nonInteractive=true waitForSettle=false cacheNow=[connector-proxy,weixinpay,sheetagent] allServers=[connector-proxy:connected,weixinpay:connected,sheetagent:connected]
[9/25/2026, 3:17:02 AM.579] [Info] [MCP][cacheDbg] getConnectedServers() returning: [connector-proxy,weixinpay,sheetagent] (size=3)
[9/25/2026, 3:17:02 AM.585] [Info] [CustomModelsProductProvider] productName=WorkBuddy, isWorkBuddy=true, userConfigPath=/Users/didi/.workbuddy/models.json
[9/25/2026, 3:17:02 AM.585] [Info] Loaded custom models config from user: /Users/didi/.workbuddy/models.json
[9/25/2026, 3:17:02 AM.585] [Info] [ModelsProductProvider] enterpriseId: undefined, endpoint: https://copilot.tencent.com
[9/25/2026, 3:17:02 AM.585] [Warning] [ModelsProductProvider] enterpriseId is missing, skipping models API call
[9/25/2026, 3:17:02 AM.585] [Info] [AgentModelResolver] product config input: 54 models, 23 agents
[9/25/2026, 3:17:02 AM.585] [Info] [AgentModelResolver] model ids: auto, fast-model, balanced-model, deep-model, hy3, hy3-b, hy3-c, hy3-x, hy4-preview, hy4-preview-f, minimax-m2.5, glm-5v-turbo, glm-5.3, glm-5.3-flash, glm-5.2, glm-5.1, glm-5.0-turbo, glm-4.6v, kimi-k3-1, kimi-k2.8-preview, kimi-k2.7, kimi-k2.6, kimi-k2.5, kimi-k2-thinking, minimax-m3, minimax-m2.7, glm-4.6, deepseek-v4-flash, deepseek-v4.1-flash, deepseek-v4-pro, deepseek-v3-2-volc, deepseek-v3-1-volc, deepseek-v3-1-lkeap, deepseek-v3-1, deepseek-v3-0324-lkeap, deepseek-r1-0528-lkeap, kimi-k2-instruct-taiji, completion-gf, default-1.1, hunyuan-3b, hunyuan-7b-dense, codewise-completions, codewise-rewrite, codewise-nes-a4-027-aide, codewise-jump, deepseek-r1-0528, deepseek-v3-0324-taco-completion, deepseek-v3-0324, default-1.2, hunyuan-2.0-instruct, hunyuan-chat, hunyuan-image-alpha, hunyuan-image-alpha-edit, custom-local:kimi-k3
[9/25/2026, 3:17:02 AM.585] [Info] [AgentModelResolver] agent "cli" original_models=["auto","hy4-preview-f","hy3","hy3-x","deepseek-v4.1-flash","glm-5.3","glm-5.3-flash","glm-5.2","glm-5.1","glm-5v-turbo","minimax-m3","kimi-k3-1","kimi-k2.8-preview","kimi-k2.7","kimi-k2.6","deepseek-v4-pro"] -> resolved_models=["auto","hy4-preview-f","hy3","hy3-x","deepseek-v4.1-flash","glm-5.3","glm-5.3-flash","glm-5.2","glm-5.1","glm-5v-turbo","minimax-m3","kimi-k3-1","kimi-k2.8-preview","kimi-k2.7","kimi-k2.6","deepseek-v4-pro"]
[9/25/2026, 3:17:02 AM.585] [Info] [AgentModelResolver] agent "general-purpose" original_models=[] -> resolved_models=[]
[9/25/2026, 3:17:02 AM.585] [Info] [AgentModelResolver] agent "compact" original_models=[] -> resolved_models=[]
[9/25/2026, 3:17:02 AM.585] [Info] [AgentModelResolver] agent "contextSummary" original_models=[] -> resolved_models=[]
[9/25/2026, 3:17:02 AM.585] [Info] [AgentModelResolver] agent "contentAnalyzer" original_models=[] -> resolved_models=[]
[9/25/2026, 3:17:02 AM.585] [Info] [AgentModelResolver] agent "terminalTitleGenerator" original_models=[] -> resolved_models=[]
[9/25/2026, 3:17:02 AM.585] [Info] [AgentModelResolver] agent "promptSuggestion" original_models=[] -> resolved_models=[]
[9/25/2026, 3:17:02 AM.585] [Info] [AgentModelResolver] agent "memorySelector" original_models=["lite"] -> resolved_models=["lite"]
[9/25/2026, 3:17:02 AM.585] [Info] [AgentModelResolver] agent "summaryGenerator" original_models=[] -> resolved_models=[]
[9/25/2026, 3:17:02 AM.585] [Info] [AgentModelResolver] agent "autoModeClassifier" original_models=[] -> resolved_models=[]
[9/25/2026, 3:17:02 AM.585] [Info] [AgentModelResolver] agent "promptHookEvaluator" original_models=["lite"] -> resolved_models=["lite"]
[9/25/2026, 3:17:02 AM.585] [Info] [AgentModelResolver] agent "insightsAnalyzer" original_models=[] -> resolved_models=[]
[9/25/2026, 3:17:02 AM.585] [Info] [AgentModelResolver] agent "agentInstructions" original_models=[] -> resolved_models=[]
[9/25/2026, 3:17:02 AM.585] [Info] [AgentModelResolver] agent "statusline-setup" original_models=[] -> resolved_models=[]
[9/25/2026, 3:17:02 AM.585] [Info] [AgentModelResolver] agent "Explore" original_models=["lite"] -> resolved_models=["lite"]
[9/25/2026, 3:17:02 AM.585] [Info] [AgentModelResolver] agent "Plan" original_models=[] -> resolved_models=[]
[9/25/2026, 3:17:02 AM.585] [Info] [AgentModelResolver] agent "pulse" original_models=[] -> resolved_models=[]
[9/25/2026, 3:17:02 AM.585] [Info] [AgentModelResolver] agent "handoff-summary" original_models=undefined -> resolved_models=[]
[9/25/2026, 3:17:02 AM.585] [Info] [AgentModelResolver] agent "enhance-prompt" original_models=[] -> resolved_models=[]
[9/25/2026, 3:17:02 AM.585] [Info] [AgentModelResolver] agent "sheet-agent" original_models=[] -> resolved_models=[]
[9/25/2026, 3:17:02 AM.585] [Info] [AgentModelResolver] agent "doc-converter" original_models=[] -> resolved_models=[]
[9/25/2026, 3:17:02 AM.585] [Info] [AgentModelResolver] agent "doc-formatter" original_models=[] -> resolved_models=[]
[9/25/2026, 3:17:02 AM.585] [Info] [AgentModelResolver] agent "doc-writer" original_models=[] -> resolved_models=[]
[9/25/2026, 3:17:02 AM.600] [Info] [PluginPolicyService]  [MergedPlugins][DEBUG] ProductManager.onDidChange fired, reloading policies...
[9/25/2026, 3:17:02 AM.600] [Info] [PluginPolicyService]  [MergedPlugins][DEBUG] Current config builtInMarketPluginsMerge: [{"autoEnable":true,"marketplaceName":"codebuddy-plugins-official","name":"agent-browser","scope":"user"},{"autoEnable":true,"marketplaceName":"codebuddy-plugins-official","name":"find-skills","scope":"user"}]
[9/25/2026, 3:17:02 AM.600] [Info] [PluginPolicyService]  [MergedPlugins] Loaded 2 merged plugin entries
[9/25/2026, 3:17:02 AM.600] [Info] [Startup] AgentManager.rebuildAgents: START
[9/25/2026, 3:17:02 AM.600] [Info] [Startup] AgentManager.rebuildAgents: completed in 11ms, resolving readyDeferred
[9/25/2026, 3:17:02 AM.601] [Info] [PluginManager]  Checking for built-in marketplaces to install...
[9/25/2026, 3:17:02 AM.601] [Info] [BuiltInMarketplaceProvider]  Found 2 built-in marketplace(s)
[9/25/2026, 3:17:02 AM.601] [Info] [PluginManager]  Found 2 built-in marketplace(s)
[9/25/2026, 3:17:02 AM.601] [Info] [MarketplaceStorage]  [MarketplaceStorage] getMarketplaces ensureConfigFile=0ms readAndRepair=0ms migration=0ms total=0ms count=5 path=/Users/didi/.workbuddy/plugins/known_marketplaces.json
[9/25/2026, 3:17:02 AM.601] [Info] [PluginManager]  All built-in marketplaces are already installed
[9/25/2026, 3:17:02 AM.602] [Info] [MarketplaceStorage]  [MarketplaceStorage] getMarketplaces ensureConfigFile=0ms readAndRepair=1ms migration=0ms total=1ms count=5 path=/Users/didi/.workbuddy/plugins/known_marketplaces.json
[9/25/2026, 3:17:02 AM.602] [Info] [BuiltInMarketplaceProvider]  Found 2 built-in marketplace(s)
[9/25/2026, 3:17:02 AM.605] [Info] [PluginManager]  Loaded 5 marketplaces (2 built-in) total=4ms storage=1ms builtIn=0ms autoUpdate=0ms
[9/25/2026, 3:17:03 AM.579] [Info] [GitInfoCollector]  CODEBUDDY_GIT_REPO_SCAN_DISABLED 1
[9/25/2026, 3:17:03 AM.579] [Info] [GitInfoCollector]  Git repository scan is disabled via CODEBUDDY_GIT_REPO_SCAN_DISABLED environment variable
[9/25/2026, 3:17:03 AM.591] [Warning] [CloudProductManager]  Fetch remote configuration failed (attempt 1), will retry after 2s
[9/25/2026, 3:17:04 AM.591] [Info] [TracingService]  Tracing uses @tencent/galileo-node-sdk global OpenTelemetry provider; @genie OTLP exporter is skipped.
[9/25/2026, 3:17:04 AM.591] [Info] [TracingService]  Tracing config resolved: {"productEnabled":true,"enabledByEnv":false,"endpoint":"https://copilot.tencent.com","galileoEnabled":true}
[9/25/2026, 3:17:05 AM.594] [Info] [GitInfoCollector]  CODEBUDDY_GIT_REPO_SCAN_DISABLED 1
[9/25/2026, 3:17:05 AM.594] [Info] [GitInfoCollector]  Git repository scan is disabled via CODEBUDDY_GIT_REPO_SCAN_DISABLED environment variable
[9/25/2026, 3:17:05 AM.609] [Warning] [CloudProductManager]  Fetch remote configuration failed (attempt 2), will retry after 4s
[9/25/2026, 3:34:49 AM.393] [Info] [GitInfoCollector]  CODEBUDDY_GIT_REPO_SCAN_DISABLED 1
[9/25/2026, 3:34:49 AM.393] [Info] [GitInfoCollector]  Git repository scan is disabled via CODEBUDDY_GIT_REPO_SCAN_DISABLED environment variable
[9/25/2026, 3:34:49 AM.397] [Info] [WorkflowMemProbe] tick runId=(none) | rss=147MB heap=156.4/163.3MB external=53.6MB arrayBuffers=0MB
[9/25/2026, 3:34:49 AM.443] [Info] [GitInfoCollector]  CODEBUDDY_GIT_REPO_SCAN_DISABLED 1
[9/25/2026, 3:34:49 AM.443] [Info] [GitInfoCollector]  Git repository scan is disabled via CODEBUDDY_GIT_REPO_SCAN_DISABLED environment variable
[9/25/2026, 3:34:49 AM.449] [Warning] [CloudProductManager]  Fetch remote configuration failed (attempt 3), will retry after 8s
[9/25/2026, 3:34:49 AM.451] [Warning] [CloudProductManager]  Fetch remote configuration failed: getaddrinfo ENOTFOUND copilot.tencent.com, url=/v3/config, code=ENOTFOUND
[9/25/2026, 3:34:49 AM.451] [Info] [PluginsProductProvider.provide] active=9, ids=[weixinpay@workbuddy-builtin,tencent-docs-plugin@workbuddy-builtin,sheetagent@workbuddy-builtin,tencent-pptx@workbuddy-builtin,tencent-docx@workbuddy-builtin,agent-browser@codebuddy-plugins-official,find-skills@codebuddy-plugins-official,agent-browser@inline,find-skills@inline]
[9/25/2026, 3:34:49 AM.452] [Info] [MCP][cacheDbg] getConnectedServers() called: nonInteractive=true waitForSettle=false cacheNow=[connector-proxy,weixinpay,sheetagent] allServers=[connector-proxy:connected,weixinpay:connected,sheetagent:connected]
[9/25/2026, 3:34:49 AM.452] [Info] [MCP][cacheDbg] getConnectedServers() returning: [connector-proxy,weixinpay,sheetagent] (size=3)
[9/25/2026, 3:34:49 AM.460] [Info] [CustomModelsProductProvider] productName=WorkBuddy, isWorkBuddy=true, userConfigPath=/Users/didi/.workbuddy/models.json
[9/25/2026, 3:34:49 AM.460] [Info] Loaded custom models config from user: /Users/didi/.workbuddy/models.json
[9/25/2026, 3:34:49 AM.460] [Info] [ModelsProductProvider] enterpriseId: undefined, endpoint: https://copilot.tencent.com
[9/25/2026, 3:34:49 AM.460] [Warning] [ModelsProductProvider] enterpriseId is missing, skipping models API call
[9/25/2026, 3:34:49 AM.461] [Info] [AgentModelResolver] product config input: 54 models, 23 agents
[9/25/2026, 3:34:49 AM.461] [Info] [AgentModelResolver] model ids: auto, fast-model, balanced-model, deep-model, hy3, hy3-b, hy3-c, hy3-x, hy4-preview, hy4-preview-f, minimax-m2.5, glm-5v-turbo, glm-5.3, glm-5.3-flash, glm-5.2, glm-5.1, glm-5.0-turbo, glm-4.6v, kimi-k3-1, kimi-k2.8-preview, kimi-k2.7, kimi-k2.6, kimi-k2.5, kimi-k2-thinking, minimax-m3, minimax-m2.7, glm-4.6, deepseek-v4-flash, deepseek-v4.1-flash, deepseek-v4-pro, deepseek-v3-2-volc, deepseek-v3-1-volc, deepseek-v3-1-lkeap, deepseek-v3-1, deepseek-v3-0324-lkeap, deepseek-r1-0528-lkeap, kimi-k2-instruct-taiji, completion-gf, default-1.1, hunyuan-3b, hunyuan-7b-dense, codewise-completions, codewise-rewrite, codewise-nes-a4-027-aide, codewise-jump, deepseek-r1-0528, deepseek-v3-0324-taco-completion, deepseek-v3-0324, default-1.2, hunyuan-2.0-instruct, hunyuan-chat, hunyuan-image-alpha, hunyuan-image-alpha-edit, custom-local:kimi-k3
[9/25/2026, 3:34:49 AM.461] [Info] [AgentModelResolver] agent "cli" original_models=["auto","hy4-preview-f","hy3","hy3-x","deepseek-v4.1-flash","glm-5.3","glm-5.3-flash","glm-5.2","glm-5.1","glm-5v-turbo","minimax-m3","kimi-k3-1","kimi-k2.8-preview","kimi-k2.7","kimi-k2.6","deepseek-v4-pro"] -> resolved_models=["auto","hy4-preview-f","hy3","hy3-x","deepseek-v4.1-flash","glm-5.3","glm-5.3-flash","glm-5.2","glm-5.1","glm-5v-turbo","minimax-m3","kimi-k3-1","kimi-k2.8-preview","kimi-k2.7","kimi-k2.6","deepseek-v4-pro"]
[9/25/2026, 3:34:49 AM.461] [Info] [AgentModelResolver] agent "general-purpose" original_models=[] -> resolved_models=[]
[9/25/2026, 3:34:49 AM.461] [Info] [AgentModelResolver] agent "compact" original_models=[] -> resolved_models=[]
[9/25/2026, 3:34:49 AM.461] [Info] [AgentModelResolver] agent "contextSummary" original_models=[] -> resolved_models=[]
[9/25/2026, 3:34:49 AM.461] [Info] [AgentModelResolver] agent "contentAnalyzer" original_models=[] -> resolved_models=[]
[9/25/2026, 3:34:49 AM.461] [Info] [AgentModelResolver] agent "terminalTitleGenerator" original_models=[] -> resolved_models=[]
[9/25/2026, 3:34:49 AM.461] [Info] [AgentModelResolver] agent "promptSuggestion" original_models=[] -> resolved_models=[]
[9/25/2026, 3:34:49 AM.461] [Info] [AgentModelResolver] agent "memorySelector" original_models=["lite"] -> resolved_models=["lite"]
[9/25/2026, 3:34:49 AM.461] [Info] [AgentModelResolver] agent "summaryGenerator" original_models=[] -> resolved_models=[]
[9/25/2026, 3:34:49 AM.461] [Info] [AgentModelResolver] agent "autoModeClassifier" original_models=[] -> resolved_models=[]
[9/25/2026, 3:34:49 AM.461] [Info] [AgentModelResolver] agent "promptHookEvaluator" original_models=["lite"] -> resolved_models=["lite"]
[9/25/2026, 3:34:49 AM.461] [Info] [AgentModelResolver] agent "insightsAnalyzer" original_models=[] -> resolved_models=[]
[9/25/2026, 3:34:49 AM.461] [Info] [AgentModelResolver] agent "agentInstructions" original_models=[] -> resolved_models=[]
[9/25/2026, 3:34:49 AM.461] [Info] [AgentModelResolver] agent "statusline-setup" original_models=[] -> resolved_models=[]
[9/25/2026, 3:34:49 AM.461] [Info] [AgentModelResolver] agent "Explore" original_models=["lite"] -> resolved_models=["lite"]
[9/25/2026, 3:34:49 AM.461] [Info] [AgentModelResolver] agent "Plan" original_models=[] -> resolved_models=[]
[9/25/2026, 3:34:49 AM.461] [Info] [AgentModelResolver] agent "pulse" original_models=[] -> resolved_models=[]
[9/25/2026, 3:34:49 AM.461] [Info] [AgentModelResolver] agent "handoff-summary" original_models=undefined -> resolved_models=[]
[9/25/2026, 3:34:49 AM.461] [Info] [AgentModelResolver] agent "enhance-prompt" original_models=[] -> resolved_models=[]
[9/25/2026, 3:34:49 AM.461] [Info] [AgentModelResolver] agent "sheet-agent" original_models=[] -> resolved_models=[]
[9/25/2026, 3:34:49 AM.461] [Info] [AgentModelResolver] agent "doc-converter" original_models=[] -> resolved_models=[]
[9/25/2026, 3:34:49 AM.461] [Info] [AgentModelResolver] agent "doc-formatter" original_models=[] -> resolved_models=[]
[9/25/2026, 3:34:49 AM.461] [Info] [AgentModelResolver] agent "doc-writer" original_models=[] -> resolved_models=[]
[9/25/2026, 3:34:49 AM.518] [Info] [PluginPolicyService]  [MergedPlugins][DEBUG] ProductManager.onDidChange fired, reloading policies...
[9/25/2026, 3:34:49 AM.518] [Info] [PluginPolicyService]  [MergedPlugins][DEBUG] Current config builtInMarketPluginsMerge: [{"autoEnable":true,"marketplaceName":"codebuddy-plugins-official","name":"agent-browser","scope":"user"},{"autoEnable":true,"marketplaceName":"codebuddy-plugins-official","name":"find-skills","scope":"user"}]
[9/25/2026, 3:34:49 AM.518] [Info] [PluginPolicyService]  [MergedPlugins] Loaded 2 merged plugin entries
[9/25/2026, 3:34:49 AM.518] [Info] [Startup] AgentManager.rebuildAgents: START
[9/25/2026, 3:34:49 AM.519] [Info] [Startup] AgentManager.rebuildAgents: completed in 53ms, resolving readyDeferred
[9/25/2026, 3:34:49 AM.519] [Info] [PluginManager]  Checking for built-in marketplaces to install...
[9/25/2026, 3:34:49 AM.519] [Info] [BuiltInMarketplaceProvider]  Found 2 built-in marketplace(s)
[9/25/2026, 3:34:49 AM.519] [Info] [PluginManager]  Found 2 built-in marketplace(s)
[9/25/2026, 3:34:49 AM.521] [Info] [MarketplaceStorage]  [MarketplaceStorage] getMarketplaces ensureConfigFile=0ms readAndRepair=2ms migration=0ms total=2ms count=5 path=/Users/didi/.workbuddy/plugins/known_marketplaces.json
[9/25/2026, 3:34:49 AM.521] [Info] [PluginManager]  All built-in marketplaces are already installed
[9/25/2026, 3:34:49 AM.522] [Info] [MarketplaceStorage]  [MarketplaceStorage] getMarketplaces ensureConfigFile=0ms readAndRepair=1ms migration=0ms total=1ms count=5 path=/Users/didi/.workbuddy/plugins/known_marketplaces.json
[9/25/2026, 3:34:49 AM.522] [Info] [BuiltInMarketplaceProvider]  Found 2 built-in marketplace(s)
[9/25/2026, 3:34:49 AM.526] [Info] [PluginManager]  Loaded 5 marketplaces (2 built-in) total=5ms storage=1ms builtIn=0ms autoUpdate=0ms
[9/25/2026, 3:34:51 AM.468] [Info] [TracingService]  Tracing uses @tencent/galileo-node-sdk global OpenTelemetry provider; @genie OTLP exporter is skipped.
[9/25/2026, 3:34:51 AM.468] [Info] [TracingService]  Tracing config resolved: {"productEnabled":true,"enabledByEnv":false,"endpoint":"https://copilot.tencent.com","galileoEnabled":true}
[9/25/2026, 3:37:48 AM.662] [Info] [GitInfoCollector]  CODEBUDDY_GIT_REPO_SCAN_DISABLED 1
[9/25/2026, 3:37:48 AM.662] [Info] [GitInfoCollector]  Git repository scan is disabled via CODEBUDDY_GIT_REPO_SCAN_DISABLED environment variable
[9/25/2026, 3:37:48 AM.662] [Info] [WorkflowMemProbe] tick runId=(none) | rss=150.3MB heap=160.4/167MB external=54.7MB arrayBuffers=0MB
[9/25/2026, 3:37:48 AM.691] [Warning] [CloudProductManager]  Fetch remote configuration failed (attempt 4), will retry after 16s
[9/25/2026, 3:54:44 AM.565] [Info] [GitInfoCollector]  CODEBUDDY_GIT_REPO_SCAN_DISABLED 1
[9/25/2026, 3:54:44 AM.565] [Info] [GitInfoCollector]  Git repository scan is disabled via CODEBUDDY_GIT_REPO_SCAN_DISABLED environment variable
[9/25/2026, 3:54:44 AM.568] [Info] [WorkflowMemProbe] tick runId=(none) | rss=151.1MB heap=161.3/167MB external=53.6MB arrayBuffers=0MB
[9/25/2026, 3:54:44 AM.594] [Info] [GitInfoCollector]  CODEBUDDY_GIT_REPO_SCAN_DISABLED 1
[9/25/2026, 3:54:44 AM.594] [Info] [GitInfoCollector]  Git repository scan is disabled via CODEBUDDY_GIT_REPO_SCAN_DISABLED environment variable
[9/25/2026, 3:54:44 AM.599] [Warning] [CloudProductManager]  Fetch remote configuration failed (attempt 5), no more retries
[9/25/2026, 3:54:44 AM.599] [Error] [CloudProductManager] [undefined]  Fetch remote configuration failed after all retries: getaddrinfo ENOTFOUND copilot.tencent.com, url=/v3/config, code=ENOTFOUND
[9/25/2026, 3:54:44 AM.599] [Warning] [CloudProductManager]  Fetch remote configuration failed: getaddrinfo ENOTFOUND copilot.tencent.com, url=/v3/config, code=ENOTFOUND
[9/25/2026, 3:54:44 AM.600] [Info] [PluginsProductProvider.provide] active=9, ids=[weixinpay@workbuddy-builtin,tencent-docs-plugin@workbuddy-builtin,sheetagent@workbuddy-builtin,tencent-pptx@workbuddy-builtin,tencent-docx@workbuddy-builtin,agent-browser@codebuddy-plugins-official,find-skills@codebuddy-plugins-official,agent-browser@inline,find-skills@inline]
[9/25/2026, 3:54:44 AM.600] [Info] [MCP][cacheDbg] getConnectedServers() called: nonInteractive=true waitForSettle=false cacheNow=[connector-proxy,weixinpay,sheetagent] allServers=[connector-proxy:connected,weixinpay:connected,sheetagent:connected]
[9/25/2026, 3:54:44 AM.600] [Info] [MCP][cacheDbg] getConnectedServers() returning: [connector-proxy,weixinpay,sheetagent] (size=3)
[9/25/2026, 3:54:44 AM.607] [Info] [CustomModelsProductProvider] productName=WorkBuddy, isWorkBuddy=true, userConfigPath=/Users/didi/.workbuddy/models.json
[9/25/2026, 3:54:44 AM.607] [Info] Loaded custom models config from user: /Users/didi/.workbuddy/models.json
[9/25/2026, 3:54:44 AM.607] [Info] [ModelsProductProvider] enterpriseId: undefined, endpoint: https://copilot.tencent.com
[9/25/2026, 3:54:44 AM.607] [Warning] [ModelsProductProvider] enterpriseId is missing, skipping models API call
[9/25/2026, 3:54:44 AM.607] [Info] [AgentModelResolver] product config input: 54 models, 23 agents
[9/25/2026, 3:54:44 AM.607] [Info] [AgentModelResolver] model ids: auto, fast-model, balanced-model, deep-model, hy3, hy3-b, hy3-c, hy3-x, hy4-preview, hy4-preview-f, minimax-m2.5, glm-5v-turbo, glm-5.3, glm-5.3-flash, glm-5.2, glm-5.1, glm-5.0-turbo, glm-4.6v, kimi-k3-1, kimi-k2.8-preview, kimi-k2.7, kimi-k2.6, kimi-k2.5, kimi-k2-thinking, minimax-m3, minimax-m2.7, glm-4.6, deepseek-v4-flash, deepseek-v4.1-flash, deepseek-v4-pro, deepseek-v3-2-volc, deepseek-v3-1-volc, deepseek-v3-1-lkeap, deepseek-v3-1, deepseek-v3-0324-lkeap, deepseek-r1-0528-lkeap, kimi-k2-instruct-taiji, completion-gf, default-1.1, hunyuan-3b, hunyuan-7b-dense, codewise-completions, codewise-rewrite, codewise-nes-a4-027-aide, codewise-jump, deepseek-r1-0528, deepseek-v3-0324-taco-completion, deepseek-v3-0324, default-1.2, hunyuan-2.0-instruct, hunyuan-chat, hunyuan-image-alpha, hunyuan-image-alpha-edit, custom-local:kimi-k3
[9/25/2026, 3:54:44 AM.607] [Info] [AgentModelResolver] agent "cli" original_models=["auto","hy4-preview-f","hy3","hy3-x","deepseek-v4.1-flash","glm-5.3","glm-5.3-flash","glm-5.2","glm-5.1","glm-5v-turbo","minimax-m3","kimi-k3-1","kimi-k2.8-preview","kimi-k2.7","kimi-k2.6","deepseek-v4-pro"] -> resolved_models=["auto","hy4-preview-f","hy3","hy3-x","deepseek-v4.1-flash","glm-5.3","glm-5.3-flash","glm-5.2","glm-5.1","glm-5v-turbo","minimax-m3","kimi-k3-1","kimi-k2.8-preview","kimi-k2.7","kimi-k2.6","deepseek-v4-pro"]
[9/25/2026, 3:54:44 AM.607] [Info] [AgentModelResolver] agent "general-purpose" original_models=[] -> resolved_models=[]
[9/25/2026, 3:54:44 AM.607] [Info] [AgentModelResolver] agent "compact" original_models=[] -> resolved_models=[]
[9/25/2026, 3:54:44 AM.607] [Info] [AgentModelResolver] agent "contextSummary" original_models=[] -> resolved_models=[]
[9/25/2026, 3:54:44 AM.607] [Info] [AgentModelResolver] agent "contentAnalyzer" original_models=[] -> resolved_models=[]
[9/25/2026, 3:54:44 AM.607] [Info] [AgentModelResolver] agent "terminalTitleGenerator" original_models=[] -> resolved_models=[]
[9/25/2026, 3:54:44 AM.607] [Info] [AgentModelResolver] agent "promptSuggestion" original_models=[] -> resolved_models=[]
[9/25/2026, 3:54:44 AM.607] [Info] [AgentModelResolver] agent "memorySelector" original_models=["lite"] -> resolved_models=["lite"]
[9/25/2026, 3:54:44 AM.607] [Info] [AgentModelResolver] agent "summaryGenerator" original_models=[] -> resolved_models=[]
[9/25/2026, 3:54:44 AM.607] [Info] [AgentModelResolver] agent "autoModeClassifier" original_models=[] -> resolved_models=[]
[9/25/2026, 3:54:44 AM.607] [Info] [AgentModelResolver] agent "promptHookEvaluator" original_models=["lite"] -> resolved_models=["lite"]
[9/25/2026, 3:54:44 AM.607] [Info] [AgentModelResolver] agent "insightsAnalyzer" original_models=[] -> resolved_models=[]
[9/25/2026, 3:54:44 AM.607] [Info] [AgentModelResolver] agent "agentInstructions" original_models=[] -> resolved_models=[]
[9/25/2026, 3:54:44 AM.607] [Info] [AgentModelResolver] agent "statusline-setup" original_models=[] -> resolved_models=[]
[9/25/2026, 3:54:44 AM.607] [Info] [AgentModelResolver] agent "Explore" original_models=["lite"] -> resolved_models=["lite"]
[9/25/2026, 3:54:44 AM.607] [Info] [AgentModelResolver] agent "Plan" original_models=[] -> resolved_models=[]
[9/25/2026, 3:54:44 AM.607] [Info] [AgentModelResolver] agent "pulse" original_models=[] -> resolved_models=[]
[9/25/2026, 3:54:44 AM.607] [Info] [AgentModelResolver] agent "handoff-summary" original_models=undefined -> resolved_models=[]
[9/25/2026, 3:54:44 AM.607] [Info] [AgentModelResolver] agent "enhance-prompt" original_models=[] -> resolved_models=[]
[9/25/2026, 3:54:44 AM.607] [Info] [AgentModelResolver] agent "sheet-agent" original_models=[] -> resolved_models=[]
[9/25/2026, 3:54:44 AM.607] [Info] [AgentModelResolver] agent "doc-converter" original_models=[] -> resolved_models=[]
[9/25/2026, 3:54:44 AM.607] [Info] [AgentModelResolver] agent "doc-formatter" original_models=[] -> resolved_models=[]
[9/25/2026, 3:54:44 AM.607] [Info] [AgentModelResolver] agent "doc-writer" original_models=[] -> resolved_models=[]
[9/25/2026, 3:54:44 AM.622] [Info] [PluginPolicyService]  [MergedPlugins][DEBUG] ProductManager.onDidChange fired, reloading policies...
[9/25/2026, 3:54:44 AM.622] [Info] [PluginPolicyService]  [MergedPlugins][DEBUG] Current config builtInMarketPluginsMerge: [{"autoEnable":true,"marketplaceName":"codebuddy-plugins-official","name":"agent-browser","scope":"user"},{"autoEnable":true,"marketplaceName":"codebuddy-plugins-official","name":"find-skills","scope":"user"}]
[9/25/2026, 3:54:44 AM.622] [Info] [PluginPolicyService]  [MergedPlugins] Loaded 2 merged plugin entries
[9/25/2026, 3:54:44 AM.622] [Info] [Startup] AgentManager.rebuildAgents: START
[9/25/2026, 3:54:44 AM.622] [Info] [Startup] AgentManager.rebuildAgents: completed in 10ms, resolving readyDeferred
[9/25/2026, 3:54:44 AM.623] [Info] [PluginManager]  Checking for built-in marketplaces to install...
[9/25/2026, 3:54:44 AM.623] [Info] [BuiltInMarketplaceProvider]  Found 2 built-in marketplace(s)
[9/25/2026, 3:54:44 AM.623] [Info] [PluginManager]  Found 2 built-in marketplace(s)
[9/25/2026, 3:54:44 AM.623] [Info] [MarketplaceStorage]  [MarketplaceStorage] getMarketplaces ensureConfigFile=0ms readAndRepair=0ms migration=0ms total=0ms count=5 path=/Users/didi/.workbuddy/plugins/known_marketplaces.json
[9/25/2026, 3:54:44 AM.623] [Info] [PluginManager]  All built-in marketplaces are already installed
[9/25/2026, 3:54:44 AM.624] [Info] [MarketplaceStorage]  [MarketplaceStorage] getMarketplaces ensureConfigFile=0ms readAndRepair=1ms migration=0ms total=1ms count=5 path=/Users/didi/.workbuddy/plugins/known_marketplaces.json
[9/25/2026, 3:54:44 AM.624] [Info] [BuiltInMarketplaceProvider]  Found 2 built-in marketplace(s)
[9/25/2026, 3:54:44 AM.625] [Info] [PluginManager]  Loaded 5 marketplaces (2 built-in) total=2ms storage=1ms builtIn=0ms autoUpdate=0ms
[9/25/2026, 3:54:45 AM.601] [Info] [GitInfoCollector]  CODEBUDDY_GIT_REPO_SCAN_DISABLED 1
[9/25/2026, 3:54:45 AM.601] [Info] [GitInfoCollector]  Git repository scan is disabled via CODEBUDDY_GIT_REPO_SCAN_DISABLED environment variable
[9/25/2026, 3:54:45 AM.617] [Warning] [CloudProductManager]  Fetch remote configuration failed (attempt 1), will retry after 2s
[9/25/2026, 3:54:46 AM.614] [Info] [TracingService]  Tracing uses @tencent/galileo-node-sdk global OpenTelemetry provider; @genie OTLP exporter is skipped.
[9/25/2026, 3:54:46 AM.614] [Info] [TracingService]  Tracing config resolved: {"productEnabled":true,"enabledByEnv":false,"endpoint":"https://copilot.tencent.com","galileoEnabled":true}
[9/25/2026, 3:54:47 AM.620] [Info] [GitInfoCollector]  CODEBUDDY_GIT_REPO_SCAN_DISABLED 1
[9/25/2026, 3:54:47 AM.620] [Info] [GitInfoCollector]  Git repository scan is disabled via CODEBUDDY_GIT_REPO_SCAN_DISABLED environment variable
[9/25/2026, 3:54:47 AM.633] [Warning] [CloudProductManager]  Fetch remote configuration failed (attempt 2), will retry after 4s
[9/25/2026, 4:12:42 AM.369] [Info] [GitInfoCollector]  CODEBUDDY_GIT_REPO_SCAN_DISABLED 1
[9/25/2026, 4:12:42 AM.369] [Info] [GitInfoCollector]  Git repository scan is disabled via CODEBUDDY_GIT_REPO_SCAN_DISABLED environment variable
[9/25/2026, 4:12:42 AM.374] [Info] [WorkflowMemProbe] tick runId=(none) | rss=142MB heap=154/160.9MB external=53.2MB arrayBuffers=0MB
[9/25/2026, 4:12:42 AM.418] [Info] [GitInfoCollector]  CODEBUDDY_GIT_REPO_SCAN_DISABLED 1
[9/25/2026, 4:12:42 AM.418] [Info] [GitInfoCollector]  Git repository scan is disabled via CODEBUDDY_GIT_REPO_SCAN_DISABLED environment variable
[9/25/2026, 4:12:42 AM.424] [Warning] [CloudProductManager]  Fetch remote configuration failed (attempt 3), will retry after 8s
[9/25/2026, 4:12:42 AM.429] [Warning] [CloudProductManager]  Fetch remote configuration failed: getaddrinfo ENOTFOUND copilot.tencent.com, url=/v3/config, code=ENOTFOUND
[9/25/2026, 4:12:42 AM.430] [Info] [PluginsProductProvider.provide] active=9, ids=[weixinpay@workbuddy-builtin,tencent-docs-plugin@workbuddy-builtin,sheetagent@workbuddy-builtin,tencent-pptx@workbuddy-builtin,tencent-docx@workbuddy-builtin,agent-browser@codebuddy-plugins-official,find-skills@codebuddy-plugins-official,agent-browser@inline,find-skills@inline]
[9/25/2026, 4:12:42 AM.430] [Info] [MCP][cacheDbg] getConnectedServers() called: nonInteractive=true waitForSettle=false cacheNow=[connector-proxy,weixinpay,sheetagent] allServers=[connector-proxy:connected,weixinpay:connected,sheetagent:connected]
[9/25/2026, 4:12:42 AM.430] [Info] [MCP][cacheDbg] getConnectedServers() returning: [connector-proxy,weixinpay,sheetagent] (size=3)
[9/25/2026, 4:12:42 AM.437] [Info] [CustomModelsProductProvider] productName=WorkBuddy, isWorkBuddy=true, userConfigPath=/Users/didi/.workbuddy/models.json
[9/25/2026, 4:12:42 AM.437] [Info] Loaded custom models config from user: /Users/didi/.workbuddy/models.json
[9/25/2026, 4:12:42 AM.438] [Info] [ModelsProductProvider] enterpriseId: undefined, endpoint: https://copilot.tencent.com
[9/25/2026, 4:12:42 AM.438] [Warning] [ModelsProductProvider] enterpriseId is missing, skipping models API call
[9/25/2026, 4:12:42 AM.438] [Info] [AgentModelResolver] product config input: 54 models, 23 agents
[9/25/2026, 4:12:42 AM.438] [Info] [AgentModelResolver] model ids: auto, fast-model, balanced-model, deep-model, hy3, hy3-b, hy3-c, hy3-x, hy4-preview, hy4-preview-f, minimax-m2.5, glm-5v-turbo, glm-5.3, glm-5.3-flash, glm-5.2, glm-5.1, glm-5.0-turbo, glm-4.6v, kimi-k3-1, kimi-k2.8-preview, kimi-k2.7, kimi-k2.6, kimi-k2.5, kimi-k2-thinking, minimax-m3, minimax-m2.7, glm-4.6, deepseek-v4-flash, deepseek-v4.1-flash, deepseek-v4-pro, deepseek-v3-2-volc, deepseek-v3-1-volc, deepseek-v3-1-lkeap, deepseek-v3-1, deepseek-v3-0324-lkeap, deepseek-r1-0528-lkeap, kimi-k2-instruct-taiji, completion-gf, default-1.1, hunyuan-3b, hunyuan-7b-dense, codewise-completions, codewise-rewrite, codewise-nes-a4-027-aide, codewise-jump, deepseek-r1-0528, deepseek-v3-0324-taco-completion, deepseek-v3-0324, default-1.2, hunyuan-2.0-instruct, hunyuan-chat, hunyuan-image-alpha, hunyuan-image-alpha-edit, custom-local:kimi-k3
[9/25/2026, 4:12:42 AM.438] [Info] [AgentModelResolver] agent "cli" original_models=["auto","hy4-preview-f","hy3","hy3-x","deepseek-v4.1-flash","glm-5.3","glm-5.3-flash","glm-5.2","glm-5.1","glm-5v-turbo","minimax-m3","kimi-k3-1","kimi-k2.8-preview","kimi-k2.7","kimi-k2.6","deepseek-v4-pro"] -> resolved_models=["auto","hy4-preview-f","hy3","hy3-x","deepseek-v4.1-flash","glm-5.3","glm-5.3-flash","glm-5.2","glm-5.1","glm-5v-turbo","minimax-m3","kimi-k3-1","kimi-k2.8-preview","kimi-k2.7","kimi-k2.6","deepseek-v4-pro"]
[9/25/2026, 4:12:42 AM.438] [Info] [AgentModelResolver] agent "general-purpose" original_models=[] -> resolved_models=[]
[9/25/2026, 4:12:42 AM.438] [Info] [AgentModelResolver] agent "compact" original_models=[] -> resolved_models=[]
[9/25/2026, 4:12:42 AM.438] [Info] [AgentModelResolver] agent "contextSummary" original_models=[] -> resolved_models=[]
[9/25/2026, 4:12:42 AM.438] [Info] [AgentModelResolver] agent "contentAnalyzer" original_models=[] -> resolved_models=[]
[9/25/2026, 4:12:42 AM.438] [Info] [AgentModelResolver] agent "terminalTitleGenerator" original_models=[] -> resolved_models=[]
[9/25/2026, 4:12:42 AM.438] [Info] [AgentModelResolver] agent "promptSuggestion" original_models=[] -> resolved_models=[]
[9/25/2026, 4:12:42 AM.438] [Info] [AgentModelResolver] agent "memorySelector" original_models=["lite"] -> resolved_models=["lite"]
[9/25/2026, 4:12:42 AM.438] [Info] [AgentModelResolver] agent "summaryGenerator" original_models=[] -> resolved_models=[]
[9/25/2026, 4:12:42 AM.438] [Info] [AgentModelResolver] agent "autoModeClassifier" original_models=[] -> resolved_models=[]
[9/25/2026, 4:12:42 AM.438] [Info] [AgentModelResolver] agent "promptHookEvaluator" original_models=["lite"] -> resolved_models=["lite"]
[9/25/2026, 4:12:42 AM.438] [Info] [AgentModelResolver] agent "insightsAnalyzer" original_models=[] -> resolved_models=[]
[9/25/2026, 4:12:42 AM.438] [Info] [AgentModelResolver] agent "agentInstructions" original_models=[] -> resolved_models=[]
[9/25/2026, 4:12:42 AM.438] [Info] [AgentModelResolver] agent "statusline-setup" original_models=[] -> resolved_models=[]
[9/25/2026, 4:12:42 AM.438] [Info] [AgentModelResolver] agent "Explore" original_models=["lite"] -> resolved_models=["lite"]
[9/25/2026, 4:12:42 AM.438] [Info] [AgentModelResolver] agent "Plan" original_models=[] -> resolved_models=[]
[9/25/2026, 4:12:42 AM.438] [Info] [AgentModelResolver] agent "pulse" original_models=[] -> resolved_models=[]
[9/25/2026, 4:12:42 AM.438] [Info] [AgentModelResolver] agent "handoff-summary" original_models=undefined -> resolved_models=[]
[9/25/2026, 4:12:42 AM.438] [Info] [AgentModelResolver] agent "enhance-prompt" original_models=[] -> resolved_models=[]
[9/25/2026, 4:12:42 AM.438] [Info] [AgentModelResolver] agent "sheet-agent" original_models=[] -> resolved_models=[]
[9/25/2026, 4:12:42 AM.438] [Info] [AgentModelResolver] agent "doc-converter" original_models=[] -> resolved_models=[]
[9/25/2026, 4:12:42 AM.438] [Info] [AgentModelResolver] agent "doc-formatter" original_models=[] -> resolved_models=[]
[9/25/2026, 4:12:42 AM.438] [Info] [AgentModelResolver] agent "doc-writer" original_models=[] -> resolved_models=[]
[9/25/2026, 4:12:42 AM.502] [Info] [PluginPolicyService]  [MergedPlugins][DEBUG] ProductManager.onDidChange fired, reloading policies...
[9/25/2026, 4:12:42 AM.502] [Info] [PluginPolicyService]  [MergedPlugins][DEBUG] Current config builtInMarketPluginsMerge: [{"autoEnable":true,"marketplaceName":"codebuddy-plugins-official","name":"agent-browser","scope":"user"},{"autoEnable":true,"marketplaceName":"codebuddy-plugins-official","name":"find-skills","scope":"user"}]
[9/25/2026, 4:12:42 AM.502] [Info] [PluginPolicyService]  [MergedPlugins] Loaded 2 merged plugin entries
[9/25/2026, 4:12:42 AM.502] [Info] [Startup] AgentManager.rebuildAgents: START
[9/25/2026, 4:12:42 AM.507] [Info] [Startup] AgentManager.rebuildAgents: completed in 64ms, resolving readyDeferred
[9/25/2026, 4:12:42 AM.507] [Info] [PluginManager]  Checking for built-in marketplaces to install...
[9/25/2026, 4:12:42 AM.507] [Info] [BuiltInMarketplaceProvider]  Found 2 built-in marketplace(s)
[9/25/2026, 4:12:42 AM.507] [Info] [PluginManager]  Found 2 built-in marketplace(s)
[9/25/2026, 4:12:42 AM.508] [Info] [MarketplaceStorage]  [MarketplaceStorage] getMarketplaces ensureConfigFile=0ms readAndRepair=1ms migration=0ms total=1ms count=5 path=/Users/didi/.workbuddy/plugins/known_marketplaces.json
[9/25/2026, 4:12:42 AM.508] [Info] [PluginManager]  All built-in marketplaces are already installed
[9/25/2026, 4:12:42 AM.511] [Info] [MarketplaceStorage]  [MarketplaceStorage] getMarketplaces ensureConfigFile=0ms readAndRepair=3ms migration=0ms total=3ms count=5 path=/Users/didi/.workbuddy/plugins/known_marketplaces.json
[9/25/2026, 4:12:42 AM.511] [Info] [BuiltInMarketplaceProvider]  Found 2 built-in marketplace(s)
[9/25/2026, 4:12:42 AM.516] [Info] [PluginManager]  Loaded 5 marketplaces (2 built-in) total=8ms storage=3ms builtIn=0ms autoUpdate=0ms
[9/25/2026, 4:12:44 AM.445] [Info] [TracingService]  Tracing uses @tencent/galileo-node-sdk global OpenTelemetry provider; @genie OTLP exporter is skipped.
[9/25/2026, 4:12:44 AM.445] [Info] [TracingService]  Tracing config resolved: {"productEnabled":true,"enabledByEnv":false,"endpoint":"https://copilot.tencent.com","galileoEnabled":true}
[9/25/2026, 4:29:00 AM.619] [Info] [GitInfoCollector]  CODEBUDDY_GIT_REPO_SCAN_DISABLED 1
[9/25/2026, 4:29:00 AM.619] [Info] [GitInfoCollector]  Git repository scan is disabled via CODEBUDDY_GIT_REPO_SCAN_DISABLED environment variable
[9/25/2026, 4:29:00 AM.622] [Info] [WorkflowMemProbe] tick runId=(none) | rss=144.9MB heap=157.7/162.7MB external=53.2MB arrayBuffers=0MB
[9/25/2026, 4:29:00 AM.643] [Info] [GitInfoCollector]  CODEBUDDY_GIT_REPO_SCAN_DISABLED 1
[9/25/2026, 4:29:00 AM.643] [Info] [GitInfoCollector]  Git repository scan is disabled via CODEBUDDY_GIT_REPO_SCAN_DISABLED environment variable
[9/25/2026, 4:29:00 AM.647] [Warning] [CloudProductManager]  Fetch remote configuration failed (attempt 4), will retry after 16s
[9/25/2026, 4:29:00 AM.648] [Warning] [CloudProductManager]  Fetch remote configuration failed: getaddrinfo ENOTFOUND copilot.tencent.com, url=/v3/config, code=ENOTFOUND
[9/25/2026, 4:29:00 AM.649] [Info] [PluginsProductProvider.provide] active=9, ids=[weixinpay@workbuddy-builtin,tencent-docs-plugin@workbuddy-builtin,sheetagent@workbuddy-builtin,tencent-pptx@workbuddy-builtin,tencent-docx@workbuddy-builtin,agent-browser@codebuddy-plugins-official,find-skills@codebuddy-plugins-official,agent-browser@inline,find-skills@inline]
[9/25/2026, 4:29:00 AM.649] [Info] [MCP][cacheDbg] getConnectedServers() called: nonInteractive=true waitForSettle=false cacheNow=[connector-proxy,weixinpay,sheetagent] allServers=[connector-proxy:connected,weixinpay:connected,sheetagent:connected]
[9/25/2026, 4:29:00 AM.649] [Info] [MCP][cacheDbg] getConnectedServers() returning: [connector-proxy,weixinpay,sheetagent] (size=3)
[9/25/2026, 4:29:00 AM.655] [Info] [CustomModelsProductProvider] productName=WorkBuddy, isWorkBuddy=true, userConfigPath=/Users/didi/.workbuddy/models.json
[9/25/2026, 4:29:00 AM.655] [Info] Loaded custom models config from user: /Users/didi/.workbuddy/models.json
[9/25/2026, 4:29:00 AM.655] [Info] [ModelsProductProvider] enterpriseId: undefined, endpoint: https://copilot.tencent.com
[9/25/2026, 4:29:00 AM.655] [Warning] [ModelsProductProvider] enterpriseId is missing, skipping models API call
[9/25/2026, 4:29:00 AM.655] [Info] [AgentModelResolver] product config input: 54 models, 23 agents
[9/25/2026, 4:29:00 AM.655] [Info] [AgentModelResolver] model ids: auto, fast-model, balanced-model, deep-model, hy3, hy3-b, hy3-c, hy3-x, hy4-preview, hy4-preview-f, minimax-m2.5, glm-5v-turbo, glm-5.3, glm-5.3-flash, glm-5.2, glm-5.1, glm-5.0-turbo, glm-4.6v, kimi-k3-1, kimi-k2.8-preview, kimi-k2.7, kimi-k2.6, kimi-k2.5, kimi-k2-thinking, minimax-m3, minimax-m2.7, glm-4.6, deepseek-v4-flash, deepseek-v4.1-flash, deepseek-v4-pro, deepseek-v3-2-volc, deepseek-v3-1-volc, deepseek-v3-1-lkeap, deepseek-v3-1, deepseek-v3-0324-lkeap, deepseek-r1-0528-lkeap, kimi-k2-instruct-taiji, completion-gf, default-1.1, hunyuan-3b, hunyuan-7b-dense, codewise-completions, codewise-rewrite, codewise-nes-a4-027-aide, codewise-jump, deepseek-r1-0528, deepseek-v3-0324-taco-completion, deepseek-v3-0324, default-1.2, hunyuan-2.0-instruct, hunyuan-chat, hunyuan-image-alpha, hunyuan-image-alpha-edit, custom-local:kimi-k3
[9/25/2026, 4:29:00 AM.655] [Info] [AgentModelResolver] agent "cli" original_models=["auto","hy4-preview-f","hy3","hy3-x","deepseek-v4.1-flash","glm-5.3","glm-5.3-flash","glm-5.2","glm-5.1","glm-5v-turbo","minimax-m3","kimi-k3-1","kimi-k2.8-preview","kimi-k2.7","kimi-k2.6","deepseek-v4-pro"] -> resolved_models=["auto","hy4-preview-f","hy3","hy3-x","deepseek-v4.1-flash","glm-5.3","glm-5.3-flash","glm-5.2","glm-5.1","glm-5v-turbo","minimax-m3","kimi-k3-1","kimi-k2.8-preview","kimi-k2.7","kimi-k2.6","deepseek-v4-pro"]
[9/25/2026, 4:29:00 AM.655] [Info] [AgentModelResolver] agent "general-purpose" original_models=[] -> resolved_models=[]
[9/25/2026, 4:29:00 AM.655] [Info] [AgentModelResolver] agent "compact" original_models=[] -> resolved_models=[]
[9/25/2026, 4:29:00 AM.655] [Info] [AgentModelResolver] agent "contextSummary" original_models=[] -> resolved_models=[]
[9/25/2026, 4:29:00 AM.655] [Info] [AgentModelResolver] agent "contentAnalyzer" original_models=[] -> resolved_models=[]
[9/25/2026, 4:29:00 AM.655] [Info] [AgentModelResolver] agent "terminalTitleGenerator" original_models=[] -> resolved_models=[]
[9/25/2026, 4:29:00 AM.655] [Info] [AgentModelResolver] agent "promptSuggestion" original_models=[] -> resolved_models=[]
[9/25/2026, 4:29:00 AM.655] [Info] [AgentModelResolver] agent "memorySelector" original_models=["lite"] -> resolved_models=["lite"]
[9/25/2026, 4:29:00 AM.655] [Info] [AgentModelResolver] agent "summaryGenerator" original_models=[] -> resolved_models=[]
[9/25/2026, 4:29:00 AM.655] [Info] [AgentModelResolver] agent "autoModeClassifier" original_models=[] -> resolved_models=[]
[9/25/2026, 4:29:00 AM.655] [Info] [AgentModelResolver] agent "promptHookEvaluator" original_models=["lite"] -> resolved_models=["lite"]
[9/25/2026, 4:29:00 AM.655] [Info] [AgentModelResolver] agent "insightsAnalyzer" original_models=[] -> resolved_models=[]
[9/25/2026, 4:29:00 AM.655] [Info] [AgentModelResolver] agent "agentInstructions" original_models=[] -> resolved_models=[]
[9/25/2026, 4:29:00 AM.655] [Info] [AgentModelResolver] agent "statusline-setup" original_models=[] -> resolved_models=[]
[9/25/2026, 4:29:00 AM.655] [Info] [AgentModelResolver] agent "Explore" original_models=["lite"] -> resolved_models=["lite"]
[9/25/2026, 4:29:00 AM.655] [Info] [AgentModelResolver] agent "Plan" original_models=[] -> resolved_models=[]
[9/25/2026, 4:29:00 AM.655] [Info] [AgentModelResolver] agent "pulse" original_models=[] -> resolved_models=[]
[9/25/2026, 4:29:00 AM.655] [Info] [AgentModelResolver] agent "handoff-summary" original_models=undefined -> resolved_models=[]
[9/25/2026, 4:29:00 AM.655] [Info] [AgentModelResolver] agent "enhance-prompt" original_models=[] -> resolved_models=[]
[9/25/2026, 4:29:00 AM.655] [Info] [AgentModelResolver] agent "sheet-agent" original_models=[] -> resolved_models=[]
[9/25/2026, 4:29:00 AM.655] [Info] [AgentModelResolver] agent "doc-converter" original_models=[] -> resolved_models=[]
[9/25/2026, 4:29:00 AM.655] [Info] [AgentModelResolver] agent "doc-formatter" original_models=[] -> resolved_models=[]
[9/25/2026, 4:29:00 AM.655] [Info] [AgentModelResolver] agent "doc-writer" original_models=[] -> resolved_models=[]
[9/25/2026, 4:29:00 AM.670] [Info] [PluginPolicyService]  [MergedPlugins][DEBUG] ProductManager.onDidChange fired, reloading policies...
[9/25/2026, 4:29:00 AM.670] [Info] [PluginPolicyService]  [MergedPlugins][DEBUG] Current config builtInMarketPluginsMerge: [{"autoEnable":true,"marketplaceName":"codebuddy-plugins-official","name":"agent-browser","scope":"user"},{"autoEnable":true,"marketplaceName":"codebuddy-plugins-official","name":"find-skills","scope":"user"}]
[9/25/2026, 4:29:00 AM.670] [Info] [PluginPolicyService]  [MergedPlugins] Loaded 2 merged plugin entries
[9/25/2026, 4:29:00 AM.670] [Info] [Startup] AgentManager.rebuildAgents: START
[9/25/2026, 4:29:00 AM.671] [Info] [Startup] AgentManager.rebuildAgents: completed in 12ms, resolving readyDeferred
[9/25/2026, 4:29:00 AM.671] [Info] [PluginManager]  Checking for built-in marketplaces to install...
[9/25/2026, 4:29:00 AM.671] [Info] [BuiltInMarketplaceProvider]  Found 2 built-in marketplace(s)
[9/25/2026, 4:29:00 AM.671] [Info] [PluginManager]  Found 2 built-in marketplace(s)
[9/25/2026, 4:29:00 AM.672] [Info] [MarketplaceStorage]  [MarketplaceStorage] getMarketplaces ensureConfigFile=0ms readAndRepair=0ms migration=0ms total=1ms count=5 path=/Users/didi/.workbuddy/plugins/known_marketplaces.json
[9/25/2026, 4:29:00 AM.672] [Info] [PluginManager]  All built-in marketplaces are already installed
[9/25/2026, 4:29:00 AM.672] [Info] [MarketplaceStorage]  [MarketplaceStorage] getMarketplaces ensureConfigFile=0ms readAndRepair=0ms migration=0ms total=0ms count=5 path=/Users/didi/.workbuddy/plugins/known_marketplaces.json
[9/25/2026, 4:29:00 AM.672] [Info] [BuiltInMarketplaceProvider]  Found 2 built-in marketplace(s)
[9/25/2026, 4:29:00 AM.673] [Info] [PluginManager]  Loaded 5 marketplaces (2 built-in) total=1ms storage=0ms builtIn=0ms autoUpdate=0ms
[9/25/2026, 4:29:02 AM.662] [Info] [TracingService]  Tracing uses @tencent/galileo-node-sdk global OpenTelemetry provider; @genie OTLP exporter is skipped.
[9/25/2026, 4:29:02 AM.662] [Info] [TracingService]  Tracing config resolved: {"productEnabled":true,"enabledByEnv":false,"endpoint":"https://copilot.tencent.com","galileoEnabled":true}
[9/25/2026, 4:46:06 AM.370] [Info] [GitInfoCollector]  CODEBUDDY_GIT_REPO_SCAN_DISABLED 1
[9/25/2026, 4:46:06 AM.370] [Info] [GitInfoCollector]  Git repository scan is disabled via CODEBUDDY_GIT_REPO_SCAN_DISABLED environment variable
[9/25/2026, 4:46:06 AM.373] [Info] [WorkflowMemProbe] tick runId=(none) | rss=149.8MB heap=164.2/169.3MB external=54.4MB arrayBuffers=0MB
[9/25/2026, 4:46:06 AM.404] [Info] [GitInfoCollector]  CODEBUDDY_GIT_REPO_SCAN_DISABLED 1
[9/25/2026, 4:46:06 AM.404] [Info] [GitInfoCollector]  Git repository scan is disabled via CODEBUDDY_GIT_REPO_SCAN_DISABLED environment variable
[9/25/2026, 4:46:06 AM.409] [Warning] [CloudProductManager]  Fetch remote configuration failed (attempt 5), no more retries
[9/25/2026, 4:46:06 AM.409] [Error] [CloudProductManager] [undefined]  Fetch remote configuration failed after all retries: getaddrinfo ENOTFOUND copilot.tencent.com, url=/v3/config, code=ENOTFOUND
[9/25/2026, 4:46:06 AM.410] [Warning] [CloudProductManager]  Fetch remote configuration failed: getaddrinfo ENOTFOUND copilot.tencent.com, url=/v3/config, code=ENOTFOUND
[9/25/2026, 4:46:06 AM.411] [Info] [PluginsProductProvider.provide] active=9, ids=[weixinpay@workbuddy-builtin,tencent-docs-plugin@workbuddy-builtin,sheetagent@workbuddy-builtin,tencent-pptx@workbuddy-builtin,tencent-docx@workbuddy-builtin,agent-browser@codebuddy-plugins-official,find-skills@codebuddy-plugins-official,agent-browser@inline,find-skills@inline]
[9/25/2026, 4:46:06 AM.411] [Info] [MCP][cacheDbg] getConnectedServers() called: nonInteractive=true waitForSettle=false cacheNow=[connector-proxy,weixinpay,sheetagent] allServers=[connector-proxy:connected,weixinpay:connected,sheetagent:connected]
[9/25/2026, 4:46:06 AM.411] [Info] [MCP][cacheDbg] getConnectedServers() returning: [connector-proxy,weixinpay,sheetagent] (size=3)
[9/25/2026, 4:46:06 AM.418] [Info] [CustomModelsProductProvider] productName=WorkBuddy, isWorkBuddy=true, userConfigPath=/Users/didi/.workbuddy/models.json
[9/25/2026, 4:46:06 AM.418] [Info] Loaded custom models config from user: /Users/didi/.workbuddy/models.json
[9/25/2026, 4:46:06 AM.418] [Info] [ModelsProductProvider] enterpriseId: undefined, endpoint: https://copilot.tencent.com
[9/25/2026, 4:46:06 AM.418] [Warning] [ModelsProductProvider] enterpriseId is missing, skipping models API call
[9/25/2026, 4:46:06 AM.418] [Info] [AgentModelResolver] product config input: 54 models, 23 agents
[9/25/2026, 4:46:06 AM.418] [Info] [AgentModelResolver] model ids: auto, fast-model, balanced-model, deep-model, hy3, hy3-b, hy3-c, hy3-x, hy4-preview, hy4-preview-f, minimax-m2.5, glm-5v-turbo, glm-5.3, glm-5.3-flash, glm-5.2, glm-5.1, glm-5.0-turbo, glm-4.6v, kimi-k3-1, kimi-k2.8-preview, kimi-k2.7, kimi-k2.6, kimi-k2.5, kimi-k2-thinking, minimax-m3, minimax-m2.7, glm-4.6, deepseek-v4-flash, deepseek-v4.1-flash, deepseek-v4-pro, deepseek-v3-2-volc, deepseek-v3-1-volc, deepseek-v3-1-lkeap, deepseek-v3-1, deepseek-v3-0324-lkeap, deepseek-r1-0528-lkeap, kimi-k2-instruct-taiji, completion-gf, default-1.1, hunyuan-3b, hunyuan-7b-dense, codewise-completions, codewise-rewrite, codewise-nes-a4-027-aide, codewise-jump, deepseek-r1-0528, deepseek-v3-0324-taco-completion, deepseek-v3-0324, default-1.2, hunyuan-2.0-instruct, hunyuan-chat, hunyuan-image-alpha, hunyuan-image-alpha-edit, custom-local:kimi-k3
[9/25/2026, 4:46:06 AM.418] [Info] [AgentModelResolver] agent "cli" original_models=["auto","hy4-preview-f","hy3","hy3-x","deepseek-v4.1-flash","glm-5.3","glm-5.3-flash","glm-5.2","glm-5.1","glm-5v-turbo","minimax-m3","kimi-k3-1","kimi-k2.8-preview","kimi-k2.7","kimi-k2.6","deepseek-v4-pro"] -> resolved_models=["auto","hy4-preview-f","hy3","hy3-x","deepseek-v4.1-flash","glm-5.3","glm-5.3-flash","glm-5.2","glm-5.1","glm-5v-turbo","minimax-m3","kimi-k3-1","kimi-k2.8-preview","kimi-k2.7","kimi-k2.6","deepseek-v4-pro"]
[9/25/2026, 4:46:06 AM.418] [Info] [AgentModelResolver] agent "general-purpose" original_models=[] -> resolved_models=[]
[9/25/2026, 4:46:06 AM.418] [Info] [AgentModelResolver] agent "compact" original_models=[] -> resolved_models=[]
[9/25/2026, 4:46:06 AM.418] [Info] [AgentModelResolver] agent "contextSummary" original_models=[] -> resolved_models=[]
[9/25/2026, 4:46:06 AM.418] [Info] [AgentModelResolver] agent "contentAnalyzer" original_models=[] -> resolved_models=[]
[9/25/2026, 4:46:06 AM.418] [Info] [AgentModelResolver] agent "terminalTitleGenerator" original_models=[] -> resolved_models=[]
[9/25/2026, 4:46:06 AM.418] [Info] [AgentModelResolver] agent "promptSuggestion" original_models=[] -> resolved_models=[]
[9/25/2026, 4:46:06 AM.418] [Info] [AgentModelResolver] agent "memorySelector" original_models=["lite"] -> resolved_models=["lite"]
[9/25/2026, 4:46:06 AM.418] [Info] [AgentModelResolver] agent "summaryGenerator" original_models=[] -> resolved_models=[]
[9/25/2026, 4:46:06 AM.418] [Info] [AgentModelResolver] agent "autoModeClassifier" original_models=[] -> resolved_models=[]
[9/25/2026, 4:46:06 AM.418] [Info] [AgentModelResolver] agent "promptHookEvaluator" original_models=["lite"] -> resolved_models=["lite"]
[9/25/2026, 4:46:06 AM.418] [Info] [AgentModelResolver] agent "insightsAnalyzer" original_models=[] -> resolved_models=[]
[9/25/2026, 4:46:06 AM.418] [Info] [AgentModelResolver] agent "agentInstructions" original_models=[] -> resolved_models=[]
[9/25/2026, 4:46:06 AM.418] [Info] [AgentModelResolver] agent "statusline-setup" original_models=[] -> resolved_models=[]
[9/25/2026, 4:46:06 AM.418] [Info] [AgentModelResolver] agent "Explore" original_models=["lite"] -> resolved_models=["lite"]
[9/25/2026, 4:46:06 AM.418] [Info] [AgentModelResolver] agent "Plan" original_models=[] -> resolved_models=[]
[9/25/2026, 4:46:06 AM.418] [Info] [AgentModelResolver] agent "pulse" original_models=[] -> resolved_models=[]
[9/25/2026, 4:46:06 AM.418] [Info] [AgentModelResolver] agent "handoff-summary" original_models=undefined -> resolved_models=[]
[9/25/2026, 4:46:06 AM.418] [Info] [AgentModelResolver] agent "enhance-prompt" original_models=[] -> resolved_models=[]
[9/25/2026, 4:46:06 AM.418] [Info] [AgentModelResolver] agent "sheet-agent" original_models=[] -> resolved_models=[]
[9/25/2026, 4:46:06 AM.418] [Info] [AgentModelResolver] agent "doc-converter" original_models=[] -> resolved_models=[]
[9/25/2026, 4:46:06 AM.418] [Info] [AgentModelResolver] agent "doc-formatter" original_models=[] -> resolved_models=[]
[9/25/2026, 4:46:06 AM.418] [Info] [AgentModelResolver] agent "doc-writer" original_models=[] -> resolved_models=[]
[9/25/2026, 4:46:06 AM.483] [Info] [PluginPolicyService]  [MergedPlugins][DEBUG] ProductManager.onDidChange fired, reloading policies...
[9/25/2026, 4:46:06 AM.483] [Info] [PluginPolicyService]  [MergedPlugins][DEBUG] Current config builtInMarketPluginsMerge: [{"autoEnable":true,"marketplaceName":"codebuddy-plugins-official","name":"agent-browser","scope":"user"},{"autoEnable":true,"marketplaceName":"codebuddy-plugins-official","name":"find-skills","scope":"user"}]
[9/25/2026, 4:46:06 AM.483] [Info] [PluginPolicyService]  [MergedPlugins] Loaded 2 merged plugin entries
[9/25/2026, 4:46:06 AM.483] [Info] [Startup] AgentManager.rebuildAgents: START
[9/25/2026, 4:46:06 AM.487] [Info] [Startup] AgentManager.rebuildAgents: completed in 64ms, resolving readyDeferred
[9/25/2026, 4:46:06 AM.487] [Info] [PluginManager]  Checking for built-in marketplaces to install...
[9/25/2026, 4:46:06 AM.487] [Info] [BuiltInMarketplaceProvider]  Found 2 built-in marketplace(s)
[9/25/2026, 4:46:06 AM.487] [Info] [PluginManager]  Found 2 built-in marketplace(s)
[9/25/2026, 4:46:06 AM.489] [Info] [MarketplaceStorage]  [MarketplaceStorage] getMarketplaces ensureConfigFile=0ms readAndRepair=2ms migration=0ms total=2ms count=5 path=/Users/didi/.workbuddy/plugins/known_marketplaces.json
[9/25/2026, 4:46:06 AM.489] [Info] [PluginManager]  All built-in marketplaces are already installed
[9/25/2026, 4:46:06 AM.492] [Info] [MarketplaceStorage]  [MarketplaceStorage] getMarketplaces ensureConfigFile=0ms readAndRepair=3ms migration=0ms total=3ms count=5 path=/Users/didi/.workbuddy/plugins/known_marketplaces.json
[9/25/2026, 4:46:06 AM.492] [Info] [BuiltInMarketplaceProvider]  Found 2 built-in marketplace(s)
[9/25/2026, 4:46:06 AM.512] [Info] [PluginManager]  Loaded 5 marketplaces (2 built-in) total=23ms storage=3ms builtIn=0ms autoUpdate=0ms
[9/25/2026, 4:46:07 AM.412] [Info] [GitInfoCollector]  CODEBUDDY_GIT_REPO_SCAN_DISABLED 1
[9/25/2026, 4:46:07 AM.412] [Info] [GitInfoCollector]  Git repository scan is disabled via CODEBUDDY_GIT_REPO_SCAN_DISABLED environment variable
[9/25/2026, 4:46:07 AM.429] [Warning] [CloudProductManager]  Fetch remote configuration failed (attempt 1), will retry after 2s
[9/25/2026, 4:46:08 AM.424] [Info] [TracingService]  Tracing uses @tencent/galileo-node-sdk global OpenTelemetry provider; @genie OTLP exporter is skipped.
[9/25/2026, 4:46:08 AM.424] [Info] [TracingService]  Tracing config resolved: {"productEnabled":true,"enabledByEnv":false,"endpoint":"https://copilot.tencent.com","galileoEnabled":true}
[9/25/2026, 4:46:09 AM.430] [Info] [GitInfoCollector]  CODEBUDDY_GIT_REPO_SCAN_DISABLED 1
[9/25/2026, 4:46:09 AM.430] [Info] [GitInfoCollector]  Git repository scan is disabled via CODEBUDDY_GIT_REPO_SCAN_DISABLED environment variable
[9/25/2026, 4:46:09 AM.446] [Warning] [CloudProductManager]  Fetch remote configuration failed (attempt 2), will retry after 4s
[9/25/2026, 5:01:57 AM.676] [Info] [GitInfoCollector]  CODEBUDDY_GIT_REPO_SCAN_DISABLED 1
[9/25/2026, 5:01:57 AM.676] [Info] [GitInfoCollector]  Git repository scan is disabled via CODEBUDDY_GIT_REPO_SCAN_DISABLED environment variable
[9/25/2026, 5:01:57 AM.678] [Info] [WorkflowMemProbe] tick runId=(none) | rss=144.7MB heap=156.6/162.6MB external=53.6MB arrayBuffers=0MB
[9/25/2026, 5:01:57 AM.695] [Info] [GitInfoCollector]  CODEBUDDY_GIT_REPO_SCAN_DISABLED 1
[9/25/2026, 5:01:57 AM.695] [Info] [GitInfoCollector]  Git repository scan is disabled via CODEBUDDY_GIT_REPO_SCAN_DISABLED environment variable
[9/25/2026, 5:01:57 AM.699] [Warning] [CloudProductManager]  Fetch remote configuration failed (attempt 3), will retry after 8s
[9/25/2026, 5:01:57 AM.700] [Warning] [CloudProductManager]  Fetch remote configuration failed: getaddrinfo ENOTFOUND copilot.tencent.com, url=/v3/config, code=ENOTFOUND
[9/25/2026, 5:01:57 AM.701] [Info] [PluginsProductProvider.provide] active=9, ids=[weixinpay@workbuddy-builtin,tencent-docs-plugin@workbuddy-builtin,sheetagent@workbuddy-builtin,tencent-pptx@workbuddy-builtin,tencent-docx@workbuddy-builtin,agent-browser@codebuddy-plugins-official,find-skills@codebuddy-plugins-official,agent-browser@inline,find-skills@inline]
[9/25/2026, 5:01:57 AM.701] [Info] [MCP][cacheDbg] getConnectedServers() called: nonInteractive=true waitForSettle=false cacheNow=[connector-proxy,weixinpay,sheetagent] allServers=[connector-proxy:connected,weixinpay:connected,sheetagent:connected]
[9/25/2026, 5:01:57 AM.701] [Info] [MCP][cacheDbg] getConnectedServers() returning: [connector-proxy,weixinpay,sheetagent] (size=3)
[9/25/2026, 5:01:57 AM.707] [Info] [CustomModelsProductProvider] productName=WorkBuddy, isWorkBuddy=true, userConfigPath=/Users/didi/.workbuddy/models.json
[9/25/2026, 5:01:57 AM.707] [Info] Loaded custom models config from user: /Users/didi/.workbuddy/models.json
[9/25/2026, 5:01:57 AM.707] [Info] [ModelsProductProvider] enterpriseId: undefined, endpoint: https://copilot.tencent.com
[9/25/2026, 5:01:57 AM.707] [Warning] [ModelsProductProvider] enterpriseId is missing, skipping models API call
[9/25/2026, 5:01:57 AM.707] [Info] [AgentModelResolver] product config input: 54 models, 23 agents
[9/25/2026, 5:01:57 AM.707] [Info] [AgentModelResolver] model ids: auto, fast-model, balanced-model, deep-model, hy3, hy3-b, hy3-c, hy3-x, hy4-preview, hy4-preview-f, minimax-m2.5, glm-5v-turbo, glm-5.3, glm-5.3-flash, glm-5.2, glm-5.1, glm-5.0-turbo, glm-4.6v, kimi-k3-1, kimi-k2.8-preview, kimi-k2.7, kimi-k2.6, kimi-k2.5, kimi-k2-thinking, minimax-m3, minimax-m2.7, glm-4.6, deepseek-v4-flash, deepseek-v4.1-flash, deepseek-v4-pro, deepseek-v3-2-volc, deepseek-v3-1-volc, deepseek-v3-1-lkeap, deepseek-v3-1, deepseek-v3-0324-lkeap, deepseek-r1-0528-lkeap, kimi-k2-instruct-taiji, completion-gf, default-1.1, hunyuan-3b, hunyuan-7b-dense, codewise-completions, codewise-rewrite, codewise-nes-a4-027-aide, codewise-jump, deepseek-r1-0528, deepseek-v3-0324-taco-completion, deepseek-v3-0324, default-1.2, hunyuan-2.0-instruct, hunyuan-chat, hunyuan-image-alpha, hunyuan-image-alpha-edit, custom-local:kimi-k3
[9/25/2026, 5:01:57 AM.707] [Info] [AgentModelResolver] agent "cli" original_models=["auto","hy4-preview-f","hy3","hy3-x","deepseek-v4.1-flash","glm-5.3","glm-5.3-flash","glm-5.2","glm-5.1","glm-5v-turbo","minimax-m3","kimi-k3-1","kimi-k2.8-preview","kimi-k2.7","kimi-k2.6","deepseek-v4-pro"] -> resolved_models=["auto","hy4-preview-f","hy3","hy3-x","deepseek-v4.1-flash","glm-5.3","glm-5.3-flash","glm-5.2","glm-5.1","glm-5v-turbo","minimax-m3","kimi-k3-1","kimi-k2.8-preview","kimi-k2.7","kimi-k2.6","deepseek-v4-pro"]
[9/25/2026, 5:01:57 AM.707] [Info] [AgentModelResolver] agent "general-purpose" original_models=[] -> resolved_models=[]
[9/25/2026, 5:01:57 AM.707] [Info] [AgentModelResolver] agent "compact" original_models=[] -> resolved_models=[]
[9/25/2026, 5:01:57 AM.707] [Info] [AgentModelResolver] agent "contextSummary" original_models=[] -> resolved_models=[]
[9/25/2026, 5:01:57 AM.707] [Info] [AgentModelResolver] agent "contentAnalyzer" original_models=[] -> resolved_models=[]
[9/25/2026, 5:01:57 AM.707] [Info] [AgentModelResolver] agent "terminalTitleGenerator" original_models=[] -> resolved_models=[]
[9/25/2026, 5:01:57 AM.707] [Info] [AgentModelResolver] agent "promptSuggestion" original_models=[] -> resolved_models=[]
[9/25/2026, 5:01:57 AM.707] [Info] [AgentModelResolver] agent "memorySelector" original_models=["lite"] -> resolved_models=["lite"]
[9/25/2026, 5:01:57 AM.707] [Info] [AgentModelResolver] agent "summaryGenerator" original_models=[] -> resolved_models=[]
[9/25/2026, 5:01:57 AM.707] [Info] [AgentModelResolver] agent "autoModeClassifier" original_models=[] -> resolved_models=[]
[9/25/2026, 5:01:57 AM.707] [Info] [AgentModelResolver] agent "promptHookEvaluator" original_models=["lite"] -> resolved_models=["lite"]
[9/25/2026, 5:01:57 AM.707] [Info] [AgentModelResolver] agent "insightsAnalyzer" original_models=[] -> resolved_models=[]
[9/25/2026, 5:01:57 AM.707] [Info] [AgentModelResolver] agent "agentInstructions" original_models=[] -> resolved_models=[]
[9/25/2026, 5:01:57 AM.707] [Info] [AgentModelResolver] agent "statusline-setup" original_models=[] -> resolved_models=[]
[9/25/2026, 5:01:57 AM.707] [Info] [AgentModelResolver] agent "Explore" original_models=["lite"] -> resolved_models=["lite"]
[9/25/2026, 5:01:57 AM.707] [Info] [AgentModelResolver] agent "Plan" original_models=[] -> resolved_models=[]
[9/25/2026, 5:01:57 AM.707] [Info] [AgentModelResolver] agent "pulse" original_models=[] -> resolved_models=[]
[9/25/2026, 5:01:57 AM.707] [Info] [AgentModelResolver] agent "handoff-summary" original_models=undefined -> resolved_models=[]
[9/25/2026, 5:01:57 AM.707] [Info] [AgentModelResolver] agent "enhance-prompt" original_models=[] -> resolved_models=[]
[9/25/2026, 5:01:57 AM.707] [Info] [AgentModelResolver] agent "sheet-agent" original_models=[] -> resolved_models=[]
[9/25/2026, 5:01:57 AM.707] [Info] [AgentModelResolver] agent "doc-converter" original_models=[] -> resolved_models=[]
[9/25/2026, 5:01:57 AM.707] [Info] [AgentModelResolver] agent "doc-formatter" original_models=[] -> resolved_models=[]
[9/25/2026, 5:01:57 AM.707] [Info] [AgentModelResolver] agent "doc-writer" original_models=[] -> resolved_models=[]
[9/25/2026, 5:01:57 AM.722] [Info] [PluginPolicyService]  [MergedPlugins][DEBUG] ProductManager.onDidChange fired, reloading policies...
[9/25/2026, 5:01:57 AM.722] [Info] [PluginPolicyService]  [MergedPlugins][DEBUG] Current config builtInMarketPluginsMerge: [{"autoEnable":true,"marketplaceName":"codebuddy-plugins-official","name":"agent-browser","scope":"user"},{"autoEnable":true,"marketplaceName":"codebuddy-plugins-official","name":"find-skills","scope":"user"}]
[9/25/2026, 5:01:57 AM.722] [Info] [PluginPolicyService]  [MergedPlugins] Loaded 2 merged plugin entries
[9/25/2026, 5:01:57 AM.722] [Info] [Startup] AgentManager.rebuildAgents: START
[9/25/2026, 5:01:57 AM.722] [Info] [Startup] AgentManager.rebuildAgents: completed in 11ms, resolving readyDeferred
[9/25/2026, 5:01:57 AM.723] [Info] [PluginManager]  Checking for built-in marketplaces to install...
[9/25/2026, 5:01:57 AM.723] [Info] [BuiltInMarketplaceProvider]  Found 2 built-in marketplace(s)
[9/25/2026, 5:01:57 AM.723] [Info] [PluginManager]  Found 2 built-in marketplace(s)
[9/25/2026, 5:01:57 AM.723] [Info] [MarketplaceStorage]  [MarketplaceStorage] getMarketplaces ensureConfigFile=0ms readAndRepair=0ms migration=0ms total=0ms count=5 path=/Users/didi/.workbuddy/plugins/known_marketplaces.json
[9/25/2026, 5:01:57 AM.723] [Info] [PluginManager]  All built-in marketplaces are already installed
[9/25/2026, 5:01:57 AM.724] [Info] [MarketplaceStorage]  [MarketplaceStorage] getMarketplaces ensureConfigFile=0ms readAndRepair=1ms migration=0ms total=1ms count=5 path=/Users/didi/.workbuddy/plugins/known_marketplaces.json
[9/25/2026, 5:01:57 AM.724] [Info] [BuiltInMarketplaceProvider]  Found 2 built-in marketplace(s)
[9/25/2026, 5:01:57 AM.725] [Info] [PluginManager]  Loaded 5 marketplaces (2 built-in) total=2ms storage=1ms builtIn=0ms autoUpdate=0ms
[9/25/2026, 5:01:59 AM.713] [Info] [TracingService]  Tracing uses @tencent/galileo-node-sdk global OpenTelemetry provider; @genie OTLP exporter is skipped.
[9/25/2026, 5:01:59 AM.713] [Info] [TracingService]  Tracing config resolved: {"productEnabled":true,"enabledByEnv":false,"endpoint":"https://copilot.tencent.com","galileoEnabled":true}
[9/25/2026, 5:13:46 AM.477] [Info] [GitInfoCollector]  CODEBUDDY_GIT_REPO_SCAN_DISABLED 1
[9/25/2026, 5:13:46 AM.477] [Info] [GitInfoCollector]  Git repository scan is disabled via CODEBUDDY_GIT_REPO_SCAN_DISABLED environment variable
[9/25/2026, 5:13:46 AM.479] [Info] [WorkflowMemProbe] tick runId=(none) | rss=149.1MB heap=162.3/168.3MB external=54.8MB arrayBuffers=0MB
[9/25/2026, 5:13:46 AM.507] [Info] [GitInfoCollector]  CODEBUDDY_GIT_REPO_SCAN_DISABLED 1
[9/25/2026, 5:13:46 AM.507] [Info] [GitInfoCollector]  Git repository scan is disabled via CODEBUDDY_GIT_REPO_SCAN_DISABLED environment variable
[9/25/2026, 5:13:46 AM.512] [Warning] [CloudProductManager]  Fetch remote configuration failed (attempt 4), will retry after 16s
[9/25/2026, 5:13:46 AM.513] [Warning] [CloudProductManager]  Fetch remote configuration failed: getaddrinfo ENOTFOUND copilot.tencent.com, url=/v3/config, code=ENOTFOUND
[9/25/2026, 5:13:46 AM.514] [Info] [PluginsProductProvider.provide] active=9, ids=[weixinpay@workbuddy-builtin,tencent-docs-plugin@workbuddy-builtin,sheetagent@workbuddy-builtin,tencent-pptx@workbuddy-builtin,tencent-docx@workbuddy-builtin,agent-browser@codebuddy-plugins-official,find-skills@codebuddy-plugins-official,agent-browser@inline,find-skills@inline]
[9/25/2026, 5:13:46 AM.514] [Info] [MCP][cacheDbg] getConnectedServers() called: nonInteractive=true waitForSettle=false cacheNow=[connector-proxy,weixinpay,sheetagent] allServers=[connector-proxy:connected,weixinpay:connected,sheetagent:connected]
[9/25/2026, 5:13:46 AM.514] [Info] [MCP][cacheDbg] getConnectedServers() returning: [connector-proxy,weixinpay,sheetagent] (size=3)
[9/25/2026, 5:13:46 AM.520] [Info] [CustomModelsProductProvider] productName=WorkBuddy, isWorkBuddy=true, userConfigPath=/Users/didi/.workbuddy/models.json
[9/25/2026, 5:13:46 AM.520] [Info] Loaded custom models config from user: /Users/didi/.workbuddy/models.json
[9/25/2026, 5:13:46 AM.520] [Info] [ModelsProductProvider] enterpriseId: undefined, endpoint: https://copilot.tencent.com
[9/25/2026, 5:13:46 AM.520] [Warning] [ModelsProductProvider] enterpriseId is missing, skipping models API call
[9/25/2026, 5:13:46 AM.520] [Info] [AgentModelResolver] product config input: 54 models, 23 agents
[9/25/2026, 5:13:46 AM.520] [Info] [AgentModelResolver] model ids: auto, fast-model, balanced-model, deep-model, hy3, hy3-b, hy3-c, hy3-x, hy4-preview, hy4-preview-f, minimax-m2.5, glm-5v-turbo, glm-5.3, glm-5.3-flash, glm-5.2, glm-5.1, glm-5.0-turbo, glm-4.6v, kimi-k3-1, kimi-k2.8-preview, kimi-k2.7, kimi-k2.6, kimi-k2.5, kimi-k2-thinking, minimax-m3, minimax-m2.7, glm-4.6, deepseek-v4-flash, deepseek-v4.1-flash, deepseek-v4-pro, deepseek-v3-2-volc, deepseek-v3-1-volc, deepseek-v3-1-lkeap, deepseek-v3-1, deepseek-v3-0324-lkeap, deepseek-r1-0528-lkeap, kimi-k2-instruct-taiji, completion-gf, default-1.1, hunyuan-3b, hunyuan-7b-dense, codewise-completions, codewise-rewrite, codewise-nes-a4-027-aide, codewise-jump, deepseek-r1-0528, deepseek-v3-0324-taco-completion, deepseek-v3-0324, default-1.2, hunyuan-2.0-instruct, hunyuan-chat, hunyuan-image-alpha, hunyuan-image-alpha-edit, custom-local:kimi-k3
[9/25/2026, 5:13:46 AM.520] [Info] [AgentModelResolver] agent "cli" original_models=["auto","hy4-preview-f","hy3","hy3-x","deepseek-v4.1-flash","glm-5.3","glm-5.3-flash","glm-5.2","glm-5.1","glm-5v-turbo","minimax-m3","kimi-k3-1","kimi-k2.8-preview","kimi-k2.7","kimi-k2.6","deepseek-v4-pro"] -> resolved_models=["auto","hy4-preview-f","hy3","hy3-x","deepseek-v4.1-flash","glm-5.3","glm-5.3-flash","glm-5.2","glm-5.1","glm-5v-turbo","minimax-m3","kimi-k3-1","kimi-k2.8-preview","kimi-k2.7","kimi-k2.6","deepseek-v4-pro"]
[9/25/2026, 5:13:46 AM.520] [Info] [AgentModelResolver] agent "general-purpose" original_models=[] -> resolved_models=[]
[9/25/2026, 5:13:46 AM.520] [Info] [AgentModelResolver] agent "compact" original_models=[] -> resolved_models=[]
[9/25/2026, 5:13:46 AM.520] [Info] [AgentModelResolver] agent "contextSummary" original_models=[] -> resolved_models=[]
[9/25/2026, 5:13:46 AM.520] [Info] [AgentModelResolver] agent "contentAnalyzer" original_models=[] -> resolved_models=[]
[9/25/2026, 5:13:46 AM.520] [Info] [AgentModelResolver] agent "terminalTitleGenerator" original_models=[] -> resolved_models=[]
[9/25/2026, 5:13:46 AM.520] [Info] [AgentModelResolver] agent "promptSuggestion" original_models=[] -> resolved_models=[]
[9/25/2026, 5:13:46 AM.520] [Info] [AgentModelResolver] agent "memorySelector" original_models=["lite"] -> resolved_models=["lite"]
[9/25/2026, 5:13:46 AM.520] [Info] [AgentModelResolver] agent "summaryGenerator" original_models=[] -> resolved_models=[]
[9/25/2026, 5:13:46 AM.520] [Info] [AgentModelResolver] agent "autoModeClassifier" original_models=[] -> resolved_models=[]
[9/25/2026, 5:13:46 AM.520] [Info] [AgentModelResolver] agent "promptHookEvaluator" original_models=["lite"] -> resolved_models=["lite"]
[9/25/2026, 5:13:46 AM.520] [Info] [AgentModelResolver] agent "insightsAnalyzer" original_models=[] -> resolved_models=[]
[9/25/2026, 5:13:46 AM.520] [Info] [AgentModelResolver] agent "agentInstructions" original_models=[] -> resolved_models=[]
[9/25/2026, 5:13:46 AM.520] [Info] [AgentModelResolver] agent "statusline-setup" original_models=[] -> resolved_models=[]
[9/25/2026, 5:13:46 AM.520] [Info] [AgentModelResolver] agent "Explore" original_models=["lite"] -> resolved_models=["lite"]
[9/25/2026, 5:13:46 AM.520] [Info] [AgentModelResolver] agent "Plan" original_models=[] -> resolved_models=[]
[9/25/2026, 5:13:46 AM.520] [Info] [AgentModelResolver] agent "pulse" original_models=[] -> resolved_models=[]
[9/25/2026, 5:13:46 AM.520] [Info] [AgentModelResolver] agent "handoff-summary" original_models=undefined -> resolved_models=[]
[9/25/2026, 5:13:46 AM.520] [Info] [AgentModelResolver] agent "enhance-prompt" original_models=[] -> resolved_models=[]
[9/25/2026, 5:13:46 AM.520] [Info] [AgentModelResolver] agent "sheet-agent" original_models=[] -> resolved_models=[]
[9/25/2026, 5:13:46 AM.520] [Info] [AgentModelResolver] agent "doc-converter" original_models=[] -> resolved_models=[]
[9/25/2026, 5:13:46 AM.520] [Info] [AgentModelResolver] agent "doc-formatter" original_models=[] -> resolved_models=[]
[9/25/2026, 5:13:46 AM.520] [Info] [AgentModelResolver] agent "doc-writer" original_models=[] -> resolved_models=[]
[9/25/2026, 5:13:46 AM.535] [Info] [PluginPolicyService]  [MergedPlugins][DEBUG] ProductManager.onDidChange fired, reloading policies...
[9/25/2026, 5:13:46 AM.535] [Info] [PluginPolicyService]  [MergedPlugins][DEBUG] Current config builtInMarketPluginsMerge: [{"autoEnable":true,"marketplaceName":"codebuddy-plugins-official","name":"agent-browser","scope":"user"},{"autoEnable":true,"marketplaceName":"codebuddy-plugins-official","name":"find-skills","scope":"user"}]
[9/25/2026, 5:13:46 AM.535] [Info] [PluginPolicyService]  [MergedPlugins] Loaded 2 merged plugin entries
[9/25/2026, 5:13:46 AM.535] [Info] [Startup] AgentManager.rebuildAgents: START
[9/25/2026, 5:13:46 AM.536] [Info] [Startup] AgentManager.rebuildAgents: completed in 12ms, resolving readyDeferred
[9/25/2026, 5:13:46 AM.536] [Info] [PluginManager]  Checking for built-in marketplaces to install...
[9/25/2026, 5:13:46 AM.536] [Info] [BuiltInMarketplaceProvider]  Found 2 built-in marketplace(s)
[9/25/2026, 5:13:46 AM.536] [Info] [PluginManager]  Found 2 built-in marketplace(s)
[9/25/2026, 5:13:46 AM.536] [Info] [MarketplaceStorage]  [MarketplaceStorage] getMarketplaces ensureConfigFile=0ms readAndRepair=0ms migration=0ms total=0ms count=5 path=/Users/didi/.workbuddy/plugins/known_marketplaces.json
[9/25/2026, 5:13:46 AM.536] [Info] [PluginManager]  All built-in marketplaces are already installed
[9/25/2026, 5:13:46 AM.537] [Info] [MarketplaceStorage]  [MarketplaceStorage] getMarketplaces ensureConfigFile=0ms readAndRepair=1ms migration=0ms total=1ms count=5 path=/Users/didi/.workbuddy/plugins/known_marketplaces.json
[9/25/2026, 5:13:46 AM.537] [Info] [BuiltInMarketplaceProvider]  Found 2 built-in marketplace(s)
[9/25/2026, 5:13:46 AM.538] [Info] [PluginManager]  Loaded 5 marketplaces (2 built-in) total=2ms storage=1ms builtIn=0ms autoUpdate=0ms
[9/25/2026, 5:13:48 AM.527] [Info] [TracingService]  Tracing uses @tencent/galileo-node-sdk global OpenTelemetry provider; @genie OTLP exporter is skipped.
[9/25/2026, 5:13:48 AM.528] [Info] [TracingService]  Tracing config resolved: {"productEnabled":true,"enabledByEnv":false,"endpoint":"https://copilot.tencent.com","galileoEnabled":true}
[9/25/2026, 5:30:06 AM.328] [Info] [GitInfoCollector]  CODEBUDDY_GIT_REPO_SCAN_DISABLED 1
[9/25/2026, 5:30:06 AM.328] [Info] [GitInfoCollector]  Git repository scan is disabled via CODEBUDDY_GIT_REPO_SCAN_DISABLED environment variable
[9/25/2026, 5:30:06 AM.332] [Info] [WorkflowMemProbe] tick runId=(none) | rss=153.1MB heap=167/172.2MB external=54.8MB arrayBuffers=0MB
[9/25/2026, 5:30:06 AM.375] [Info] [GitInfoCollector]  CODEBUDDY_GIT_REPO_SCAN_DISABLED 1
[9/25/2026, 5:30:06 AM.375] [Info] [GitInfoCollector]  Git repository scan is disabled via CODEBUDDY_GIT_REPO_SCAN_DISABLED environment variable
[9/25/2026, 5:30:06 AM.381] [Warning] [CloudProductManager]  Fetch remote configuration failed (attempt 5), no more retries
[9/25/2026, 5:30:06 AM.382] [Error] [CloudProductManager] [undefined]  Fetch remote configuration failed after all retries: getaddrinfo ENOTFOUND copilot.tencent.com, url=/v3/config, code=ENOTFOUND
[9/25/2026, 5:30:06 AM.383] [Warning] [CloudProductManager]  Fetch remote configuration failed: getaddrinfo ENOTFOUND copilot.tencent.com, url=/v3/config, code=ENOTFOUND
[9/25/2026, 5:30:06 AM.383] [Info] [PluginsProductProvider.provide] active=9, ids=[weixinpay@workbuddy-builtin,tencent-docs-plugin@workbuddy-builtin,sheetagent@workbuddy-builtin,tencent-pptx@workbuddy-builtin,tencent-docx@workbuddy-builtin,agent-browser@codebuddy-plugins-official,find-skills@codebuddy-plugins-official,agent-browser@inline,find-skills@inline]
[9/25/2026, 5:30:06 AM.383] [Info] [MCP][cacheDbg] getConnectedServers() called: nonInteractive=true waitForSettle=false cacheNow=[connector-proxy,weixinpay,sheetagent] allServers=[connector-proxy:connected,weixinpay:connected,sheetagent:connected]
[9/25/2026, 5:30:06 AM.383] [Info] [MCP][cacheDbg] getConnectedServers() returning: [connector-proxy,weixinpay,sheetagent] (size=3)
[9/25/2026, 5:30:06 AM.392] [Info] [CustomModelsProductProvider] productName=WorkBuddy, isWorkBuddy=true, userConfigPath=/Users/didi/.workbuddy/models.json
[9/25/2026, 5:30:06 AM.392] [Info] Loaded custom models config from user: /Users/didi/.workbuddy/models.json
[9/25/2026, 5:30:06 AM.392] [Info] [ModelsProductProvider] enterpriseId: undefined, endpoint: https://copilot.tencent.com
[9/25/2026, 5:30:06 AM.392] [Warning] [ModelsProductProvider] enterpriseId is missing, skipping models API call
[9/25/2026, 5:30:06 AM.392] [Info] [AgentModelResolver] product config input: 54 models, 23 agents
[9/25/2026, 5:30:06 AM.392] [Info] [AgentModelResolver] model ids: auto, fast-model, balanced-model, deep-model, hy3, hy3-b, hy3-c, hy3-x, hy4-preview, hy4-preview-f, minimax-m2.5, glm-5v-turbo, glm-5.3, glm-5.3-flash, glm-5.2, glm-5.1, glm-5.0-turbo, glm-4.6v, kimi-k3-1, kimi-k2.8-preview, kimi-k2.7, kimi-k2.6, kimi-k2.5, kimi-k2-thinking, minimax-m3, minimax-m2.7, glm-4.6, deepseek-v4-flash, deepseek-v4.1-flash, deepseek-v4-pro, deepseek-v3-2-volc, deepseek-v3-1-volc, deepseek-v3-1-lkeap, deepseek-v3-1, deepseek-v3-0324-lkeap, deepseek-r1-0528-lkeap, kimi-k2-instruct-taiji, completion-gf, default-1.1, hunyuan-3b, hunyuan-7b-dense, codewise-completions, codewise-rewrite, codewise-nes-a4-027-aide, codewise-jump, deepseek-r1-0528, deepseek-v3-0324-taco-completion, deepseek-v3-0324, default-1.2, hunyuan-2.0-instruct, hunyuan-chat, hunyuan-image-alpha, hunyuan-image-alpha-edit, custom-local:kimi-k3
[9/25/2026, 5:30:06 AM.392] [Info] [AgentModelResolver] agent "cli" original_models=["auto","hy4-preview-f","hy3","hy3-x","deepseek-v4.1-flash","glm-5.3","glm-5.3-flash","glm-5.2","glm-5.1","glm-5v-turbo","minimax-m3","kimi-k3-1","kimi-k2.8-preview","kimi-k2.7","kimi-k2.6","deepseek-v4-pro"] -> resolved_models=["auto","hy4-preview-f","hy3","hy3-x","deepseek-v4.1-flash","glm-5.3","glm-5.3-flash","glm-5.2","glm-5.1","glm-5v-turbo","minimax-m3","kimi-k3-1","kimi-k2.8-preview","kimi-k2.7","kimi-k2.6","deepseek-v4-pro"]
[9/25/2026, 5:30:06 AM.392] [Info] [AgentModelResolver] agent "general-purpose" original_models=[] -> resolved_models=[]
[9/25/2026, 5:30:06 AM.392] [Info] [AgentModelResolver] agent "compact" original_models=[] -> resolved_models=[]
[9/25/2026, 5:30:06 AM.392] [Info] [AgentModelResolver] agent "contextSummary" original_models=[] -> resolved_models=[]
[9/25/2026, 5:30:06 AM.392] [Info] [AgentModelResolver] agent "contentAnalyzer" original_models=[] -> resolved_models=[]
[9/25/2026, 5:30:06 AM.392] [Info] [AgentModelResolver] agent "terminalTitleGenerator" original_models=[] -> resolved_models=[]
[9/25/2026, 5:30:06 AM.392] [Info] [AgentModelResolver] agent "promptSuggestion" original_models=[] -> resolved_models=[]
[9/25/2026, 5:30:06 AM.392] [Info] [AgentModelResolver] agent "memorySelector" original_models=["lite"] -> resolved_models=["lite"]
[9/25/2026, 5:30:06 AM.392] [Info] [AgentModelResolver] agent "summaryGenerator" original_models=[] -> resolved_models=[]
[9/25/2026, 5:30:06 AM.392] [Info] [AgentModelResolver] agent "autoModeClassifier" original_models=[] -> resolved_models=[]
[9/25/2026, 5:30:06 AM.392] [Info] [AgentModelResolver] agent "promptHookEvaluator" original_models=["lite"] -> resolved_models=["lite"]
[9/25/2026, 5:30:06 AM.392] [Info] [AgentModelResolver] agent "insightsAnalyzer" original_models=[] -> resolved_models=[]
[9/25/2026, 5:30:06 AM.392] [Info] [AgentModelResolver] agent "agentInstructions" original_models=[] -> resolved_models=[]
[9/25/2026, 5:30:06 AM.392] [Info] [AgentModelResolver] agent "statusline-setup" original_models=[] -> resolved_models=[]
[9/25/2026, 5:30:06 AM.392] [Info] [AgentModelResolver] agent "Explore" original_models=["lite"] -> resolved_models=["lite"]
[9/25/2026, 5:30:06 AM.392] [Info] [AgentModelResolver] agent "Plan" original_models=[] -> resolved_models=[]
[9/25/2026, 5:30:06 AM.392] [Info] [AgentModelResolver] agent "pulse" original_models=[] -> resolved_models=[]
[9/25/2026, 5:30:06 AM.392] [Info] [AgentModelResolver] agent "handoff-summary" original_models=undefined -> resolved_models=[]
[9/25/2026, 5:30:06 AM.392] [Info] [AgentModelResolver] agent "enhance-prompt" original_models=[] -> resolved_models=[]
[9/25/2026, 5:30:06 AM.392] [Info] [AgentModelResolver] agent "sheet-agent" original_models=[] -> resolved_models=[]
[9/25/2026, 5:30:06 AM.392] [Info] [AgentModelResolver] agent "doc-converter" original_models=[] -> resolved_models=[]
[9/25/2026, 5:30:06 AM.392] [Info] [AgentModelResolver] agent "doc-formatter" original_models=[] -> resolved_models=[]
[9/25/2026, 5:30:06 AM.392] [Info] [AgentModelResolver] agent "doc-writer" original_models=[] -> resolved_models=[]
[9/25/2026, 5:30:06 AM.458] [Info] [PluginPolicyService]  [MergedPlugins][DEBUG] ProductManager.onDidChange fired, reloading policies...
[9/25/2026, 5:30:06 AM.458] [Info] [PluginPolicyService]  [MergedPlugins][DEBUG] Current config builtInMarketPluginsMerge: [{"autoEnable":true,"marketplaceName":"codebuddy-plugins-official","name":"agent-browser","scope":"user"},{"autoEnable":true,"marketplaceName":"codebuddy-plugins-official","name":"find-skills","scope":"user"}]
[9/25/2026, 5:30:06 AM.458] [Info] [PluginPolicyService]  [MergedPlugins] Loaded 2 merged plugin entries
[9/25/2026, 5:30:06 AM.458] [Info] [Startup] AgentManager.rebuildAgents: START
[9/25/2026, 5:30:06 AM.461] [Info] [Startup] AgentManager.rebuildAgents: completed in 64ms, resolving readyDeferred
[9/25/2026, 5:30:06 AM.461] [Info] [PluginManager]  Checking for built-in marketplaces to install...
[9/25/2026, 5:30:06 AM.461] [Info] [BuiltInMarketplaceProvider]  Found 2 built-in marketplace(s)
[9/25/2026, 5:30:06 AM.461] [Info] [PluginManager]  Found 2 built-in marketplace(s)
[9/25/2026, 5:30:06 AM.463] [Info] [MarketplaceStorage]  [MarketplaceStorage] getMarketplaces ensureConfigFile=0ms readAndRepair=2ms migration=0ms total=2ms count=5 path=/Users/didi/.workbuddy/plugins/known_marketplaces.json
[9/25/2026, 5:30:06 AM.463] [Info] [PluginManager]  All built-in marketplaces are already installed
[9/25/2026, 5:30:06 AM.464] [Info] [MarketplaceStorage]  [MarketplaceStorage] getMarketplaces ensureConfigFile=0ms readAndRepair=1ms migration=0ms total=1ms count=5 path=/Users/didi/.workbuddy/plugins/known_marketplaces.json
[9/25/2026, 5:30:06 AM.464] [Info] [BuiltInMarketplaceProvider]  Found 2 built-in marketplace(s)
[9/25/2026, 5:30:06 AM.487] [Info] [PluginManager]  Loaded 5 marketplaces (2 built-in) total=24ms storage=1ms builtIn=0ms autoUpdate=0ms
[9/25/2026, 5:30:07 AM.385] [Info] [GitInfoCollector]  CODEBUDDY_GIT_REPO_SCAN_DISABLED 1
[9/25/2026, 5:30:07 AM.385] [Info] [GitInfoCollector]  Git repository scan is disabled via CODEBUDDY_GIT_REPO_SCAN_DISABLED environment variable
[9/25/2026, 5:30:07 AM.401] [Warning] [CloudProductManager]  Fetch remote configuration failed (attempt 1), will retry after 2s
[9/25/2026, 5:30:08 AM.398] [Info] [TracingService]  Tracing uses @tencent/galileo-node-sdk global OpenTelemetry provider; @genie OTLP exporter is skipped.
[9/25/2026, 5:30:08 AM.398] [Info] [TracingService]  Tracing config resolved: {"productEnabled":true,"enabledByEnv":false,"endpoint":"https://copilot.tencent.com","galileoEnabled":true}
[9/25/2026, 5:30:09 AM.404] [Info] [GitInfoCollector]  CODEBUDDY_GIT_REPO_SCAN_DISABLED 1
[9/25/2026, 5:30:09 AM.404] [Info] [GitInfoCollector]  Git repository scan is disabled via CODEBUDDY_GIT_REPO_SCAN_DISABLED environment variable
[9/25/2026, 5:30:09 AM.419] [Warning] [CloudProductManager]  Fetch remote configuration failed (attempt 2), will retry after 4s
[9/25/2026, 5:38:48 AM.606] [Info] [GitInfoCollector]  CODEBUDDY_GIT_REPO_SCAN_DISABLED 1
[9/25/2026, 5:38:48 AM.606] [Info] [GitInfoCollector]  Git repository scan is disabled via CODEBUDDY_GIT_REPO_SCAN_DISABLED environment variable
[9/25/2026, 5:38:48 AM.609] [Info] [WorkflowMemProbe] tick runId=(none) | rss=145.5MB heap=156.7/163.2MB external=53.6MB arrayBuffers=0MB
[9/25/2026, 5:38:48 AM.633] [Info] [GitInfoCollector]  CODEBUDDY_GIT_REPO_SCAN_DISABLED 1
[9/25/2026, 5:38:48 AM.633] [Info] [GitInfoCollector]  Git repository scan is disabled via CODEBUDDY_GIT_REPO_SCAN_DISABLED environment variable
[9/25/2026, 5:38:48 AM.638] [Warning] [CloudProductManager]  Fetch remote configuration failed (attempt 3), will retry after 8s
[9/25/2026, 5:38:48 AM.639] [Warning] [CloudProductManager]  Fetch remote configuration failed: getaddrinfo ENOTFOUND copilot.tencent.com, url=/v3/config, code=ENOTFOUND
[9/25/2026, 5:38:48 AM.639] [Info] [PluginsProductProvider.provide] active=9, ids=[weixinpay@workbuddy-builtin,tencent-docs-plugin@workbuddy-builtin,sheetagent@workbuddy-builtin,tencent-pptx@workbuddy-builtin,tencent-docx@workbuddy-builtin,agent-browser@codebuddy-plugins-official,find-skills@codebuddy-plugins-official,agent-browser@inline,find-skills@inline]
[9/25/2026, 5:38:48 AM.639] [Info] [MCP][cacheDbg] getConnectedServers() called: nonInteractive=true waitForSettle=false cacheNow=[connector-proxy,weixinpay,sheetagent] allServers=[connector-proxy:connected,weixinpay:connected,sheetagent:connected]
[9/25/2026, 5:38:48 AM.639] [Info] [MCP][cacheDbg] getConnectedServers() returning: [connector-proxy,weixinpay,sheetagent] (size=3)
[9/25/2026, 5:38:48 AM.646] [Info] [CustomModelsProductProvider] productName=WorkBuddy, isWorkBuddy=true, userConfigPath=/Users/didi/.workbuddy/models.json
[9/25/2026, 5:38:48 AM.646] [Info] Loaded custom models config from user: /Users/didi/.workbuddy/models.json
[9/25/2026, 5:38:48 AM.646] [Info] [ModelsProductProvider] enterpriseId: undefined, endpoint: https://copilot.tencent.com
[9/25/2026, 5:38:48 AM.646] [Warning] [ModelsProductProvider] enterpriseId is missing, skipping models API call
[9/25/2026, 5:38:48 AM.646] [Info] [AgentModelResolver] product config input: 54 models, 23 agents
[9/25/2026, 5:38:48 AM.646] [Info] [AgentModelResolver] model ids: auto, fast-model, balanced-model, deep-model, hy3, hy3-b, hy3-c, hy3-x, hy4-preview, hy4-preview-f, minimax-m2.5, glm-5v-turbo, glm-5.3, glm-5.3-flash, glm-5.2, glm-5.1, glm-5.0-turbo, glm-4.6v, kimi-k3-1, kimi-k2.8-preview, kimi-k2.7, kimi-k2.6, kimi-k2.5, kimi-k2-thinking, minimax-m3, minimax-m2.7, glm-4.6, deepseek-v4-flash, deepseek-v4.1-flash, deepseek-v4-pro, deepseek-v3-2-volc, deepseek-v3-1-volc, deepseek-v3-1-lkeap, deepseek-v3-1, deepseek-v3-0324-lkeap, deepseek-r1-0528-lkeap, kimi-k2-instruct-taiji, completion-gf, default-1.1, hunyuan-3b, hunyuan-7b-dense, codewise-completions, codewise-rewrite, codewise-nes-a4-027-aide, codewise-jump, deepseek-r1-0528, deepseek-v3-0324-taco-completion, deepseek-v3-0324, default-1.2, hunyuan-2.0-instruct, hunyuan-chat, hunyuan-image-alpha, hunyuan-image-alpha-edit, custom-local:kimi-k3
[9/25/2026, 5:38:48 AM.646] [Info] [AgentModelResolver] agent "cli" original_models=["auto","hy4-preview-f","hy3","hy3-x","deepseek-v4.1-flash","glm-5.3","glm-5.3-flash","glm-5.2","glm-5.1","glm-5v-turbo","minimax-m3","kimi-k3-1","kimi-k2.8-preview","kimi-k2.7","kimi-k2.6","deepseek-v4-pro"] -> resolved_models=["auto","hy4-preview-f","hy3","hy3-x","deepseek-v4.1-flash","glm-5.3","glm-5.3-flash","glm-5.2","glm-5.1","glm-5v-turbo","minimax-m3","kimi-k3-1","kimi-k2.8-preview","kimi-k2.7","kimi-k2.6","deepseek-v4-pro"]
[9/25/2026, 5:38:48 AM.646] [Info] [AgentModelResolver] agent "general-purpose" original_models=[] -> resolved_models=[]
[9/25/2026, 5:38:48 AM.646] [Info] [AgentModelResolver] agent "compact" original_models=[] -> resolved_models=[]
[9/25/2026, 5:38:48 AM.646] [Info] [AgentModelResolver] agent "contextSummary" original_models=[] -> resolved_models=[]
[9/25/2026, 5:38:48 AM.646] [Info] [AgentModelResolver] agent "contentAnalyzer" original_models=[] -> resolved_models=[]
[9/25/2026, 5:38:48 AM.646] [Info] [AgentModelResolver] agent "terminalTitleGenerator" original_models=[] -> resolved_models=[]
[9/25/2026, 5:38:48 AM.646] [Info] [AgentModelResolver] agent "promptSuggestion" original_models=[] -> resolved_models=[]
[9/25/2026, 5:38:48 AM.646] [Info] [AgentModelResolver] agent "memorySelector" original_models=["lite"] -> resolved_models=["lite"]
[9/25/2026, 5:38:48 AM.646] [Info] [AgentModelResolver] agent "summaryGenerator" original_models=[] -> resolved_models=[]
[9/25/2026, 5:38:48 AM.646] [Info] [AgentModelResolver] agent "autoModeClassifier" original_models=[] -> resolved_models=[]
[9/25/2026, 5:38:48 AM.646] [Info] [AgentModelResolver] agent "promptHookEvaluator" original_models=["lite"] -> resolved_models=["lite"]
[9/25/2026, 5:38:48 AM.646] [Info] [AgentModelResolver] agent "insightsAnalyzer" original_models=[] -> resolved_models=[]
[9/25/2026, 5:38:48 AM.646] [Info] [AgentModelResolver] agent "agentInstructions" original_models=[] -> resolved_models=[]
[9/25/2026, 5:38:48 AM.646] [Info] [AgentModelResolver] agent "statusline-setup" original_models=[] -> resolved_models=[]
[9/25/2026, 5:38:48 AM.646] [Info] [AgentModelResolver] agent "Explore" original_models=["lite"] -> resolved_models=["lite"]
[9/25/2026, 5:38:48 AM.646] [Info] [AgentModelResolver] agent "Plan" original_models=[] -> resolved_models=[]
[9/25/2026, 5:38:48 AM.646] [Info] [AgentModelResolver] agent "pulse" original_models=[] -> resolved_models=[]
[9/25/2026, 5:38:48 AM.646] [Info] [AgentModelResolver] agent "handoff-summary" original_models=undefined -> resolved_models=[]
[9/25/2026, 5:38:48 AM.646] [Info] [AgentModelResolver] agent "enhance-prompt" original_models=[] -> resolved_models=[]
[9/25/2026, 5:38:48 AM.646] [Info] [AgentModelResolver] agent "sheet-agent" original_models=[] -> resolved_models=[]
[9/25/2026, 5:38:48 AM.646] [Info] [AgentModelResolver] agent "doc-converter" original_models=[] -> resolved_models=[]
[9/25/2026, 5:38:48 AM.646] [Info] [AgentModelResolver] agent "doc-formatter" original_models=[] -> resolved_models=[]
[9/25/2026, 5:38:48 AM.646] [Info] [AgentModelResolver] agent "doc-writer" original_models=[] -> resolved_models=[]
[9/25/2026, 5:38:48 AM.661] [Info] [PluginPolicyService]  [MergedPlugins][DEBUG] ProductManager.onDidChange fired, reloading policies...
[9/25/2026, 5:38:48 AM.661] [Info] [PluginPolicyService]  [MergedPlugins][DEBUG] Current config builtInMarketPluginsMerge: [{"autoEnable":true,"marketplaceName":"codebuddy-plugins-official","name":"agent-browser","scope":"user"},{"autoEnable":true,"marketplaceName":"codebuddy-plugins-official","name":"find-skills","scope":"user"}]
[9/25/2026, 5:38:48 AM.661] [Info] [PluginPolicyService]  [MergedPlugins] Loaded 2 merged plugin entries
[9/25/2026, 5:38:48 AM.661] [Info] [Startup] AgentManager.rebuildAgents: START
[9/25/2026, 5:38:48 AM.662] [Info] [Startup] AgentManager.rebuildAgents: completed in 11ms, resolving readyDeferred
[9/25/2026, 5:38:48 AM.662] [Info] [PluginManager]  Checking for built-in marketplaces to install...
[9/25/2026, 5:38:48 AM.662] [Info] [BuiltInMarketplaceProvider]  Found 2 built-in marketplace(s)
[9/25/2026, 5:38:48 AM.662] [Info] [PluginManager]  Found 2 built-in marketplace(s)
[9/25/2026, 5:38:48 AM.662] [Info] [MarketplaceStorage]  [MarketplaceStorage] getMarketplaces ensureConfigFile=0ms readAndRepair=0ms migration=0ms total=0ms count=5 path=/Users/didi/.workbuddy/plugins/known_marketplaces.json
[9/25/2026, 5:38:48 AM.662] [Info] [PluginManager]  All built-in marketplaces are already installed
[9/25/2026, 5:38:48 AM.663] [Info] [MarketplaceStorage]  [MarketplaceStorage] getMarketplaces ensureConfigFile=0ms readAndRepair=1ms migration=0ms total=1ms count=5 path=/Users/didi/.workbuddy/plugins/known_marketplaces.json
[9/25/2026, 5:38:48 AM.663] [Info] [BuiltInMarketplaceProvider]  Found 2 built-in marketplace(s)
[9/25/2026, 5:38:48 AM.664] [Info] [PluginManager]  Loaded 5 marketplaces (2 built-in) total=2ms storage=1ms builtIn=0ms autoUpdate=0ms
[9/25/2026, 5:38:50 AM.653] [Info] [TracingService]  Tracing uses @tencent/galileo-node-sdk global OpenTelemetry provider; @genie OTLP exporter is skipped.
[9/25/2026, 5:38:50 AM.653] [Info] [TracingService]  Tracing config resolved: {"productEnabled":true,"enabledByEnv":false,"endpoint":"https://copilot.tencent.com","galileoEnabled":true}
[9/25/2026, 5:55:43 AM.648] [Info] [GitInfoCollector]  CODEBUDDY_GIT_REPO_SCAN_DISABLED 1
[9/25/2026, 5:55:43 AM.648] [Info] [GitInfoCollector]  Git repository scan is disabled via CODEBUDDY_GIT_REPO_SCAN_DISABLED environment variable
[9/25/2026, 5:55:43 AM.652] [Info] [WorkflowMemProbe] tick runId=(none) | rss=149.7MB heap=162.3/168.8MB external=54.6MB arrayBuffers=0MB
[9/25/2026, 5:55:43 AM.686] [Info] [GitInfoCollector]  CODEBUDDY_GIT_REPO_SCAN_DISABLED 1
[9/25/2026, 5:55:43 AM.686] [Info] [GitInfoCollector]  Git repository scan is disabled via CODEBUDDY_GIT_REPO_SCAN_DISABLED environment variable
[9/25/2026, 5:55:43 AM.692] [Warning] [CloudProductManager]  Fetch remote configuration failed (attempt 4), will retry after 16s
[9/25/2026, 5:55:43 AM.693] [Warning] [CloudProductManager]  Fetch remote configuration failed: getaddrinfo ENOTFOUND copilot.tencent.com, url=/v3/config, code=ENOTFOUND
[9/25/2026, 5:55:43 AM.694] [Info] [PluginsProductProvider.provide] active=9, ids=[weixinpay@workbuddy-builtin,tencent-docs-plugin@workbuddy-builtin,sheetagent@workbuddy-builtin,tencent-pptx@workbuddy-builtin,tencent-docx@workbuddy-builtin,agent-browser@codebuddy-plugins-official,find-skills@codebuddy-plugins-official,agent-browser@inline,find-skills@inline]
[9/25/2026, 5:55:43 AM.694] [Info] [MCP][cacheDbg] getConnectedServers() called: nonInteractive=true waitForSettle=false cacheNow=[connector-proxy,weixinpay,sheetagent] allServers=[connector-proxy:connected,weixinpay:connected,sheetagent:connected]
[9/25/2026, 5:55:43 AM.694] [Info] [MCP][cacheDbg] getConnectedServers() returning: [connector-proxy,weixinpay,sheetagent] (size=3)
[9/25/2026, 5:55:43 AM.701] [Info] [CustomModelsProductProvider] productName=WorkBuddy, isWorkBuddy=true, userConfigPath=/Users/didi/.workbuddy/models.json
[9/25/2026, 5:55:43 AM.701] [Info] Loaded custom models config from user: /Users/didi/.workbuddy/models.json
[9/25/2026, 5:55:43 AM.702] [Info] [ModelsProductProvider] enterpriseId: undefined, endpoint: https://copilot.tencent.com
[9/25/2026, 5:55:43 AM.702] [Warning] [ModelsProductProvider] enterpriseId is missing, skipping models API call
[9/25/2026, 5:55:43 AM.702] [Info] [AgentModelResolver] product config input: 54 models, 23 agents
[9/25/2026, 5:55:43 AM.702] [Info] [AgentModelResolver] model ids: auto, fast-model, balanced-model, deep-model, hy3, hy3-b, hy3-c, hy3-x, hy4-preview, hy4-preview-f, minimax-m2.5, glm-5v-turbo, glm-5.3, glm-5.3-flash, glm-5.2, glm-5.1, glm-5.0-turbo, glm-4.6v, kimi-k3-1, kimi-k2.8-preview, kimi-k2.7, kimi-k2.6, kimi-k2.5, kimi-k2-thinking, minimax-m3, minimax-m2.7, glm-4.6, deepseek-v4-flash, deepseek-v4.1-flash, deepseek-v4-pro, deepseek-v3-2-volc, deepseek-v3-1-volc, deepseek-v3-1-lkeap, deepseek-v3-1, deepseek-v3-0324-lkeap, deepseek-r1-0528-lkeap, kimi-k2-instruct-taiji, completion-gf, default-1.1, hunyuan-3b, hunyuan-7b-dense, codewise-completions, codewise-rewrite, codewise-nes-a4-027-aide, codewise-jump, deepseek-r1-0528, deepseek-v3-0324-taco-completion, deepseek-v3-0324, default-1.2, hunyuan-2.0-instruct, hunyuan-chat, hunyuan-image-alpha, hunyuan-image-alpha-edit, custom-local:kimi-k3
[9/25/2026, 5:55:43 AM.702] [Info] [AgentModelResolver] agent "cli" original_models=["auto","hy4-preview-f","hy3","hy3-x","deepseek-v4.1-flash","glm-5.3","glm-5.3-flash","glm-5.2","glm-5.1","glm-5v-turbo","minimax-m3","kimi-k3-1","kimi-k2.8-preview","kimi-k2.7","kimi-k2.6","deepseek-v4-pro"] -> resolved_models=["auto","hy4-preview-f","hy3","hy3-x","deepseek-v4.1-flash","glm-5.3","glm-5.3-flash","glm-5.2","glm-5.1","glm-5v-turbo","minimax-m3","kimi-k3-1","kimi-k2.8-preview","kimi-k2.7","kimi-k2.6","deepseek-v4-pro"]
[9/25/2026, 5:55:43 AM.702] [Info] [AgentModelResolver] agent "general-purpose" original_models=[] -> resolved_models=[]
[9/25/2026, 5:55:43 AM.702] [Info] [AgentModelResolver] agent "compact" original_models=[] -> resolved_models=[]
[9/25/2026, 5:55:43 AM.702] [Info] [AgentModelResolver] agent "contextSummary" original_models=[] -> resolved_models=[]
[9/25/2026, 5:55:43 AM.702] [Info] [AgentModelResolver] agent "contentAnalyzer" original_models=[] -> resolved_models=[]
[9/25/2026, 5:55:43 AM.702] [Info] [AgentModelResolver] agent "terminalTitleGenerator" original_models=[] -> resolved_models=[]
[9/25/2026, 5:55:43 AM.702] [Info] [AgentModelResolver] agent "promptSuggestion" original_models=[] -> resolved_models=[]
[9/25/2026, 5:55:43 AM.702] [Info] [AgentModelResolver] agent "memorySelector" original_models=["lite"] -> resolved_models=["lite"]
[9/25/2026, 5:55:43 AM.702] [Info] [AgentModelResolver] agent "summaryGenerator" original_models=[] -> resolved_models=[]
[9/25/2026, 5:55:43 AM.702] [Info] [AgentModelResolver] agent "autoModeClassifier" original_models=[] -> resolved_models=[]
[9/25/2026, 5:55:43 AM.702] [Info] [AgentModelResolver] agent "promptHookEvaluator" original_models=["lite"] -> resolved_models=["lite"]
[9/25/2026, 5:55:43 AM.702] [Info] [AgentModelResolver] agent "insightsAnalyzer" original_models=[] -> resolved_models=[]
[9/25/2026, 5:55:43 AM.702] [Info] [AgentModelResolver] agent "agentInstructions" original_models=[] -> resolved_models=[]
[9/25/2026, 5:55:43 AM.702] [Info] [AgentModelResolver] agent "statusline-setup" original_models=[] -> resolved_models=[]
[9/25/2026, 5:55:43 AM.702] [Info] [AgentModelResolver] agent "Explore" original_models=["lite"] -> resolved_models=["lite"]
[9/25/2026, 5:55:43 AM.702] [Info] [AgentModelResolver] agent "Plan" original_models=[] -> resolved_models=[]
[9/25/2026, 5:55:43 AM.702] [Info] [AgentModelResolver] agent "pulse" original_models=[] -> resolved_models=[]
[9/25/2026, 5:55:43 AM.702] [Info] [AgentModelResolver] agent "handoff-summary" original_models=undefined -> resolved_models=[]
[9/25/2026, 5:55:43 AM.702] [Info] [AgentModelResolver] agent "enhance-prompt" original_models=[] -> resolved_models=[]
[9/25/2026, 5:55:43 AM.702] [Info] [AgentModelResolver] agent "sheet-agent" original_models=[] -> resolved_models=[]
[9/25/2026, 5:55:43 AM.702] [Info] [AgentModelResolver] agent "doc-converter" original_models=[] -> resolved_models=[]
[9/25/2026, 5:55:43 AM.702] [Info] [AgentModelResolver] agent "doc-formatter" original_models=[] -> resolved_models=[]
[9/25/2026, 5:55:43 AM.702] [Info] [AgentModelResolver] agent "doc-writer" original_models=[] -> resolved_models=[]
[9/25/2026, 5:55:43 AM.719] [Info] [PluginPolicyService]  [MergedPlugins][DEBUG] ProductManager.onDidChange fired, reloading policies...
[9/25/2026, 5:55:43 AM.719] [Info] [PluginPolicyService]  [MergedPlugins][DEBUG] Current config builtInMarketPluginsMerge: [{"autoEnable":true,"marketplaceName":"codebuddy-plugins-official","name":"agent-browser","scope":"user"},{"autoEnable":true,"marketplaceName":"codebuddy-plugins-official","name":"find-skills","scope":"user"}]
[9/25/2026, 5:55:43 AM.719] [Info] [PluginPolicyService]  [MergedPlugins] Loaded 2 merged plugin entries
[9/25/2026, 5:55:43 AM.719] [Info] [Startup] AgentManager.rebuildAgents: START
[9/25/2026, 5:55:43 AM.719] [Info] [Startup] AgentManager.rebuildAgents: completed in 12ms, resolving readyDeferred
[9/25/2026, 5:55:43 AM.719] [Info] [PluginManager]  Checking for built-in marketplaces to install...
[9/25/2026, 5:55:43 AM.719] [Info] [BuiltInMarketplaceProvider]  Found 2 built-in marketplace(s)
[9/25/2026, 5:55:43 AM.719] [Info] [PluginManager]  Found 2 built-in marketplace(s)
[9/25/2026, 5:55:43 AM.720] [Info] [MarketplaceStorage]  [MarketplaceStorage] getMarketplaces ensureConfigFile=0ms readAndRepair=1ms migration=0ms total=1ms count=5 path=/Users/didi/.workbuddy/plugins/known_marketplaces.json
[9/25/2026, 5:55:43 AM.720] [Info] [PluginManager]  All built-in marketplaces are already installed
[9/25/2026, 5:55:43 AM.720] [Info] [MarketplaceStorage]  [MarketplaceStorage] getMarketplaces ensureConfigFile=0ms readAndRepair=0ms migration=0ms total=0ms count=5 path=/Users/didi/.workbuddy/plugins/known_marketplaces.json
[9/25/2026, 5:55:43 AM.720] [Info] [BuiltInMarketplaceProvider]  Found 2 built-in marketplace(s)
[9/25/2026, 5:55:43 AM.722] [Info] [PluginManager]  Loaded 5 marketplaces (2 built-in) total=2ms storage=0ms builtIn=0ms autoUpdate=0ms
[9/25/2026, 5:55:45 AM.708] [Info] [TracingService]  Tracing uses @tencent/galileo-node-sdk global OpenTelemetry provider; @genie OTLP exporter is skipped.
[9/25/2026, 5:55:45 AM.708] [Info] [TracingService]  Tracing config resolved: {"productEnabled":true,"enabledByEnv":false,"endpoint":"https://copilot.tencent.com","galileoEnabled":true}
[9/25/2026, 6:11:22 AM.410] [Info] [GitInfoCollector]  CODEBUDDY_GIT_REPO_SCAN_DISABLED 1
[9/25/2026, 6:11:22 AM.410] [Info] [GitInfoCollector]  Git repository scan is disabled via CODEBUDDY_GIT_REPO_SCAN_DISABLED environment variable
[9/25/2026, 6:11:22 AM.417] [Info] [WorkflowMemProbe] tick runId=(none) | rss=153.6MB heap=167/172.7MB external=54.7MB arrayBuffers=0MB
[9/25/2026, 6:11:22 AM.443] [Info] [GitInfoCollector]  CODEBUDDY_GIT_REPO_SCAN_DISABLED 1
[9/25/2026, 6:11:22 AM.443] [Info] [GitInfoCollector]  Git repository scan is disabled via CODEBUDDY_GIT_REPO_SCAN_DISABLED environment variable
[9/25/2026, 6:11:22 AM.449] [Warning] [CloudProductManager]  Fetch remote configuration failed (attempt 5), no more retries
[9/25/2026, 6:11:22 AM.450] [Error] [CloudProductManager] [undefined]  Fetch remote configuration failed after all retries: getaddrinfo ENOTFOUND copilot.tencent.com, url=/v3/config, code=ENOTFOUND
[9/25/2026, 6:11:22 AM.450] [Warning] [CloudProductManager]  Fetch remote configuration failed: getaddrinfo ENOTFOUND copilot.tencent.com, url=/v3/config, code=ENOTFOUND
[9/25/2026, 6:11:22 AM.450] [Info] [PluginsProductProvider.provide] active=9, ids=[weixinpay@workbuddy-builtin,tencent-docs-plugin@workbuddy-builtin,sheetagent@workbuddy-builtin,tencent-pptx@workbuddy-builtin,tencent-docx@workbuddy-builtin,agent-browser@codebuddy-plugins-official,find-skills@codebuddy-plugins-official,agent-browser@inline,find-skills@inline]
[9/25/2026, 6:11:22 AM.450] [Info] [MCP][cacheDbg] getConnectedServers() called: nonInteractive=true waitForSettle=false cacheNow=[connector-proxy,weixinpay,sheetagent] allServers=[connector-proxy:connected,weixinpay:connected,sheetagent:connected]
[9/25/2026, 6:11:22 AM.450] [Info] [MCP][cacheDbg] getConnectedServers() returning: [connector-proxy,weixinpay,sheetagent] (size=3)
[9/25/2026, 6:11:22 AM.461] [Info] [CustomModelsProductProvider] productName=WorkBuddy, isWorkBuddy=true, userConfigPath=/Users/didi/.workbuddy/models.json
[9/25/2026, 6:11:22 AM.461] [Info] Loaded custom models config from user: /Users/didi/.workbuddy/models.json
[9/25/2026, 6:11:22 AM.461] [Info] [ModelsProductProvider] enterpriseId: undefined, endpoint: https://copilot.tencent.com
[9/25/2026, 6:11:22 AM.461] [Warning] [ModelsProductProvider] enterpriseId is missing, skipping models API call
[9/25/2026, 6:11:22 AM.462] [Info] [AgentModelResolver] product config input: 54 models, 23 agents
[9/25/2026, 6:11:22 AM.462] [Info] [AgentModelResolver] model ids: auto, fast-model, balanced-model, deep-model, hy3, hy3-b, hy3-c, hy3-x, hy4-preview, hy4-preview-f, minimax-m2.5, glm-5v-turbo, glm-5.3, glm-5.3-flash, glm-5.2, glm-5.1, glm-5.0-turbo, glm-4.6v, kimi-k3-1, kimi-k2.8-preview, kimi-k2.7, kimi-k2.6, kimi-k2.5, kimi-k2-thinking, minimax-m3, minimax-m2.7, glm-4.6, deepseek-v4-flash, deepseek-v4.1-flash, deepseek-v4-pro, deepseek-v3-2-volc, deepseek-v3-1-volc, deepseek-v3-1-lkeap, deepseek-v3-1, deepseek-v3-0324-lkeap, deepseek-r1-0528-lkeap, kimi-k2-instruct-taiji, completion-gf, default-1.1, hunyuan-3b, hunyuan-7b-dense, codewise-completions, codewise-rewrite, codewise-nes-a4-027-aide, codewise-jump, deepseek-r1-0528, deepseek-v3-0324-taco-completion, deepseek-v3-0324, default-1.2, hunyuan-2.0-instruct, hunyuan-chat, hunyuan-image-alpha, hunyuan-image-alpha-edit, custom-local:kimi-k3
[9/25/2026, 6:11:22 AM.462] [Info] [AgentModelResolver] agent "cli" original_models=["auto","hy4-preview-f","hy3","hy3-x","deepseek-v4.1-flash","glm-5.3","glm-5.3-flash","glm-5.2","glm-5.1","glm-5v-turbo","minimax-m3","kimi-k3-1","kimi-k2.8-preview","kimi-k2.7","kimi-k2.6","deepseek-v4-pro"] -> resolved_models=["auto","hy4-preview-f","hy3","hy3-x","deepseek-v4.1-flash","glm-5.3","glm-5.3-flash","glm-5.2","glm-5.1","glm-5v-turbo","minimax-m3","kimi-k3-1","kimi-k2.8-preview","kimi-k2.7","kimi-k2.6","deepseek-v4-pro"]
[9/25/2026, 6:11:22 AM.462] [Info] [AgentModelResolver] agent "general-purpose" original_models=[] -> resolved_models=[]
[9/25/2026, 6:11:22 AM.462] [Info] [AgentModelResolver] agent "compact" original_models=[] -> resolved_models=[]
[9/25/2026, 6:11:22 AM.462] [Info] [AgentModelResolver] agent "contextSummary" original_models=[] -> resolved_models=[]
[9/25/2026, 6:11:22 AM.462] [Info] [AgentModelResolver] agent "contentAnalyzer" original_models=[] -> resolved_models=[]
[9/25/2026, 6:11:22 AM.462] [Info] [AgentModelResolver] agent "terminalTitleGenerator" original_models=[] -> resolved_models=[]
[9/25/2026, 6:11:22 AM.462] [Info] [AgentModelResolver] agent "promptSuggestion" original_models=[] -> resolved_models=[]
[9/25/2026, 6:11:22 AM.462] [Info] [AgentModelResolver] agent "memorySelector" original_models=["lite"] -> resolved_models=["lite"]
[9/25/2026, 6:11:22 AM.462] [Info] [AgentModelResolver] agent "summaryGenerator" original_models=[] -> resolved_models=[]
[9/25/2026, 6:11:22 AM.462] [Info] [AgentModelResolver] agent "autoModeClassifier" original_models=[] -> resolved_models=[]
[9/25/2026, 6:11:22 AM.462] [Info] [AgentModelResolver] agent "promptHookEvaluator" original_models=["lite"] -> resolved_models=["lite"]
[9/25/2026, 6:11:22 AM.462] [Info] [AgentModelResolver] agent "insightsAnalyzer" original_models=[] -> resolved_models=[]
[9/25/2026, 6:11:22 AM.462] [Info] [AgentModelResolver] agent "agentInstructions" original_models=[] -> resolved_models=[]
[9/25/2026, 6:11:22 AM.462] [Info] [AgentModelResolver] agent "statusline-setup" original_models=[] -> resolved_models=[]
[9/25/2026, 6:11:22 AM.462] [Info] [AgentModelResolver] agent "Explore" original_models=["lite"] -> resolved_models=["lite"]
[9/25/2026, 6:11:22 AM.462] [Info] [AgentModelResolver] agent "Plan" original_models=[] -> resolved_models=[]
[9/25/2026, 6:11:22 AM.462] [Info] [AgentModelResolver] agent "pulse" original_models=[] -> resolved_models=[]
[9/25/2026, 6:11:22 AM.462] [Info] [AgentModelResolver] agent "handoff-summary" original_models=undefined -> resolved_models=[]
[9/25/2026, 6:11:22 AM.462] [Info] [AgentModelResolver] agent "enhance-prompt" original_models=[] -> resolved_models=[]
[9/25/2026, 6:11:22 AM.462] [Info] [AgentModelResolver] agent "sheet-agent" original_models=[] -> resolved_models=[]
[9/25/2026, 6:11:22 AM.462] [Info] [AgentModelResolver] agent "doc-converter" original_models=[] -> resolved_models=[]
[9/25/2026, 6:11:22 AM.462] [Info] [AgentModelResolver] agent "doc-formatter" original_models=[] -> resolved_models=[]
[9/25/2026, 6:11:22 AM.462] [Info] [AgentModelResolver] agent "doc-writer" original_models=[] -> resolved_models=[]
[9/25/2026, 6:11:22 AM.480] [Info] [PluginPolicyService]  [MergedPlugins][DEBUG] ProductManager.onDidChange fired, reloading policies...
[9/25/2026, 6:11:22 AM.480] [Info] [PluginPolicyService]  [MergedPlugins][DEBUG] Current config builtInMarketPluginsMerge: [{"autoEnable":true,"marketplaceName":"codebuddy-plugins-official","name":"agent-browser","scope":"user"},{"autoEnable":true,"marketplaceName":"codebuddy-plugins-official","name":"find-skills","scope":"user"}]
[9/25/2026, 6:11:22 AM.480] [Info] [PluginPolicyService]  [MergedPlugins] Loaded 2 merged plugin entries
[9/25/2026, 6:11:22 AM.480] [Info] [Startup] AgentManager.rebuildAgents: START
[9/25/2026, 6:11:22 AM.480] [Info] [Startup] AgentManager.rebuildAgents: completed in 13ms, resolving readyDeferred
[9/25/2026, 6:11:22 AM.481] [Info] [PluginManager]  Checking for built-in marketplaces to install...
[9/25/2026, 6:11:22 AM.481] [Info] [BuiltInMarketplaceProvider]  Found 2 built-in marketplace(s)
[9/25/2026, 6:11:22 AM.481] [Info] [PluginManager]  Found 2 built-in marketplace(s)
[9/25/2026, 6:11:22 AM.482] [Info] [MarketplaceStorage]  [MarketplaceStorage] getMarketplaces ensureConfigFile=0ms readAndRepair=1ms migration=0ms total=1ms count=5 path=/Users/didi/.workbuddy/plugins/known_marketplaces.json
[9/25/2026, 6:11:22 AM.482] [Info] [PluginManager]  All built-in marketplaces are already installed
[9/25/2026, 6:11:22 AM.483] [Info] [MarketplaceStorage]  [MarketplaceStorage] getMarketplaces ensureConfigFile=0ms readAndRepair=1ms migration=0ms total=1ms count=5 path=/Users/didi/.workbuddy/plugins/known_marketplaces.json
[9/25/2026, 6:11:22 AM.483] [Info] [BuiltInMarketplaceProvider]  Found 2 built-in marketplace(s)
[9/25/2026, 6:11:22 AM.486] [Info] [PluginManager]  Loaded 5 marketplaces (2 built-in) total=4ms storage=1ms builtIn=0ms autoUpdate=0ms
[9/25/2026, 6:11:23 AM.453] [Info] [GitInfoCollector]  CODEBUDDY_GIT_REPO_SCAN_DISABLED 1
[9/25/2026, 6:11:23 AM.453] [Info] [GitInfoCollector]  Git repository scan is disabled via CODEBUDDY_GIT_REPO_SCAN_DISABLED environment variable
[9/25/2026, 6:11:23 AM.468] [Warning] [CloudProductManager]  Fetch remote configuration failed (attempt 1), will retry after 2s
[9/25/2026, 6:11:24 AM.468] [Info] [TracingService]  Tracing uses @tencent/galileo-node-sdk global OpenTelemetry provider; @genie OTLP exporter is skipped.
[9/25/2026, 6:11:24 AM.469] [Info] [TracingService]  Tracing config resolved: {"productEnabled":true,"enabledByEnv":false,"endpoint":"https://copilot.tencent.com","galileoEnabled":true}
[9/25/2026, 6:11:25 AM.469] [Info] [GitInfoCollector]  CODEBUDDY_GIT_REPO_SCAN_DISABLED 1
[9/25/2026, 6:11:25 AM.469] [Info] [GitInfoCollector]  Git repository scan is disabled via CODEBUDDY_GIT_REPO_SCAN_DISABLED environment variable
[9/25/2026, 6:11:25 AM.484] [Warning] [CloudProductManager]  Fetch remote configuration failed (attempt 2), will retry after 4s
[9/25/2026, 6:27:21 AM.686] [Info] [GitInfoCollector]  CODEBUDDY_GIT_REPO_SCAN_DISABLED 1
[9/25/2026, 6:27:21 AM.686] [Info] [GitInfoCollector]  Git repository scan is disabled via CODEBUDDY_GIT_REPO_SCAN_DISABLED environment variable
[9/25/2026, 6:27:21 AM.690] [Info] [WorkflowMemProbe] tick runId=(none) | rss=145.4MB heap=156.6/163.1MB external=53.6MB arrayBuffers=0MB
[9/25/2026, 6:27:21 AM.708] [Info] [GitInfoCollector]  CODEBUDDY_GIT_REPO_SCAN_DISABLED 1
[9/25/2026, 6:27:21 AM.708] [Info] [GitInfoCollector]  Git repository scan is disabled via CODEBUDDY_GIT_REPO_SCAN_DISABLED environment variable
[9/25/2026, 6:27:21 AM.712] [Warning] [CloudProductManager]  Fetch remote configuration failed (attempt 3), will retry after 8s
[9/25/2026, 6:27:21 AM.713] [Warning] [CloudProductManager]  Fetch remote configuration failed: getaddrinfo ENOTFOUND copilot.tencent.com, url=/v3/config, code=ENOTFOUND
[9/25/2026, 6:27:21 AM.714] [Info] [PluginsProductProvider.provide] active=9, ids=[weixinpay@workbuddy-builtin,tencent-docs-plugin@workbuddy-builtin,sheetagent@workbuddy-builtin,tencent-pptx@workbuddy-builtin,tencent-docx@workbuddy-builtin,agent-browser@codebuddy-plugins-official,find-skills@codebuddy-plugins-official,agent-browser@inline,find-skills@inline]
[9/25/2026, 6:27:21 AM.714] [Info] [MCP][cacheDbg] getConnectedServers() called: nonInteractive=true waitForSettle=false cacheNow=[connector-proxy,weixinpay,sheetagent] allServers=[connector-proxy:connected,weixinpay:connected,sheetagent:connected]
[9/25/2026, 6:27:21 AM.714] [Info] [MCP][cacheDbg] getConnectedServers() returning: [connector-proxy,weixinpay,sheetagent] (size=3)
[9/25/2026, 6:27:21 AM.719] [Info] [CustomModelsProductProvider] productName=WorkBuddy, isWorkBuddy=true, userConfigPath=/Users/didi/.workbuddy/models.json
[9/25/2026, 6:27:21 AM.719] [Info] Loaded custom models config from user: /Users/didi/.workbuddy/models.json
[9/25/2026, 6:27:21 AM.720] [Info] [ModelsProductProvider] enterpriseId: undefined, endpoint: https://copilot.tencent.com
[9/25/2026, 6:27:21 AM.720] [Warning] [ModelsProductProvider] enterpriseId is missing, skipping models API call
[9/25/2026, 6:27:21 AM.720] [Info] [AgentModelResolver] product config input: 54 models, 23 agents
[9/25/2026, 6:27:21 AM.720] [Info] [AgentModelResolver] model ids: auto, fast-model, balanced-model, deep-model, hy3, hy3-b, hy3-c, hy3-x, hy4-preview, hy4-preview-f, minimax-m2.5, glm-5v-turbo, glm-5.3, glm-5.3-flash, glm-5.2, glm-5.1, glm-5.0-turbo, glm-4.6v, kimi-k3-1, kimi-k2.8-preview, kimi-k2.7, kimi-k2.6, kimi-k2.5, kimi-k2-thinking, minimax-m3, minimax-m2.7, glm-4.6, deepseek-v4-flash, deepseek-v4.1-flash, deepseek-v4-pro, deepseek-v3-2-volc, deepseek-v3-1-volc, deepseek-v3-1-lkeap, deepseek-v3-1, deepseek-v3-0324-lkeap, deepseek-r1-0528-lkeap, kimi-k2-instruct-taiji, completion-gf, default-1.1, hunyuan-3b, hunyuan-7b-dense, codewise-completions, codewise-rewrite, codewise-nes-a4-027-aide, codewise-jump, deepseek-r1-0528, deepseek-v3-0324-taco-completion, deepseek-v3-0324, default-1.2, hunyuan-2.0-instruct, hunyuan-chat, hunyuan-image-alpha, hunyuan-image-alpha-edit, custom-local:kimi-k3
[9/25/2026, 6:27:21 AM.720] [Info] [AgentModelResolver] agent "cli" original_models=["auto","hy4-preview-f","hy3","hy3-x","deepseek-v4.1-flash","glm-5.3","glm-5.3-flash","glm-5.2","glm-5.1","glm-5v-turbo","minimax-m3","kimi-k3-1","kimi-k2.8-preview","kimi-k2.7","kimi-k2.6","deepseek-v4-pro"] -> resolved_models=["auto","hy4-preview-f","hy3","hy3-x","deepseek-v4.1-flash","glm-5.3","glm-5.3-flash","glm-5.2","glm-5.1","glm-5v-turbo","minimax-m3","kimi-k3-1","kimi-k2.8-preview","kimi-k2.7","kimi-k2.6","deepseek-v4-pro"]
[9/25/2026, 6:27:21 AM.720] [Info] [AgentModelResolver] agent "general-purpose" original_models=[] -> resolved_models=[]
[9/25/2026, 6:27:21 AM.720] [Info] [AgentModelResolver] agent "compact" original_models=[] -> resolved_models=[]
[9/25/2026, 6:27:21 AM.720] [Info] [AgentModelResolver] agent "contextSummary" original_models=[] -> resolved_models=[]
[9/25/2026, 6:27:21 AM.720] [Info] [AgentModelResolver] agent "contentAnalyzer" original_models=[] -> resolved_models=[]
[9/25/2026, 6:27:21 AM.720] [Info] [AgentModelResolver] agent "terminalTitleGenerator" original_models=[] -> resolved_models=[]
[9/25/2026, 6:27:21 AM.720] [Info] [AgentModelResolver] agent "promptSuggestion" original_models=[] -> resolved_models=[]
[9/25/2026, 6:27:21 AM.720] [Info] [AgentModelResolver] agent "memorySelector" original_models=["lite"] -> resolved_models=["lite"]
[9/25/2026, 6:27:21 AM.720] [Info] [AgentModelResolver] agent "summaryGenerator" original_models=[] -> resolved_models=[]
[9/25/2026, 6:27:21 AM.720] [Info] [AgentModelResolver] agent "autoModeClassifier" original_models=[] -> resolved_models=[]
[9/25/2026, 6:27:21 AM.720] [Info] [AgentModelResolver] agent "promptHookEvaluator" original_models=["lite"] -> resolved_models=["lite"]
[9/25/2026, 6:27:21 AM.720] [Info] [AgentModelResolver] agent "insightsAnalyzer" original_models=[] -> resolved_models=[]
[9/25/2026, 6:27:21 AM.720] [Info] [AgentModelResolver] agent "agentInstructions" original_models=[] -> resolved_models=[]
[9/25/2026, 6:27:21 AM.720] [Info] [AgentModelResolver] agent "statusline-setup" original_models=[] -> resolved_models=[]
[9/25/2026, 6:27:21 AM.720] [Info] [AgentModelResolver] agent "Explore" original_models=["lite"] -> resolved_models=["lite"]
[9/25/2026, 6:27:21 AM.720] [Info] [AgentModelResolver] agent "Plan" original_models=[] -> resolved_models=[]
[9/25/2026, 6:27:21 AM.720] [Info] [AgentModelResolver] agent "pulse" original_models=[] -> resolved_models=[]
[9/25/2026, 6:27:21 AM.720] [Info] [AgentModelResolver] agent "handoff-summary" original_models=undefined -> resolved_models=[]
[9/25/2026, 6:27:21 AM.720] [Info] [AgentModelResolver] agent "enhance-prompt" original_models=[] -> resolved_models=[]
[9/25/2026, 6:27:21 AM.720] [Info] [AgentModelResolver] agent "sheet-agent" original_models=[] -> resolved_models=[]
[9/25/2026, 6:27:21 AM.720] [Info] [AgentModelResolver] agent "doc-converter" original_models=[] -> resolved_models=[]
[9/25/2026, 6:27:21 AM.720] [Info] [AgentModelResolver] agent "doc-formatter" original_models=[] -> resolved_models=[]
[9/25/2026, 6:27:21 AM.720] [Info] [AgentModelResolver] agent "doc-writer" original_models=[] -> resolved_models=[]
[9/25/2026, 6:27:21 AM.733] [Info] [PluginPolicyService]  [MergedPlugins][DEBUG] ProductManager.onDidChange fired, reloading policies...
[9/25/2026, 6:27:21 AM.733] [Info] [PluginPolicyService]  [MergedPlugins][DEBUG] Current config builtInMarketPluginsMerge: [{"autoEnable":true,"marketplaceName":"codebuddy-plugins-official","name":"agent-browser","scope":"user"},{"autoEnable":true,"marketplaceName":"codebuddy-plugins-official","name":"find-skills","scope":"user"}]
[9/25/2026, 6:27:21 AM.733] [Info] [PluginPolicyService]  [MergedPlugins] Loaded 2 merged plugin entries
[9/25/2026, 6:27:21 AM.733] [Info] [Startup] AgentManager.rebuildAgents: START
[9/25/2026, 6:27:21 AM.733] [Info] [Startup] AgentManager.rebuildAgents: completed in 10ms, resolving readyDeferred
[9/25/2026, 6:27:21 AM.734] [Info] [PluginManager]  Checking for built-in marketplaces to install...
[9/25/2026, 6:27:21 AM.734] [Info] [BuiltInMarketplaceProvider]  Found 2 built-in marketplace(s)
[9/25/2026, 6:27:21 AM.734] [Info] [PluginManager]  Found 2 built-in marketplace(s)
[9/25/2026, 6:27:21 AM.734] [Info] [MarketplaceStorage]  [MarketplaceStorage] getMarketplaces ensureConfigFile=0ms readAndRepair=0ms migration=0ms total=0ms count=5 path=/Users/didi/.workbuddy/plugins/known_marketplaces.json
[9/25/2026, 6:27:21 AM.734] [Info] [PluginManager]  All built-in marketplaces are already installed
[9/25/2026, 6:27:21 AM.735] [Info] [MarketplaceStorage]  [MarketplaceStorage] getMarketplaces ensureConfigFile=0ms readAndRepair=1ms migration=0ms total=1ms count=5 path=/Users/didi/.workbuddy/plugins/known_marketplaces.json
[9/25/2026, 6:27:21 AM.735] [Info] [BuiltInMarketplaceProvider]  Found 2 built-in marketplace(s)
[9/25/2026, 6:27:21 AM.736] [Info] [PluginManager]  Loaded 5 marketplaces (2 built-in) total=2ms storage=1ms builtIn=0ms autoUpdate=0ms
[9/25/2026, 6:27:23 AM.726] [Info] [TracingService]  Tracing uses @tencent/galileo-node-sdk global OpenTelemetry provider; @genie OTLP exporter is skipped.
[9/25/2026, 6:27:23 AM.726] [Info] [TracingService]  Tracing config resolved: {"productEnabled":true,"enabledByEnv":false,"endpoint":"https://copilot.tencent.com","galileoEnabled":true}
[9/25/2026, 6:39:48 AM.453] [Info] [GitInfoCollector]  CODEBUDDY_GIT_REPO_SCAN_DISABLED 1
[9/25/2026, 6:39:48 AM.453] [Info] [GitInfoCollector]  Git repository scan is disabled via CODEBUDDY_GIT_REPO_SCAN_DISABLED environment variable
[9/25/2026, 6:39:48 AM.456] [Info] [WorkflowMemProbe] tick runId=(none) | rss=149.8MB heap=162.4/168.8MB external=54.7MB arrayBuffers=0MB
[9/25/2026, 6:39:48 AM.474] [Info] [GitInfoCollector]  CODEBUDDY_GIT_REPO_SCAN_DISABLED 1
[9/25/2026, 6:39:48 AM.474] [Info] [GitInfoCollector]  Git repository scan is disabled via CODEBUDDY_GIT_REPO_SCAN_DISABLED environment variable
[9/25/2026, 6:39:48 AM.479] [Warning] [CloudProductManager]  Fetch remote configuration failed (attempt 4), will retry after 16s
[9/25/2026, 6:39:48 AM.479] [Warning] [CloudProductManager]  Fetch remote configuration failed: getaddrinfo ENOTFOUND copilot.tencent.com, url=/v3/config, code=ENOTFOUND
[9/25/2026, 6:39:48 AM.480] [Info] [PluginsProductProvider.provide] active=9, ids=[weixinpay@workbuddy-builtin,tencent-docs-plugin@workbuddy-builtin,sheetagent@workbuddy-builtin,tencent-pptx@workbuddy-builtin,tencent-docx@workbuddy-builtin,agent-browser@codebuddy-plugins-official,find-skills@codebuddy-plugins-official,agent-browser@inline,find-skills@inline]
[9/25/2026, 6:39:48 AM.480] [Info] [MCP][cacheDbg] getConnectedServers() called: nonInteractive=true waitForSettle=false cacheNow=[connector-proxy,weixinpay,sheetagent] allServers=[connector-proxy:connected,weixinpay:connected,sheetagent:connected]
[9/25/2026, 6:39:48 AM.480] [Info] [MCP][cacheDbg] getConnectedServers() returning: [connector-proxy,weixinpay,sheetagent] (size=3)
[9/25/2026, 6:39:48 AM.487] [Info] [CustomModelsProductProvider] productName=WorkBuddy, isWorkBuddy=true, userConfigPath=/Users/didi/.workbuddy/models.json
[9/25/2026, 6:39:48 AM.487] [Info] Loaded custom models config from user: /Users/didi/.workbuddy/models.json
[9/25/2026, 6:39:48 AM.488] [Info] [ModelsProductProvider] enterpriseId: undefined, endpoint: https://copilot.tencent.com
[9/25/2026, 6:39:48 AM.488] [Warning] [ModelsProductProvider] enterpriseId is missing, skipping models API call
[9/25/2026, 6:39:48 AM.488] [Info] [AgentModelResolver] product config input: 54 models, 23 agents
[9/25/2026, 6:39:48 AM.488] [Info] [AgentModelResolver] model ids: auto, fast-model, balanced-model, deep-model, hy3, hy3-b, hy3-c, hy3-x, hy4-preview, hy4-preview-f, minimax-m2.5, glm-5v-turbo, glm-5.3, glm-5.3-flash, glm-5.2, glm-5.1, glm-5.0-turbo, glm-4.6v, kimi-k3-1, kimi-k2.8-preview, kimi-k2.7, kimi-k2.6, kimi-k2.5, kimi-k2-thinking, minimax-m3, minimax-m2.7, glm-4.6, deepseek-v4-flash, deepseek-v4.1-flash, deepseek-v4-pro, deepseek-v3-2-volc, deepseek-v3-1-volc, deepseek-v3-1-lkeap, deepseek-v3-1, deepseek-v3-0324-lkeap, deepseek-r1-0528-lkeap, kimi-k2-instruct-taiji, completion-gf, default-1.1, hunyuan-3b, hunyuan-7b-dense, codewise-completions, codewise-rewrite, codewise-nes-a4-027-aide, codewise-jump, deepseek-r1-0528, deepseek-v3-0324-taco-completion, deepseek-v3-0324, default-1.2, hunyuan-2.0-instruct, hunyuan-chat, hunyuan-image-alpha, hunyuan-image-alpha-edit, custom-local:kimi-k3
[9/25/2026, 6:39:48 AM.488] [Info] [AgentModelResolver] agent "cli" original_models=["auto","hy4-preview-f","hy3","hy3-x","deepseek-v4.1-flash","glm-5.3","glm-5.3-flash","glm-5.2","glm-5.1","glm-5v-turbo","minimax-m3","kimi-k3-1","kimi-k2.8-preview","kimi-k2.7","kimi-k2.6","deepseek-v4-pro"] -> resolved_models=["auto","hy4-preview-f","hy3","hy3-x","deepseek-v4.1-flash","glm-5.3","glm-5.3-flash","glm-5.2","glm-5.1","glm-5v-turbo","minimax-m3","kimi-k3-1","kimi-k2.8-preview","kimi-k2.7","kimi-k2.6","deepseek-v4-pro"]
[9/25/2026, 6:39:48 AM.488] [Info] [AgentModelResolver] agent "general-purpose" original_models=[] -> resolved_models=[]
[9/25/2026, 6:39:48 AM.488] [Info] [AgentModelResolver] agent "compact" original_models=[] -> resolved_models=[]
[9/25/2026, 6:39:48 AM.488] [Info] [AgentModelResolver] agent "contextSummary" original_models=[] -> resolved_models=[]
[9/25/2026, 6:39:48 AM.488] [Info] [AgentModelResolver] agent "contentAnalyzer" original_models=[] -> resolved_models=[]
[9/25/2026, 6:39:48 AM.488] [Info] [AgentModelResolver] agent "terminalTitleGenerator" original_models=[] -> resolved_models=[]
[9/25/2026, 6:39:48 AM.488] [Info] [AgentModelResolver] agent "promptSuggestion" original_models=[] -> resolved_models=[]
[9/25/2026, 6:39:48 AM.488] [Info] [AgentModelResolver] agent "memorySelector" original_models=["lite"] -> resolved_models=["lite"]
[9/25/2026, 6:39:48 AM.488] [Info] [AgentModelResolver] agent "summaryGenerator" original_models=[] -> resolved_models=[]
[9/25/2026, 6:39:48 AM.488] [Info] [AgentModelResolver] agent "autoModeClassifier" original_models=[] -> resolved_models=[]
[9/25/2026, 6:39:48 AM.488] [Info] [AgentModelResolver] agent "promptHookEvaluator" original_models=["lite"] -> resolved_models=["lite"]
[9/25/2026, 6:39:48 AM.488] [Info] [AgentModelResolver] agent "insightsAnalyzer" original_models=[] -> resolved_models=[]
[9/25/2026, 6:39:48 AM.488] [Info] [AgentModelResolver] agent "agentInstructions" original_models=[] -> resolved_models=[]
[9/25/2026, 6:39:48 AM.488] [Info] [AgentModelResolver] agent "statusline-setup" original_models=[] -> resolved_models=[]
[9/25/2026, 6:39:48 AM.488] [Info] [AgentModelResolver] agent "Explore" original_models=["lite"] -> resolved_models=["lite"]
[9/25/2026, 6:39:48 AM.488] [Info] [AgentModelResolver] agent "Plan" original_models=[] -> resolved_models=[]
[9/25/2026, 6:39:48 AM.488] [Info] [AgentModelResolver] agent "pulse" original_models=[] -> resolved_models=[]
[9/25/2026, 6:39:48 AM.488] [Info] [AgentModelResolver] agent "handoff-summary" original_models=undefined -> resolved_models=[]
[9/25/2026, 6:39:48 AM.488] [Info] [AgentModelResolver] agent "enhance-prompt" original_models=[] -> resolved_models=[]
[9/25/2026, 6:39:48 AM.488] [Info] [AgentModelResolver] agent "sheet-agent" original_models=[] -> resolved_models=[]
[9/25/2026, 6:39:48 AM.488] [Info] [AgentModelResolver] agent "doc-converter" original_models=[] -> resolved_models=[]
[9/25/2026, 6:39:48 AM.488] [Info] [AgentModelResolver] agent "doc-formatter" original_models=[] -> resolved_models=[]
[9/25/2026, 6:39:48 AM.488] [Info] [AgentModelResolver] agent "doc-writer" original_models=[] -> resolved_models=[]
[9/25/2026, 6:39:48 AM.503] [Info] [PluginPolicyService]  [MergedPlugins][DEBUG] ProductManager.onDidChange fired, reloading policies...
[9/25/2026, 6:39:48 AM.503] [Info] [PluginPolicyService]  [MergedPlugins][DEBUG] Current config builtInMarketPluginsMerge: [{"autoEnable":true,"marketplaceName":"codebuddy-plugins-official","name":"agent-browser","scope":"user"},{"autoEnable":true,"marketplaceName":"codebuddy-plugins-official","name":"find-skills","scope":"user"}]
[9/25/2026, 6:39:48 AM.503] [Info] [PluginPolicyService]  [MergedPlugins] Loaded 2 merged plugin entries
[9/25/2026, 6:39:48 AM.503] [Info] [Startup] AgentManager.rebuildAgents: START
[9/25/2026, 6:39:48 AM.503] [Info] [Startup] AgentManager.rebuildAgents: completed in 11ms, resolving readyDeferred
[9/25/2026, 6:39:48 AM.503] [Info] [PluginManager]  Checking for built-in marketplaces to install...
[9/25/2026, 6:39:48 AM.503] [Info] [BuiltInMarketplaceProvider]  Found 2 built-in marketplace(s)
[9/25/2026, 6:39:48 AM.503] [Info] [PluginManager]  Found 2 built-in marketplace(s)
[9/25/2026, 6:39:48 AM.503] [Info] [MarketplaceStorage]  [MarketplaceStorage] getMarketplaces ensureConfigFile=0ms readAndRepair=0ms migration=0ms total=0ms count=5 path=/Users/didi/.workbuddy/plugins/known_marketplaces.json
[9/25/2026, 6:39:48 AM.504] [Info] [PluginManager]  All built-in marketplaces are already installed
[9/25/2026, 6:39:48 AM.504] [Info] [MarketplaceStorage]  [MarketplaceStorage] getMarketplaces ensureConfigFile=1ms readAndRepair=0ms migration=0ms total=1ms count=5 path=/Users/didi/.workbuddy/plugins/known_marketplaces.json
[9/25/2026, 6:39:48 AM.504] [Info] [BuiltInMarketplaceProvider]  Found 2 built-in marketplace(s)
[9/25/2026, 6:39:48 AM.506] [Info] [PluginManager]  Loaded 5 marketplaces (2 built-in) total=3ms storage=1ms builtIn=0ms autoUpdate=0ms
[9/25/2026, 6:39:50 AM.494] [Info] [TracingService]  Tracing uses @tencent/galileo-node-sdk global OpenTelemetry provider; @genie OTLP exporter is skipped.
[9/25/2026, 6:39:50 AM.494] [Info] [TracingService]  Tracing config resolved: {"productEnabled":true,"enabledByEnv":false,"endpoint":"https://copilot.tencent.com","galileoEnabled":true}
[9/25/2026, 6:55:40 AM.478] [Info] [GitInfoCollector]  CODEBUDDY_GIT_REPO_SCAN_DISABLED 1
[9/25/2026, 6:55:40 AM.479] [Info] [GitInfoCollector]  Git repository scan is disabled via CODEBUDDY_GIT_REPO_SCAN_DISABLED environment variable
[9/25/2026, 6:55:40 AM.481] [Info] [WorkflowMemProbe] tick runId=(none) | rss=153.8MB heap=167.1/172.7MB external=54.8MB arrayBuffers=0MB
[9/25/2026, 6:55:40 AM.517] [Info] [GitInfoCollector]  CODEBUDDY_GIT_REPO_SCAN_DISABLED 1
[9/25/2026, 6:55:40 AM.517] [Info] [GitInfoCollector]  Git repository scan is disabled via CODEBUDDY_GIT_REPO_SCAN_DISABLED environment variable
[9/25/2026, 6:55:40 AM.522] [Warning] [CloudProductManager]  Fetch remote configuration failed (attempt 5), no more retries
[9/25/2026, 6:55:40 AM.522] [Error] [CloudProductManager] [undefined]  Fetch remote configuration failed after all retries: getaddrinfo ENOTFOUND copilot.tencent.com, url=/v3/config, code=ENOTFOUND
[9/25/2026, 6:55:40 AM.523] [Warning] [CloudProductManager]  Fetch remote configuration failed: getaddrinfo ENOTFOUND copilot.tencent.com, url=/v3/config, code=ENOTFOUND
[9/25/2026, 6:55:40 AM.523] [Info] [PluginsProductProvider.provide] active=9, ids=[weixinpay@workbuddy-builtin,tencent-docs-plugin@workbuddy-builtin,sheetagent@workbuddy-builtin,tencent-pptx@workbuddy-builtin,tencent-docx@workbuddy-builtin,agent-browser@codebuddy-plugins-official,find-skills@codebuddy-plugins-official,agent-browser@inline,find-skills@inline]
[9/25/2026, 6:55:40 AM.523] [Info] [MCP][cacheDbg] getConnectedServers() called: nonInteractive=true waitForSettle=false cacheNow=[connector-proxy,weixinpay,sheetagent] allServers=[connector-proxy:connected,weixinpay:connected,sheetagent:connected]
[9/25/2026, 6:55:40 AM.523] [Info] [MCP][cacheDbg] getConnectedServers() returning: [connector-proxy,weixinpay,sheetagent] (size=3)
[9/25/2026, 6:55:40 AM.532] [Info] [CustomModelsProductProvider] productName=WorkBuddy, isWorkBuddy=true, userConfigPath=/Users/didi/.workbuddy/models.json
[9/25/2026, 6:55:40 AM.532] [Info] Loaded custom models config from user: /Users/didi/.workbuddy/models.json
[9/25/2026, 6:55:40 AM.532] [Info] [ModelsProductProvider] enterpriseId: undefined, endpoint: https://copilot.tencent.com
[9/25/2026, 6:55:40 AM.532] [Warning] [ModelsProductProvider] enterpriseId is missing, skipping models API call
[9/25/2026, 6:55:40 AM.532] [Info] [AgentModelResolver] product config input: 54 models, 23 agents
[9/25/2026, 6:55:40 AM.532] [Info] [AgentModelResolver] model ids: auto, fast-model, balanced-model, deep-model, hy3, hy3-b, hy3-c, hy3-x, hy4-preview, hy4-preview-f, minimax-m2.5, glm-5v-turbo, glm-5.3, glm-5.3-flash, glm-5.2, glm-5.1, glm-5.0-turbo, glm-4.6v, kimi-k3-1, kimi-k2.8-preview, kimi-k2.7, kimi-k2.6, kimi-k2.5, kimi-k2-thinking, minimax-m3, minimax-m2.7, glm-4.6, deepseek-v4-flash, deepseek-v4.1-flash, deepseek-v4-pro, deepseek-v3-2-volc, deepseek-v3-1-volc, deepseek-v3-1-lkeap, deepseek-v3-1, deepseek-v3-0324-lkeap, deepseek-r1-0528-lkeap, kimi-k2-instruct-taiji, completion-gf, default-1.1, hunyuan-3b, hunyuan-7b-dense, codewise-completions, codewise-rewrite, codewise-nes-a4-027-aide, codewise-jump, deepseek-r1-0528, deepseek-v3-0324-taco-completion, deepseek-v3-0324, default-1.2, hunyuan-2.0-instruct, hunyuan-chat, hunyuan-image-alpha, hunyuan-image-alpha-edit, custom-local:kimi-k3
[9/25/2026, 6:55:40 AM.532] [Info] [AgentModelResolver] agent "cli" original_models=["auto","hy4-preview-f","hy3","hy3-x","deepseek-v4.1-flash","glm-5.3","glm-5.3-flash","glm-5.2","glm-5.1","glm-5v-turbo","minimax-m3","kimi-k3-1","kimi-k2.8-preview","kimi-k2.7","kimi-k2.6","deepseek-v4-pro"] -> resolved_models=["auto","hy4-preview-f","hy3","hy3-x","deepseek-v4.1-flash","glm-5.3","glm-5.3-flash","glm-5.2","glm-5.1","glm-5v-turbo","minimax-m3","kimi-k3-1","kimi-k2.8-preview","kimi-k2.7","kimi-k2.6","deepseek-v4-pro"]
[9/25/2026, 6:55:40 AM.532] [Info] [AgentModelResolver] agent "general-purpose" original_models=[] -> resolved_models=[]
[9/25/2026, 6:55:40 AM.532] [Info] [AgentModelResolver] agent "compact" original_models=[] -> resolved_models=[]
[9/25/2026, 6:55:40 AM.532] [Info] [AgentModelResolver] agent "contextSummary" original_models=[] -> resolved_models=[]
[9/25/2026, 6:55:40 AM.532] [Info] [AgentModelResolver] agent "contentAnalyzer" original_models=[] -> resolved_models=[]
[9/25/2026, 6:55:40 AM.532] [Info] [AgentModelResolver] agent "terminalTitleGenerator" original_models=[] -> resolved_models=[]
[9/25/2026, 6:55:40 AM.532] [Info] [AgentModelResolver] agent "promptSuggestion" original_models=[] -> resolved_models=[]
[9/25/2026, 6:55:40 AM.532] [Info] [AgentModelResolver] agent "memorySelector" original_models=["lite"] -> resolved_models=["lite"]
[9/25/2026, 6:55:40 AM.532] [Info] [AgentModelResolver] agent "summaryGenerator" original_models=[] -> resolved_models=[]
[9/25/2026, 6:55:40 AM.532] [Info] [AgentModelResolver] agent "autoModeClassifier" original_models=[] -> resolved_models=[]
[9/25/2026, 6:55:40 AM.532] [Info] [AgentModelResolver] agent "promptHookEvaluator" original_models=["lite"] -> resolved_models=["lite"]
[9/25/2026, 6:55:40 AM.532] [Info] [AgentModelResolver] agent "insightsAnalyzer" original_models=[] -> resolved_models=[]
[9/25/2026, 6:55:40 AM.532] [Info] [AgentModelResolver] agent "agentInstructions" original_models=[] -> resolved_models=[]
[9/25/2026, 6:55:40 AM.532] [Info] [AgentModelResolver] agent "statusline-setup" original_models=[] -> resolved_models=[]
[9/25/2026, 6:55:40 AM.532] [Info] [AgentModelResolver] agent "Explore" original_models=["lite"] -> resolved_models=["lite"]
[9/25/2026, 6:55:40 AM.532] [Info] [AgentModelResolver] agent "Plan" original_models=[] -> resolved_models=[]
[9/25/2026, 6:55:40 AM.532] [Info] [AgentModelResolver] agent "pulse" original_models=[] -> resolved_models=[]
[9/25/2026, 6:55:40 AM.532] [Info] [AgentModelResolver] agent "handoff-summary" original_models=undefined -> resolved_models=[]
[9/25/2026, 6:55:40 AM.532] [Info] [AgentModelResolver] agent "enhance-prompt" original_models=[] -> resolved_models=[]
[9/25/2026, 6:55:40 AM.532] [Info] [AgentModelResolver] agent "sheet-agent" original_models=[] -> resolved_models=[]
[9/25/2026, 6:55:40 AM.532] [Info] [AgentModelResolver] agent "doc-converter" original_models=[] -> resolved_models=[]
[9/25/2026, 6:55:40 AM.532] [Info] [AgentModelResolver] agent "doc-formatter" original_models=[] -> resolved_models=[]
[9/25/2026, 6:55:40 AM.532] [Info] [AgentModelResolver] agent "doc-writer" original_models=[] -> resolved_models=[]
[9/25/2026, 6:55:40 AM.546] [Info] [PluginPolicyService]  [MergedPlugins][DEBUG] ProductManager.onDidChange fired, reloading policies...
[9/25/2026, 6:55:40 AM.546] [Info] [PluginPolicyService]  [MergedPlugins][DEBUG] Current config builtInMarketPluginsMerge: [{"autoEnable":true,"marketplaceName":"codebuddy-plugins-official","name":"agent-browser","scope":"user"},{"autoEnable":true,"marketplaceName":"codebuddy-plugins-official","name":"find-skills","scope":"user"}]
[9/25/2026, 6:55:40 AM.546] [Info] [PluginPolicyService]  [MergedPlugins] Loaded 2 merged plugin entries
[9/25/2026, 6:55:40 AM.546] [Info] [Startup] AgentManager.rebuildAgents: START
[9/25/2026, 6:55:40 AM.546] [Info] [Startup] AgentManager.rebuildAgents: completed in 10ms, resolving readyDeferred
[9/25/2026, 6:55:40 AM.547] [Info] [PluginManager]  Checking for built-in marketplaces to install...
[9/25/2026, 6:55:40 AM.547] [Info] [BuiltInMarketplaceProvider]  Found 2 built-in marketplace(s)
[9/25/2026, 6:55:40 AM.547] [Info] [PluginManager]  Found 2 built-in marketplace(s)
[9/25/2026, 6:55:40 AM.548] [Info] [MarketplaceStorage]  [MarketplaceStorage] getMarketplaces ensureConfigFile=0ms readAndRepair=1ms migration=0ms total=1ms count=5 path=/Users/didi/.workbuddy/plugins/known_marketplaces.json
[9/25/2026, 6:55:40 AM.548] [Info] [PluginManager]  All built-in marketplaces are already installed
[9/25/2026, 6:55:40 AM.549] [Info] [MarketplaceStorage]  [MarketplaceStorage] getMarketplaces ensureConfigFile=0ms readAndRepair=0ms migration=0ms total=1ms count=5 path=/Users/didi/.workbuddy/plugins/known_marketplaces.json
[9/25/2026, 6:55:40 AM.549] [Info] [BuiltInMarketplaceProvider]  Found 2 built-in marketplace(s)
[9/25/2026, 6:55:40 AM.552] [Info] [PluginManager]  Loaded 5 marketplaces (2 built-in) total=3ms storage=1ms builtIn=0ms autoUpdate=0ms
[9/25/2026, 6:55:41 AM.525] [Info] [GitInfoCollector]  CODEBUDDY_GIT_REPO_SCAN_DISABLED 1
[9/25/2026, 6:55:41 AM.525] [Info] [GitInfoCollector]  Git repository scan is disabled via CODEBUDDY_GIT_REPO_SCAN_DISABLED environment variable
[9/25/2026, 6:55:41 AM.538] [Warning] [CloudProductManager]  Fetch remote configuration failed (attempt 1), will retry after 2s
[9/25/2026, 6:55:42 AM.538] [Info] [TracingService]  Tracing uses @tencent/galileo-node-sdk global OpenTelemetry provider; @genie OTLP exporter is skipped.
[9/25/2026, 6:55:42 AM.538] [Info] [TracingService]  Tracing config resolved: {"productEnabled":true,"enabledByEnv":false,"endpoint":"https://copilot.tencent.com","galileoEnabled":true}
[9/25/2026, 6:55:43 AM.540] [Info] [GitInfoCollector]  CODEBUDDY_GIT_REPO_SCAN_DISABLED 1
[9/25/2026, 6:55:43 AM.540] [Info] [GitInfoCollector]  Git repository scan is disabled via CODEBUDDY_GIT_REPO_SCAN_DISABLED environment variable
[9/25/2026, 6:55:43 AM.553] [Warning] [CloudProductManager]  Fetch remote configuration failed (attempt 2), will retry after 4s
[9/25/2026, 7:13:30 AM.280] [Info] [GitInfoCollector]  CODEBUDDY_GIT_REPO_SCAN_DISABLED 1
[9/25/2026, 7:13:30 AM.280] [Info] [GitInfoCollector]  Git repository scan is disabled via CODEBUDDY_GIT_REPO_SCAN_DISABLED environment variable
[9/25/2026, 7:13:30 AM.284] [Info] [WorkflowMemProbe] tick runId=(none) | rss=145.7MB heap=156.6/163.6MB external=53.6MB arrayBuffers=0MB
[9/25/2026, 7:13:30 AM.324] [Info] [GitInfoCollector]  CODEBUDDY_GIT_REPO_SCAN_DISABLED 1
[9/25/2026, 7:13:30 AM.324] [Info] [GitInfoCollector]  Git repository scan is disabled via CODEBUDDY_GIT_REPO_SCAN_DISABLED environment variable
[9/25/2026, 7:13:30 AM.330] [Warning] [CloudProductManager]  Fetch remote configuration failed (attempt 3), will retry after 8s
[9/25/2026, 7:13:30 AM.333] [Warning] [CloudProductManager]  Fetch remote configuration failed: getaddrinfo ENOTFOUND copilot.tencent.com, url=/v3/config, code=ENOTFOUND
[9/25/2026, 7:13:30 AM.334] [Info] [PluginsProductProvider.provide] active=9, ids=[weixinpay@workbuddy-builtin,tencent-docs-plugin@workbuddy-builtin,sheetagent@workbuddy-builtin,tencent-pptx@workbuddy-builtin,tencent-docx@workbuddy-builtin,agent-browser@codebuddy-plugins-official,find-skills@codebuddy-plugins-official,agent-browser@inline,find-skills@inline]
[9/25/2026, 7:13:30 AM.334] [Info] [MCP][cacheDbg] getConnectedServers() called: nonInteractive=true waitForSettle=false cacheNow=[connector-proxy,weixinpay,sheetagent] allServers=[connector-proxy:connected,weixinpay:connected,sheetagent:connected]
[9/25/2026, 7:13:30 AM.334] [Info] [MCP][cacheDbg] getConnectedServers() returning: [connector-proxy,weixinpay,sheetagent] (size=3)
[9/25/2026, 7:13:30 AM.342] [Info] [CustomModelsProductProvider] productName=WorkBuddy, isWorkBuddy=true, userConfigPath=/Users/didi/.workbuddy/models.json
[9/25/2026, 7:13:30 AM.342] [Info] Loaded custom models config from user: /Users/didi/.workbuddy/models.json
[9/25/2026, 7:13:30 AM.342] [Info] [ModelsProductProvider] enterpriseId: undefined, endpoint: https://copilot.tencent.com
[9/25/2026, 7:13:30 AM.342] [Warning] [ModelsProductProvider] enterpriseId is missing, skipping models API call
[9/25/2026, 7:13:30 AM.342] [Info] [AgentModelResolver] product config input: 54 models, 23 agents
[9/25/2026, 7:13:30 AM.342] [Info] [AgentModelResolver] model ids: auto, fast-model, balanced-model, deep-model, hy3, hy3-b, hy3-c, hy3-x, hy4-preview, hy4-preview-f, minimax-m2.5, glm-5v-turbo, glm-5.3, glm-5.3-flash, glm-5.2, glm-5.1, glm-5.0-turbo, glm-4.6v, kimi-k3-1, kimi-k2.8-preview, kimi-k2.7, kimi-k2.6, kimi-k2.5, kimi-k2-thinking, minimax-m3, minimax-m2.7, glm-4.6, deepseek-v4-flash, deepseek-v4.1-flash, deepseek-v4-pro, deepseek-v3-2-volc, deepseek-v3-1-volc, deepseek-v3-1-lkeap, deepseek-v3-1, deepseek-v3-0324-lkeap, deepseek-r1-0528-lkeap, kimi-k2-instruct-taiji, completion-gf, default-1.1, hunyuan-3b, hunyuan-7b-dense, codewise-completions, codewise-rewrite, codewise-nes-a4-027-aide, codewise-jump, deepseek-r1-0528, deepseek-v3-0324-taco-completion, deepseek-v3-0324, default-1.2, hunyuan-2.0-instruct, hunyuan-chat, hunyuan-image-alpha, hunyuan-image-alpha-edit, custom-local:kimi-k3
[9/25/2026, 7:13:30 AM.342] [Info] [AgentModelResolver] agent "cli" original_models=["auto","hy4-preview-f","hy3","hy3-x","deepseek-v4.1-flash","glm-5.3","glm-5.3-flash","glm-5.2","glm-5.1","glm-5v-turbo","minimax-m3","kimi-k3-1","kimi-k2.8-preview","kimi-k2.7","kimi-k2.6","deepseek-v4-pro"] -> resolved_models=["auto","hy4-preview-f","hy3","hy3-x","deepseek-v4.1-flash","glm-5.3","glm-5.3-flash","glm-5.2","glm-5.1","glm-5v-turbo","minimax-m3","kimi-k3-1","kimi-k2.8-preview","kimi-k2.7","kimi-k2.6","deepseek-v4-pro"]
[9/25/2026, 7:13:30 AM.342] [Info] [AgentModelResolver] agent "general-purpose" original_models=[] -> resolved_models=[]
[9/25/2026, 7:13:30 AM.342] [Info] [AgentModelResolver] agent "compact" original_models=[] -> resolved_models=[]
[9/25/2026, 7:13:30 AM.342] [Info] [AgentModelResolver] agent "contextSummary" original_models=[] -> resolved_models=[]
[9/25/2026, 7:13:30 AM.342] [Info] [AgentModelResolver] agent "contentAnalyzer" original_models=[] -> resolved_models=[]
[9/25/2026, 7:13:30 AM.342] [Info] [AgentModelResolver] agent "terminalTitleGenerator" original_models=[] -> resolved_models=[]
[9/25/2026, 7:13:30 AM.342] [Info] [AgentModelResolver] agent "promptSuggestion" original_models=[] -> resolved_models=[]
[9/25/2026, 7:13:30 AM.342] [Info] [AgentModelResolver] agent "memorySelector" original_models=["lite"] -> resolved_models=["lite"]
[9/25/2026, 7:13:30 AM.342] [Info] [AgentModelResolver] agent "summaryGenerator" original_models=[] -> resolved_models=[]
[9/25/2026, 7:13:30 AM.342] [Info] [AgentModelResolver] agent "autoModeClassifier" original_models=[] -> resolved_models=[]
[9/25/2026, 7:13:30 AM.342] [Info] [AgentModelResolver] agent "promptHookEvaluator" original_models=["lite"] -> resolved_models=["lite"]
[9/25/2026, 7:13:30 AM.342] [Info] [AgentModelResolver] agent "insightsAnalyzer" original_models=[] -> resolved_models=[]
[9/25/2026, 7:13:30 AM.342] [Info] [AgentModelResolver] agent "agentInstructions" original_models=[] -> resolved_models=[]
[9/25/2026, 7:13:30 AM.342] [Info] [AgentModelResolver] agent "statusline-setup" original_models=[] -> resolved_models=[]
[9/25/2026, 7:13:30 AM.342] [Info] [AgentModelResolver] agent "Explore" original_models=["lite"] -> resolved_models=["lite"]
[9/25/2026, 7:13:30 AM.342] [Info] [AgentModelResolver] agent "Plan" original_models=[] -> resolved_models=[]
[9/25/2026, 7:13:30 AM.342] [Info] [AgentModelResolver] agent "pulse" original_models=[] -> resolved_models=[]
[9/25/2026, 7:13:30 AM.342] [Info] [AgentModelResolver] agent "handoff-summary" original_models=undefined -> resolved_models=[]
[9/25/2026, 7:13:30 AM.342] [Info] [AgentModelResolver] agent "enhance-prompt" original_models=[] -> resolved_models=[]
[9/25/2026, 7:13:30 AM.342] [Info] [AgentModelResolver] agent "sheet-agent" original_models=[] -> resolved_models=[]
[9/25/2026, 7:13:30 AM.342] [Info] [AgentModelResolver] agent "doc-converter" original_models=[] -> resolved_models=[]
[9/25/2026, 7:13:30 AM.342] [Info] [AgentModelResolver] agent "doc-formatter" original_models=[] -> resolved_models=[]
[9/25/2026, 7:13:30 AM.342] [Info] [AgentModelResolver] agent "doc-writer" original_models=[] -> resolved_models=[]
[9/25/2026, 7:13:30 AM.403] [Info] [PluginPolicyService]  [MergedPlugins][DEBUG] ProductManager.onDidChange fired, reloading policies...
[9/25/2026, 7:13:30 AM.403] [Info] [PluginPolicyService]  [MergedPlugins][DEBUG] Current config builtInMarketPluginsMerge: [{"autoEnable":true,"marketplaceName":"codebuddy-plugins-official","name":"agent-browser","scope":"user"},{"autoEnable":true,"marketplaceName":"codebuddy-plugins-official","name":"find-skills","scope":"user"}]
[9/25/2026, 7:13:30 AM.403] [Info] [PluginPolicyService]  [MergedPlugins] Loaded 2 merged plugin entries
[9/25/2026, 7:13:30 AM.403] [Info] [Startup] AgentManager.rebuildAgents: START
[9/25/2026, 7:13:30 AM.405] [Info] [Startup] AgentManager.rebuildAgents: completed in 58ms, resolving readyDeferred
[9/25/2026, 7:13:30 AM.405] [Info] [PluginManager]  Checking for built-in marketplaces to install...
[9/25/2026, 7:13:30 AM.405] [Info] [BuiltInMarketplaceProvider]  Found 2 built-in marketplace(s)
[9/25/2026, 7:13:30 AM.405] [Info] [PluginManager]  Found 2 built-in marketplace(s)
[9/25/2026, 7:13:30 AM.408] [Info] [MarketplaceStorage]  [MarketplaceStorage] getMarketplaces ensureConfigFile=0ms readAndRepair=3ms migration=0ms total=3ms count=5 path=/Users/didi/.workbuddy/plugins/known_marketplaces.json
[9/25/2026, 7:13:30 AM.408] [Info] [PluginManager]  All built-in marketplaces are already installed
[9/25/2026, 7:13:30 AM.410] [Info] [MarketplaceStorage]  [MarketplaceStorage] getMarketplaces ensureConfigFile=0ms readAndRepair=2ms migration=0ms total=2ms count=5 path=/Users/didi/.workbuddy/plugins/known_marketplaces.json
[9/25/2026, 7:13:30 AM.410] [Info] [BuiltInMarketplaceProvider]  Found 2 built-in marketplace(s)
[9/25/2026, 7:13:30 AM.412] [Info] [PluginManager]  Loaded 5 marketplaces (2 built-in) total=4ms storage=2ms builtIn=0ms autoUpdate=0ms
[9/25/2026, 7:13:32 AM.350] [Info] [TracingService]  Tracing uses @tencent/galileo-node-sdk global OpenTelemetry provider; @genie OTLP exporter is skipped.
[9/25/2026, 7:13:32 AM.350] [Info] [TracingService]  Tracing config resolved: {"productEnabled":true,"enabledByEnv":false,"endpoint":"https://copilot.tencent.com","galileoEnabled":true}
[9/25/2026, 7:29:51 AM.542] [Info] [GitInfoCollector]  CODEBUDDY_GIT_REPO_SCAN_DISABLED 1
[9/25/2026, 7:29:51 AM.542] [Info] [GitInfoCollector]  Git repository scan is disabled via CODEBUDDY_GIT_REPO_SCAN_DISABLED environment variable
[9/25/2026, 7:29:51 AM.545] [Info] [WorkflowMemProbe] tick runId=(none) | rss=152.3MB heap=162.3/169.1MB external=54.7MB arrayBuffers=0MB
[9/25/2026, 7:29:51 AM.562] [Info] [GitInfoCollector]  CODEBUDDY_GIT_REPO_SCAN_DISABLED 1
[9/25/2026, 7:29:51 AM.562] [Info] [GitInfoCollector]  Git repository scan is disabled via CODEBUDDY_GIT_REPO_SCAN_DISABLED environment variable
[9/25/2026, 7:29:51 AM.566] [Warning] [CloudProductManager]  Fetch remote configuration failed (attempt 4), will retry after 16s
[9/25/2026, 7:29:51 AM.567] [Warning] [CloudProductManager]  Fetch remote configuration failed: getaddrinfo ENOTFOUND copilot.tencent.com, url=/v3/config, code=ENOTFOUND
[9/25/2026, 7:29:51 AM.567] [Info] [PluginsProductProvider.provide] active=9, ids=[weixinpay@workbuddy-builtin,tencent-docs-plugin@workbuddy-builtin,sheetagent@workbuddy-builtin,tencent-pptx@workbuddy-builtin,tencent-docx@workbuddy-builtin,agent-browser@codebuddy-plugins-official,find-skills@codebuddy-plugins-official,agent-browser@inline,find-skills@inline]
[9/25/2026, 7:29:51 AM.567] [Info] [MCP][cacheDbg] getConnectedServers() called: nonInteractive=true waitForSettle=false cacheNow=[connector-proxy,weixinpay,sheetagent] allServers=[connector-proxy:connected,weixinpay:connected,sheetagent:connected]
[9/25/2026, 7:29:51 AM.567] [Info] [MCP][cacheDbg] getConnectedServers() returning: [connector-proxy,weixinpay,sheetagent] (size=3)
[9/25/2026, 7:29:51 AM.573] [Info] [CustomModelsProductProvider] productName=WorkBuddy, isWorkBuddy=true, userConfigPath=/Users/didi/.workbuddy/models.json
[9/25/2026, 7:29:51 AM.573] [Info] Loaded custom models config from user: /Users/didi/.workbuddy/models.json
[9/25/2026, 7:29:51 AM.573] [Info] [ModelsProductProvider] enterpriseId: undefined, endpoint: https://copilot.tencent.com
[9/25/2026, 7:29:51 AM.573] [Warning] [ModelsProductProvider] enterpriseId is missing, skipping models API call
[9/25/2026, 7:29:51 AM.573] [Info] [AgentModelResolver] product config input: 54 models, 23 agents
[9/25/2026, 7:29:51 AM.573] [Info] [AgentModelResolver] model ids: auto, fast-model, balanced-model, deep-model, hy3, hy3-b, hy3-c, hy3-x, hy4-preview, hy4-preview-f, minimax-m2.5, glm-5v-turbo, glm-5.3, glm-5.3-flash, glm-5.2, glm-5.1, glm-5.0-turbo, glm-4.6v, kimi-k3-1, kimi-k2.8-preview, kimi-k2.7, kimi-k2.6, kimi-k2.5, kimi-k2-thinking, minimax-m3, minimax-m2.7, glm-4.6, deepseek-v4-flash, deepseek-v4.1-flash, deepseek-v4-pro, deepseek-v3-2-volc, deepseek-v3-1-volc, deepseek-v3-1-lkeap, deepseek-v3-1, deepseek-v3-0324-lkeap, deepseek-r1-0528-lkeap, kimi-k2-instruct-taiji, completion-gf, default-1.1, hunyuan-3b, hunyuan-7b-dense, codewise-completions, codewise-rewrite, codewise-nes-a4-027-aide, codewise-jump, deepseek-r1-0528, deepseek-v3-0324-taco-completion, deepseek-v3-0324, default-1.2, hunyuan-2.0-instruct, hunyuan-chat, hunyuan-image-alpha, hunyuan-image-alpha-edit, custom-local:kimi-k3
[9/25/2026, 7:29:51 AM.573] [Info] [AgentModelResolver] agent "cli" original_models=["auto","hy4-preview-f","hy3","hy3-x","deepseek-v4.1-flash","glm-5.3","glm-5.3-flash","glm-5.2","glm-5.1","glm-5v-turbo","minimax-m3","kimi-k3-1","kimi-k2.8-preview","kimi-k2.7","kimi-k2.6","deepseek-v4-pro"] -> resolved_models=["auto","hy4-preview-f","hy3","hy3-x","deepseek-v4.1-flash","glm-5.3","glm-5.3-flash","glm-5.2","glm-5.1","glm-5v-turbo","minimax-m3","kimi-k3-1","kimi-k2.8-preview","kimi-k2.7","kimi-k2.6","deepseek-v4-pro"]
[9/25/2026, 7:29:51 AM.573] [Info] [AgentModelResolver] agent "general-purpose" original_models=[] -> resolved_models=[]
[9/25/2026, 7:29:51 AM.573] [Info] [AgentModelResolver] agent "compact" original_models=[] -> resolved_models=[]
[9/25/2026, 7:29:51 AM.573] [Info] [AgentModelResolver] agent "contextSummary" original_models=[] -> resolved_models=[]
[9/25/2026, 7:29:51 AM.573] [Info] [AgentModelResolver] agent "contentAnalyzer" original_models=[] -> resolved_models=[]
[9/25/2026, 7:29:51 AM.573] [Info] [AgentModelResolver] agent "terminalTitleGenerator" original_models=[] -> resolved_models=[]
[9/25/2026, 7:29:51 AM.573] [Info] [AgentModelResolver] agent "promptSuggestion" original_models=[] -> resolved_models=[]
[9/25/2026, 7:29:51 AM.573] [Info] [AgentModelResolver] agent "memorySelector" original_models=["lite"] -> resolved_models=["lite"]
[9/25/2026, 7:29:51 AM.573] [Info] [AgentModelResolver] agent "summaryGenerator" original_models=[] -> resolved_models=[]
[9/25/2026, 7:29:51 AM.573] [Info] [AgentModelResolver] agent "autoModeClassifier" original_models=[] -> resolved_models=[]
[9/25/2026, 7:29:51 AM.573] [Info] [AgentModelResolver] agent "promptHookEvaluator" original_models=["lite"] -> resolved_models=["lite"]
[9/25/2026, 7:29:51 AM.573] [Info] [AgentModelResolver] agent "insightsAnalyzer" original_models=[] -> resolved_models=[]
[9/25/2026, 7:29:51 AM.573] [Info] [AgentModelResolver] agent "agentInstructions" original_models=[] -> resolved_models=[]
[9/25/2026, 7:29:51 AM.573] [Info] [AgentModelResolver] agent "statusline-setup" original_models=[] -> resolved_models=[]
[9/25/2026, 7:29:51 AM.573] [Info] [AgentModelResolver] agent "Explore" original_models=["lite"] -> resolved_models=["lite"]
[9/25/2026, 7:29:51 AM.573] [Info] [AgentModelResolver] agent "Plan" original_models=[] -> resolved_models=[]
[9/25/2026, 7:29:51 AM.573] [Info] [AgentModelResolver] agent "pulse" original_models=[] -> resolved_models=[]
[9/25/2026, 7:29:51 AM.573] [Info] [AgentModelResolver] agent "handoff-summary" original_models=undefined -> resolved_models=[]
[9/25/2026, 7:29:51 AM.573] [Info] [AgentModelResolver] agent "enhance-prompt" original_models=[] -> resolved_models=[]
[9/25/2026, 7:29:51 AM.573] [Info] [AgentModelResolver] agent "sheet-agent" original_models=[] -> resolved_models=[]
[9/25/2026, 7:29:51 AM.573] [Info] [AgentModelResolver] agent "doc-converter" original_models=[] -> resolved_models=[]
[9/25/2026, 7:29:51 AM.573] [Info] [AgentModelResolver] agent "doc-formatter" original_models=[] -> resolved_models=[]
[9/25/2026, 7:29:51 AM.573] [Info] [AgentModelResolver] agent "doc-writer" original_models=[] -> resolved_models=[]
[9/25/2026, 7:29:51 AM.589] [Info] [PluginPolicyService]  [MergedPlugins][DEBUG] ProductManager.onDidChange fired, reloading policies...
[9/25/2026, 7:29:51 AM.589] [Info] [PluginPolicyService]  [MergedPlugins][DEBUG] Current config builtInMarketPluginsMerge: [{"autoEnable":true,"marketplaceName":"codebuddy-plugins-official","name":"agent-browser","scope":"user"},{"autoEnable":true,"marketplaceName":"codebuddy-plugins-official","name":"find-skills","scope":"user"}]
[9/25/2026, 7:29:51 AM.589] [Info] [PluginPolicyService]  [MergedPlugins] Loaded 2 merged plugin entries
[9/25/2026, 7:29:51 AM.589] [Info] [Startup] AgentManager.rebuildAgents: START
[9/25/2026, 7:29:51 AM.589] [Info] [Startup] AgentManager.rebuildAgents: completed in 12ms, resolving readyDeferred
[9/25/2026, 7:29:51 AM.589] [Info] [PluginManager]  Checking for built-in marketplaces to install...
[9/25/2026, 7:29:51 AM.589] [Info] [BuiltInMarketplaceProvider]  Found 2 built-in marketplace(s)
[9/25/2026, 7:29:51 AM.589] [Info] [PluginManager]  Found 2 built-in marketplace(s)
[9/25/2026, 7:29:51 AM.590] [Info] [MarketplaceStorage]  [MarketplaceStorage] getMarketplaces ensureConfigFile=0ms readAndRepair=1ms migration=0ms total=1ms count=5 path=/Users/didi/.workbuddy/plugins/known_marketplaces.json
[9/25/2026, 7:29:51 AM.590] [Info] [PluginManager]  All built-in marketplaces are already installed
[9/25/2026, 7:29:51 AM.590] [Info] [MarketplaceStorage]  [MarketplaceStorage] getMarketplaces ensureConfigFile=0ms readAndRepair=0ms migration=0ms total=0ms count=5 path=/Users/didi/.workbuddy/plugins/known_marketplaces.json
[9/25/2026, 7:29:51 AM.590] [Info] [BuiltInMarketplaceProvider]  Found 2 built-in marketplace(s)
[9/25/2026, 7:29:51 AM.592] [Info] [PluginManager]  Loaded 5 marketplaces (2 built-in) total=2ms storage=0ms builtIn=0ms autoUpdate=0ms
[9/25/2026, 7:29:53 AM.579] [Info] [TracingService]  Tracing uses @tencent/galileo-node-sdk global OpenTelemetry provider; @genie OTLP exporter is skipped.
[9/25/2026, 7:29:53 AM.579] [Info] [TracingService]  Tracing config resolved: {"productEnabled":true,"enabledByEnv":false,"endpoint":"https://copilot.tencent.com","galileoEnabled":true}
[9/25/2026, 7:40:48 AM.322] [Info] [GitInfoCollector]  CODEBUDDY_GIT_REPO_SCAN_DISABLED 1
[9/25/2026, 7:40:48 AM.322] [Info] [GitInfoCollector]  Git repository scan is disabled via CODEBUDDY_GIT_REPO_SCAN_DISABLED environment variable
[9/25/2026, 7:40:48 AM.325] [Info] [WorkflowMemProbe] tick runId=(none) | rss=156.4MB heap=167.1/172.9MB external=54.7MB arrayBuffers=0MB
[9/25/2026, 7:40:48 AM.348] [Info] [GitInfoCollector]  CODEBUDDY_GIT_REPO_SCAN_DISABLED 1
[9/25/2026, 7:40:48 AM.349] [Info] [GitInfoCollector]  Git repository scan is disabled via CODEBUDDY_GIT_REPO_SCAN_DISABLED environment variable
[9/25/2026, 7:40:48 AM.353] [Warning] [CloudProductManager]  Fetch remote configuration failed (attempt 5), no more retries
[9/25/2026, 7:40:48 AM.353] [Error] [CloudProductManager] [undefined]  Fetch remote configuration failed after all retries: getaddrinfo ENOTFOUND copilot.tencent.com, url=/v3/config, code=ENOTFOUND
[9/25/2026, 7:40:48 AM.365] [Warning] [CloudProductManager]  Fetch remote configuration failed: getaddrinfo ENOTFOUND copilot.tencent.com, url=/v3/config, code=ENOTFOUND
[9/25/2026, 7:40:48 AM.366] [Info] [PluginsProductProvider.provide] active=9, ids=[weixinpay@workbuddy-builtin,tencent-docs-plugin@workbuddy-builtin,sheetagent@workbuddy-builtin,tencent-pptx@workbuddy-builtin,tencent-docx@workbuddy-builtin,agent-browser@codebuddy-plugins-official,find-skills@codebuddy-plugins-official,agent-browser@inline,find-skills@inline]
[9/25/2026, 7:40:48 AM.366] [Info] [MCP][cacheDbg] getConnectedServers() called: nonInteractive=true waitForSettle=false cacheNow=[connector-proxy,weixinpay,sheetagent] allServers=[connector-proxy:connected,weixinpay:connected,sheetagent:connected]
[9/25/2026, 7:40:48 AM.366] [Info] [MCP][cacheDbg] getConnectedServers() returning: [connector-proxy,weixinpay,sheetagent] (size=3)
[9/25/2026, 7:40:48 AM.372] [Info] [CustomModelsProductProvider] productName=WorkBuddy, isWorkBuddy=true, userConfigPath=/Users/didi/.workbuddy/models.json
[9/25/2026, 7:40:48 AM.372] [Info] Loaded custom models config from user: /Users/didi/.workbuddy/models.json
[9/25/2026, 7:40:48 AM.372] [Info] [ModelsProductProvider] enterpriseId: undefined, endpoint: https://copilot.tencent.com
[9/25/2026, 7:40:48 AM.372] [Warning] [ModelsProductProvider] enterpriseId is missing, skipping models API call
[9/25/2026, 7:40:48 AM.372] [Info] [AgentModelResolver] product config input: 54 models, 23 agents
[9/25/2026, 7:40:48 AM.372] [Info] [AgentModelResolver] model ids: auto, fast-model, balanced-model, deep-model, hy3, hy3-b, hy3-c, hy3-x, hy4-preview, hy4-preview-f, minimax-m2.5, glm-5v-turbo, glm-5.3, glm-5.3-flash, glm-5.2, glm-5.1, glm-5.0-turbo, glm-4.6v, kimi-k3-1, kimi-k2.8-preview, kimi-k2.7, kimi-k2.6, kimi-k2.5, kimi-k2-thinking, minimax-m3, minimax-m2.7, glm-4.6, deepseek-v4-flash, deepseek-v4.1-flash, deepseek-v4-pro, deepseek-v3-2-volc, deepseek-v3-1-volc, deepseek-v3-1-lkeap, deepseek-v3-1, deepseek-v3-0324-lkeap, deepseek-r1-0528-lkeap, kimi-k2-instruct-taiji, completion-gf, default-1.1, hunyuan-3b, hunyuan-7b-dense, codewise-completions, codewise-rewrite, codewise-nes-a4-027-aide, codewise-jump, deepseek-r1-0528, deepseek-v3-0324-taco-completion, deepseek-v3-0324, default-1.2, hunyuan-2.0-instruct, hunyuan-chat, hunyuan-image-alpha, hunyuan-image-alpha-edit, custom-local:kimi-k3
[9/25/2026, 7:40:48 AM.372] [Info] [AgentModelResolver] agent "cli" original_models=["auto","hy4-preview-f","hy3","hy3-x","deepseek-v4.1-flash","glm-5.3","glm-5.3-flash","glm-5.2","glm-5.1","glm-5v-turbo","minimax-m3","kimi-k3-1","kimi-k2.8-preview","kimi-k2.7","kimi-k2.6","deepseek-v4-pro"] -> resolved_models=["auto","hy4-preview-f","hy3","hy3-x","deepseek-v4.1-flash","glm-5.3","glm-5.3-flash","glm-5.2","glm-5.1","glm-5v-turbo","minimax-m3","kimi-k3-1","kimi-k2.8-preview","kimi-k2.7","kimi-k2.6","deepseek-v4-pro"]
[9/25/2026, 7:40:48 AM.372] [Info] [AgentModelResolver] agent "general-purpose" original_models=[] -> resolved_models=[]
[9/25/2026, 7:40:48 AM.372] [Info] [AgentModelResolver] agent "compact" original_models=[] -> resolved_models=[]
[9/25/2026, 7:40:48 AM.372] [Info] [AgentModelResolver] agent "contextSummary" original_models=[] -> resolved_models=[]
[9/25/2026, 7:40:48 AM.372] [Info] [AgentModelResolver] agent "contentAnalyzer" original_models=[] -> resolved_models=[]
[9/25/2026, 7:40:48 AM.372] [Info] [AgentModelResolver] agent "terminalTitleGenerator" original_models=[] -> resolved_models=[]
[9/25/2026, 7:40:48 AM.372] [Info] [AgentModelResolver] agent "promptSuggestion" original_models=[] -> resolved_models=[]
[9/25/2026, 7:40:48 AM.372] [Info] [AgentModelResolver] agent "memorySelector" original_models=["lite"] -> resolved_models=["lite"]
[9/25/2026, 7:40:48 AM.372] [Info] [AgentModelResolver] agent "summaryGenerator" original_models=[] -> resolved_models=[]
[9/25/2026, 7:40:48 AM.372] [Info] [AgentModelResolver] agent "autoModeClassifier" original_models=[] -> resolved_models=[]
[9/25/2026, 7:40:48 AM.372] [Info] [AgentModelResolver] agent "promptHookEvaluator" original_models=["lite"] -> resolved_models=["lite"]
[9/25/2026, 7:40:48 AM.372] [Info] [AgentModelResolver] agent "insightsAnalyzer" original_models=[] -> resolved_models=[]
[9/25/2026, 7:40:48 AM.372] [Info] [AgentModelResolver] agent "agentInstructions" original_models=[] -> resolved_models=[]
[9/25/2026, 7:40:48 AM.372] [Info] [AgentModelResolver] agent "statusline-setup" original_models=[] -> resolved_models=[]
[9/25/2026, 7:40:48 AM.372] [Info] [AgentModelResolver] agent "Explore" original_models=["lite"] -> resolved_models=["lite"]
[9/25/2026, 7:40:48 AM.372] [Info] [AgentModelResolver] agent "Plan" original_models=[] -> resolved_models=[]
[9/25/2026, 7:40:48 AM.372] [Info] [AgentModelResolver] agent "pulse" original_models=[] -> resolved_models=[]
[9/25/2026, 7:40:48 AM.372] [Info] [AgentModelResolver] agent "handoff-summary" original_models=undefined -> resolved_models=[]
[9/25/2026, 7:40:48 AM.373] [Info] [AgentModelResolver] agent "enhance-prompt" original_models=[] -> resolved_models=[]
[9/25/2026, 7:40:48 AM.373] [Info] [AgentModelResolver] agent "sheet-agent" original_models=[] -> resolved_models=[]
[9/25/2026, 7:40:48 AM.373] [Info] [AgentModelResolver] agent "doc-converter" original_models=[] -> resolved_models=[]
[9/25/2026, 7:40:48 AM.373] [Info] [AgentModelResolver] agent "doc-formatter" original_models=[] -> resolved_models=[]
[9/25/2026, 7:40:48 AM.373] [Info] [AgentModelResolver] agent "doc-writer" original_models=[] -> resolved_models=[]
[9/25/2026, 7:40:48 AM.389] [Info] [PluginPolicyService]  [MergedPlugins][DEBUG] ProductManager.onDidChange fired, reloading policies...
[9/25/2026, 7:40:48 AM.389] [Info] [PluginPolicyService]  [MergedPlugins][DEBUG] Current config builtInMarketPluginsMerge: [{"autoEnable":true,"marketplaceName":"codebuddy-plugins-official","name":"agent-browser","scope":"user"},{"autoEnable":true,"marketplaceName":"codebuddy-plugins-official","name":"find-skills","scope":"user"}]
[9/25/2026, 7:40:48 AM.389] [Info] [PluginPolicyService]  [MergedPlugins] Loaded 2 merged plugin entries
[9/25/2026, 7:40:48 AM.389] [Info] [Startup] AgentManager.rebuildAgents: START
[9/25/2026, 7:40:48 AM.392] [Info] [Startup] AgentManager.rebuildAgents: completed in 16ms, resolving readyDeferred
[9/25/2026, 7:40:48 AM.393] [Info] [PluginManager]  Checking for built-in marketplaces to install...
[9/25/2026, 7:40:48 AM.393] [Info] [BuiltInMarketplaceProvider]  Found 2 built-in marketplace(s)
[9/25/2026, 7:40:48 AM.393] [Info] [PluginManager]  Found 2 built-in marketplace(s)
[9/25/2026, 7:40:48 AM.396] [Info] [MarketplaceStorage]  [MarketplaceStorage] getMarketplaces ensureConfigFile=0ms readAndRepair=3ms migration=0ms total=3ms count=5 path=/Users/didi/.workbuddy/plugins/known_marketplaces.json
[9/25/2026, 7:40:48 AM.396] [Info] [PluginManager]  All built-in marketplaces are already installed
[9/25/2026, 7:40:48 AM.400] [Info] [MarketplaceStorage]  [MarketplaceStorage] getMarketplaces ensureConfigFile=0ms readAndRepair=4ms migration=0ms total=4ms count=5 path=/Users/didi/.workbuddy/plugins/known_marketplaces.json
[9/25/2026, 7:40:48 AM.400] [Info] [BuiltInMarketplaceProvider]  Found 2 built-in marketplace(s)
[9/25/2026, 7:40:48 AM.407] [Info] [PluginManager]  Loaded 5 marketplaces (2 built-in) total=11ms storage=4ms builtIn=0ms autoUpdate=1ms
[9/25/2026, 7:40:49 AM.366] [Info] [GitInfoCollector]  CODEBUDDY_GIT_REPO_SCAN_DISABLED 1
[9/25/2026, 7:40:49 AM.366] [Info] [GitInfoCollector]  Git repository scan is disabled via CODEBUDDY_GIT_REPO_SCAN_DISABLED environment variable
[9/25/2026, 7:40:49 AM.381] [Warning] [CloudProductManager]  Fetch remote configuration failed (attempt 1), will retry after 2s
[9/25/2026, 7:40:50 AM.378] [Info] [TracingService]  Tracing uses @tencent/galileo-node-sdk global OpenTelemetry provider; @genie OTLP exporter is skipped.
[9/25/2026, 7:40:50 AM.378] [Info] [TracingService]  Tracing config resolved: {"productEnabled":true,"enabledByEnv":false,"endpoint":"https://copilot.tencent.com","galileoEnabled":true}
[9/25/2026, 7:40:51 AM.384] [Info] [GitInfoCollector]  CODEBUDDY_GIT_REPO_SCAN_DISABLED 1
[9/25/2026, 7:40:51 AM.384] [Info] [GitInfoCollector]  Git repository scan is disabled via CODEBUDDY_GIT_REPO_SCAN_DISABLED environment variable
[9/25/2026, 7:40:51 AM.399] [Warning] [CloudProductManager]  Fetch remote configuration failed (attempt 2), will retry after 4s
[9/25/2026, 7:49:32 AM.889] [Info] [GitInfoCollector]  CODEBUDDY_GIT_REPO_SCAN_DISABLED 1
[9/25/2026, 7:49:32 AM.889] [Info] [GitInfoCollector]  Git repository scan is disabled via CODEBUDDY_GIT_REPO_SCAN_DISABLED environment variable
[9/25/2026, 7:49:32 AM.893] [Info] [WorkflowMemProbe] tick runId=(none) | rss=148.4MB heap=156.6/163.6MB external=53.6MB arrayBuffers=0MB
[9/25/2026, 7:49:32 AM.940] [Info] [GitInfoCollector]  CODEBUDDY_GIT_REPO_SCAN_DISABLED 1
[9/25/2026, 7:49:32 AM.940] [Info] [GitInfoCollector]  Git repository scan is disabled via CODEBUDDY_GIT_REPO_SCAN_DISABLED environment variable
[9/25/2026, 7:49:32 AM.945] [Warning] [CloudProductManager]  Fetch remote configuration failed (attempt 3), will retry after 8s
[9/25/2026, 7:49:32 AM.946] [Warning] [CloudProductManager]  Fetch remote configuration failed: getaddrinfo ENOTFOUND copilot.tencent.com, url=/v3/config, code=ENOTFOUND
[9/25/2026, 7:49:32 AM.947] [Info] [PluginsProductProvider.provide] active=9, ids=[weixinpay@workbuddy-builtin,tencent-docs-plugin@workbuddy-builtin,sheetagent@workbuddy-builtin,tencent-pptx@workbuddy-builtin,tencent-docx@workbuddy-builtin,agent-browser@codebuddy-plugins-official,find-skills@codebuddy-plugins-official,agent-browser@inline,find-skills@inline]
[9/25/2026, 7:49:32 AM.947] [Info] [MCP][cacheDbg] getConnectedServers() called: nonInteractive=true waitForSettle=false cacheNow=[connector-proxy,weixinpay,sheetagent] allServers=[connector-proxy:connected,weixinpay:connected,sheetagent:connected]
[9/25/2026, 7:49:32 AM.947] [Info] [MCP][cacheDbg] getConnectedServers() returning: [connector-proxy,weixinpay,sheetagent] (size=3)
[9/25/2026, 7:49:32 AM.955] [Info] [CustomModelsProductProvider] productName=WorkBuddy, isWorkBuddy=true, userConfigPath=/Users/didi/.workbuddy/models.json
[9/25/2026, 7:49:32 AM.955] [Info] Loaded custom models config from user: /Users/didi/.workbuddy/models.json
[9/25/2026, 7:49:32 AM.955] [Info] [ModelsProductProvider] enterpriseId: undefined, endpoint: https://copilot.tencent.com
[9/25/2026, 7:49:32 AM.955] [Warning] [ModelsProductProvider] enterpriseId is missing, skipping models API call
[9/25/2026, 7:49:32 AM.955] [Info] [AgentModelResolver] product config input: 54 models, 23 agents
[9/25/2026, 7:49:32 AM.955] [Info] [AgentModelResolver] model ids: auto, fast-model, balanced-model, deep-model, hy3, hy3-b, hy3-c, hy3-x, hy4-preview, hy4-preview-f, minimax-m2.5, glm-5v-turbo, glm-5.3, glm-5.3-flash, glm-5.2, glm-5.1, glm-5.0-turbo, glm-4.6v, kimi-k3-1, kimi-k2.8-preview, kimi-k2.7, kimi-k2.6, kimi-k2.5, kimi-k2-thinking, minimax-m3, minimax-m2.7, glm-4.6, deepseek-v4-flash, deepseek-v4.1-flash, deepseek-v4-pro, deepseek-v3-2-volc, deepseek-v3-1-volc, deepseek-v3-1-lkeap, deepseek-v3-1, deepseek-v3-0324-lkeap, deepseek-r1-0528-lkeap, kimi-k2-instruct-taiji, completion-gf, default-1.1, hunyuan-3b, hunyuan-7b-dense, codewise-completions, codewise-rewrite, codewise-nes-a4-027-aide, codewise-jump, deepseek-r1-0528, deepseek-v3-0324-taco-completion, deepseek-v3-0324, default-1.2, hunyuan-2.0-instruct, hunyuan-chat, hunyuan-image-alpha, hunyuan-image-alpha-edit, custom-local:kimi-k3
[9/25/2026, 7:49:32 AM.955] [Info] [AgentModelResolver] agent "cli" original_models=["auto","hy4-preview-f","hy3","hy3-x","deepseek-v4.1-flash","glm-5.3","glm-5.3-flash","glm-5.2","glm-5.1","glm-5v-turbo","minimax-m3","kimi-k3-1","kimi-k2.8-preview","kimi-k2.7","kimi-k2.6","deepseek-v4-pro"] -> resolved_models=["auto","hy4-preview-f","hy3","hy3-x","deepseek-v4.1-flash","glm-5.3","glm-5.3-flash","glm-5.2","glm-5.1","glm-5v-turbo","minimax-m3","kimi-k3-1","kimi-k2.8-preview","kimi-k2.7","kimi-k2.6","deepseek-v4-pro"]
[9/25/2026, 7:49:32 AM.955] [Info] [AgentModelResolver] agent "general-purpose" original_models=[] -> resolved_models=[]
[9/25/2026, 7:49:32 AM.955] [Info] [AgentModelResolver] agent "compact" original_models=[] -> resolved_models=[]
[9/25/2026, 7:49:32 AM.955] [Info] [AgentModelResolver] agent "contextSummary" original_models=[] -> resolved_models=[]
[9/25/2026, 7:49:32 AM.955] [Info] [AgentModelResolver] agent "contentAnalyzer" original_models=[] -> resolved_models=[]
[9/25/2026, 7:49:32 AM.955] [Info] [AgentModelResolver] agent "terminalTitleGenerator" original_models=[] -> resolved_models=[]
[9/25/2026, 7:49:32 AM.955] [Info] [AgentModelResolver] agent "promptSuggestion" original_models=[] -> resolved_models=[]
[9/25/2026, 7:49:32 AM.955] [Info] [AgentModelResolver] agent "memorySelector" original_models=["lite"] -> resolved_models=["lite"]
[9/25/2026, 7:49:32 AM.955] [Info] [AgentModelResolver] agent "summaryGenerator" original_models=[] -> resolved_models=[]
[9/25/2026, 7:49:32 AM.955] [Info] [AgentModelResolver] agent "autoModeClassifier" original_models=[] -> resolved_models=[]
[9/25/2026, 7:49:32 AM.955] [Info] [AgentModelResolver] agent "promptHookEvaluator" original_models=["lite"] -> resolved_models=["lite"]
[9/25/2026, 7:49:32 AM.955] [Info] [AgentModelResolver] agent "insightsAnalyzer" original_models=[] -> resolved_models=[]
[9/25/2026, 7:49:32 AM.955] [Info] [AgentModelResolver] agent "agentInstructions" original_models=[] -> resolved_models=[]
[9/25/2026, 7:49:32 AM.955] [Info] [AgentModelResolver] agent "statusline-setup" original_models=[] -> resolved_models=[]
[9/25/2026, 7:49:32 AM.955] [Info] [AgentModelResolver] agent "Explore" original_models=["lite"] -> resolved_models=["lite"]
[9/25/2026, 7:49:32 AM.955] [Info] [AgentModelResolver] agent "Plan" original_models=[] -> resolved_models=[]
[9/25/2026, 7:49:32 AM.955] [Info] [AgentModelResolver] agent "pulse" original_models=[] -> resolved_models=[]
[9/25/2026, 7:49:32 AM.955] [Info] [AgentModelResolver] agent "handoff-summary" original_models=undefined -> resolved_models=[]
[9/25/2026, 7:49:32 AM.955] [Info] [AgentModelResolver] agent "enhance-prompt" original_models=[] -> resolved_models=[]
[9/25/2026, 7:49:32 AM.955] [Info] [AgentModelResolver] agent "sheet-agent" original_models=[] -> resolved_models=[]
[9/25/2026, 7:49:32 AM.955] [Info] [AgentModelResolver] agent "doc-converter" original_models=[] -> resolved_models=[]
[9/25/2026, 7:49:32 AM.955] [Info] [AgentModelResolver] agent "doc-formatter" original_models=[] -> resolved_models=[]
[9/25/2026, 7:49:32 AM.955] [Info] [AgentModelResolver] agent "doc-writer" original_models=[] -> resolved_models=[]
[9/25/2026, 7:49:33 AM.016] [Info] [PluginPolicyService]  [MergedPlugins][DEBUG] ProductManager.onDidChange fired, reloading policies...
[9/25/2026, 7:49:33 AM.016] [Info] [PluginPolicyService]  [MergedPlugins][DEBUG] Current config builtInMarketPluginsMerge: [{"autoEnable":true,"marketplaceName":"codebuddy-plugins-official","name":"agent-browser","scope":"user"},{"autoEnable":true,"marketplaceName":"codebuddy-plugins-official","name":"find-skills","scope":"user"}]
[9/25/2026, 7:49:33 AM.016] [Info] [PluginPolicyService]  [MergedPlugins] Loaded 2 merged plugin entries
[9/25/2026, 7:49:33 AM.016] [Info] [Startup] AgentManager.rebuildAgents: START
[9/25/2026, 7:49:33 AM.017] [Info] [Startup] AgentManager.rebuildAgents: completed in 57ms, resolving readyDeferred
[9/25/2026, 7:49:33 AM.017] [Info] [PluginManager]  Checking for built-in marketplaces to install...
[9/25/2026, 7:49:33 AM.017] [Info] [BuiltInMarketplaceProvider]  Found 2 built-in marketplace(s)
[9/25/2026, 7:49:33 AM.017] [Info] [PluginManager]  Found 2 built-in marketplace(s)
[9/25/2026, 7:49:33 AM.021] [Info] [MarketplaceStorage]  [MarketplaceStorage] getMarketplaces ensureConfigFile=0ms readAndRepair=4ms migration=0ms total=4ms count=5 path=/Users/didi/.workbuddy/plugins/known_marketplaces.json
[9/25/2026, 7:49:33 AM.021] [Info] [PluginManager]  All built-in marketplaces are already installed
[9/25/2026, 7:49:33 AM.022] [Info] [MarketplaceStorage]  [MarketplaceStorage] getMarketplaces ensureConfigFile=0ms readAndRepair=1ms migration=0ms total=1ms count=5 path=/Users/didi/.workbuddy/plugins/known_marketplaces.json
[9/25/2026, 7:49:33 AM.022] [Info] [BuiltInMarketplaceProvider]  Found 2 built-in marketplace(s)
[9/25/2026, 7:49:33 AM.024] [Info] [PluginManager]  Loaded 5 marketplaces (2 built-in) total=3ms storage=1ms builtIn=0ms autoUpdate=0ms
[9/25/2026, 7:49:34 AM.961] [Info] [TracingService]  Tracing uses @tencent/galileo-node-sdk global OpenTelemetry provider; @genie OTLP exporter is skipped.
[9/25/2026, 7:49:34 AM.962] [Info] [TracingService]  Tracing config resolved: {"productEnabled":true,"enabledByEnv":false,"endpoint":"https://copilot.tencent.com","galileoEnabled":true}
[9/25/2026, 7:49:40 AM.946] [Info] [GitInfoCollector]  CODEBUDDY_GIT_REPO_SCAN_DISABLED 1
[9/25/2026, 7:49:40 AM.946] [Info] [GitInfoCollector]  Git repository scan is disabled via CODEBUDDY_GIT_REPO_SCAN_DISABLED environment variable
[9/25/2026, 7:49:41 AM.168] [Info] [CloudProductManager]  fetch cloud product success, agents(1): cli, models(53): auto,fast-model,balanced-model,deep-model,hy3,hy3-b,hy3-c,hy3-x,hy4-preview,hy4-preview-f,minimax-m2.5,glm-5v-turbo,glm-5.3,glm-5.3-flash,glm-5.2,glm-5.1,glm-5.0-turbo,glm-4.6v,kimi-k3-1,kimi-k2.8-preview,kimi-k2.7,kimi-k2.6,kimi-k2.5,kimi-k2-thinking,minimax-m3,minimax-m2.7,glm-4.6,deepseek-v4-flash,deepseek-v4.1-flash,deepseek-v4-pro,deepseek-v3-2-volc,deepseek-v3-1-volc,deepseek-v3-1-lkeap,deepseek-v3-1,deepseek-v3-0324-lkeap,deepseek-r1-0528-lkeap,kimi-k2-instruct-taiji,completion-gf,default-1.1,hunyuan-3b,hunyuan-7b-dense,codewise-completions,codewise-rewrite,codewise-nes-a4-027-aide,codewise-jump,deepseek-r1-0528,deepseek-v3-0324-taco-completion,deepseek-v3-0324,default-1.2,hunyuan-2.0-instruct,hunyuan-chat,hunyuan-image-alpha,hunyuan-image-alpha-edit
[9/25/2026, 7:49:41 AM.169] [Info] [CloudProductManager]  Fetched configuration from remote [221ms]
[9/25/2026, 7:49:41 AM.169] [Info] [CloudProductManager] [fdee3d54-95b6-4e9c-aaff-50ad9505aab4]  Fetch remote configuration succeeded after 4 attempt(s)
