Workspace Path: /private/var/folders/f3/2gv0jww54zb8r9tg9bk508s00000ks/T/workbuddy-host-cli/__workbuddy_cli_host__-0-8c8b549b
[9/28/2026, 8:47:40 AM.932] [Info] [pid=4484] [ShellService]  Shell snapshot warmup scheduled in 2000ms
[9/28/2026, 8:47:40 AM.940] [Info] [pid=4484] [PluginPolicyService]  [MergedPlugins][DEBUG] PluginPolicyService @PostConstruct - calling loadPolicies for the first time
[9/28/2026, 8:47:40 AM.940] [Info] [pid=4484] [PluginPolicyService]  [MergedPlugins] Loaded 0 merged plugin entries
[9/28/2026, 8:47:40 AM.940] [Info] [pid=4484] [Startup] McpReadyService: headless mode — initializing MCP config (DYNAMIC scope)
[9/28/2026, 8:47:40 AM.940] [Info] [pid=4484] [Startup] McpManager.setNonInteractiveMode(true)
[9/28/2026, 8:47:40 AM.940] [Info] [pid=4484] [Startup] McpManager: non-interactive projection enabled, calling list()...
[9/28/2026, 8:47:40 AM.940] [Info] [pid=4484] [Startup] McpManager.list: starting (scope=all)
[9/28/2026, 8:47:40 AM.940] [Warning] [pid=4484] [WecomApiClient] Not fully configured for sending. Missing env vars: CODEBUDDY_GATEWAY_WECOM_CORP_ID, CODEBUDDY_GATEWAY_WECOM_CORP_SECRET, CODEBUDDY_GATEWAY_WECOM_AGENT_ID
[9/28/2026, 8:47:40 AM.940] [Warning] [pid=4484] [WecomAdapter] Not configured. Missing env vars: CODEBUDDY_GATEWAY_WECOM_TOKEN, CODEBUDDY_GATEWAY_WECOM_ENCODING_AES_KEY, CODEBUDDY_GATEWAY_WECOM_CORP_ID
[9/28/2026, 8:47:40 AM.940] [Warning] [pid=4484] [WechatKfApiClient] Not fully configured. Missing env vars: CODEBUDDY_GATEWAY_WECHAT_KF_CORP_ID, CODEBUDDY_GATEWAY_WECHAT_KF_CORP_SECRET
[9/28/2026, 8:47:40 AM.940] [Warning] [pid=4484] [WechatKfAdapter] Not configured. Missing env vars: CODEBUDDY_GATEWAY_WECHAT_KF_TOKEN, CODEBUDDY_GATEWAY_WECHAT_KF_ENCODING_AES_KEY, CODEBUDDY_GATEWAY_WECHAT_KF_CORP_ID
[9/28/2026, 8:47:40 AM.940] [Info] [pid=4484] [LSPManager]  LSP Manager initialized
[9/28/2026, 8:47:40 AM.940] [Info] [pid=4484] [AuthenticationManager]  [FirstScreen] [AuthDoInitProbe] stage=enter totalMs=0 sinceLastMs=0
[9/28/2026, 8:47:40 AM.940] [Info] [pid=4484] [RemoteControlLifecycle]  Remote Control module initializing...
[9/28/2026, 8:47:40 AM.940] [Info] [pid=4484] [HotReload] cwd changed to "/private/var/folders/f3/2gv0jww54zb8r9tg9bk508s00000ks/T/workbuddy-host-cli/__workbuddy_cli_host__-0-8c8b549b", rebinding watchers & invalidating project caches
[9/28/2026, 8:47:40 AM.940] [Info] [pid=4484] [SubdirectoryMemoryLoader]  Subdirectory memory cache cleared
[9/28/2026, 8:47:40 AM.940] [Info] [pid=4484] [MCP] config scope=project changed — scheduling desired revision 1
[9/28/2026, 8:47:40 AM.940] [Info] [pid=4484] [MCP] config scope=local changed — scheduling desired revision 2
[9/28/2026, 8:47:40 AM.940] [Info] [pid=4484] [SessionHistoryCleanService]  Session history cleanup service disabled by environment
[9/28/2026, 8:47:40 AM.940] [Info] [pid=4484] [CliSvnCommitWatcher]  [CliSvnCommitWatcher] initialize
[9/28/2026, 8:47:40 AM.940] [Info] [pid=4484] [CliSvnCommitWatcher]  [CliSvnCommitWatcher] code-adoption-rate not enabled at startup; subscribing for late config push
[9/28/2026, 8:47:40 AM.940] [Info] [pid=4484] [CliSettingSourcesProvider]  Setting sources order: user
[9/28/2026, 8:47:40 AM.940] [Info] [pid=4484] [CliSettingSourcesProvider]  Setting sources initialized: user
[9/28/2026, 8:47:40 AM.940] [Info] [pid=4484] [AbTestService]  [warm-up] snapshot loaded, features=142, featuresConfig=6, updatedAt=1790556450553
[9/28/2026, 8:47:40 AM.940] [Info] [pid=4484] [MCP] reconcile revision=0 started (list)
[9/28/2026, 8:47:40 AM.940] [Info] [pid=4484] [Startup] McpConfigManager.list: loading scope=internal
[9/28/2026, 8:47:40 AM.940] [Info] [pid=4484] [LSPManager]  Loaded LSP configurations from all enabled plugins
[9/28/2026, 8:47:40 AM.968] [Info] [pid=4484] [WorkflowMemProbe] installed
[9/28/2026, 8:47:40 AM.968] [Info] [pid=4484] [CliSettingsProvider]  CLI settings initialized: {}
[9/28/2026, 8:47:40 AM.968] [Info] [pid=4484] [AuthenticationManager]  [FirstScreen] [AuthDoInitProbe] stage=afterStartupGate totalMs=6 sinceLastMs=6 hasGate=true
[9/28/2026, 8:47:41 AM.000] [Info] [pid=4484] [ClientProductProvider]  Reading product configuration from /Applications/WorkBuddy.app/Contents/Resources/app.asar.unpacked/cli/product.json
[9/28/2026, 8:47:41 AM.000] [Info] [pid=4484] [ClientProductProvider]  Product configuration loaded and cached successfully
[9/28/2026, 8:47:41 AM.000] [Info] [pid=4484] [Startup] McpConfigManager.list: scope=internal read completed (67ms)
[9/28/2026, 8:47:41 AM.001] [Info] [pid=4484] [Startup] McpConfigManager.list: loading scope=sdk
[9/28/2026, 8:47:41 AM.001] [Info] [pid=4484] [Startup] AgentManager.rebuildAgents: START
[9/28/2026, 8:47:41 AM.001] [Info] [pid=4484] [CliDispatcher]  [CredentialBootstrap] CBC receiver {"eventAtMs":1790556460656,"elapsedMs":50,"route":"sidecar-socket","policy":"fields","readyConfig":"ready","cbcPid":4484,"parentPid":4480,"sessionId":"__workbuddy_cli_host__-0-8c8b549b","runtimeInstanceId":"33789db4-7cf5-467a-90fc-4942ae0710e5","receiverOutcome":"received","runtimeStatus":"ready","wholeFileProtectionReady":true,"listenerStartedAtMs":1790556460607,"connectionAcceptedAtMs":1790556460654,"payloadReceivedAtMs":1790556460655,"ackWrittenAtMs":1790556460656,"configured":true}
[9/28/2026, 8:47:41 AM.001] [Info] [pid=4484] [CliDispatcher]  [ColdStart] cli onStart pid=4484 version=5.6.2
[9/28/2026, 8:47:41 AM.002] [Info] [pid=4484] [CliSettingSourcesProvider]  Setting sources order: user
[9/28/2026, 8:47:41 AM.002] [Info] [pid=4484] [CliSettingSourcesProvider]  Setting sources reloaded: user
[9/28/2026, 8:47:41 AM.002] [Info] [pid=4484] [CliSettingsProvider]  CLI settings reloaded: {}
[9/28/2026, 8:47:41 AM.002] [Info] [pid=4484] [PluginRuntime] refresh started (startup)
[9/28/2026, 8:47:41 AM.002] [Info] [pid=4484] [CliDispatcher]  [Dispatch] entry opts: sessionId=N/A serve=true acp=false permissionMode=N/A model=N/A agent=N/A systemPromptFile=N/A mcpConfig=N/A strictMcpConfig=true settingsLen=N/A allowedTools="N/A" port=0 argv=["/Applications/WorkBuddy.app/Contents/MacOS/Electron","/Applications/WorkBuddy.app/Contents/Resources/app.asar.unpacked/cli/bin/codebuddy","--serve","--no-session-persistence","--setting-sources","user","--strict-mcp-config","--port","0"]
[9/28/2026, 8:47:41 AM.002] [Info] [pid=4484] [CliDispatcher]  stdin is TTY, skipping stdin read
[9/28/2026, 8:47:41 AM.002] [Info] [pid=4484] [Startup] McpConfigManager.list: scope=sdk read completed (2ms)
[9/28/2026, 8:47:41 AM.002] [Info] [pid=4484] [Startup] McpConfigManager.list: loading scope=plugin
[9/28/2026, 8:47:41 AM.002] [Info] [pid=4484] [Startup] McpConfigManager.list: scope=plugin blocked by strict MCP config
[9/28/2026, 8:47:41 AM.002] [Info] [pid=4484] [Startup] McpConfigManager.list: loading scope=user
[9/28/2026, 8:47:41 AM.002] [Info] [pid=4484] [Startup] McpConfigManager.list: scope=user blocked by strict MCP config
[9/28/2026, 8:47:41 AM.002] [Info] [pid=4484] [Startup] McpConfigManager.list: loading scope=project
[9/28/2026, 8:47:41 AM.002] [Info] [pid=4484] [Startup] McpConfigManager.list: scope=project blocked by strict MCP config
[9/28/2026, 8:47:41 AM.002] [Info] [pid=4484] [Startup] McpConfigManager.list: loading scope=local
[9/28/2026, 8:47:41 AM.002] [Info] [pid=4484] [Startup] McpConfigManager.list: scope=local blocked by strict MCP config
[9/28/2026, 8:47:41 AM.002] [Info] [pid=4484] [Startup] McpConfigManager.list: loading scope=dynamic
[9/28/2026, 8:47:41 AM.002] [Info] [pid=4484] [Startup] McpConfigManager.list: scope=dynamic cache hit (0ms)
[9/28/2026, 8:47:41 AM.002] [Info] [pid=4484] [Startup] McpReadyService.resolve: marked resolved
[9/28/2026, 8:47:41 AM.002] [Info] [pid=4484] [MCP] reconcile revision=0 projected (retained=0, pending=0, evicted=0)
[9/28/2026, 8:47:41 AM.002] [Info] [pid=4484] [MCP] reconcile revision=1 started (config:project)
[9/28/2026, 8:47:41 AM.002] [Info] [pid=4484] [Startup] McpConfigManager.list: loading scope=internal
[9/28/2026, 8:47:41 AM.002] [Info] [pid=4484] [Startup] McpConfigManager.list: scope=internal cache hit (0ms)
[9/28/2026, 8:47:41 AM.002] [Info] [pid=4484] [Startup] McpConfigManager.list: loading scope=sdk
[9/28/2026, 8:47:41 AM.002] [Info] [pid=4484] [Startup] McpConfigManager.list: scope=sdk cache hit (0ms)
[9/28/2026, 8:47:41 AM.002] [Info] [pid=4484] [Startup] McpConfigManager.list: loading scope=plugin
[9/28/2026, 8:47:41 AM.002] [Info] [pid=4484] [Startup] McpConfigManager.list: scope=plugin blocked by strict MCP config
[9/28/2026, 8:47:41 AM.002] [Info] [pid=4484] [Startup] McpConfigManager.list: loading scope=user
[9/28/2026, 8:47:41 AM.002] [Info] [pid=4484] [Startup] McpConfigManager.list: scope=user blocked by strict MCP config
[9/28/2026, 8:47:41 AM.002] [Info] [pid=4484] [Startup] McpConfigManager.list: loading scope=project
[9/28/2026, 8:47:41 AM.002] [Info] [pid=4484] [Startup] McpConfigManager.list: scope=project blocked by strict MCP config
[9/28/2026, 8:47:41 AM.002] [Info] [pid=4484] [Startup] McpConfigManager.list: loading scope=local
[9/28/2026, 8:47:41 AM.002] [Info] [pid=4484] [Startup] McpConfigManager.list: scope=local blocked by strict MCP config
[9/28/2026, 8:47:41 AM.002] [Info] [pid=4484] [Startup] McpConfigManager.list: loading scope=dynamic
[9/28/2026, 8:47:41 AM.002] [Info] [pid=4484] [Startup] McpConfigManager.list: scope=dynamic cache hit (0ms)
[9/28/2026, 8:47:41 AM.002] [Info] [pid=4484] [MCP] reconcile revision=1 projected (retained=0, pending=0, evicted=0)
[9/28/2026, 8:47:41 AM.002] [Info] [pid=4484] [MCP] reconcile revision=2 started (config:local)
[9/28/2026, 8:47:41 AM.002] [Info] [pid=4484] [Startup] McpConfigManager.list: loading scope=internal
[9/28/2026, 8:47:41 AM.002] [Info] [pid=4484] [Startup] McpConfigManager.list: scope=internal cache hit (0ms)
[9/28/2026, 8:47:41 AM.002] [Info] [pid=4484] [Startup] McpConfigManager.list: loading scope=sdk
[9/28/2026, 8:47:41 AM.002] [Info] [pid=4484] [Startup] McpConfigManager.list: scope=sdk cache hit (0ms)
[9/28/2026, 8:47:41 AM.002] [Info] [pid=4484] [Startup] McpConfigManager.list: loading scope=plugin
[9/28/2026, 8:47:41 AM.002] [Info] [pid=4484] [Startup] McpConfigManager.list: scope=plugin blocked by strict MCP config
[9/28/2026, 8:47:41 AM.002] [Info] [pid=4484] [Startup] McpConfigManager.list: loading scope=user
[9/28/2026, 8:47:41 AM.002] [Info] [pid=4484] [Startup] McpConfigManager.list: scope=user blocked by strict MCP config
[9/28/2026, 8:47:41 AM.002] [Info] [pid=4484] [Startup] McpConfigManager.list: loading scope=project
[9/28/2026, 8:47:41 AM.002] [Info] [pid=4484] [Startup] McpConfigManager.list: scope=project blocked by strict MCP config
[9/28/2026, 8:47:41 AM.002] [Info] [pid=4484] [Startup] McpConfigManager.list: loading scope=local
[9/28/2026, 8:47:41 AM.002] [Info] [pid=4484] [Startup] McpConfigManager.list: scope=local blocked by strict MCP config
[9/28/2026, 8:47:41 AM.002] [Info] [pid=4484] [Startup] McpConfigManager.list: loading scope=dynamic
[9/28/2026, 8:47:41 AM.002] [Info] [pid=4484] [Startup] McpConfigManager.list: scope=dynamic cache hit (0ms)
[9/28/2026, 8:47:41 AM.002] [Info] [pid=4484] [MCP] reconcile revision=2 projected (retained=0, pending=0, evicted=0)
[9/28/2026, 8:47:41 AM.004] [Info] [pid=4484] [RemoteControlApiClient]  API client initialized
[9/28/2026, 8:47:41 AM.004] [Info] [pid=4484] [RemoteControlMessageHandler]  Message handler initialized
[9/28/2026, 8:47:41 AM.004] [Info] [pid=4484] [CentrifugoClient]  Centrifugo client initialized
[9/28/2026, 8:47:41 AM.004] [Info] [pid=4484] [RemoteControlLifecycle]  Registered 1 long connection client(s): centrifugo:default
[9/28/2026, 8:47:41 AM.004] [Info] [pid=4484] [RemoteControlService]  Remote Control Service created, deferring async initialization...
[9/28/2026, 8:47:41 AM.004] [Info] [pid=4484] [RemoteControlLifecycle]  Remote Control module initialized successfully
[9/28/2026, 8:47:41 AM.006] [Info] [pid=4484] [RemoteControlService]  Initializing Remote Control Service...
[9/28/2026, 8:47:41 AM.021] [Info] [pid=4484] [AuthenticationManager]  [FirstScreen] [AuthDoInitProbe] stage=afterGetStorage totalMs=105 sinceLastMs=99 hasStorage=true
[9/28/2026, 8:47:41 AM.021] [Info] [pid=4484] [AuthenticationManager]  [AuthenticationManager] userId changed: <init> -> <empty>
[9/28/2026, 8:47:41 AM.027] [Info] [pid=4484] [AuthenticationSessionListener] [auth_success: 青石]  认证成功,执行 Notification 钩子:
[9/28/2026, 8:47:41 AM.027] [Info] [pid=4484] [CloudPreProductProvider] remote config became loadable (first login), triggering product sync
[9/28/2026, 8:47:41 AM.027] [Info] [pid=4484] [AuthenticationManager]  [AuthenticationManager] userId changed:  -> fdee3d54-95b6-4e9c-aaff-50ad9505aab4
[9/28/2026, 8:47:41 AM.027] [Info] [pid=4484] [AuthenticationManager]  [FirstScreen] [AuthDoInitProbe] stage=afterRestore totalMs=111 sinceLastMs=6 hasSession=true hasAccessToken=true
[9/28/2026, 8:47:41 AM.027] [Info] [pid=4484] [AuthenticationManager]  [FirstScreen] [AuthDoInitProbe] stage=fastPathBeforeEmit totalMs=111 sinceLastMs=0 uid=fdee3d54-95b6-4e9c-aaff-50ad9505aab4 hasAccessToken=true
[9/28/2026, 8:47:41 AM.027] [Info] [pid=4484] [AuthenticationManager]  [FirstScreen] [AuthDoInitProbe] stage=fastPathAfterEmit totalMs=111 sinceLastMs=0 uid=fdee3d54-95b6-4e9c-aaff-50ad9505aab4 subjectHasValue=true
[9/28/2026, 8:47:41 AM.027] [Info] [pid=4484] [AuthenticationManager]  [FirstScreen] [AuthDoInitProbe] stage=afterSwitchBySession totalMs=111 sinceLastMs=0 switchBySessionEnabled=true
[9/28/2026, 8:47:41 AM.027] [Info] [pid=4484] [AuthenticationManager]  [FirstScreen] [AuthDoInitProbe] stage=resolved totalMs=111 sinceLastMs=0
[9/28/2026, 8:47:41 AM.027] [Info] [pid=4484] [Report Service]  [TelemetryDebug] report code=plugin_status payload={"eventCode":"plugin_status","timestamp":1790556461027,"reportDelay":0,"status":"info","text":"pluginStart","isInterval":false,"timezone":"Asia/Shanghai","qimei36":"80ddd3ad1f2ba295614b10db20001f418307","userId":"fdee3d54-95b6-4e9c-aaff-50ad9505aab4","username":"青石","userNickname":"青石","product":"SaaS","releaseDate":1789997715376,"commit":"37a65c0b33b8e394904eb49e6c218c4cc0601649","os":"darwin","arch":"arm64","osVersion":"24.6.0","cpuModel":"Apple M3 Pro","cpuCores":12,"memorySize":18,"extName":"workbuddy-desktop","extVersion":"5.6.2","ideName":"WorkBuddy","ideType":"WorkBuddy","machineId":"4D6CEDE0-B354-523B-BF1F-9AD4D9EC28D2","sessionId":"cf43c14c-58e5-4510-94a7-6a641f84b49b","ideVersion":"5.6.2"}
[9/28/2026, 8:47:41 AM.042] [Info] [pid=4484] [AgentManager] runtime cli agent view ready: 28 agents (used for registration and Agent tool descriptions)
[9/28/2026, 8:47:41 AM.042] [Info] [pid=4484] [Startup] McpReadyService.waitForServersReady: config projection triggered; network connections continue asynchronously
[9/28/2026, 8:47:41 AM.043] [Info] [pid=4484] [Startup] McpReadyService.waitForServersReady: config projection triggered; network connections continue asynchronously
[9/28/2026, 8:47:41 AM.043] [Info] [pid=4484] [Startup] McpReadyService.waitForServersReady: config projection triggered; network connections continue asynchronously
[9/28/2026, 8:47:41 AM.044] [Info] [pid=4484] [MCP][cacheDbg] getConnectedServers() called: nonInteractive=true waitForSettle=false cacheNow=[] allServers=[]
[9/28/2026, 8:47:41 AM.044] [Info] [pid=4484] [MCP][cacheDbg] getConnectedServers() returning: [] (size=0)
[9/28/2026, 8:47:41 AM.044] [Info] [pid=4484] [Startup] McpReadyService.waitForServersReady: config projection triggered; network connections continue asynchronously
[9/28/2026, 8:47:41 AM.044] [Info] [pid=4484] [Startup] McpReadyService.waitForServersReady: config projection triggered; network connections continue asynchronously
[9/28/2026, 8:47:41 AM.044] [Info] [pid=4484] [Startup] McpManager.list: starting (scope=all)
[9/28/2026, 8:47:41 AM.044] [Info] [pid=4484] [Startup] McpManager.list: starting (scope=all)
[9/28/2026, 8:47:41 AM.044] [Info] [pid=4484] [Startup] McpManager.list: starting (scope=all)
[9/28/2026, 8:47:41 AM.045] [Info] [pid=4484] [Startup] McpReadyService.waitForServersReady: config projection triggered; network connections continue asynchronously
[9/28/2026, 8:47:41 AM.045] [Info] [pid=4484] [Startup] McpReadyService.waitForServersReady: config projection triggered; network connections continue asynchronously
[9/28/2026, 8:47:41 AM.045] [Info] [pid=4484] [Startup] McpReadyService.waitForServersReady: config projection triggered; network connections continue asynchronously
[9/28/2026, 8:47:41 AM.046] [Info] [pid=4484] [Startup] McpReadyService.waitForServersReady: config projection triggered; network connections continue asynchronously
[9/28/2026, 8:47:41 AM.046] [Info] [pid=4484] [Startup] McpManager.list: starting (scope=all)
[9/28/2026, 8:47:41 AM.046] [Info] [pid=4484] [Startup] McpManager.list: starting (scope=all)
[9/28/2026, 8:47:41 AM.046] [Info] [pid=4484] [MCP][cacheDbg] getConnectedServers() called: nonInteractive=true waitForSettle=false cacheNow=[] allServers=[]
[9/28/2026, 8:47:41 AM.046] [Info] [pid=4484] [MCP][cacheDbg] getConnectedServers() returning: [] (size=0)
[9/28/2026, 8:47:41 AM.046] [Info] [pid=4484] [MCP][cacheDbg] getConnectedServers() called: nonInteractive=true waitForSettle=false cacheNow=[] allServers=[]
[9/28/2026, 8:47:41 AM.046] [Info] [pid=4484] [MCP][cacheDbg] getConnectedServers() returning: [] (size=0)
[9/28/2026, 8:47:41 AM.046] [Info] [pid=4484] [MCP][cacheDbg] getConnectedServers() called: nonInteractive=true waitForSettle=false cacheNow=[] allServers=[]
[9/28/2026, 8:47:41 AM.046] [Info] [pid=4484] [MCP][cacheDbg] getConnectedServers() returning: [] (size=0)
[9/28/2026, 8:47:41 AM.046] [Info] [pid=4484] [Startup] McpManager.list: starting (scope=all)
[9/28/2026, 8:47:41 AM.046] [Info] [pid=4484] [Startup] McpManager.list: starting (scope=all)
[9/28/2026, 8:47:41 AM.046] [Info] [pid=4484] [Startup] McpManager.list: starting (scope=all)
[9/28/2026, 8:47:41 AM.046] [Info] [pid=4484] [Startup] McpManager.list: starting (scope=all)
[9/28/2026, 8:47:41 AM.047] [Info] [pid=4484] [MCP][cacheDbg] getConnectedServers() called: nonInteractive=true waitForSettle=false cacheNow=[] allServers=[]
[9/28/2026, 8:47:41 AM.047] [Info] [pid=4484] [MCP][cacheDbg] getConnectedServers() returning: [] (size=0)
[9/28/2026, 8:47:41 AM.047] [Info] [pid=4484] [MCP][cacheDbg] getConnectedServers() called: nonInteractive=true waitForSettle=false cacheNow=[] allServers=[]
[9/28/2026, 8:47:41 AM.047] [Info] [pid=4484] [MCP][cacheDbg] getConnectedServers() returning: [] (size=0)
[9/28/2026, 8:47:41 AM.047] [Info] [pid=4484] [MCP][buildMcpServers] wait breakdown: waitForServersReady=2ms getConnectedServers=1ms
[9/28/2026, 8:47:41 AM.047] [Info] [pid=4484] [MCP][buildMcpServers] connected servers=[] (count=0)
[9/28/2026, 8:47:41 AM.047] [Info] [pid=4484] [MCP][buildMcpServers] wait breakdown: waitForServersReady=2ms getConnectedServers=1ms
[9/28/2026, 8:47:41 AM.047] [Info] [pid=4484] [MCP][buildMcpServers] connected servers=[] (count=0)
[9/28/2026, 8:47:41 AM.048] [Info] [pid=4484] [MCP][buildMcpServers] wait breakdown: waitForServersReady=3ms getConnectedServers=0ms
[9/28/2026, 8:47:41 AM.048] [Info] [pid=4484] [MCP][buildMcpServers] connected servers=[] (count=0)
[9/28/2026, 8:47:41 AM.048] [Info] [pid=4484] [MCP][cacheDbg] getConnectedServers() called: nonInteractive=true waitForSettle=false cacheNow=[] allServers=[]
[9/28/2026, 8:47:41 AM.049] [Info] [pid=4484] [MCP][cacheDbg] getConnectedServers() returning: [] (size=0)
[9/28/2026, 8:47:41 AM.049] [Info] [pid=4484] [MCP][cacheDbg] getConnectedServers() called: nonInteractive=true waitForSettle=false cacheNow=[] allServers=[]
[9/28/2026, 8:47:41 AM.049] [Info] [pid=4484] [MCP][cacheDbg] getConnectedServers() returning: [] (size=0)
[9/28/2026, 8:47:41 AM.049] [Info] [pid=4484] [MCP][cacheDbg] getConnectedServers() called: nonInteractive=true waitForSettle=false cacheNow=[] allServers=[]
[9/28/2026, 8:47:41 AM.049] [Info] [pid=4484] [MCP][cacheDbg] getConnectedServers() returning: [] (size=0)
[9/28/2026, 8:47:41 AM.049] [Info] [pid=4484] [MCP][cacheDbg] getConnectedServers() called: nonInteractive=true waitForSettle=false cacheNow=[] allServers=[]
[9/28/2026, 8:47:41 AM.049] [Info] [pid=4484] [MCP][cacheDbg] getConnectedServers() returning: [] (size=0)
[9/28/2026, 8:47:41 AM.049] [Info] [pid=4484] [MCP][buildMcpServers] wait breakdown: waitForServersReady=2ms getConnectedServers=0ms
[9/28/2026, 8:47:41 AM.049] [Info] [pid=4484] [MCP][buildMcpServers] connected servers=[] (count=0)
[9/28/2026, 8:47:41 AM.049] [Info] [pid=4484] [MCP][buildMcpServers] wait breakdown: waitForServersReady=2ms getConnectedServers=0ms
[9/28/2026, 8:47:41 AM.049] [Info] [pid=4484] [MCP][buildMcpServers] connected servers=[] (count=0)
[9/28/2026, 8:47:41 AM.049] [Info] [pid=4484] [MCP][buildMcpServers] wait breakdown: waitForServersReady=1ms getConnectedServers=2ms
[9/28/2026, 8:47:41 AM.049] [Info] [pid=4484] [MCP][buildMcpServers] connected servers=[] (count=0)
[9/28/2026, 8:47:41 AM.049] [Info] [pid=4484] [MCP][buildMcpServers] wait breakdown: waitForServersReady=1ms getConnectedServers=2ms
[9/28/2026, 8:47:41 AM.049] [Info] [pid=4484] [MCP][buildMcpServers] connected servers=[] (count=0)
[9/28/2026, 8:47:41 AM.049] [Info] [pid=4484] [MCP][buildMcpServers] wait breakdown: waitForServersReady=1ms getConnectedServers=2ms
[9/28/2026, 8:47:41 AM.049] [Info] [pid=4484] [MCP][buildMcpServers] connected servers=[] (count=0)
[9/28/2026, 8:47:41 AM.049] [Info] [pid=4484] [MCP][buildMcpServers] wait breakdown: waitForServersReady=1ms getConnectedServers=2ms
[9/28/2026, 8:47:41 AM.049] [Info] [pid=4484] [MCP][buildMcpServers] connected servers=[] (count=0)
[9/28/2026, 8:47:41 AM.051] [Info] [pid=4484] [Startup] McpManager.list: starting (scope=all)
[9/28/2026, 8:47:41 AM.052] [Info] [pid=4484] [MCP][registerAgent] agent=contextSummary mcpServers=[] (count=0) grantMcpAccess=false
[9/28/2026, 8:47:41 AM.052] [Info] [pid=4484] [MCP][registerAgent] agent=contentAnalyzer mcpServers=[] (count=0) grantMcpAccess=false
[9/28/2026, 8:47:41 AM.052] [Info] [pid=4484] [MCP][registerAgent] agent=terminalTitleGenerator mcpServers=[] (count=0) grantMcpAccess=false
[9/28/2026, 8:47:41 AM.052] [Info] [pid=4484] [MCP][registerAgent] agent=promptSuggestion mcpServers=[] (count=0) grantMcpAccess=false
[9/28/2026, 8:47:41 AM.052] [Info] [pid=4484] [MCP][registerAgent] agent=memorySelector mcpServers=[] (count=0) grantMcpAccess=false
[9/28/2026, 8:47:41 AM.052] [Info] [pid=4484] [MCP][registerAgent] agent=summaryGenerator mcpServers=[] (count=0) grantMcpAccess=false
[9/28/2026, 8:47:41 AM.052] [Info] [pid=4484] [MCP][registerAgent] agent=autoModeClassifier mcpServers=[] (count=0) grantMcpAccess=false
[9/28/2026, 8:47:41 AM.052] [Info] [pid=4484] [MCP][registerAgent] agent=promptHookEvaluator mcpServers=[] (count=0) grantMcpAccess=false
[9/28/2026, 8:47:41 AM.052] [Info] [pid=4484] [MCP][registerAgent] agent=insightsAnalyzer mcpServers=[] (count=0) grantMcpAccess=false
[9/28/2026, 8:47:41 AM.052] [Info] [pid=4484] [MCP][registerAgent] agent=agentInstructions mcpServers=[] (count=0) grantMcpAccess=false
[9/28/2026, 8:47:41 AM.057] [Info] [pid=4484] [MCP][cacheDbg] getConnectedServers() called: nonInteractive=true waitForSettle=false cacheNow=[] allServers=[]
[9/28/2026, 8:47:41 AM.057] [Info] [pid=4484] [MCP][cacheDbg] getConnectedServers() returning: [] (size=0)
[9/28/2026, 8:47:41 AM.058] [Info] [pid=4484] [McpResourceCatalog] resource capability: declared=[] knownFromCache=[] connected=0 -> enabled=false
[9/28/2026, 8:47:41 AM.058] [Info] [pid=4484] [MCP][cacheDbg] getConnectedServers() called: nonInteractive=true waitForSettle=false cacheNow=[] allServers=[]
[9/28/2026, 8:47:41 AM.058] [Info] [pid=4484] [MCP][cacheDbg] getConnectedServers() returning: [] (size=0)
[9/28/2026, 8:47:41 AM.058] [Info] [pid=4484] [McpResourceCatalog] resource capability: declared=[] knownFromCache=[] connected=0 -> enabled=false
[9/28/2026, 8:47:41 AM.058] [Info] [pid=4484] [SkillManageTool.isEnabled] ProductFeature.SkillManage=false, enabled=false, allFeatures={"GenerateCommitMessage":true,"InlineCompletions":true,"InlineChat":false,"CursorPositonPrefetching":true,"CompletionsPrefetching":true,"CompletionsResultFusion":true,"MultiFileWithPromptParam":false,"MultiFileWithSeparateParams":false,"CRLFCompatible":true,"TrimByIndentation":true,"MultiStepCompletions":false,"RemoveBelowExist":true,"CompletionsRelatedSnippets":true,"StatusBar":false,"CodeAction":true,"FloatShortcut":true,"CodeLens":true,"UseDefaultModelIfCurrentNotInList":false,"Mcp":true,"McpMarket":true,"MemoryManagement":true,"McpInstallationGuide":true,"SelectImage":true,"Aegis":false,"ProposalAPI":false,"NESNativeRenderer":false,"SwitchBySession":true,"AutoMode":true,"Billing":true,"InternationalLogin":true,"NesCompletions":false,"NesDocumentActiveChangeTrigger":false,"NesCompletionsPrefetching":true,"NESPrefetchingAfterEmptyCompletion":true,"TriggerNESAfterCompletionHasBeenAccepted":true,"NesRepeatFilter":false,"NesRepeatFilterV2":true,"NesRangeFix":false,"NesCompletionsJumpToHere":true,"ImportMetadataForCompletions":true,"CBChatUI":true,"CompletionItemsForCompletions":true,"WebFetch":true,"SummaryWebFetch":true,"WebSearch":true,"DynamicAddWebSearch":true,"Task":true,"EnhancedCompletionRequest":false,"ReportAfterCancel":false,"RequestBodyGzip":true,"StandaloneTerminal":true,"Skills":true,"SkillSecurityScan":true,"SelectComponent":true,"UIComponentLibrary":true,"CustomModelsJSON":true,"ImageGen":true,"FileDiffHistory":false,"Inspiration":false,"Connector":true,"Agents":true,"BillingNotice":false,"CloudAgentsSmartMerge":true,"CustomModelIdPrefix":true,"DeferToolLoading":true,"ImageEdit":false,"VideoGen":true,"ScheduledTasks":true,"SkillManage":false,"SkipToolCallSupportCheck":false,"EnableEnterpriseCustomModelPolicy":true,"EnableEnterpriseSkillUploadPolicy":true,"WeixinPayInterception":true,"HomePracticeCases":false,"EnableClientMenuInAppNavigation":false,"ShareLink":true,"Artifact":true,"BrowserUse":false,"ComputerUse":false,"BeforeConversationRecommend":false,"PerfMetrics":true,"SkillRecommend":true,"ProjectLocalTask":true,"DisableCloudSkillSync":true,"DisableCloudExpertSync":true,"CrashReportToggle":true,"MessageQueueDeferredDispatch":true,"NetworkFailover":true,"Sandbox":true,"SandboxFileVersionManagement":false,"KnowledgeBase":true,"TencentDocsKnowledge":true,"TencentPptxBuiltinDefaultEnabled":true,"SystemProxyDetection":true,"TencentLexiangKnowledge":true,"ImaKnowledge":true,"TencentNetDriveKnowledge":true,"ContextSummaryAgent":true,"enablePreMessageCompact":true,"HtmlPreviewShare":true,"EnableArdot":true,"EnableSecurityCenter":true,"DisableIdentityCustomization":true,"AllowIdentityNameEdit":true,"EnableAutoModelTiers":true,"DisableShareFeature":false,"DisablePublishedApps":false,"DisableArchivedTasks":false,"DisableCheckin":false,"DisableActivityBanner":false,"EnableAppearance":true,"DisableCreditsEntry":false,"DisableCreditPurchaseGuide":false,"DisableVoiceInput":false,"EnableWecomAibotCustomWsUrl":true,"ChannelSlack":false,"ChannelTelegram":false,"ChannelDiscord":false,"ChannelWechatKf":true,"DisableYuanbaoChannel":true,"EnableEnterpriseLicenseCheck":true,"EnableClawChannelControl":true,"PoiMap":false,"QuickQa":false,"ShowAboutQRCodes":true,"AgentMail":true,"ChatPromptFrictionAnalysis":true,"CodeAdoptionRate":false,"Codebase":false,"DesktopCloudTaskEntry":true,"DisableHtmlStreamUIShow":true,"EnableMobileConnectV2":true,"EnableWechatShareFile":false,"ExploreFeature":false,"HomePlaybooks":true,"MaxMode":true,"Space":true,"TencentDesignX":true,"TencentDocsAiEdit":true,"TencentDocsAiEditEnterprise":true,"TodoAssistantDelegate":false,"WebBrowserFetch":true}
[9/28/2026, 8:47:41 AM.059] [Info] [pid=4484] [MCP][cacheDbg] getConnectedServers() called: nonInteractive=true waitForSettle=false cacheNow=[] allServers=[]
[9/28/2026, 8:47:41 AM.059] [Info] [pid=4484] [MCP][cacheDbg] getConnectedServers() returning: [] (size=0)
[9/28/2026, 8:47:41 AM.060] [Info] [pid=4484] [SettingsEndpointProductProvider] resolved endpoint=<unset> env=internal settingScopes=user | settings: enterpriseEndpoint=<unset> endpoint=<unset> envRouteMode=<unset>
[9/28/2026, 8:47:41 AM.063] [Info] [pid=4484] [ClientInternetEnviromentProductProvider]  Reading product configuration from /Applications/WorkBuddy.app/Contents/Resources/app.asar.unpacked/cli/product.internal.json
[9/28/2026, 8:47:41 AM.063] [Info] [pid=4484] [ClientInternetEnviromentProductProvider]  Product configuration for environment 'internal' loaded and cached successfully
[9/28/2026, 8:47:41 AM.073] [Info] [pid=4484] [GitInfoCollector]  CODEBUDDY_GIT_REPO_SCAN_DISABLED 1
[9/28/2026, 8:47:41 AM.073] [Info] [pid=4484] [GitInfoCollector]  Git repository scan is disabled via CODEBUDDY_GIT_REPO_SCAN_DISABLED environment variable
[9/28/2026, 8:47:41 AM.080] [Info] [pid=4484] [RemoteControlService]  Remote Control baseUrl resolution: ENV_REMOTE_CONTROL_BASE_URL=(not set), SETTINGS_REMOTE_CONTROL_BASE_URL=(not set), ENV_CODEBUDDY_BASE_URL=(not set), DEFAULT=https://tencent.sso.codebuddy.cn/v2, finalBaseUrl=https://tencent.sso.codebuddy.cn/v2
[9/28/2026, 8:47:41 AM.080] [Info] [pid=4484] [RemoteControlService]  Generated hostId: cc96c738-d53b-406c-a0c8-a0b5f4d65789
[9/28/2026, 8:47:41 AM.080] [Info] [pid=4484] [RemoteControlApiClient]  Config set, baseUrl: https://tencent.sso.codebuddy.cn/v2
[9/28/2026, 8:47:41 AM.080] [Info] [pid=4484] [RemoteControlService]  Initialized, enabled: true, hostId: cc96c738-d53b-406c-a0c8-a0b5f4d65789
[9/28/2026, 8:47:41 AM.080] [Info] [pid=4484] [RemoteControlService]  User logged in, starting remote control service...
[9/28/2026, 8:47:41 AM.080] [Info] [pid=4484] [RemoteControlService]  Starting remote control service...
[9/28/2026, 8:47:41 AM.080] [Info] [pid=4484] [RemoteControlService]  Remote control service started
[9/28/2026, 8:47:41 AM.081] [Info] [pid=4484] [HotReload] Watching 3 paths for changes
[9/28/2026, 8:47:41 AM.101] [Info] [pid=4484] [PTY Service] WebSocket server initialized on HTTP upgrade
[9/28/2026, 8:47:41 AM.101] [Info] [pid=4484] [ACP Server] HTTP Server ready, auto-starting streamable-http mode
[9/28/2026, 8:47:41 AM.102] [Info] [pid=4484] [GatewayAuth]  Auth enabled (mode: password)
[9/28/2026, 8:47:41 AM.102] [Info] [pid=4484] [GatewayCors]  CORS allowed origins: [http://127.0.0.1:64276, http://localhost:64276, http://[::1]:64276]
[9/28/2026, 8:47:41 AM.103] [Info] [pid=4484] [AcpConnectionGuard]  Setup complete: maxConnections=32, tokenTtlMs=86400000
[9/28/2026, 8:47:41 AM.106] [Info] [pid=4484] [WorkerRegistryLifecycle]  Worker registered with endpoint: http://127.0.0.1:64276
[9/28/2026, 8:47:41 AM.114] [Info] [pid=4484] starting GET /api/v1/health
[9/28/2026, 8:47:41 AM.119] [Info] [pid=4484] ending GET /api/v1/health [6ms]
[9/28/2026, 8:47:41 AM.122] [Info] [pid=4484] starting POST /internal/config/get
[9/28/2026, 8:47:41 AM.125] [Info] [pid=4484] ending POST /internal/config/get [4ms]
[9/28/2026, 8:47:41 AM.131] [Info] [pid=4484] [AtRestEncryption] recovered adapter=credential-fields resource=settings/user operation=read
[9/28/2026, 8:47:41 AM.131] [Info] [pid=4484] [PluginManager]  Loaded 8 installed Plugins from the installed registry in 129ms
[9/28/2026, 8:47:41 AM.131] [Info] [pid=4484] [PluginManager]  [PluginManager] doInit done total=129ms management=enabled loadInstalledPlugins=129ms
[9/28/2026, 8:47:41 AM.133] [Info] [pid=4484] [MemoryLoader]  No memory rules loaded
[9/28/2026, 8:47:41 AM.155] [Info] [pid=4484] [MCP][cacheDbg] getConnectedServers() called: nonInteractive=true waitForSettle=false cacheNow=[] allServers=[]
[9/28/2026, 8:47:41 AM.155] [Info] [pid=4484] [MCP][cacheDbg] getConnectedServers() returning: [] (size=0)
[9/28/2026, 8:47:41 AM.155] [Info] [pid=4484] [MCP][cacheDbg] getConnectedServers() called: nonInteractive=true waitForSettle=false cacheNow=[] allServers=[]
[9/28/2026, 8:47:41 AM.155] [Info] [pid=4484] [MCP][cacheDbg] getConnectedServers() returning: [] (size=0)
[9/28/2026, 8:47:41 AM.155] [Info] [pid=4484] [MCP][cacheDbg] getConnectedServers() called: nonInteractive=true waitForSettle=false cacheNow=[] allServers=[]
[9/28/2026, 8:47:41 AM.155] [Info] [pid=4484] [MCP][cacheDbg] getConnectedServers() returning: [] (size=0)
[9/28/2026, 8:47:41 AM.155] [Info] [pid=4484] [MCP][cacheDbg] getConnectedServers() called: nonInteractive=true waitForSettle=false cacheNow=[] allServers=[]
[9/28/2026, 8:47:41 AM.155] [Info] [pid=4484] [MCP][cacheDbg] getConnectedServers() returning: [] (size=0)
[9/28/2026, 8:47:41 AM.155] [Info] [pid=4484] [MCP][cacheDbg] getConnectedServers() called: nonInteractive=true waitForSettle=false cacheNow=[] allServers=[]
[9/28/2026, 8:47:41 AM.155] [Info] [pid=4484] [MCP][cacheDbg] getConnectedServers() returning: [] (size=0)
[9/28/2026, 8:47:41 AM.155] [Info] [pid=4484] [MCP][cacheDbg] getConnectedServers() called: nonInteractive=true waitForSettle=false cacheNow=[] allServers=[]
[9/28/2026, 8:47:41 AM.155] [Info] [pid=4484] [MCP][cacheDbg] getConnectedServers() returning: [] (size=0)
[9/28/2026, 8:47:41 AM.155] [Info] [pid=4484] [MCP][cacheDbg] getConnectedServers() called: nonInteractive=true waitForSettle=false cacheNow=[] allServers=[]
[9/28/2026, 8:47:41 AM.155] [Info] [pid=4484] [MCP][cacheDbg] getConnectedServers() returning: [] (size=0)
[9/28/2026, 8:47:41 AM.155] [Info] [pid=4484] [MCP][cacheDbg] getConnectedServers() called: nonInteractive=true waitForSettle=false cacheNow=[] allServers=[]
[9/28/2026, 8:47:41 AM.155] [Info] [pid=4484] [MCP][cacheDbg] getConnectedServers() returning: [] (size=0)
[9/28/2026, 8:47:41 AM.155] [Info] [pid=4484] [MCP][cacheDbg] getConnectedServers() called: nonInteractive=true waitForSettle=false cacheNow=[] allServers=[]
[9/28/2026, 8:47:41 AM.155] [Info] [pid=4484] [MCP][cacheDbg] getConnectedServers() returning: [] (size=0)
[9/28/2026, 8:47:41 AM.155] [Info] [pid=4484] [MCP][cacheDbg] getConnectedServers() called: nonInteractive=true waitForSettle=false cacheNow=[] allServers=[]
[9/28/2026, 8:47:41 AM.155] [Info] [pid=4484] [MCP][cacheDbg] getConnectedServers() returning: [] (size=0)
[9/28/2026, 8:47:41 AM.155] [Info] [pid=4484] [MCP][cacheDbg] getConnectedServers() called: nonInteractive=true waitForSettle=false cacheNow=[] allServers=[]
[9/28/2026, 8:47:41 AM.155] [Info] [pid=4484] [MCP][cacheDbg] getConnectedServers() returning: [] (size=0)
[9/28/2026, 8:47:41 AM.155] [Info] [pid=4484] [MCP][cacheDbg] getConnectedServers() called: nonInteractive=true waitForSettle=false cacheNow=[] allServers=[]
[9/28/2026, 8:47:41 AM.155] [Info] [pid=4484] [MCP][cacheDbg] getConnectedServers() returning: [] (size=0)
[9/28/2026, 8:47:41 AM.155] [Info] [pid=4484] [MCP][cacheDbg] getConnectedServers() called: nonInteractive=true waitForSettle=false cacheNow=[] allServers=[]
[9/28/2026, 8:47:41 AM.155] [Info] [pid=4484] [MCP][cacheDbg] getConnectedServers() returning: [] (size=0)
[9/28/2026, 8:47:41 AM.155] [Info] [pid=4484] [MCP][cacheDbg] getConnectedServers() called: nonInteractive=true waitForSettle=false cacheNow=[] allServers=[]
[9/28/2026, 8:47:41 AM.155] [Info] [pid=4484] [MCP][cacheDbg] getConnectedServers() returning: [] (size=0)
[9/28/2026, 8:47:41 AM.156] [Info] [pid=4484] [McpResourceCatalog] resource capability: declared=[] knownFromCache=[] connected=0 -> enabled=false
[9/28/2026, 8:47:41 AM.156] [Info] [pid=4484] [McpResourceCatalog] resource capability: declared=[] knownFromCache=[] connected=0 -> enabled=false
[9/28/2026, 8:47:41 AM.156] [Info] [pid=4484] [McpResourceCatalog] resource capability: declared=[] knownFromCache=[] connected=0 -> enabled=false
[9/28/2026, 8:47:41 AM.156] [Info] [pid=4484] [McpResourceCatalog] resource capability: declared=[] knownFromCache=[] connected=0 -> enabled=false
[9/28/2026, 8:47:41 AM.156] [Info] [pid=4484] [McpResourceCatalog] resource capability: declared=[] knownFromCache=[] connected=0 -> enabled=false
[9/28/2026, 8:47:41 AM.156] [Info] [pid=4484] [McpResourceCatalog] resource capability: declared=[] knownFromCache=[] connected=0 -> enabled=false
[9/28/2026, 8:47:41 AM.156] [Info] [pid=4484] [McpResourceCatalog] resource capability: declared=[] knownFromCache=[] connected=0 -> enabled=false
[9/28/2026, 8:47:41 AM.156] [Info] [pid=4484] [McpResourceCatalog] resource capability: declared=[] knownFromCache=[] connected=0 -> enabled=false
[9/28/2026, 8:47:41 AM.156] [Info] [pid=4484] [McpResourceCatalog] resource capability: declared=[] knownFromCache=[] connected=0 -> enabled=false
[9/28/2026, 8:47:41 AM.156] [Info] [pid=4484] [McpResourceCatalog] resource capability: declared=[] knownFromCache=[] connected=0 -> enabled=false
[9/28/2026, 8:47:41 AM.156] [Info] [pid=4484] [McpResourceCatalog] resource capability: declared=[] knownFromCache=[] connected=0 -> enabled=false
[9/28/2026, 8:47:41 AM.156] [Info] [pid=4484] [McpResourceCatalog] resource capability: declared=[] knownFromCache=[] connected=0 -> enabled=false
[9/28/2026, 8:47:41 AM.156] [Info] [pid=4484] [McpResourceCatalog] resource capability: declared=[] knownFromCache=[] connected=0 -> enabled=false
[9/28/2026, 8:47:41 AM.156] [Info] [pid=4484] [McpResourceCatalog] resource capability: declared=[] knownFromCache=[] connected=0 -> enabled=false
[9/28/2026, 8:47:41 AM.156] [Info] [pid=4484] [DeferredToolBridge] registered globalThis.__codebuddyResolveDeferredTool
[9/28/2026, 8:47:41 AM.156] [Info] [pid=4484] [Startup] McpConfigManager.list: loading scope=internal
[9/28/2026, 8:47:41 AM.156] [Info] [pid=4484] [Startup] McpConfigManager.list: scope=internal cache hit (0ms)
[9/28/2026, 8:47:41 AM.156] [Info] [pid=4484] [Startup] McpConfigManager.list: loading scope=internal
[9/28/2026, 8:47:41 AM.156] [Info] [pid=4484] [Startup] McpConfigManager.list: scope=internal cache hit (0ms)
[9/28/2026, 8:47:41 AM.156] [Info] [pid=4484] [Startup] McpConfigManager.list: loading scope=internal
[9/28/2026, 8:47:41 AM.156] [Info] [pid=4484] [Startup] McpConfigManager.list: scope=internal cache hit (0ms)
[9/28/2026, 8:47:41 AM.156] [Info] [pid=4484] [SkillManageTool.isEnabled] ProductFeature.SkillManage=false, enabled=false, allFeatures={"GenerateCommitMessage":true,"InlineCompletions":true,"InlineChat":false,"CursorPositonPrefetching":true,"CompletionsPrefetching":true,"CompletionsResultFusion":true,"MultiFileWithPromptParam":false,"MultiFileWithSeparateParams":false,"CRLFCompatible":true,"TrimByIndentation":true,"MultiStepCompletions":false,"RemoveBelowExist":true,"CompletionsRelatedSnippets":true,"StatusBar":false,"CodeAction":true,"FloatShortcut":true,"CodeLens":true,"UseDefaultModelIfCurrentNotInList":false,"Mcp":true,"McpMarket":true,"MemoryManagement":true,"McpInstallationGuide":true,"SelectImage":true,"Aegis":false,"ProposalAPI":false,"NESNativeRenderer":false,"SwitchBySession":true,"AutoMode":true,"Billing":true,"InternationalLogin":true,"NesCompletions":false,"NesDocumentActiveChangeTrigger":false,"NesCompletionsPrefetching":true,"NESPrefetchingAfterEmptyCompletion":true,"TriggerNESAfterCompletionHasBeenAccepted":true,"NesRepeatFilter":false,"NesRepeatFilterV2":true,"NesRangeFix":false,"NesCompletionsJumpToHere":true,"ImportMetadataForCompletions":true,"CBChatUI":true,"CompletionItemsForCompletions":true,"WebFetch":true,"SummaryWebFetch":true,"WebSearch":true,"DynamicAddWebSearch":true,"Task":true,"EnhancedCompletionRequest":false,"ReportAfterCancel":false,"RequestBodyGzip":true,"StandaloneTerminal":true,"Skills":true,"SkillSecurityScan":true,"SelectComponent":true,"UIComponentLibrary":true,"CustomModelsJSON":true,"ImageGen":true,"FileDiffHistory":false,"Inspiration":false,"Connector":true,"Agents":true,"BillingNotice":false,"CloudAgentsSmartMerge":true,"CustomModelIdPrefix":true,"DeferToolLoading":true,"ImageEdit":false,"VideoGen":true,"ScheduledTasks":true,"SkillManage":false,"SkipToolCallSupportCheck":false,"EnableEnterpriseCustomModelPolicy":true,"EnableEnterpriseSkillUploadPolicy":true,"WeixinPayInterception":true,"HomePracticeCases":false,"EnableClientMenuInAppNavigation":false,"ShareLink":true,"Artifact":true,"BrowserUse":false,"ComputerUse":false,"BeforeConversationRecommend":false,"PerfMetrics":true,"SkillRecommend":true,"ProjectLocalTask":true,"DisableCloudSkillSync":true,"DisableCloudExpertSync":true,"CrashReportToggle":true,"MessageQueueDeferredDispatch":true,"NetworkFailover":true,"Sandbox":true,"SandboxFileVersionManagement":false,"KnowledgeBase":true,"TencentDocsKnowledge":true,"TencentPptxBuiltinDefaultEnabled":true,"SystemProxyDetection":true,"TencentLexiangKnowledge":true,"ImaKnowledge":true,"TencentNetDriveKnowledge":true,"ContextSummaryAgent":true,"enablePreMessageCompact":true,"HtmlPreviewShare":true,"EnableArdot":true,"EnableSecurityCenter":true,"DisableIdentityCustomization":true,"AllowIdentityNameEdit":true,"EnableAutoModelTiers":true,"DisableShareFeature":false,"DisablePublishedApps":false,"DisableArchivedTasks":false,"DisableCheckin":false,"DisableActivityBanner":false,"EnableAppearance":true,"DisableCreditsEntry":false,"DisableCreditPurchaseGuide":false,"DisableVoiceInput":false,"EnableWecomAibotCustomWsUrl":true,"ChannelSlack":false,"ChannelTelegram":false,"ChannelDiscord":false,"ChannelWechatKf":true,"DisableYuanbaoChannel":true,"EnableEnterpriseLicenseCheck":true,"EnableClawChannelControl":true,"PoiMap":false,"QuickQa":false,"ShowAboutQRCodes":true,"AgentMail":true,"ChatPromptFrictionAnalysis":true,"CodeAdoptionRate":false,"Codebase":false,"DesktopCloudTaskEntry":true,"DisableHtmlStreamUIShow":true,"EnableMobileConnectV2":true,"EnableWechatShareFile":false,"ExploreFeature":false,"HomePlaybooks":true,"MaxMode":true,"Space":true,"TencentDesignX":true,"TencentDocsAiEdit":true,"TencentDocsAiEditEnterprise":true,"TodoAssistantDelegate":false,"WebBrowserFetch":true}
[9/28/2026, 8:47:41 AM.156] [Info] [pid=4484] [SkillManageTool.isEnabled] ProductFeature.SkillManage=false, enabled=false, allFeatures={"GenerateCommitMessage":true,"InlineCompletions":true,"InlineChat":false,"CursorPositonPrefetching":true,"CompletionsPrefetching":true,"CompletionsResultFusion":true,"MultiFileWithPromptParam":false,"MultiFileWithSeparateParams":false,"CRLFCompatible":true,"TrimByIndentation":true,"MultiStepCompletions":false,"RemoveBelowExist":true,"CompletionsRelatedSnippets":true,"StatusBar":false,"CodeAction":true,"FloatShortcut":true,"CodeLens":true,"UseDefaultModelIfCurrentNotInList":false,"Mcp":true,"McpMarket":true,"MemoryManagement":true,"McpInstallationGuide":true,"SelectImage":true,"Aegis":false,"ProposalAPI":false,"NESNativeRenderer":false,"SwitchBySession":true,"AutoMode":true,"Billing":true,"InternationalLogin":true,"NesCompletions":false,"NesDocumentActiveChangeTrigger":false,"NesCompletionsPrefetching":true,"NESPrefetchingAfterEmptyCompletion":true,"TriggerNESAfterCompletionHasBeenAccepted":true,"NesRepeatFilter":false,"NesRepeatFilterV2":true,"NesRangeFix":false,"NesCompletionsJumpToHere":true,"ImportMetadataForCompletions":true,"CBChatUI":true,"CompletionItemsForCompletions":true,"WebFetch":true,"SummaryWebFetch":true,"WebSearch":true,"DynamicAddWebSearch":true,"Task":true,"EnhancedCompletionRequest":false,"ReportAfterCancel":false,"RequestBodyGzip":true,"StandaloneTerminal":true,"Skills":true,"SkillSecurityScan":true,"SelectComponent":true,"UIComponentLibrary":true,"CustomModelsJSON":true,"ImageGen":true,"FileDiffHistory":false,"Inspiration":false,"Connector":true,"Agents":true,"BillingNotice":false,"CloudAgentsSmartMerge":true,"CustomModelIdPrefix":true,"DeferToolLoading":true,"ImageEdit":false,"VideoGen":true,"ScheduledTasks":true,"SkillManage":false,"SkipToolCallSupportCheck":false,"EnableEnterpriseCustomModelPolicy":true,"EnableEnterpriseSkillUploadPolicy":true,"WeixinPayInterception":true,"HomePracticeCases":false,"EnableClientMenuInAppNavigation":false,"ShareLink":true,"Artifact":true,"BrowserUse":false,"ComputerUse":false,"BeforeConversationRecommend":false,"PerfMetrics":true,"SkillRecommend":true,"ProjectLocalTask":true,"DisableCloudSkillSync":true,"DisableCloudExpertSync":true,"CrashReportToggle":true,"MessageQueueDeferredDispatch":true,"NetworkFailover":true,"Sandbox":true,"SandboxFileVersionManagement":false,"KnowledgeBase":true,"TencentDocsKnowledge":true,"TencentPptxBuiltinDefaultEnabled":true,"SystemProxyDetection":true,"TencentLexiangKnowledge":true,"ImaKnowledge":true,"TencentNetDriveKnowledge":true,"ContextSummaryAgent":true,"enablePreMessageCompact":true,"HtmlPreviewShare":true,"EnableArdot":true,"EnableSecurityCenter":true,"DisableIdentityCustomization":true,"AllowIdentityNameEdit":true,"EnableAutoModelTiers":true,"DisableShareFeature":false,"DisablePublishedApps":false,"DisableArchivedTasks":false,"DisableCheckin":false,"DisableActivityBanner":false,"EnableAppearance":true,"DisableCreditsEntry":false,"DisableCreditPurchaseGuide":false,"DisableVoiceInput":false,"EnableWecomAibotCustomWsUrl":true,"ChannelSlack":false,"ChannelTelegram":false,"ChannelDiscord":false,"ChannelWechatKf":true,"DisableYuanbaoChannel":true,"EnableEnterpriseLicenseCheck":true,"EnableClawChannelControl":true,"PoiMap":false,"QuickQa":false,"ShowAboutQRCodes":true,"AgentMail":true,"ChatPromptFrictionAnalysis":true,"CodeAdoptionRate":false,"Codebase":false,"DesktopCloudTaskEntry":true,"DisableHtmlStreamUIShow":true,"EnableMobileConnectV2":true,"EnableWechatShareFile":false,"ExploreFeature":false,"HomePlaybooks":true,"MaxMode":true,"Space":true,"TencentDesignX":true,"TencentDocsAiEdit":true,"TencentDocsAiEditEnterprise":true,"TodoAssistantDelegate":false,"WebBrowserFetch":true}
[9/28/2026, 8:47:41 AM.156] [Info] [pid=4484] [SkillManageTool.isEnabled] ProductFeature.SkillManage=false, enabled=false, allFeatures={"GenerateCommitMessage":true,"InlineCompletions":true,"InlineChat":false,"CursorPositonPrefetching":true,"CompletionsPrefetching":true,"CompletionsResultFusion":true,"MultiFileWithPromptParam":false,"MultiFileWithSeparateParams":false,"CRLFCompatible":true,"TrimByIndentation":true,"MultiStepCompletions":false,"RemoveBelowExist":true,"CompletionsRelatedSnippets":true,"StatusBar":false,"CodeAction":true,"FloatShortcut":true,"CodeLens":true,"UseDefaultModelIfCurrentNotInList":false,"Mcp":true,"McpMarket":true,"MemoryManagement":true,"McpInstallationGuide":true,"SelectImage":true,"Aegis":false,"ProposalAPI":false,"NESNativeRenderer":false,"SwitchBySession":true,"AutoMode":true,"Billing":true,"InternationalLogin":true,"NesCompletions":false,"NesDocumentActiveChangeTrigger":false,"NesCompletionsPrefetching":true,"NESPrefetchingAfterEmptyCompletion":true,"TriggerNESAfterCompletionHasBeenAccepted":true,"NesRepeatFilter":false,"NesRepeatFilterV2":true,"NesRangeFix":false,"NesCompletionsJumpToHere":true,"ImportMetadataForCompletions":true,"CBChatUI":true,"CompletionItemsForCompletions":true,"WebFetch":true,"SummaryWebFetch":true,"WebSearch":true,"DynamicAddWebSearch":true,"Task":true,"EnhancedCompletionRequest":false,"ReportAfterCancel":false,"RequestBodyGzip":true,"StandaloneTerminal":true,"Skills":true,"SkillSecurityScan":true,"SelectComponent":true,"UIComponentLibrary":true,"CustomModelsJSON":true,"ImageGen":true,"FileDiffHistory":false,"Inspiration":false,"Connector":true,"Agents":true,"BillingNotice":false,"CloudAgentsSmartMerge":true,"CustomModelIdPrefix":true,"DeferToolLoading":true,"ImageEdit":false,"VideoGen":true,"ScheduledTasks":true,"SkillManage":false,"SkipToolCallSupportCheck":false,"EnableEnterpriseCustomModelPolicy":true,"EnableEnterpriseSkillUploadPolicy":true,"WeixinPayInterception":true,"HomePracticeCases":false,"EnableClientMenuInAppNavigation":false,"ShareLink":true,"Artifact":true,"BrowserUse":false,"ComputerUse":false,"BeforeConversationRecommend":false,"PerfMetrics":true,"SkillRecommend":true,"ProjectLocalTask":true,"DisableCloudSkillSync":true,"DisableCloudExpertSync":true,"CrashReportToggle":true,"MessageQueueDeferredDispatch":true,"NetworkFailover":true,"Sandbox":true,"SandboxFileVersionManagement":false,"KnowledgeBase":true,"TencentDocsKnowledge":true,"TencentPptxBuiltinDefaultEnabled":true,"SystemProxyDetection":true,"TencentLexiangKnowledge":true,"ImaKnowledge":true,"TencentNetDriveKnowledge":true,"ContextSummaryAgent":true,"enablePreMessageCompact":true,"HtmlPreviewShare":true,"EnableArdot":true,"EnableSecurityCenter":true,"DisableIdentityCustomization":true,"AllowIdentityNameEdit":true,"EnableAutoModelTiers":true,"DisableShareFeature":false,"DisablePublishedApps":false,"DisableArchivedTasks":false,"DisableCheckin":false,"DisableActivityBanner":false,"EnableAppearance":true,"DisableCreditsEntry":false,"DisableCreditPurchaseGuide":false,"DisableVoiceInput":false,"EnableWecomAibotCustomWsUrl":true,"ChannelSlack":false,"ChannelTelegram":false,"ChannelDiscord":false,"ChannelWechatKf":true,"DisableYuanbaoChannel":true,"EnableEnterpriseLicenseCheck":true,"EnableClawChannelControl":true,"PoiMap":false,"QuickQa":false,"ShowAboutQRCodes":true,"AgentMail":true,"ChatPromptFrictionAnalysis":true,"CodeAdoptionRate":false,"Codebase":false,"DesktopCloudTaskEntry":true,"DisableHtmlStreamUIShow":true,"EnableMobileConnectV2":true,"EnableWechatShareFile":false,"ExploreFeature":false,"HomePlaybooks":true,"MaxMode":true,"Space":true,"TencentDesignX":true,"TencentDocsAiEdit":true,"TencentDocsAiEditEnterprise":true,"TodoAssistantDelegate":false,"WebBrowserFetch":true}
[9/28/2026, 8:47:41 AM.156] [Info] [pid=4484] [SkillManageTool.isEnabled] ProductFeature.SkillManage=false, enabled=false, allFeatures={"GenerateCommitMessage":true,"InlineCompletions":true,"InlineChat":false,"CursorPositonPrefetching":true,"CompletionsPrefetching":true,"CompletionsResultFusion":true,"MultiFileWithPromptParam":false,"MultiFileWithSeparateParams":false,"CRLFCompatible":true,"TrimByIndentation":true,"MultiStepCompletions":false,"RemoveBelowExist":true,"CompletionsRelatedSnippets":true,"StatusBar":false,"CodeAction":true,"FloatShortcut":true,"CodeLens":true,"UseDefaultModelIfCurrentNotInList":false,"Mcp":true,"McpMarket":true,"MemoryManagement":true,"McpInstallationGuide":true,"SelectImage":true,"Aegis":false,"ProposalAPI":false,"NESNativeRenderer":false,"SwitchBySession":true,"AutoMode":true,"Billing":true,"InternationalLogin":true,"NesCompletions":false,"NesDocumentActiveChangeTrigger":false,"NesCompletionsPrefetching":true,"NESPrefetchingAfterEmptyCompletion":true,"TriggerNESAfterCompletionHasBeenAccepted":true,"NesRepeatFilter":false,"NesRepeatFilterV2":true,"NesRangeFix":false,"NesCompletionsJumpToHere":true,"ImportMetadataForCompletions":true,"CBChatUI":true,"CompletionItemsForCompletions":true,"WebFetch":true,"SummaryWebFetch":true,"WebSearch":true,"DynamicAddWebSearch":true,"Task":true,"EnhancedCompletionRequest":false,"ReportAfterCancel":false,"RequestBodyGzip":true,"StandaloneTerminal":true,"Skills":true,"SkillSecurityScan":true,"SelectComponent":true,"UIComponentLibrary":true,"CustomModelsJSON":true,"ImageGen":true,"FileDiffHistory":false,"Inspiration":false,"Connector":true,"Agents":true,"BillingNotice":false,"CloudAgentsSmartMerge":true,"CustomModelIdPrefix":true,"DeferToolLoading":true,"ImageEdit":false,"VideoGen":true,"ScheduledTasks":true,"SkillManage":false,"SkipToolCallSupportCheck":false,"EnableEnterpriseCustomModelPolicy":true,"EnableEnterpriseSkillUploadPolicy":true,"WeixinPayInterception":true,"HomePracticeCases":false,"EnableClientMenuInAppNavigation":false,"ShareLink":true,"Artifact":true,"BrowserUse":false,"ComputerUse":false,"BeforeConversationRecommend":false,"PerfMetrics":true,"SkillRecommend":true,"ProjectLocalTask":true,"DisableCloudSkillSync":true,"DisableCloudExpertSync":true,"CrashReportToggle":true,"MessageQueueDeferredDispatch":true,"NetworkFailover":true,"Sandbox":true,"SandboxFileVersionManagement":false,"KnowledgeBase":true,"TencentDocsKnowledge":true,"TencentPptxBuiltinDefaultEnabled":true,"SystemProxyDetection":true,"TencentLexiangKnowledge":true,"ImaKnowledge":true,"TencentNetDriveKnowledge":true,"ContextSummaryAgent":true,"enablePreMessageCompact":true,"HtmlPreviewShare":true,"EnableArdot":true,"EnableSecurityCenter":true,"DisableIdentityCustomization":true,"AllowIdentityNameEdit":true,"EnableAutoModelTiers":true,"DisableShareFeature":false,"DisablePublishedApps":false,"DisableArchivedTasks":false,"DisableCheckin":false,"DisableActivityBanner":false,"EnableAppearance":true,"DisableCreditsEntry":false,"DisableCreditPurchaseGuide":false,"DisableVoiceInput":false,"EnableWecomAibotCustomWsUrl":true,"ChannelSlack":false,"ChannelTelegram":false,"ChannelDiscord":false,"ChannelWechatKf":true,"DisableYuanbaoChannel":true,"EnableEnterpriseLicenseCheck":true,"EnableClawChannelControl":true,"PoiMap":false,"QuickQa":false,"ShowAboutQRCodes":true,"AgentMail":true,"ChatPromptFrictionAnalysis":true,"CodeAdoptionRate":false,"Codebase":false,"DesktopCloudTaskEntry":true,"DisableHtmlStreamUIShow":true,"EnableMobileConnectV2":true,"EnableWechatShareFile":false,"ExploreFeature":false,"HomePlaybooks":true,"MaxMode":true,"Space":true,"TencentDesignX":true,"TencentDocsAiEdit":true,"TencentDocsAiEditEnterprise":true,"TodoAssistantDelegate":false,"WebBrowserFetch":true}
[9/28/2026, 8:47:41 AM.157] [Info] [pid=4484] [Startup] McpConfigManager.list: loading scope=sdk
[9/28/2026, 8:47:41 AM.157] [Info] [pid=4484] [Startup] McpConfigManager.list: scope=sdk cache hit (0ms)
[9/28/2026, 8:47:41 AM.157] [Info] [pid=4484] [Startup] McpConfigManager.list: loading scope=sdk
[9/28/2026, 8:47:41 AM.157] [Info] [pid=4484] [Startup] McpConfigManager.list: scope=sdk cache hit (0ms)
[9/28/2026, 8:47:41 AM.157] [Info] [pid=4484] [Startup] McpConfigManager.list: loading scope=sdk
[9/28/2026, 8:47:41 AM.157] [Info] [pid=4484] [Startup] McpConfigManager.list: scope=sdk cache hit (0ms)
[9/28/2026, 8:47:41 AM.157] [Info] [pid=4484] [Startup] McpConfigManager.list: loading scope=plugin
[9/28/2026, 8:47:41 AM.157] [Info] [pid=4484] [Startup] McpConfigManager.list: scope=plugin blocked by strict MCP config
[9/28/2026, 8:47:41 AM.157] [Info] [pid=4484] [Startup] McpConfigManager.list: loading scope=plugin
[9/28/2026, 8:47:41 AM.157] [Info] [pid=4484] [Startup] McpConfigManager.list: scope=plugin blocked by strict MCP config
[9/28/2026, 8:47:41 AM.157] [Info] [pid=4484] [Startup] McpConfigManager.list: loading scope=plugin
[9/28/2026, 8:47:41 AM.157] [Info] [pid=4484] [Startup] McpConfigManager.list: scope=plugin blocked by strict MCP config
[9/28/2026, 8:47:41 AM.157] [Info] [pid=4484] [Startup] McpConfigManager.list: loading scope=user
[9/28/2026, 8:47:41 AM.157] [Info] [pid=4484] [Startup] McpConfigManager.list: scope=user blocked by strict MCP config
[9/28/2026, 8:47:41 AM.157] [Info] [pid=4484] [Startup] McpConfigManager.list: loading scope=user
[9/28/2026, 8:47:41 AM.157] [Info] [pid=4484] [Startup] McpConfigManager.list: scope=user blocked by strict MCP config
[9/28/2026, 8:47:41 AM.157] [Info] [pid=4484] [Startup] McpConfigManager.list: loading scope=user
[9/28/2026, 8:47:41 AM.157] [Info] [pid=4484] [Startup] McpConfigManager.list: scope=user blocked by strict MCP config
[9/28/2026, 8:47:41 AM.157] [Info] [pid=4484] [Startup] McpConfigManager.list: loading scope=project
[9/28/2026, 8:47:41 AM.157] [Info] [pid=4484] [Startup] McpConfigManager.list: scope=project blocked by strict MCP config
[9/28/2026, 8:47:41 AM.157] [Info] [pid=4484] [Startup] McpConfigManager.list: loading scope=project
[9/28/2026, 8:47:41 AM.157] [Info] [pid=4484] [Startup] McpConfigManager.list: scope=project blocked by strict MCP config
[9/28/2026, 8:47:41 AM.157] [Info] [pid=4484] [Startup] McpConfigManager.list: loading scope=internal
[9/28/2026, 8:47:41 AM.157] [Info] [pid=4484] [Startup] McpConfigManager.list: scope=internal cache hit (0ms)
[9/28/2026, 8:47:41 AM.157] [Info] [pid=4484] [Startup] McpConfigManager.list: loading scope=internal
[9/28/2026, 8:47:41 AM.157] [Info] [pid=4484] [Startup] McpConfigManager.list: scope=internal cache hit (0ms)
[9/28/2026, 8:47:41 AM.157] [Info] [pid=4484] [Startup] McpConfigManager.list: loading scope=project
[9/28/2026, 8:47:41 AM.157] [Info] [pid=4484] [Startup] McpConfigManager.list: scope=project blocked by strict MCP config
[9/28/2026, 8:47:41 AM.157] [Info] [pid=4484] [Startup] McpConfigManager.list: loading scope=internal
[9/28/2026, 8:47:41 AM.157] [Info] [pid=4484] [Startup] McpConfigManager.list: scope=internal cache hit (0ms)
[9/28/2026, 8:47:41 AM.157] [Info] [pid=4484] [Startup] McpConfigManager.list: loading scope=local
[9/28/2026, 8:47:41 AM.157] [Info] [pid=4484] [Startup] McpConfigManager.list: scope=local blocked by strict MCP config
[9/28/2026, 8:47:41 AM.157] [Info] [pid=4484] [Startup] McpConfigManager.list: loading scope=local
[9/28/2026, 8:47:41 AM.157] [Info] [pid=4484] [Startup] McpConfigManager.list: scope=local blocked by strict MCP config
[9/28/2026, 8:47:41 AM.157] [Info] [pid=4484] [Startup] McpConfigManager.list: loading scope=sdk
[9/28/2026, 8:47:41 AM.157] [Info] [pid=4484] [Startup] McpConfigManager.list: scope=sdk cache hit (0ms)
[9/28/2026, 8:47:41 AM.157] [Info] [pid=4484] [Startup] McpConfigManager.list: loading scope=sdk
[9/28/2026, 8:47:41 AM.157] [Info] [pid=4484] [Startup] McpConfigManager.list: scope=sdk cache hit (0ms)
[9/28/2026, 8:47:41 AM.157] [Info] [pid=4484] [Startup] McpConfigManager.list: loading scope=local
[9/28/2026, 8:47:41 AM.157] [Info] [pid=4484] [Startup] McpConfigManager.list: scope=local blocked by strict MCP config
[9/28/2026, 8:47:41 AM.157] [Info] [pid=4484] [Startup] McpConfigManager.list: loading scope=sdk
[9/28/2026, 8:47:41 AM.157] [Info] [pid=4484] [Startup] McpConfigManager.list: scope=sdk cache hit (0ms)
[9/28/2026, 8:47:41 AM.157] [Info] [pid=4484] [Startup] McpConfigManager.list: loading scope=dynamic
[9/28/2026, 8:47:41 AM.157] [Info] [pid=4484] [Startup] McpConfigManager.list: scope=dynamic cache hit (0ms)
[9/28/2026, 8:47:41 AM.157] [Info] [pid=4484] [Startup] McpConfigManager.list: loading scope=dynamic
[9/28/2026, 8:47:41 AM.157] [Info] [pid=4484] [Startup] McpConfigManager.list: scope=dynamic cache hit (0ms)
[9/28/2026, 8:47:41 AM.157] [Info] [pid=4484] [Startup] McpConfigManager.list: loading scope=plugin
[9/28/2026, 8:47:41 AM.157] [Info] [pid=4484] [Startup] McpConfigManager.list: scope=plugin blocked by strict MCP config
[9/28/2026, 8:47:41 AM.157] [Info] [pid=4484] [Startup] McpConfigManager.list: loading scope=plugin
[9/28/2026, 8:47:41 AM.157] [Info] [pid=4484] [Startup] McpConfigManager.list: scope=plugin blocked by strict MCP config
[9/28/2026, 8:47:41 AM.157] [Info] [pid=4484] [Startup] McpConfigManager.list: loading scope=dynamic
[9/28/2026, 8:47:41 AM.157] [Info] [pid=4484] [Startup] McpConfigManager.list: scope=dynamic cache hit (0ms)
[9/28/2026, 8:47:41 AM.158] [Info] [pid=4484] [Startup] McpConfigManager.list: loading scope=plugin
[9/28/2026, 8:47:41 AM.158] [Info] [pid=4484] [Startup] McpConfigManager.list: scope=plugin blocked by strict MCP config
[9/28/2026, 8:47:41 AM.158] [Info] [pid=4484] [Startup] McpConfigManager.list: loading scope=user
[9/28/2026, 8:47:41 AM.158] [Info] [pid=4484] [Startup] McpConfigManager.list: scope=user blocked by strict MCP config
[9/28/2026, 8:47:41 AM.158] [Info] [pid=4484] [Startup] McpConfigManager.list: loading scope=user
[9/28/2026, 8:47:41 AM.158] [Info] [pid=4484] [Startup] McpConfigManager.list: scope=user blocked by strict MCP config
[9/28/2026, 8:47:41 AM.158] [Info] [pid=4484] [Startup] McpConfigManager.list: loading scope=user
[9/28/2026, 8:47:41 AM.158] [Info] [pid=4484] [Startup] McpConfigManager.list: scope=user blocked by strict MCP config
[9/28/2026, 8:47:41 AM.158] [Info] [pid=4484] [Startup] McpConfigManager.list: loading scope=project
[9/28/2026, 8:47:41 AM.158] [Info] [pid=4484] [Startup] McpConfigManager.list: scope=project blocked by strict MCP config
[9/28/2026, 8:47:41 AM.158] [Info] [pid=4484] [Startup] McpConfigManager.list: loading scope=project
[9/28/2026, 8:47:41 AM.158] [Info] [pid=4484] [Startup] McpConfigManager.list: scope=project blocked by strict MCP config
[9/28/2026, 8:47:41 AM.158] [Info] [pid=4484] [Startup] McpConfigManager.list: loading scope=project
[9/28/2026, 8:47:41 AM.158] [Info] [pid=4484] [Startup] McpConfigManager.list: scope=project blocked by strict MCP config
[9/28/2026, 8:47:41 AM.158] [Info] [pid=4484] [Startup] McpManager.list: starting (scope=all)
[9/28/2026, 8:47:41 AM.158] [Info] [pid=4484] [Startup] McpManager.list: starting (scope=all)
[9/28/2026, 8:47:41 AM.158] [Info] [pid=4484] [Startup] McpConfigManager.list: loading scope=local
[9/28/2026, 8:47:41 AM.158] [Info] [pid=4484] [Startup] McpConfigManager.list: scope=local blocked by strict MCP config
[9/28/2026, 8:47:41 AM.158] [Info] [pid=4484] [Startup] McpConfigManager.list: loading scope=local
[9/28/2026, 8:47:41 AM.158] [Info] [pid=4484] [Startup] McpConfigManager.list: scope=local blocked by strict MCP config
[9/28/2026, 8:47:41 AM.158] [Info] [pid=4484] [Startup] McpManager.list: starting (scope=all)
[9/28/2026, 8:47:41 AM.158] [Info] [pid=4484] [Startup] McpConfigManager.list: loading scope=local
[9/28/2026, 8:47:41 AM.158] [Info] [pid=4484] [Startup] McpConfigManager.list: scope=local blocked by strict MCP config
[9/28/2026, 8:47:41 AM.158] [Info] [pid=4484] [Startup] McpConfigManager.list: loading scope=dynamic
[9/28/2026, 8:47:41 AM.158] [Info] [pid=4484] [Startup] McpConfigManager.list: scope=dynamic cache hit (0ms)
[9/28/2026, 8:47:41 AM.158] [Info] [pid=4484] [Startup] McpConfigManager.list: loading scope=dynamic
[9/28/2026, 8:47:41 AM.158] [Info] [pid=4484] [Startup] McpConfigManager.list: scope=dynamic cache hit (0ms)
[9/28/2026, 8:47:41 AM.158] [Info] [pid=4484] [Startup] McpConfigManager.list: loading scope=dynamic
[9/28/2026, 8:47:41 AM.158] [Info] [pid=4484] [Startup] McpConfigManager.list: scope=dynamic cache hit (0ms)
[9/28/2026, 8:47:41 AM.159] [Info] [pid=4484] [Startup] McpManager.list: starting (scope=all)
[9/28/2026, 8:47:41 AM.159] [Info] [pid=4484] [Startup] McpManager.list: starting (scope=all)
[9/28/2026, 8:47:41 AM.159] [Info] [pid=4484] [Startup] McpManager.list: starting (scope=all)
[9/28/2026, 8:47:41 AM.159] [Info] [pid=4484] [Startup] McpManager.list: starting (scope=all)
[9/28/2026, 8:47:41 AM.159] [Info] [pid=4484] [Startup] McpManager.list: starting (scope=all)
[9/28/2026, 8:47:41 AM.159] [Info] [pid=4484] [Startup] McpManager.list: starting (scope=all)
[9/28/2026, 8:47:41 AM.159] [Info] [pid=4484] [Startup] McpConfigManager.list: loading scope=internal
[9/28/2026, 8:47:41 AM.159] [Info] [pid=4484] [Startup] McpConfigManager.list: scope=internal cache hit (0ms)
[9/28/2026, 8:47:41 AM.159] [Info] [pid=4484] [Startup] McpConfigManager.list: loading scope=internal
[9/28/2026, 8:47:41 AM.159] [Info] [pid=4484] [Startup] McpConfigManager.list: scope=internal cache hit (0ms)
[9/28/2026, 8:47:41 AM.159] [Info] [pid=4484] [Startup] McpConfigManager.list: loading scope=internal
[9/28/2026, 8:47:41 AM.159] [Info] [pid=4484] [Startup] McpConfigManager.list: scope=internal cache hit (0ms)
[9/28/2026, 8:47:41 AM.159] [Info] [pid=4484] [Startup] McpConfigManager.list: loading scope=internal
[9/28/2026, 8:47:41 AM.159] [Info] [pid=4484] [Startup] McpConfigManager.list: scope=internal cache hit (1ms)
[9/28/2026, 8:47:41 AM.159] [Info] [pid=4484] [Startup] McpManager.list: starting (scope=all)
[9/28/2026, 8:47:41 AM.159] [Info] [pid=4484] [Startup] McpManager.list: starting (scope=all)
[9/28/2026, 8:47:41 AM.159] [Info] [pid=4484] [Startup] McpManager.list: starting (scope=all)
[9/28/2026, 8:47:41 AM.159] [Info] [pid=4484] [Startup] McpConfigManager.list: loading scope=sdk
[9/28/2026, 8:47:41 AM.159] [Info] [pid=4484] [Startup] McpConfigManager.list: scope=sdk cache hit (0ms)
[9/28/2026, 8:47:41 AM.159] [Info] [pid=4484] [Startup] McpConfigManager.list: loading scope=sdk
[9/28/2026, 8:47:41 AM.159] [Info] [pid=4484] [Startup] McpConfigManager.list: scope=sdk cache hit (0ms)
[9/28/2026, 8:47:41 AM.159] [Info] [pid=4484] [Startup] McpConfigManager.list: loading scope=sdk
[9/28/2026, 8:47:41 AM.159] [Info] [pid=4484] [Startup] McpConfigManager.list: scope=sdk cache hit (0ms)
[9/28/2026, 8:47:41 AM.159] [Info] [pid=4484] [Startup] McpConfigManager.list: loading scope=sdk
[9/28/2026, 8:47:41 AM.159] [Info] [pid=4484] [Startup] McpConfigManager.list: scope=sdk cache hit (0ms)
[9/28/2026, 8:47:41 AM.159] [Info] [pid=4484] [Startup] McpConfigManager.list: loading scope=plugin
[9/28/2026, 8:47:41 AM.159] [Info] [pid=4484] [Startup] McpConfigManager.list: scope=plugin blocked by strict MCP config
[9/28/2026, 8:47:41 AM.159] [Info] [pid=4484] [Startup] McpConfigManager.list: loading scope=plugin
[9/28/2026, 8:47:41 AM.159] [Info] [pid=4484] [Startup] McpConfigManager.list: scope=plugin blocked by strict MCP config
[9/28/2026, 8:47:41 AM.159] [Info] [pid=4484] [Startup] McpConfigManager.list: loading scope=plugin
[9/28/2026, 8:47:41 AM.159] [Info] [pid=4484] [Startup] McpConfigManager.list: scope=plugin blocked by strict MCP config
[9/28/2026, 8:47:41 AM.159] [Info] [pid=4484] [Startup] McpConfigManager.list: loading scope=plugin
[9/28/2026, 8:47:41 AM.159] [Info] [pid=4484] [Startup] McpConfigManager.list: scope=plugin blocked by strict MCP config
[9/28/2026, 8:47:41 AM.159] [Info] [pid=4484] [MCP][registerAgent] agent=compact mcpServers=[] (count=0) grantMcpAccess=false
[9/28/2026, 8:47:41 AM.159] [Info] [pid=4484] [MCP][registerAgent] agent=pulse mcpServers=[] (count=0) grantMcpAccess=false
[9/28/2026, 8:47:41 AM.159] [Info] [pid=4484] [MCP][registerAgent] agent=handoff-summary mcpServers=[] (count=0) grantMcpAccess=false
[9/28/2026, 8:47:41 AM.159] [Info] [pid=4484] [MCP][registerAgent] agent=enhance-prompt mcpServers=[] (count=0) grantMcpAccess=false
[9/28/2026, 8:47:41 AM.159] [Info] [pid=4484] [MCP][registerAgent] agent=multitask mcpServers=[] (count=0) grantMcpAccess=false
[9/28/2026, 8:47:41 AM.159] [Info] [pid=4484] [MCP][registerAgent] agent=sheet-agent mcpServers=[] (count=0) grantMcpAccess=true
[9/28/2026, 8:47:41 AM.159] [Info] [pid=4484] [Startup] McpConfigManager.list: loading scope=user
[9/28/2026, 8:47:41 AM.159] [Info] [pid=4484] [Startup] McpConfigManager.list: scope=user blocked by strict MCP config
[9/28/2026, 8:47:41 AM.159] [Info] [pid=4484] [Startup] McpConfigManager.list: loading scope=user
[9/28/2026, 8:47:41 AM.159] [Info] [pid=4484] [Startup] McpConfigManager.list: scope=user blocked by strict MCP config
[9/28/2026, 8:47:41 AM.159] [Info] [pid=4484] [Startup] McpConfigManager.list: loading scope=user
[9/28/2026, 8:47:41 AM.159] [Info] [pid=4484] [Startup] McpConfigManager.list: scope=user blocked by strict MCP config
[9/28/2026, 8:47:41 AM.159] [Info] [pid=4484] [Startup] McpConfigManager.list: loading scope=user
[9/28/2026, 8:47:41 AM.159] [Info] [pid=4484] [Startup] McpConfigManager.list: scope=user blocked by strict MCP config
[9/28/2026, 8:47:41 AM.159] [Info] [pid=4484] [Startup] McpConfigManager.list: loading scope=project
[9/28/2026, 8:47:41 AM.159] [Info] [pid=4484] [Startup] McpConfigManager.list: scope=project blocked by strict MCP config
[9/28/2026, 8:47:41 AM.159] [Info] [pid=4484] [Startup] McpConfigManager.list: loading scope=project
[9/28/2026, 8:47:41 AM.159] [Info] [pid=4484] [Startup] McpConfigManager.list: scope=project blocked by strict MCP config
[9/28/2026, 8:47:41 AM.159] [Info] [pid=4484] [Startup] McpConfigManager.list: loading scope=project
[9/28/2026, 8:47:41 AM.159] [Info] [pid=4484] [Startup] McpConfigManager.list: scope=project blocked by strict MCP config
[9/28/2026, 8:47:41 AM.159] [Info] [pid=4484] [Startup] McpConfigManager.list: loading scope=project
[9/28/2026, 8:47:41 AM.159] [Info] [pid=4484] [Startup] McpConfigManager.list: scope=project blocked by strict MCP config
[9/28/2026, 8:47:41 AM.159] [Info] [pid=4484] [Startup] McpConfigManager.list: loading scope=local
[9/28/2026, 8:47:41 AM.159] [Info] [pid=4484] [Startup] McpConfigManager.list: scope=local blocked by strict MCP config
[9/28/2026, 8:47:41 AM.159] [Info] [pid=4484] [Startup] McpConfigManager.list: loading scope=local
[9/28/2026, 8:47:41 AM.159] [Info] [pid=4484] [Startup] McpConfigManager.list: scope=local blocked by strict MCP config
[9/28/2026, 8:47:41 AM.159] [Info] [pid=4484] [Startup] McpConfigManager.list: loading scope=local
[9/28/2026, 8:47:41 AM.159] [Info] [pid=4484] [Startup] McpConfigManager.list: scope=local blocked by strict MCP config
[9/28/2026, 8:47:41 AM.159] [Info] [pid=4484] [Startup] McpConfigManager.list: loading scope=local
[9/28/2026, 8:47:41 AM.159] [Info] [pid=4484] [Startup] McpConfigManager.list: scope=local blocked by strict MCP config
[9/28/2026, 8:47:41 AM.159] [Info] [pid=4484] [Startup] McpConfigManager.list: loading scope=dynamic
[9/28/2026, 8:47:41 AM.159] [Info] [pid=4484] [Startup] McpConfigManager.list: scope=dynamic cache hit (0ms)
[9/28/2026, 8:47:41 AM.159] [Info] [pid=4484] [Startup] McpConfigManager.list: loading scope=dynamic
[9/28/2026, 8:47:41 AM.159] [Info] [pid=4484] [Startup] McpConfigManager.list: scope=dynamic cache hit (0ms)
[9/28/2026, 8:47:41 AM.159] [Info] [pid=4484] [Startup] McpConfigManager.list: loading scope=dynamic
[9/28/2026, 8:47:41 AM.159] [Info] [pid=4484] [Startup] McpConfigManager.list: scope=dynamic cache hit (0ms)
[9/28/2026, 8:47:41 AM.159] [Info] [pid=4484] [Startup] McpConfigManager.list: loading scope=dynamic
[9/28/2026, 8:47:41 AM.159] [Info] [pid=4484] [Startup] McpConfigManager.list: scope=dynamic cache hit (0ms)
[9/28/2026, 8:47:41 AM.159] [Info] [pid=4484] [MCP][registerAgent] agent=minimal mcpServers=[] (count=0) grantMcpAccess=false
[9/28/2026, 8:47:41 AM.159] [Info] [pid=4484] [MCP][registerAgent] agent=ptc mcpServers=[] (count=0) grantMcpAccess=true
[9/28/2026, 8:47:41 AM.159] [Info] [pid=4484] [Startup] McpManager.list: starting (scope=all)
[9/28/2026, 8:47:41 AM.159] [Info] [pid=4484] [Startup] McpManager.list: starting (scope=all)
[9/28/2026, 8:47:41 AM.159] [Info] [pid=4484] [Startup] McpManager.list: starting (scope=all)
[9/28/2026, 8:47:41 AM.159] [Info] [pid=4484] [Startup] McpManager.list: starting (scope=all)
[9/28/2026, 8:47:41 AM.159] [Info] [pid=4484] [Startup] McpManager.list: starting (scope=all)
[9/28/2026, 8:47:41 AM.159] [Info] [pid=4484] [Startup] McpManager.list: starting (scope=all)
[9/28/2026, 8:47:41 AM.159] [Info] [pid=4484] [Startup] McpManager.list: starting (scope=all)
[9/28/2026, 8:47:41 AM.159] [Info] [pid=4484] [Startup] McpManager.list: starting (scope=all)
[9/28/2026, 8:47:41 AM.160] [Info] [pid=4484] [MCP][registerAgent] agent=statusline-setup mcpServers=[] (count=0) grantMcpAccess=false
[9/28/2026, 8:47:41 AM.160] [Info] [pid=4484] [MCP][registerAgent] agent=Plan mcpServers=[] (count=0) grantMcpAccess=false
[9/28/2026, 8:47:41 AM.160] [Info] [pid=4484] [MCP][registerAgent] agent=Explore mcpServers=[] (count=0) grantMcpAccess=true
[9/28/2026, 8:47:41 AM.160] [Info] [pid=4484] [MCP][registerAgent] agent=cli mcpServers=[] (count=0) grantMcpAccess=true
[9/28/2026, 8:47:41 AM.160] [Info] [pid=4484] [MCP][registerAgent] agent=general-purpose mcpServers=[] (count=0) grantMcpAccess=true
[9/28/2026, 8:47:41 AM.160] [Info] [pid=4484] [MCP][registerAgent] agent=create mcpServers=[] (count=0) grantMcpAccess=true
[9/28/2026, 8:47:41 AM.160] [Info] [pid=4484] [MCP][registerAgent] agent=doc-converter mcpServers=[] (count=0) grantMcpAccess=true
[9/28/2026, 8:47:41 AM.160] [Info] [pid=4484] [MCP][registerAgent] agent=doc-formatter mcpServers=[] (count=0) grantMcpAccess=true
[9/28/2026, 8:47:41 AM.160] [Info] [pid=4484] [MCP][registerAgent] agent=doc-writer mcpServers=[] (count=0) grantMcpAccess=true
[9/28/2026, 8:47:41 AM.160] [Info] [pid=4484] [MCP][registerAgent] agent=work mcpServers=[] (count=0) grantMcpAccess=true
[9/28/2026, 8:47:41 AM.160] [Info] [pid=4484] [Startup] AgentManager.rebuildAgents: completed in 239ms, resolving readyDeferred
[9/28/2026, 8:47:41 AM.161] [Info] [pid=4484] [PluginManager]  Loaded 8 installed Plugins from the installed registry in 30ms
[9/28/2026, 8:47:41 AM.162] [Info] [pid=4484] [PluginManager]  Loading plugin components for weixinpay@workbuddy-builtin
[9/28/2026, 8:47:41 AM.162] [Info] [pid=4484] [PluginManager]  Loading plugin components for tencent-docs-plugin@workbuddy-builtin
[9/28/2026, 8:47:41 AM.162] [Info] [pid=4484] [PluginManager]  Loading plugin components for sheetagent@workbuddy-builtin
[9/28/2026, 8:47:41 AM.162] [Info] [pid=4484] [PluginManager]  Loading plugin components for tencent-pptx@workbuddy-builtin
[9/28/2026, 8:47:41 AM.162] [Info] [pid=4484] [PluginManager]  Loading plugin components for tencent-docx@workbuddy-builtin
[9/28/2026, 8:47:41 AM.162] [Info] [pid=4484] [PluginManager]  Loading plugin components for agent-browser@codebuddy-plugins-official
[9/28/2026, 8:47:41 AM.162] [Info] [pid=4484] [PluginManager]  Loading plugin components for find-skills@codebuddy-plugins-official
[9/28/2026, 8:47:41 AM.162] [Info] [pid=4484] [PluginManager]  Loading plugin components for finance-data@cb_teams_marketplace
[9/28/2026, 8:47:41 AM.162] [Info] [pid=4484] [PluginLoaderManager]  Loading plugin components for weixinpay@workbuddy-builtin from /Users/didi/.workbuddy/plugins/cache/workbuddy-builtin/weixinpay/1.6.110
[9/28/2026, 8:47:41 AM.162] [Info] [pid=4484] [PluginLoaderManager]  Loading plugin components for tencent-pptx@workbuddy-builtin from /Users/didi/.workbuddy/plugins/cache/workbuddy-builtin/tencent-pptx/5.6.2-wb.39298511.g37a65c0b.hbf00e3f3d64d
[9/28/2026, 8:47:41 AM.162] [Info] [pid=4484] [PluginLoaderManager]  Loading plugin components for agent-browser@codebuddy-plugins-official from /Users/didi/.workbuddy/plugins/cache/codebuddy-plugins-official/agent-browser/1.3.0
[9/28/2026, 8:47:41 AM.162] [Info] [pid=4484] [PluginLoaderManager]  Loading plugin components for find-skills@codebuddy-plugins-official from /Users/didi/.workbuddy/plugins/cache/codebuddy-plugins-official/find-skills/1.0.0
[9/28/2026, 8:47:41 AM.162] [Info] [pid=4484] [PluginLoaderManager]  Loading plugin components for finance-data@cb_teams_marketplace from /Users/didi/.workbuddy/plugins/cache/cb_teams_marketplace/finance-data/1.6.0
[9/28/2026, 8:47:41 AM.163] [Info] [pid=4484] [PluginLoaderManager]  Loading plugin components for tencent-docs-plugin@workbuddy-builtin from /Users/didi/.workbuddy/plugins/cache/workbuddy-builtin/tencent-docs-plugin/5.6.2-wb.39298511.g37a65c0b.hbf00e3f3d64d
[9/28/2026, 8:47:41 AM.164] [Info] [pid=4484] [PluginLoaderManager]  Loading plugin components for sheetagent@workbuddy-builtin from /Users/didi/.workbuddy/plugins/cache/workbuddy-builtin/sheetagent/5.6.2-wb.39298511.g37a65c0b.hbf00e3f3d64d
[9/28/2026, 8:47:41 AM.164] [Info] [pid=4484] [PluginLoaderManager]  Loading plugin components for tencent-docx@workbuddy-builtin from /Users/didi/.workbuddy/plugins/cache/workbuddy-builtin/tencent-docx/5.6.2-wb.39298511.g37a65c0b.hbf00e3f3d64d
[9/28/2026, 8:47:41 AM.166] [Error] [pid=4484] [HookExtensionLoader] [Error: EISDIR: illegal operation on a directory, read]  Failed to load hooks from file /Users/didi/.workbuddy/plugins/cache/workbuddy-builtin/tencent-docs-plugin/5.6.2-wb.39298511.g37a65c0b.hbf00e3f3d64d:
[9/28/2026, 8:47:41 AM.169] [Info] [pid=4484] [SkillExtensionLoader]  Loaded 1 skill(s) from extension: agent-browser@codebuddy-plugins-official [agent-browser]
[9/28/2026, 8:47:41 AM.169] [Info] [pid=4484] [PluginLoaderManager]  Loaded plugin components for agent-browser@codebuddy-plugins-official: 0 agent(s), 0 command(s), 1 skill(s), 0 hook(s), 0 MCP server(s), 0 LSP server(s), 0 output style(s)
[9/28/2026, 8:47:41 AM.172] [Info] [pid=4484] [MCPExtensionLoader]  Loaded 1 MCP server(s) from extension: weixinpay@workbuddy-builtin
[9/28/2026, 8:47:41 AM.172] [Info] [pid=4484] [SkillExtensionLoader]  Loaded 3 skill(s) from extension: weixinpay@workbuddy-builtin [weixinpay-feedback,weixinpay-pay,weixinpay-register]
[9/28/2026, 8:47:41 AM.172] [Info] [pid=4484] [PluginLoaderManager]  Loaded plugin components for weixinpay@workbuddy-builtin: 0 agent(s), 0 command(s), 3 skill(s), 0 hook(s), 1 MCP server(s), 0 LSP server(s), 0 output style(s)
[9/28/2026, 8:47:41 AM.172] [Info] [pid=4484] [SkillExtensionLoader]  Loaded 1 skill(s) from extension: find-skills@codebuddy-plugins-official [find-skills]
[9/28/2026, 8:47:41 AM.172] [Info] [pid=4484] [PluginLoaderManager]  Loaded plugin components for find-skills@codebuddy-plugins-official: 0 agent(s), 0 command(s), 1 skill(s), 0 hook(s), 0 MCP server(s), 0 LSP server(s), 0 output style(s)
[9/28/2026, 8:47:41 AM.173] [Info] [pid=4484] [AgentExtensionLoader]  Loaded 1 agent(s) from extension: sheetagent@workbuddy-builtin
[9/28/2026, 8:47:41 AM.176] [Info] [pid=4484] [SkillExtensionLoader]  Loaded 3 skill(s) from extension: finance-data@cb_teams_marketplace [neodata-financial-search,westock-data,westock-tool]
[9/28/2026, 8:47:41 AM.176] [Info] [pid=4484] [PluginLoaderManager]  Loaded plugin components for finance-data@cb_teams_marketplace: 0 agent(s), 0 command(s), 3 skill(s), 0 hook(s), 0 MCP server(s), 0 LSP server(s), 0 output style(s)
[9/28/2026, 8:47:41 AM.176] [Info] [pid=4484] [SkillExtensionLoader]  Loaded 1 skill(s) from extension: tencent-pptx@workbuddy-builtin [tencent-pptx]
[9/28/2026, 8:47:41 AM.177] [Info] [pid=4484] [PluginLoaderManager]  Loaded plugin components for tencent-pptx@workbuddy-builtin: 0 agent(s), 0 command(s), 1 skill(s), 0 hook(s), 0 MCP server(s), 0 LSP server(s), 0 output style(s)
[9/28/2026, 8:47:41 AM.177] [Info] [pid=4484] [SkillExtensionLoader]  Loaded 2 skill(s) from extension: tencent-docs-plugin@workbuddy-builtin [tencent-docs,tencent-saas-docs]
[9/28/2026, 8:47:41 AM.177] [Info] [pid=4484] [PluginLoaderManager]  Loaded plugin components for tencent-docs-plugin@workbuddy-builtin: 0 agent(s), 0 command(s), 2 skill(s), 0 hook(s), 0 MCP server(s), 0 LSP server(s), 0 output style(s)
[9/28/2026, 8:47:41 AM.177] [Info] [pid=4484] [HookExtensionLoader]  Loaded hooks configuration from extension: sheetagent@workbuddy-builtin
[9/28/2026, 8:47:41 AM.177] [Info] [pid=4484] [CommandExtensionLoader]  Loaded 2 command(s) from extension: sheetagent@workbuddy-builtin
[9/28/2026, 8:47:41 AM.177] [Info] [pid=4484] [HookExtensionLoader]  Loaded hooks configuration from extension: tencent-docx@workbuddy-builtin
[9/28/2026, 8:47:41 AM.177] [Info] [pid=4484] [SkillExtensionLoader]  Loaded 2 skill(s) from extension: sheetagent@workbuddy-builtin [tencent-docs-sheet-generation,tencent-docs-sheetagent]
[9/28/2026, 8:47:41 AM.177] [Info] [pid=4484] [MCPExtensionLoader]  Loaded 1 MCP server(s) from extension: sheetagent@workbuddy-builtin
[9/28/2026, 8:47:41 AM.177] [Info] [pid=4484] [PluginLoaderManager]  Loaded plugin components for sheetagent@workbuddy-builtin: 1 agent(s), 2 command(s), 2 skill(s), 2 hook(s), 1 MCP server(s), 0 LSP server(s), 0 output style(s)
[9/28/2026, 8:47:41 AM.179] [Info] [pid=4484] [AgentExtensionLoader]  Loaded 3 agent(s) from extension: tencent-docx@workbuddy-builtin
[9/28/2026, 8:47:41 AM.190] [Info] [pid=4484] [SkillExtensionLoader]  Loaded 9 skill(s) from extension: tencent-docx@workbuddy-builtin [brief-compose,design-token,doc-typeset,format-extract,generate-fillable-contract-html,html-review,html-to-docx,tdoc-orchestrator,tencent-docx]
[9/28/2026, 8:47:41 AM.190] [Info] [pid=4484] [PluginLoaderManager]  Loaded plugin components for tencent-docx@workbuddy-builtin: 3 agent(s), 0 command(s), 9 skill(s), 2 hook(s), 0 MCP server(s), 0 LSP server(s), 0 output style(s)
[9/28/2026, 8:47:41 AM.194] [Info] [pid=4484] [PluginManager]  [PluginManager] active plugins refreshed: 8 enabled, errors=0
[9/28/2026, 8:47:41 AM.194] [Info] [pid=4484] [MCP] config scope=plugin changed — scheduling desired revision 3
[9/28/2026, 8:47:41 AM.194] [Info] [pid=4484] [PluginManager]  [BuiltInMarketplace-HotReload] Subscribed to ProductManager.onDidChange
[9/28/2026, 8:47:41 AM.194] [Info] [pid=4484] [MCP] reconcile revision=3 started (config:plugin)
[9/28/2026, 8:47:41 AM.194] [Info] [pid=4484] [Startup] McpConfigManager.list: loading scope=internal
[9/28/2026, 8:47:41 AM.194] [Info] [pid=4484] [Startup] McpConfigManager.list: scope=internal cache hit (0ms)
[9/28/2026, 8:47:41 AM.194] [Info] [pid=4484] [LSPManager]  Shutting down all LSP servers
[9/28/2026, 8:47:41 AM.194] [Info] [pid=4484] [Startup] McpConfigManager.list: loading scope=sdk
[9/28/2026, 8:47:41 AM.194] [Info] [pid=4484] [Startup] McpConfigManager.list: scope=sdk cache hit (0ms)
[9/28/2026, 8:47:41 AM.194] [Info] [pid=4484] [Startup] McpConfigManager.list: loading scope=plugin
[9/28/2026, 8:47:41 AM.194] [Info] [pid=4484] [Startup] McpConfigManager.list: scope=plugin blocked by strict MCP config
[9/28/2026, 8:47:41 AM.194] [Info] [pid=4484] [LSPManager]  All LSP servers shut down
[9/28/2026, 8:47:41 AM.194] [Info] [pid=4484] [Startup] McpConfigManager.list: loading scope=user
[9/28/2026, 8:47:41 AM.194] [Info] [pid=4484] [Startup] McpConfigManager.list: scope=user blocked by strict MCP config
[9/28/2026, 8:47:41 AM.194] [Info] [pid=4484] [Startup] McpConfigManager.list: loading scope=project
[9/28/2026, 8:47:41 AM.194] [Info] [pid=4484] [Startup] McpConfigManager.list: scope=project blocked by strict MCP config
[9/28/2026, 8:47:41 AM.194] [Info] [pid=4484] [LSPManager]  Loaded LSP configurations from all enabled plugins
[9/28/2026, 8:47:41 AM.194] [Info] [pid=4484] [Startup] McpConfigManager.list: loading scope=local
[9/28/2026, 8:47:41 AM.194] [Info] [pid=4484] [Startup] McpConfigManager.list: scope=local blocked by strict MCP config
[9/28/2026, 8:47:41 AM.194] [Info] [pid=4484] [Startup] McpConfigManager.list: loading scope=dynamic
[9/28/2026, 8:47:41 AM.194] [Info] [pid=4484] [Startup] McpConfigManager.list: scope=dynamic cache hit (0ms)
[9/28/2026, 8:47:41 AM.194] [Info] [pid=4484] [MCP] reconcile revision=3 projected (retained=0, pending=0, evicted=0)
[9/28/2026, 8:47:41 AM.194] [Info] [pid=4484] [PluginManager]  [PluginManagement] stage=load-marketplaces-initial status=started
[9/28/2026, 8:47:41 AM.194] [Info] [pid=4484] [MarketplaceStorage]  [MarketplaceStorage] doEnsureConfigFile ensureDir=0ms total=0ms dir=/Users/didi/.workbuddy/plugins
[9/28/2026, 8:47:41 AM.196] [Info] [pid=4484] [MarketplaceStorage]  [MarketplaceStorage] getMarketplaces ensureConfigFile=0ms readAndRepair=1ms migration=0ms total=2ms count=6 path=/Users/didi/.workbuddy/plugins/known_marketplaces.json
[9/28/2026, 8:47:41 AM.196] [Info] [pid=4484] [BuiltInMarketplaceProvider]  Found 2 built-in marketplace(s)
[9/28/2026, 8:47:41 AM.200] [Info] [pid=4484] [PluginManager]  Loaded 6 marketplaces (2 built-in) total=6ms storage=2ms builtIn=0ms autoUpdate=1ms
[9/28/2026, 8:47:41 AM.200] [Info] [pid=4484] [PluginManager]  [PluginManagement] stage=load-marketplaces-initial status=completed elapsedMs=6
[9/28/2026, 8:47:41 AM.200] [Info] [pid=4484] [BuiltInMarketplaceProvider]  Found 2 built-in marketplace(s)
[9/28/2026, 8:47:41 AM.200] [Info] [pid=4484] [PluginManager]  [PluginManagement] stage=install-builtin-marketplaces status=started
[9/28/2026, 8:47:41 AM.200] [Info] [pid=4484] [PluginManager]  Checking for built-in marketplaces to install...
[9/28/2026, 8:47:41 AM.200] [Info] [pid=4484] [BuiltInMarketplaceProvider]  Found 2 built-in marketplace(s)
[9/28/2026, 8:47:41 AM.200] [Info] [pid=4484] [PluginManager]  Found 2 built-in marketplace(s)
[9/28/2026, 8:47:41 AM.200] [Info] [pid=4484] [MarketplaceStorage]  [MarketplaceStorage] doEnsureConfigFile ensureDir=0ms total=0ms dir=/Users/didi/.workbuddy/plugins
[9/28/2026, 8:47:41 AM.201] [Info] [pid=4484] [MarketplaceStorage]  [MarketplaceStorage] getMarketplaces ensureConfigFile=0ms readAndRepair=0ms migration=0ms total=1ms count=6 path=/Users/didi/.workbuddy/plugins/known_marketplaces.json
[9/28/2026, 8:47:41 AM.201] [Info] [pid=4484] [PluginManager]  Found 1 orphaned built-in marketplace(s) to remove
[9/28/2026, 8:47:41 AM.202] [Info] [pid=4484] [MarketplaceStorage]  [MarketplaceStorage] doEnsureConfigFile ensureDir=0ms total=0ms dir=/Users/didi/.workbuddy/plugins
[9/28/2026, 8:47:41 AM.203] [Info] [pid=4484] [MarketplaceStorage]  [MarketplaceStorage] getMarketplaces ensureConfigFile=0ms readAndRepair=0ms migration=0ms total=1ms count=6 path=/Users/didi/.workbuddy/plugins/known_marketplaces.json
[9/28/2026, 8:47:41 AM.203] [Info] [pid=4484] [MarketplaceStorage]  [MarketplaceStorage] doEnsureConfigFile ensureDir=0ms total=0ms dir=/Users/didi/.workbuddy/plugins
[9/28/2026, 8:47:41 AM.205] [Info] [pid=4484] [PluginManager]  Removed orphaned marketplace: workbuddy-builtin
[9/28/2026, 8:47:41 AM.205] [Info] [pid=4484] [PluginManager]  Built-in marketplace 'codebuddy-plugins-official' declaration changed or its local source snapshot is incomplete; reconciling source
[9/28/2026, 8:47:41 AM.205] [Info] [pid=4484] [PluginManager]  Built-in marketplace 'cb_teams_marketplace' declaration changed or its local source snapshot is incomplete; reconciling source
[9/28/2026, 8:47:41 AM.205] [Info] [pid=4484] [PluginManager]  Installing 2 built-in marketplace(s) in parallel...
[9/28/2026, 8:47:41 AM.205] [Info] [pid=4484] [PluginManager]  Installing built-in marketplace 'codebuddy-plugins-official'...
[9/28/2026, 8:47:41 AM.205] [Info] [pid=4484] [PluginManager]  Adding marketplace from source: https://download.codebuddy.cn/plugin-marketplace/codebuddy-plugins-official.zip
[9/28/2026, 8:47:41 AM.205] [Info] [pid=4484] [PluginManager]  Installing built-in marketplace 'cb_teams_marketplace'...
[9/28/2026, 8:47:41 AM.205] [Info] [pid=4484] [PluginManager]  Adding marketplace from source: https://download.codebuddy.cn/plugin-marketplace/cb_teams_marketplace.zip
[9/28/2026, 8:47:41 AM.205] [Info] [pid=4484] [MarketplaceStorage]  [MarketplaceStorage] doEnsureConfigFile ensureDir=0ms total=0ms dir=/Users/didi/.workbuddy/plugins
[9/28/2026, 8:47:41 AM.207] [Info] [pid=4484] [MarketplaceStorage]  [MarketplaceStorage] getMarketplaces ensureConfigFile=0ms readAndRepair=1ms migration=0ms total=1ms count=5 path=/Users/didi/.workbuddy/plugins/known_marketplaces.json
[9/28/2026, 8:47:41 AM.207] [Info] [pid=4484] [MarketplaceStorage]  [MarketplaceStorage] getMarketplaces ensureConfigFile=0ms readAndRepair=1ms migration=0ms total=2ms count=5 path=/Users/didi/.workbuddy/plugins/known_marketplaces.json
[9/28/2026, 8:47:41 AM.207] [Info] [pid=4484] [MarketplaceStorage]  [MarketplaceStorage] doEnsureConfigFile ensureDir=0ms total=0ms dir=/Users/didi/.workbuddy/plugins
[9/28/2026, 8:47:41 AM.208] [Info] [pid=4484] [MarketplaceStorage]  [MarketplaceStorage] getMarketplaces ensureConfigFile=0ms readAndRepair=1ms migration=0ms total=1ms count=5 path=/Users/didi/.workbuddy/plugins/known_marketplaces.json
[9/28/2026, 8:47:41 AM.208] [Info] [pid=4484] [MarketplaceStorage]  [MarketplaceStorage] getMarketplaces ensureConfigFile=0ms readAndRepair=1ms migration=0ms total=1ms count=5 path=/Users/didi/.workbuddy/plugins/known_marketplaces.json
[9/28/2026, 8:47:41 AM.246] [Info] [pid=4484] [TracingService]  Galileo dual-report enabled: primary OTLP processor attached to global provider.
[9/28/2026, 8:47:41 AM.246] [Info] [pid=4484] [GalileoService] initialized successfully
[9/28/2026, 8:47:41 AM.246] [Info] [pid=4484] [GalileoService] detectGpuInfo started, platform: darwin
[9/28/2026, 8:47:41 AM.291] [Info] [pid=4484] [CloudProductManager]  fetch cloud product request headers: {"authorization":"***","user-agent":"WorkBuddy/5.6.2 WorkBuddy/5.6.2 CLI/2.147.0","x-domain":"www.workbuddy.cn","x-product":"SaaS","x-request-id":"53b7b20b794b4fc8b1c023895a8af6c3","x-user-id":"fdee3d54-95b6-4e9c-aaff-50ad9505aab4"}
[9/28/2026, 8:47:41 AM.291] [Info] [pid=4484] [CloudProductManager]  fetch cloud product from url:https://www.workbuddy.cn/v3/config success, agents(1): cli, models(53): auto,fast-model,balanced-model,deep-model,hy3,hy3-b,hy3-c,hy3-x,hy4-preview,hy4-preview-f,minimax-m2.5,glm-5v-turbo,glm-5.3,glm-5.3-flash,glm-5.2,glm-5.1,glm-5.0-turbo,glm-4.6v,kimi-k3-1,kimi-k2.8-preview,kimi-k2.7,kimi-k2.6,kimi-k2.5,kimi-k2-thinking,minimax-m3,minimax-m2.7,glm-4.6,deepseek-v4-flash,deepseek-v4.1-flash,deepseek-v4-pro,deepseek-v3-2-volc,deepseek-v3-1-volc,deepseek-v3-1-lkeap,deepseek-v3-1,deepseek-v3-0324-lkeap,deepseek-r1-0528-lkeap,kimi-k2-instruct-taiji,completion-gf,default-1.1,hunyuan-3b,hunyuan-7b-dense,codewise-completions,codewise-rewrite,codewise-nes-a4-027-aide,codewise-jump,deepseek-r1-0528,deepseek-v3-0324-taco-completion,deepseek-v3-0324,default-1.2,hunyuan-2.0-instruct,hunyuan-chat,hunyuan-image-alpha,hunyuan-image-alpha-edit, cli agent models(16): auto,hy4-preview-f,hy3,hy3-x,deepseek-v4.1-flash,glm-5.3,glm-5.3-flash,glm-5.2,glm-5.1,glm-5v-turbo,minimax-m3,kimi-k3-1,kimi-k2.8-preview,kimi-k2.7,kimi-k2.6,deepseek-v4-pro
[9/28/2026, 8:47:41 AM.291] [Info] [pid=4484] [CloudProductManager]  Fetched configuration from remote [227ms]
[9/28/2026, 8:47:41 AM.310] [Info] [pid=4484] [PluginsProductProvider.provide] active=8, ids=[weixinpay@workbuddy-builtin,tencent-docs-plugin@workbuddy-builtin,sheetagent@workbuddy-builtin,tencent-pptx@workbuddy-builtin,tencent-docx@workbuddy-builtin,agent-browser@codebuddy-plugins-official,find-skills@codebuddy-plugins-official,finance-data@cb_teams_marketplace]
[9/28/2026, 8:47:41 AM.310] [Info] [pid=4484] [MCP][cacheDbg] getConnectedServers() called: nonInteractive=true waitForSettle=false cacheNow=[] allServers=[]
[9/28/2026, 8:47:41 AM.310] [Info] [pid=4484] [MCP][cacheDbg] getConnectedServers() returning: [] (size=0)
[9/28/2026, 8:47:41 AM.317] [Info] [pid=4484] [WorkbuddyEnvAgentsPatchProductProvider] patched env agents via private spill: pathEnvKey=ACC_PRODUCT_CONFIG_PATH, before=19, after=23
[9/28/2026, 8:47:41 AM.319] [Info] [pid=4484] [CustomModelsProductProvider] productName=WorkBuddy, isWorkBuddy=true, userConfigPath=/Users/didi/.workbuddy/models.json
[9/28/2026, 8:47:41 AM.319] [Info] [pid=4484] Loaded custom models config from user: /Users/didi/.workbuddy/models.json
[9/28/2026, 8:47:41 AM.322] [Info] [pid=4484] [ModelsProductProvider] enterpriseId: undefined, endpoint: https://www.workbuddy.cn
[9/28/2026, 8:47:41 AM.322] [Warning] [pid=4484] [ModelsProductProvider] enterpriseId is missing, skipping models API call
[9/28/2026, 8:47:41 AM.323] [Info] [pid=4484] [AgentModelResolver] product config input: 53 models, 23 agents
[9/28/2026, 8:47:41 AM.339] [Info] [pid=4484] [PluginPolicyService]  [MergedPlugins][DEBUG] ProductManager.onDidChange fired, reloading policies...
[9/28/2026, 8:47:41 AM.339] [Info] [pid=4484] [PluginPolicyService]  [MergedPlugins][DEBUG] Current config builtInMarketPluginsMerge: [{"autoEnable":true,"marketplaceName":"codebuddy-plugins-official","name":"agent-browser","scope":"user"}]
[9/28/2026, 8:47:41 AM.339] [Info] [pid=4484] [PluginPolicyService]  [MergedPlugins] Loaded 1 merged plugin entries
[9/28/2026, 8:47:41 AM.339] [Info] [pid=4484] [PluginPolicyService]  [MergedPlugins] Merged plugins changed, firing onDidChange
[9/28/2026, 8:47:41 AM.339] [Info] [pid=4484] [PluginManager]  [ManagedPolicy][DEBUG] Policies changed, count=1, policies=["agent-browser@codebuddy-plugins-official"]
[9/28/2026, 8:47:41 AM.339] [Info] [pid=4484] [PluginManager]  [MergedPlugins] Applying 1 merged plugin policies...
[9/28/2026, 8:47:41 AM.339] [Info] [pid=4484] [PluginManager]  [MergedPlugins][DEBUG] applySinglePolicy called for agent-browser@codebuddy-plugins-official, scope=user, autoEnable=true
[9/28/2026, 8:47:41 AM.339] [Info] [pid=4484] [Startup] AgentManager.rebuildAgents: START
[9/28/2026, 8:47:41 AM.345] [Info] [pid=4484] [AgentManager] runtime cli agent view ready: 27 agents (used for registration and Agent tool descriptions)
[9/28/2026, 8:47:41 AM.345] [Info] [pid=4484] [Startup] McpReadyService.waitForServersReady: config projection triggered; network connections continue asynchronously
[9/28/2026, 8:47:41 AM.345] [Info] [pid=4484] [Startup] McpReadyService.waitForServersReady: config projection triggered; network connections continue asynchronously
[9/28/2026, 8:47:41 AM.346] [Info] [pid=4484] [Startup] McpReadyService.waitForServersReady: config projection triggered; network connections continue asynchronously
[9/28/2026, 8:47:41 AM.346] [Info] [pid=4484] [MCP][cacheDbg] getConnectedServers() called: nonInteractive=true waitForSettle=false cacheNow=[] allServers=[]
[9/28/2026, 8:47:41 AM.346] [Info] [pid=4484] [MCP][cacheDbg] getConnectedServers() returning: [] (size=0)
[9/28/2026, 8:47:41 AM.346] [Info] [pid=4484] [Startup] McpReadyService.waitForServersReady: config projection triggered; network connections continue asynchronously
[9/28/2026, 8:47:41 AM.346] [Info] [pid=4484] [Startup] McpReadyService.waitForServersReady: config projection triggered; network connections continue asynchronously
[9/28/2026, 8:47:41 AM.346] [Info] [pid=4484] [Startup] McpManager.list: starting (scope=all)
[9/28/2026, 8:47:41 AM.346] [Info] [pid=4484] [Startup] McpManager.list: starting (scope=all)
[9/28/2026, 8:47:41 AM.346] [Info] [pid=4484] [Startup] McpManager.list: starting (scope=all)
[9/28/2026, 8:47:41 AM.346] [Info] [pid=4484] [Startup] McpReadyService.waitForServersReady: config projection triggered; network connections continue asynchronously
[9/28/2026, 8:47:41 AM.347] [Info] [pid=4484] [Startup] McpReadyService.waitForServersReady: config projection triggered; network connections continue asynchronously
[9/28/2026, 8:47:41 AM.347] [Info] [pid=4484] [Startup] McpReadyService.waitForServersReady: config projection triggered; network connections continue asynchronously
[9/28/2026, 8:47:41 AM.347] [Info] [pid=4484] [Startup] McpManager.list: starting (scope=all)
[9/28/2026, 8:47:41 AM.347] [Info] [pid=4484] [Startup] McpManager.list: starting (scope=all)
[9/28/2026, 8:47:41 AM.347] [Info] [pid=4484] [MCP][cacheDbg] getConnectedServers() called: nonInteractive=true waitForSettle=false cacheNow=[] allServers=[]
[9/28/2026, 8:47:41 AM.347] [Info] [pid=4484] [MCP][cacheDbg] getConnectedServers() returning: [] (size=0)
[9/28/2026, 8:47:41 AM.347] [Info] [pid=4484] [MCP][cacheDbg] getConnectedServers() called: nonInteractive=true waitForSettle=false cacheNow=[] allServers=[]
[9/28/2026, 8:47:41 AM.347] [Info] [pid=4484] [MCP][cacheDbg] getConnectedServers() returning: [] (size=0)
[9/28/2026, 8:47:41 AM.347] [Info] [pid=4484] [MCP][cacheDbg] getConnectedServers() called: nonInteractive=true waitForSettle=false cacheNow=[] allServers=[]
[9/28/2026, 8:47:41 AM.347] [Info] [pid=4484] [MCP][cacheDbg] getConnectedServers() returning: [] (size=0)
[9/28/2026, 8:47:41 AM.348] [Info] [pid=4484] [Startup] McpManager.list: starting (scope=all)
[9/28/2026, 8:47:41 AM.348] [Info] [pid=4484] [Startup] McpManager.list: starting (scope=all)
[9/28/2026, 8:47:41 AM.348] [Info] [pid=4484] [Startup] McpManager.list: starting (scope=all)
[9/28/2026, 8:47:41 AM.348] [Info] [pid=4484] [MCP][cacheDbg] getConnectedServers() called: nonInteractive=true waitForSettle=false cacheNow=[] allServers=[]
[9/28/2026, 8:47:41 AM.348] [Info] [pid=4484] [MCP][cacheDbg] getConnectedServers() returning: [] (size=0)
[9/28/2026, 8:47:41 AM.348] [Info] [pid=4484] [MCP][cacheDbg] getConnectedServers() called: nonInteractive=true waitForSettle=false cacheNow=[] allServers=[]
[9/28/2026, 8:47:41 AM.348] [Info] [pid=4484] [MCP][cacheDbg] getConnectedServers() returning: [] (size=0)
[9/28/2026, 8:47:41 AM.348] [Info] [pid=4484] [MCP][buildMcpServers] wait breakdown: waitForServersReady=1ms getConnectedServers=0ms
[9/28/2026, 8:47:41 AM.348] [Info] [pid=4484] [MCP][buildMcpServers] connected servers=[] (count=0)
[9/28/2026, 8:47:41 AM.348] [Info] [pid=4484] [MCP][buildMcpServers] wait breakdown: waitForServersReady=1ms getConnectedServers=0ms
[9/28/2026, 8:47:41 AM.348] [Info] [pid=4484] [MCP][buildMcpServers] connected servers=[] (count=0)
[9/28/2026, 8:47:41 AM.348] [Info] [pid=4484] [MCP][buildMcpServers] wait breakdown: waitForServersReady=1ms getConnectedServers=0ms
[9/28/2026, 8:47:41 AM.348] [Info] [pid=4484] [MCP][buildMcpServers] connected servers=[] (count=0)
[9/28/2026, 8:47:41 AM.348] [Info] [pid=4484] [MCP][cacheDbg] getConnectedServers() called: nonInteractive=true waitForSettle=false cacheNow=[] allServers=[]
[9/28/2026, 8:47:41 AM.348] [Info] [pid=4484] [MCP][cacheDbg] getConnectedServers() returning: [] (size=0)
[9/28/2026, 8:47:41 AM.348] [Info] [pid=4484] [MCP][cacheDbg] getConnectedServers() called: nonInteractive=true waitForSettle=false cacheNow=[] allServers=[]
[9/28/2026, 8:47:41 AM.348] [Info] [pid=4484] [MCP][cacheDbg] getConnectedServers() returning: [] (size=0)
[9/28/2026, 8:47:41 AM.348] [Info] [pid=4484] [MCP][cacheDbg] getConnectedServers() called: nonInteractive=true waitForSettle=false cacheNow=[] allServers=[]
[9/28/2026, 8:47:41 AM.348] [Info] [pid=4484] [MCP][cacheDbg] getConnectedServers() returning: [] (size=0)
[9/28/2026, 8:47:41 AM.348] [Info] [pid=4484] [MCP][buildMcpServers] wait breakdown: waitForServersReady=1ms getConnectedServers=0ms
[9/28/2026, 8:47:41 AM.348] [Info] [pid=4484] [MCP][buildMcpServers] connected servers=[] (count=0)
[9/28/2026, 8:47:41 AM.348] [Info] [pid=4484] [MCP][buildMcpServers] wait breakdown: waitForServersReady=1ms getConnectedServers=0ms
[9/28/2026, 8:47:41 AM.348] [Info] [pid=4484] [MCP][buildMcpServers] connected servers=[] (count=0)
[9/28/2026, 8:47:41 AM.348] [Info] [pid=4484] [MCP][buildMcpServers] wait breakdown: waitForServersReady=1ms getConnectedServers=1ms
[9/28/2026, 8:47:41 AM.348] [Info] [pid=4484] [MCP][buildMcpServers] connected servers=[] (count=0)
[9/28/2026, 8:47:41 AM.348] [Info] [pid=4484] [MCP][buildMcpServers] wait breakdown: waitForServersReady=0ms getConnectedServers=1ms
[9/28/2026, 8:47:41 AM.348] [Info] [pid=4484] [MCP][buildMcpServers] connected servers=[] (count=0)
[9/28/2026, 8:47:41 AM.348] [Info] [pid=4484] [MCP][buildMcpServers] wait breakdown: waitForServersReady=0ms getConnectedServers=1ms
[9/28/2026, 8:47:41 AM.348] [Info] [pid=4484] [MCP][buildMcpServers] connected servers=[] (count=0)
[9/28/2026, 8:47:41 AM.349] [Info] [pid=4484] [MCP][registerAgent] agent=contextSummary mcpServers=[] (count=0) grantMcpAccess=false
[9/28/2026, 8:47:41 AM.349] [Info] [pid=4484] [MCP][registerAgent] agent=contentAnalyzer mcpServers=[] (count=0) grantMcpAccess=false
[9/28/2026, 8:47:41 AM.349] [Info] [pid=4484] [MCP][registerAgent] agent=terminalTitleGenerator mcpServers=[] (count=0) grantMcpAccess=false
[9/28/2026, 8:47:41 AM.349] [Info] [pid=4484] [MCP][registerAgent] agent=promptSuggestion mcpServers=[] (count=0) grantMcpAccess=false
[9/28/2026, 8:47:41 AM.349] [Info] [pid=4484] [MCP][registerAgent] agent=memorySelector mcpServers=[] (count=0) grantMcpAccess=false
[9/28/2026, 8:47:41 AM.349] [Info] [pid=4484] [MCP][registerAgent] agent=summaryGenerator mcpServers=[] (count=0) grantMcpAccess=false
[9/28/2026, 8:47:41 AM.349] [Info] [pid=4484] [MCP][registerAgent] agent=autoModeClassifier mcpServers=[] (count=0) grantMcpAccess=false
[9/28/2026, 8:47:41 AM.349] [Info] [pid=4484] [MCP][registerAgent] agent=promptHookEvaluator mcpServers=[] (count=0) grantMcpAccess=false
[9/28/2026, 8:47:41 AM.349] [Info] [pid=4484] [MCP][registerAgent] agent=insightsAnalyzer mcpServers=[] (count=0) grantMcpAccess=false
[9/28/2026, 8:47:41 AM.349] [Info] [pid=4484] [MCP][registerAgent] agent=agentInstructions mcpServers=[] (count=0) grantMcpAccess=false
[9/28/2026, 8:47:41 AM.349] [Info] [pid=4484] [Startup] McpManager.list: starting (scope=all)
[9/28/2026, 8:47:41 AM.352] [Info] [pid=4484] [MCP][cacheDbg] getConnectedServers() called: nonInteractive=true waitForSettle=false cacheNow=[] allServers=[]
[9/28/2026, 8:47:41 AM.352] [Info] [pid=4484] [MCP][cacheDbg] getConnectedServers() returning: [] (size=0)
[9/28/2026, 8:47:41 AM.352] [Info] [pid=4484] [McpResourceCatalog] resource capability: declared=[] knownFromCache=[] connected=0 -> enabled=false
[9/28/2026, 8:47:41 AM.353] [Info] [pid=4484] [Startup] McpConfigManager.list: loading scope=internal
[9/28/2026, 8:47:41 AM.353] [Info] [pid=4484] [Startup] McpConfigManager.list: scope=internal cache hit (0ms)
[9/28/2026, 8:47:41 AM.353] [Info] [pid=4484] [Startup] McpConfigManager.list: loading scope=internal
[9/28/2026, 8:47:41 AM.353] [Info] [pid=4484] [Startup] McpConfigManager.list: scope=internal cache hit (0ms)
[9/28/2026, 8:47:41 AM.353] [Info] [pid=4484] [MCP][cacheDbg] getConnectedServers() called: nonInteractive=true waitForSettle=false cacheNow=[] allServers=[]
[9/28/2026, 8:47:41 AM.353] [Info] [pid=4484] [MCP][cacheDbg] getConnectedServers() returning: [] (size=0)
[9/28/2026, 8:47:41 AM.353] [Info] [pid=4484] [MCP][cacheDbg] getConnectedServers() called: nonInteractive=true waitForSettle=false cacheNow=[] allServers=[]
[9/28/2026, 8:47:41 AM.353] [Info] [pid=4484] [MCP][cacheDbg] getConnectedServers() returning: [] (size=0)
[9/28/2026, 8:47:41 AM.353] [Info] [pid=4484] [MCP][cacheDbg] getConnectedServers() called: nonInteractive=true waitForSettle=false cacheNow=[] allServers=[]
[9/28/2026, 8:47:41 AM.353] [Info] [pid=4484] [MCP][cacheDbg] getConnectedServers() returning: [] (size=0)
[9/28/2026, 8:47:41 AM.353] [Info] [pid=4484] [MCP][cacheDbg] getConnectedServers() called: nonInteractive=true waitForSettle=false cacheNow=[] allServers=[]
[9/28/2026, 8:47:41 AM.353] [Info] [pid=4484] [MCP][cacheDbg] getConnectedServers() returning: [] (size=0)
[9/28/2026, 8:47:41 AM.353] [Info] [pid=4484] [Startup] McpConfigManager.list: loading scope=sdk
[9/28/2026, 8:47:41 AM.353] [Info] [pid=4484] [Startup] McpConfigManager.list: scope=sdk cache hit (0ms)
[9/28/2026, 8:47:41 AM.353] [Info] [pid=4484] [Startup] McpConfigManager.list: loading scope=sdk
[9/28/2026, 8:47:41 AM.353] [Info] [pid=4484] [Startup] McpConfigManager.list: scope=sdk cache hit (0ms)
[9/28/2026, 8:47:41 AM.353] [Info] [pid=4484] [MCP][cacheDbg] getConnectedServers() called: nonInteractive=true waitForSettle=false cacheNow=[] allServers=[]
[9/28/2026, 8:47:41 AM.353] [Info] [pid=4484] [MCP][cacheDbg] getConnectedServers() returning: [] (size=0)
[9/28/2026, 8:47:41 AM.353] [Info] [pid=4484] [MCP][cacheDbg] getConnectedServers() called: nonInteractive=true waitForSettle=false cacheNow=[] allServers=[]
[9/28/2026, 8:47:41 AM.353] [Info] [pid=4484] [MCP][cacheDbg] getConnectedServers() returning: [] (size=0)
[9/28/2026, 8:47:41 AM.353] [Info] [pid=4484] [McpResourceCatalog] resource capability: declared=[] knownFromCache=[] connected=0 -> enabled=false
[9/28/2026, 8:47:41 AM.353] [Info] [pid=4484] [McpResourceCatalog] resource capability: declared=[] knownFromCache=[] connected=0 -> enabled=false
[9/28/2026, 8:47:41 AM.353] [Info] [pid=4484] [McpResourceCatalog] resource capability: declared=[] knownFromCache=[] connected=0 -> enabled=false
[9/28/2026, 8:47:41 AM.353] [Info] [pid=4484] [McpResourceCatalog] resource capability: declared=[] knownFromCache=[] connected=0 -> enabled=false
[9/28/2026, 8:47:41 AM.353] [Info] [pid=4484] [Startup] McpConfigManager.list: loading scope=plugin
[9/28/2026, 8:47:41 AM.353] [Info] [pid=4484] [Startup] McpConfigManager.list: scope=plugin blocked by strict MCP config
[9/28/2026, 8:47:41 AM.353] [Info] [pid=4484] [Startup] McpConfigManager.list: loading scope=plugin
[9/28/2026, 8:47:41 AM.353] [Info] [pid=4484] [Startup] McpConfigManager.list: scope=plugin blocked by strict MCP config
[9/28/2026, 8:47:41 AM.353] [Info] [pid=4484] [MCP][cacheDbg] getConnectedServers() called: nonInteractive=true waitForSettle=false cacheNow=[] allServers=[]
[9/28/2026, 8:47:41 AM.353] [Info] [pid=4484] [MCP][cacheDbg] getConnectedServers() returning: [] (size=0)
[9/28/2026, 8:47:41 AM.353] [Info] [pid=4484] [MCP][cacheDbg] getConnectedServers() called: nonInteractive=true waitForSettle=false cacheNow=[] allServers=[]
[9/28/2026, 8:47:41 AM.353] [Info] [pid=4484] [MCP][cacheDbg] getConnectedServers() returning: [] (size=0)
[9/28/2026, 8:47:41 AM.353] [Info] [pid=4484] [MCP][cacheDbg] getConnectedServers() called: nonInteractive=true waitForSettle=false cacheNow=[] allServers=[]
[9/28/2026, 8:47:41 AM.353] [Info] [pid=4484] [MCP][cacheDbg] getConnectedServers() returning: [] (size=0)
[9/28/2026, 8:47:41 AM.353] [Info] [pid=4484] [MCP][cacheDbg] getConnectedServers() called: nonInteractive=true waitForSettle=false cacheNow=[] allServers=[]
[9/28/2026, 8:47:41 AM.353] [Info] [pid=4484] [MCP][cacheDbg] getConnectedServers() returning: [] (size=0)
[9/28/2026, 8:47:41 AM.353] [Info] [pid=4484] [MCP][cacheDbg] getConnectedServers() called: nonInteractive=true waitForSettle=false cacheNow=[] allServers=[]
[9/28/2026, 8:47:41 AM.353] [Info] [pid=4484] [MCP][cacheDbg] getConnectedServers() returning: [] (size=0)
[9/28/2026, 8:47:41 AM.353] [Info] [pid=4484] [MCP][cacheDbg] getConnectedServers() called: nonInteractive=true waitForSettle=false cacheNow=[] allServers=[]
[9/28/2026, 8:47:41 AM.353] [Info] [pid=4484] [MCP][cacheDbg] getConnectedServers() returning: [] (size=0)
[9/28/2026, 8:47:41 AM.353] [Info] [pid=4484] [McpResourceCatalog] resource capability: declared=[] knownFromCache=[] connected=0 -> enabled=false
[9/28/2026, 8:47:41 AM.353] [Info] [pid=4484] [McpResourceCatalog] resource capability: declared=[] knownFromCache=[] connected=0 -> enabled=false
[9/28/2026, 8:47:41 AM.354] [Info] [pid=4484] [Startup] McpConfigManager.list: loading scope=user
[9/28/2026, 8:47:41 AM.354] [Info] [pid=4484] [Startup] McpConfigManager.list: scope=user blocked by strict MCP config
[9/28/2026, 8:47:41 AM.354] [Info] [pid=4484] [Startup] McpConfigManager.list: loading scope=user
[9/28/2026, 8:47:41 AM.354] [Info] [pid=4484] [Startup] McpConfigManager.list: scope=user blocked by strict MCP config
[9/28/2026, 8:47:41 AM.354] [Info] [pid=4484] [McpResourceCatalog] resource capability: declared=[] knownFromCache=[] connected=0 -> enabled=false
[9/28/2026, 8:47:41 AM.354] [Info] [pid=4484] [McpResourceCatalog] resource capability: declared=[] knownFromCache=[] connected=0 -> enabled=false
[9/28/2026, 8:47:41 AM.354] [Info] [pid=4484] [McpResourceCatalog] resource capability: declared=[] knownFromCache=[] connected=0 -> enabled=false
[9/28/2026, 8:47:41 AM.354] [Info] [pid=4484] [McpResourceCatalog] resource capability: declared=[] knownFromCache=[] connected=0 -> enabled=false
[9/28/2026, 8:47:41 AM.354] [Info] [pid=4484] [McpResourceCatalog] resource capability: declared=[] knownFromCache=[] connected=0 -> enabled=false
[9/28/2026, 8:47:41 AM.354] [Info] [pid=4484] [McpResourceCatalog] resource capability: declared=[] knownFromCache=[] connected=0 -> enabled=false
[9/28/2026, 8:47:41 AM.354] [Info] [pid=4484] [Startup] McpConfigManager.list: loading scope=project
[9/28/2026, 8:47:41 AM.354] [Info] [pid=4484] [Startup] McpConfigManager.list: scope=project blocked by strict MCP config
[9/28/2026, 8:47:41 AM.354] [Info] [pid=4484] [Startup] McpConfigManager.list: loading scope=internal
[9/28/2026, 8:47:41 AM.354] [Info] [pid=4484] [Startup] McpConfigManager.list: scope=internal cache hit (0ms)
[9/28/2026, 8:47:41 AM.354] [Info] [pid=4484] [Startup] McpConfigManager.list: loading scope=project
[9/28/2026, 8:47:41 AM.354] [Info] [pid=4484] [Startup] McpConfigManager.list: scope=project blocked by strict MCP config
[9/28/2026, 8:47:41 AM.354] [Info] [pid=4484] [Startup] McpConfigManager.list: loading scope=local
[9/28/2026, 8:47:41 AM.354] [Info] [pid=4484] [Startup] McpConfigManager.list: scope=local blocked by strict MCP config
[9/28/2026, 8:47:41 AM.354] [Info] [pid=4484] [Startup] McpConfigManager.list: loading scope=sdk
[9/28/2026, 8:47:41 AM.354] [Info] [pid=4484] [Startup] McpConfigManager.list: scope=sdk cache hit (0ms)
[9/28/2026, 8:47:41 AM.354] [Info] [pid=4484] [Startup] McpConfigManager.list: loading scope=local
[9/28/2026, 8:47:41 AM.354] [Info] [pid=4484] [Startup] McpConfigManager.list: scope=local blocked by strict MCP config
[9/28/2026, 8:47:41 AM.354] [Info] [pid=4484] [SkillManageTool.isEnabled] ProductFeature.SkillManage=false, enabled=false, allFeatures={"GenerateCommitMessage":true,"InlineCompletions":true,"InlineChat":false,"CursorPositonPrefetching":true,"CompletionsPrefetching":true,"CompletionsResultFusion":true,"MultiFileWithPromptParam":false,"MultiFileWithSeparateParams":false,"CRLFCompatible":true,"TrimByIndentation":true,"MultiStepCompletions":false,"RemoveBelowExist":true,"CompletionsRelatedSnippets":true,"StatusBar":false,"CodeAction":true,"FloatShortcut":true,"CodeLens":true,"UseDefaultModelIfCurrentNotInList":false,"Mcp":true,"McpMarket":true,"MemoryManagement":true,"McpInstallationGuide":true,"SelectImage":true,"Aegis":false,"ProposalAPI":false,"NESNativeRenderer":false,"SwitchBySession":true,"AutoMode":true,"Billing":true,"InternationalLogin":true,"NesCompletions":false,"NesDocumentActiveChangeTrigger":false,"NesCompletionsPrefetching":true,"NESPrefetchingAfterEmptyCompletion":true,"TriggerNESAfterCompletionHasBeenAccepted":true,"NesRepeatFilter":false,"NesRepeatFilterV2":true,"NesRangeFix":false,"NesCompletionsJumpToHere":true,"ImportMetadataForCompletions":true,"CBChatUI":true,"CompletionItemsForCompletions":true,"WebFetch":true,"SummaryWebFetch":true,"WebSearch":true,"DynamicAddWebSearch":true,"Task":true,"EnhancedCompletionRequest":false,"ReportAfterCancel":false,"RequestBodyGzip":true,"StandaloneTerminal":true,"Skills":true,"SkillSecurityScan":true,"SelectComponent":true,"UIComponentLibrary":true,"CustomModelsJSON":true,"ImageGen":true,"FileDiffHistory":false,"Inspiration":false,"Connector":true,"Agents":true,"BillingNotice":false,"CloudAgentsSmartMerge":true,"CustomModelIdPrefix":true,"DeferToolLoading":true,"ImageEdit":false,"VideoGen":true,"ScheduledTasks":true,"SkillManage":false,"SkipToolCallSupportCheck":false,"EnableEnterpriseCustomModelPolicy":true,"EnableEnterpriseSkillUploadPolicy":true,"WeixinPayInterception":true,"HomePracticeCases":false,"EnableClientMenuInAppNavigation":false,"ShareLink":true,"Artifact":true,"BrowserUse":false,"ComputerUse":false,"BeforeConversationRecommend":false,"PerfMetrics":true,"SkillRecommend":true,"ProjectLocalTask":true,"DisableCloudSkillSync":true,"DisableCloudExpertSync":true,"CrashReportToggle":true,"MessageQueueDeferredDispatch":true,"NetworkFailover":true,"Sandbox":true,"SandboxFileVersionManagement":false,"KnowledgeBase":true,"TencentDocsKnowledge":true,"TencentPptxBuiltinDefaultEnabled":true,"SystemProxyDetection":true,"TencentLexiangKnowledge":true,"ImaKnowledge":true,"TencentNetDriveKnowledge":true,"ContextSummaryAgent":true,"enablePreMessageCompact":true,"HtmlPreviewShare":true,"EnableArdot":true,"EnableSecurityCenter":true,"DisableIdentityCustomization":true,"AllowIdentityNameEdit":true,"EnableAutoModelTiers":true,"DisableShareFeature":false,"DisablePublishedApps":false,"DisableArchivedTasks":false,"DisableCheckin":false,"DisableActivityBanner":false,"EnableAppearance":true,"DisableCreditsEntry":false,"DisableCreditPurchaseGuide":false,"DisableVoiceInput":false,"EnableWecomAibotCustomWsUrl":true,"ChannelSlack":false,"ChannelTelegram":false,"ChannelDiscord":false,"ChannelWechatKf":true,"DisableYuanbaoChannel":true,"EnableEnterpriseLicenseCheck":true,"EnableClawChannelControl":true,"PoiMap":false,"QuickQa":false,"ShowAboutQRCodes":true,"AgentMail":true,"ChatPromptFrictionAnalysis":true,"CodeAdoptionRate":false,"Codebase":false,"DesktopCloudTaskEntry":true,"DisableHtmlStreamUIShow":true,"EnableMobileConnectV2":true,"EnableWechatShareFile":false,"ExploreFeature":false,"HomePlaybooks":true,"MaxMode":true,"Space":true,"TencentDesignX":true,"TencentDocsAiEdit":true,"TencentDocsAiEditEnterprise":true,"TodoAssistantDelegate":false,"WebBrowserFetch":true}
[9/28/2026, 8:47:41 AM.354] [Info] [pid=4484] [SkillManageTool.isEnabled] ProductFeature.SkillManage=false, enabled=false, allFeatures={"GenerateCommitMessage":true,"InlineCompletions":true,"InlineChat":false,"CursorPositonPrefetching":true,"CompletionsPrefetching":true,"CompletionsResultFusion":true,"MultiFileWithPromptParam":false,"MultiFileWithSeparateParams":false,"CRLFCompatible":true,"TrimByIndentation":true,"MultiStepCompletions":false,"RemoveBelowExist":true,"CompletionsRelatedSnippets":true,"StatusBar":false,"CodeAction":true,"FloatShortcut":true,"CodeLens":true,"UseDefaultModelIfCurrentNotInList":false,"Mcp":true,"McpMarket":true,"MemoryManagement":true,"McpInstallationGuide":true,"SelectImage":true,"Aegis":false,"ProposalAPI":false,"NESNativeRenderer":false,"SwitchBySession":true,"AutoMode":true,"Billing":true,"InternationalLogin":true,"NesCompletions":false,"NesDocumentActiveChangeTrigger":false,"NesCompletionsPrefetching":true,"NESPrefetchingAfterEmptyCompletion":true,"TriggerNESAfterCompletionHasBeenAccepted":true,"NesRepeatFilter":false,"NesRepeatFilterV2":true,"NesRangeFix":false,"NesCompletionsJumpToHere":true,"ImportMetadataForCompletions":true,"CBChatUI":true,"CompletionItemsForCompletions":true,"WebFetch":true,"SummaryWebFetch":true,"WebSearch":true,"DynamicAddWebSearch":true,"Task":true,"EnhancedCompletionRequest":false,"ReportAfterCancel":false,"RequestBodyGzip":true,"StandaloneTerminal":true,"Skills":true,"SkillSecurityScan":true,"SelectComponent":true,"UIComponentLibrary":true,"CustomModelsJSON":true,"ImageGen":true,"FileDiffHistory":false,"Inspiration":false,"Connector":true,"Agents":true,"BillingNotice":false,"CloudAgentsSmartMerge":true,"CustomModelIdPrefix":true,"DeferToolLoading":true,"ImageEdit":false,"VideoGen":true,"ScheduledTasks":true,"SkillManage":false,"SkipToolCallSupportCheck":false,"EnableEnterpriseCustomModelPolicy":true,"EnableEnterpriseSkillUploadPolicy":true,"WeixinPayInterception":true,"HomePracticeCases":false,"EnableClientMenuInAppNavigation":false,"ShareLink":true,"Artifact":true,"BrowserUse":false,"ComputerUse":false,"BeforeConversationRecommend":false,"PerfMetrics":true,"SkillRecommend":true,"ProjectLocalTask":true,"DisableCloudSkillSync":true,"DisableCloudExpertSync":true,"CrashReportToggle":true,"MessageQueueDeferredDispatch":true,"NetworkFailover":true,"Sandbox":true,"SandboxFileVersionManagement":false,"KnowledgeBase":true,"TencentDocsKnowledge":true,"TencentPptxBuiltinDefaultEnabled":true,"SystemProxyDetection":true,"TencentLexiangKnowledge":true,"ImaKnowledge":true,"TencentNetDriveKnowledge":true,"ContextSummaryAgent":true,"enablePreMessageCompact":true,"HtmlPreviewShare":true,"EnableArdot":true,"EnableSecurityCenter":true,"DisableIdentityCustomization":true,"AllowIdentityNameEdit":true,"EnableAutoModelTiers":true,"DisableShareFeature":false,"DisablePublishedApps":false,"DisableArchivedTasks":false,"DisableCheckin":false,"DisableActivityBanner":false,"EnableAppearance":true,"DisableCreditsEntry":false,"DisableCreditPurchaseGuide":false,"DisableVoiceInput":false,"EnableWecomAibotCustomWsUrl":true,"ChannelSlack":false,"ChannelTelegram":false,"ChannelDiscord":false,"ChannelWechatKf":true,"DisableYuanbaoChannel":true,"EnableEnterpriseLicenseCheck":true,"EnableClawChannelControl":true,"PoiMap":false,"QuickQa":false,"ShowAboutQRCodes":true,"AgentMail":true,"ChatPromptFrictionAnalysis":true,"CodeAdoptionRate":false,"Codebase":false,"DesktopCloudTaskEntry":true,"DisableHtmlStreamUIShow":true,"EnableMobileConnectV2":true,"EnableWechatShareFile":false,"ExploreFeature":false,"HomePlaybooks":true,"MaxMode":true,"Space":true,"TencentDesignX":true,"TencentDocsAiEdit":true,"TencentDocsAiEditEnterprise":true,"TodoAssistantDelegate":false,"WebBrowserFetch":true}
[9/28/2026, 8:47:41 AM.354] [Info] [pid=4484] [SkillManageTool.isEnabled] ProductFeature.SkillManage=false, enabled=false, allFeatures={"GenerateCommitMessage":true,"InlineCompletions":true,"InlineChat":false,"CursorPositonPrefetching":true,"CompletionsPrefetching":true,"CompletionsResultFusion":true,"MultiFileWithPromptParam":false,"MultiFileWithSeparateParams":false,"CRLFCompatible":true,"TrimByIndentation":true,"MultiStepCompletions":false,"RemoveBelowExist":true,"CompletionsRelatedSnippets":true,"StatusBar":false,"CodeAction":true,"FloatShortcut":true,"CodeLens":true,"UseDefaultModelIfCurrentNotInList":false,"Mcp":true,"McpMarket":true,"MemoryManagement":true,"McpInstallationGuide":true,"SelectImage":true,"Aegis":false,"ProposalAPI":false,"NESNativeRenderer":false,"SwitchBySession":true,"AutoMode":true,"Billing":true,"InternationalLogin":true,"NesCompletions":false,"NesDocumentActiveChangeTrigger":false,"NesCompletionsPrefetching":true,"NESPrefetchingAfterEmptyCompletion":true,"TriggerNESAfterCompletionHasBeenAccepted":true,"NesRepeatFilter":false,"NesRepeatFilterV2":true,"NesRangeFix":false,"NesCompletionsJumpToHere":true,"ImportMetadataForCompletions":true,"CBChatUI":true,"CompletionItemsForCompletions":true,"WebFetch":true,"SummaryWebFetch":true,"WebSearch":true,"DynamicAddWebSearch":true,"Task":true,"EnhancedCompletionRequest":false,"ReportAfterCancel":false,"RequestBodyGzip":true,"StandaloneTerminal":true,"Skills":true,"SkillSecurityScan":true,"SelectComponent":true,"UIComponentLibrary":true,"CustomModelsJSON":true,"ImageGen":true,"FileDiffHistory":false,"Inspiration":false,"Connector":true,"Agents":true,"BillingNotice":false,"CloudAgentsSmartMerge":true,"CustomModelIdPrefix":true,"DeferToolLoading":true,"ImageEdit":false,"VideoGen":true,"ScheduledTasks":true,"SkillManage":false,"SkipToolCallSupportCheck":false,"EnableEnterpriseCustomModelPolicy":true,"EnableEnterpriseSkillUploadPolicy":true,"WeixinPayInterception":true,"HomePracticeCases":false,"EnableClientMenuInAppNavigation":false,"ShareLink":true,"Artifact":true,"BrowserUse":false,"ComputerUse":false,"BeforeConversationRecommend":false,"PerfMetrics":true,"SkillRecommend":true,"ProjectLocalTask":true,"DisableCloudSkillSync":true,"DisableCloudExpertSync":true,"CrashReportToggle":true,"MessageQueueDeferredDispatch":true,"NetworkFailover":true,"Sandbox":true,"SandboxFileVersionManagement":false,"KnowledgeBase":true,"TencentDocsKnowledge":true,"TencentPptxBuiltinDefaultEnabled":true,"SystemProxyDetection":true,"TencentLexiangKnowledge":true,"ImaKnowledge":true,"TencentNetDriveKnowledge":true,"ContextSummaryAgent":true,"enablePreMessageCompact":true,"HtmlPreviewShare":true,"EnableArdot":true,"EnableSecurityCenter":true,"DisableIdentityCustomization":true,"AllowIdentityNameEdit":true,"EnableAutoModelTiers":true,"DisableShareFeature":false,"DisablePublishedApps":false,"DisableArchivedTasks":false,"DisableCheckin":false,"DisableActivityBanner":false,"EnableAppearance":true,"DisableCreditsEntry":false,"DisableCreditPurchaseGuide":false,"DisableVoiceInput":false,"EnableWecomAibotCustomWsUrl":true,"ChannelSlack":false,"ChannelTelegram":false,"ChannelDiscord":false,"ChannelWechatKf":true,"DisableYuanbaoChannel":true,"EnableEnterpriseLicenseCheck":true,"EnableClawChannelControl":true,"PoiMap":false,"QuickQa":false,"ShowAboutQRCodes":true,"AgentMail":true,"ChatPromptFrictionAnalysis":true,"CodeAdoptionRate":false,"Codebase":false,"DesktopCloudTaskEntry":true,"DisableHtmlStreamUIShow":true,"EnableMobileConnectV2":true,"EnableWechatShareFile":false,"ExploreFeature":false,"HomePlaybooks":true,"MaxMode":true,"Space":true,"TencentDesignX":true,"TencentDocsAiEdit":true,"TencentDocsAiEditEnterprise":true,"TodoAssistantDelegate":false,"WebBrowserFetch":true}
[9/28/2026, 8:47:41 AM.354] [Info] [pid=4484] [Startup] McpConfigManager.list: loading scope=dynamic
[9/28/2026, 8:47:41 AM.354] [Info] [pid=4484] [Startup] McpConfigManager.list: scope=dynamic cache hit (0ms)
[9/28/2026, 8:47:41 AM.354] [Info] [pid=4484] [Startup] McpConfigManager.list: loading scope=plugin
[9/28/2026, 8:47:41 AM.354] [Info] [pid=4484] [Startup] McpConfigManager.list: scope=plugin blocked by strict MCP config
[9/28/2026, 8:47:41 AM.354] [Info] [pid=4484] [Startup] McpConfigManager.list: loading scope=dynamic
[9/28/2026, 8:47:41 AM.354] [Info] [pid=4484] [Startup] McpConfigManager.list: scope=dynamic cache hit (0ms)
[9/28/2026, 8:47:41 AM.354] [Info] [pid=4484] [Startup] McpConfigManager.list: loading scope=user
[9/28/2026, 8:47:41 AM.354] [Info] [pid=4484] [Startup] McpConfigManager.list: scope=user blocked by strict MCP config
[9/28/2026, 8:47:41 AM.355] [Info] [pid=4484] [Startup] McpConfigManager.list: loading scope=internal
[9/28/2026, 8:47:41 AM.355] [Info] [pid=4484] [Startup] McpConfigManager.list: scope=internal cache hit (0ms)
[9/28/2026, 8:47:41 AM.355] [Info] [pid=4484] [Startup] McpConfigManager.list: loading scope=internal
[9/28/2026, 8:47:41 AM.355] [Info] [pid=4484] [Startup] McpConfigManager.list: scope=internal cache hit (0ms)
[9/28/2026, 8:47:41 AM.355] [Info] [pid=4484] [Startup] McpConfigManager.list: loading scope=project
[9/28/2026, 8:47:41 AM.355] [Info] [pid=4484] [Startup] McpConfigManager.list: scope=project blocked by strict MCP config
[9/28/2026, 8:47:41 AM.355] [Info] [pid=4484] [Startup] McpConfigManager.list: loading scope=internal
[9/28/2026, 8:47:41 AM.355] [Info] [pid=4484] [Startup] McpConfigManager.list: scope=internal cache hit (0ms)
[9/28/2026, 8:47:41 AM.355] [Info] [pid=4484] [Startup] McpConfigManager.list: loading scope=sdk
[9/28/2026, 8:47:41 AM.355] [Info] [pid=4484] [Startup] McpConfigManager.list: scope=sdk cache hit (0ms)
[9/28/2026, 8:47:41 AM.355] [Info] [pid=4484] [Startup] McpConfigManager.list: loading scope=sdk
[9/28/2026, 8:47:41 AM.355] [Info] [pid=4484] [Startup] McpConfigManager.list: scope=sdk cache hit (0ms)
[9/28/2026, 8:47:41 AM.355] [Info] [pid=4484] [Startup] McpManager.list: starting (scope=all)
[9/28/2026, 8:47:41 AM.355] [Info] [pid=4484] [Startup] McpConfigManager.list: loading scope=local
[9/28/2026, 8:47:41 AM.355] [Info] [pid=4484] [Startup] McpConfigManager.list: scope=local blocked by strict MCP config
[9/28/2026, 8:47:41 AM.355] [Info] [pid=4484] [Startup] McpManager.list: starting (scope=all)
[9/28/2026, 8:47:41 AM.355] [Info] [pid=4484] [Startup] McpConfigManager.list: loading scope=sdk
[9/28/2026, 8:47:41 AM.355] [Info] [pid=4484] [Startup] McpConfigManager.list: scope=sdk cache hit (0ms)
[9/28/2026, 8:47:41 AM.355] [Info] [pid=4484] [Startup] McpConfigManager.list: loading scope=plugin
[9/28/2026, 8:47:41 AM.355] [Info] [pid=4484] [Startup] McpConfigManager.list: scope=plugin blocked by strict MCP config
[9/28/2026, 8:47:41 AM.355] [Info] [pid=4484] [Startup] McpConfigManager.list: loading scope=plugin
[9/28/2026, 8:47:41 AM.355] [Info] [pid=4484] [Startup] McpConfigManager.list: scope=plugin blocked by strict MCP config
[9/28/2026, 8:47:41 AM.355] [Info] [pid=4484] [Startup] McpConfigManager.list: loading scope=dynamic
[9/28/2026, 8:47:41 AM.355] [Info] [pid=4484] [Startup] McpConfigManager.list: scope=dynamic cache hit (0ms)
[9/28/2026, 8:47:41 AM.355] [Info] [pid=4484] [SkillManageTool.isEnabled] ProductFeature.SkillManage=false, enabled=false, allFeatures={"GenerateCommitMessage":true,"InlineCompletions":true,"InlineChat":false,"CursorPositonPrefetching":true,"CompletionsPrefetching":true,"CompletionsResultFusion":true,"MultiFileWithPromptParam":false,"MultiFileWithSeparateParams":false,"CRLFCompatible":true,"TrimByIndentation":true,"MultiStepCompletions":false,"RemoveBelowExist":true,"CompletionsRelatedSnippets":true,"StatusBar":false,"CodeAction":true,"FloatShortcut":true,"CodeLens":true,"UseDefaultModelIfCurrentNotInList":false,"Mcp":true,"McpMarket":true,"MemoryManagement":true,"McpInstallationGuide":true,"SelectImage":true,"Aegis":false,"ProposalAPI":false,"NESNativeRenderer":false,"SwitchBySession":true,"AutoMode":true,"Billing":true,"InternationalLogin":true,"NesCompletions":false,"NesDocumentActiveChangeTrigger":false,"NesCompletionsPrefetching":true,"NESPrefetchingAfterEmptyCompletion":true,"TriggerNESAfterCompletionHasBeenAccepted":true,"NesRepeatFilter":false,"NesRepeatFilterV2":true,"NesRangeFix":false,"NesCompletionsJumpToHere":true,"ImportMetadataForCompletions":true,"CBChatUI":true,"CompletionItemsForCompletions":true,"WebFetch":true,"SummaryWebFetch":true,"WebSearch":true,"DynamicAddWebSearch":true,"Task":true,"EnhancedCompletionRequest":false,"ReportAfterCancel":false,"RequestBodyGzip":true,"StandaloneTerminal":true,"Skills":true,"SkillSecurityScan":true,"SelectComponent":true,"UIComponentLibrary":true,"CustomModelsJSON":true,"ImageGen":true,"FileDiffHistory":false,"Inspiration":false,"Connector":true,"Agents":true,"BillingNotice":false,"CloudAgentsSmartMerge":true,"CustomModelIdPrefix":true,"DeferToolLoading":true,"ImageEdit":false,"VideoGen":true,"ScheduledTasks":true,"SkillManage":false,"SkipToolCallSupportCheck":false,"EnableEnterpriseCustomModelPolicy":true,"EnableEnterpriseSkillUploadPolicy":true,"WeixinPayInterception":true,"HomePracticeCases":false,"EnableClientMenuInAppNavigation":false,"ShareLink":true,"Artifact":true,"BrowserUse":false,"ComputerUse":false,"BeforeConversationRecommend":false,"PerfMetrics":true,"SkillRecommend":true,"ProjectLocalTask":true,"DisableCloudSkillSync":true,"DisableCloudExpertSync":true,"CrashReportToggle":true,"MessageQueueDeferredDispatch":true,"NetworkFailover":true,"Sandbox":true,"SandboxFileVersionManagement":false,"KnowledgeBase":true,"TencentDocsKnowledge":true,"TencentPptxBuiltinDefaultEnabled":true,"SystemProxyDetection":true,"TencentLexiangKnowledge":true,"ImaKnowledge":true,"TencentNetDriveKnowledge":true,"ContextSummaryAgent":true,"enablePreMessageCompact":true,"HtmlPreviewShare":true,"EnableArdot":true,"EnableSecurityCenter":true,"DisableIdentityCustomization":true,"AllowIdentityNameEdit":true,"EnableAutoModelTiers":true,"DisableShareFeature":false,"DisablePublishedApps":false,"DisableArchivedTasks":false,"DisableCheckin":false,"DisableActivityBanner":false,"EnableAppearance":true,"DisableCreditsEntry":false,"DisableCreditPurchaseGuide":false,"DisableVoiceInput":false,"EnableWecomAibotCustomWsUrl":true,"ChannelSlack":false,"ChannelTelegram":false,"ChannelDiscord":false,"ChannelWechatKf":true,"DisableYuanbaoChannel":true,"EnableEnterpriseLicenseCheck":true,"EnableClawChannelControl":true,"PoiMap":false,"QuickQa":false,"ShowAboutQRCodes":true,"AgentMail":true,"ChatPromptFrictionAnalysis":true,"CodeAdoptionRate":false,"Codebase":false,"DesktopCloudTaskEntry":true,"DisableHtmlStreamUIShow":true,"EnableMobileConnectV2":true,"EnableWechatShareFile":false,"ExploreFeature":false,"HomePlaybooks":true,"MaxMode":true,"Space":true,"TencentDesignX":true,"TencentDocsAiEdit":true,"TencentDocsAiEditEnterprise":true,"TodoAssistantDelegate":false,"WebBrowserFetch":true}
[9/28/2026, 8:47:41 AM.355] [Info] [pid=4484] [Startup] McpConfigManager.list: loading scope=plugin
[9/28/2026, 8:47:41 AM.355] [Info] [pid=4484] [Startup] McpConfigManager.list: scope=plugin blocked by strict MCP config
[9/28/2026, 8:47:41 AM.355] [Info] [pid=4484] [Startup] McpConfigManager.list: loading scope=user
[9/28/2026, 8:47:41 AM.355] [Info] [pid=4484] [Startup] McpConfigManager.list: scope=user blocked by strict MCP config
[9/28/2026, 8:47:41 AM.355] [Info] [pid=4484] [Startup] McpConfigManager.list: loading scope=user
[9/28/2026, 8:47:41 AM.355] [Info] [pid=4484] [Startup] McpConfigManager.list: scope=user blocked by strict MCP config
[9/28/2026, 8:47:41 AM.355] [Info] [pid=4484] [MCP][registerAgent] agent=compact mcpServers=[] (count=0) grantMcpAccess=false
[9/28/2026, 8:47:41 AM.355] [Info] [pid=4484] [Startup] McpManager.list: starting (scope=all)
[9/28/2026, 8:47:41 AM.355] [Info] [pid=4484] [Startup] McpManager.list: starting (scope=all)
[9/28/2026, 8:47:41 AM.355] [Info] [pid=4484] [MCP][registerAgent] agent=pulse mcpServers=[] (count=0) grantMcpAccess=false
[9/28/2026, 8:47:41 AM.355] [Info] [pid=4484] [MCP][registerAgent] agent=handoff-summary mcpServers=[] (count=0) grantMcpAccess=false
[9/28/2026, 8:47:41 AM.355] [Info] [pid=4484] [MCP][registerAgent] agent=enhance-prompt mcpServers=[] (count=0) grantMcpAccess=false
[9/28/2026, 8:47:41 AM.355] [Info] [pid=4484] [Startup] McpConfigManager.list: loading scope=user
[9/28/2026, 8:47:41 AM.355] [Info] [pid=4484] [Startup] McpConfigManager.list: scope=user blocked by strict MCP config
[9/28/2026, 8:47:41 AM.355] [Info] [pid=4484] [Startup] McpConfigManager.list: loading scope=project
[9/28/2026, 8:47:41 AM.355] [Info] [pid=4484] [Startup] McpConfigManager.list: scope=project blocked by strict MCP config
[9/28/2026, 8:47:41 AM.355] [Info] [pid=4484] [Startup] McpConfigManager.list: loading scope=project
[9/28/2026, 8:47:41 AM.355] [Info] [pid=4484] [Startup] McpConfigManager.list: scope=project blocked by strict MCP config
[9/28/2026, 8:47:41 AM.355] [Info] [pid=4484] [MCP][cacheDbg] getConnectedServers() called: nonInteractive=true waitForSettle=false cacheNow=[] allServers=[]
[9/28/2026, 8:47:41 AM.355] [Info] [pid=4484] [MCP][cacheDbg] getConnectedServers() returning: [] (size=0)
[9/28/2026, 8:47:41 AM.355] [Info] [pid=4484] [Startup] McpConfigManager.list: loading scope=project
[9/28/2026, 8:47:41 AM.355] [Info] [pid=4484] [Startup] McpConfigManager.list: scope=project blocked by strict MCP config
[9/28/2026, 8:47:41 AM.355] [Info] [pid=4484] [Startup] McpConfigManager.list: loading scope=local
[9/28/2026, 8:47:41 AM.355] [Info] [pid=4484] [Startup] McpConfigManager.list: scope=local blocked by strict MCP config
[9/28/2026, 8:47:41 AM.355] [Info] [pid=4484] [Startup] McpConfigManager.list: loading scope=local
[9/28/2026, 8:47:41 AM.355] [Info] [pid=4484] [Startup] McpConfigManager.list: scope=local blocked by strict MCP config
[9/28/2026, 8:47:41 AM.355] [Info] [pid=4484] [Startup] McpManager.list: starting (scope=all)
[9/28/2026, 8:47:41 AM.355] [Info] [pid=4484] [MCP][registerAgent] agent=sheet-agent mcpServers=[] (count=0) grantMcpAccess=true
[9/28/2026, 8:47:41 AM.355] [Info] [pid=4484] [McpResourceCatalog] resource capability: declared=[] knownFromCache=[] connected=0 -> enabled=false
[9/28/2026, 8:47:41 AM.355] [Info] [pid=4484] [Startup] McpConfigManager.list: loading scope=local
[9/28/2026, 8:47:41 AM.355] [Info] [pid=4484] [Startup] McpConfigManager.list: scope=local blocked by strict MCP config
[9/28/2026, 8:47:41 AM.355] [Info] [pid=4484] [Startup] McpConfigManager.list: loading scope=dynamic
[9/28/2026, 8:47:41 AM.355] [Info] [pid=4484] [Startup] McpConfigManager.list: scope=dynamic cache hit (0ms)
[9/28/2026, 8:47:41 AM.355] [Info] [pid=4484] [Startup] McpConfigManager.list: loading scope=dynamic
[9/28/2026, 8:47:41 AM.355] [Info] [pid=4484] [Startup] McpConfigManager.list: scope=dynamic cache hit (0ms)
[9/28/2026, 8:47:41 AM.355] [Info] [pid=4484] [Startup] McpConfigManager.list: loading scope=dynamic
[9/28/2026, 8:47:41 AM.355] [Info] [pid=4484] [Startup] McpConfigManager.list: scope=dynamic cache hit (0ms)
[9/28/2026, 8:47:41 AM.355] [Info] [pid=4484] [Startup] McpManager.list: starting (scope=all)
[9/28/2026, 8:47:41 AM.355] [Info] [pid=4484] [Startup] McpManager.list: starting (scope=all)
[9/28/2026, 8:47:41 AM.355] [Info] [pid=4484] [Startup] McpManager.list: starting (scope=all)
[9/28/2026, 8:47:41 AM.355] [Info] [pid=4484] [Startup] McpManager.list: starting (scope=all)
[9/28/2026, 8:47:41 AM.355] [Info] [pid=4484] [Startup] McpManager.list: starting (scope=all)
[9/28/2026, 8:47:41 AM.355] [Info] [pid=4484] [Startup] McpManager.list: starting (scope=all)
[9/28/2026, 8:47:41 AM.355] [Info] [pid=4484] [Startup] McpConfigManager.list: loading scope=internal
[9/28/2026, 8:47:41 AM.355] [Info] [pid=4484] [Startup] McpConfigManager.list: scope=internal cache hit (0ms)
[9/28/2026, 8:47:41 AM.355] [Info] [pid=4484] [Startup] McpConfigManager.list: loading scope=internal
[9/28/2026, 8:47:41 AM.355] [Info] [pid=4484] [Startup] McpConfigManager.list: scope=internal cache hit (0ms)
[9/28/2026, 8:47:41 AM.355] [Info] [pid=4484] [Startup] McpConfigManager.list: loading scope=internal
[9/28/2026, 8:47:41 AM.355] [Info] [pid=4484] [Startup] McpConfigManager.list: scope=internal cache hit (0ms)
[9/28/2026, 8:47:41 AM.355] [Info] [pid=4484] [Startup] McpManager.list: starting (scope=all)
[9/28/2026, 8:47:41 AM.355] [Info] [pid=4484] [Startup] McpConfigManager.list: loading scope=sdk
[9/28/2026, 8:47:41 AM.355] [Info] [pid=4484] [Startup] McpConfigManager.list: scope=sdk cache hit (0ms)
[9/28/2026, 8:47:41 AM.356] [Info] [pid=4484] [Startup] McpConfigManager.list: loading scope=sdk
[9/28/2026, 8:47:41 AM.356] [Info] [pid=4484] [Startup] McpConfigManager.list: scope=sdk cache hit (0ms)
[9/28/2026, 8:47:41 AM.356] [Info] [pid=4484] [Startup] McpConfigManager.list: loading scope=sdk
[9/28/2026, 8:47:41 AM.356] [Info] [pid=4484] [Startup] McpConfigManager.list: scope=sdk cache hit (0ms)
[9/28/2026, 8:47:41 AM.356] [Info] [pid=4484] [Startup] McpConfigManager.list: loading scope=plugin
[9/28/2026, 8:47:41 AM.356] [Info] [pid=4484] [Startup] McpConfigManager.list: scope=plugin blocked by strict MCP config
[9/28/2026, 8:47:41 AM.356] [Info] [pid=4484] [Startup] McpConfigManager.list: loading scope=plugin
[9/28/2026, 8:47:41 AM.356] [Info] [pid=4484] [Startup] McpConfigManager.list: scope=plugin blocked by strict MCP config
[9/28/2026, 8:47:41 AM.356] [Info] [pid=4484] [Startup] McpConfigManager.list: loading scope=plugin
[9/28/2026, 8:47:41 AM.356] [Info] [pid=4484] [Startup] McpConfigManager.list: scope=plugin blocked by strict MCP config
[9/28/2026, 8:47:41 AM.356] [Info] [pid=4484] [Startup] McpConfigManager.list: loading scope=user
[9/28/2026, 8:47:41 AM.356] [Info] [pid=4484] [Startup] McpConfigManager.list: scope=user blocked by strict MCP config
[9/28/2026, 8:47:41 AM.356] [Info] [pid=4484] [Startup] McpConfigManager.list: loading scope=user
[9/28/2026, 8:47:41 AM.356] [Info] [pid=4484] [Startup] McpConfigManager.list: scope=user blocked by strict MCP config
[9/28/2026, 8:47:41 AM.356] [Info] [pid=4484] [Startup] McpConfigManager.list: loading scope=user
[9/28/2026, 8:47:41 AM.356] [Info] [pid=4484] [Startup] McpConfigManager.list: scope=user blocked by strict MCP config
[9/28/2026, 8:47:41 AM.356] [Info] [pid=4484] [AgentManager.getModel] agent='cli' has no explicit model (auto); resolved to first-available='fast-model'
[9/28/2026, 8:47:41 AM.356] [Info] [pid=4484] [Startup] McpConfigManager.list: loading scope=project
[9/28/2026, 8:47:41 AM.356] [Info] [pid=4484] [Startup] McpConfigManager.list: scope=project blocked by strict MCP config
[9/28/2026, 8:47:41 AM.356] [Info] [pid=4484] [Startup] McpConfigManager.list: loading scope=project
[9/28/2026, 8:47:41 AM.356] [Info] [pid=4484] [Startup] McpConfigManager.list: scope=project blocked by strict MCP config
[9/28/2026, 8:47:41 AM.356] [Info] [pid=4484] [Startup] McpConfigManager.list: loading scope=project
[9/28/2026, 8:47:41 AM.356] [Info] [pid=4484] [Startup] McpConfigManager.list: scope=project blocked by strict MCP config
[9/28/2026, 8:47:41 AM.356] [Info] [pid=4484] [Startup] McpConfigManager.list: loading scope=local
[9/28/2026, 8:47:41 AM.356] [Info] [pid=4484] [Startup] McpConfigManager.list: scope=local blocked by strict MCP config
[9/28/2026, 8:47:41 AM.356] [Info] [pid=4484] [Startup] McpConfigManager.list: loading scope=local
[9/28/2026, 8:47:41 AM.356] [Info] [pid=4484] [Startup] McpConfigManager.list: scope=local blocked by strict MCP config
[9/28/2026, 8:47:41 AM.356] [Info] [pid=4484] [Startup] McpConfigManager.list: loading scope=local
[9/28/2026, 8:47:41 AM.356] [Info] [pid=4484] [Startup] McpConfigManager.list: scope=local blocked by strict MCP config
[9/28/2026, 8:47:41 AM.356] [Info] [pid=4484] [MCP][registerAgent] agent=multitask mcpServers=[] (count=0) grantMcpAccess=false
[9/28/2026, 8:47:41 AM.356] [Info] [pid=4484] [Startup] McpConfigManager.list: loading scope=dynamic
[9/28/2026, 8:47:41 AM.356] [Info] [pid=4484] [Startup] McpConfigManager.list: scope=dynamic cache hit (0ms)
[9/28/2026, 8:47:41 AM.356] [Info] [pid=4484] [Startup] McpConfigManager.list: loading scope=dynamic
[9/28/2026, 8:47:41 AM.356] [Info] [pid=4484] [Startup] McpConfigManager.list: scope=dynamic cache hit (0ms)
[9/28/2026, 8:47:41 AM.356] [Info] [pid=4484] [Startup] McpConfigManager.list: loading scope=dynamic
[9/28/2026, 8:47:41 AM.356] [Info] [pid=4484] [Startup] McpConfigManager.list: scope=dynamic cache hit (0ms)
[9/28/2026, 8:47:41 AM.356] [Info] [pid=4484] [Startup] McpManager.list: starting (scope=all)
[9/28/2026, 8:47:41 AM.356] [Info] [pid=4484] [Startup] McpManager.list: starting (scope=all)
[9/28/2026, 8:47:41 AM.356] [Info] [pid=4484] [Startup] McpManager.list: starting (scope=all)
[9/28/2026, 8:47:41 AM.356] [Info] [pid=4484] [Startup] McpManager.list: starting (scope=all)
[9/28/2026, 8:47:41 AM.356] [Info] [pid=4484] [Startup] McpManager.list: starting (scope=all)
[9/28/2026, 8:47:41 AM.356] [Info] [pid=4484] [Startup] McpManager.list: starting (scope=all)
[9/28/2026, 8:47:41 AM.358] [Info] [pid=4484] [MCP][registerAgent] agent=statusline-setup mcpServers=[] (count=0) grantMcpAccess=false
[9/28/2026, 8:47:41 AM.358] [Info] [pid=4484] [MCP][registerAgent] agent=Plan mcpServers=[] (count=0) grantMcpAccess=false
[9/28/2026, 8:47:41 AM.358] [Info] [pid=4484] [MCP][registerAgent] agent=Explore mcpServers=[] (count=0) grantMcpAccess=true
[9/28/2026, 8:47:41 AM.358] [Info] [pid=4484] [MCP][registerAgent] agent=cli mcpServers=[] (count=0) grantMcpAccess=true
[9/28/2026, 8:47:41 AM.358] [Info] [pid=4484] [MCP][registerAgent] agent=general-purpose mcpServers=[] (count=0) grantMcpAccess=true
[9/28/2026, 8:47:41 AM.358] [Info] [pid=4484] [MCP][registerAgent] agent=create mcpServers=[] (count=0) grantMcpAccess=true
[9/28/2026, 8:47:41 AM.358] [Info] [pid=4484] [MCP][registerAgent] agent=doc-converter mcpServers=[] (count=0) grantMcpAccess=true
[9/28/2026, 8:47:41 AM.358] [Info] [pid=4484] [MCP][registerAgent] agent=doc-formatter mcpServers=[] (count=0) grantMcpAccess=true
[9/28/2026, 8:47:41 AM.358] [Info] [pid=4484] [MCP][registerAgent] agent=doc-writer mcpServers=[] (count=0) grantMcpAccess=true
[9/28/2026, 8:47:41 AM.358] [Info] [pid=4484] [MCP][registerAgent] agent=minimal mcpServers=[] (count=0) grantMcpAccess=false
[9/28/2026, 8:47:41 AM.358] [Info] [pid=4484] [MCP][cacheDbg] getConnectedServers() called: nonInteractive=true waitForSettle=false cacheNow=[] allServers=[]
[9/28/2026, 8:47:41 AM.358] [Info] [pid=4484] [MCP][cacheDbg] getConnectedServers() returning: [] (size=0)
[9/28/2026, 8:47:41 AM.358] [Info] [pid=4484] [MCP][registerAgent] agent=ptc mcpServers=[] (count=0) grantMcpAccess=true
[9/28/2026, 8:47:41 AM.358] [Info] [pid=4484] [Startup] AgentManager.rebuildAgents: completed in 31ms, resolving readyDeferred
[9/28/2026, 8:47:41 AM.366] [Info] [pid=4484] [MarketplaceStorage]  [MarketplaceStorage] doEnsureConfigFile ensureDir=25ms total=25ms dir=/Users/didi/.workbuddy/plugins
[9/28/2026, 8:47:41 AM.379] [Info] [pid=4484] [MarketplaceStorage]  [MarketplaceStorage] getMarketplaces ensureConfigFile=25ms readAndRepair=2ms migration=0ms total=38ms count=5 path=/Users/didi/.workbuddy/plugins/known_marketplaces.json
[9/28/2026, 8:47:41 AM.379] [Info] [pid=4484] [BuiltInMarketplaceProvider]  Found 3 built-in marketplace(s)
[9/28/2026, 8:47:41 AM.382] [Info] [pid=4484] [PluginsProductProvider.provide] active=8, ids=[weixinpay@workbuddy-builtin,tencent-docs-plugin@workbuddy-builtin,sheetagent@workbuddy-builtin,tencent-pptx@workbuddy-builtin,tencent-docx@workbuddy-builtin,agent-browser@codebuddy-plugins-official,find-skills@codebuddy-plugins-official,finance-data@cb_teams_marketplace]
[9/28/2026, 8:47:41 AM.382] [Info] [pid=4484] [MCP][cacheDbg] getConnectedServers() called: nonInteractive=true waitForSettle=false cacheNow=[] allServers=[]
[9/28/2026, 8:47:41 AM.382] [Info] [pid=4484] [MCP][cacheDbg] getConnectedServers() returning: [] (size=0)
[9/28/2026, 8:47:41 AM.384] [Info] [pid=4484] [CustomModelsProductProvider] productName=WorkBuddy, isWorkBuddy=true, userConfigPath=/Users/didi/.workbuddy/models.json
[9/28/2026, 8:47:41 AM.384] [Info] [pid=4484] Loaded custom models config from user: /Users/didi/.workbuddy/models.json
[9/28/2026, 8:47:41 AM.385] [Info] [pid=4484] [ModelsProductProvider] enterpriseId: undefined, endpoint: https://www.workbuddy.cn
[9/28/2026, 8:47:41 AM.385] [Warning] [pid=4484] [ModelsProductProvider] enterpriseId is missing, skipping models API call
[9/28/2026, 8:47:41 AM.385] [Info] [pid=4484] [AgentModelResolver] product config input: 53 models, 23 agents
[9/28/2026, 8:47:41 AM.401] [Info] [pid=4484] [PluginPolicyService]  [MergedPlugins][DEBUG] ProductManager.onDidChange fired, reloading policies...
[9/28/2026, 8:47:41 AM.401] [Info] [pid=4484] [PluginPolicyService]  [MergedPlugins][DEBUG] Current config builtInMarketPluginsMerge: [{"autoEnable":true,"marketplaceName":"codebuddy-plugins-official","name":"agent-browser","scope":"user"}]
[9/28/2026, 8:47:41 AM.401] [Info] [pid=4484] [PluginPolicyService]  [MergedPlugins] Loaded 1 merged plugin entries
[9/28/2026, 8:47:41 AM.401] [Info] [pid=4484] [Startup] AgentManager.rebuildAgents: START
[9/28/2026, 8:47:41 AM.403] [Info] [pid=4484] [Startup] AgentManager.rebuildAgents: completed in 12ms, resolving readyDeferred
[9/28/2026, 8:47:41 AM.406] [Info] [pid=4484] [PluginManager]  Loaded 5 marketplaces (3 built-in) total=65ms storage=38ms builtIn=0ms autoUpdate=0ms
[9/28/2026, 8:47:41 AM.430] [Info] [pid=4484] [PluginsProductProvider.provide] active=8, ids=[weixinpay@workbuddy-builtin,tencent-docs-plugin@workbuddy-builtin,sheetagent@workbuddy-builtin,tencent-pptx@workbuddy-builtin,tencent-docx@workbuddy-builtin,agent-browser@codebuddy-plugins-official,find-skills@codebuddy-plugins-official,finance-data@cb_teams_marketplace]
[9/28/2026, 8:47:41 AM.435] [Info] [pid=4484] [Startup] AgentManager.rebuildAgents: START
[9/28/2026, 8:47:41 AM.437] [Info] [pid=4484] [AgentManager] runtime cli agent view ready: 27 agents (used for registration and Agent tool descriptions)
[9/28/2026, 8:47:41 AM.437] [Info] [pid=4484] [Startup] McpReadyService.waitForServersReady: config projection triggered; network connections continue asynchronously
[9/28/2026, 8:47:41 AM.437] [Info] [pid=4484] [Startup] McpReadyService.waitForServersReady: config projection triggered; network connections continue asynchronously
[9/28/2026, 8:47:41 AM.437] [Info] [pid=4484] [Startup] McpReadyService.waitForServersReady: config projection triggered; network connections continue asynchronously
[9/28/2026, 8:47:41 AM.438] [Info] [pid=4484] [MCP][cacheDbg] getConnectedServers() called: nonInteractive=true waitForSettle=false cacheNow=[] allServers=[]
[9/28/2026, 8:47:41 AM.438] [Info] [pid=4484] [MCP][cacheDbg] getConnectedServers() returning: [] (size=0)
[9/28/2026, 8:47:41 AM.438] [Info] [pid=4484] [Startup] McpReadyService.waitForServersReady: config projection triggered; network connections continue asynchronously
[9/28/2026, 8:47:41 AM.438] [Info] [pid=4484] [Startup] McpReadyService.waitForServersReady: config projection triggered; network connections continue asynchronously
[9/28/2026, 8:47:41 AM.438] [Info] [pid=4484] [Startup] McpManager.list: starting (scope=all)
[9/28/2026, 8:47:41 AM.438] [Info] [pid=4484] [Startup] McpManager.list: starting (scope=all)
[9/28/2026, 8:47:41 AM.438] [Info] [pid=4484] [Startup] McpManager.list: starting (scope=all)
[9/28/2026, 8:47:41 AM.438] [Info] [pid=4484] [Startup] McpReadyService.waitForServersReady: config projection triggered; network connections continue asynchronously
[9/28/2026, 8:47:41 AM.438] [Info] [pid=4484] [Startup] McpReadyService.waitForServersReady: config projection triggered; network connections continue asynchronously
[9/28/2026, 8:47:41 AM.439] [Info] [pid=4484] [Startup] McpReadyService.waitForServersReady: config projection triggered; network connections continue asynchronously
[9/28/2026, 8:47:41 AM.439] [Info] [pid=4484] [Startup] McpManager.list: starting (scope=all)
[9/28/2026, 8:47:41 AM.439] [Info] [pid=4484] [Startup] McpManager.list: starting (scope=all)
[9/28/2026, 8:47:41 AM.439] [Info] [pid=4484] [MCP][cacheDbg] getConnectedServers() called: nonInteractive=true waitForSettle=false cacheNow=[] allServers=[]
[9/28/2026, 8:47:41 AM.439] [Info] [pid=4484] [MCP][cacheDbg] getConnectedServers() returning: [] (size=0)
[9/28/2026, 8:47:41 AM.439] [Info] [pid=4484] [MCP][cacheDbg] getConnectedServers() called: nonInteractive=true waitForSettle=false cacheNow=[] allServers=[]
[9/28/2026, 8:47:41 AM.439] [Info] [pid=4484] [MCP][cacheDbg] getConnectedServers() returning: [] (size=0)
[9/28/2026, 8:47:41 AM.439] [Info] [pid=4484] [MCP][cacheDbg] getConnectedServers() called: nonInteractive=true waitForSettle=false cacheNow=[] allServers=[]
[9/28/2026, 8:47:41 AM.439] [Info] [pid=4484] [MCP][cacheDbg] getConnectedServers() returning: [] (size=0)
[9/28/2026, 8:47:41 AM.439] [Info] [pid=4484] [Startup] McpManager.list: starting (scope=all)
[9/28/2026, 8:47:41 AM.439] [Info] [pid=4484] [Startup] McpManager.list: starting (scope=all)
[9/28/2026, 8:47:41 AM.439] [Info] [pid=4484] [Startup] McpManager.list: starting (scope=all)
[9/28/2026, 8:47:41 AM.439] [Info] [pid=4484] [MCP][cacheDbg] getConnectedServers() called: nonInteractive=true waitForSettle=false cacheNow=[] allServers=[]
[9/28/2026, 8:47:41 AM.439] [Info] [pid=4484] [MCP][cacheDbg] getConnectedServers() returning: [] (size=0)
[9/28/2026, 8:47:41 AM.439] [Info] [pid=4484] [MCP][cacheDbg] getConnectedServers() called: nonInteractive=true waitForSettle=false cacheNow=[] allServers=[]
[9/28/2026, 8:47:41 AM.439] [Info] [pid=4484] [MCP][cacheDbg] getConnectedServers() returning: [] (size=0)
[9/28/2026, 8:47:41 AM.439] [Info] [pid=4484] [MCP][buildMcpServers] wait breakdown: waitForServersReady=1ms getConnectedServers=1ms
[9/28/2026, 8:47:41 AM.439] [Info] [pid=4484] [MCP][buildMcpServers] connected servers=[] (count=0)
[9/28/2026, 8:47:41 AM.439] [Info] [pid=4484] [MCP][buildMcpServers] wait breakdown: waitForServersReady=1ms getConnectedServers=1ms
[9/28/2026, 8:47:41 AM.439] [Info] [pid=4484] [MCP][buildMcpServers] connected servers=[] (count=0)
[9/28/2026, 8:47:41 AM.440] [Info] [pid=4484] [MCP][buildMcpServers] wait breakdown: waitForServersReady=0ms getConnectedServers=1ms
[9/28/2026, 8:47:41 AM.440] [Info] [pid=4484] [MCP][buildMcpServers] connected servers=[] (count=0)
[9/28/2026, 8:47:41 AM.440] [Info] [pid=4484] [MCP][cacheDbg] getConnectedServers() called: nonInteractive=true waitForSettle=false cacheNow=[] allServers=[]
[9/28/2026, 8:47:41 AM.440] [Info] [pid=4484] [MCP][cacheDbg] getConnectedServers() returning: [] (size=0)
[9/28/2026, 8:47:41 AM.440] [Info] [pid=4484] [MCP][cacheDbg] getConnectedServers() called: nonInteractive=true waitForSettle=false cacheNow=[] allServers=[]
[9/28/2026, 8:47:41 AM.440] [Info] [pid=4484] [MCP][cacheDbg] getConnectedServers() returning: [] (size=0)
[9/28/2026, 8:47:41 AM.440] [Info] [pid=4484] [MCP][cacheDbg] getConnectedServers() called: nonInteractive=true waitForSettle=false cacheNow=[] allServers=[]
[9/28/2026, 8:47:41 AM.440] [Info] [pid=4484] [MCP][cacheDbg] getConnectedServers() returning: [] (size=0)
[9/28/2026, 8:47:41 AM.440] [Info] [pid=4484] [MCP][buildMcpServers] wait breakdown: waitForServersReady=1ms getConnectedServers=0ms
[9/28/2026, 8:47:41 AM.440] [Info] [pid=4484] [MCP][buildMcpServers] connected servers=[] (count=0)
[9/28/2026, 8:47:41 AM.440] [Info] [pid=4484] [MCP][buildMcpServers] wait breakdown: waitForServersReady=1ms getConnectedServers=0ms
[9/28/2026, 8:47:41 AM.440] [Info] [pid=4484] [MCP][buildMcpServers] connected servers=[] (count=0)
[9/28/2026, 8:47:41 AM.440] [Info] [pid=4484] [MCP][buildMcpServers] wait breakdown: waitForServersReady=1ms getConnectedServers=1ms
[9/28/2026, 8:47:41 AM.440] [Info] [pid=4484] [MCP][buildMcpServers] connected servers=[] (count=0)
[9/28/2026, 8:47:41 AM.440] [Info] [pid=4484] [MCP][buildMcpServers] wait breakdown: waitForServersReady=1ms getConnectedServers=1ms
[9/28/2026, 8:47:41 AM.440] [Info] [pid=4484] [MCP][buildMcpServers] connected servers=[] (count=0)
[9/28/2026, 8:47:41 AM.440] [Info] [pid=4484] [MCP][buildMcpServers] wait breakdown: waitForServersReady=1ms getConnectedServers=1ms
[9/28/2026, 8:47:41 AM.440] [Info] [pid=4484] [MCP][buildMcpServers] connected servers=[] (count=0)
[9/28/2026, 8:47:41 AM.440] [Info] [pid=4484] [MCP][registerAgent] agent=contextSummary mcpServers=[] (count=0) grantMcpAccess=false
[9/28/2026, 8:47:41 AM.440] [Info] [pid=4484] [MCP][registerAgent] agent=contentAnalyzer mcpServers=[] (count=0) grantMcpAccess=false
[9/28/2026, 8:47:41 AM.440] [Info] [pid=4484] [MCP][registerAgent] agent=terminalTitleGenerator mcpServers=[] (count=0) grantMcpAccess=false
[9/28/2026, 8:47:41 AM.440] [Info] [pid=4484] [MCP][registerAgent] agent=promptSuggestion mcpServers=[] (count=0) grantMcpAccess=false
[9/28/2026, 8:47:41 AM.440] [Info] [pid=4484] [MCP][registerAgent] agent=memorySelector mcpServers=[] (count=0) grantMcpAccess=false
[9/28/2026, 8:47:41 AM.440] [Info] [pid=4484] [MCP][registerAgent] agent=summaryGenerator mcpServers=[] (count=0) grantMcpAccess=false
[9/28/2026, 8:47:41 AM.440] [Info] [pid=4484] [MCP][registerAgent] agent=autoModeClassifier mcpServers=[] (count=0) grantMcpAccess=false
[9/28/2026, 8:47:41 AM.440] [Info] [pid=4484] [MCP][registerAgent] agent=promptHookEvaluator mcpServers=[] (count=0) grantMcpAccess=false
[9/28/2026, 8:47:41 AM.440] [Info] [pid=4484] [MCP][registerAgent] agent=insightsAnalyzer mcpServers=[] (count=0) grantMcpAccess=false
[9/28/2026, 8:47:41 AM.440] [Info] [pid=4484] [MCP][registerAgent] agent=agentInstructions mcpServers=[] (count=0) grantMcpAccess=false
[9/28/2026, 8:47:41 AM.441] [Info] [pid=4484] [Startup] McpManager.list: starting (scope=all)
[9/28/2026, 8:47:41 AM.442] [Info] [pid=4484] [MCP][cacheDbg] getConnectedServers() called: nonInteractive=true waitForSettle=false cacheNow=[] allServers=[]
[9/28/2026, 8:47:41 AM.442] [Info] [pid=4484] [MCP][cacheDbg] getConnectedServers() returning: [] (size=0)
[9/28/2026, 8:47:41 AM.442] [Info] [pid=4484] [McpResourceCatalog] resource capability: declared=[] knownFromCache=[] connected=0 -> enabled=false
[9/28/2026, 8:47:41 AM.444] [Info] [pid=4484] [SkillManageTool.isEnabled] ProductFeature.SkillManage=false, enabled=false, allFeatures={"GenerateCommitMessage":true,"InlineCompletions":true,"InlineChat":false,"CursorPositonPrefetching":true,"CompletionsPrefetching":true,"CompletionsResultFusion":true,"MultiFileWithPromptParam":false,"MultiFileWithSeparateParams":false,"CRLFCompatible":true,"TrimByIndentation":true,"MultiStepCompletions":false,"RemoveBelowExist":true,"CompletionsRelatedSnippets":true,"StatusBar":false,"CodeAction":true,"FloatShortcut":true,"CodeLens":true,"UseDefaultModelIfCurrentNotInList":false,"Mcp":true,"McpMarket":true,"MemoryManagement":true,"McpInstallationGuide":true,"SelectImage":true,"Aegis":false,"ProposalAPI":false,"NESNativeRenderer":false,"SwitchBySession":true,"AutoMode":true,"Billing":true,"InternationalLogin":true,"NesCompletions":false,"NesDocumentActiveChangeTrigger":false,"NesCompletionsPrefetching":true,"NESPrefetchingAfterEmptyCompletion":true,"TriggerNESAfterCompletionHasBeenAccepted":true,"NesRepeatFilter":false,"NesRepeatFilterV2":true,"NesRangeFix":false,"NesCompletionsJumpToHere":true,"ImportMetadataForCompletions":true,"CBChatUI":true,"CompletionItemsForCompletions":true,"WebFetch":true,"SummaryWebFetch":true,"WebSearch":true,"DynamicAddWebSearch":true,"Task":true,"EnhancedCompletionRequest":false,"ReportAfterCancel":false,"RequestBodyGzip":true,"StandaloneTerminal":true,"Skills":true,"SkillSecurityScan":true,"SelectComponent":true,"UIComponentLibrary":true,"CustomModelsJSON":true,"ImageGen":true,"FileDiffHistory":false,"Inspiration":false,"Connector":true,"Agents":true,"BillingNotice":false,"CloudAgentsSmartMerge":true,"CustomModelIdPrefix":true,"DeferToolLoading":true,"ImageEdit":false,"VideoGen":true,"ScheduledTasks":true,"SkillManage":false,"SkipToolCallSupportCheck":false,"EnableEnterpriseCustomModelPolicy":true,"EnableEnterpriseSkillUploadPolicy":true,"WeixinPayInterception":true,"HomePracticeCases":false,"EnableClientMenuInAppNavigation":false,"ShareLink":true,"Artifact":true,"BrowserUse":false,"ComputerUse":false,"BeforeConversationRecommend":false,"PerfMetrics":true,"SkillRecommend":true,"ProjectLocalTask":true,"DisableCloudSkillSync":true,"DisableCloudExpertSync":true,"CrashReportToggle":true,"MessageQueueDeferredDispatch":true,"NetworkFailover":true,"Sandbox":true,"SandboxFileVersionManagement":false,"KnowledgeBase":true,"TencentDocsKnowledge":true,"TencentPptxBuiltinDefaultEnabled":true,"SystemProxyDetection":true,"TencentLexiangKnowledge":true,"ImaKnowledge":true,"TencentNetDriveKnowledge":true,"ContextSummaryAgent":true,"enablePreMessageCompact":true,"HtmlPreviewShare":true,"EnableArdot":true,"EnableSecurityCenter":true,"DisableIdentityCustomization":true,"AllowIdentityNameEdit":true,"EnableAutoModelTiers":true,"DisableShareFeature":false,"DisablePublishedApps":false,"DisableArchivedTasks":false,"DisableCheckin":false,"DisableActivityBanner":false,"EnableAppearance":true,"DisableCreditsEntry":false,"DisableCreditPurchaseGuide":false,"DisableVoiceInput":false,"EnableWecomAibotCustomWsUrl":true,"ChannelSlack":false,"ChannelTelegram":false,"ChannelDiscord":false,"ChannelWechatKf":true,"DisableYuanbaoChannel":true,"EnableEnterpriseLicenseCheck":true,"EnableClawChannelControl":true,"PoiMap":false,"QuickQa":false,"ShowAboutQRCodes":true,"AgentMail":true,"ChatPromptFrictionAnalysis":true,"CodeAdoptionRate":false,"Codebase":false,"DesktopCloudTaskEntry":true,"DisableHtmlStreamUIShow":true,"EnableMobileConnectV2":true,"EnableWechatShareFile":false,"ExploreFeature":false,"HomePlaybooks":true,"MaxMode":true,"Space":true,"TencentDesignX":true,"TencentDocsAiEdit":true,"TencentDocsAiEditEnterprise":true,"TodoAssistantDelegate":false,"WebBrowserFetch":true}
[9/28/2026, 8:47:41 AM.444] [Info] [pid=4484] [MCP][registerAgent] agent=compact mcpServers=[] (count=0) grantMcpAccess=false
[9/28/2026, 8:47:41 AM.444] [Info] [pid=4484] [MCP][registerAgent] agent=statusline-setup mcpServers=[] (count=0) grantMcpAccess=false
[9/28/2026, 8:47:41 AM.444] [Info] [pid=4484] [MCP][registerAgent] agent=pulse mcpServers=[] (count=0) grantMcpAccess=false
[9/28/2026, 8:47:41 AM.444] [Info] [pid=4484] [MCP][registerAgent] agent=handoff-summary mcpServers=[] (count=0) grantMcpAccess=false
[9/28/2026, 8:47:41 AM.444] [Info] [pid=4484] [MCP][registerAgent] agent=enhance-prompt mcpServers=[] (count=0) grantMcpAccess=false
[9/28/2026, 8:47:41 AM.444] [Info] [pid=4484] [MCP][registerAgent] agent=Plan mcpServers=[] (count=0) grantMcpAccess=false
[9/28/2026, 8:47:41 AM.444] [Info] [pid=4484] [MCP][cacheDbg] getConnectedServers() called: nonInteractive=true waitForSettle=false cacheNow=[] allServers=[]
[9/28/2026, 8:47:41 AM.444] [Info] [pid=4484] [MCP][cacheDbg] getConnectedServers() returning: [] (size=0)
[9/28/2026, 8:47:41 AM.444] [Info] [pid=4484] [MCP][registerAgent] agent=multitask mcpServers=[] (count=0) grantMcpAccess=false
[9/28/2026, 8:47:41 AM.444] [Info] [pid=4484] [MCP][registerAgent] agent=sheet-agent mcpServers=[] (count=0) grantMcpAccess=true
[9/28/2026, 8:47:41 AM.444] [Info] [pid=4484] [McpResourceCatalog] resource capability: declared=[] knownFromCache=[] connected=0 -> enabled=false
[9/28/2026, 8:47:41 AM.444] [Info] [pid=4484] [MCP][registerAgent] agent=cli mcpServers=[] (count=0) grantMcpAccess=true
[9/28/2026, 8:47:41 AM.444] [Info] [pid=4484] [MCP][registerAgent] agent=Explore mcpServers=[] (count=0) grantMcpAccess=true
[9/28/2026, 8:47:41 AM.444] [Info] [pid=4484] [MCP][registerAgent] agent=create mcpServers=[] (count=0) grantMcpAccess=true
[9/28/2026, 8:47:41 AM.444] [Info] [pid=4484] [MCP][registerAgent] agent=doc-converter mcpServers=[] (count=0) grantMcpAccess=true
[9/28/2026, 8:47:41 AM.444] [Info] [pid=4484] [MCP][registerAgent] agent=doc-formatter mcpServers=[] (count=0) grantMcpAccess=true
[9/28/2026, 8:47:41 AM.444] [Info] [pid=4484] [MCP][registerAgent] agent=doc-writer mcpServers=[] (count=0) grantMcpAccess=true
[9/28/2026, 8:47:41 AM.444] [Info] [pid=4484] [MCP][registerAgent] agent=general-purpose mcpServers=[] (count=0) grantMcpAccess=true
[9/28/2026, 8:47:41 AM.444] [Info] [pid=4484] [MCP][registerAgent] agent=minimal mcpServers=[] (count=0) grantMcpAccess=false
[9/28/2026, 8:47:41 AM.445] [Info] [pid=4484] [MCP][cacheDbg] getConnectedServers() called: nonInteractive=true waitForSettle=false cacheNow=[] allServers=[]
[9/28/2026, 8:47:41 AM.445] [Info] [pid=4484] [MCP][cacheDbg] getConnectedServers() returning: [] (size=0)
[9/28/2026, 8:47:41 AM.445] [Info] [pid=4484] [MCP][registerAgent] agent=ptc mcpServers=[] (count=0) grantMcpAccess=true
[9/28/2026, 8:47:41 AM.445] [Info] [pid=4484] [Startup] AgentManager.rebuildAgents: completed in 10ms, resolving readyDeferred
[9/28/2026, 8:47:41 AM.456] [Info] [pid=4484] Initialized 3 output styles
[9/28/2026, 8:47:41 AM.457] [Info] [pid=4484] [PluginRuntime] refresh completed (startup), active=8, changed=true
[9/28/2026, 8:47:41 AM.458] [Info] [pid=4484] [PluginManager]  [MergedPlugins][DEBUG] agent-browser@codebuddy-plugins-official: installed=true, installedPath=/Users/didi/.workbuddy/plugins/cache/codebuddy-plugins-official/agent-browser/1.3.0, enabledState={"enabled":true,"scope":"user"}
[9/28/2026, 8:47:42 AM.192] [Info] [pid=4484] [PluginManager]  Found 30 plugins in marketplace
[9/28/2026, 8:47:42 AM.193] [Info] [pid=4484] [MarketplaceStorage]  [MarketplaceStorage] doEnsureConfigFile ensureDir=0ms total=0ms dir=/Users/didi/.workbuddy/plugins
[9/28/2026, 8:47:42 AM.194] [Info] [pid=4484] [MarketplaceStorage]  [MarketplaceStorage] getMarketplaces ensureConfigFile=0ms readAndRepair=1ms migration=0ms total=1ms count=5 path=/Users/didi/.workbuddy/plugins/known_marketplaces.json
[9/28/2026, 8:47:42 AM.196] [Info] [pid=4484] [MarketplaceStorage]  [MarketplaceStorage] doEnsureConfigFile ensureDir=0ms total=0ms dir=/Users/didi/.workbuddy/plugins
[9/28/2026, 8:47:42 AM.329] [Info] [pid=4484] [MarketplaceStorage]  [MarketplaceStorage] doEnsureConfigFile ensureDir=1ms total=1ms dir=/Users/didi/.workbuddy/plugins
[9/28/2026, 8:47:42 AM.330] [Info] [pid=4484] [MarketplaceStorage]  [MarketplaceStorage] getMarketplaces ensureConfigFile=1ms readAndRepair=0ms migration=0ms total=2ms count=5 path=/Users/didi/.workbuddy/plugins/known_marketplaces.json
[9/28/2026, 8:47:42 AM.330] [Info] [pid=4484] [BuiltInMarketplaceProvider]  Found 3 built-in marketplace(s)
[9/28/2026, 8:47:42 AM.332] [Info] [pid=4484] [PluginManager]  Loaded 5 marketplaces (3 built-in) total=4ms storage=2ms builtIn=0ms autoUpdate=0ms
[9/28/2026, 8:47:42 AM.333] [Info] [pid=4484] [PluginManager]  Loaded 8 installed Plugins from the installed registry in 1ms
[9/28/2026, 8:47:42 AM.334] [Info] [pid=4484] [MarketplaceStorage]  [MarketplaceStorage] doEnsureConfigFile ensureDir=0ms total=0ms dir=/Users/didi/.workbuddy/plugins
[9/28/2026, 8:47:42 AM.335] [Info] [pid=4484] [MarketplaceStorage]  [MarketplaceStorage] getMarketplaces ensureConfigFile=0ms readAndRepair=0ms migration=0ms total=1ms count=5 path=/Users/didi/.workbuddy/plugins/known_marketplaces.json
[9/28/2026, 8:47:42 AM.335] [Error] [pid=4484] [PluginManager]  Failed to update plugins investment-banking@cb_teams_marketplace: MarketplaceRegistryChangedError: Marketplace 'cb_teams_marketplace' changed source while waiting for its mutation lock
[9/28/2026, 8:47:42 AM.335] [Warning] [pid=4484] [PluginManager]  Marketplace cb_teams_marketplace updated, but plugin investment-banking could not be refreshed: Marketplace 'cb_teams_marketplace' changed source while waiting for its mutation lock
[9/28/2026, 8:47:42 AM.336] [Info] [pid=4484] [MarketplaceStorage]  [MarketplaceStorage] doEnsureConfigFile ensureDir=0ms total=0ms dir=/Users/didi/.workbuddy/plugins
[9/28/2026, 8:47:42 AM.337] [Info] [pid=4484] [MarketplaceStorage]  [MarketplaceStorage] getMarketplaces ensureConfigFile=0ms readAndRepair=0ms migration=0ms total=1ms count=5 path=/Users/didi/.workbuddy/plugins/known_marketplaces.json
[9/28/2026, 8:47:42 AM.337] [Error] [pid=4484] [PluginManager]  Failed to update plugins private-equity@cb_teams_marketplace: MarketplaceRegistryChangedError: Marketplace 'cb_teams_marketplace' changed source while waiting for its mutation lock
[9/28/2026, 8:47:42 AM.337] [Warning] [pid=4484] [PluginManager]  Marketplace cb_teams_marketplace updated, but plugin private-equity could not be refreshed: Marketplace 'cb_teams_marketplace' changed source while waiting for its mutation lock
[9/28/2026, 8:47:42 AM.338] [Info] [pid=4484] [MarketplaceStorage]  [MarketplaceStorage] doEnsureConfigFile ensureDir=0ms total=0ms dir=/Users/didi/.workbuddy/plugins
[9/28/2026, 8:47:42 AM.339] [Info] [pid=4484] [MarketplaceStorage]  [MarketplaceStorage] getMarketplaces ensureConfigFile=0ms readAndRepair=0ms migration=0ms total=1ms count=5 path=/Users/didi/.workbuddy/plugins/known_marketplaces.json
[9/28/2026, 8:47:42 AM.339] [Error] [pid=4484] [PluginManager]  Failed to update plugins wealth-management@cb_teams_marketplace: MarketplaceRegistryChangedError: Marketplace 'cb_teams_marketplace' changed source while waiting for its mutation lock
[9/28/2026, 8:47:42 AM.339] [Warning] [pid=4484] [PluginManager]  Marketplace cb_teams_marketplace updated, but plugin wealth-management could not be refreshed: Marketplace 'cb_teams_marketplace' changed source while waiting for its mutation lock
[9/28/2026, 8:47:42 AM.340] [Info] [pid=4484] [MarketplaceStorage]  [MarketplaceStorage] doEnsureConfigFile ensureDir=0ms total=0ms dir=/Users/didi/.workbuddy/plugins
[9/28/2026, 8:47:42 AM.341] [Info] [pid=4484] [MarketplaceStorage]  [MarketplaceStorage] getMarketplaces ensureConfigFile=0ms readAndRepair=0ms migration=0ms total=1ms count=5 path=/Users/didi/.workbuddy/plugins/known_marketplaces.json
[9/28/2026, 8:47:42 AM.341] [Error] [pid=4484] [PluginManager]  Failed to update plugins equity-research@cb_teams_marketplace: MarketplaceRegistryChangedError: Marketplace 'cb_teams_marketplace' changed source while waiting for its mutation lock
[9/28/2026, 8:47:42 AM.341] [Warning] [pid=4484] [PluginManager]  Marketplace cb_teams_marketplace updated, but plugin equity-research could not be refreshed: Marketplace 'cb_teams_marketplace' changed source while waiting for its mutation lock
[9/28/2026, 8:47:42 AM.342] [Info] [pid=4484] [MarketplaceStorage]  [MarketplaceStorage] doEnsureConfigFile ensureDir=0ms total=0ms dir=/Users/didi/.workbuddy/plugins
[9/28/2026, 8:47:42 AM.343] [Info] [pid=4484] [MarketplaceStorage]  [MarketplaceStorage] getMarketplaces ensureConfigFile=0ms readAndRepair=0ms migration=0ms total=1ms count=5 path=/Users/didi/.workbuddy/plugins/known_marketplaces.json
[9/28/2026, 8:47:42 AM.343] [Error] [pid=4484] [PluginManager]  Failed to update plugins financial-analysis@cb_teams_marketplace: MarketplaceRegistryChangedError: Marketplace 'cb_teams_marketplace' changed source while waiting for its mutation lock
[9/28/2026, 8:47:42 AM.343] [Warning] [pid=4484] [PluginManager]  Marketplace cb_teams_marketplace updated, but plugin financial-analysis could not be refreshed: Marketplace 'cb_teams_marketplace' changed source while waiting for its mutation lock
[9/28/2026, 8:47:42 AM.344] [Info] [pid=4484] [MarketplaceStorage]  [MarketplaceStorage] doEnsureConfigFile ensureDir=0ms total=0ms dir=/Users/didi/.workbuddy/plugins
[9/28/2026, 8:47:42 AM.344] [Info] [pid=4484] [MarketplaceStorage]  [MarketplaceStorage] getMarketplaces ensureConfigFile=0ms readAndRepair=0ms migration=0ms total=0ms count=5 path=/Users/didi/.workbuddy/plugins/known_marketplaces.json
[9/28/2026, 8:47:42 AM.345] [Error] [pid=4484] [PluginManager]  Failed to update plugins lseg@cb_teams_marketplace: MarketplaceRegistryChangedError: Marketplace 'cb_teams_marketplace' changed source while waiting for its mutation lock
[9/28/2026, 8:47:42 AM.345] [Warning] [pid=4484] [PluginManager]  Marketplace cb_teams_marketplace updated, but plugin lseg could not be refreshed: Marketplace 'cb_teams_marketplace' changed source while waiting for its mutation lock
[9/28/2026, 8:47:42 AM.346] [Info] [pid=4484] [MarketplaceStorage]  [MarketplaceStorage] doEnsureConfigFile ensureDir=0ms total=0ms dir=/Users/didi/.workbuddy/plugins
[9/28/2026, 8:47:42 AM.346] [Info] [pid=4484] [MarketplaceStorage]  [MarketplaceStorage] getMarketplaces ensureConfigFile=1ms readAndRepair=0ms migration=0ms total=1ms count=5 path=/Users/didi/.workbuddy/plugins/known_marketplaces.json
[9/28/2026, 8:47:42 AM.347] [Error] [pid=4484] [PluginManager]  Failed to update plugins spglobal@cb_teams_marketplace: MarketplaceRegistryChangedError: Marketplace 'cb_teams_marketplace' changed source while waiting for its mutation lock
[9/28/2026, 8:47:42 AM.347] [Warning] [pid=4484] [PluginManager]  Marketplace cb_teams_marketplace updated, but plugin spglobal could not be refreshed: Marketplace 'cb_teams_marketplace' changed source while waiting for its mutation lock
[9/28/2026, 8:47:42 AM.348] [Info] [pid=4484] [MarketplaceStorage]  [MarketplaceStorage] doEnsureConfigFile ensureDir=0ms total=0ms dir=/Users/didi/.workbuddy/plugins
[9/28/2026, 8:47:42 AM.353] [Info] [pid=4484] [MarketplaceStorage]  [MarketplaceStorage] getMarketplaces ensureConfigFile=0ms readAndRepair=0ms migration=0ms total=5ms count=5 path=/Users/didi/.workbuddy/plugins/known_marketplaces.json
[9/28/2026, 8:47:42 AM.355] [Error] [pid=4484] [PluginManager]  Failed to update plugins finance-data@cb_teams_marketplace: MarketplaceRegistryChangedError: Marketplace 'cb_teams_marketplace' changed source while waiting for its mutation lock
[9/28/2026, 8:47:42 AM.355] [Warning] [pid=4484] [PluginManager]  Marketplace cb_teams_marketplace updated, but plugin finance-data could not be refreshed: Marketplace 'cb_teams_marketplace' changed source while waiting for its mutation lock
[9/28/2026, 8:47:42 AM.355] [Info] [pid=4484] [PluginManager]  Marketplace cb_teams_marketplace added successfully
[9/28/2026, 8:47:42 AM.356] [Info] [pid=4484] [MarketplaceStorage]  [MarketplaceStorage] doEnsureConfigFile ensureDir=1ms total=1ms dir=/Users/didi/.workbuddy/plugins
[9/28/2026, 8:47:42 AM.356] [Info] [pid=4484] [MarketplaceStorage]  [MarketplaceStorage] getMarketplaces ensureConfigFile=1ms readAndRepair=0ms migration=0ms total=1ms count=5 path=/Users/didi/.workbuddy/plugins/known_marketplaces.json
[9/28/2026, 8:47:42 AM.357] [Info] [pid=4484] [MarketplaceStorage]  [MarketplaceStorage] doEnsureConfigFile ensureDir=0ms total=0ms dir=/Users/didi/.workbuddy/plugins
[9/28/2026, 8:47:42 AM.889] [Info] [pid=4484] [ShellSnapshotService]  Shell snapshot warmup started
[9/28/2026, 8:47:42 AM.889] [Info] [pid=4484] [ShellSnapshotService]  Snapshot script exec start. shellPath=/bin/bash, timeoutMs=10000, maxBuffer=1048576
[9/28/2026, 8:47:42 AM.889] [Info] [pid=4484] [ShellSnapshotService]  Snapshot child process started. pid=4497
[9/28/2026, 8:47:42 AM.912] [Info] [pid=4484] [ShellSnapshotService]  Snapshot script exec finished. shellPath=/bin/bash, elapsedMs=24, stdoutLen=0, stderrLen=0
[9/28/2026, 8:47:42 AM.915] [Info] [pid=4484] [ShellSnapshotService]  Shell snapshot created successfully (1673 bytes)
[9/28/2026, 8:47:42 AM.915] [Info] [pid=4484] [ShellSnapshotService]  Shell snapshot warmup completed successfully
[9/28/2026, 8:47:42 AM.917] [Info] [pid=4484] [HotReload] Watching 3 paths for changes
[9/28/2026, 8:47:43 AM.318] [Info] [pid=4484] [PluginManager]  Found 209 plugins in marketplace
[9/28/2026, 8:47:43 AM.319] [Info] [pid=4484] [MarketplaceStorage]  [MarketplaceStorage] doEnsureConfigFile ensureDir=0ms total=0ms dir=/Users/didi/.workbuddy/plugins
[9/28/2026, 8:47:43 AM.320] [Info] [pid=4484] [MarketplaceStorage]  [MarketplaceStorage] getMarketplaces ensureConfigFile=0ms readAndRepair=0ms migration=0ms total=1ms count=5 path=/Users/didi/.workbuddy/plugins/known_marketplaces.json
[9/28/2026, 8:47:43 AM.322] [Info] [pid=4484] [MarketplaceStorage]  [MarketplaceStorage] doEnsureConfigFile ensureDir=0ms total=0ms dir=/Users/didi/.workbuddy/plugins
[9/28/2026, 8:47:43 AM.688] [Info] [pid=4484] [MarketplaceStorage]  [MarketplaceStorage] doEnsureConfigFile ensureDir=0ms total=0ms dir=/Users/didi/.workbuddy/plugins
[9/28/2026, 8:47:43 AM.689] [Info] [pid=4484] [MarketplaceStorage]  [MarketplaceStorage] getMarketplaces ensureConfigFile=0ms readAndRepair=0ms migration=0ms total=1ms count=5 path=/Users/didi/.workbuddy/plugins/known_marketplaces.json
[9/28/2026, 8:47:43 AM.689] [Info] [pid=4484] [BuiltInMarketplaceProvider]  Found 3 built-in marketplace(s)
[9/28/2026, 8:47:43 AM.691] [Info] [pid=4484] [PluginManager]  Loaded 5 marketplaces (3 built-in) total=3ms storage=1ms builtIn=0ms autoUpdate=0ms
[9/28/2026, 8:47:43 AM.691] [Info] [pid=4484] [PluginManager]  Loaded 8 installed Plugins from the installed registry in 0ms
[9/28/2026, 8:47:43 AM.692] [Info] [pid=4484] [MarketplaceStorage]  [MarketplaceStorage] doEnsureConfigFile ensureDir=0ms total=0ms dir=/Users/didi/.workbuddy/plugins
[9/28/2026, 8:47:43 AM.693] [Info] [pid=4484] [MarketplaceStorage]  [MarketplaceStorage] getMarketplaces ensureConfigFile=0ms readAndRepair=0ms migration=0ms total=1ms count=5 path=/Users/didi/.workbuddy/plugins/known_marketplaces.json
[9/28/2026, 8:47:43 AM.693] [Error] [pid=4484] [PluginManager]  Failed to update plugins find-skills@codebuddy-plugins-official: MarketplaceRegistryChangedError: Marketplace 'codebuddy-plugins-official' changed source while waiting for its mutation lock
[9/28/2026, 8:47:43 AM.693] [Warning] [pid=4484] [PluginManager]  Marketplace codebuddy-plugins-official updated, but plugin find-skills could not be refreshed: Marketplace 'codebuddy-plugins-official' changed source while waiting for its mutation lock
[9/28/2026, 8:47:43 AM.694] [Info] [pid=4484] [MarketplaceStorage]  [MarketplaceStorage] doEnsureConfigFile ensureDir=0ms total=0ms dir=/Users/didi/.workbuddy/plugins
[9/28/2026, 8:47:43 AM.694] [Info] [pid=4484] [MarketplaceStorage]  [MarketplaceStorage] getMarketplaces ensureConfigFile=0ms readAndRepair=0ms migration=0ms total=0ms count=5 path=/Users/didi/.workbuddy/plugins/known_marketplaces.json
[9/28/2026, 8:47:43 AM.695] [Error] [pid=4484] [PluginManager]  Failed to update plugins agent-browser@codebuddy-plugins-official: MarketplaceRegistryChangedError: Marketplace 'codebuddy-plugins-official' changed source while waiting for its mutation lock
[9/28/2026, 8:47:43 AM.695] [Warning] [pid=4484] [PluginManager]  Marketplace codebuddy-plugins-official updated, but plugin agent-browser could not be refreshed: Marketplace 'codebuddy-plugins-official' changed source while waiting for its mutation lock
[9/28/2026, 8:47:43 AM.695] [Info] [pid=4484] [PluginManager]  Marketplace codebuddy-plugins-official added successfully
[9/28/2026, 8:47:43 AM.695] [Info] [pid=4484] [MarketplaceStorage]  [MarketplaceStorage] doEnsureConfigFile ensureDir=0ms total=0ms dir=/Users/didi/.workbuddy/plugins
[9/28/2026, 8:47:43 AM.697] [Info] [pid=4484] [MarketplaceStorage]  [MarketplaceStorage] getMarketplaces ensureConfigFile=0ms readAndRepair=1ms migration=0ms total=1ms count=5 path=/Users/didi/.workbuddy/plugins/known_marketplaces.json
[9/28/2026, 8:47:43 AM.697] [Info] [pid=4484] [MarketplaceStorage]  [MarketplaceStorage] doEnsureConfigFile ensureDir=0ms total=0ms dir=/Users/didi/.workbuddy/plugins
[9/28/2026, 8:47:43 AM.698] [Info] [pid=4484] [PluginManager]  Successfully installed built-in marketplace 'codebuddy-plugins-official'
[9/28/2026, 8:47:43 AM.698] [Info] [pid=4484] [PluginManager]  Successfully installed built-in marketplace 'cb_teams_marketplace'
[9/28/2026, 8:47:43 AM.698] [Info] [pid=4484] [PluginManager]  Successfully installed 2 built-in marketplace(s): codebuddy-plugins-official, cb_teams_marketplace
[9/28/2026, 8:47:43 AM.698] [Info] [pid=4484] [PluginManager]  Checking for built-in marketplaces to install...
[9/28/2026, 8:47:43 AM.698] [Info] [pid=4484] [BuiltInMarketplaceProvider]  Found 3 built-in marketplace(s)
[9/28/2026, 8:47:43 AM.698] [Info] [pid=4484] [PluginManager]  [PluginManagement] stage=install-builtin-marketplaces status=completed elapsedMs=2498
[9/28/2026, 8:47:43 AM.698] [Info] [pid=4484] [PluginManager]  Found 3 built-in marketplace(s)
[9/28/2026, 8:47:43 AM.698] [Info] [pid=4484] [PluginManager]  [PluginManagement] stage=install-configured-marketplaces status=started
[9/28/2026, 8:47:43 AM.698] [Info] [pid=4484] [PluginManager]  Checking for marketplaces to install from settings...
[9/28/2026, 8:47:43 AM.698] [Info] [pid=4484] [PluginManager]  No new marketplaces to install from settings
[9/28/2026, 8:47:43 AM.698] [Info] [pid=4484] [PluginManager]  [PluginManagement] stage=install-configured-marketplaces status=completed elapsedMs=0
[9/28/2026, 8:47:43 AM.698] [Info] [pid=4484] [PluginManager]  [PluginManagement] stage=load-marketplaces-final status=started
[9/28/2026, 8:47:43 AM.698] [Info] [pid=4484] [MarketplaceStorage]  [MarketplaceStorage] doEnsureConfigFile ensureDir=0ms total=0ms dir=/Users/didi/.workbuddy/plugins
[9/28/2026, 8:47:43 AM.699] [Info] [pid=4484] [MarketplaceStorage]  [MarketplaceStorage] getMarketplaces ensureConfigFile=0ms readAndRepair=1ms migration=0ms total=1ms count=5 path=/Users/didi/.workbuddy/plugins/known_marketplaces.json
[9/28/2026, 8:47:43 AM.699] [Info] [pid=4484] [PluginManager]  Built-in marketplace 'codebuddy-plugins-official' declaration changed or its local source snapshot is incomplete; reconciling source
[9/28/2026, 8:47:43 AM.699] [Info] [pid=4484] [PluginManager]  Built-in marketplace 'cb_teams_marketplace' declaration changed or its local source snapshot is incomplete; reconciling source
[9/28/2026, 8:47:43 AM.699] [Info] [pid=4484] [PluginManager]  Installing 3 built-in marketplace(s) in parallel...
[9/28/2026, 8:47:43 AM.699] [Info] [pid=4484] [PluginManager]  Installing built-in marketplace 'codebuddy-plugins-official'...
[9/28/2026, 8:47:43 AM.699] [Info] [pid=4484] [PluginManager]  Adding marketplace from source: https://download.codebuddy.cn/plugin-marketplace/codebuddy-plugins-official-4b9366ac-f7e5-4cef-b60a-99a5229ce2b2.zip
[9/28/2026, 8:47:43 AM.699] [Info] [pid=4484] [PluginManager]  Installing built-in marketplace 'cb_teams_marketplace'...
[9/28/2026, 8:47:43 AM.699] [Info] [pid=4484] [PluginManager]  Adding marketplace from source: https://download.codebuddy.cn/plugin-marketplace/cb_teams_marketplace-ab2eb0bb-7465-4062-92d1-1df8288f86d1.zip
[9/28/2026, 8:47:43 AM.699] [Info] [pid=4484] [PluginManager]  Installing built-in marketplace 'workbuddy-builtin'...
[9/28/2026, 8:47:43 AM.699] [Info] [pid=4484] [PluginManager]  Adding marketplace from source: /Applications/WorkBuddy.app/Contents/Resources/app.asar.unpacked/resources/plugins/workbuddy-builtin
[9/28/2026, 8:47:43 AM.699] [Info] [pid=4484] [MarketplaceStorage]  [MarketplaceStorage] getMarketplaces ensureConfigFile=0ms readAndRepair=1ms migration=0ms total=1ms count=5 path=/Users/didi/.workbuddy/plugins/known_marketplaces.json
[9/28/2026, 8:47:43 AM.699] [Info] [pid=4484] [BuiltInMarketplaceProvider]  Found 3 built-in marketplace(s)
[9/28/2026, 8:47:43 AM.700] [Info] [pid=4484] [MarketplaceStorage]  [MarketplaceStorage] doEnsureConfigFile ensureDir=0ms total=0ms dir=/Users/didi/.workbuddy/plugins
[9/28/2026, 8:47:43 AM.701] [Info] [pid=4484] [MarketplaceStorage]  [MarketplaceStorage] getMarketplaces ensureConfigFile=0ms readAndRepair=1ms migration=0ms total=1ms count=5 path=/Users/didi/.workbuddy/plugins/known_marketplaces.json
[9/28/2026, 8:47:43 AM.701] [Info] [pid=4484] [MarketplaceStorage]  [MarketplaceStorage] getMarketplaces ensureConfigFile=0ms readAndRepair=1ms migration=0ms total=1ms count=5 path=/Users/didi/.workbuddy/plugins/known_marketplaces.json
[9/28/2026, 8:47:43 AM.701] [Info] [pid=4484] [MarketplaceStorage]  [MarketplaceStorage] getMarketplaces ensureConfigFile=0ms readAndRepair=1ms migration=0ms total=1ms count=5 path=/Users/didi/.workbuddy/plugins/known_marketplaces.json
[9/28/2026, 8:47:43 AM.702] [Info] [pid=4484] [PluginManager]  Loaded 5 marketplaces (3 built-in) total=4ms storage=1ms builtIn=0ms autoUpdate=0ms
[9/28/2026, 8:47:43 AM.702] [Info] [pid=4484] [PluginManager]  [PluginManagement] stage=load-marketplaces-final status=completed elapsedMs=4
[9/28/2026, 8:47:43 AM.702] [Info] [pid=4484] [PluginManager]  [PluginManagement] stage=install-builtin-market-plugins status=started
[9/28/2026, 8:47:43 AM.702] [Info] [pid=4484] [MarketplaceStorage]  [MarketplaceStorage] doEnsureConfigFile ensureDir=0ms total=0ms dir=/Users/didi/.workbuddy/plugins
[9/28/2026, 8:47:43 AM.702] [Info] [pid=4484] [MarketplaceStorage]  [MarketplaceStorage] doEnsureConfigFile ensureDir=0ms total=0ms dir=/Users/didi/.workbuddy/plugins
[9/28/2026, 8:47:43 AM.709] [Info] [pid=4484] [MarketplaceStorage]  [MarketplaceStorage] getMarketplaces ensureConfigFile=0ms readAndRepair=3ms migration=0ms total=7ms count=5 path=/Users/didi/.workbuddy/plugins/known_marketplaces.json
[9/28/2026, 8:47:43 AM.709] [Info] [pid=4484] [MarketplaceStorage]  [MarketplaceStorage] getMarketplaces ensureConfigFile=0ms readAndRepair=3ms migration=0ms total=7ms count=5 path=/Users/didi/.workbuddy/plugins/known_marketplaces.json
[9/28/2026, 8:47:43 AM.709] [Info] [pid=4484] [MarketplaceStorage]  [MarketplaceStorage] getMarketplaces ensureConfigFile=0ms readAndRepair=3ms migration=0ms total=7ms count=5 path=/Users/didi/.workbuddy/plugins/known_marketplaces.json
[9/28/2026, 8:47:43 AM.721] [Info] [pid=4484] [PluginManager]  Found 42 plugins in marketplace
[9/28/2026, 8:47:43 AM.722] [Info] [pid=4484] [MarketplaceStorage]  [MarketplaceStorage] doEnsureConfigFile ensureDir=0ms total=0ms dir=/Users/didi/.workbuddy/plugins
[9/28/2026, 8:47:43 AM.723] [Info] [pid=4484] [MarketplaceStorage]  [MarketplaceStorage] getMarketplaces ensureConfigFile=0ms readAndRepair=1ms migration=0ms total=1ms count=5 path=/Users/didi/.workbuddy/plugins/known_marketplaces.json
[9/28/2026, 8:47:43 AM.724] [Info] [pid=4484] [MarketplaceStorage]  [MarketplaceStorage] doEnsureConfigFile ensureDir=0ms total=0ms dir=/Users/didi/.workbuddy/plugins
[9/28/2026, 8:47:43 AM.726] [Info] [pid=4484] [MarketplaceStorage]  [MarketplaceStorage] doEnsureConfigFile ensureDir=0ms total=0ms dir=/Users/didi/.workbuddy/plugins
[9/28/2026, 8:47:43 AM.726] [Info] [pid=4484] [MarketplaceStorage]  [MarketplaceStorage] getMarketplaces ensureConfigFile=0ms readAndRepair=0ms migration=0ms total=0ms count=6 path=/Users/didi/.workbuddy/plugins/known_marketplaces.json
[9/28/2026, 8:47:43 AM.727] [Info] [pid=4484] [BuiltInMarketplaceProvider]  Found 3 built-in marketplace(s)
[9/28/2026, 8:47:43 AM.728] [Info] [pid=4484] [PluginManager]  Loaded 6 marketplaces (3 built-in) total=2ms storage=0ms builtIn=0ms autoUpdate=1ms
[9/28/2026, 8:47:43 AM.731] [Info] [pid=4484] [PluginManager]  Loaded 8 installed Plugins from the installed registry in 3ms
[9/28/2026, 8:47:43 AM.732] [Info] [pid=4484] [PluginManager]  Plugin welcomemode-code@workbuddy-builtin is already up to date at /Users/didi/.workbuddy/plugins/cache/workbuddy-builtin/welcomemode-code/5.6.2-wb.39298511.g37a65c0b.hbf00e3f3d64d
[9/28/2026, 8:47:43 AM.732] [Info] [pid=4484] [PluginManager]  Plugins welcomemode-code@workbuddy-builtin are already up to date
[9/28/2026, 8:47:43 AM.733] [Info] [pid=4484] [PluginManager]  Plugin welcomemode-work@workbuddy-builtin is already up to date at /Users/didi/.workbuddy/plugins/cache/workbuddy-builtin/welcomemode-work/5.6.2-wb.39298511.g37a65c0b.hbf00e3f3d64d
[9/28/2026, 8:47:43 AM.733] [Info] [pid=4484] [PluginManager]  Plugins welcomemode-work@workbuddy-builtin are already up to date
[9/28/2026, 8:47:43 AM.735] [Info] [pid=4484] [PluginManager]  Plugin welcomemode-design@workbuddy-builtin is already up to date at /Users/didi/.workbuddy/plugins/cache/workbuddy-builtin/welcomemode-design/5.6.2-wb.39298511.g37a65c0b.hbf00e3f3d64d
[9/28/2026, 8:47:43 AM.735] [Info] [pid=4484] [PluginManager]  Plugins welcomemode-design@workbuddy-builtin are already up to date
[9/28/2026, 8:47:43 AM.735] [Warning] [pid=4484] [PluginManager]  Failed to install product-declared plugins: welcomemode-code@workbuddy-builtin: Marketplace 'workbuddy-builtin' is not ready; welcomemode-work@workbuddy-builtin: Marketplace 'workbuddy-builtin' is not ready; welcomemode-design@workbuddy-builtin: Marketplace 'workbuddy-builtin' is not ready; interactionmode-craft@workbuddy-builtin: Marketplace 'workbuddy-builtin' is not ready; interactionmode-ask@workbuddy-builtin: Marketplace 'workbuddy-builtin' is not ready; interactionmode-plan@workbuddy-builtin: Marketplace 'workbuddy-builtin' is not ready; interactionmode-expert@workbuddy-builtin: Marketplace 'workbuddy-builtin' is not ready; interactionmode-quick@workbuddy-builtin: Marketplace 'workbuddy-builtin' is not ready; prompt-common@workbuddy-builtin: Marketplace 'workbuddy-builtin' is not ready; skill-ardot-design-core@workbuddy-builtin: Marketplace 'workbuddy-builtin' is not ready; skill-expert-manager@workbuddy-builtin: Marketplace 'workbuddy-builtin' is not ready; skill-wb-finance-skill@workbuddy-builtin: Marketplace 'workbuddy-builtin' is not ready; skill-ardot-poster@workbuddy-builtin: Marketplace 'workbuddy-builtin' is not ready; skill-livestream-poster@workbuddy-builtin: Marketplace 'workbuddy-builtin' is not ready; skill-marketplace-skill-installer@workbuddy-builtin: Marketplace 'workbuddy-builtin' is not ready; skill-recommend-connectors@workbuddy-builtin: Marketplace 'workbuddy-builtin' is not ready; skill-recommend-experts@workbuddy-builtin: Marketplace 'workbuddy-builtin' is not ready; skill-design-router@workbuddy-builtin: Marketplace 'workbuddy-builtin' is not ready; skill-ardot-design-to-code@workbuddy-builtin: Marketplace 'workbuddy-builtin' is not ready; skill-buddy-multimodal-generation@workbuddy-builtin: Marketplace 'workbuddy-builtin' is not ready; skill-buddy-image-processing@workbuddy-builtin: Marketplace 'workbuddy-builtin' is not ready; skill-ardot-ui-design@workbuddy-builtin: Marketplace 'workbuddy-builtin' is not ready; skill-skill-creator@workbuddy-builtin: Marketplace 'workbuddy-builtin' is not ready; skill-sites@workbuddy-builtin: Marketplace 'workbuddy-builtin' is not ready; skill-ardot-slides@workbuddy-builtin: Marketplace 'workbuddy-builtin' is not ready; skill-geo-map-compliance-guard@workbuddy-builtin: Marketplace 'workbuddy-builtin' is not ready; skill-library@workbuddy-builtin: Marketplace 'workbuddy-builtin' is not ready
[9/28/2026, 8:47:43 AM.735] [Warning] [pid=4484] [PluginManager]  [PluginManagement] stage=install-builtin-market-plugins status=failed elapsedMs=33 error=Failed to install product-declared plugins: welcomemode-code@workbuddy-builtin: Marketplace 'workbuddy-builtin' is not ready; welcomemode-work@workbuddy-builtin: Marketplace 'workbuddy-builtin' is not ready; welcomemode-design@workbuddy-builtin: Marketplace 'workbuddy-builtin' is not ready; interactionmode-craft@workbuddy-builtin: Marketplace 'workbuddy-builtin' is not ready; interactionmode-ask@workbuddy-builtin: Marketplace 'workbuddy-builtin' is not ready; interactionmode-plan@workbuddy-builtin: Marketplace 'workbuddy-builtin' is not ready; interactionmode-expert@workbuddy-builtin: Marketplace 'workbuddy-builtin' is not ready; interactionmode-quick@workbuddy-builtin: Marketplace 'workbuddy-builtin' is not ready; prompt-common@workbuddy-builtin: Marketplace 'workbuddy-builtin' is not ready; skill-ardot-design-core@workbuddy-builtin: Marketplace 'workbuddy-builtin' is not ready; skill-expert-manager@workbuddy-builtin: Marketplace 'workbuddy-builtin' is not ready; skill-wb-finance-skill@workbuddy-builtin: Marketplace 'workbuddy-builtin' is not ready; skill-ardot-poster@workbuddy-builtin: Marketplace 'workbuddy-builtin' is not ready; skill-livestream-poster@workbuddy-builtin: Marketplace 'workbuddy-builtin' is not ready; skill-marketplace-skill-installer@workbuddy-builtin: Marketplace 'workbuddy-builtin' is not ready; skill-recommend-connectors@workbuddy-builtin: Marketplace 'workbuddy-builtin' is not ready; skill-recommend-experts@workbuddy-builtin: Marketplace 'workbuddy-builtin' is not ready; skill-design-router@workbuddy-builtin: Marketplace 'workbuddy-builtin' is not ready; skill-ardot-design-to-code@workbuddy-builtin: Marketplace 'workbuddy-builtin' is not ready; skill-buddy-multimodal-generation@workbuddy-builtin: Marketplace 'workbuddy-builtin' is not ready; skill-buddy-image-processing@workbuddy-builtin: Marketplace 'workbuddy-builtin' is not ready; skill-ardot-ui-design@workbuddy-builtin: Marketplace 'workbuddy-builtin' is not ready; skill-skill-creator@workbuddy-builtin: Marketplace 'workbuddy-builtin' is not ready; skill-sites@workbuddy-builtin: Marketplace 'workbuddy-builtin' is not ready; skill-ardot-slides@workbuddy-builtin: Marketplace 'workbuddy-builtin' is not ready; skill-geo-map-compliance-guard@workbuddy-builtin: Marketplace 'workbuddy-builtin' is not ready; skill-library@workbuddy-builtin: Marketplace 'workbuddy-builtin' is not ready
[9/28/2026, 8:47:43 AM.735] [Info] [pid=4484] [PluginManager]  [PluginManagement] stage=install-missing-enabled-plugins status=started
[9/28/2026, 8:47:43 AM.735] [Info] [pid=4484] [PluginManager]  Checking for missing enabled plugins...
[9/28/2026, 8:47:43 AM.739] [Info] [pid=4484] [PluginManager]  Plugin interactionmode-craft@workbuddy-builtin is already up to date at /Users/didi/.workbuddy/plugins/cache/workbuddy-builtin/interactionmode-craft/5.6.2-wb.39298511.g37a65c0b.hbf00e3f3d64d
[9/28/2026, 8:47:43 AM.739] [Info] [pid=4484] [PluginManager]  Plugins interactionmode-craft@workbuddy-builtin are already up to date
[9/28/2026, 8:47:43 AM.742] [Info] [pid=4484] [PluginManager]  Plugin interactionmode-ask@workbuddy-builtin is already up to date at /Users/didi/.workbuddy/plugins/cache/workbuddy-builtin/interactionmode-ask/5.6.2-wb.39298511.g37a65c0b.hbf00e3f3d64d
[9/28/2026, 8:47:43 AM.742] [Info] [pid=4484] [PluginManager]  Plugins interactionmode-ask@workbuddy-builtin are already up to date
[9/28/2026, 8:47:43 AM.745] [Info] [pid=4484] [PluginManager]  Plugin interactionmode-plan@workbuddy-builtin is already up to date at /Users/didi/.workbuddy/plugins/cache/workbuddy-builtin/interactionmode-plan/5.6.2-wb.39298511.g37a65c0b.hbf00e3f3d64d
[9/28/2026, 8:47:43 AM.745] [Info] [pid=4484] [PluginManager]  Plugins interactionmode-plan@workbuddy-builtin are already up to date
[9/28/2026, 8:47:43 AM.746] [Info] [pid=4484] [PluginManager]  All enabled plugins are already installed
[9/28/2026, 8:47:43 AM.746] [Info] [pid=4484] [PluginManager]  [PluginManagement] stage=install-missing-enabled-plugins status=completed elapsedMs=11
[9/28/2026, 8:47:43 AM.746] [Warning] [pid=4484] [PluginManager]  [PluginManagement] background stage=reconcile-configured-plugins status=failed error=Plugin management pass incomplete: install-builtin-market-plugins: Failed to install product-declared plugins: welcomemode-code@workbuddy-builtin: Marketplace 'workbuddy-builtin' is not ready; welcomemode-work@workbuddy-builtin: Marketplace 'workbuddy-builtin' is not ready; welcomemode-design@workbuddy-builtin: Marketplace 'workbuddy-builtin' is not ready; interactionmode-craft@workbuddy-builtin: Marketplace 'workbuddy-builtin' is not ready; interactionmode-ask@workbuddy-builtin: Marketplace 'workbuddy-builtin' is not ready; interactionmode-plan@workbuddy-builtin: Marketplace 'workbuddy-builtin' is not ready; interactionmode-expert@workbuddy-builtin: Marketplace 'workbuddy-builtin' is not ready; interactionmode-quick@workbuddy-builtin: Marketplace 'workbuddy-builtin' is not ready; prompt-common@workbuddy-builtin: Marketplace 'workbuddy-builtin' is not ready; skill-ardot-design-core@workbuddy-builtin: Marketplace 'workbuddy-builtin' is not ready; skill-expert-manager@workbuddy-builtin: Marketplace 'workbuddy-builtin' is not ready; skill-wb-finance-skill@workbuddy-builtin: Marketplace 'workbuddy-builtin' is not ready; skill-ardot-poster@workbuddy-builtin: Marketplace 'workbuddy-builtin' is not ready; skill-livestream-poster@workbuddy-builtin: Marketplace 'workbuddy-builtin' is not ready; skill-marketplace-skill-installer@workbuddy-builtin: Marketplace 'workbuddy-builtin' is not ready; skill-recommend-connectors@workbuddy-builtin: Marketplace 'workbuddy-builtin' is not ready; skill-recommend-experts@workbuddy-builtin: Marketplace 'workbuddy-builtin' is not ready; skill-design-router@workbuddy-builtin: Marketplace 'workbuddy-builtin' is not ready; skill-ardot-design-to-code@workbuddy-builtin: Marketplace 'workbuddy-builtin' is not ready; skill-buddy-multimodal-generation@workbuddy-builtin: Marketplace 'workbuddy-builtin' is not ready; skill-buddy-image-processing@workbuddy-builtin: Marketplace 'workbuddy-builtin' is not ready; skill-ardot-ui-design@workbuddy-builtin: Marketplace 'workbuddy-builtin' is not ready; skill-skill-creator@workbuddy-builtin: Marketplace 'workbuddy-builtin' is not ready; skill-sites@workbuddy-builtin: Marketplace 'workbuddy-builtin' is not ready; skill-ardot-slides@workbuddy-builtin: Marketplace 'workbuddy-builtin' is not ready; skill-geo-map-compliance-guard@workbuddy-builtin: Marketplace 'workbuddy-builtin' is not ready; skill-library@workbuddy-builtin: Marketplace 'workbuddy-builtin' is not ready
[9/28/2026, 8:47:43 AM.746] [Info] [pid=4484] [PluginManager]  [PluginManagement] stage=recover-interrupted-marketplace-source-swaps status=started
[9/28/2026, 8:47:43 AM.746] [Info] [pid=4484] [MarketplaceStorage]  [MarketplaceStorage] doEnsureConfigFile ensureDir=0ms total=0ms dir=/Users/didi/.workbuddy/plugins
[9/28/2026, 8:47:43 AM.746] [Info] [pid=4484] [PluginManager]  Plugin interactionmode-expert@workbuddy-builtin is already up to date at /Users/didi/.workbuddy/plugins/cache/workbuddy-builtin/interactionmode-expert/5.6.2-wb.39298511.g37a65c0b.hbf00e3f3d64d
[9/28/2026, 8:47:43 AM.746] [Info] [pid=4484] [PluginManager]  Plugins interactionmode-expert@workbuddy-builtin are already up to date
[9/28/2026, 8:47:43 AM.748] [Info] [pid=4484] [PluginManager]  Plugin prompt-common@workbuddy-builtin is already up to date at /Users/didi/.workbuddy/plugins/cache/workbuddy-builtin/prompt-common/5.6.2-wb.39298511.g37a65c0b.hbf00e3f3d64d
[9/28/2026, 8:47:43 AM.748] [Info] [pid=4484] [PluginManager]  Plugins prompt-common@workbuddy-builtin are already up to date
[9/28/2026, 8:47:43 AM.748] [Info] [pid=4484] [MarketplaceStorage]  [MarketplaceStorage] getMarketplaces ensureConfigFile=0ms readAndRepair=1ms migration=0ms total=2ms count=6 path=/Users/didi/.workbuddy/plugins/known_marketplaces.json
[9/28/2026, 8:47:43 AM.748] [Info] [pid=4484] [PluginManager]  [MarketplaceSource] Interrupted swap recovery done recovered=0 errors=0
[9/28/2026, 8:47:43 AM.748] [Info] [pid=4484] [PluginManager]  [PluginManagement] stage=recover-interrupted-marketplace-source-swaps status=completed elapsedMs=2
[9/28/2026, 8:47:43 AM.748] [Info] [pid=4484] [PluginManager]  [PluginManagement] stage=migrate-legacy-marketplace-sources status=started
[9/28/2026, 8:47:43 AM.748] [Info] [pid=4484] [MarketplaceStorage]  [MarketplaceStorage] doEnsureConfigFile ensureDir=0ms total=0ms dir=/Users/didi/.workbuddy/plugins
[9/28/2026, 8:47:43 AM.748] [Info] [pid=4484] [PluginManager]  Plugin skill-ardot-design-core@workbuddy-builtin is already up to date at /Users/didi/.workbuddy/plugins/cache/workbuddy-builtin/skill-ardot-design-core/5.6.2-wb.39298511.g37a65c0b.hbf00e3f3d64d
[9/28/2026, 8:47:43 AM.748] [Info] [pid=4484] [PluginManager]  Plugins skill-ardot-design-core@workbuddy-builtin are already up to date
[9/28/2026, 8:47:43 AM.749] [Info] [pid=4484] [MarketplaceStorage]  [MarketplaceStorage] getMarketplaces ensureConfigFile=0ms readAndRepair=1ms migration=0ms total=1ms count=6 path=/Users/didi/.workbuddy/plugins/known_marketplaces.json
[9/28/2026, 8:47:43 AM.749] [Info] [pid=4484] [PluginManager]  [MarketplaceSource] Legacy source migration done migrated=0 errors=0
[9/28/2026, 8:47:43 AM.749] [Info] [pid=4484] [PluginManager]  [PluginManagement] stage=migrate-legacy-marketplace-sources status=completed elapsedMs=1
[9/28/2026, 8:47:43 AM.749] [Info] [pid=4484] [PluginManager]  [PluginManagement] stage=cleanup-marketplace-transients status=started
[9/28/2026, 8:47:43 AM.749] [Info] [pid=4484] [MarketplaceStorage]  [MarketplaceStorage] doEnsureConfigFile ensureDir=0ms total=0ms dir=/Users/didi/.workbuddy/plugins
[9/28/2026, 8:47:43 AM.749] [Info] [pid=4484] [PluginManager]  Plugin skill-expert-manager@workbuddy-builtin is already up to date at /Users/didi/.workbuddy/plugins/cache/workbuddy-builtin/skill-expert-manager/5.6.2-wb.39298511.g37a65c0b.hbf00e3f3d64d
[9/28/2026, 8:47:43 AM.749] [Info] [pid=4484] [PluginManager]  Plugins skill-expert-manager@workbuddy-builtin are already up to date
[9/28/2026, 8:47:43 AM.750] [Info] [pid=4484] [MarketplaceStorage]  [MarketplaceStorage] getMarketplaces ensureConfigFile=0ms readAndRepair=1ms migration=0ms total=1ms count=6 path=/Users/didi/.workbuddy/plugins/known_marketplaces.json
[9/28/2026, 8:47:43 AM.750] [Info] [pid=4484] [PluginManager]  [MarketplaceSource] Transient sweep done scanned=0 removed=0 conservative=0 errors=0
[9/28/2026, 8:47:43 AM.750] [Info] [pid=4484] [PluginManager]  [PluginManagement] stage=cleanup-marketplace-transients status=completed elapsedMs=1
[9/28/2026, 8:47:43 AM.750] [Info] [pid=4484] [PluginManager]  [PluginManagement] stage=migrate-legacy-enabled-plugin-caches status=started
[9/28/2026, 8:47:43 AM.751] [Info] [pid=4484] [PluginManager]  [PluginManagement] stage=migrate-legacy-enabled-plugin-caches status=completed elapsedMs=0
[9/28/2026, 8:47:43 AM.751] [Info] [pid=4484] [PluginManager]  [PluginManagement] stage=migrate-unknown-plugin-caches status=started
[9/28/2026, 8:47:43 AM.751] [Info] [pid=4484] [PluginManager]  [PluginManagement] stage=migrate-unknown-plugin-caches status=completed elapsedMs=1
[9/28/2026, 8:47:43 AM.751] [Info] [pid=4484] [PluginManager]  [PluginManagement] stage=cleanup-plugin-cache status=started
[9/28/2026, 8:47:43 AM.752] [Info] [pid=4484] [PluginManager]  Plugin skill-wb-finance-skill@workbuddy-builtin is already up to date at /Users/didi/.workbuddy/plugins/cache/workbuddy-builtin/skill-wb-finance-skill/5.6.2-wb.39298511.g37a65c0b.hbf00e3f3d64d
[9/28/2026, 8:47:43 AM.752] [Info] [pid=4484] [PluginManager]  Plugins skill-wb-finance-skill@workbuddy-builtin are already up to date
[9/28/2026, 8:47:43 AM.752] [Info] [pid=4484] [PluginManager]  Plugin skill-ardot-poster@workbuddy-builtin is already up to date at /Users/didi/.workbuddy/plugins/cache/workbuddy-builtin/skill-ardot-poster/5.6.2-wb.39298511.g37a65c0b.hbf00e3f3d64d
[9/28/2026, 8:47:43 AM.752] [Info] [pid=4484] [PluginManager]  Plugins skill-ardot-poster@workbuddy-builtin are already up to date
[9/28/2026, 8:47:43 AM.753] [Info] [pid=4484] [PluginManager]  Plugin skill-marketplace-skill-installer@workbuddy-builtin is already up to date at /Users/didi/.workbuddy/plugins/cache/workbuddy-builtin/skill-marketplace-skill-installer/5.6.2-wb.39298511.g37a65c0b.hbf00e3f3d64d
[9/28/2026, 8:47:43 AM.753] [Info] [pid=4484] [PluginManager]  Plugins skill-marketplace-skill-installer@workbuddy-builtin are already up to date
[9/28/2026, 8:47:43 AM.754] [Info] [pid=4484] [PluginManager]  Plugin skill-recommend-connectors@workbuddy-builtin is already up to date at /Users/didi/.workbuddy/plugins/cache/workbuddy-builtin/skill-recommend-connectors/5.6.2-wb.39298511.g37a65c0b.hbf00e3f3d64d
[9/28/2026, 8:47:43 AM.754] [Info] [pid=4484] [PluginManager]  Plugins skill-recommend-connectors@workbuddy-builtin are already up to date
[9/28/2026, 8:47:43 AM.755] [Info] [pid=4484] [PluginManager]  Plugin skill-recommend-experts@workbuddy-builtin is already up to date at /Users/didi/.workbuddy/plugins/cache/workbuddy-builtin/skill-recommend-experts/5.6.2-wb.39298511.g37a65c0b.hbf00e3f3d64d
[9/28/2026, 8:47:43 AM.755] [Info] [pid=4484] [PluginManager]  Plugins skill-recommend-experts@workbuddy-builtin are already up to date
[9/28/2026, 8:47:43 AM.755] [Error] [pid=4484] [PluginManager]  Failed to update plugins skill-ardot-design-router@workbuddy-builtin: Error: Plugin skill-ardot-design-router@workbuddy-builtin is not installed.
[9/28/2026, 8:47:43 AM.755] [Warning] [pid=4484] [PluginManager]  Marketplace workbuddy-builtin updated, but plugin skill-ardot-design-router could not be refreshed: Plugin skill-ardot-design-router@workbuddy-builtin is not installed.
[9/28/2026, 8:47:43 AM.756] [Info] [pid=4484] [PluginManager]  Plugin skill-ardot-design-to-code@workbuddy-builtin is already up to date at /Users/didi/.workbuddy/plugins/cache/workbuddy-builtin/skill-ardot-design-to-code/5.6.2-wb.39298511.g37a65c0b.hbf00e3f3d64d
[9/28/2026, 8:47:43 AM.756] [Info] [pid=4484] [PluginManager]  Plugins skill-ardot-design-to-code@workbuddy-builtin are already up to date
[9/28/2026, 8:47:43 AM.756] [Info] [pid=4484] [PluginManager]  Plugin skill-buddy-multimodal-generation@workbuddy-builtin is already up to date at /Users/didi/.workbuddy/plugins/cache/workbuddy-builtin/skill-buddy-multimodal-generation/5.6.2-wb.39298511.g37a65c0b.hbf00e3f3d64d
[9/28/2026, 8:47:43 AM.756] [Info] [pid=4484] [PluginManager]  Plugins skill-buddy-multimodal-generation@workbuddy-builtin are already up to date
[9/28/2026, 8:47:43 AM.757] [Info] [pid=4484] [PluginManager]  Plugin skill-ardot-ui-design@workbuddy-builtin is already up to date at /Users/didi/.workbuddy/plugins/cache/workbuddy-builtin/skill-ardot-ui-design/5.6.2-wb.39298511.g37a65c0b.hbf00e3f3d64d
[9/28/2026, 8:47:43 AM.757] [Info] [pid=4484] [PluginManager]  Plugins skill-ardot-ui-design@workbuddy-builtin are already up to date
[9/28/2026, 8:47:43 AM.758] [Info] [pid=4484] [PluginManager]  Plugin skill-skill-creator@workbuddy-builtin is already up to date at /Users/didi/.workbuddy/plugins/cache/workbuddy-builtin/skill-skill-creator/5.6.2-wb.39298511.g37a65c0b.hbf00e3f3d64d
[9/28/2026, 8:47:43 AM.758] [Info] [pid=4484] [PluginManager]  Plugins skill-skill-creator@workbuddy-builtin are already up to date
[9/28/2026, 8:47:43 AM.758] [Error] [pid=4484] [PluginManager]  Failed to update plugins skill-cloudstudio-deploy@workbuddy-builtin: Error: Plugin skill-cloudstudio-deploy@workbuddy-builtin is not installed.
[9/28/2026, 8:47:43 AM.758] [Warning] [pid=4484] [PluginManager]  Marketplace workbuddy-builtin updated, but plugin skill-cloudstudio-deploy could not be refreshed: Plugin skill-cloudstudio-deploy@workbuddy-builtin is not installed.
[9/28/2026, 8:47:43 AM.759] [Info] [pid=4484] [PluginManager]  Plugin skill-ardot-slides@workbuddy-builtin is already up to date at /Users/didi/.workbuddy/plugins/cache/workbuddy-builtin/skill-ardot-slides/5.6.2-wb.39298511.g37a65c0b.hbf00e3f3d64d
[9/28/2026, 8:47:43 AM.759] [Info] [pid=4484] [PluginManager]  Plugins skill-ardot-slides@workbuddy-builtin are already up to date
[9/28/2026, 8:47:43 AM.760] [Info] [pid=4484] [PluginManager]  Plugin skill-geo-map-compliance-guard@workbuddy-builtin is already up to date at /Users/didi/.workbuddy/plugins/cache/workbuddy-builtin/skill-geo-map-compliance-guard/5.6.2-wb.39298511.g37a65c0b.hbf00e3f3d64d
[9/28/2026, 8:47:43 AM.760] [Info] [pid=4484] [PluginManager]  Plugins skill-geo-map-compliance-guard@workbuddy-builtin are already up to date
[9/28/2026, 8:47:43 AM.760] [Info] [pid=4484] [PluginManager]  Plugin skill-library@workbuddy-builtin is already up to date at /Users/didi/.workbuddy/plugins/cache/workbuddy-builtin/skill-library/5.6.2-wb.39298511.g37a65c0b.hbf00e3f3d64d
[9/28/2026, 8:47:43 AM.760] [Info] [pid=4484] [PluginManager]  Plugins skill-library@workbuddy-builtin are already up to date
[9/28/2026, 8:47:43 AM.761] [Info] [pid=4484] [PluginManager]  [PluginManagement] stage=cleanup-plugin-cache status=completed elapsedMs=10
[9/28/2026, 8:47:43 AM.761] [Info] [pid=4484] [PluginManager]  Plugin skill-tencent-docs-routing@workbuddy-builtin is already up to date at /Users/didi/.workbuddy/plugins/cache/workbuddy-builtin/skill-tencent-docs-routing/5.6.2-wb.39298511.g37a65c0b.hbf00e3f3d64d
[9/28/2026, 8:47:43 AM.761] [Info] [pid=4484] [PluginManager]  Plugins skill-tencent-docs-routing@workbuddy-builtin are already up to date
[9/28/2026, 8:47:43 AM.762] [Info] [pid=4484] [PluginManager]  Plugin skill-tencent-local-office-edit@workbuddy-builtin is already up to date at /Users/didi/.workbuddy/plugins/cache/workbuddy-builtin/skill-tencent-local-office-edit/5.6.2-wb.39298511.g37a65c0b.hbf00e3f3d64d
[9/28/2026, 8:47:43 AM.762] [Info] [pid=4484] [PluginManager]  Plugins skill-tencent-local-office-edit@workbuddy-builtin are already up to date
[9/28/2026, 8:47:43 AM.762] [Info] [pid=4484] [PluginManager]  Plugin mcp-ardot-mcp-app@workbuddy-builtin is already up to date at /Users/didi/.workbuddy/plugins/cache/workbuddy-builtin/mcp-ardot-mcp-app/5.6.2-wb.39298511.g37a65c0b.hbf00e3f3d64d
[9/28/2026, 8:47:43 AM.762] [Info] [pid=4484] [PluginManager]  Plugins mcp-ardot-mcp-app@workbuddy-builtin are already up to date
[9/28/2026, 8:47:43 AM.762] [Info] [pid=4484] [PluginManager]  Plugin weixinpay@workbuddy-builtin is already up to date at /Users/didi/.workbuddy/plugins/cache/workbuddy-builtin/weixinpay/1.6.110
[9/28/2026, 8:47:43 AM.762] [Info] [pid=4484] [PluginManager]  Plugins weixinpay@workbuddy-builtin are already up to date
[9/28/2026, 8:47:43 AM.763] [Info] [pid=4484] [PluginManager]  Plugin tencent-docs-plugin@workbuddy-builtin is already up to date at /Users/didi/.workbuddy/plugins/cache/workbuddy-builtin/tencent-docs-plugin/5.6.2-wb.39298511.g37a65c0b.hbf00e3f3d64d
[9/28/2026, 8:47:43 AM.763] [Info] [pid=4484] [PluginManager]  Plugins tencent-docs-plugin@workbuddy-builtin are already up to date
[9/28/2026, 8:47:43 AM.763] [Info] [pid=4484] [PluginManager]  Plugin sheetagent@workbuddy-builtin is already up to date at /Users/didi/.workbuddy/plugins/cache/workbuddy-builtin/sheetagent/5.6.2-wb.39298511.g37a65c0b.hbf00e3f3d64d
[9/28/2026, 8:47:43 AM.763] [Info] [pid=4484] [PluginManager]  Plugins sheetagent@workbuddy-builtin are already up to date
[9/28/2026, 8:47:43 AM.763] [Info] [pid=4484] [PluginManager]  Plugin tencent-pptx@workbuddy-builtin is already up to date at /Users/didi/.workbuddy/plugins/cache/workbuddy-builtin/tencent-pptx/5.6.2-wb.39298511.g37a65c0b.hbf00e3f3d64d
[9/28/2026, 8:47:43 AM.763] [Info] [pid=4484] [PluginManager]  Plugins tencent-pptx@workbuddy-builtin are already up to date
[9/28/2026, 8:47:43 AM.763] [Info] [pid=4484] [PluginManager]  Plugin tencent-docx@workbuddy-builtin is already up to date at /Users/didi/.workbuddy/plugins/cache/workbuddy-builtin/tencent-docx/5.6.2-wb.39298511.g37a65c0b.hbf00e3f3d64d
[9/28/2026, 8:47:43 AM.763] [Info] [pid=4484] [PluginManager]  Plugins tencent-docx@workbuddy-builtin are already up to date
[9/28/2026, 8:47:43 AM.764] [Info] [pid=4484] [PluginManager]  Plugin mcp-miora@workbuddy-builtin is already up to date at /Users/didi/.workbuddy/plugins/cache/workbuddy-builtin/mcp-miora/5.6.2-wb.39298511.g37a65c0b.hbf00e3f3d64d
[9/28/2026, 8:47:43 AM.764] [Info] [pid=4484] [PluginManager]  Plugins mcp-miora@workbuddy-builtin are already up to date
[9/28/2026, 8:47:43 AM.765] [Info] [pid=4484] [PluginManager]  Plugin interactionmode-quick@workbuddy-builtin is already up to date at /Users/didi/.workbuddy/plugins/cache/workbuddy-builtin/interactionmode-quick/5.6.2-wb.39298511.g37a65c0b.hbf00e3f3d64d
[9/28/2026, 8:47:43 AM.765] [Info] [pid=4484] [PluginManager]  Plugins interactionmode-quick@workbuddy-builtin are already up to date
[9/28/2026, 8:47:43 AM.765] [Info] [pid=4484] [PluginManager]  Plugin skill-livestream-poster@workbuddy-builtin is already up to date at /Users/didi/.workbuddy/plugins/cache/workbuddy-builtin/skill-livestream-poster/5.6.2-wb.39298511.g37a65c0b.hbf00e3f3d64d
[9/28/2026, 8:47:43 AM.765] [Info] [pid=4484] [PluginManager]  Plugins skill-livestream-poster@workbuddy-builtin are already up to date
[9/28/2026, 8:47:43 AM.766] [Info] [pid=4484] [PluginManager]  Plugin skill-design-router@workbuddy-builtin is already up to date at /Users/didi/.workbuddy/plugins/cache/workbuddy-builtin/skill-design-router/5.6.2-wb.39298511.g37a65c0b.hbf00e3f3d64d
[9/28/2026, 8:47:43 AM.766] [Info] [pid=4484] [PluginManager]  Plugins skill-design-router@workbuddy-builtin are already up to date
[9/28/2026, 8:47:43 AM.766] [Info] [pid=4484] [PluginManager]  Plugin skill-buddy-image-processing@workbuddy-builtin is already up to date at /Users/didi/.workbuddy/plugins/cache/workbuddy-builtin/skill-buddy-image-processing/5.6.2-wb.39298511.g37a65c0b.hbf00e3f3d64d
[9/28/2026, 8:47:43 AM.766] [Info] [pid=4484] [PluginManager]  Plugins skill-buddy-image-processing@workbuddy-builtin are already up to date
[9/28/2026, 8:47:43 AM.767] [Info] [pid=4484] [PluginManager]  Plugin skill-sites@workbuddy-builtin is already up to date at /Users/didi/.workbuddy/plugins/cache/workbuddy-builtin/skill-sites/5.6.2-wb.39298511.g37a65c0b.hbf00e3f3d64d
[9/28/2026, 8:47:43 AM.767] [Info] [pid=4484] [PluginManager]  Plugins skill-sites@workbuddy-builtin are already up to date
[9/28/2026, 8:47:43 AM.768] [Info] [pid=4484] [PluginManager]  Plugin skill-miora-creative-core@workbuddy-builtin is already up to date at /Users/didi/.workbuddy/plugins/cache/workbuddy-builtin/skill-miora-creative-core/5.6.2-wb.39298511.g37a65c0b.hbf00e3f3d64d
[9/28/2026, 8:47:43 AM.768] [Info] [pid=4484] [PluginManager]  Plugins skill-miora-creative-core@workbuddy-builtin are already up to date
[9/28/2026, 8:47:43 AM.768] [Info] [pid=4484] [PluginManager]  Plugin skill-miora-brand-design@workbuddy-builtin is already up to date at /Users/didi/.workbuddy/plugins/cache/workbuddy-builtin/skill-miora-brand-design/5.6.2-wb.39298511.g37a65c0b.hbf00e3f3d64d
[9/28/2026, 8:47:43 AM.768] [Info] [pid=4484] [PluginManager]  Plugins skill-miora-brand-design@workbuddy-builtin are already up to date
[9/28/2026, 8:47:43 AM.769] [Info] [pid=4484] [PluginManager]  Plugin skill-miora-image-generation@workbuddy-builtin is already up to date at /Users/didi/.workbuddy/plugins/cache/workbuddy-builtin/skill-miora-image-generation/5.6.2-wb.39298511.g37a65c0b.hbf00e3f3d64d
[9/28/2026, 8:47:43 AM.769] [Info] [pid=4484] [PluginManager]  Plugins skill-miora-image-generation@workbuddy-builtin are already up to date
[9/28/2026, 8:47:43 AM.769] [Info] [pid=4484] [PluginManager]  Plugin skill-miora-video-generation@workbuddy-builtin is already up to date at /Users/didi/.workbuddy/plugins/cache/workbuddy-builtin/skill-miora-video-generation/5.6.2-wb.39298511.g37a65c0b.hbf00e3f3d64d
[9/28/2026, 8:47:43 AM.769] [Info] [pid=4484] [PluginManager]  Plugins skill-miora-video-generation@workbuddy-builtin are already up to date
[9/28/2026, 8:47:43 AM.770] [Info] [pid=4484] [PluginManager]  Plugin skill-cloud-service@workbuddy-builtin is already up to date at /Users/didi/.workbuddy/plugins/cache/workbuddy-builtin/skill-cloud-service/5.6.2-wb.39298511.g37a65c0b.hbf00e3f3d64d
[9/28/2026, 8:47:43 AM.770] [Info] [pid=4484] [PluginManager]  Plugins skill-cloud-service@workbuddy-builtin are already up to date
[9/28/2026, 8:47:43 AM.770] [Info] [pid=4484] [PluginManager]  Plugin skill-wecom-forwarded-chat-resources@workbuddy-builtin is already up to date at /Users/didi/.workbuddy/plugins/cache/workbuddy-builtin/skill-wecom-forwarded-chat-resources/5.6.2-wb.39298511.g37a65c0b.hbf00e3f3d64d
[9/28/2026, 8:47:43 AM.770] [Info] [pid=4484] [PluginManager]  Plugins skill-wecom-forwarded-chat-resources@workbuddy-builtin are already up to date
[9/28/2026, 8:47:43 AM.770] [Info] [pid=4484] [PluginManager]  Marketplace workbuddy-builtin added successfully
[9/28/2026, 8:47:43 AM.771] [Info] [pid=4484] [MarketplaceStorage]  [MarketplaceStorage] doEnsureConfigFile ensureDir=0ms total=0ms dir=/Users/didi/.workbuddy/plugins
[9/28/2026, 8:47:43 AM.772] [Info] [pid=4484] [MarketplaceStorage]  [MarketplaceStorage] getMarketplaces ensureConfigFile=0ms readAndRepair=0ms migration=0ms total=1ms count=6 path=/Users/didi/.workbuddy/plugins/known_marketplaces.json
[9/28/2026, 8:47:43 AM.772] [Info] [pid=4484] [MarketplaceStorage]  [MarketplaceStorage] doEnsureConfigFile ensureDir=0ms total=0ms dir=/Users/didi/.workbuddy/plugins
[9/28/2026, 8:47:44 AM.461] [Info] [pid=4484] [PluginManager]  Found 30 plugins in marketplace
[9/28/2026, 8:47:44 AM.462] [Info] [pid=4484] [MarketplaceStorage]  [MarketplaceStorage] doEnsureConfigFile ensureDir=0ms total=0ms dir=/Users/didi/.workbuddy/plugins
[9/28/2026, 8:47:44 AM.463] [Info] [pid=4484] [MarketplaceStorage]  [MarketplaceStorage] getMarketplaces ensureConfigFile=0ms readAndRepair=1ms migration=0ms total=1ms count=6 path=/Users/didi/.workbuddy/plugins/known_marketplaces.json
[9/28/2026, 8:47:44 AM.465] [Info] [pid=4484] [MarketplaceStorage]  [MarketplaceStorage] doEnsureConfigFile ensureDir=0ms total=0ms dir=/Users/didi/.workbuddy/plugins
[9/28/2026, 8:47:44 AM.570] [Info] [pid=4484] [MarketplaceStorage]  [MarketplaceStorage] doEnsureConfigFile ensureDir=0ms total=0ms dir=/Users/didi/.workbuddy/plugins
[9/28/2026, 8:47:44 AM.571] [Info] [pid=4484] [MarketplaceStorage]  [MarketplaceStorage] getMarketplaces ensureConfigFile=0ms readAndRepair=1ms migration=0ms total=1ms count=6 path=/Users/didi/.workbuddy/plugins/known_marketplaces.json
[9/28/2026, 8:47:44 AM.571] [Info] [pid=4484] [BuiltInMarketplaceProvider]  Found 3 built-in marketplace(s)
[9/28/2026, 8:47:44 AM.574] [Info] [pid=4484] [PluginManager]  Loaded 6 marketplaces (3 built-in) total=4ms storage=1ms builtIn=0ms autoUpdate=0ms
[9/28/2026, 8:47:44 AM.575] [Info] [pid=4484] [PluginManager]  Loaded 8 installed Plugins from the installed registry in 0ms
[9/28/2026, 8:47:44 AM.575] [Info] [pid=4484] [MarketplaceStorage]  [MarketplaceStorage] doEnsureConfigFile ensureDir=0ms total=0ms dir=/Users/didi/.workbuddy/plugins
[9/28/2026, 8:47:44 AM.576] [Info] [pid=4484] [MarketplaceStorage]  [MarketplaceStorage] getMarketplaces ensureConfigFile=0ms readAndRepair=1ms migration=0ms total=1ms count=6 path=/Users/didi/.workbuddy/plugins/known_marketplaces.json
[9/28/2026, 8:47:44 AM.579] [Info] [pid=4484] [PluginManager]  Plugin investment-banking@cb_teams_marketplace is already up to date at /Users/didi/.workbuddy/plugins/cache/cb_teams_marketplace/investment-banking/1.0.0
[9/28/2026, 8:47:44 AM.579] [Info] [pid=4484] [PluginManager]  Plugins investment-banking@cb_teams_marketplace are already up to date
[9/28/2026, 8:47:44 AM.580] [Info] [pid=4484] [MarketplaceStorage]  [MarketplaceStorage] doEnsureConfigFile ensureDir=0ms total=0ms dir=/Users/didi/.workbuddy/plugins
[9/28/2026, 8:47:44 AM.581] [Info] [pid=4484] [MarketplaceStorage]  [MarketplaceStorage] getMarketplaces ensureConfigFile=0ms readAndRepair=0ms migration=0ms total=1ms count=6 path=/Users/didi/.workbuddy/plugins/known_marketplaces.json
[9/28/2026, 8:47:44 AM.584] [Info] [pid=4484] [PluginManager]  Plugin private-equity@cb_teams_marketplace is already up to date at /Users/didi/.workbuddy/plugins/cache/cb_teams_marketplace/private-equity/1.0.0
[9/28/2026, 8:47:44 AM.584] [Info] [pid=4484] [PluginManager]  Plugins private-equity@cb_teams_marketplace are already up to date
[9/28/2026, 8:47:44 AM.588] [Info] [pid=4484] [MarketplaceStorage]  [MarketplaceStorage] doEnsureConfigFile ensureDir=0ms total=0ms dir=/Users/didi/.workbuddy/plugins
[9/28/2026, 8:47:44 AM.589] [Info] [pid=4484] [MarketplaceStorage]  [MarketplaceStorage] getMarketplaces ensureConfigFile=0ms readAndRepair=1ms migration=0ms total=1ms count=6 path=/Users/didi/.workbuddy/plugins/known_marketplaces.json
[9/28/2026, 8:47:44 AM.592] [Info] [pid=4484] [PluginManager]  Plugin wealth-management@cb_teams_marketplace is already up to date at /Users/didi/.workbuddy/plugins/cache/cb_teams_marketplace/wealth-management/1.0.0
[9/28/2026, 8:47:44 AM.592] [Info] [pid=4484] [PluginManager]  Plugins wealth-management@cb_teams_marketplace are already up to date
[9/28/2026, 8:47:44 AM.593] [Info] [pid=4484] [MarketplaceStorage]  [MarketplaceStorage] doEnsureConfigFile ensureDir=0ms total=0ms dir=/Users/didi/.workbuddy/plugins
[9/28/2026, 8:47:44 AM.594] [Info] [pid=4484] [MarketplaceStorage]  [MarketplaceStorage] getMarketplaces ensureConfigFile=0ms readAndRepair=0ms migration=0ms total=1ms count=6 path=/Users/didi/.workbuddy/plugins/known_marketplaces.json
[9/28/2026, 8:47:44 AM.596] [Info] [pid=4484] [PluginManager]  Plugin equity-research@cb_teams_marketplace is already up to date at /Users/didi/.workbuddy/plugins/cache/cb_teams_marketplace/equity-research/1.0.0
[9/28/2026, 8:47:44 AM.596] [Info] [pid=4484] [PluginManager]  Plugins equity-research@cb_teams_marketplace are already up to date
[9/28/2026, 8:47:44 AM.597] [Info] [pid=4484] [MarketplaceStorage]  [MarketplaceStorage] doEnsureConfigFile ensureDir=0ms total=0ms dir=/Users/didi/.workbuddy/plugins
[9/28/2026, 8:47:44 AM.598] [Info] [pid=4484] [MarketplaceStorage]  [MarketplaceStorage] getMarketplaces ensureConfigFile=0ms readAndRepair=0ms migration=0ms total=1ms count=6 path=/Users/didi/.workbuddy/plugins/known_marketplaces.json
[9/28/2026, 8:47:44 AM.601] [Info] [pid=4484] [PluginManager]  Plugin financial-analysis@cb_teams_marketplace is already up to date at /Users/didi/.workbuddy/plugins/cache/cb_teams_marketplace/financial-analysis/1.0.0
[9/28/2026, 8:47:44 AM.601] [Info] [pid=4484] [PluginManager]  Plugins financial-analysis@cb_teams_marketplace are already up to date
[9/28/2026, 8:47:44 AM.602] [Info] [pid=4484] [MarketplaceStorage]  [MarketplaceStorage] doEnsureConfigFile ensureDir=0ms total=0ms dir=/Users/didi/.workbuddy/plugins
[9/28/2026, 8:47:44 AM.603] [Info] [pid=4484] [MarketplaceStorage]  [MarketplaceStorage] getMarketplaces ensureConfigFile=0ms readAndRepair=0ms migration=0ms total=1ms count=6 path=/Users/didi/.workbuddy/plugins/known_marketplaces.json
[9/28/2026, 8:47:44 AM.605] [Info] [pid=4484] [PluginManager]  Plugin lseg@cb_teams_marketplace is already up to date at /Users/didi/.workbuddy/plugins/cache/cb_teams_marketplace/lseg/1.0.0
[9/28/2026, 8:47:44 AM.605] [Info] [pid=4484] [PluginManager]  Plugins lseg@cb_teams_marketplace are already up to date
[9/28/2026, 8:47:44 AM.606] [Info] [pid=4484] [MarketplaceStorage]  [MarketplaceStorage] doEnsureConfigFile ensureDir=0ms total=0ms dir=/Users/didi/.workbuddy/plugins
[9/28/2026, 8:47:44 AM.608] [Info] [pid=4484] [MarketplaceStorage]  [MarketplaceStorage] getMarketplaces ensureConfigFile=0ms readAndRepair=1ms migration=0ms total=2ms count=6 path=/Users/didi/.workbuddy/plugins/known_marketplaces.json
[9/28/2026, 8:47:44 AM.610] [Info] [pid=4484] [PluginManager]  Plugin spglobal@cb_teams_marketplace is already up to date at /Users/didi/.workbuddy/plugins/cache/cb_teams_marketplace/spglobal/1.0.0
[9/28/2026, 8:47:44 AM.610] [Info] [pid=4484] [PluginManager]  Plugins spglobal@cb_teams_marketplace are already up to date
[9/28/2026, 8:47:44 AM.611] [Info] [pid=4484] [MarketplaceStorage]  [MarketplaceStorage] doEnsureConfigFile ensureDir=0ms total=0ms dir=/Users/didi/.workbuddy/plugins
[9/28/2026, 8:47:44 AM.612] [Info] [pid=4484] [MarketplaceStorage]  [MarketplaceStorage] getMarketplaces ensureConfigFile=0ms readAndRepair=0ms migration=0ms total=1ms count=6 path=/Users/didi/.workbuddy/plugins/known_marketplaces.json
[9/28/2026, 8:47:44 AM.614] [Info] [pid=4484] [PluginManager]  Plugin finance-data@cb_teams_marketplace is already up to date at /Users/didi/.workbuddy/plugins/cache/cb_teams_marketplace/finance-data/1.6.0
[9/28/2026, 8:47:44 AM.614] [Info] [pid=4484] [PluginManager]  Plugins finance-data@cb_teams_marketplace are already up to date
[9/28/2026, 8:47:44 AM.614] [Info] [pid=4484] [PluginManager]  Marketplace cb_teams_marketplace added successfully
[9/28/2026, 8:47:44 AM.614] [Info] [pid=4484] [MarketplaceStorage]  [MarketplaceStorage] doEnsureConfigFile ensureDir=0ms total=0ms dir=/Users/didi/.workbuddy/plugins
[9/28/2026, 8:47:44 AM.615] [Info] [pid=4484] [MarketplaceStorage]  [MarketplaceStorage] getMarketplaces ensureConfigFile=0ms readAndRepair=1ms migration=0ms total=1ms count=6 path=/Users/didi/.workbuddy/plugins/known_marketplaces.json
[9/28/2026, 8:47:44 AM.616] [Info] [pid=4484] [MarketplaceStorage]  [MarketplaceStorage] doEnsureConfigFile ensureDir=0ms total=0ms dir=/Users/didi/.workbuddy/plugins
[9/28/2026, 8:47:45 AM.461] [Info] [pid=4484] [PluginManager]  Found 206 plugins in marketplace
[9/28/2026, 8:47:45 AM.461] [Info] [pid=4484] [MarketplaceStorage]  [MarketplaceStorage] doEnsureConfigFile ensureDir=0ms total=0ms dir=/Users/didi/.workbuddy/plugins
[9/28/2026, 8:47:45 AM.462] [Info] [pid=4484] [MarketplaceStorage]  [MarketplaceStorage] getMarketplaces ensureConfigFile=0ms readAndRepair=1ms migration=0ms total=1ms count=6 path=/Users/didi/.workbuddy/plugins/known_marketplaces.json
[9/28/2026, 8:47:45 AM.464] [Info] [pid=4484] [MarketplaceStorage]  [MarketplaceStorage] doEnsureConfigFile ensureDir=0ms total=0ms dir=/Users/didi/.workbuddy/plugins
[9/28/2026, 8:47:45 AM.845] [Info] [pid=4484] [MarketplaceStorage]  [MarketplaceStorage] doEnsureConfigFile ensureDir=0ms total=0ms dir=/Users/didi/.workbuddy/plugins
[9/28/2026, 8:47:45 AM.846] [Info] [pid=4484] [MarketplaceStorage]  [MarketplaceStorage] getMarketplaces ensureConfigFile=0ms readAndRepair=0ms migration=0ms total=1ms count=6 path=/Users/didi/.workbuddy/plugins/known_marketplaces.json
[9/28/2026, 8:47:45 AM.846] [Info] [pid=4484] [BuiltInMarketplaceProvider]  Found 3 built-in marketplace(s)
[9/28/2026, 8:47:45 AM.848] [Info] [pid=4484] [PluginManager]  Loaded 6 marketplaces (3 built-in) total=3ms storage=1ms builtIn=0ms autoUpdate=0ms
[9/28/2026, 8:47:45 AM.849] [Info] [pid=4484] [PluginManager]  Loaded 8 installed Plugins from the installed registry in 1ms
[9/28/2026, 8:47:45 AM.849] [Info] [pid=4484] [MarketplaceStorage]  [MarketplaceStorage] doEnsureConfigFile ensureDir=0ms total=0ms dir=/Users/didi/.workbuddy/plugins
[9/28/2026, 8:47:45 AM.850] [Info] [pid=4484] [MarketplaceStorage]  [MarketplaceStorage] getMarketplaces ensureConfigFile=0ms readAndRepair=1ms migration=0ms total=1ms count=6 path=/Users/didi/.workbuddy/plugins/known_marketplaces.json
[9/28/2026, 8:47:45 AM.859] [Info] [pid=4484] [PluginManager]  Plugin find-skills@codebuddy-plugins-official is already up to date at /Users/didi/.workbuddy/plugins/cache/codebuddy-plugins-official/find-skills/1.0.0
[9/28/2026, 8:47:45 AM.859] [Info] [pid=4484] [PluginManager]  Plugins find-skills@codebuddy-plugins-official are already up to date
[9/28/2026, 8:47:45 AM.859] [Info] [pid=4484] [MarketplaceStorage]  [MarketplaceStorage] doEnsureConfigFile ensureDir=0ms total=0ms dir=/Users/didi/.workbuddy/plugins
[9/28/2026, 8:47:45 AM.860] [Info] [pid=4484] [MarketplaceStorage]  [MarketplaceStorage] getMarketplaces ensureConfigFile=0ms readAndRepair=1ms migration=0ms total=1ms count=6 path=/Users/didi/.workbuddy/plugins/known_marketplaces.json
[9/28/2026, 8:47:45 AM.867] [Info] [pid=4484] [PluginManager]  Plugin agent-browser@codebuddy-plugins-official is already up to date at /Users/didi/.workbuddy/plugins/cache/codebuddy-plugins-official/agent-browser/1.3.0
[9/28/2026, 8:47:45 AM.867] [Info] [pid=4484] [PluginManager]  Plugins agent-browser@codebuddy-plugins-official are already up to date
[9/28/2026, 8:47:45 AM.867] [Info] [pid=4484] [PluginManager]  Marketplace codebuddy-plugins-official added successfully
[9/28/2026, 8:47:45 AM.867] [Info] [pid=4484] [MarketplaceStorage]  [MarketplaceStorage] doEnsureConfigFile ensureDir=0ms total=0ms dir=/Users/didi/.workbuddy/plugins
[9/28/2026, 8:47:45 AM.868] [Info] [pid=4484] [MarketplaceStorage]  [MarketplaceStorage] getMarketplaces ensureConfigFile=0ms readAndRepair=1ms migration=0ms total=1ms count=6 path=/Users/didi/.workbuddy/plugins/known_marketplaces.json
[9/28/2026, 8:47:45 AM.868] [Info] [pid=4484] [MarketplaceStorage]  [MarketplaceStorage] doEnsureConfigFile ensureDir=0ms total=0ms dir=/Users/didi/.workbuddy/plugins
[9/28/2026, 8:47:45 AM.870] [Info] [pid=4484] [PluginManager]  Successfully installed built-in marketplace 'codebuddy-plugins-official'
[9/28/2026, 8:47:45 AM.870] [Info] [pid=4484] [PluginManager]  Successfully installed built-in marketplace 'cb_teams_marketplace'
[9/28/2026, 8:47:45 AM.870] [Info] [pid=4484] [PluginManager]  Successfully installed built-in marketplace 'workbuddy-builtin'
[9/28/2026, 8:47:45 AM.870] [Info] [pid=4484] [PluginManager]  Successfully installed 3 built-in marketplace(s): codebuddy-plugins-official, cb_teams_marketplace, workbuddy-builtin
[9/28/2026, 8:47:45 AM.870] [Info] [pid=4484] [MarketplaceStorage]  [MarketplaceStorage] doEnsureConfigFile ensureDir=0ms total=0ms dir=/Users/didi/.workbuddy/plugins
[9/28/2026, 8:47:45 AM.870] [Info] [pid=4484] [MarketplaceStorage]  [MarketplaceStorage] getMarketplaces ensureConfigFile=0ms readAndRepair=0ms migration=0ms total=0ms count=6 path=/Users/didi/.workbuddy/plugins/known_marketplaces.json
[9/28/2026, 8:47:45 AM.870] [Info] [pid=4484] [BuiltInMarketplaceProvider]  Found 3 built-in marketplace(s)
[9/28/2026, 8:47:45 AM.872] [Info] [pid=4484] [PluginManager]  Loaded 6 marketplaces (3 built-in) total=2ms storage=0ms builtIn=0ms autoUpdate=0ms
[9/28/2026, 8:47:45 AM.900] [Info] [pid=4484] [PluginManager]  Checking for built-in marketplaces to install...
[9/28/2026, 8:47:45 AM.900] [Info] [pid=4484] [BuiltInMarketplaceProvider]  Found 3 built-in marketplace(s)
[9/28/2026, 8:47:45 AM.900] [Info] [pid=4484] [PluginManager]  Found 3 built-in marketplace(s)
[9/28/2026, 8:47:45 AM.900] [Info] [pid=4484] [MarketplaceStorage]  [MarketplaceStorage] doEnsureConfigFile ensureDir=0ms total=0ms dir=/Users/didi/.workbuddy/plugins
[9/28/2026, 8:47:45 AM.901] [Info] [pid=4484] [MarketplaceStorage]  [MarketplaceStorage] getMarketplaces ensureConfigFile=0ms readAndRepair=1ms migration=0ms total=1ms count=6 path=/Users/didi/.workbuddy/plugins/known_marketplaces.json
[9/28/2026, 8:47:45 AM.907] [Info] [pid=4484] [PluginManager]  All built-in marketplaces are already installed
[9/28/2026, 8:47:45 AM.907] [Info] [pid=4484] [MarketplaceStorage]  [MarketplaceStorage] doEnsureConfigFile ensureDir=0ms total=0ms dir=/Users/didi/.workbuddy/plugins
[9/28/2026, 8:47:45 AM.908] [Info] [pid=4484] [MarketplaceStorage]  [MarketplaceStorage] getMarketplaces ensureConfigFile=0ms readAndRepair=0ms migration=0ms total=1ms count=6 path=/Users/didi/.workbuddy/plugins/known_marketplaces.json
[9/28/2026, 8:47:45 AM.908] [Info] [pid=4484] [BuiltInMarketplaceProvider]  Found 3 built-in marketplace(s)
[9/28/2026, 8:47:45 AM.910] [Info] [pid=4484] [PluginManager]  Loaded 6 marketplaces (3 built-in) total=3ms storage=1ms builtIn=0ms autoUpdate=0ms
[9/28/2026, 8:47:45 AM.931] [Info] [pid=4484] [PluginManager]  [ManagedPolicy] Startup apply managed policies (fallback)
[9/28/2026, 8:47:45 AM.931] [Info] [pid=4484] [PluginManager]  [MergedPlugins] Applying 1 merged plugin policies...
[9/28/2026, 8:47:45 AM.931] [Info] [pid=4484] [PluginManager]  [MergedPlugins][DEBUG] applySinglePolicy called for agent-browser@codebuddy-plugins-official, scope=user, autoEnable=true
[9/28/2026, 8:47:45 AM.931] [Info] [pid=4484] [PluginManager]  [MergedPlugins][DEBUG] agent-browser@codebuddy-plugins-official: installed=true, installedPath=/Users/didi/.workbuddy/plugins/cache/codebuddy-plugins-official/agent-browser/1.3.0, enabledState={"enabled":true,"scope":"user"}
[9/28/2026, 8:47:45 AM.931] [Error] [pid=4484] [PluginManager] [Error: Plugin management pass incomplete: install-builtin-market-plugins: Failed to install product-declared plugins: welcomemode-code@workbuddy-builtin: Marketplace 'workbuddy-builtin' is not ready; welcomemode-work@workbuddy-builtin: Marketplace 'workbuddy-builtin' is not ready; welcomemode-design@workbuddy-builtin: Marketplace 'workbuddy-builtin' is not ready; interactionmode-craft@workbuddy-builtin: Marketplace 'workbuddy-builtin' is not ready; interactionmode-ask@workbuddy-builtin: Marketplace 'workbuddy-builtin' is not ready; interactionmode-plan@workbuddy-builtin: Marketplace 'workbuddy-builtin' is not ready; interactionmode-expert@workbuddy-builtin: Marketplace 'workbuddy-builtin' is not ready; interactionmode-quick@workbuddy-builtin: Marketplace 'workbuddy-builtin' is not ready; prompt-common@workbuddy-builtin: Marketplace 'workbuddy-builtin' is not ready; skill-ardot-design-core@workbuddy-builtin: Marketplace 'workbuddy-builtin' is not ready; skill-expert-manager@workbuddy-builtin: Marketplace 'workbuddy-builtin' is not ready; skill-wb-finance-skill@workbuddy-builtin: Marketplace 'workbuddy-builtin' is not ready; skill-ardot-poster@workbuddy-builtin: Marketplace 'workbuddy-builtin' is not ready; skill-livestream-poster@workbuddy-builtin: Marketplace 'workbuddy-builtin' is not ready; skill-marketplace-skill-installer@workbuddy-builtin: Marketplace 'workbuddy-builtin' is not ready; skill-recommend-connectors@workbuddy-builtin: Marketplace 'workbuddy-builtin' is not ready; skill-recommend-experts@workbuddy-builtin: Marketplace 'workbuddy-builtin' is not ready; skill-design-router@workbuddy-builtin: Marketplace 'workbuddy-builtin' is not ready; skill-ardot-design-to-code@workbuddy-builtin: Marketplace 'workbuddy-builtin' is not ready; skill-buddy-multimodal-generation@workbuddy-builtin: Marketplace 'workbuddy-builtin' is not ready; skill-buddy-image-processing@workbuddy-builtin: Marketplace 'workbuddy-builtin' is not ready; skill-ardot-ui-design@workbuddy-builtin: Marketplace 'workbuddy-builtin' is not ready; skill-skill-creator@workbuddy-builtin: Marketplace 'workbuddy-builtin' is not ready; skill-sites@workbuddy-builtin: Marketplace 'workbuddy-builtin' is not ready; skill-ardot-slides@workbuddy-builtin: Marketplace 'workbuddy-builtin' is not ready; skill-geo-map-compliance-guard@workbuddy-builtin: Marketplace 'workbuddy-builtin' is not ready; skill-library@workbuddy-builtin: Marketplace 'workbuddy-builtin' is not ready]  Failed to install marketplaces from settings in background:
[9/28/2026, 8:47:45 AM.931] [Warning] [pid=4484] [PluginRuntime] background plugin management degraded: Plugin management pass incomplete: install-builtin-market-plugins: Failed to install product-declared plugins: welcomemode-code@workbuddy-builtin: Marketplace 'workbuddy-builtin' is not ready; welcomemode-work@workbuddy-builtin: Marketplace 'workbuddy-builtin' is not ready; welcomemode-design@workbuddy-builtin: Marketplace 'workbuddy-builtin' is not ready; interactionmode-craft@workbuddy-builtin: Marketplace 'workbuddy-builtin' is not ready; interactionmode-ask@workbuddy-builtin: Marketplace 'workbuddy-builtin' is not ready; interactionmode-plan@workbuddy-builtin: Marketplace 'workbuddy-builtin' is not ready; interactionmode-expert@workbuddy-builtin: Marketplace 'workbuddy-builtin' is not ready; interactionmode-quick@workbuddy-builtin: Marketplace 'workbuddy-builtin' is not ready; prompt-common@workbuddy-builtin: Marketplace 'workbuddy-builtin' is not ready; skill-ardot-design-core@workbuddy-builtin: Marketplace 'workbuddy-builtin' is not ready; skill-expert-manager@workbuddy-builtin: Marketplace 'workbuddy-builtin' is not ready; skill-wb-finance-skill@workbuddy-builtin: Marketplace 'workbuddy-builtin' is not ready; skill-ardot-poster@workbuddy-builtin: Marketplace 'workbuddy-builtin' is not ready; skill-livestream-poster@workbuddy-builtin: Marketplace 'workbuddy-builtin' is not ready; skill-marketplace-skill-installer@workbuddy-builtin: Marketplace 'workbuddy-builtin' is not ready; skill-recommend-connectors@workbuddy-builtin: Marketplace 'workbuddy-builtin' is not ready; skill-recommend-experts@workbuddy-builtin: Marketplace 'workbuddy-builtin' is not ready; skill-design-router@workbuddy-builtin: Marketplace 'workbuddy-builtin' is not ready; skill-ardot-design-to-code@workbuddy-builtin: Marketplace 'workbuddy-builtin' is not ready; skill-buddy-multimodal-generation@workbuddy-builtin: Marketplace 'workbuddy-builtin' is not ready; skill-buddy-image-processing@workbuddy-builtin: Marketplace 'workbuddy-builtin' is not ready; skill-ardot-ui-design@workbuddy-builtin: Marketplace 'workbuddy-builtin' is not ready; skill-skill-creator@workbuddy-builtin: Marketplace 'workbuddy-builtin' is not ready; skill-sites@workbuddy-builtin: Marketplace 'workbuddy-builtin' is not ready; skill-ardot-slides@workbuddy-builtin: Marketplace 'workbuddy-builtin' is not ready; skill-geo-map-compliance-guard@workbuddy-builtin: Marketplace 'workbuddy-builtin' is not ready; skill-library@workbuddy-builtin: Marketplace 'workbuddy-builtin' is not ready
[9/28/2026, 8:47:45 AM.931] [Info] [pid=4484] [PluginRuntime] refresh started (background-management)
[9/28/2026, 8:47:45 AM.931] [Info] [pid=4484] [PluginManager]  Loading plugin components for weixinpay@workbuddy-builtin
[9/28/2026, 8:47:45 AM.931] [Info] [pid=4484] [PluginManager]  Loading plugin components for tencent-docs-plugin@workbuddy-builtin
[9/28/2026, 8:47:45 AM.931] [Info] [pid=4484] [PluginManager]  Loading plugin components for sheetagent@workbuddy-builtin
[9/28/2026, 8:47:45 AM.931] [Info] [pid=4484] [PluginManager]  Loading plugin components for tencent-pptx@workbuddy-builtin
[9/28/2026, 8:47:45 AM.931] [Info] [pid=4484] [PluginManager]  Loading plugin components for tencent-docx@workbuddy-builtin
[9/28/2026, 8:47:45 AM.931] [Info] [pid=4484] [PluginManager]  Loading plugin components for agent-browser@codebuddy-plugins-official
[9/28/2026, 8:47:45 AM.931] [Info] [pid=4484] [PluginManager]  Loading plugin components for find-skills@codebuddy-plugins-official
[9/28/2026, 8:47:45 AM.931] [Info] [pid=4484] [PluginManager]  Loading plugin components for finance-data@cb_teams_marketplace
[9/28/2026, 8:47:45 AM.931] [Info] [pid=4484] [PluginLoaderManager]  Loading plugin components for weixinpay@workbuddy-builtin from /Users/didi/.workbuddy/plugins/cache/workbuddy-builtin/weixinpay/1.6.110
[9/28/2026, 8:47:45 AM.931] [Info] [pid=4484] [PluginLoaderManager]  Loading plugin components for tencent-pptx@workbuddy-builtin from /Users/didi/.workbuddy/plugins/cache/workbuddy-builtin/tencent-pptx/5.6.2-wb.39298511.g37a65c0b.hbf00e3f3d64d
[9/28/2026, 8:47:45 AM.931] [Info] [pid=4484] [PluginLoaderManager]  Loading plugin components for agent-browser@codebuddy-plugins-official from /Users/didi/.workbuddy/plugins/cache/codebuddy-plugins-official/agent-browser/1.3.0
[9/28/2026, 8:47:45 AM.931] [Info] [pid=4484] [PluginLoaderManager]  Loading plugin components for find-skills@codebuddy-plugins-official from /Users/didi/.workbuddy/plugins/cache/codebuddy-plugins-official/find-skills/1.0.0
[9/28/2026, 8:47:45 AM.931] [Info] [pid=4484] [PluginLoaderManager]  Loading plugin components for finance-data@cb_teams_marketplace from /Users/didi/.workbuddy/plugins/cache/cb_teams_marketplace/finance-data/1.6.0
[9/28/2026, 8:47:45 AM.931] [Info] [pid=4484] [PluginLoaderManager]  Loading plugin components for tencent-docs-plugin@workbuddy-builtin from /Users/didi/.workbuddy/plugins/cache/workbuddy-builtin/tencent-docs-plugin/5.6.2-wb.39298511.g37a65c0b.hbf00e3f3d64d
[9/28/2026, 8:47:45 AM.931] [Info] [pid=4484] [PluginLoaderManager]  Loading plugin components for sheetagent@workbuddy-builtin from /Users/didi/.workbuddy/plugins/cache/workbuddy-builtin/sheetagent/5.6.2-wb.39298511.g37a65c0b.hbf00e3f3d64d
[9/28/2026, 8:47:45 AM.931] [Info] [pid=4484] [PluginLoaderManager]  Loading plugin components for tencent-docx@workbuddy-builtin from /Users/didi/.workbuddy/plugins/cache/workbuddy-builtin/tencent-docx/5.6.2-wb.39298511.g37a65c0b.hbf00e3f3d64d
[9/28/2026, 8:47:45 AM.933] [Error] [pid=4484] [HookExtensionLoader] [Error: EISDIR: illegal operation on a directory, read]  Failed to load hooks from file /Users/didi/.workbuddy/plugins/cache/workbuddy-builtin/tencent-docs-plugin/5.6.2-wb.39298511.g37a65c0b.hbf00e3f3d64d:
[9/28/2026, 8:47:45 AM.933] [Info] [pid=4484] [SkillExtensionLoader]  Loaded 1 skill(s) from extension: agent-browser@codebuddy-plugins-official [agent-browser]
[9/28/2026, 8:47:45 AM.933] [Info] [pid=4484] [PluginLoaderManager]  Loaded plugin components for agent-browser@codebuddy-plugins-official: 0 agent(s), 0 command(s), 1 skill(s), 0 hook(s), 0 MCP server(s), 0 LSP server(s), 0 output style(s)
[9/28/2026, 8:47:45 AM.934] [Info] [pid=4484] [AgentExtensionLoader]  Loaded 1 agent(s) from extension: sheetagent@workbuddy-builtin
[9/28/2026, 8:47:45 AM.935] [Info] [pid=4484] [MCPExtensionLoader]  Loaded 1 MCP server(s) from extension: weixinpay@workbuddy-builtin
[9/28/2026, 8:47:45 AM.936] [Info] [pid=4484] [SkillExtensionLoader]  Loaded 3 skill(s) from extension: weixinpay@workbuddy-builtin [weixinpay-feedback,weixinpay-pay,weixinpay-register]
[9/28/2026, 8:47:45 AM.936] [Info] [pid=4484] [PluginLoaderManager]  Loaded plugin components for weixinpay@workbuddy-builtin: 0 agent(s), 0 command(s), 3 skill(s), 0 hook(s), 1 MCP server(s), 0 LSP server(s), 0 output style(s)
[9/28/2026, 8:47:45 AM.936] [Info] [pid=4484] [SkillExtensionLoader]  Loaded 1 skill(s) from extension: find-skills@codebuddy-plugins-official [find-skills]
[9/28/2026, 8:47:45 AM.936] [Info] [pid=4484] [PluginLoaderManager]  Loaded plugin components for find-skills@codebuddy-plugins-official: 0 agent(s), 0 command(s), 1 skill(s), 0 hook(s), 0 MCP server(s), 0 LSP server(s), 0 output style(s)
[9/28/2026, 8:47:45 AM.937] [Info] [pid=4484] [SkillExtensionLoader]  Loaded 3 skill(s) from extension: finance-data@cb_teams_marketplace [neodata-financial-search,westock-data,westock-tool]
[9/28/2026, 8:47:45 AM.937] [Info] [pid=4484] [PluginLoaderManager]  Loaded plugin components for finance-data@cb_teams_marketplace: 0 agent(s), 0 command(s), 3 skill(s), 0 hook(s), 0 MCP server(s), 0 LSP server(s), 0 output style(s)
[9/28/2026, 8:47:45 AM.937] [Info] [pid=4484] [CommandExtensionLoader]  Loaded 2 command(s) from extension: sheetagent@workbuddy-builtin
[9/28/2026, 8:47:45 AM.938] [Info] [pid=4484] [HookExtensionLoader]  Loaded hooks configuration from extension: sheetagent@workbuddy-builtin
[9/28/2026, 8:47:45 AM.938] [Info] [pid=4484] [HookExtensionLoader]  Loaded hooks configuration from extension: tencent-docx@workbuddy-builtin
[9/28/2026, 8:47:45 AM.938] [Info] [pid=4484] [SkillExtensionLoader]  Loaded 1 skill(s) from extension: tencent-pptx@workbuddy-builtin [tencent-pptx]
[9/28/2026, 8:47:45 AM.938] [Info] [pid=4484] [PluginLoaderManager]  Loaded plugin components for tencent-pptx@workbuddy-builtin: 0 agent(s), 0 command(s), 1 skill(s), 0 hook(s), 0 MCP server(s), 0 LSP server(s), 0 output style(s)
[9/28/2026, 8:47:45 AM.938] [Info] [pid=4484] [SkillExtensionLoader]  Loaded 2 skill(s) from extension: tencent-docs-plugin@workbuddy-builtin [tencent-docs,tencent-saas-docs]
[9/28/2026, 8:47:45 AM.938] [Info] [pid=4484] [PluginLoaderManager]  Loaded plugin components for tencent-docs-plugin@workbuddy-builtin: 0 agent(s), 0 command(s), 2 skill(s), 0 hook(s), 0 MCP server(s), 0 LSP server(s), 0 output style(s)
[9/28/2026, 8:47:45 AM.938] [Info] [pid=4484] [SkillExtensionLoader]  Loaded 2 skill(s) from extension: sheetagent@workbuddy-builtin [tencent-docs-sheet-generation,tencent-docs-sheetagent]
[9/28/2026, 8:47:45 AM.938] [Info] [pid=4484] [MCPExtensionLoader]  Loaded 1 MCP server(s) from extension: sheetagent@workbuddy-builtin
[9/28/2026, 8:47:45 AM.938] [Info] [pid=4484] [PluginLoaderManager]  Loaded plugin components for sheetagent@workbuddy-builtin: 1 agent(s), 2 command(s), 2 skill(s), 2 hook(s), 1 MCP server(s), 0 LSP server(s), 0 output style(s)
[9/28/2026, 8:47:45 AM.939] [Info] [pid=4484] [AgentExtensionLoader]  Loaded 3 agent(s) from extension: tencent-docx@workbuddy-builtin
[9/28/2026, 8:47:45 AM.943] [Info] [pid=4484] [SkillExtensionLoader]  Loaded 9 skill(s) from extension: tencent-docx@workbuddy-builtin [brief-compose,design-token,doc-typeset,format-extract,generate-fillable-contract-html,html-review,html-to-docx,tdoc-orchestrator,tencent-docx]
[9/28/2026, 8:47:45 AM.943] [Info] [pid=4484] [PluginLoaderManager]  Loaded plugin components for tencent-docx@workbuddy-builtin: 3 agent(s), 0 command(s), 9 skill(s), 2 hook(s), 0 MCP server(s), 0 LSP server(s), 0 output style(s)
[9/28/2026, 8:47:45 AM.945] [Info] [pid=4484] [PluginManager]  [PluginManager] active plugins refreshed: 8 enabled, errors=0
[9/28/2026, 8:47:45 AM.959] [Info] [pid=4484] [PluginsProductProvider.provide] active=8, ids=[weixinpay@workbuddy-builtin,tencent-docs-plugin@workbuddy-builtin,sheetagent@workbuddy-builtin,tencent-pptx@workbuddy-builtin,tencent-docx@workbuddy-builtin,agent-browser@codebuddy-plugins-official,find-skills@codebuddy-plugins-official,finance-data@cb_teams_marketplace]
[9/28/2026, 8:47:45 AM.964] [Info] [pid=4484] [PluginPolicyService]  [MergedPlugins][DEBUG] ProductManager.onDidChange fired, reloading policies...
[9/28/2026, 8:47:45 AM.964] [Info] [pid=4484] [PluginPolicyService]  [MergedPlugins][DEBUG] Current config builtInMarketPluginsMerge: [{"autoEnable":true,"marketplaceName":"codebuddy-plugins-official","name":"agent-browser","scope":"user"}]
[9/28/2026, 8:47:45 AM.964] [Info] [pid=4484] [PluginPolicyService]  [MergedPlugins] Loaded 1 merged plugin entries
[9/28/2026, 8:47:45 AM.964] [Info] [pid=4484] [Startup] AgentManager.rebuildAgents: START
[9/28/2026, 8:47:45 AM.966] [Info] [pid=4484] [AgentManager] runtime cli agent view ready: 27 agents (used for registration and Agent tool descriptions)
[9/28/2026, 8:47:45 AM.966] [Info] [pid=4484] [Startup] McpReadyService.waitForServersReady: config projection triggered; network connections continue asynchronously
[9/28/2026, 8:47:45 AM.967] [Info] [pid=4484] [Startup] McpReadyService.waitForServersReady: config projection triggered; network connections continue asynchronously
[9/28/2026, 8:47:45 AM.967] [Info] [pid=4484] [Startup] McpReadyService.waitForServersReady: config projection triggered; network connections continue asynchronously
[9/28/2026, 8:47:45 AM.967] [Info] [pid=4484] [MCP][cacheDbg] getConnectedServers() called: nonInteractive=true waitForSettle=false cacheNow=[] allServers=[]
[9/28/2026, 8:47:45 AM.967] [Info] [pid=4484] [MCP][cacheDbg] getConnectedServers() returning: [] (size=0)
[9/28/2026, 8:47:45 AM.967] [Info] [pid=4484] [Startup] McpReadyService.waitForServersReady: config projection triggered; network connections continue asynchronously
[9/28/2026, 8:47:45 AM.967] [Info] [pid=4484] [Startup] McpReadyService.waitForServersReady: config projection triggered; network connections continue asynchronously
[9/28/2026, 8:47:45 AM.968] [Info] [pid=4484] [Startup] McpManager.list: starting (scope=all)
[9/28/2026, 8:47:45 AM.968] [Info] [pid=4484] [Startup] McpManager.list: starting (scope=all)
[9/28/2026, 8:47:45 AM.968] [Info] [pid=4484] [Startup] McpManager.list: starting (scope=all)
[9/28/2026, 8:47:45 AM.968] [Info] [pid=4484] [Startup] McpReadyService.waitForServersReady: config projection triggered; network connections continue asynchronously
[9/28/2026, 8:47:45 AM.968] [Info] [pid=4484] [Startup] McpReadyService.waitForServersReady: config projection triggered; network connections continue asynchronously
[9/28/2026, 8:47:45 AM.968] [Info] [pid=4484] [Startup] McpReadyService.waitForServersReady: config projection triggered; network connections continue asynchronously
[9/28/2026, 8:47:45 AM.968] [Info] [pid=4484] [Startup] McpManager.list: starting (scope=all)
[9/28/2026, 8:47:45 AM.969] [Info] [pid=4484] [Startup] McpManager.list: starting (scope=all)
[9/28/2026, 8:47:45 AM.969] [Info] [pid=4484] [MCP][cacheDbg] getConnectedServers() called: nonInteractive=true waitForSettle=false cacheNow=[] allServers=[]
[9/28/2026, 8:47:45 AM.969] [Info] [pid=4484] [MCP][cacheDbg] getConnectedServers() returning: [] (size=0)
[9/28/2026, 8:47:45 AM.969] [Info] [pid=4484] [MCP][cacheDbg] getConnectedServers() called: nonInteractive=true waitForSettle=false cacheNow=[] allServers=[]
[9/28/2026, 8:47:45 AM.969] [Info] [pid=4484] [MCP][cacheDbg] getConnectedServers() returning: [] (size=0)
[9/28/2026, 8:47:45 AM.969] [Info] [pid=4484] [MCP][cacheDbg] getConnectedServers() called: nonInteractive=true waitForSettle=false cacheNow=[] allServers=[]
[9/28/2026, 8:47:45 AM.969] [Info] [pid=4484] [MCP][cacheDbg] getConnectedServers() returning: [] (size=0)
[9/28/2026, 8:47:45 AM.969] [Info] [pid=4484] [Startup] McpManager.list: starting (scope=all)
[9/28/2026, 8:47:45 AM.969] [Info] [pid=4484] [Startup] McpManager.list: starting (scope=all)
[9/28/2026, 8:47:45 AM.969] [Info] [pid=4484] [Startup] McpManager.list: starting (scope=all)
[9/28/2026, 8:47:45 AM.969] [Info] [pid=4484] [MCP][cacheDbg] getConnectedServers() called: nonInteractive=true waitForSettle=false cacheNow=[] allServers=[]
[9/28/2026, 8:47:45 AM.969] [Info] [pid=4484] [MCP][cacheDbg] getConnectedServers() returning: [] (size=0)
[9/28/2026, 8:47:45 AM.969] [Info] [pid=4484] [MCP][cacheDbg] getConnectedServers() called: nonInteractive=true waitForSettle=false cacheNow=[] allServers=[]
[9/28/2026, 8:47:45 AM.969] [Info] [pid=4484] [MCP][cacheDbg] getConnectedServers() returning: [] (size=0)
[9/28/2026, 8:47:45 AM.969] [Info] [pid=4484] [MCP][buildMcpServers] wait breakdown: waitForServersReady=1ms getConnectedServers=0ms
[9/28/2026, 8:47:45 AM.969] [Info] [pid=4484] [MCP][buildMcpServers] connected servers=[] (count=0)
[9/28/2026, 8:47:45 AM.969] [Info] [pid=4484] [MCP][buildMcpServers] wait breakdown: waitForServersReady=1ms getConnectedServers=0ms
[9/28/2026, 8:47:45 AM.969] [Info] [pid=4484] [MCP][buildMcpServers] connected servers=[] (count=0)
[9/28/2026, 8:47:45 AM.969] [Info] [pid=4484] [MCP][buildMcpServers] wait breakdown: waitForServersReady=1ms getConnectedServers=0ms
[9/28/2026, 8:47:45 AM.969] [Info] [pid=4484] [MCP][buildMcpServers] connected servers=[] (count=0)
[9/28/2026, 8:47:45 AM.969] [Info] [pid=4484] [MCP][cacheDbg] getConnectedServers() called: nonInteractive=true waitForSettle=false cacheNow=[] allServers=[]
[9/28/2026, 8:47:45 AM.969] [Info] [pid=4484] [MCP][cacheDbg] getConnectedServers() returning: [] (size=0)
[9/28/2026, 8:47:45 AM.969] [Info] [pid=4484] [MCP][cacheDbg] getConnectedServers() called: nonInteractive=true waitForSettle=false cacheNow=[] allServers=[]
[9/28/2026, 8:47:45 AM.969] [Info] [pid=4484] [MCP][cacheDbg] getConnectedServers() returning: [] (size=0)
[9/28/2026, 8:47:45 AM.970] [Info] [pid=4484] [MCP][cacheDbg] getConnectedServers() called: nonInteractive=true waitForSettle=false cacheNow=[] allServers=[]
[9/28/2026, 8:47:45 AM.970] [Info] [pid=4484] [MCP][cacheDbg] getConnectedServers() returning: [] (size=0)
[9/28/2026, 8:47:45 AM.970] [Info] [pid=4484] [MCP][buildMcpServers] wait breakdown: waitForServersReady=1ms getConnectedServers=0ms
[9/28/2026, 8:47:45 AM.970] [Info] [pid=4484] [MCP][buildMcpServers] connected servers=[] (count=0)
[9/28/2026, 8:47:45 AM.970] [Info] [pid=4484] [MCP][buildMcpServers] wait breakdown: waitForServersReady=1ms getConnectedServers=0ms
[9/28/2026, 8:47:45 AM.970] [Info] [pid=4484] [MCP][buildMcpServers] connected servers=[] (count=0)
[9/28/2026, 8:47:45 AM.970] [Info] [pid=4484] [MCP][buildMcpServers] wait breakdown: waitForServersReady=0ms getConnectedServers=1ms
[9/28/2026, 8:47:45 AM.970] [Info] [pid=4484] [MCP][buildMcpServers] connected servers=[] (count=0)
[9/28/2026, 8:47:45 AM.970] [Info] [pid=4484] [MCP][buildMcpServers] wait breakdown: waitForServersReady=0ms getConnectedServers=1ms
[9/28/2026, 8:47:45 AM.970] [Info] [pid=4484] [MCP][buildMcpServers] connected servers=[] (count=0)
[9/28/2026, 8:47:45 AM.970] [Info] [pid=4484] [MCP][buildMcpServers] wait breakdown: waitForServersReady=0ms getConnectedServers=1ms
[9/28/2026, 8:47:45 AM.970] [Info] [pid=4484] [MCP][buildMcpServers] connected servers=[] (count=0)
[9/28/2026, 8:47:45 AM.970] [Info] [pid=4484] [MCP][registerAgent] agent=contextSummary mcpServers=[] (count=0) grantMcpAccess=false
[9/28/2026, 8:47:45 AM.970] [Info] [pid=4484] [MCP][registerAgent] agent=contentAnalyzer mcpServers=[] (count=0) grantMcpAccess=false
[9/28/2026, 8:47:45 AM.970] [Info] [pid=4484] [MCP][registerAgent] agent=terminalTitleGenerator mcpServers=[] (count=0) grantMcpAccess=false
[9/28/2026, 8:47:45 AM.970] [Info] [pid=4484] [MCP][registerAgent] agent=promptSuggestion mcpServers=[] (count=0) grantMcpAccess=false
[9/28/2026, 8:47:45 AM.970] [Info] [pid=4484] [MCP][registerAgent] agent=memorySelector mcpServers=[] (count=0) grantMcpAccess=false
[9/28/2026, 8:47:45 AM.970] [Info] [pid=4484] [MCP][registerAgent] agent=summaryGenerator mcpServers=[] (count=0) grantMcpAccess=false
[9/28/2026, 8:47:45 AM.970] [Info] [pid=4484] [MCP][registerAgent] agent=autoModeClassifier mcpServers=[] (count=0) grantMcpAccess=false
[9/28/2026, 8:47:45 AM.970] [Info] [pid=4484] [MCP][registerAgent] agent=promptHookEvaluator mcpServers=[] (count=0) grantMcpAccess=false
[9/28/2026, 8:47:45 AM.970] [Info] [pid=4484] [MCP][registerAgent] agent=insightsAnalyzer mcpServers=[] (count=0) grantMcpAccess=false
[9/28/2026, 8:47:45 AM.970] [Info] [pid=4484] [MCP][registerAgent] agent=agentInstructions mcpServers=[] (count=0) grantMcpAccess=false
[9/28/2026, 8:47:45 AM.971] [Info] [pid=4484] [Startup] McpManager.list: starting (scope=all)
[9/28/2026, 8:47:45 AM.973] [Info] [pid=4484] [MCP][cacheDbg] getConnectedServers() called: nonInteractive=true waitForSettle=false cacheNow=[] allServers=[]
[9/28/2026, 8:47:45 AM.973] [Info] [pid=4484] [MCP][cacheDbg] getConnectedServers() returning: [] (size=0)
[9/28/2026, 8:47:45 AM.973] [Info] [pid=4484] [McpResourceCatalog] resource capability: declared=[] knownFromCache=[] connected=0 -> enabled=false
[9/28/2026, 8:47:45 AM.974] [Info] [pid=4484] [Startup] McpConfigManager.list: loading scope=internal
[9/28/2026, 8:47:45 AM.974] [Info] [pid=4484] [Startup] McpConfigManager.list: scope=internal cache hit (0ms)
[9/28/2026, 8:47:45 AM.974] [Info] [pid=4484] [Startup] McpConfigManager.list: loading scope=internal
[9/28/2026, 8:47:45 AM.974] [Info] [pid=4484] [Startup] McpConfigManager.list: scope=internal cache hit (0ms)
[9/28/2026, 8:47:45 AM.974] [Info] [pid=4484] [MCP][cacheDbg] getConnectedServers() called: nonInteractive=true waitForSettle=false cacheNow=[] allServers=[]
[9/28/2026, 8:47:45 AM.974] [Info] [pid=4484] [MCP][cacheDbg] getConnectedServers() returning: [] (size=0)
[9/28/2026, 8:47:45 AM.974] [Info] [pid=4484] [MCP][cacheDbg] getConnectedServers() called: nonInteractive=true waitForSettle=false cacheNow=[] allServers=[]
[9/28/2026, 8:47:45 AM.974] [Info] [pid=4484] [MCP][cacheDbg] getConnectedServers() returning: [] (size=0)
[9/28/2026, 8:47:45 AM.974] [Info] [pid=4484] [MCP][cacheDbg] getConnectedServers() called: nonInteractive=true waitForSettle=false cacheNow=[] allServers=[]
[9/28/2026, 8:47:45 AM.974] [Info] [pid=4484] [MCP][cacheDbg] getConnectedServers() returning: [] (size=0)
[9/28/2026, 8:47:45 AM.974] [Info] [pid=4484] [MCP][cacheDbg] getConnectedServers() called: nonInteractive=true waitForSettle=false cacheNow=[] allServers=[]
[9/28/2026, 8:47:45 AM.974] [Info] [pid=4484] [MCP][cacheDbg] getConnectedServers() returning: [] (size=0)
[9/28/2026, 8:47:45 AM.974] [Info] [pid=4484] [Startup] McpConfigManager.list: loading scope=sdk
[9/28/2026, 8:47:45 AM.974] [Info] [pid=4484] [Startup] McpConfigManager.list: scope=sdk cache hit (0ms)
[9/28/2026, 8:47:45 AM.974] [Info] [pid=4484] [Startup] McpConfigManager.list: loading scope=sdk
[9/28/2026, 8:47:45 AM.974] [Info] [pid=4484] [Startup] McpConfigManager.list: scope=sdk cache hit (0ms)
[9/28/2026, 8:47:45 AM.974] [Info] [pid=4484] [MCP][cacheDbg] getConnectedServers() called: nonInteractive=true waitForSettle=false cacheNow=[] allServers=[]
[9/28/2026, 8:47:45 AM.974] [Info] [pid=4484] [MCP][cacheDbg] getConnectedServers() returning: [] (size=0)
[9/28/2026, 8:47:45 AM.974] [Info] [pid=4484] [MCP][cacheDbg] getConnectedServers() called: nonInteractive=true waitForSettle=false cacheNow=[] allServers=[]
[9/28/2026, 8:47:45 AM.974] [Info] [pid=4484] [MCP][cacheDbg] getConnectedServers() returning: [] (size=0)
[9/28/2026, 8:47:45 AM.975] [Info] [pid=4484] [McpResourceCatalog] resource capability: declared=[] knownFromCache=[] connected=0 -> enabled=false
[9/28/2026, 8:47:45 AM.975] [Info] [pid=4484] [McpResourceCatalog] resource capability: declared=[] knownFromCache=[] connected=0 -> enabled=false
[9/28/2026, 8:47:45 AM.975] [Info] [pid=4484] [McpResourceCatalog] resource capability: declared=[] knownFromCache=[] connected=0 -> enabled=false
[9/28/2026, 8:47:45 AM.975] [Info] [pid=4484] [McpResourceCatalog] resource capability: declared=[] knownFromCache=[] connected=0 -> enabled=false
[9/28/2026, 8:47:45 AM.975] [Info] [pid=4484] [Startup] McpConfigManager.list: loading scope=plugin
[9/28/2026, 8:47:45 AM.975] [Info] [pid=4484] [Startup] McpConfigManager.list: scope=plugin blocked by strict MCP config
[9/28/2026, 8:47:45 AM.975] [Info] [pid=4484] [Startup] McpConfigManager.list: loading scope=plugin
[9/28/2026, 8:47:45 AM.975] [Info] [pid=4484] [Startup] McpConfigManager.list: scope=plugin blocked by strict MCP config
[9/28/2026, 8:47:45 AM.975] [Info] [pid=4484] [MCP][cacheDbg] getConnectedServers() called: nonInteractive=true waitForSettle=false cacheNow=[] allServers=[]
[9/28/2026, 8:47:45 AM.975] [Info] [pid=4484] [MCP][cacheDbg] getConnectedServers() returning: [] (size=0)
[9/28/2026, 8:47:45 AM.975] [Info] [pid=4484] [MCP][cacheDbg] getConnectedServers() called: nonInteractive=true waitForSettle=false cacheNow=[] allServers=[]
[9/28/2026, 8:47:45 AM.975] [Info] [pid=4484] [MCP][cacheDbg] getConnectedServers() returning: [] (size=0)
[9/28/2026, 8:47:45 AM.975] [Info] [pid=4484] [MCP][cacheDbg] getConnectedServers() called: nonInteractive=true waitForSettle=false cacheNow=[] allServers=[]
[9/28/2026, 8:47:45 AM.975] [Info] [pid=4484] [MCP][cacheDbg] getConnectedServers() returning: [] (size=0)
[9/28/2026, 8:47:45 AM.975] [Info] [pid=4484] [MCP][cacheDbg] getConnectedServers() called: nonInteractive=true waitForSettle=false cacheNow=[] allServers=[]
[9/28/2026, 8:47:45 AM.975] [Info] [pid=4484] [MCP][cacheDbg] getConnectedServers() returning: [] (size=0)
[9/28/2026, 8:47:45 AM.975] [Info] [pid=4484] [MCP][cacheDbg] getConnectedServers() called: nonInteractive=true waitForSettle=false cacheNow=[] allServers=[]
[9/28/2026, 8:47:45 AM.975] [Info] [pid=4484] [MCP][cacheDbg] getConnectedServers() returning: [] (size=0)
[9/28/2026, 8:47:45 AM.975] [Info] [pid=4484] [MCP][cacheDbg] getConnectedServers() called: nonInteractive=true waitForSettle=false cacheNow=[] allServers=[]
[9/28/2026, 8:47:45 AM.975] [Info] [pid=4484] [MCP][cacheDbg] getConnectedServers() returning: [] (size=0)
[9/28/2026, 8:47:45 AM.975] [Info] [pid=4484] [McpResourceCatalog] resource capability: declared=[] knownFromCache=[] connected=0 -> enabled=false
[9/28/2026, 8:47:45 AM.975] [Info] [pid=4484] [McpResourceCatalog] resource capability: declared=[] knownFromCache=[] connected=0 -> enabled=false
[9/28/2026, 8:47:45 AM.975] [Info] [pid=4484] [Startup] McpConfigManager.list: loading scope=user
[9/28/2026, 8:47:45 AM.975] [Info] [pid=4484] [Startup] McpConfigManager.list: scope=user blocked by strict MCP config
[9/28/2026, 8:47:45 AM.975] [Info] [pid=4484] [Startup] McpConfigManager.list: loading scope=user
[9/28/2026, 8:47:45 AM.975] [Info] [pid=4484] [Startup] McpConfigManager.list: scope=user blocked by strict MCP config
[9/28/2026, 8:47:45 AM.975] [Info] [pid=4484] [McpResourceCatalog] resource capability: declared=[] knownFromCache=[] connected=0 -> enabled=false
[9/28/2026, 8:47:45 AM.975] [Info] [pid=4484] [McpResourceCatalog] resource capability: declared=[] knownFromCache=[] connected=0 -> enabled=false
[9/28/2026, 8:47:45 AM.975] [Info] [pid=4484] [McpResourceCatalog] resource capability: declared=[] knownFromCache=[] connected=0 -> enabled=false
[9/28/2026, 8:47:45 AM.975] [Info] [pid=4484] [McpResourceCatalog] resource capability: declared=[] knownFromCache=[] connected=0 -> enabled=false
[9/28/2026, 8:47:45 AM.975] [Info] [pid=4484] [McpResourceCatalog] resource capability: declared=[] knownFromCache=[] connected=0 -> enabled=false
[9/28/2026, 8:47:45 AM.975] [Info] [pid=4484] [McpResourceCatalog] resource capability: declared=[] knownFromCache=[] connected=0 -> enabled=false
[9/28/2026, 8:47:45 AM.975] [Info] [pid=4484] [Startup] McpConfigManager.list: loading scope=project
[9/28/2026, 8:47:45 AM.975] [Info] [pid=4484] [Startup] McpConfigManager.list: scope=project blocked by strict MCP config
[9/28/2026, 8:47:45 AM.975] [Info] [pid=4484] [Startup] McpConfigManager.list: loading scope=internal
[9/28/2026, 8:47:45 AM.975] [Info] [pid=4484] [Startup] McpConfigManager.list: scope=internal cache hit (0ms)
[9/28/2026, 8:47:45 AM.975] [Info] [pid=4484] [Startup] McpConfigManager.list: loading scope=project
[9/28/2026, 8:47:45 AM.975] [Info] [pid=4484] [Startup] McpConfigManager.list: scope=project blocked by strict MCP config
[9/28/2026, 8:47:45 AM.975] [Info] [pid=4484] [Startup] McpConfigManager.list: loading scope=local
[9/28/2026, 8:47:45 AM.975] [Info] [pid=4484] [Startup] McpConfigManager.list: scope=local blocked by strict MCP config
[9/28/2026, 8:47:45 AM.975] [Info] [pid=4484] [Startup] McpConfigManager.list: loading scope=sdk
[9/28/2026, 8:47:45 AM.975] [Info] [pid=4484] [Startup] McpConfigManager.list: scope=sdk cache hit (0ms)
[9/28/2026, 8:47:45 AM.975] [Info] [pid=4484] [Startup] McpConfigManager.list: loading scope=local
[9/28/2026, 8:47:45 AM.975] [Info] [pid=4484] [Startup] McpConfigManager.list: scope=local blocked by strict MCP config
[9/28/2026, 8:47:45 AM.975] [Info] [pid=4484] [SkillManageTool.isEnabled] ProductFeature.SkillManage=false, enabled=false, allFeatures={"GenerateCommitMessage":true,"InlineCompletions":true,"InlineChat":false,"CursorPositonPrefetching":true,"CompletionsPrefetching":true,"CompletionsResultFusion":true,"MultiFileWithPromptParam":false,"MultiFileWithSeparateParams":false,"CRLFCompatible":true,"TrimByIndentation":true,"MultiStepCompletions":false,"RemoveBelowExist":true,"CompletionsRelatedSnippets":true,"StatusBar":false,"CodeAction":true,"FloatShortcut":true,"CodeLens":true,"UseDefaultModelIfCurrentNotInList":false,"Mcp":true,"McpMarket":true,"MemoryManagement":true,"McpInstallationGuide":true,"SelectImage":true,"Aegis":false,"ProposalAPI":false,"NESNativeRenderer":false,"SwitchBySession":true,"AutoMode":true,"Billing":true,"InternationalLogin":true,"NesCompletions":false,"NesDocumentActiveChangeTrigger":false,"NesCompletionsPrefetching":true,"NESPrefetchingAfterEmptyCompletion":true,"TriggerNESAfterCompletionHasBeenAccepted":true,"NesRepeatFilter":false,"NesRepeatFilterV2":true,"NesRangeFix":false,"NesCompletionsJumpToHere":true,"ImportMetadataForCompletions":true,"CBChatUI":true,"CompletionItemsForCompletions":true,"WebFetch":true,"SummaryWebFetch":true,"WebSearch":true,"DynamicAddWebSearch":true,"Task":true,"EnhancedCompletionRequest":false,"ReportAfterCancel":false,"RequestBodyGzip":true,"StandaloneTerminal":true,"Skills":true,"SkillSecurityScan":true,"SelectComponent":true,"UIComponentLibrary":true,"CustomModelsJSON":true,"ImageGen":true,"FileDiffHistory":false,"Inspiration":false,"Connector":true,"Agents":true,"BillingNotice":false,"CloudAgentsSmartMerge":true,"CustomModelIdPrefix":true,"DeferToolLoading":true,"ImageEdit":false,"VideoGen":true,"ScheduledTasks":true,"SkillManage":false,"SkipToolCallSupportCheck":false,"EnableEnterpriseCustomModelPolicy":true,"EnableEnterpriseSkillUploadPolicy":true,"WeixinPayInterception":true,"HomePracticeCases":false,"EnableClientMenuInAppNavigation":false,"ShareLink":true,"Artifact":true,"BrowserUse":false,"ComputerUse":false,"BeforeConversationRecommend":false,"PerfMetrics":true,"SkillRecommend":true,"ProjectLocalTask":true,"DisableCloudSkillSync":true,"DisableCloudExpertSync":true,"CrashReportToggle":true,"MessageQueueDeferredDispatch":true,"NetworkFailover":true,"Sandbox":true,"SandboxFileVersionManagement":false,"KnowledgeBase":true,"TencentDocsKnowledge":true,"TencentPptxBuiltinDefaultEnabled":true,"SystemProxyDetection":true,"TencentLexiangKnowledge":true,"ImaKnowledge":true,"TencentNetDriveKnowledge":true,"ContextSummaryAgent":true,"enablePreMessageCompact":true,"HtmlPreviewShare":true,"EnableArdot":true,"EnableSecurityCenter":true,"DisableIdentityCustomization":true,"AllowIdentityNameEdit":true,"EnableAutoModelTiers":true,"DisableShareFeature":false,"DisablePublishedApps":false,"DisableArchivedTasks":false,"DisableCheckin":false,"DisableActivityBanner":false,"EnableAppearance":true,"DisableCreditsEntry":false,"DisableCreditPurchaseGuide":false,"DisableVoiceInput":false,"EnableWecomAibotCustomWsUrl":true,"ChannelSlack":false,"ChannelTelegram":false,"ChannelDiscord":false,"ChannelWechatKf":true,"DisableYuanbaoChannel":true,"EnableEnterpriseLicenseCheck":true,"EnableClawChannelControl":true,"PoiMap":false,"QuickQa":false,"ShowAboutQRCodes":true,"AgentMail":true,"ChatPromptFrictionAnalysis":true,"CodeAdoptionRate":false,"Codebase":false,"DesktopCloudTaskEntry":true,"DisableHtmlStreamUIShow":true,"EnableMobileConnectV2":true,"EnableWechatShareFile":false,"ExploreFeature":false,"HomePlaybooks":true,"MaxMode":true,"Space":true,"TencentDesignX":true,"TencentDocsAiEdit":true,"TencentDocsAiEditEnterprise":true,"TodoAssistantDelegate":false,"WebBrowserFetch":true}
[9/28/2026, 8:47:45 AM.975] [Info] [pid=4484] [SkillManageTool.isEnabled] ProductFeature.SkillManage=false, enabled=false, allFeatures={"GenerateCommitMessage":true,"InlineCompletions":true,"InlineChat":false,"CursorPositonPrefetching":true,"CompletionsPrefetching":true,"CompletionsResultFusion":true,"MultiFileWithPromptParam":false,"MultiFileWithSeparateParams":false,"CRLFCompatible":true,"TrimByIndentation":true,"MultiStepCompletions":false,"RemoveBelowExist":true,"CompletionsRelatedSnippets":true,"StatusBar":false,"CodeAction":true,"FloatShortcut":true,"CodeLens":true,"UseDefaultModelIfCurrentNotInList":false,"Mcp":true,"McpMarket":true,"MemoryManagement":true,"McpInstallationGuide":true,"SelectImage":true,"Aegis":false,"ProposalAPI":false,"NESNativeRenderer":false,"SwitchBySession":true,"AutoMode":true,"Billing":true,"InternationalLogin":true,"NesCompletions":false,"NesDocumentActiveChangeTrigger":false,"NesCompletionsPrefetching":true,"NESPrefetchingAfterEmptyCompletion":true,"TriggerNESAfterCompletionHasBeenAccepted":true,"NesRepeatFilter":false,"NesRepeatFilterV2":true,"NesRangeFix":false,"NesCompletionsJumpToHere":true,"ImportMetadataForCompletions":true,"CBChatUI":true,"CompletionItemsForCompletions":true,"WebFetch":true,"SummaryWebFetch":true,"WebSearch":true,"DynamicAddWebSearch":true,"Task":true,"EnhancedCompletionRequest":false,"ReportAfterCancel":false,"RequestBodyGzip":true,"StandaloneTerminal":true,"Skills":true,"SkillSecurityScan":true,"SelectComponent":true,"UIComponentLibrary":true,"CustomModelsJSON":true,"ImageGen":true,"FileDiffHistory":false,"Inspiration":false,"Connector":true,"Agents":true,"BillingNotice":false,"CloudAgentsSmartMerge":true,"CustomModelIdPrefix":true,"DeferToolLoading":true,"ImageEdit":false,"VideoGen":true,"ScheduledTasks":true,"SkillManage":false,"SkipToolCallSupportCheck":false,"EnableEnterpriseCustomModelPolicy":true,"EnableEnterpriseSkillUploadPolicy":true,"WeixinPayInterception":true,"HomePracticeCases":false,"EnableClientMenuInAppNavigation":false,"ShareLink":true,"Artifact":true,"BrowserUse":false,"ComputerUse":false,"BeforeConversationRecommend":false,"PerfMetrics":true,"SkillRecommend":true,"ProjectLocalTask":true,"DisableCloudSkillSync":true,"DisableCloudExpertSync":true,"CrashReportToggle":true,"MessageQueueDeferredDispatch":true,"NetworkFailover":true,"Sandbox":true,"SandboxFileVersionManagement":false,"KnowledgeBase":true,"TencentDocsKnowledge":true,"TencentPptxBuiltinDefaultEnabled":true,"SystemProxyDetection":true,"TencentLexiangKnowledge":true,"ImaKnowledge":true,"TencentNetDriveKnowledge":true,"ContextSummaryAgent":true,"enablePreMessageCompact":true,"HtmlPreviewShare":true,"EnableArdot":true,"EnableSecurityCenter":true,"DisableIdentityCustomization":true,"AllowIdentityNameEdit":true,"EnableAutoModelTiers":true,"DisableShareFeature":false,"DisablePublishedApps":false,"DisableArchivedTasks":false,"DisableCheckin":false,"DisableActivityBanner":false,"EnableAppearance":true,"DisableCreditsEntry":false,"DisableCreditPurchaseGuide":false,"DisableVoiceInput":false,"EnableWecomAibotCustomWsUrl":true,"ChannelSlack":false,"ChannelTelegram":false,"ChannelDiscord":false,"ChannelWechatKf":true,"DisableYuanbaoChannel":true,"EnableEnterpriseLicenseCheck":true,"EnableClawChannelControl":true,"PoiMap":false,"QuickQa":false,"ShowAboutQRCodes":true,"AgentMail":true,"ChatPromptFrictionAnalysis":true,"CodeAdoptionRate":false,"Codebase":false,"DesktopCloudTaskEntry":true,"DisableHtmlStreamUIShow":true,"EnableMobileConnectV2":true,"EnableWechatShareFile":false,"ExploreFeature":false,"HomePlaybooks":true,"MaxMode":true,"Space":true,"TencentDesignX":true,"TencentDocsAiEdit":true,"TencentDocsAiEditEnterprise":true,"TodoAssistantDelegate":false,"WebBrowserFetch":true}
[9/28/2026, 8:47:45 AM.975] [Info] [pid=4484] [SkillManageTool.isEnabled] ProductFeature.SkillManage=false, enabled=false, allFeatures={"GenerateCommitMessage":true,"InlineCompletions":true,"InlineChat":false,"CursorPositonPrefetching":true,"CompletionsPrefetching":true,"CompletionsResultFusion":true,"MultiFileWithPromptParam":false,"MultiFileWithSeparateParams":false,"CRLFCompatible":true,"TrimByIndentation":true,"MultiStepCompletions":false,"RemoveBelowExist":true,"CompletionsRelatedSnippets":true,"StatusBar":false,"CodeAction":true,"FloatShortcut":true,"CodeLens":true,"UseDefaultModelIfCurrentNotInList":false,"Mcp":true,"McpMarket":true,"MemoryManagement":true,"McpInstallationGuide":true,"SelectImage":true,"Aegis":false,"ProposalAPI":false,"NESNativeRenderer":false,"SwitchBySession":true,"AutoMode":true,"Billing":true,"InternationalLogin":true,"NesCompletions":false,"NesDocumentActiveChangeTrigger":false,"NesCompletionsPrefetching":true,"NESPrefetchingAfterEmptyCompletion":true,"TriggerNESAfterCompletionHasBeenAccepted":true,"NesRepeatFilter":false,"NesRepeatFilterV2":true,"NesRangeFix":false,"NesCompletionsJumpToHere":true,"ImportMetadataForCompletions":true,"CBChatUI":true,"CompletionItemsForCompletions":true,"WebFetch":true,"SummaryWebFetch":true,"WebSearch":true,"DynamicAddWebSearch":true,"Task":true,"EnhancedCompletionRequest":false,"ReportAfterCancel":false,"RequestBodyGzip":true,"StandaloneTerminal":true,"Skills":true,"SkillSecurityScan":true,"SelectComponent":true,"UIComponentLibrary":true,"CustomModelsJSON":true,"ImageGen":true,"FileDiffHistory":false,"Inspiration":false,"Connector":true,"Agents":true,"BillingNotice":false,"CloudAgentsSmartMerge":true,"CustomModelIdPrefix":true,"DeferToolLoading":true,"ImageEdit":false,"VideoGen":true,"ScheduledTasks":true,"SkillManage":false,"SkipToolCallSupportCheck":false,"EnableEnterpriseCustomModelPolicy":true,"EnableEnterpriseSkillUploadPolicy":true,"WeixinPayInterception":true,"HomePracticeCases":false,"EnableClientMenuInAppNavigation":false,"ShareLink":true,"Artifact":true,"BrowserUse":false,"ComputerUse":false,"BeforeConversationRecommend":false,"PerfMetrics":true,"SkillRecommend":true,"ProjectLocalTask":true,"DisableCloudSkillSync":true,"DisableCloudExpertSync":true,"CrashReportToggle":true,"MessageQueueDeferredDispatch":true,"NetworkFailover":true,"Sandbox":true,"SandboxFileVersionManagement":false,"KnowledgeBase":true,"TencentDocsKnowledge":true,"TencentPptxBuiltinDefaultEnabled":true,"SystemProxyDetection":true,"TencentLexiangKnowledge":true,"ImaKnowledge":true,"TencentNetDriveKnowledge":true,"ContextSummaryAgent":true,"enablePreMessageCompact":true,"HtmlPreviewShare":true,"EnableArdot":true,"EnableSecurityCenter":true,"DisableIdentityCustomization":true,"AllowIdentityNameEdit":true,"EnableAutoModelTiers":true,"DisableShareFeature":false,"DisablePublishedApps":false,"DisableArchivedTasks":false,"DisableCheckin":false,"DisableActivityBanner":false,"EnableAppearance":true,"DisableCreditsEntry":false,"DisableCreditPurchaseGuide":false,"DisableVoiceInput":false,"EnableWecomAibotCustomWsUrl":true,"ChannelSlack":false,"ChannelTelegram":false,"ChannelDiscord":false,"ChannelWechatKf":true,"DisableYuanbaoChannel":true,"EnableEnterpriseLicenseCheck":true,"EnableClawChannelControl":true,"PoiMap":false,"QuickQa":false,"ShowAboutQRCodes":true,"AgentMail":true,"ChatPromptFrictionAnalysis":true,"CodeAdoptionRate":false,"Codebase":false,"DesktopCloudTaskEntry":true,"DisableHtmlStreamUIShow":true,"EnableMobileConnectV2":true,"EnableWechatShareFile":false,"ExploreFeature":false,"HomePlaybooks":true,"MaxMode":true,"Space":true,"TencentDesignX":true,"TencentDocsAiEdit":true,"TencentDocsAiEditEnterprise":true,"TodoAssistantDelegate":false,"WebBrowserFetch":true}
[9/28/2026, 8:47:45 AM.975] [Info] [pid=4484] [Startup] McpConfigManager.list: loading scope=dynamic
[9/28/2026, 8:47:45 AM.975] [Info] [pid=4484] [Startup] McpConfigManager.list: scope=dynamic cache hit (0ms)
[9/28/2026, 8:47:45 AM.975] [Info] [pid=4484] [Startup] McpConfigManager.list: loading scope=plugin
[9/28/2026, 8:47:45 AM.975] [Info] [pid=4484] [Startup] McpConfigManager.list: scope=plugin blocked by strict MCP config
[9/28/2026, 8:47:45 AM.975] [Info] [pid=4484] [Startup] McpConfigManager.list: loading scope=dynamic
[9/28/2026, 8:47:45 AM.975] [Info] [pid=4484] [Startup] McpConfigManager.list: scope=dynamic cache hit (0ms)
[9/28/2026, 8:47:45 AM.976] [Info] [pid=4484] [Startup] McpConfigManager.list: loading scope=user
[9/28/2026, 8:47:45 AM.976] [Info] [pid=4484] [Startup] McpConfigManager.list: scope=user blocked by strict MCP config
[9/28/2026, 8:47:45 AM.976] [Info] [pid=4484] [Startup] McpConfigManager.list: loading scope=internal
[9/28/2026, 8:47:45 AM.976] [Info] [pid=4484] [Startup] McpConfigManager.list: scope=internal cache hit (0ms)
[9/28/2026, 8:47:45 AM.976] [Info] [pid=4484] [Startup] McpConfigManager.list: loading scope=internal
[9/28/2026, 8:47:45 AM.976] [Info] [pid=4484] [Startup] McpConfigManager.list: scope=internal cache hit (0ms)
[9/28/2026, 8:47:45 AM.976] [Info] [pid=4484] [Startup] McpConfigManager.list: loading scope=project
[9/28/2026, 8:47:45 AM.976] [Info] [pid=4484] [Startup] McpConfigManager.list: scope=project blocked by strict MCP config
[9/28/2026, 8:47:45 AM.976] [Info] [pid=4484] [Startup] McpConfigManager.list: loading scope=internal
[9/28/2026, 8:47:45 AM.976] [Info] [pid=4484] [Startup] McpConfigManager.list: scope=internal cache hit (0ms)
[9/28/2026, 8:47:45 AM.976] [Info] [pid=4484] [Startup] McpConfigManager.list: loading scope=sdk
[9/28/2026, 8:47:45 AM.976] [Info] [pid=4484] [Startup] McpConfigManager.list: scope=sdk cache hit (0ms)
[9/28/2026, 8:47:45 AM.976] [Info] [pid=4484] [Startup] McpConfigManager.list: loading scope=sdk
[9/28/2026, 8:47:45 AM.976] [Info] [pid=4484] [Startup] McpConfigManager.list: scope=sdk cache hit (0ms)
[9/28/2026, 8:47:45 AM.976] [Info] [pid=4484] [Startup] McpManager.list: starting (scope=all)
[9/28/2026, 8:47:45 AM.976] [Info] [pid=4484] [Startup] McpConfigManager.list: loading scope=local
[9/28/2026, 8:47:45 AM.976] [Info] [pid=4484] [Startup] McpConfigManager.list: scope=local blocked by strict MCP config
[9/28/2026, 8:47:45 AM.976] [Info] [pid=4484] [Startup] McpManager.list: starting (scope=all)
[9/28/2026, 8:47:45 AM.976] [Info] [pid=4484] [Startup] McpConfigManager.list: loading scope=sdk
[9/28/2026, 8:47:45 AM.976] [Info] [pid=4484] [Startup] McpConfigManager.list: scope=sdk cache hit (0ms)
[9/28/2026, 8:47:45 AM.976] [Info] [pid=4484] [Startup] McpConfigManager.list: loading scope=plugin
[9/28/2026, 8:47:45 AM.976] [Info] [pid=4484] [Startup] McpConfigManager.list: scope=plugin blocked by strict MCP config
[9/28/2026, 8:47:45 AM.976] [Info] [pid=4484] [Startup] McpConfigManager.list: loading scope=plugin
[9/28/2026, 8:47:45 AM.976] [Info] [pid=4484] [Startup] McpConfigManager.list: scope=plugin blocked by strict MCP config
[9/28/2026, 8:47:45 AM.976] [Info] [pid=4484] [Startup] McpConfigManager.list: loading scope=dynamic
[9/28/2026, 8:47:45 AM.976] [Info] [pid=4484] [Startup] McpConfigManager.list: scope=dynamic cache hit (0ms)
[9/28/2026, 8:47:45 AM.976] [Info] [pid=4484] [SkillManageTool.isEnabled] ProductFeature.SkillManage=false, enabled=false, allFeatures={"GenerateCommitMessage":true,"InlineCompletions":true,"InlineChat":false,"CursorPositonPrefetching":true,"CompletionsPrefetching":true,"CompletionsResultFusion":true,"MultiFileWithPromptParam":false,"MultiFileWithSeparateParams":false,"CRLFCompatible":true,"TrimByIndentation":true,"MultiStepCompletions":false,"RemoveBelowExist":true,"CompletionsRelatedSnippets":true,"StatusBar":false,"CodeAction":true,"FloatShortcut":true,"CodeLens":true,"UseDefaultModelIfCurrentNotInList":false,"Mcp":true,"McpMarket":true,"MemoryManagement":true,"McpInstallationGuide":true,"SelectImage":true,"Aegis":false,"ProposalAPI":false,"NESNativeRenderer":false,"SwitchBySession":true,"AutoMode":true,"Billing":true,"InternationalLogin":true,"NesCompletions":false,"NesDocumentActiveChangeTrigger":false,"NesCompletionsPrefetching":true,"NESPrefetchingAfterEmptyCompletion":true,"TriggerNESAfterCompletionHasBeenAccepted":true,"NesRepeatFilter":false,"NesRepeatFilterV2":true,"NesRangeFix":false,"NesCompletionsJumpToHere":true,"ImportMetadataForCompletions":true,"CBChatUI":true,"CompletionItemsForCompletions":true,"WebFetch":true,"SummaryWebFetch":true,"WebSearch":true,"DynamicAddWebSearch":true,"Task":true,"EnhancedCompletionRequest":false,"ReportAfterCancel":false,"RequestBodyGzip":true,"StandaloneTerminal":true,"Skills":true,"SkillSecurityScan":true,"SelectComponent":true,"UIComponentLibrary":true,"CustomModelsJSON":true,"ImageGen":true,"FileDiffHistory":false,"Inspiration":false,"Connector":true,"Agents":true,"BillingNotice":false,"CloudAgentsSmartMerge":true,"CustomModelIdPrefix":true,"DeferToolLoading":true,"ImageEdit":false,"VideoGen":true,"ScheduledTasks":true,"SkillManage":false,"SkipToolCallSupportCheck":false,"EnableEnterpriseCustomModelPolicy":true,"EnableEnterpriseSkillUploadPolicy":true,"WeixinPayInterception":true,"HomePracticeCases":false,"EnableClientMenuInAppNavigation":false,"ShareLink":true,"Artifact":true,"BrowserUse":false,"ComputerUse":false,"BeforeConversationRecommend":false,"PerfMetrics":true,"SkillRecommend":true,"ProjectLocalTask":true,"DisableCloudSkillSync":true,"DisableCloudExpertSync":true,"CrashReportToggle":true,"MessageQueueDeferredDispatch":true,"NetworkFailover":true,"Sandbox":true,"SandboxFileVersionManagement":false,"KnowledgeBase":true,"TencentDocsKnowledge":true,"TencentPptxBuiltinDefaultEnabled":true,"SystemProxyDetection":true,"TencentLexiangKnowledge":true,"ImaKnowledge":true,"TencentNetDriveKnowledge":true,"ContextSummaryAgent":true,"enablePreMessageCompact":true,"HtmlPreviewShare":true,"EnableArdot":true,"EnableSecurityCenter":true,"DisableIdentityCustomization":true,"AllowIdentityNameEdit":true,"EnableAutoModelTiers":true,"DisableShareFeature":false,"DisablePublishedApps":false,"DisableArchivedTasks":false,"DisableCheckin":false,"DisableActivityBanner":false,"EnableAppearance":true,"DisableCreditsEntry":false,"DisableCreditPurchaseGuide":false,"DisableVoiceInput":false,"EnableWecomAibotCustomWsUrl":true,"ChannelSlack":false,"ChannelTelegram":false,"ChannelDiscord":false,"ChannelWechatKf":true,"DisableYuanbaoChannel":true,"EnableEnterpriseLicenseCheck":true,"EnableClawChannelControl":true,"PoiMap":false,"QuickQa":false,"ShowAboutQRCodes":true,"AgentMail":true,"ChatPromptFrictionAnalysis":true,"CodeAdoptionRate":false,"Codebase":false,"DesktopCloudTaskEntry":true,"DisableHtmlStreamUIShow":true,"EnableMobileConnectV2":true,"EnableWechatShareFile":false,"ExploreFeature":false,"HomePlaybooks":true,"MaxMode":true,"Space":true,"TencentDesignX":true,"TencentDocsAiEdit":true,"TencentDocsAiEditEnterprise":true,"TodoAssistantDelegate":false,"WebBrowserFetch":true}
[9/28/2026, 8:47:45 AM.976] [Info] [pid=4484] [Startup] McpConfigManager.list: loading scope=plugin
[9/28/2026, 8:47:45 AM.976] [Info] [pid=4484] [Startup] McpConfigManager.list: scope=plugin blocked by strict MCP config
[9/28/2026, 8:47:45 AM.976] [Info] [pid=4484] [Startup] McpConfigManager.list: loading scope=user
[9/28/2026, 8:47:45 AM.976] [Info] [pid=4484] [Startup] McpConfigManager.list: scope=user blocked by strict MCP config
[9/28/2026, 8:47:45 AM.976] [Info] [pid=4484] [Startup] McpConfigManager.list: loading scope=user
[9/28/2026, 8:47:45 AM.976] [Info] [pid=4484] [Startup] McpConfigManager.list: scope=user blocked by strict MCP config
[9/28/2026, 8:47:45 AM.976] [Info] [pid=4484] [MCP][registerAgent] agent=compact mcpServers=[] (count=0) grantMcpAccess=false
[9/28/2026, 8:47:45 AM.976] [Info] [pid=4484] [Startup] McpManager.list: starting (scope=all)
[9/28/2026, 8:47:45 AM.976] [Info] [pid=4484] [Startup] McpManager.list: starting (scope=all)
[9/28/2026, 8:47:45 AM.976] [Info] [pid=4484] [MCP][registerAgent] agent=pulse mcpServers=[] (count=0) grantMcpAccess=false
[9/28/2026, 8:47:45 AM.976] [Info] [pid=4484] [MCP][registerAgent] agent=handoff-summary mcpServers=[] (count=0) grantMcpAccess=false
[9/28/2026, 8:47:45 AM.976] [Info] [pid=4484] [MCP][registerAgent] agent=enhance-prompt mcpServers=[] (count=0) grantMcpAccess=false
[9/28/2026, 8:47:45 AM.976] [Info] [pid=4484] [Startup] McpConfigManager.list: loading scope=user
[9/28/2026, 8:47:45 AM.976] [Info] [pid=4484] [Startup] McpConfigManager.list: scope=user blocked by strict MCP config
[9/28/2026, 8:47:45 AM.976] [Info] [pid=4484] [Startup] McpConfigManager.list: loading scope=project
[9/28/2026, 8:47:45 AM.976] [Info] [pid=4484] [Startup] McpConfigManager.list: scope=project blocked by strict MCP config
[9/28/2026, 8:47:45 AM.976] [Info] [pid=4484] [Startup] McpConfigManager.list: loading scope=project
[9/28/2026, 8:47:45 AM.976] [Info] [pid=4484] [Startup] McpConfigManager.list: scope=project blocked by strict MCP config
[9/28/2026, 8:47:45 AM.976] [Info] [pid=4484] [MCP][cacheDbg] getConnectedServers() called: nonInteractive=true waitForSettle=false cacheNow=[] allServers=[]
[9/28/2026, 8:47:45 AM.976] [Info] [pid=4484] [MCP][cacheDbg] getConnectedServers() returning: [] (size=0)
[9/28/2026, 8:47:45 AM.976] [Info] [pid=4484] [Startup] McpConfigManager.list: loading scope=project
[9/28/2026, 8:47:45 AM.976] [Info] [pid=4484] [Startup] McpConfigManager.list: scope=project blocked by strict MCP config
[9/28/2026, 8:47:45 AM.976] [Info] [pid=4484] [Startup] McpConfigManager.list: loading scope=local
[9/28/2026, 8:47:45 AM.976] [Info] [pid=4484] [Startup] McpConfigManager.list: scope=local blocked by strict MCP config
[9/28/2026, 8:47:45 AM.976] [Info] [pid=4484] [Startup] McpConfigManager.list: loading scope=local
[9/28/2026, 8:47:45 AM.976] [Info] [pid=4484] [Startup] McpConfigManager.list: scope=local blocked by strict MCP config
[9/28/2026, 8:47:45 AM.976] [Info] [pid=4484] [Startup] McpManager.list: starting (scope=all)
[9/28/2026, 8:47:45 AM.976] [Info] [pid=4484] [MCP][registerAgent] agent=sheet-agent mcpServers=[] (count=0) grantMcpAccess=true
[9/28/2026, 8:47:45 AM.976] [Info] [pid=4484] [McpResourceCatalog] resource capability: declared=[] knownFromCache=[] connected=0 -> enabled=false
[9/28/2026, 8:47:45 AM.976] [Info] [pid=4484] [Startup] McpConfigManager.list: loading scope=local
[9/28/2026, 8:47:45 AM.976] [Info] [pid=4484] [Startup] McpConfigManager.list: scope=local blocked by strict MCP config
[9/28/2026, 8:47:45 AM.976] [Info] [pid=4484] [Startup] McpConfigManager.list: loading scope=dynamic
[9/28/2026, 8:47:45 AM.976] [Info] [pid=4484] [Startup] McpConfigManager.list: scope=dynamic cache hit (0ms)
[9/28/2026, 8:47:45 AM.976] [Info] [pid=4484] [Startup] McpConfigManager.list: loading scope=dynamic
[9/28/2026, 8:47:45 AM.976] [Info] [pid=4484] [Startup] McpConfigManager.list: scope=dynamic cache hit (0ms)
[9/28/2026, 8:47:45 AM.976] [Info] [pid=4484] [Startup] McpConfigManager.list: loading scope=dynamic
[9/28/2026, 8:47:45 AM.976] [Info] [pid=4484] [Startup] McpConfigManager.list: scope=dynamic cache hit (0ms)
[9/28/2026, 8:47:45 AM.976] [Info] [pid=4484] [Startup] McpManager.list: starting (scope=all)
[9/28/2026, 8:47:45 AM.976] [Info] [pid=4484] [Startup] McpManager.list: starting (scope=all)
[9/28/2026, 8:47:45 AM.976] [Info] [pid=4484] [Startup] McpManager.list: starting (scope=all)
[9/28/2026, 8:47:45 AM.976] [Info] [pid=4484] [Startup] McpManager.list: starting (scope=all)
[9/28/2026, 8:47:45 AM.976] [Info] [pid=4484] [Startup] McpManager.list: starting (scope=all)
[9/28/2026, 8:47:45 AM.976] [Info] [pid=4484] [Startup] McpManager.list: starting (scope=all)
[9/28/2026, 8:47:45 AM.976] [Info] [pid=4484] [Startup] McpConfigManager.list: loading scope=internal
[9/28/2026, 8:47:45 AM.976] [Info] [pid=4484] [Startup] McpConfigManager.list: scope=internal cache hit (0ms)
[9/28/2026, 8:47:45 AM.976] [Info] [pid=4484] [Startup] McpConfigManager.list: loading scope=internal
[9/28/2026, 8:47:45 AM.976] [Info] [pid=4484] [Startup] McpConfigManager.list: scope=internal cache hit (0ms)
[9/28/2026, 8:47:45 AM.976] [Info] [pid=4484] [Startup] McpConfigManager.list: loading scope=internal
[9/28/2026, 8:47:45 AM.976] [Info] [pid=4484] [Startup] McpConfigManager.list: scope=internal cache hit (0ms)
[9/28/2026, 8:47:45 AM.976] [Info] [pid=4484] [Startup] McpManager.list: starting (scope=all)
[9/28/2026, 8:47:45 AM.976] [Info] [pid=4484] [Startup] McpConfigManager.list: loading scope=sdk
[9/28/2026, 8:47:45 AM.976] [Info] [pid=4484] [Startup] McpConfigManager.list: scope=sdk cache hit (0ms)
[9/28/2026, 8:47:45 AM.976] [Info] [pid=4484] [Startup] McpConfigManager.list: loading scope=sdk
[9/28/2026, 8:47:45 AM.976] [Info] [pid=4484] [Startup] McpConfigManager.list: scope=sdk cache hit (0ms)
[9/28/2026, 8:47:45 AM.976] [Info] [pid=4484] [Startup] McpConfigManager.list: loading scope=sdk
[9/28/2026, 8:47:45 AM.976] [Info] [pid=4484] [Startup] McpConfigManager.list: scope=sdk cache hit (0ms)
[9/28/2026, 8:47:45 AM.977] [Info] [pid=4484] [Startup] McpConfigManager.list: loading scope=plugin
[9/28/2026, 8:47:45 AM.977] [Info] [pid=4484] [Startup] McpConfigManager.list: scope=plugin blocked by strict MCP config
[9/28/2026, 8:47:45 AM.977] [Info] [pid=4484] [Startup] McpConfigManager.list: loading scope=plugin
[9/28/2026, 8:47:45 AM.977] [Info] [pid=4484] [Startup] McpConfigManager.list: scope=plugin blocked by strict MCP config
[9/28/2026, 8:47:45 AM.977] [Info] [pid=4484] [Startup] McpConfigManager.list: loading scope=plugin
[9/28/2026, 8:47:45 AM.977] [Info] [pid=4484] [Startup] McpConfigManager.list: scope=plugin blocked by strict MCP config
[9/28/2026, 8:47:45 AM.977] [Info] [pid=4484] [Startup] McpConfigManager.list: loading scope=user
[9/28/2026, 8:47:45 AM.977] [Info] [pid=4484] [Startup] McpConfigManager.list: scope=user blocked by strict MCP config
[9/28/2026, 8:47:45 AM.977] [Info] [pid=4484] [Startup] McpConfigManager.list: loading scope=user
[9/28/2026, 8:47:45 AM.977] [Info] [pid=4484] [Startup] McpConfigManager.list: scope=user blocked by strict MCP config
[9/28/2026, 8:47:45 AM.977] [Info] [pid=4484] [Startup] McpConfigManager.list: loading scope=user
[9/28/2026, 8:47:45 AM.977] [Info] [pid=4484] [Startup] McpConfigManager.list: scope=user blocked by strict MCP config
[9/28/2026, 8:47:45 AM.977] [Info] [pid=4484] [AgentManager.getModel] agent='cli' has no explicit model (auto); resolved to first-available='fast-model'
[9/28/2026, 8:47:45 AM.977] [Info] [pid=4484] [Startup] McpConfigManager.list: loading scope=project
[9/28/2026, 8:47:45 AM.977] [Info] [pid=4484] [Startup] McpConfigManager.list: scope=project blocked by strict MCP config
[9/28/2026, 8:47:45 AM.977] [Info] [pid=4484] [Startup] McpConfigManager.list: loading scope=project
[9/28/2026, 8:47:45 AM.977] [Info] [pid=4484] [Startup] McpConfigManager.list: scope=project blocked by strict MCP config
[9/28/2026, 8:47:45 AM.977] [Info] [pid=4484] [Startup] McpConfigManager.list: loading scope=project
[9/28/2026, 8:47:45 AM.977] [Info] [pid=4484] [Startup] McpConfigManager.list: scope=project blocked by strict MCP config
[9/28/2026, 8:47:45 AM.977] [Info] [pid=4484] [Startup] McpConfigManager.list: loading scope=local
[9/28/2026, 8:47:45 AM.977] [Info] [pid=4484] [Startup] McpConfigManager.list: scope=local blocked by strict MCP config
[9/28/2026, 8:47:45 AM.977] [Info] [pid=4484] [Startup] McpConfigManager.list: loading scope=local
[9/28/2026, 8:47:45 AM.977] [Info] [pid=4484] [Startup] McpConfigManager.list: scope=local blocked by strict MCP config
[9/28/2026, 8:47:45 AM.977] [Info] [pid=4484] [Startup] McpConfigManager.list: loading scope=local
[9/28/2026, 8:47:45 AM.977] [Info] [pid=4484] [Startup] McpConfigManager.list: scope=local blocked by strict MCP config
[9/28/2026, 8:47:45 AM.977] [Info] [pid=4484] [MCP][registerAgent] agent=multitask mcpServers=[] (count=0) grantMcpAccess=false
[9/28/2026, 8:47:45 AM.977] [Info] [pid=4484] [Startup] McpConfigManager.list: loading scope=dynamic
[9/28/2026, 8:47:45 AM.977] [Info] [pid=4484] [Startup] McpConfigManager.list: scope=dynamic cache hit (0ms)
[9/28/2026, 8:47:45 AM.977] [Info] [pid=4484] [Startup] McpConfigManager.list: loading scope=dynamic
[9/28/2026, 8:47:45 AM.977] [Info] [pid=4484] [Startup] McpConfigManager.list: scope=dynamic cache hit (0ms)
[9/28/2026, 8:47:45 AM.977] [Info] [pid=4484] [Startup] McpConfigManager.list: loading scope=dynamic
[9/28/2026, 8:47:45 AM.977] [Info] [pid=4484] [Startup] McpConfigManager.list: scope=dynamic cache hit (0ms)
[9/28/2026, 8:47:45 AM.977] [Info] [pid=4484] [Startup] McpManager.list: starting (scope=all)
[9/28/2026, 8:47:45 AM.977] [Info] [pid=4484] [Startup] McpManager.list: starting (scope=all)
[9/28/2026, 8:47:45 AM.977] [Info] [pid=4484] [Startup] McpManager.list: starting (scope=all)
[9/28/2026, 8:47:45 AM.977] [Info] [pid=4484] [Startup] McpManager.list: starting (scope=all)
[9/28/2026, 8:47:45 AM.977] [Info] [pid=4484] [Startup] McpManager.list: starting (scope=all)
[9/28/2026, 8:47:45 AM.977] [Info] [pid=4484] [Startup] McpManager.list: starting (scope=all)
[9/28/2026, 8:47:45 AM.978] [Info] [pid=4484] [MCP][registerAgent] agent=statusline-setup mcpServers=[] (count=0) grantMcpAccess=false
[9/28/2026, 8:47:45 AM.978] [Info] [pid=4484] [MCP][registerAgent] agent=Plan mcpServers=[] (count=0) grantMcpAccess=false
[9/28/2026, 8:47:45 AM.978] [Info] [pid=4484] [MCP][registerAgent] agent=Explore mcpServers=[] (count=0) grantMcpAccess=true
[9/28/2026, 8:47:45 AM.978] [Info] [pid=4484] [MCP][registerAgent] agent=cli mcpServers=[] (count=0) grantMcpAccess=true
[9/28/2026, 8:47:45 AM.978] [Info] [pid=4484] [MCP][registerAgent] agent=general-purpose mcpServers=[] (count=0) grantMcpAccess=true
[9/28/2026, 8:47:45 AM.978] [Info] [pid=4484] [MCP][registerAgent] agent=create mcpServers=[] (count=0) grantMcpAccess=true
[9/28/2026, 8:47:45 AM.978] [Info] [pid=4484] [MCP][registerAgent] agent=doc-converter mcpServers=[] (count=0) grantMcpAccess=true
[9/28/2026, 8:47:45 AM.978] [Info] [pid=4484] [MCP][registerAgent] agent=doc-formatter mcpServers=[] (count=0) grantMcpAccess=true
[9/28/2026, 8:47:45 AM.978] [Info] [pid=4484] [MCP][registerAgent] agent=doc-writer mcpServers=[] (count=0) grantMcpAccess=true
[9/28/2026, 8:47:45 AM.978] [Info] [pid=4484] [MCP][registerAgent] agent=minimal mcpServers=[] (count=0) grantMcpAccess=false
[9/28/2026, 8:47:45 AM.979] [Info] [pid=4484] [MCP][cacheDbg] getConnectedServers() called: nonInteractive=true waitForSettle=false cacheNow=[] allServers=[]
[9/28/2026, 8:47:45 AM.979] [Info] [pid=4484] [MCP][cacheDbg] getConnectedServers() returning: [] (size=0)
[9/28/2026, 8:47:45 AM.979] [Info] [pid=4484] [MCP][registerAgent] agent=ptc mcpServers=[] (count=0) grantMcpAccess=true
[9/28/2026, 8:47:45 AM.979] [Info] [pid=4484] [Startup] AgentManager.rebuildAgents: completed in 15ms, resolving readyDeferred
[9/28/2026, 8:47:45 AM.988] [Info] [pid=4484] [PluginManager]  Checking for built-in marketplaces to install...
[9/28/2026, 8:47:45 AM.988] [Info] [pid=4484] [BuiltInMarketplaceProvider]  Found 3 built-in marketplace(s)
[9/28/2026, 8:47:45 AM.988] [Info] [pid=4484] [PluginManager]  Found 3 built-in marketplace(s)
[9/28/2026, 8:47:45 AM.989] [Info] [pid=4484] [PluginRuntime] refresh completed (background-management), active=8, changed=true
[9/28/2026, 8:47:45 AM.989] [Info] [pid=4484] [MarketplaceStorage]  [MarketplaceStorage] doEnsureConfigFile ensureDir=1ms total=1ms dir=/Users/didi/.workbuddy/plugins
[9/28/2026, 8:47:45 AM.990] [Info] [pid=4484] [MarketplaceStorage]  [MarketplaceStorage] getMarketplaces ensureConfigFile=1ms readAndRepair=1ms migration=0ms total=2ms count=6 path=/Users/didi/.workbuddy/plugins/known_marketplaces.json
[9/28/2026, 8:47:45 AM.995] [Info] [pid=4484] [PluginManager]  All built-in marketplaces are already installed
[9/28/2026, 8:47:45 AM.995] [Info] [pid=4484] [MarketplaceStorage]  [MarketplaceStorage] doEnsureConfigFile ensureDir=0ms total=0ms dir=/Users/didi/.workbuddy/plugins
[9/28/2026, 8:47:45 AM.996] [Info] [pid=4484] [MarketplaceStorage]  [MarketplaceStorage] getMarketplaces ensureConfigFile=0ms readAndRepair=1ms migration=0ms total=1ms count=6 path=/Users/didi/.workbuddy/plugins/known_marketplaces.json
[9/28/2026, 8:47:45 AM.996] [Info] [pid=4484] [BuiltInMarketplaceProvider]  Found 3 built-in marketplace(s)
[9/28/2026, 8:47:45 AM.998] [Info] [pid=4484] [PluginManager]  Loaded 6 marketplaces (3 built-in) total=3ms storage=1ms builtIn=0ms autoUpdate=0ms
[9/28/2026, 8:48:10 AM.925] [Info] [pid=4484] [WorkflowMemProbe] tick runId=(none) | rss=375.2MB heap=92.8/142.1MB external=29.4MB arrayBuffers=0MB malloced=0.5/49.2MB heapLimit=4095.8MB cpuPercent=29.6
[9/28/2026, 8:48:40 AM.922] [Info] [pid=4484] [WorkflowMemProbe] tick runId=(none) | rss=253.9MB heap=93.6/142.1MB external=29.6MB arrayBuffers=0MB malloced=0.5/49.2MB heapLimit=4095.8MB cpuPercent=0.7
[9/28/2026, 8:49:10 AM.923] [Info] [pid=4484] [WorkflowMemProbe] tick runId=(none) | rss=254.3MB heap=94.4/142.3MB external=29.7MB arrayBuffers=0MB malloced=0.5/49.2MB heapLimit=4095.8MB cpuPercent=0.1
[9/28/2026, 8:49:40 AM.924] [Info] [pid=4484] [WorkflowMemProbe] tick runId=(none) | rss=197.3MB heap=64.6/82.5MB external=3.8MB arrayBuffers=0MB malloced=0.5/49.2MB heapLimit=4095.8MB cpuPercent=0.5
[9/28/2026, 8:50:10 AM.925] [Info] [pid=4484] [WorkflowMemProbe] tick runId=(none) | rss=197.3MB heap=65.1/82.5MB external=3.9MB arrayBuffers=0MB malloced=0.5/49.2MB heapLimit=4095.8MB cpuPercent=0.1
[9/28/2026, 8:50:40 AM.925] [Info] [pid=4484] [WorkflowMemProbe] tick runId=(none) | rss=197.3MB heap=65.4/82.5MB external=3.9MB arrayBuffers=0MB malloced=0.5/49.2MB heapLimit=4095.8MB cpuPercent=0.1
[9/28/2026, 8:51:10 AM.925] [Info] [pid=4484] [WorkflowMemProbe] tick runId=(none) | rss=195.6MB heap=65.1/83MB external=3.9MB arrayBuffers=0MB malloced=0.5/49.2MB heapLimit=4095.8MB cpuPercent=0.1
[9/28/2026, 8:51:40 AM.926] [Info] [pid=4484] [WorkflowMemProbe] tick runId=(none) | rss=186MB heap=62.2/64.7MB external=3.7MB arrayBuffers=0MB malloced=0.5/49.2MB heapLimit=4095.8MB cpuPercent=0.5
[9/28/2026, 8:52:10 AM.928] [Info] [pid=4484] [WorkflowMemProbe] tick runId=(none) | rss=66.4MB heap=62.7/64.7MB external=3.8MB arrayBuffers=0MB malloced=0.5/49.2MB heapLimit=4095.8MB cpuPercent=0.1
[9/28/2026, 8:52:40 AM.926] [Info] [pid=4484] [WorkflowMemProbe] tick runId=(none) | rss=81MB heap=63/64.7MB external=3.9MB arrayBuffers=0MB malloced=0.5/49.2MB heapLimit=4095.8MB cpuPercent=0.1
[9/28/2026, 8:53:10 AM.926] [Info] [pid=4484] [WorkflowMemProbe] tick runId=(none) | rss=87.7MB heap=62.7/64.5MB external=3.9MB arrayBuffers=0MB malloced=0.5/49.2MB heapLimit=4095.8MB cpuPercent=0.1
[9/28/2026, 9:08:52 AM.253] [Info] [pid=4484] [WorkflowMemProbe] tick runId=(none) | rss=88.2MB heap=63.1/65MB external=3.9MB arrayBuffers=0MB malloced=0.5/49.2MB heapLimit=4095.8MB cpuPercent=0.0
[9/28/2026, 9:08:52 AM.260] [Info] [pid=4484] [SettingsEndpointProductProvider] resolved endpoint=<unset> env=internal settingScopes=user | settings: enterpriseEndpoint=<unset> endpoint=<unset> envRouteMode=<unset>
[9/28/2026, 9:08:52 AM.272] [Info] [pid=4484] [GitInfoCollector]  CODEBUDDY_GIT_REPO_SCAN_DISABLED 1
[9/28/2026, 9:08:52 AM.272] [Info] [pid=4484] [GitInfoCollector]  Git repository scan is disabled via CODEBUDDY_GIT_REPO_SCAN_DISABLED environment variable
[9/28/2026, 9:08:53 AM.053] [Info] [pid=4484] [CloudProductManager]  fetch cloud product request headers: {"authorization":"***","user-agent":"WorkBuddy/5.6.2 WorkBuddy/5.6.2 CLI/2.147.0","x-domain":"www.workbuddy.cn","x-product":"SaaS","x-request-id":"696b0fa1b92b4d809df41511c96b111f","x-user-id":"fdee3d54-95b6-4e9c-aaff-50ad9505aab4"}
[9/28/2026, 9:08:53 AM.053] [Info] [pid=4484] [CloudProductManager]  fetch cloud product from url:https://www.workbuddy.cn/v3/config success, agents(1): cli, models(53): auto,fast-model,balanced-model,deep-model,hy3,hy3-b,hy3-c,hy3-x,hy4-preview,hy4-preview-f,minimax-m2.5,glm-5v-turbo,glm-5.3,glm-5.3-flash,glm-5.2,glm-5.1,glm-5.0-turbo,glm-4.6v,kimi-k3-1,kimi-k2.8-preview,kimi-k2.7,kimi-k2.6,kimi-k2.5,kimi-k2-thinking,minimax-m3,minimax-m2.7,glm-4.6,deepseek-v4-flash,deepseek-v4.1-flash,deepseek-v4-pro,deepseek-v3-2-volc,deepseek-v3-1-volc,deepseek-v3-1-lkeap,deepseek-v3-1,deepseek-v3-0324-lkeap,deepseek-r1-0528-lkeap,kimi-k2-instruct-taiji,completion-gf,default-1.1,hunyuan-3b,hunyuan-7b-dense,codewise-completions,codewise-rewrite,codewise-nes-a4-027-aide,codewise-jump,deepseek-r1-0528,deepseek-v3-0324-taco-completion,deepseek-v3-0324,default-1.2,hunyuan-2.0-instruct,hunyuan-chat,hunyuan-image-alpha,hunyuan-image-alpha-edit, cli agent models(16): auto,hy4-preview-f,hy3,hy3-x,deepseek-v4.1-flash,glm-5.3,glm-5.3-flash,glm-5.2,glm-5.1,glm-5v-turbo,minimax-m3,kimi-k3-1,kimi-k2.8-preview,kimi-k2.7,kimi-k2.6,deepseek-v4-pro
[9/28/2026, 9:08:53 AM.053] [Info] [pid=4484] [CloudProductManager]  Fetched configuration from remote [787ms]
[9/28/2026, 9:08:53 AM.056] [Info] [pid=4484] [PluginsProductProvider.provide] active=8, ids=[weixinpay@workbuddy-builtin,tencent-docs-plugin@workbuddy-builtin,sheetagent@workbuddy-builtin,tencent-pptx@workbuddy-builtin,tencent-docx@workbuddy-builtin,agent-browser@codebuddy-plugins-official,find-skills@codebuddy-plugins-official,finance-data@cb_teams_marketplace]
[9/28/2026, 9:08:53 AM.057] [Info] [pid=4484] [MCP][cacheDbg] getConnectedServers() called: nonInteractive=true waitForSettle=false cacheNow=[] allServers=[]
[9/28/2026, 9:08:53 AM.057] [Info] [pid=4484] [MCP][cacheDbg] getConnectedServers() returning: [] (size=0)
[9/28/2026, 9:08:53 AM.065] [Info] [pid=4484] [CustomModelsProductProvider] productName=WorkBuddy, isWorkBuddy=true, userConfigPath=/Users/didi/.workbuddy/models.json
[9/28/2026, 9:08:53 AM.065] [Info] [pid=4484] Loaded custom models config from user: /Users/didi/.workbuddy/models.json
[9/28/2026, 9:08:53 AM.066] [Info] [pid=4484] [ModelsProductProvider] enterpriseId: undefined, endpoint: https://www.workbuddy.cn
[9/28/2026, 9:08:53 AM.066] [Warning] [pid=4484] [ModelsProductProvider] enterpriseId is missing, skipping models API call
[9/28/2026, 9:08:53 AM.066] [Info] [pid=4484] [AgentModelResolver] product config input: 53 models, 23 agents
[9/28/2026, 9:08:53 AM.085] [Info] [pid=4484] [PluginPolicyService]  [MergedPlugins][DEBUG] ProductManager.onDidChange fired, reloading policies...
[9/28/2026, 9:08:53 AM.085] [Info] [pid=4484] [PluginPolicyService]  [MergedPlugins][DEBUG] Current config builtInMarketPluginsMerge: [{"autoEnable":true,"marketplaceName":"codebuddy-plugins-official","name":"agent-browser","scope":"user"}]
[9/28/2026, 9:08:53 AM.085] [Info] [pid=4484] [PluginPolicyService]  [MergedPlugins] Loaded 1 merged plugin entries
[9/28/2026, 9:08:53 AM.086] [Info] [pid=4484] [Startup] AgentManager.rebuildAgents: START
[9/28/2026, 9:08:53 AM.088] [Info] [pid=4484] [AgentManager] runtime cli agent view ready: 27 agents (used for registration and Agent tool descriptions)
[9/28/2026, 9:08:53 AM.088] [Info] [pid=4484] [Startup] McpReadyService.waitForServersReady: config projection triggered; network connections continue asynchronously
[9/28/2026, 9:08:53 AM.088] [Info] [pid=4484] [Startup] McpReadyService.waitForServersReady: config projection triggered; network connections continue asynchronously
[9/28/2026, 9:08:53 AM.089] [Info] [pid=4484] [Startup] McpReadyService.waitForServersReady: config projection triggered; network connections continue asynchronously
[9/28/2026, 9:08:53 AM.089] [Info] [pid=4484] [MCP][cacheDbg] getConnectedServers() called: nonInteractive=true waitForSettle=false cacheNow=[] allServers=[]
[9/28/2026, 9:08:53 AM.089] [Info] [pid=4484] [MCP][cacheDbg] getConnectedServers() returning: [] (size=0)
[9/28/2026, 9:08:53 AM.089] [Info] [pid=4484] [Startup] McpReadyService.waitForServersReady: config projection triggered; network connections continue asynchronously
[9/28/2026, 9:08:53 AM.089] [Info] [pid=4484] [Startup] McpReadyService.waitForServersReady: config projection triggered; network connections continue asynchronously
[9/28/2026, 9:08:53 AM.090] [Info] [pid=4484] [Startup] McpManager.list: starting (scope=all)
[9/28/2026, 9:08:53 AM.090] [Info] [pid=4484] [Startup] McpManager.list: starting (scope=all)
[9/28/2026, 9:08:53 AM.090] [Info] [pid=4484] [Startup] McpManager.list: starting (scope=all)
[9/28/2026, 9:08:53 AM.090] [Info] [pid=4484] [Startup] McpReadyService.waitForServersReady: config projection triggered; network connections continue asynchronously
[9/28/2026, 9:08:53 AM.090] [Info] [pid=4484] [Startup] McpReadyService.waitForServersReady: config projection triggered; network connections continue asynchronously
[9/28/2026, 9:08:53 AM.091] [Info] [pid=4484] [Startup] McpReadyService.waitForServersReady: config projection triggered; network connections continue asynchronously
[9/28/2026, 9:08:53 AM.091] [Info] [pid=4484] [Startup] McpManager.list: starting (scope=all)
[9/28/2026, 9:08:53 AM.091] [Info] [pid=4484] [Startup] McpManager.list: starting (scope=all)
[9/28/2026, 9:08:53 AM.091] [Info] [pid=4484] [MCP][cacheDbg] getConnectedServers() called: nonInteractive=true waitForSettle=false cacheNow=[] allServers=[]
[9/28/2026, 9:08:53 AM.091] [Info] [pid=4484] [MCP][cacheDbg] getConnectedServers() returning: [] (size=0)
[9/28/2026, 9:08:53 AM.091] [Info] [pid=4484] [MCP][cacheDbg] getConnectedServers() called: nonInteractive=true waitForSettle=false cacheNow=[] allServers=[]
[9/28/2026, 9:08:53 AM.091] [Info] [pid=4484] [MCP][cacheDbg] getConnectedServers() returning: [] (size=0)
[9/28/2026, 9:08:53 AM.091] [Info] [pid=4484] [MCP][cacheDbg] getConnectedServers() called: nonInteractive=true waitForSettle=false cacheNow=[] allServers=[]
[9/28/2026, 9:08:53 AM.091] [Info] [pid=4484] [MCP][cacheDbg] getConnectedServers() returning: [] (size=0)
[9/28/2026, 9:08:53 AM.091] [Info] [pid=4484] [Startup] McpManager.list: starting (scope=all)
[9/28/2026, 9:08:53 AM.091] [Info] [pid=4484] [Startup] McpManager.list: starting (scope=all)
[9/28/2026, 9:08:53 AM.092] [Info] [pid=4484] [Startup] McpManager.list: starting (scope=all)
[9/28/2026, 9:08:53 AM.092] [Info] [pid=4484] [MCP][cacheDbg] getConnectedServers() called: nonInteractive=true waitForSettle=false cacheNow=[] allServers=[]
[9/28/2026, 9:08:53 AM.092] [Info] [pid=4484] [MCP][cacheDbg] getConnectedServers() returning: [] (size=0)
[9/28/2026, 9:08:53 AM.092] [Info] [pid=4484] [MCP][cacheDbg] getConnectedServers() called: nonInteractive=true waitForSettle=false cacheNow=[] allServers=[]
[9/28/2026, 9:08:53 AM.092] [Info] [pid=4484] [MCP][cacheDbg] getConnectedServers() returning: [] (size=0)
[9/28/2026, 9:08:53 AM.092] [Info] [pid=4484] [MCP][buildMcpServers] wait breakdown: waitForServersReady=1ms getConnectedServers=1ms
[9/28/2026, 9:08:53 AM.092] [Info] [pid=4484] [MCP][buildMcpServers] connected servers=[] (count=0)
[9/28/2026, 9:08:53 AM.092] [Info] [pid=4484] [MCP][buildMcpServers] wait breakdown: waitForServersReady=1ms getConnectedServers=1ms
[9/28/2026, 9:08:53 AM.092] [Info] [pid=4484] [MCP][buildMcpServers] connected servers=[] (count=0)
[9/28/2026, 9:08:53 AM.092] [Info] [pid=4484] [MCP][buildMcpServers] wait breakdown: waitForServersReady=1ms getConnectedServers=1ms
[9/28/2026, 9:08:53 AM.092] [Info] [pid=4484] [MCP][buildMcpServers] connected servers=[] (count=0)
[9/28/2026, 9:08:53 AM.092] [Info] [pid=4484] [MCP][cacheDbg] getConnectedServers() called: nonInteractive=true waitForSettle=false cacheNow=[] allServers=[]
[9/28/2026, 9:08:53 AM.092] [Info] [pid=4484] [MCP][cacheDbg] getConnectedServers() returning: [] (size=0)
[9/28/2026, 9:08:53 AM.092] [Info] [pid=4484] [MCP][cacheDbg] getConnectedServers() called: nonInteractive=true waitForSettle=false cacheNow=[] allServers=[]
[9/28/2026, 9:08:53 AM.092] [Info] [pid=4484] [MCP][cacheDbg] getConnectedServers() returning: [] (size=0)
[9/28/2026, 9:08:53 AM.092] [Info] [pid=4484] [MCP][cacheDbg] getConnectedServers() called: nonInteractive=true waitForSettle=false cacheNow=[] allServers=[]
[9/28/2026, 9:08:53 AM.092] [Info] [pid=4484] [MCP][cacheDbg] getConnectedServers() returning: [] (size=0)
[9/28/2026, 9:08:53 AM.092] [Info] [pid=4484] [MCP][buildMcpServers] wait breakdown: waitForServersReady=1ms getConnectedServers=0ms
[9/28/2026, 9:08:53 AM.092] [Info] [pid=4484] [MCP][buildMcpServers] connected servers=[] (count=0)
[9/28/2026, 9:08:53 AM.092] [Info] [pid=4484] [MCP][buildMcpServers] wait breakdown: waitForServersReady=1ms getConnectedServers=0ms
[9/28/2026, 9:08:53 AM.092] [Info] [pid=4484] [MCP][buildMcpServers] connected servers=[] (count=0)
[9/28/2026, 9:08:53 AM.092] [Info] [pid=4484] [MCP][buildMcpServers] wait breakdown: waitForServersReady=1ms getConnectedServers=1ms
[9/28/2026, 9:08:53 AM.092] [Info] [pid=4484] [MCP][buildMcpServers] connected servers=[] (count=0)
[9/28/2026, 9:08:53 AM.093] [Info] [pid=4484] [MCP][buildMcpServers] wait breakdown: waitForServersReady=1ms getConnectedServers=1ms
[9/28/2026, 9:08:53 AM.093] [Info] [pid=4484] [MCP][buildMcpServers] connected servers=[] (count=0)
[9/28/2026, 9:08:53 AM.093] [Info] [pid=4484] [MCP][buildMcpServers] wait breakdown: waitForServersReady=1ms getConnectedServers=1ms
[9/28/2026, 9:08:53 AM.093] [Info] [pid=4484] [MCP][buildMcpServers] connected servers=[] (count=0)
[9/28/2026, 9:08:53 AM.093] [Info] [pid=4484] [MCP][registerAgent] agent=contextSummary mcpServers=[] (count=0) grantMcpAccess=false
[9/28/2026, 9:08:53 AM.093] [Info] [pid=4484] [MCP][registerAgent] agent=contentAnalyzer mcpServers=[] (count=0) grantMcpAccess=false
[9/28/2026, 9:08:53 AM.093] [Info] [pid=4484] [MCP][registerAgent] agent=terminalTitleGenerator mcpServers=[] (count=0) grantMcpAccess=false
[9/28/2026, 9:08:53 AM.093] [Info] [pid=4484] [MCP][registerAgent] agent=promptSuggestion mcpServers=[] (count=0) grantMcpAccess=false
[9/28/2026, 9:08:53 AM.093] [Info] [pid=4484] [MCP][registerAgent] agent=memorySelector mcpServers=[] (count=0) grantMcpAccess=false
[9/28/2026, 9:08:53 AM.093] [Info] [pid=4484] [MCP][registerAgent] agent=summaryGenerator mcpServers=[] (count=0) grantMcpAccess=false
[9/28/2026, 9:08:53 AM.093] [Info] [pid=4484] [MCP][registerAgent] agent=autoModeClassifier mcpServers=[] (count=0) grantMcpAccess=false
[9/28/2026, 9:08:53 AM.093] [Info] [pid=4484] [MCP][registerAgent] agent=promptHookEvaluator mcpServers=[] (count=0) grantMcpAccess=false
[9/28/2026, 9:08:53 AM.093] [Info] [pid=4484] [MCP][registerAgent] agent=insightsAnalyzer mcpServers=[] (count=0) grantMcpAccess=false
[9/28/2026, 9:08:53 AM.093] [Info] [pid=4484] [MCP][registerAgent] agent=agentInstructions mcpServers=[] (count=0) grantMcpAccess=false
[9/28/2026, 9:08:53 AM.095] [Info] [pid=4484] [Startup] McpManager.list: starting (scope=all)
[9/28/2026, 9:08:53 AM.097] [Info] [pid=4484] [MCP][cacheDbg] getConnectedServers() called: nonInteractive=true waitForSettle=false cacheNow=[] allServers=[]
[9/28/2026, 9:08:53 AM.097] [Info] [pid=4484] [MCP][cacheDbg] getConnectedServers() returning: [] (size=0)
[9/28/2026, 9:08:53 AM.098] [Info] [pid=4484] [McpResourceCatalog] resource capability: declared=[] knownFromCache=[] connected=0 -> enabled=false
[9/28/2026, 9:08:53 AM.099] [Info] [pid=4484] [Startup] McpConfigManager.list: loading scope=internal
[9/28/2026, 9:08:53 AM.099] [Info] [pid=4484] [Startup] McpConfigManager.list: scope=internal cache hit (0ms)
[9/28/2026, 9:08:53 AM.099] [Info] [pid=4484] [Startup] McpConfigManager.list: loading scope=internal
[9/28/2026, 9:08:53 AM.099] [Info] [pid=4484] [Startup] McpConfigManager.list: scope=internal cache hit (0ms)
[9/28/2026, 9:08:53 AM.099] [Info] [pid=4484] [MCP][cacheDbg] getConnectedServers() called: nonInteractive=true waitForSettle=false cacheNow=[] allServers=[]
[9/28/2026, 9:08:53 AM.099] [Info] [pid=4484] [MCP][cacheDbg] getConnectedServers() returning: [] (size=0)
[9/28/2026, 9:08:53 AM.099] [Info] [pid=4484] [MCP][cacheDbg] getConnectedServers() called: nonInteractive=true waitForSettle=false cacheNow=[] allServers=[]
[9/28/2026, 9:08:53 AM.099] [Info] [pid=4484] [MCP][cacheDbg] getConnectedServers() returning: [] (size=0)
[9/28/2026, 9:08:53 AM.099] [Info] [pid=4484] [MCP][cacheDbg] getConnectedServers() called: nonInteractive=true waitForSettle=false cacheNow=[] allServers=[]
[9/28/2026, 9:08:53 AM.099] [Info] [pid=4484] [MCP][cacheDbg] getConnectedServers() returning: [] (size=0)
[9/28/2026, 9:08:53 AM.099] [Info] [pid=4484] [MCP][cacheDbg] getConnectedServers() called: nonInteractive=true waitForSettle=false cacheNow=[] allServers=[]
[9/28/2026, 9:08:53 AM.099] [Info] [pid=4484] [MCP][cacheDbg] getConnectedServers() returning: [] (size=0)
[9/28/2026, 9:08:53 AM.099] [Info] [pid=4484] [Startup] McpConfigManager.list: loading scope=sdk
[9/28/2026, 9:08:53 AM.099] [Info] [pid=4484] [Startup] McpConfigManager.list: scope=sdk cache hit (0ms)
[9/28/2026, 9:08:53 AM.099] [Info] [pid=4484] [Startup] McpConfigManager.list: loading scope=sdk
[9/28/2026, 9:08:53 AM.099] [Info] [pid=4484] [Startup] McpConfigManager.list: scope=sdk cache hit (0ms)
[9/28/2026, 9:08:53 AM.100] [Info] [pid=4484] [MCP][cacheDbg] getConnectedServers() called: nonInteractive=true waitForSettle=false cacheNow=[] allServers=[]
[9/28/2026, 9:08:53 AM.100] [Info] [pid=4484] [MCP][cacheDbg] getConnectedServers() returning: [] (size=0)
[9/28/2026, 9:08:53 AM.100] [Info] [pid=4484] [MCP][cacheDbg] getConnectedServers() called: nonInteractive=true waitForSettle=false cacheNow=[] allServers=[]
[9/28/2026, 9:08:53 AM.100] [Info] [pid=4484] [MCP][cacheDbg] getConnectedServers() returning: [] (size=0)
[9/28/2026, 9:08:53 AM.100] [Info] [pid=4484] [McpResourceCatalog] resource capability: declared=[] knownFromCache=[] connected=0 -> enabled=false
[9/28/2026, 9:08:53 AM.100] [Info] [pid=4484] [McpResourceCatalog] resource capability: declared=[] knownFromCache=[] connected=0 -> enabled=false
[9/28/2026, 9:08:53 AM.100] [Info] [pid=4484] [McpResourceCatalog] resource capability: declared=[] knownFromCache=[] connected=0 -> enabled=false
[9/28/2026, 9:08:53 AM.100] [Info] [pid=4484] [McpResourceCatalog] resource capability: declared=[] knownFromCache=[] connected=0 -> enabled=false
[9/28/2026, 9:08:53 AM.100] [Info] [pid=4484] [Startup] McpConfigManager.list: loading scope=plugin
[9/28/2026, 9:08:53 AM.100] [Info] [pid=4484] [Startup] McpConfigManager.list: scope=plugin blocked by strict MCP config
[9/28/2026, 9:08:53 AM.100] [Info] [pid=4484] [Startup] McpConfigManager.list: loading scope=plugin
[9/28/2026, 9:08:53 AM.100] [Info] [pid=4484] [Startup] McpConfigManager.list: scope=plugin blocked by strict MCP config
[9/28/2026, 9:08:53 AM.100] [Info] [pid=4484] [MCP][cacheDbg] getConnectedServers() called: nonInteractive=true waitForSettle=false cacheNow=[] allServers=[]
[9/28/2026, 9:08:53 AM.100] [Info] [pid=4484] [MCP][cacheDbg] getConnectedServers() returning: [] (size=0)
[9/28/2026, 9:08:53 AM.100] [Info] [pid=4484] [MCP][cacheDbg] getConnectedServers() called: nonInteractive=true waitForSettle=false cacheNow=[] allServers=[]
[9/28/2026, 9:08:53 AM.100] [Info] [pid=4484] [MCP][cacheDbg] getConnectedServers() returning: [] (size=0)
[9/28/2026, 9:08:53 AM.100] [Info] [pid=4484] [MCP][cacheDbg] getConnectedServers() called: nonInteractive=true waitForSettle=false cacheNow=[] allServers=[]
[9/28/2026, 9:08:53 AM.100] [Info] [pid=4484] [MCP][cacheDbg] getConnectedServers() returning: [] (size=0)
[9/28/2026, 9:08:53 AM.100] [Info] [pid=4484] [MCP][cacheDbg] getConnectedServers() called: nonInteractive=true waitForSettle=false cacheNow=[] allServers=[]
[9/28/2026, 9:08:53 AM.100] [Info] [pid=4484] [MCP][cacheDbg] getConnectedServers() returning: [] (size=0)
[9/28/2026, 9:08:53 AM.100] [Info] [pid=4484] [MCP][cacheDbg] getConnectedServers() called: nonInteractive=true waitForSettle=false cacheNow=[] allServers=[]
[9/28/2026, 9:08:53 AM.100] [Info] [pid=4484] [MCP][cacheDbg] getConnectedServers() returning: [] (size=0)
[9/28/2026, 9:08:53 AM.100] [Info] [pid=4484] [MCP][cacheDbg] getConnectedServers() called: nonInteractive=true waitForSettle=false cacheNow=[] allServers=[]
[9/28/2026, 9:08:53 AM.100] [Info] [pid=4484] [MCP][cacheDbg] getConnectedServers() returning: [] (size=0)
[9/28/2026, 9:08:53 AM.100] [Info] [pid=4484] [McpResourceCatalog] resource capability: declared=[] knownFromCache=[] connected=0 -> enabled=false
[9/28/2026, 9:08:53 AM.100] [Info] [pid=4484] [McpResourceCatalog] resource capability: declared=[] knownFromCache=[] connected=0 -> enabled=false
[9/28/2026, 9:08:53 AM.100] [Info] [pid=4484] [Startup] McpConfigManager.list: loading scope=user
[9/28/2026, 9:08:53 AM.100] [Info] [pid=4484] [Startup] McpConfigManager.list: scope=user blocked by strict MCP config
[9/28/2026, 9:08:53 AM.100] [Info] [pid=4484] [Startup] McpConfigManager.list: loading scope=user
[9/28/2026, 9:08:53 AM.100] [Info] [pid=4484] [Startup] McpConfigManager.list: scope=user blocked by strict MCP config
[9/28/2026, 9:08:53 AM.100] [Info] [pid=4484] [McpResourceCatalog] resource capability: declared=[] knownFromCache=[] connected=0 -> enabled=false
[9/28/2026, 9:08:53 AM.100] [Info] [pid=4484] [McpResourceCatalog] resource capability: declared=[] knownFromCache=[] connected=0 -> enabled=false
[9/28/2026, 9:08:53 AM.100] [Info] [pid=4484] [McpResourceCatalog] resource capability: declared=[] knownFromCache=[] connected=0 -> enabled=false
[9/28/2026, 9:08:53 AM.100] [Info] [pid=4484] [McpResourceCatalog] resource capability: declared=[] knownFromCache=[] connected=0 -> enabled=false
[9/28/2026, 9:08:53 AM.100] [Info] [pid=4484] [McpResourceCatalog] resource capability: declared=[] knownFromCache=[] connected=0 -> enabled=false
[9/28/2026, 9:08:53 AM.100] [Info] [pid=4484] [McpResourceCatalog] resource capability: declared=[] knownFromCache=[] connected=0 -> enabled=false
[9/28/2026, 9:08:53 AM.100] [Info] [pid=4484] [Startup] McpConfigManager.list: loading scope=project
[9/28/2026, 9:08:53 AM.100] [Info] [pid=4484] [Startup] McpConfigManager.list: scope=project blocked by strict MCP config
[9/28/2026, 9:08:53 AM.100] [Info] [pid=4484] [Startup] McpConfigManager.list: loading scope=internal
[9/28/2026, 9:08:53 AM.100] [Info] [pid=4484] [Startup] McpConfigManager.list: scope=internal cache hit (0ms)
[9/28/2026, 9:08:53 AM.100] [Info] [pid=4484] [Startup] McpConfigManager.list: loading scope=project
[9/28/2026, 9:08:53 AM.100] [Info] [pid=4484] [Startup] McpConfigManager.list: scope=project blocked by strict MCP config
[9/28/2026, 9:08:53 AM.100] [Info] [pid=4484] [Startup] McpConfigManager.list: loading scope=local
[9/28/2026, 9:08:53 AM.100] [Info] [pid=4484] [Startup] McpConfigManager.list: scope=local blocked by strict MCP config
[9/28/2026, 9:08:53 AM.100] [Info] [pid=4484] [Startup] McpConfigManager.list: loading scope=sdk
[9/28/2026, 9:08:53 AM.100] [Info] [pid=4484] [Startup] McpConfigManager.list: scope=sdk cache hit (0ms)
[9/28/2026, 9:08:53 AM.100] [Info] [pid=4484] [Startup] McpConfigManager.list: loading scope=local
[9/28/2026, 9:08:53 AM.100] [Info] [pid=4484] [Startup] McpConfigManager.list: scope=local blocked by strict MCP config
[9/28/2026, 9:08:53 AM.100] [Info] [pid=4484] [SkillManageTool.isEnabled] ProductFeature.SkillManage=false, enabled=false, allFeatures={"GenerateCommitMessage":true,"InlineCompletions":true,"InlineChat":false,"CursorPositonPrefetching":true,"CompletionsPrefetching":true,"CompletionsResultFusion":true,"MultiFileWithPromptParam":false,"MultiFileWithSeparateParams":false,"CRLFCompatible":true,"TrimByIndentation":true,"MultiStepCompletions":false,"RemoveBelowExist":true,"CompletionsRelatedSnippets":true,"StatusBar":false,"CodeAction":true,"FloatShortcut":true,"CodeLens":true,"UseDefaultModelIfCurrentNotInList":false,"Mcp":true,"McpMarket":true,"MemoryManagement":true,"McpInstallationGuide":true,"SelectImage":true,"Aegis":false,"ProposalAPI":false,"NESNativeRenderer":false,"SwitchBySession":true,"AutoMode":true,"Billing":true,"InternationalLogin":true,"NesCompletions":false,"NesDocumentActiveChangeTrigger":false,"NesCompletionsPrefetching":true,"NESPrefetchingAfterEmptyCompletion":true,"TriggerNESAfterCompletionHasBeenAccepted":true,"NesRepeatFilter":false,"NesRepeatFilterV2":true,"NesRangeFix":false,"NesCompletionsJumpToHere":true,"ImportMetadataForCompletions":true,"CBChatUI":true,"CompletionItemsForCompletions":true,"WebFetch":true,"SummaryWebFetch":true,"WebSearch":true,"DynamicAddWebSearch":true,"Task":true,"EnhancedCompletionRequest":false,"ReportAfterCancel":false,"RequestBodyGzip":true,"StandaloneTerminal":true,"Skills":true,"SkillSecurityScan":true,"SelectComponent":true,"UIComponentLibrary":true,"CustomModelsJSON":true,"ImageGen":true,"FileDiffHistory":false,"Inspiration":false,"Connector":true,"Agents":true,"BillingNotice":false,"CloudAgentsSmartMerge":true,"CustomModelIdPrefix":true,"DeferToolLoading":true,"ImageEdit":false,"VideoGen":true,"ScheduledTasks":true,"SkillManage":false,"SkipToolCallSupportCheck":false,"EnableEnterpriseCustomModelPolicy":true,"EnableEnterpriseSkillUploadPolicy":true,"WeixinPayInterception":true,"HomePracticeCases":false,"EnableClientMenuInAppNavigation":false,"ShareLink":true,"Artifact":true,"BrowserUse":false,"ComputerUse":false,"BeforeConversationRecommend":false,"PerfMetrics":true,"SkillRecommend":true,"ProjectLocalTask":true,"DisableCloudSkillSync":true,"DisableCloudExpertSync":true,"CrashReportToggle":true,"MessageQueueDeferredDispatch":true,"NetworkFailover":true,"Sandbox":true,"SandboxFileVersionManagement":false,"KnowledgeBase":true,"TencentDocsKnowledge":true,"TencentPptxBuiltinDefaultEnabled":true,"SystemProxyDetection":true,"TencentLexiangKnowledge":true,"ImaKnowledge":true,"TencentNetDriveKnowledge":true,"ContextSummaryAgent":true,"enablePreMessageCompact":true,"HtmlPreviewShare":true,"EnableArdot":true,"EnableSecurityCenter":true,"DisableIdentityCustomization":true,"AllowIdentityNameEdit":true,"EnableAutoModelTiers":true,"DisableShareFeature":false,"DisablePublishedApps":false,"DisableArchivedTasks":false,"DisableCheckin":false,"DisableActivityBanner":false,"EnableAppearance":true,"DisableCreditsEntry":false,"DisableCreditPurchaseGuide":false,"DisableVoiceInput":false,"EnableWecomAibotCustomWsUrl":true,"ChannelSlack":false,"ChannelTelegram":false,"ChannelDiscord":false,"ChannelWechatKf":true,"DisableYuanbaoChannel":true,"EnableEnterpriseLicenseCheck":true,"EnableClawChannelControl":true,"PoiMap":false,"QuickQa":false,"ShowAboutQRCodes":true,"AgentMail":true,"ChatPromptFrictionAnalysis":true,"CodeAdoptionRate":false,"Codebase":false,"DesktopCloudTaskEntry":true,"DisableHtmlStreamUIShow":true,"EnableMobileConnectV2":true,"EnableWechatShareFile":false,"ExploreFeature":false,"HomePlaybooks":true,"MaxMode":true,"Space":true,"TencentDesignX":true,"TencentDocsAiEdit":true,"TencentDocsAiEditEnterprise":true,"TodoAssistantDelegate":false,"WebBrowserFetch":true}
[9/28/2026, 9:08:53 AM.100] [Info] [pid=4484] [SkillManageTool.isEnabled] ProductFeature.SkillManage=false, enabled=false, allFeatures={"GenerateCommitMessage":true,"InlineCompletions":true,"InlineChat":false,"CursorPositonPrefetching":true,"CompletionsPrefetching":true,"CompletionsResultFusion":true,"MultiFileWithPromptParam":false,"MultiFileWithSeparateParams":false,"CRLFCompatible":true,"TrimByIndentation":true,"MultiStepCompletions":false,"RemoveBelowExist":true,"CompletionsRelatedSnippets":true,"StatusBar":false,"CodeAction":true,"FloatShortcut":true,"CodeLens":true,"UseDefaultModelIfCurrentNotInList":false,"Mcp":true,"McpMarket":true,"MemoryManagement":true,"McpInstallationGuide":true,"SelectImage":true,"Aegis":false,"ProposalAPI":false,"NESNativeRenderer":false,"SwitchBySession":true,"AutoMode":true,"Billing":true,"InternationalLogin":true,"NesCompletions":false,"NesDocumentActiveChangeTrigger":false,"NesCompletionsPrefetching":true,"NESPrefetchingAfterEmptyCompletion":true,"TriggerNESAfterCompletionHasBeenAccepted":true,"NesRepeatFilter":false,"NesRepeatFilterV2":true,"NesRangeFix":false,"NesCompletionsJumpToHere":true,"ImportMetadataForCompletions":true,"CBChatUI":true,"CompletionItemsForCompletions":true,"WebFetch":true,"SummaryWebFetch":true,"WebSearch":true,"DynamicAddWebSearch":true,"Task":true,"EnhancedCompletionRequest":false,"ReportAfterCancel":false,"RequestBodyGzip":true,"StandaloneTerminal":true,"Skills":true,"SkillSecurityScan":true,"SelectComponent":true,"UIComponentLibrary":true,"CustomModelsJSON":true,"ImageGen":true,"FileDiffHistory":false,"Inspiration":false,"Connector":true,"Agents":true,"BillingNotice":false,"CloudAgentsSmartMerge":true,"CustomModelIdPrefix":true,"DeferToolLoading":true,"ImageEdit":false,"VideoGen":true,"ScheduledTasks":true,"SkillManage":false,"SkipToolCallSupportCheck":false,"EnableEnterpriseCustomModelPolicy":true,"EnableEnterpriseSkillUploadPolicy":true,"WeixinPayInterception":true,"HomePracticeCases":false,"EnableClientMenuInAppNavigation":false,"ShareLink":true,"Artifact":true,"BrowserUse":false,"ComputerUse":false,"BeforeConversationRecommend":false,"PerfMetrics":true,"SkillRecommend":true,"ProjectLocalTask":true,"DisableCloudSkillSync":true,"DisableCloudExpertSync":true,"CrashReportToggle":true,"MessageQueueDeferredDispatch":true,"NetworkFailover":true,"Sandbox":true,"SandboxFileVersionManagement":false,"KnowledgeBase":true,"TencentDocsKnowledge":true,"TencentPptxBuiltinDefaultEnabled":true,"SystemProxyDetection":true,"TencentLexiangKnowledge":true,"ImaKnowledge":true,"TencentNetDriveKnowledge":true,"ContextSummaryAgent":true,"enablePreMessageCompact":true,"HtmlPreviewShare":true,"EnableArdot":true,"EnableSecurityCenter":true,"DisableIdentityCustomization":true,"AllowIdentityNameEdit":true,"EnableAutoModelTiers":true,"DisableShareFeature":false,"DisablePublishedApps":false,"DisableArchivedTasks":false,"DisableCheckin":false,"DisableActivityBanner":false,"EnableAppearance":true,"DisableCreditsEntry":false,"DisableCreditPurchaseGuide":false,"DisableVoiceInput":false,"EnableWecomAibotCustomWsUrl":true,"ChannelSlack":false,"ChannelTelegram":false,"ChannelDiscord":false,"ChannelWechatKf":true,"DisableYuanbaoChannel":true,"EnableEnterpriseLicenseCheck":true,"EnableClawChannelControl":true,"PoiMap":false,"QuickQa":false,"ShowAboutQRCodes":true,"AgentMail":true,"ChatPromptFrictionAnalysis":true,"CodeAdoptionRate":false,"Codebase":false,"DesktopCloudTaskEntry":true,"DisableHtmlStreamUIShow":true,"EnableMobileConnectV2":true,"EnableWechatShareFile":false,"ExploreFeature":false,"HomePlaybooks":true,"MaxMode":true,"Space":true,"TencentDesignX":true,"TencentDocsAiEdit":true,"TencentDocsAiEditEnterprise":true,"TodoAssistantDelegate":false,"WebBrowserFetch":true}
[9/28/2026, 9:08:53 AM.100] [Info] [pid=4484] [SkillManageTool.isEnabled] ProductFeature.SkillManage=false, enabled=false, allFeatures={"GenerateCommitMessage":true,"InlineCompletions":true,"InlineChat":false,"CursorPositonPrefetching":true,"CompletionsPrefetching":true,"CompletionsResultFusion":true,"MultiFileWithPromptParam":false,"MultiFileWithSeparateParams":false,"CRLFCompatible":true,"TrimByIndentation":true,"MultiStepCompletions":false,"RemoveBelowExist":true,"CompletionsRelatedSnippets":true,"StatusBar":false,"CodeAction":true,"FloatShortcut":true,"CodeLens":true,"UseDefaultModelIfCurrentNotInList":false,"Mcp":true,"McpMarket":true,"MemoryManagement":true,"McpInstallationGuide":true,"SelectImage":true,"Aegis":false,"ProposalAPI":false,"NESNativeRenderer":false,"SwitchBySession":true,"AutoMode":true,"Billing":true,"InternationalLogin":true,"NesCompletions":false,"NesDocumentActiveChangeTrigger":false,"NesCompletionsPrefetching":true,"NESPrefetchingAfterEmptyCompletion":true,"TriggerNESAfterCompletionHasBeenAccepted":true,"NesRepeatFilter":false,"NesRepeatFilterV2":true,"NesRangeFix":false,"NesCompletionsJumpToHere":true,"ImportMetadataForCompletions":true,"CBChatUI":true,"CompletionItemsForCompletions":true,"WebFetch":true,"SummaryWebFetch":true,"WebSearch":true,"DynamicAddWebSearch":true,"Task":true,"EnhancedCompletionRequest":false,"ReportAfterCancel":false,"RequestBodyGzip":true,"StandaloneTerminal":true,"Skills":true,"SkillSecurityScan":true,"SelectComponent":true,"UIComponentLibrary":true,"CustomModelsJSON":true,"ImageGen":true,"FileDiffHistory":false,"Inspiration":false,"Connector":true,"Agents":true,"BillingNotice":false,"CloudAgentsSmartMerge":true,"CustomModelIdPrefix":true,"DeferToolLoading":true,"ImageEdit":false,"VideoGen":true,"ScheduledTasks":true,"SkillManage":false,"SkipToolCallSupportCheck":false,"EnableEnterpriseCustomModelPolicy":true,"EnableEnterpriseSkillUploadPolicy":true,"WeixinPayInterception":true,"HomePracticeCases":false,"EnableClientMenuInAppNavigation":false,"ShareLink":true,"Artifact":true,"BrowserUse":false,"ComputerUse":false,"BeforeConversationRecommend":false,"PerfMetrics":true,"SkillRecommend":true,"ProjectLocalTask":true,"DisableCloudSkillSync":true,"DisableCloudExpertSync":true,"CrashReportToggle":true,"MessageQueueDeferredDispatch":true,"NetworkFailover":true,"Sandbox":true,"SandboxFileVersionManagement":false,"KnowledgeBase":true,"TencentDocsKnowledge":true,"TencentPptxBuiltinDefaultEnabled":true,"SystemProxyDetection":true,"TencentLexiangKnowledge":true,"ImaKnowledge":true,"TencentNetDriveKnowledge":true,"ContextSummaryAgent":true,"enablePreMessageCompact":true,"HtmlPreviewShare":true,"EnableArdot":true,"EnableSecurityCenter":true,"DisableIdentityCustomization":true,"AllowIdentityNameEdit":true,"EnableAutoModelTiers":true,"DisableShareFeature":false,"DisablePublishedApps":false,"DisableArchivedTasks":false,"DisableCheckin":false,"DisableActivityBanner":false,"EnableAppearance":true,"DisableCreditsEntry":false,"DisableCreditPurchaseGuide":false,"DisableVoiceInput":false,"EnableWecomAibotCustomWsUrl":true,"ChannelSlack":false,"ChannelTelegram":false,"ChannelDiscord":false,"ChannelWechatKf":true,"DisableYuanbaoChannel":true,"EnableEnterpriseLicenseCheck":true,"EnableClawChannelControl":true,"PoiMap":false,"QuickQa":false,"ShowAboutQRCodes":true,"AgentMail":true,"ChatPromptFrictionAnalysis":true,"CodeAdoptionRate":false,"Codebase":false,"DesktopCloudTaskEntry":true,"DisableHtmlStreamUIShow":true,"EnableMobileConnectV2":true,"EnableWechatShareFile":false,"ExploreFeature":false,"HomePlaybooks":true,"MaxMode":true,"Space":true,"TencentDesignX":true,"TencentDocsAiEdit":true,"TencentDocsAiEditEnterprise":true,"TodoAssistantDelegate":false,"WebBrowserFetch":true}
[9/28/2026, 9:08:53 AM.100] [Info] [pid=4484] [Startup] McpConfigManager.list: loading scope=dynamic
[9/28/2026, 9:08:53 AM.100] [Info] [pid=4484] [Startup] McpConfigManager.list: scope=dynamic cache hit (0ms)
[9/28/2026, 9:08:53 AM.100] [Info] [pid=4484] [Startup] McpConfigManager.list: loading scope=plugin
[9/28/2026, 9:08:53 AM.100] [Info] [pid=4484] [Startup] McpConfigManager.list: scope=plugin blocked by strict MCP config
[9/28/2026, 9:08:53 AM.100] [Info] [pid=4484] [Startup] McpConfigManager.list: loading scope=dynamic
[9/28/2026, 9:08:53 AM.100] [Info] [pid=4484] [Startup] McpConfigManager.list: scope=dynamic cache hit (0ms)
[9/28/2026, 9:08:53 AM.101] [Info] [pid=4484] [Startup] McpConfigManager.list: loading scope=user
[9/28/2026, 9:08:53 AM.101] [Info] [pid=4484] [Startup] McpConfigManager.list: scope=user blocked by strict MCP config
[9/28/2026, 9:08:53 AM.101] [Info] [pid=4484] [Startup] McpConfigManager.list: loading scope=internal
[9/28/2026, 9:08:53 AM.101] [Info] [pid=4484] [Startup] McpConfigManager.list: scope=internal cache hit (0ms)
[9/28/2026, 9:08:53 AM.101] [Info] [pid=4484] [Startup] McpConfigManager.list: loading scope=internal
[9/28/2026, 9:08:53 AM.101] [Info] [pid=4484] [Startup] McpConfigManager.list: scope=internal cache hit (0ms)
[9/28/2026, 9:08:53 AM.101] [Info] [pid=4484] [Startup] McpConfigManager.list: loading scope=project
[9/28/2026, 9:08:53 AM.101] [Info] [pid=4484] [Startup] McpConfigManager.list: scope=project blocked by strict MCP config
[9/28/2026, 9:08:53 AM.101] [Info] [pid=4484] [Startup] McpConfigManager.list: loading scope=internal
[9/28/2026, 9:08:53 AM.101] [Info] [pid=4484] [Startup] McpConfigManager.list: scope=internal cache hit (0ms)
[9/28/2026, 9:08:53 AM.101] [Info] [pid=4484] [Startup] McpConfigManager.list: loading scope=sdk
[9/28/2026, 9:08:53 AM.101] [Info] [pid=4484] [Startup] McpConfigManager.list: scope=sdk cache hit (0ms)
[9/28/2026, 9:08:53 AM.101] [Info] [pid=4484] [Startup] McpConfigManager.list: loading scope=sdk
[9/28/2026, 9:08:53 AM.101] [Info] [pid=4484] [Startup] McpConfigManager.list: scope=sdk cache hit (0ms)
[9/28/2026, 9:08:53 AM.101] [Info] [pid=4484] [Startup] McpManager.list: starting (scope=all)
[9/28/2026, 9:08:53 AM.101] [Info] [pid=4484] [Startup] McpConfigManager.list: loading scope=local
[9/28/2026, 9:08:53 AM.101] [Info] [pid=4484] [Startup] McpConfigManager.list: scope=local blocked by strict MCP config
[9/28/2026, 9:08:53 AM.101] [Info] [pid=4484] [Startup] McpManager.list: starting (scope=all)
[9/28/2026, 9:08:53 AM.101] [Info] [pid=4484] [Startup] McpConfigManager.list: loading scope=sdk
[9/28/2026, 9:08:53 AM.101] [Info] [pid=4484] [Startup] McpConfigManager.list: scope=sdk cache hit (0ms)
[9/28/2026, 9:08:53 AM.101] [Info] [pid=4484] [Startup] McpConfigManager.list: loading scope=plugin
[9/28/2026, 9:08:53 AM.101] [Info] [pid=4484] [Startup] McpConfigManager.list: scope=plugin blocked by strict MCP config
[9/28/2026, 9:08:53 AM.101] [Info] [pid=4484] [Startup] McpConfigManager.list: loading scope=plugin
[9/28/2026, 9:08:53 AM.101] [Info] [pid=4484] [Startup] McpConfigManager.list: scope=plugin blocked by strict MCP config
[9/28/2026, 9:08:53 AM.101] [Info] [pid=4484] [Startup] McpConfigManager.list: loading scope=dynamic
[9/28/2026, 9:08:53 AM.101] [Info] [pid=4484] [Startup] McpConfigManager.list: scope=dynamic cache hit (0ms)
[9/28/2026, 9:08:53 AM.101] [Info] [pid=4484] [SkillManageTool.isEnabled] ProductFeature.SkillManage=false, enabled=false, allFeatures={"GenerateCommitMessage":true,"InlineCompletions":true,"InlineChat":false,"CursorPositonPrefetching":true,"CompletionsPrefetching":true,"CompletionsResultFusion":true,"MultiFileWithPromptParam":false,"MultiFileWithSeparateParams":false,"CRLFCompatible":true,"TrimByIndentation":true,"MultiStepCompletions":false,"RemoveBelowExist":true,"CompletionsRelatedSnippets":true,"StatusBar":false,"CodeAction":true,"FloatShortcut":true,"CodeLens":true,"UseDefaultModelIfCurrentNotInList":false,"Mcp":true,"McpMarket":true,"MemoryManagement":true,"McpInstallationGuide":true,"SelectImage":true,"Aegis":false,"ProposalAPI":false,"NESNativeRenderer":false,"SwitchBySession":true,"AutoMode":true,"Billing":true,"InternationalLogin":true,"NesCompletions":false,"NesDocumentActiveChangeTrigger":false,"NesCompletionsPrefetching":true,"NESPrefetchingAfterEmptyCompletion":true,"TriggerNESAfterCompletionHasBeenAccepted":true,"NesRepeatFilter":false,"NesRepeatFilterV2":true,"NesRangeFix":false,"NesCompletionsJumpToHere":true,"ImportMetadataForCompletions":true,"CBChatUI":true,"CompletionItemsForCompletions":true,"WebFetch":true,"SummaryWebFetch":true,"WebSearch":true,"DynamicAddWebSearch":true,"Task":true,"EnhancedCompletionRequest":false,"ReportAfterCancel":false,"RequestBodyGzip":true,"StandaloneTerminal":true,"Skills":true,"SkillSecurityScan":true,"SelectComponent":true,"UIComponentLibrary":true,"CustomModelsJSON":true,"ImageGen":true,"FileDiffHistory":false,"Inspiration":false,"Connector":true,"Agents":true,"BillingNotice":false,"CloudAgentsSmartMerge":true,"CustomModelIdPrefix":true,"DeferToolLoading":true,"ImageEdit":false,"VideoGen":true,"ScheduledTasks":true,"SkillManage":false,"SkipToolCallSupportCheck":false,"EnableEnterpriseCustomModelPolicy":true,"EnableEnterpriseSkillUploadPolicy":true,"WeixinPayInterception":true,"HomePracticeCases":false,"EnableClientMenuInAppNavigation":false,"ShareLink":true,"Artifact":true,"BrowserUse":false,"ComputerUse":false,"BeforeConversationRecommend":false,"PerfMetrics":true,"SkillRecommend":true,"ProjectLocalTask":true,"DisableCloudSkillSync":true,"DisableCloudExpertSync":true,"CrashReportToggle":true,"MessageQueueDeferredDispatch":true,"NetworkFailover":true,"Sandbox":true,"SandboxFileVersionManagement":false,"KnowledgeBase":true,"TencentDocsKnowledge":true,"TencentPptxBuiltinDefaultEnabled":true,"SystemProxyDetection":true,"TencentLexiangKnowledge":true,"ImaKnowledge":true,"TencentNetDriveKnowledge":true,"ContextSummaryAgent":true,"enablePreMessageCompact":true,"HtmlPreviewShare":true,"EnableArdot":true,"EnableSecurityCenter":true,"DisableIdentityCustomization":true,"AllowIdentityNameEdit":true,"EnableAutoModelTiers":true,"DisableShareFeature":false,"DisablePublishedApps":false,"DisableArchivedTasks":false,"DisableCheckin":false,"DisableActivityBanner":false,"EnableAppearance":true,"DisableCreditsEntry":false,"DisableCreditPurchaseGuide":false,"DisableVoiceInput":false,"EnableWecomAibotCustomWsUrl":true,"ChannelSlack":false,"ChannelTelegram":false,"ChannelDiscord":false,"ChannelWechatKf":true,"DisableYuanbaoChannel":true,"EnableEnterpriseLicenseCheck":true,"EnableClawChannelControl":true,"PoiMap":false,"QuickQa":false,"ShowAboutQRCodes":true,"AgentMail":true,"ChatPromptFrictionAnalysis":true,"CodeAdoptionRate":false,"Codebase":false,"DesktopCloudTaskEntry":true,"DisableHtmlStreamUIShow":true,"EnableMobileConnectV2":true,"EnableWechatShareFile":false,"ExploreFeature":false,"HomePlaybooks":true,"MaxMode":true,"Space":true,"TencentDesignX":true,"TencentDocsAiEdit":true,"TencentDocsAiEditEnterprise":true,"TodoAssistantDelegate":false,"WebBrowserFetch":true}
[9/28/2026, 9:08:53 AM.101] [Info] [pid=4484] [Startup] McpConfigManager.list: loading scope=plugin
[9/28/2026, 9:08:53 AM.101] [Info] [pid=4484] [Startup] McpConfigManager.list: scope=plugin blocked by strict MCP config
[9/28/2026, 9:08:53 AM.101] [Info] [pid=4484] [Startup] McpConfigManager.list: loading scope=user
[9/28/2026, 9:08:53 AM.101] [Info] [pid=4484] [Startup] McpConfigManager.list: scope=user blocked by strict MCP config
[9/28/2026, 9:08:53 AM.101] [Info] [pid=4484] [Startup] McpConfigManager.list: loading scope=user
[9/28/2026, 9:08:53 AM.101] [Info] [pid=4484] [Startup] McpConfigManager.list: scope=user blocked by strict MCP config
[9/28/2026, 9:08:53 AM.101] [Info] [pid=4484] [MCP][registerAgent] agent=compact mcpServers=[] (count=0) grantMcpAccess=false
[9/28/2026, 9:08:53 AM.101] [Info] [pid=4484] [Startup] McpManager.list: starting (scope=all)
[9/28/2026, 9:08:53 AM.101] [Info] [pid=4484] [Startup] McpManager.list: starting (scope=all)
[9/28/2026, 9:08:53 AM.101] [Info] [pid=4484] [MCP][registerAgent] agent=pulse mcpServers=[] (count=0) grantMcpAccess=false
[9/28/2026, 9:08:53 AM.101] [Info] [pid=4484] [MCP][registerAgent] agent=handoff-summary mcpServers=[] (count=0) grantMcpAccess=false
[9/28/2026, 9:08:53 AM.101] [Info] [pid=4484] [MCP][registerAgent] agent=enhance-prompt mcpServers=[] (count=0) grantMcpAccess=false
[9/28/2026, 9:08:53 AM.101] [Info] [pid=4484] [Startup] McpConfigManager.list: loading scope=user
[9/28/2026, 9:08:53 AM.101] [Info] [pid=4484] [Startup] McpConfigManager.list: scope=user blocked by strict MCP config
[9/28/2026, 9:08:53 AM.101] [Info] [pid=4484] [Startup] McpConfigManager.list: loading scope=project
[9/28/2026, 9:08:53 AM.101] [Info] [pid=4484] [Startup] McpConfigManager.list: scope=project blocked by strict MCP config
[9/28/2026, 9:08:53 AM.101] [Info] [pid=4484] [Startup] McpConfigManager.list: loading scope=project
[9/28/2026, 9:08:53 AM.101] [Info] [pid=4484] [Startup] McpConfigManager.list: scope=project blocked by strict MCP config
[9/28/2026, 9:08:53 AM.101] [Info] [pid=4484] [MCP][cacheDbg] getConnectedServers() called: nonInteractive=true waitForSettle=false cacheNow=[] allServers=[]
[9/28/2026, 9:08:53 AM.101] [Info] [pid=4484] [MCP][cacheDbg] getConnectedServers() returning: [] (size=0)
[9/28/2026, 9:08:53 AM.101] [Info] [pid=4484] [Startup] McpConfigManager.list: loading scope=project
[9/28/2026, 9:08:53 AM.101] [Info] [pid=4484] [Startup] McpConfigManager.list: scope=project blocked by strict MCP config
[9/28/2026, 9:08:53 AM.101] [Info] [pid=4484] [Startup] McpConfigManager.list: loading scope=local
[9/28/2026, 9:08:53 AM.101] [Info] [pid=4484] [Startup] McpConfigManager.list: scope=local blocked by strict MCP config
[9/28/2026, 9:08:53 AM.101] [Info] [pid=4484] [Startup] McpConfigManager.list: loading scope=local
[9/28/2026, 9:08:53 AM.101] [Info] [pid=4484] [Startup] McpConfigManager.list: scope=local blocked by strict MCP config
[9/28/2026, 9:08:53 AM.101] [Info] [pid=4484] [Startup] McpManager.list: starting (scope=all)
[9/28/2026, 9:08:53 AM.101] [Info] [pid=4484] [MCP][registerAgent] agent=sheet-agent mcpServers=[] (count=0) grantMcpAccess=true
[9/28/2026, 9:08:53 AM.101] [Info] [pid=4484] [McpResourceCatalog] resource capability: declared=[] knownFromCache=[] connected=0 -> enabled=false
[9/28/2026, 9:08:53 AM.101] [Info] [pid=4484] [Startup] McpConfigManager.list: loading scope=local
[9/28/2026, 9:08:53 AM.101] [Info] [pid=4484] [Startup] McpConfigManager.list: scope=local blocked by strict MCP config
[9/28/2026, 9:08:53 AM.101] [Info] [pid=4484] [Startup] McpConfigManager.list: loading scope=dynamic
[9/28/2026, 9:08:53 AM.101] [Info] [pid=4484] [Startup] McpConfigManager.list: scope=dynamic cache hit (0ms)
[9/28/2026, 9:08:53 AM.101] [Info] [pid=4484] [Startup] McpConfigManager.list: loading scope=dynamic
[9/28/2026, 9:08:53 AM.101] [Info] [pid=4484] [Startup] McpConfigManager.list: scope=dynamic cache hit (0ms)
[9/28/2026, 9:08:53 AM.101] [Info] [pid=4484] [Startup] McpConfigManager.list: loading scope=dynamic
[9/28/2026, 9:08:53 AM.101] [Info] [pid=4484] [Startup] McpConfigManager.list: scope=dynamic cache hit (0ms)
[9/28/2026, 9:08:53 AM.101] [Info] [pid=4484] [Startup] McpManager.list: starting (scope=all)
[9/28/2026, 9:08:53 AM.101] [Info] [pid=4484] [Startup] McpManager.list: starting (scope=all)
[9/28/2026, 9:08:53 AM.101] [Info] [pid=4484] [Startup] McpManager.list: starting (scope=all)
[9/28/2026, 9:08:53 AM.102] [Info] [pid=4484] [Startup] McpManager.list: starting (scope=all)
[9/28/2026, 9:08:53 AM.102] [Info] [pid=4484] [Startup] McpManager.list: starting (scope=all)
[9/28/2026, 9:08:53 AM.102] [Info] [pid=4484] [Startup] McpManager.list: starting (scope=all)
[9/28/2026, 9:08:53 AM.102] [Info] [pid=4484] [Startup] McpConfigManager.list: loading scope=internal
[9/28/2026, 9:08:53 AM.102] [Info] [pid=4484] [Startup] McpConfigManager.list: scope=internal cache hit (0ms)
[9/28/2026, 9:08:53 AM.102] [Info] [pid=4484] [Startup] McpConfigManager.list: loading scope=internal
[9/28/2026, 9:08:53 AM.102] [Info] [pid=4484] [Startup] McpConfigManager.list: scope=internal cache hit (0ms)
[9/28/2026, 9:08:53 AM.102] [Info] [pid=4484] [Startup] McpConfigManager.list: loading scope=internal
[9/28/2026, 9:08:53 AM.102] [Info] [pid=4484] [Startup] McpConfigManager.list: scope=internal cache hit (0ms)
[9/28/2026, 9:08:53 AM.102] [Info] [pid=4484] [Startup] McpManager.list: starting (scope=all)
[9/28/2026, 9:08:53 AM.102] [Info] [pid=4484] [Startup] McpConfigManager.list: loading scope=sdk
[9/28/2026, 9:08:53 AM.102] [Info] [pid=4484] [Startup] McpConfigManager.list: scope=sdk cache hit (0ms)
[9/28/2026, 9:08:53 AM.102] [Info] [pid=4484] [Startup] McpConfigManager.list: loading scope=sdk
[9/28/2026, 9:08:53 AM.102] [Info] [pid=4484] [Startup] McpConfigManager.list: scope=sdk cache hit (0ms)
[9/28/2026, 9:08:53 AM.102] [Info] [pid=4484] [Startup] McpConfigManager.list: loading scope=sdk
[9/28/2026, 9:08:53 AM.102] [Info] [pid=4484] [Startup] McpConfigManager.list: scope=sdk cache hit (0ms)
[9/28/2026, 9:08:53 AM.102] [Info] [pid=4484] [Startup] McpConfigManager.list: loading scope=plugin
[9/28/2026, 9:08:53 AM.102] [Info] [pid=4484] [Startup] McpConfigManager.list: scope=plugin blocked by strict MCP config
[9/28/2026, 9:08:53 AM.102] [Info] [pid=4484] [Startup] McpConfigManager.list: loading scope=plugin
[9/28/2026, 9:08:53 AM.102] [Info] [pid=4484] [Startup] McpConfigManager.list: scope=plugin blocked by strict MCP config
[9/28/2026, 9:08:53 AM.102] [Info] [pid=4484] [Startup] McpConfigManager.list: loading scope=plugin
[9/28/2026, 9:08:53 AM.102] [Info] [pid=4484] [Startup] McpConfigManager.list: scope=plugin blocked by strict MCP config
[9/28/2026, 9:08:53 AM.102] [Info] [pid=4484] [Startup] McpConfigManager.list: loading scope=user
[9/28/2026, 9:08:53 AM.102] [Info] [pid=4484] [Startup] McpConfigManager.list: scope=user blocked by strict MCP config
[9/28/2026, 9:08:53 AM.102] [Info] [pid=4484] [Startup] McpConfigManager.list: loading scope=user
[9/28/2026, 9:08:53 AM.102] [Info] [pid=4484] [Startup] McpConfigManager.list: scope=user blocked by strict MCP config
[9/28/2026, 9:08:53 AM.102] [Info] [pid=4484] [Startup] McpConfigManager.list: loading scope=user
[9/28/2026, 9:08:53 AM.102] [Info] [pid=4484] [Startup] McpConfigManager.list: scope=user blocked by strict MCP config
[9/28/2026, 9:08:53 AM.102] [Info] [pid=4484] [AgentManager.getModel] agent='cli' has no explicit model (auto); resolved to first-available='fast-model'
[9/28/2026, 9:08:53 AM.102] [Info] [pid=4484] [Startup] McpConfigManager.list: loading scope=project
[9/28/2026, 9:08:53 AM.102] [Info] [pid=4484] [Startup] McpConfigManager.list: scope=project blocked by strict MCP config
[9/28/2026, 9:08:53 AM.102] [Info] [pid=4484] [Startup] McpConfigManager.list: loading scope=project
[9/28/2026, 9:08:53 AM.102] [Info] [pid=4484] [Startup] McpConfigManager.list: scope=project blocked by strict MCP config
[9/28/2026, 9:08:53 AM.102] [Info] [pid=4484] [Startup] McpConfigManager.list: loading scope=project
[9/28/2026, 9:08:53 AM.102] [Info] [pid=4484] [Startup] McpConfigManager.list: scope=project blocked by strict MCP config
[9/28/2026, 9:08:53 AM.102] [Info] [pid=4484] [Startup] McpConfigManager.list: loading scope=local
[9/28/2026, 9:08:53 AM.102] [Info] [pid=4484] [Startup] McpConfigManager.list: scope=local blocked by strict MCP config
[9/28/2026, 9:08:53 AM.102] [Info] [pid=4484] [Startup] McpConfigManager.list: loading scope=local
[9/28/2026, 9:08:53 AM.102] [Info] [pid=4484] [Startup] McpConfigManager.list: scope=local blocked by strict MCP config
[9/28/2026, 9:08:53 AM.102] [Info] [pid=4484] [Startup] McpConfigManager.list: loading scope=local
[9/28/2026, 9:08:53 AM.102] [Info] [pid=4484] [Startup] McpConfigManager.list: scope=local blocked by strict MCP config
[9/28/2026, 9:08:53 AM.102] [Info] [pid=4484] [MCP][registerAgent] agent=multitask mcpServers=[] (count=0) grantMcpAccess=false
[9/28/2026, 9:08:53 AM.102] [Info] [pid=4484] [Startup] McpConfigManager.list: loading scope=dynamic
[9/28/2026, 9:08:53 AM.102] [Info] [pid=4484] [Startup] McpConfigManager.list: scope=dynamic cache hit (0ms)
[9/28/2026, 9:08:53 AM.102] [Info] [pid=4484] [Startup] McpConfigManager.list: loading scope=dynamic
[9/28/2026, 9:08:53 AM.102] [Info] [pid=4484] [Startup] McpConfigManager.list: scope=dynamic cache hit (0ms)
[9/28/2026, 9:08:53 AM.102] [Info] [pid=4484] [Startup] McpConfigManager.list: loading scope=dynamic
[9/28/2026, 9:08:53 AM.102] [Info] [pid=4484] [Startup] McpConfigManager.list: scope=dynamic cache hit (0ms)
[9/28/2026, 9:08:53 AM.102] [Info] [pid=4484] [Startup] McpManager.list: starting (scope=all)
[9/28/2026, 9:08:53 AM.102] [Info] [pid=4484] [Startup] McpManager.list: starting (scope=all)
[9/28/2026, 9:08:53 AM.102] [Info] [pid=4484] [Startup] McpManager.list: starting (scope=all)
[9/28/2026, 9:08:53 AM.102] [Info] [pid=4484] [Startup] McpManager.list: starting (scope=all)
[9/28/2026, 9:08:53 AM.102] [Info] [pid=4484] [Startup] McpManager.list: starting (scope=all)
[9/28/2026, 9:08:53 AM.102] [Info] [pid=4484] [Startup] McpManager.list: starting (scope=all)
[9/28/2026, 9:08:53 AM.104] [Info] [pid=4484] [MCP][registerAgent] agent=statusline-setup mcpServers=[] (count=0) grantMcpAccess=false
[9/28/2026, 9:08:53 AM.104] [Info] [pid=4484] [MCP][registerAgent] agent=Plan mcpServers=[] (count=0) grantMcpAccess=false
[9/28/2026, 9:08:53 AM.104] [Info] [pid=4484] [MCP][registerAgent] agent=Explore mcpServers=[] (count=0) grantMcpAccess=true
[9/28/2026, 9:08:53 AM.104] [Info] [pid=4484] [MCP][registerAgent] agent=cli mcpServers=[] (count=0) grantMcpAccess=true
[9/28/2026, 9:08:53 AM.104] [Info] [pid=4484] [MCP][registerAgent] agent=general-purpose mcpServers=[] (count=0) grantMcpAccess=true
[9/28/2026, 9:08:53 AM.104] [Info] [pid=4484] [MCP][registerAgent] agent=create mcpServers=[] (count=0) grantMcpAccess=true
[9/28/2026, 9:08:53 AM.104] [Info] [pid=4484] [MCP][registerAgent] agent=doc-converter mcpServers=[] (count=0) grantMcpAccess=true
[9/28/2026, 9:08:53 AM.104] [Info] [pid=4484] [MCP][registerAgent] agent=doc-formatter mcpServers=[] (count=0) grantMcpAccess=true
[9/28/2026, 9:08:53 AM.104] [Info] [pid=4484] [MCP][registerAgent] agent=doc-writer mcpServers=[] (count=0) grantMcpAccess=true
[9/28/2026, 9:08:53 AM.104] [Info] [pid=4484] [MCP][registerAgent] agent=minimal mcpServers=[] (count=0) grantMcpAccess=false
[9/28/2026, 9:08:53 AM.105] [Info] [pid=4484] [MCP][cacheDbg] getConnectedServers() called: nonInteractive=true waitForSettle=false cacheNow=[] allServers=[]
[9/28/2026, 9:08:53 AM.105] [Info] [pid=4484] [MCP][cacheDbg] getConnectedServers() returning: [] (size=0)
[9/28/2026, 9:08:53 AM.105] [Info] [pid=4484] [MCP][registerAgent] agent=ptc mcpServers=[] (count=0) grantMcpAccess=true
[9/28/2026, 9:08:53 AM.105] [Info] [pid=4484] [Startup] AgentManager.rebuildAgents: completed in 33ms, resolving readyDeferred
[9/28/2026, 9:08:53 AM.106] [Info] [pid=4484] [PluginManager]  Checking for built-in marketplaces to install...
[9/28/2026, 9:08:53 AM.106] [Info] [pid=4484] [BuiltInMarketplaceProvider]  Found 3 built-in marketplace(s)
[9/28/2026, 9:08:53 AM.106] [Info] [pid=4484] [PluginManager]  Found 3 built-in marketplace(s)
[9/28/2026, 9:08:53 AM.108] [Info] [pid=4484] [MarketplaceStorage]  [MarketplaceStorage] doEnsureConfigFile ensureDir=2ms total=2ms dir=/Users/didi/.workbuddy/plugins
[9/28/2026, 9:08:53 AM.112] [Info] [pid=4484] [MarketplaceStorage]  [MarketplaceStorage] getMarketplaces ensureConfigFile=2ms readAndRepair=2ms migration=0ms total=6ms count=6 path=/Users/didi/.workbuddy/plugins/known_marketplaces.json
[9/28/2026, 9:08:53 AM.131] [Info] [pid=4484] [PluginManager]  All built-in marketplaces are already installed
[9/28/2026, 9:08:53 AM.131] [Info] [pid=4484] [MarketplaceStorage]  [MarketplaceStorage] doEnsureConfigFile ensureDir=0ms total=0ms dir=/Users/didi/.workbuddy/plugins
[9/28/2026, 9:08:53 AM.132] [Info] [pid=4484] [MarketplaceStorage]  [MarketplaceStorage] getMarketplaces ensureConfigFile=0ms readAndRepair=0ms migration=0ms total=1ms count=6 path=/Users/didi/.workbuddy/plugins/known_marketplaces.json
[9/28/2026, 9:08:53 AM.132] [Info] [pid=4484] [BuiltInMarketplaceProvider]  Found 3 built-in marketplace(s)
[9/28/2026, 9:08:53 AM.135] [Info] [pid=4484] [PluginManager]  Loaded 6 marketplaces (3 built-in) total=3ms storage=1ms builtIn=0ms autoUpdate=0ms
[9/28/2026, 9:09:22 AM.277] [Info] [pid=4484] [WorkflowMemProbe] tick runId=(none) | rss=153.1MB heap=76.5/86.4MB external=3.9MB arrayBuffers=0MB malloced=0.5/49.2MB heapLimit=4095.8MB cpuPercent=1.0
[9/28/2026, 9:24:47 AM.626] [Info] [pid=4484] [WorkflowMemProbe] tick runId=(none) | rss=153.8MB heap=77/86.4MB external=4MB arrayBuffers=0MB malloced=0.5/49.2MB heapLimit=4095.8MB cpuPercent=0.0
[9/28/2026, 9:24:47 AM.635] [Info] [pid=4484] [SettingsEndpointProductProvider] resolved endpoint=<unset> env=internal settingScopes=user | settings: enterpriseEndpoint=<unset> endpoint=<unset> envRouteMode=<unset>
[9/28/2026, 9:24:47 AM.651] [Info] [pid=4484] [GitInfoCollector]  CODEBUDDY_GIT_REPO_SCAN_DISABLED 1
[9/28/2026, 9:24:47 AM.651] [Info] [pid=4484] [GitInfoCollector]  Git repository scan is disabled via CODEBUDDY_GIT_REPO_SCAN_DISABLED environment variable
[9/28/2026, 9:24:48 AM.354] [Info] [pid=4484] [CloudProductManager]  fetch cloud product request headers: {"authorization":"***","user-agent":"WorkBuddy/5.6.2 WorkBuddy/5.6.2 CLI/2.147.0","x-domain":"www.workbuddy.cn","x-product":"SaaS","x-request-id":"b8b04c98230e44c7a1b61d40dc4d6800","x-user-id":"fdee3d54-95b6-4e9c-aaff-50ad9505aab4"}
[9/28/2026, 9:24:48 AM.354] [Info] [pid=4484] [CloudProductManager]  fetch cloud product from url:https://www.workbuddy.cn/v3/config success, agents(1): cli, models(53): auto,fast-model,balanced-model,deep-model,hy3,hy3-b,hy3-c,hy3-x,hy4-preview,hy4-preview-f,minimax-m2.5,glm-5v-turbo,glm-5.3,glm-5.3-flash,glm-5.2,glm-5.1,glm-5.0-turbo,glm-4.6v,kimi-k3-1,kimi-k2.8-preview,kimi-k2.7,kimi-k2.6,kimi-k2.5,kimi-k2-thinking,minimax-m3,minimax-m2.7,glm-4.6,deepseek-v4-flash,deepseek-v4.1-flash,deepseek-v4-pro,deepseek-v3-2-volc,deepseek-v3-1-volc,deepseek-v3-1-lkeap,deepseek-v3-1,deepseek-v3-0324-lkeap,deepseek-r1-0528-lkeap,kimi-k2-instruct-taiji,completion-gf,default-1.1,hunyuan-3b,hunyuan-7b-dense,codewise-completions,codewise-rewrite,codewise-nes-a4-027-aide,codewise-jump,deepseek-r1-0528,deepseek-v3-0324-taco-completion,deepseek-v3-0324,default-1.2,hunyuan-2.0-instruct,hunyuan-chat,hunyuan-image-alpha,hunyuan-image-alpha-edit, cli agent models(16): auto,hy4-preview-f,hy3,hy3-x,deepseek-v4.1-flash,glm-5.3,glm-5.3-flash,glm-5.2,glm-5.1,glm-5v-turbo,minimax-m3,kimi-k3-1,kimi-k2.8-preview,kimi-k2.7,kimi-k2.6,deepseek-v4-pro
[9/28/2026, 9:24:48 AM.354] [Info] [pid=4484] [CloudProductManager]  Fetched configuration from remote [713ms]
[9/28/2026, 9:24:48 AM.356] [Info] [pid=4484] [PluginsProductProvider.provide] active=8, ids=[weixinpay@workbuddy-builtin,tencent-docs-plugin@workbuddy-builtin,sheetagent@workbuddy-builtin,tencent-pptx@workbuddy-builtin,tencent-docx@workbuddy-builtin,agent-browser@codebuddy-plugins-official,find-skills@codebuddy-plugins-official,finance-data@cb_teams_marketplace]
[9/28/2026, 9:24:48 AM.356] [Info] [pid=4484] [MCP][cacheDbg] getConnectedServers() called: nonInteractive=true waitForSettle=false cacheNow=[] allServers=[]
[9/28/2026, 9:24:48 AM.356] [Info] [pid=4484] [MCP][cacheDbg] getConnectedServers() returning: [] (size=0)
[9/28/2026, 9:24:48 AM.362] [Info] [pid=4484] [CustomModelsProductProvider] productName=WorkBuddy, isWorkBuddy=true, userConfigPath=/Users/didi/.workbuddy/models.json
[9/28/2026, 9:24:48 AM.362] [Info] [pid=4484] Loaded custom models config from user: /Users/didi/.workbuddy/models.json
[9/28/2026, 9:24:48 AM.362] [Info] [pid=4484] [ModelsProductProvider] enterpriseId: undefined, endpoint: https://www.workbuddy.cn
[9/28/2026, 9:24:48 AM.362] [Warning] [pid=4484] [ModelsProductProvider] enterpriseId is missing, skipping models API call
[9/28/2026, 9:24:48 AM.363] [Info] [pid=4484] [AgentModelResolver] product config input: 53 models, 23 agents
[9/28/2026, 9:24:48 AM.379] [Info] [pid=4484] [PluginPolicyService]  [MergedPlugins][DEBUG] ProductManager.onDidChange fired, reloading policies...
[9/28/2026, 9:24:48 AM.379] [Info] [pid=4484] [PluginPolicyService]  [MergedPlugins][DEBUG] Current config builtInMarketPluginsMerge: [{"autoEnable":true,"marketplaceName":"codebuddy-plugins-official","name":"agent-browser","scope":"user"}]
[9/28/2026, 9:24:48 AM.379] [Info] [pid=4484] [PluginPolicyService]  [MergedPlugins] Loaded 1 merged plugin entries
[9/28/2026, 9:24:48 AM.380] [Info] [pid=4484] [Startup] AgentManager.rebuildAgents: START
[9/28/2026, 9:24:48 AM.380] [Info] [pid=4484] [Startup] AgentManager.rebuildAgents: completed in 12ms, resolving readyDeferred
[9/28/2026, 9:24:48 AM.380] [Info] [pid=4484] [PluginManager]  Checking for built-in marketplaces to install...
[9/28/2026, 9:24:48 AM.380] [Info] [pid=4484] [BuiltInMarketplaceProvider]  Found 3 built-in marketplace(s)
[9/28/2026, 9:24:48 AM.380] [Info] [pid=4484] [PluginManager]  Found 3 built-in marketplace(s)
[9/28/2026, 9:24:48 AM.380] [Info] [pid=4484] [MarketplaceStorage]  [MarketplaceStorage] doEnsureConfigFile ensureDir=0ms total=0ms dir=/Users/didi/.workbuddy/plugins
[9/28/2026, 9:24:48 AM.381] [Info] [pid=4484] [MarketplaceStorage]  [MarketplaceStorage] getMarketplaces ensureConfigFile=0ms readAndRepair=1ms migration=0ms total=1ms count=6 path=/Users/didi/.workbuddy/plugins/known_marketplaces.json
[9/28/2026, 9:24:48 AM.386] [Info] [pid=4484] [PluginManager]  All built-in marketplaces are already installed
[9/28/2026, 9:24:48 AM.386] [Info] [pid=4484] [MarketplaceStorage]  [MarketplaceStorage] doEnsureConfigFile ensureDir=0ms total=0ms dir=/Users/didi/.workbuddy/plugins
[9/28/2026, 9:24:48 AM.386] [Info] [pid=4484] [MarketplaceStorage]  [MarketplaceStorage] getMarketplaces ensureConfigFile=0ms readAndRepair=0ms migration=0ms total=0ms count=6 path=/Users/didi/.workbuddy/plugins/known_marketplaces.json
[9/28/2026, 9:24:48 AM.386] [Info] [pid=4484] [BuiltInMarketplaceProvider]  Found 3 built-in marketplace(s)
[9/28/2026, 9:24:48 AM.389] [Info] [pid=4484] [PluginManager]  Loaded 6 marketplaces (3 built-in) total=3ms storage=0ms builtIn=0ms autoUpdate=0ms
[9/28/2026, 9:25:17 AM.615] [Info] [pid=4484] [WorkflowMemProbe] tick runId=(none) | rss=154.3MB heap=80.5/91.7MB external=4MB arrayBuffers=0MB malloced=0.5/49.2MB heapLimit=4095.8MB cpuPercent=0.8
[9/28/2026, 9:34:21 AM.286] [Info] [pid=4484] [WorkflowMemProbe] tick runId=(none) | rss=155.4MB heap=81/92.7MB external=4.1MB arrayBuffers=0MB malloced=0.5/49.2MB heapLimit=4095.8MB cpuPercent=0.0
[9/28/2026, 9:34:21 AM.293] [Info] [pid=4484] [SettingsEndpointProductProvider] resolved endpoint=<unset> env=internal settingScopes=user | settings: enterpriseEndpoint=<unset> endpoint=<unset> envRouteMode=<unset>
[9/28/2026, 9:34:21 AM.305] [Info] [pid=4484] [GitInfoCollector]  CODEBUDDY_GIT_REPO_SCAN_DISABLED 1
[9/28/2026, 9:34:21 AM.305] [Info] [pid=4484] [GitInfoCollector]  Git repository scan is disabled via CODEBUDDY_GIT_REPO_SCAN_DISABLED environment variable
[9/28/2026, 9:34:22 AM.406] [Info] [pid=4484] [GitInfoCollector]  CODEBUDDY_GIT_REPO_SCAN_DISABLED 1
[9/28/2026, 9:34:22 AM.406] [Info] [pid=4484] [GitInfoCollector]  Git repository scan is disabled via CODEBUDDY_GIT_REPO_SCAN_DISABLED environment variable
[9/28/2026, 9:34:22 AM.422] [Info] [pid=4484] [GitInfoCollector]  CODEBUDDY_GIT_REPO_SCAN_DISABLED 1
[9/28/2026, 9:34:22 AM.422] [Info] [pid=4484] [GitInfoCollector]  Git repository scan is disabled via CODEBUDDY_GIT_REPO_SCAN_DISABLED environment variable
[9/28/2026, 9:34:22 AM.422] [Info] [pid=4484] [HttpProxyInterceptor] config.fetch fallback pin=162.14.3.241 host=wb.tencentbuddy.com
[9/28/2026, 9:34:22 AM.429] [Warning] [pid=4484] [CloudProductManager]  Fetch remote configuration failed: connect ENETUNREACH 162.14.3.241:443 - Local (0.0.0.0:52317), url=/v3/config, code=ENETUNREACH
[9/28/2026, 9:34:22 AM.430] [Info] [pid=4484] [PluginsProductProvider.provide] active=8, ids=[weixinpay@workbuddy-builtin,tencent-docs-plugin@workbuddy-builtin,sheetagent@workbuddy-builtin,tencent-pptx@workbuddy-builtin,tencent-docx@workbuddy-builtin,agent-browser@codebuddy-plugins-official,find-skills@codebuddy-plugins-official,finance-data@cb_teams_marketplace]
[9/28/2026, 9:34:22 AM.430] [Info] [pid=4484] [MCP][cacheDbg] getConnectedServers() called: nonInteractive=true waitForSettle=false cacheNow=[] allServers=[]
[9/28/2026, 9:34:22 AM.430] [Info] [pid=4484] [MCP][cacheDbg] getConnectedServers() returning: [] (size=0)
[9/28/2026, 9:34:22 AM.433] [Info] [pid=4484] [CustomModelsProductProvider] productName=WorkBuddy, isWorkBuddy=true, userConfigPath=/Users/didi/.workbuddy/models.json
[9/28/2026, 9:34:22 AM.433] [Info] [pid=4484] Loaded custom models config from user: /Users/didi/.workbuddy/models.json
[9/28/2026, 9:34:22 AM.433] [Info] [pid=4484] [ModelsProductProvider] enterpriseId: undefined, endpoint: https://www.workbuddy.cn
[9/28/2026, 9:34:22 AM.433] [Warning] [pid=4484] [ModelsProductProvider] enterpriseId is missing, skipping models API call
[9/28/2026, 9:34:22 AM.434] [Info] [pid=4484] [AgentModelResolver] product config input: 53 models, 23 agents
[9/28/2026, 9:49:48 AM.603] [Info] [pid=4484] [WorkflowMemProbe] tick runId=(none) | rss=150.4MB heap=82.4/88.6MB external=3.9MB arrayBuffers=0MB malloced=0.5/49.2MB heapLimit=4095.8MB cpuPercent=0.0
[9/28/2026, 9:49:48 AM.612] [Info] [pid=4484] [SettingsEndpointProductProvider] resolved endpoint=<unset> env=internal settingScopes=user | settings: enterpriseEndpoint=<unset> endpoint=<unset> envRouteMode=<unset>
[9/28/2026, 9:49:48 AM.625] [Info] [pid=4484] [GitInfoCollector]  CODEBUDDY_GIT_REPO_SCAN_DISABLED 1
[9/28/2026, 9:49:48 AM.625] [Info] [pid=4484] [GitInfoCollector]  Git repository scan is disabled via CODEBUDDY_GIT_REPO_SCAN_DISABLED environment variable
[9/28/2026, 9:49:48 AM.640] [Info] [pid=4484] [GitInfoCollector]  CODEBUDDY_GIT_REPO_SCAN_DISABLED 1
[9/28/2026, 9:49:48 AM.640] [Info] [pid=4484] [GitInfoCollector]  Git repository scan is disabled via CODEBUDDY_GIT_REPO_SCAN_DISABLED environment variable
[9/28/2026, 9:49:48 AM.646] [Info] [pid=4484] [GitInfoCollector]  CODEBUDDY_GIT_REPO_SCAN_DISABLED 1
[9/28/2026, 9:49:48 AM.646] [Info] [pid=4484] [GitInfoCollector]  Git repository scan is disabled via CODEBUDDY_GIT_REPO_SCAN_DISABLED environment variable
[9/28/2026, 9:49:48 AM.646] [Info] [pid=4484] [HttpProxyInterceptor] config.fetch fallback pin=162.14.3.241 host=wb.tencentbuddy.com
[9/28/2026, 9:49:48 AM.652] [Warning] [pid=4484] [CloudProductManager]  Fetch remote configuration failed: connect ENETUNREACH 162.14.3.241:443 - Local (0.0.0.0:53193), url=/v3/config, code=ENETUNREACH
[9/28/2026, 9:49:48 AM.652] [Info] [pid=4484] [PluginsProductProvider.provide] active=8, ids=[weixinpay@workbuddy-builtin,tencent-docs-plugin@workbuddy-builtin,sheetagent@workbuddy-builtin,tencent-pptx@workbuddy-builtin,tencent-docx@workbuddy-builtin,agent-browser@codebuddy-plugins-official,find-skills@codebuddy-plugins-official,finance-data@cb_teams_marketplace]
[9/28/2026, 9:49:48 AM.653] [Info] [pid=4484] [MCP][cacheDbg] getConnectedServers() called: nonInteractive=true waitForSettle=false cacheNow=[] allServers=[]
[9/28/2026, 9:49:48 AM.653] [Info] [pid=4484] [MCP][cacheDbg] getConnectedServers() returning: [] (size=0)
[9/28/2026, 9:49:48 AM.655] [Info] [pid=4484] [CustomModelsProductProvider] productName=WorkBuddy, isWorkBuddy=true, userConfigPath=/Users/didi/.workbuddy/models.json
[9/28/2026, 9:49:48 AM.655] [Info] [pid=4484] Loaded custom models config from user: /Users/didi/.workbuddy/models.json
[9/28/2026, 9:49:48 AM.656] [Info] [pid=4484] [ModelsProductProvider] enterpriseId: undefined, endpoint: https://www.workbuddy.cn
[9/28/2026, 9:49:48 AM.656] [Warning] [pid=4484] [ModelsProductProvider] enterpriseId is missing, skipping models API call
[9/28/2026, 9:49:48 AM.656] [Info] [pid=4484] [AgentModelResolver] product config input: 53 models, 23 agents
[9/28/2026, 10:05:19 AM.445] [Info] [pid=4484] [WorkflowMemProbe] tick runId=(none) | rss=155.3MB heap=83.2/88.5MB external=3.8MB arrayBuffers=0MB malloced=0.5/49.2MB heapLimit=4095.8MB cpuPercent=0.0
[9/28/2026, 10:05:19 AM.557] [Info] [pid=4484] [SettingsEndpointProductProvider] resolved endpoint=<unset> env=internal settingScopes=user | settings: enterpriseEndpoint=<unset> endpoint=<unset> envRouteMode=<unset>
[9/28/2026, 10:05:19 AM.571] [Info] [pid=4484] [GitInfoCollector]  CODEBUDDY_GIT_REPO_SCAN_DISABLED 1
[9/28/2026, 10:05:19 AM.571] [Info] [pid=4484] [GitInfoCollector]  Git repository scan is disabled via CODEBUDDY_GIT_REPO_SCAN_DISABLED environment variable
[9/28/2026, 10:05:19 AM.586] [Info] [pid=4484] [GitInfoCollector]  CODEBUDDY_GIT_REPO_SCAN_DISABLED 1
[9/28/2026, 10:05:19 AM.586] [Info] [pid=4484] [GitInfoCollector]  Git repository scan is disabled via CODEBUDDY_GIT_REPO_SCAN_DISABLED environment variable
[9/28/2026, 10:05:19 AM.594] [Info] [pid=4484] [GitInfoCollector]  CODEBUDDY_GIT_REPO_SCAN_DISABLED 1
[9/28/2026, 10:05:19 AM.594] [Info] [pid=4484] [GitInfoCollector]  Git repository scan is disabled via CODEBUDDY_GIT_REPO_SCAN_DISABLED environment variable
[9/28/2026, 10:05:19 AM.594] [Info] [pid=4484] [HttpProxyInterceptor] config.fetch fallback pin=162.14.3.241 host=wb.tencentbuddy.com
[9/28/2026, 10:05:19 AM.599] [Warning] [pid=4484] [CloudProductManager]  Fetch remote configuration failed: connect ENETUNREACH 162.14.3.241:443 - Local (0.0.0.0:53291), url=/v3/config, code=ENETUNREACH
[9/28/2026, 10:05:19 AM.600] [Info] [pid=4484] [PluginsProductProvider.provide] active=8, ids=[weixinpay@workbuddy-builtin,tencent-docs-plugin@workbuddy-builtin,sheetagent@workbuddy-builtin,tencent-pptx@workbuddy-builtin,tencent-docx@workbuddy-builtin,agent-browser@codebuddy-plugins-official,find-skills@codebuddy-plugins-official,finance-data@cb_teams_marketplace]
[9/28/2026, 10:05:19 AM.600] [Info] [pid=4484] [MCP][cacheDbg] getConnectedServers() called: nonInteractive=true waitForSettle=false cacheNow=[] allServers=[]
[9/28/2026, 10:05:19 AM.600] [Info] [pid=4484] [MCP][cacheDbg] getConnectedServers() returning: [] (size=0)
[9/28/2026, 10:05:19 AM.603] [Info] [pid=4484] [CustomModelsProductProvider] productName=WorkBuddy, isWorkBuddy=true, userConfigPath=/Users/didi/.workbuddy/models.json
[9/28/2026, 10:05:19 AM.603] [Info] [pid=4484] Loaded custom models config from user: /Users/didi/.workbuddy/models.json
[9/28/2026, 10:05:19 AM.604] [Info] [pid=4484] [ModelsProductProvider] enterpriseId: undefined, endpoint: https://www.workbuddy.cn
[9/28/2026, 10:05:19 AM.604] [Warning] [pid=4484] [ModelsProductProvider] enterpriseId is missing, skipping models API call
[9/28/2026, 10:05:19 AM.604] [Info] [pid=4484] [AgentModelResolver] product config input: 53 models, 23 agents
[9/28/2026, 10:21:30 AM.425] [Info] [pid=4484] [WorkflowMemProbe] tick runId=(none) | rss=153.3MB heap=75.7/83.5MB external=3.7MB arrayBuffers=0MB malloced=0.5/49.2MB heapLimit=4095.8MB cpuPercent=0.0
[9/28/2026, 10:21:30 AM.549] [Info] [pid=4484] [SettingsEndpointProductProvider] resolved endpoint=<unset> env=internal settingScopes=user | settings: enterpriseEndpoint=<unset> endpoint=<unset> envRouteMode=<unset>
[9/28/2026, 10:21:30 AM.569] [Info] [pid=4484] [GitInfoCollector]  CODEBUDDY_GIT_REPO_SCAN_DISABLED 1
[9/28/2026, 10:21:30 AM.569] [Info] [pid=4484] [GitInfoCollector]  Git repository scan is disabled via CODEBUDDY_GIT_REPO_SCAN_DISABLED environment variable
[9/28/2026, 10:21:30 AM.574] [Info] [pid=4484] [GitInfoCollector]  CODEBUDDY_GIT_REPO_SCAN_DISABLED 1
[9/28/2026, 10:21:30 AM.575] [Info] [pid=4484] [GitInfoCollector]  Git repository scan is disabled via CODEBUDDY_GIT_REPO_SCAN_DISABLED environment variable
[9/28/2026, 10:21:30 AM.580] [Info] [pid=4484] [GitInfoCollector]  CODEBUDDY_GIT_REPO_SCAN_DISABLED 1
[9/28/2026, 10:21:30 AM.580] [Info] [pid=4484] [GitInfoCollector]  Git repository scan is disabled via CODEBUDDY_GIT_REPO_SCAN_DISABLED environment variable
[9/28/2026, 10:21:30 AM.580] [Info] [pid=4484] [HttpProxyInterceptor] config.fetch fallback pin=162.14.3.241 host=wb.tencentbuddy.com
[9/28/2026, 10:21:30 AM.585] [Warning] [pid=4484] [CloudProductManager]  Fetch remote configuration failed: connect ENETUNREACH 162.14.3.241:443 - Local (0.0.0.0:53447), url=/v3/config, code=ENETUNREACH
[9/28/2026, 10:21:30 AM.587] [Info] [pid=4484] [PluginsProductProvider.provide] active=8, ids=[weixinpay@workbuddy-builtin,tencent-docs-plugin@workbuddy-builtin,sheetagent@workbuddy-builtin,tencent-pptx@workbuddy-builtin,tencent-docx@workbuddy-builtin,agent-browser@codebuddy-plugins-official,find-skills@codebuddy-plugins-official,finance-data@cb_teams_marketplace]
[9/28/2026, 10:21:30 AM.587] [Info] [pid=4484] [MCP][cacheDbg] getConnectedServers() called: nonInteractive=true waitForSettle=false cacheNow=[] allServers=[]
[9/28/2026, 10:21:30 AM.587] [Info] [pid=4484] [MCP][cacheDbg] getConnectedServers() returning: [] (size=0)
[9/28/2026, 10:21:30 AM.597] [Info] [pid=4484] [CustomModelsProductProvider] productName=WorkBuddy, isWorkBuddy=true, userConfigPath=/Users/didi/.workbuddy/models.json
[9/28/2026, 10:21:30 AM.597] [Info] [pid=4484] Loaded custom models config from user: /Users/didi/.workbuddy/models.json
[9/28/2026, 10:21:30 AM.597] [Info] [pid=4484] [ModelsProductProvider] enterpriseId: undefined, endpoint: https://www.workbuddy.cn
[9/28/2026, 10:21:30 AM.597] [Warning] [pid=4484] [ModelsProductProvider] enterpriseId is missing, skipping models API call
[9/28/2026, 10:21:30 AM.598] [Info] [pid=4484] [AgentModelResolver] product config input: 53 models, 23 agents
[9/28/2026, 10:37:22 AM.413] [Info] [pid=4484] [WorkflowMemProbe] tick runId=(none) | rss=157.7MB heap=81.2/87.9MB external=3.8MB arrayBuffers=0MB malloced=0.5/49.2MB heapLimit=4095.8MB cpuPercent=0.0
[9/28/2026, 10:37:22 AM.542] [Info] [pid=4484] [SettingsEndpointProductProvider] resolved endpoint=<unset> env=internal settingScopes=user | settings: enterpriseEndpoint=<unset> endpoint=<unset> envRouteMode=<unset>
[9/28/2026, 10:37:22 AM.568] [Info] [pid=4484] [GitInfoCollector]  CODEBUDDY_GIT_REPO_SCAN_DISABLED 1
[9/28/2026, 10:37:22 AM.568] [Info] [pid=4484] [GitInfoCollector]  Git repository scan is disabled via CODEBUDDY_GIT_REPO_SCAN_DISABLED environment variable
[9/28/2026, 10:37:22 AM.575] [Info] [pid=4484] [GitInfoCollector]  CODEBUDDY_GIT_REPO_SCAN_DISABLED 1
[9/28/2026, 10:37:22 AM.575] [Info] [pid=4484] [GitInfoCollector]  Git repository scan is disabled via CODEBUDDY_GIT_REPO_SCAN_DISABLED environment variable
[9/28/2026, 10:37:22 AM.581] [Info] [pid=4484] [GitInfoCollector]  CODEBUDDY_GIT_REPO_SCAN_DISABLED 1
[9/28/2026, 10:37:22 AM.581] [Info] [pid=4484] [GitInfoCollector]  Git repository scan is disabled via CODEBUDDY_GIT_REPO_SCAN_DISABLED environment variable
[9/28/2026, 10:37:22 AM.581] [Info] [pid=4484] [HttpProxyInterceptor] config.fetch fallback pin=162.14.3.241 host=wb.tencentbuddy.com
[9/28/2026, 10:37:22 AM.586] [Warning] [pid=4484] [CloudProductManager]  Fetch remote configuration failed: connect ENETUNREACH 162.14.3.241:443 - Local (0.0.0.0:53692), url=/v3/config, code=ENETUNREACH
[9/28/2026, 10:37:22 AM.587] [Info] [pid=4484] [PluginsProductProvider.provide] active=8, ids=[weixinpay@workbuddy-builtin,tencent-docs-plugin@workbuddy-builtin,sheetagent@workbuddy-builtin,tencent-pptx@workbuddy-builtin,tencent-docx@workbuddy-builtin,agent-browser@codebuddy-plugins-official,find-skills@codebuddy-plugins-official,finance-data@cb_teams_marketplace]
[9/28/2026, 10:37:22 AM.587] [Info] [pid=4484] [MCP][cacheDbg] getConnectedServers() called: nonInteractive=true waitForSettle=false cacheNow=[] allServers=[]
[9/28/2026, 10:37:22 AM.587] [Info] [pid=4484] [MCP][cacheDbg] getConnectedServers() returning: [] (size=0)
[9/28/2026, 10:37:22 AM.590] [Info] [pid=4484] [CustomModelsProductProvider] productName=WorkBuddy, isWorkBuddy=true, userConfigPath=/Users/didi/.workbuddy/models.json
[9/28/2026, 10:37:22 AM.590] [Info] [pid=4484] Loaded custom models config from user: /Users/didi/.workbuddy/models.json
[9/28/2026, 10:37:22 AM.590] [Info] [pid=4484] [ModelsProductProvider] enterpriseId: undefined, endpoint: https://www.workbuddy.cn
[9/28/2026, 10:37:22 AM.590] [Warning] [pid=4484] [ModelsProductProvider] enterpriseId is missing, skipping models API call
[9/28/2026, 10:37:22 AM.590] [Info] [pid=4484] [AgentModelResolver] product config input: 53 models, 23 agents
[9/28/2026, 10:45:40 AM.408] [Info] [pid=4484] [WorkflowMemProbe] tick runId=(none) | rss=149.7MB heap=75.9/82.3MB external=3.7MB arrayBuffers=0MB malloced=0.5/49.2MB heapLimit=4095.8MB cpuPercent=0.0
[9/28/2026, 10:45:40 AM.543] [Info] [pid=4484] [SettingsEndpointProductProvider] resolved endpoint=<unset> env=internal settingScopes=user | settings: enterpriseEndpoint=<unset> endpoint=<unset> envRouteMode=<unset>
[9/28/2026, 10:45:40 AM.561] [Info] [pid=4484] [GitInfoCollector]  CODEBUDDY_GIT_REPO_SCAN_DISABLED 1
[9/28/2026, 10:45:40 AM.561] [Info] [pid=4484] [GitInfoCollector]  Git repository scan is disabled via CODEBUDDY_GIT_REPO_SCAN_DISABLED environment variable
[9/28/2026, 10:45:40 AM.568] [Info] [pid=4484] [GitInfoCollector]  CODEBUDDY_GIT_REPO_SCAN_DISABLED 1
[9/28/2026, 10:45:40 AM.568] [Info] [pid=4484] [GitInfoCollector]  Git repository scan is disabled via CODEBUDDY_GIT_REPO_SCAN_DISABLED environment variable
[9/28/2026, 10:45:40 AM.579] [Info] [pid=4484] [GitInfoCollector]  CODEBUDDY_GIT_REPO_SCAN_DISABLED 1
[9/28/2026, 10:45:40 AM.579] [Info] [pid=4484] [GitInfoCollector]  Git repository scan is disabled via CODEBUDDY_GIT_REPO_SCAN_DISABLED environment variable
[9/28/2026, 10:45:40 AM.579] [Info] [pid=4484] [HttpProxyInterceptor] config.fetch fallback pin=162.14.3.241 host=wb.tencentbuddy.com
[9/28/2026, 10:45:40 AM.586] [Warning] [pid=4484] [CloudProductManager]  Fetch remote configuration failed: connect ENETUNREACH 162.14.3.241:443 - Local (0.0.0.0:54098), url=/v3/config, code=ENETUNREACH
[9/28/2026, 10:45:40 AM.587] [Info] [pid=4484] [PluginsProductProvider.provide] active=8, ids=[weixinpay@workbuddy-builtin,tencent-docs-plugin@workbuddy-builtin,sheetagent@workbuddy-builtin,tencent-pptx@workbuddy-builtin,tencent-docx@workbuddy-builtin,agent-browser@codebuddy-plugins-official,find-skills@codebuddy-plugins-official,finance-data@cb_teams_marketplace]
[9/28/2026, 10:45:40 AM.587] [Info] [pid=4484] [MCP][cacheDbg] getConnectedServers() called: nonInteractive=true waitForSettle=false cacheNow=[] allServers=[]
[9/28/2026, 10:45:40 AM.587] [Info] [pid=4484] [MCP][cacheDbg] getConnectedServers() returning: [] (size=0)
[9/28/2026, 10:45:40 AM.589] [Info] [pid=4484] [CustomModelsProductProvider] productName=WorkBuddy, isWorkBuddy=true, userConfigPath=/Users/didi/.workbuddy/models.json
[9/28/2026, 10:45:40 AM.589] [Info] [pid=4484] Loaded custom models config from user: /Users/didi/.workbuddy/models.json
[9/28/2026, 10:45:40 AM.589] [Info] [pid=4484] [ModelsProductProvider] enterpriseId: undefined, endpoint: https://www.workbuddy.cn
[9/28/2026, 10:45:40 AM.589] [Warning] [pid=4484] [ModelsProductProvider] enterpriseId is missing, skipping models API call
[9/28/2026, 10:45:40 AM.590] [Info] [pid=4484] [AgentModelResolver] product config input: 53 models, 23 agents
[9/28/2026, 10:51:17 AM.905] [Info] [pid=4484] [WorkflowMemProbe] tick runId=(none) | rss=129.1MB heap=81.4/86.6MB external=3.8MB arrayBuffers=0MB malloced=0.5/49.2MB heapLimit=4095.8MB cpuPercent=0.0
[9/28/2026, 10:53:59 AM.415] [Info] [pid=4484] [WorkflowMemProbe] tick runId=(none) | rss=126.9MB heap=81.9/86.6MB external=3.9MB arrayBuffers=0MB malloced=0.5/49.2MB heapLimit=4095.8MB cpuPercent=0.0
[9/28/2026, 10:53:59 AM.548] [Info] [pid=4484] [SettingsEndpointProductProvider] resolved endpoint=<unset> env=internal settingScopes=user | settings: enterpriseEndpoint=<unset> endpoint=<unset> envRouteMode=<unset>
[9/28/2026, 10:53:59 AM.715] [Info] [pid=4484] [GitInfoCollector]  CODEBUDDY_GIT_REPO_SCAN_DISABLED 1
[9/28/2026, 10:53:59 AM.715] [Info] [pid=4484] [GitInfoCollector]  Git repository scan is disabled via CODEBUDDY_GIT_REPO_SCAN_DISABLED environment variable
[9/28/2026, 10:54:06 AM.202] [Info] [pid=4484] [CloudProductManager]  fetch cloud product request headers: {"authorization":"***","user-agent":"WorkBuddy/5.6.2 WorkBuddy/5.6.2 CLI/2.147.0","x-domain":"www.workbuddy.cn","x-product":"SaaS","x-request-id":"4de79fb0bcf64a16ae5d97e6f9a6c405","x-user-id":"fdee3d54-95b6-4e9c-aaff-50ad9505aab4"}
[9/28/2026, 10:54:06 AM.205] [Info] [pid=4484] [CloudProductManager]  fetch cloud product from url:https://www.workbuddy.cn/v3/config success, agents(1): cli, models(53): auto,fast-model,balanced-model,deep-model,hy3,hy3-b,hy3-c,hy3-x,hy4-preview,hy4-preview-f,minimax-m2.5,glm-5v-turbo,glm-5.3,glm-5.3-flash,glm-5.2,glm-5.1,glm-5.0-turbo,glm-4.6v,kimi-k3-1,kimi-k2.8-preview,kimi-k2.7,kimi-k2.6,kimi-k2.5,kimi-k2-thinking,minimax-m3,minimax-m2.7,glm-4.6,deepseek-v4-flash,deepseek-v4.1-flash,deepseek-v4-pro,deepseek-v3-2-volc,deepseek-v3-1-volc,deepseek-v3-1-lkeap,deepseek-v3-1,deepseek-v3-0324-lkeap,deepseek-r1-0528-lkeap,kimi-k2-instruct-taiji,completion-gf,default-1.1,hunyuan-3b,hunyuan-7b-dense,codewise-completions,codewise-rewrite,codewise-nes-a4-027-aide,codewise-jump,deepseek-r1-0528,deepseek-v3-0324-taco-completion,deepseek-v3-0324,default-1.2,hunyuan-2.0-instruct,hunyuan-chat,hunyuan-image-alpha,hunyuan-image-alpha-edit, cli agent models(16): auto,hy4-preview-f,hy3,hy3-x,deepseek-v4.1-flash,glm-5.3,glm-5.3-flash,glm-5.2,glm-5.1,glm-5v-turbo,minimax-m3,kimi-k3-1,kimi-k2.8-preview,kimi-k2.7,kimi-k2.6,deepseek-v4-pro
[9/28/2026, 10:54:06 AM.205] [Info] [pid=4484] [CloudProductManager]  Fetched configuration from remote [6545ms]
[9/28/2026, 10:54:06 AM.208] [Info] [pid=4484] [PluginsProductProvider.provide] active=8, ids=[weixinpay@workbuddy-builtin,tencent-docs-plugin@workbuddy-builtin,sheetagent@workbuddy-builtin,tencent-pptx@workbuddy-builtin,tencent-docx@workbuddy-builtin,agent-browser@codebuddy-plugins-official,find-skills@codebuddy-plugins-official,finance-data@cb_teams_marketplace]
[9/28/2026, 10:54:06 AM.209] [Info] [pid=4484] [MCP][cacheDbg] getConnectedServers() called: nonInteractive=true waitForSettle=false cacheNow=[] allServers=[]
[9/28/2026, 10:54:06 AM.209] [Info] [pid=4484] [MCP][cacheDbg] getConnectedServers() returning: [] (size=0)
[9/28/2026, 10:54:06 AM.222] [Info] [pid=4484] [CustomModelsProductProvider] productName=WorkBuddy, isWorkBuddy=true, userConfigPath=/Users/didi/.workbuddy/models.json
[9/28/2026, 10:54:06 AM.222] [Info] [pid=4484] Loaded custom models config from user: /Users/didi/.workbuddy/models.json
[9/28/2026, 10:54:06 AM.224] [Info] [pid=4484] [ModelsProductProvider] enterpriseId: undefined, endpoint: https://www.workbuddy.cn
[9/28/2026, 10:54:06 AM.224] [Warning] [pid=4484] [ModelsProductProvider] enterpriseId is missing, skipping models API call
[9/28/2026, 10:54:06 AM.224] [Info] [pid=4484] [AgentModelResolver] product config input: 53 models, 23 agents
[9/28/2026, 10:54:29 AM.431] [Info] [pid=4484] [WorkflowMemProbe] tick runId=(none) | rss=102.9MB heap=75.9/81.8MB external=3.7MB arrayBuffers=0MB malloced=0.5/49.2MB heapLimit=4095.8MB cpuPercent=0.7
[9/28/2026, 10:54:59 AM.431] [Info] [pid=4484] [WorkflowMemProbe] tick runId=(none) | rss=56.3MB heap=76.3/81.8MB external=3.9MB arrayBuffers=0MB malloced=0.5/49.2MB heapLimit=4095.8MB cpuPercent=0.1
[9/28/2026, 10:55:29 AM.431] [Info] [pid=4484] [WorkflowMemProbe] tick runId=(none) | rss=64.1MB heap=76.7/81.8MB external=4MB arrayBuffers=0MB malloced=0.5/49.2MB heapLimit=4095.8MB cpuPercent=0.1
[9/28/2026, 10:55:59 AM.431] [Info] [pid=4484] [WorkflowMemProbe] tick runId=(none) | rss=68.9MB heap=77/82MB external=4MB arrayBuffers=0MB malloced=0.5/49.2MB heapLimit=4095.8MB cpuPercent=0.1
[9/28/2026, 10:56:29 AM.432] [Info] [pid=4484] [WorkflowMemProbe] tick runId=(none) | rss=53.2MB heap=77.4/82.5MB external=4.1MB arrayBuffers=0MB malloced=0.5/49.2MB heapLimit=4095.8MB cpuPercent=0.1
[9/28/2026, 10:56:59 AM.432] [Info] [pid=4484] [WorkflowMemProbe] tick runId=(none) | rss=59.4MB heap=77.7/82.8MB external=4.2MB arrayBuffers=0MB malloced=0.5/49.2MB heapLimit=4095.8MB cpuPercent=0.0
[9/28/2026, 10:57:29 AM.434] [Info] [pid=4484] [WorkflowMemProbe] tick runId=(none) | rss=64.1MB heap=78/83MB external=4.3MB arrayBuffers=0MB malloced=0.5/49.2MB heapLimit=4095.8MB cpuPercent=0.1
[9/28/2026, 10:57:59 AM.434] [Info] [pid=4484] [WorkflowMemProbe] tick runId=(none) | rss=57.8MB heap=78.3/83.3MB external=4.3MB arrayBuffers=0MB malloced=0.5/49.2MB heapLimit=4095.8MB cpuPercent=0.1
[9/28/2026, 10:58:29 AM.434] [Info] [pid=4484] [WorkflowMemProbe] tick runId=(none) | rss=64.8MB heap=78.7/83.8MB external=4.4MB arrayBuffers=0MB malloced=0.5/49.2MB heapLimit=4095.8MB cpuPercent=0.1
[9/28/2026, 10:58:59 AM.435] [Info] [pid=4484] [WorkflowMemProbe] tick runId=(none) | rss=63.3MB heap=76.1/80.5MB external=3.8MB arrayBuffers=0MB malloced=0.5/49.2MB heapLimit=4095.8MB cpuPercent=0.1
[9/28/2026, 10:59:29 AM.435] [Info] [pid=4484] [WorkflowMemProbe] tick runId=(none) | rss=75.2MB heap=76.1/79.8MB external=3.8MB arrayBuffers=0MB malloced=0.5/49.2MB heapLimit=4095.8MB cpuPercent=0.1
[9/28/2026, 10:59:59 AM.436] [Info] [pid=4484] [WorkflowMemProbe] tick runId=(none) | rss=68.8MB heap=76.3/80MB external=3.9MB arrayBuffers=0MB malloced=0.5/49.2MB heapLimit=4095.8MB cpuPercent=0.0
[9/28/2026, 11:00:29 AM.437] [Info] [pid=4484] [WorkflowMemProbe] tick runId=(none) | rss=65.9MB heap=76.7/80.3MB external=4MB arrayBuffers=0MB malloced=0.5/49.2MB heapLimit=4095.8MB cpuPercent=0.1
[9/28/2026, 11:00:59 AM.439] [Info] [pid=4484] [WorkflowMemProbe] tick runId=(none) | rss=68.3MB heap=76.3/79.8MB external=3.9MB arrayBuffers=0MB malloced=0.5/49.2MB heapLimit=4095.8MB cpuPercent=0.1
[9/28/2026, 11:01:29 AM.441] [Info] [pid=4484] [WorkflowMemProbe] tick runId=(none) | rss=59.8MB heap=76.7/80.3MB external=4MB arrayBuffers=0MB malloced=0.5/49.2MB heapLimit=4095.8MB cpuPercent=0.1
[9/28/2026, 11:01:59 AM.440] [Info] [pid=4484] [WorkflowMemProbe] tick runId=(none) | rss=65.8MB heap=76.3/80.8MB external=3.9MB arrayBuffers=0MB malloced=0.5/49.2MB heapLimit=4095.8MB cpuPercent=0.1
[9/28/2026, 11:01:59 AM.456] [Info] [pid=4484] [SettingsEndpointProductProvider] resolved endpoint=<unset> env=internal settingScopes=user | settings: enterpriseEndpoint=<unset> endpoint=<unset> envRouteMode=<unset>
[9/28/2026, 11:01:59 AM.461] [Info] [pid=4484] [PluginsProductProvider.provide] active=8, ids=[weixinpay@workbuddy-builtin,tencent-docs-plugin@workbuddy-builtin,sheetagent@workbuddy-builtin,tencent-pptx@workbuddy-builtin,tencent-docx@workbuddy-builtin,agent-browser@codebuddy-plugins-official,find-skills@codebuddy-plugins-official,finance-data@cb_teams_marketplace]
[9/28/2026, 11:01:59 AM.461] [Info] [pid=4484] [MCP][cacheDbg] getConnectedServers() called: nonInteractive=true waitForSettle=false cacheNow=[] allServers=[]
[9/28/2026, 11:01:59 AM.461] [Info] [pid=4484] [MCP][cacheDbg] getConnectedServers() returning: [] (size=0)
[9/28/2026, 11:01:59 AM.464] [Info] [pid=4484] [CustomModelsProductProvider] productName=WorkBuddy, isWorkBuddy=true, userConfigPath=/Users/didi/.workbuddy/models.json
[9/28/2026, 11:01:59 AM.464] [Info] [pid=4484] Loaded custom models config from user: /Users/didi/.workbuddy/models.json
[9/28/2026, 11:01:59 AM.464] [Info] [pid=4484] [ModelsProductProvider] enterpriseId: undefined, endpoint: https://www.workbuddy.cn
[9/28/2026, 11:01:59 AM.464] [Warning] [pid=4484] [ModelsProductProvider] enterpriseId is missing, skipping models API call
[9/28/2026, 11:01:59 AM.464] [Info] [pid=4484] [AgentModelResolver] product config input: 53 models, 23 agents
[9/28/2026, 11:02:29 AM.441] [Info] [pid=4484] [WorkflowMemProbe] tick runId=(none) | rss=112.3MB heap=76/81.5MB external=3.8MB arrayBuffers=0MB malloced=0.5/49.2MB heapLimit=4095.8MB cpuPercent=0.4
[9/28/2026, 11:02:59 AM.442] [Info] [pid=4484] [WorkflowMemProbe] tick runId=(none) | rss=111.7MB heap=76.3/81.5MB external=3.8MB arrayBuffers=0MB malloced=0.5/49.2MB heapLimit=4095.8MB cpuPercent=0.0
[9/28/2026, 11:03:29 AM.444] [Info] [pid=4484] [WorkflowMemProbe] tick runId=(none) | rss=108.7MB heap=76.6/81.5MB external=3.9MB arrayBuffers=0MB malloced=0.5/49.2MB heapLimit=4095.8MB cpuPercent=0.1
[9/28/2026, 11:03:59 AM.444] [Info] [pid=4484] [WorkflowMemProbe] tick runId=(none) | rss=62.6MB heap=76.9/81.5MB external=4MB arrayBuffers=0MB malloced=0.5/49.2MB heapLimit=4095.8MB cpuPercent=0.1
[9/28/2026, 11:04:29 AM.444] [Info] [pid=4484] [WorkflowMemProbe] tick runId=(none) | rss=66.5MB heap=77.3/82MB external=4.1MB arrayBuffers=0MB malloced=0.5/49.2MB heapLimit=4095.8MB cpuPercent=0.1
[9/28/2026, 11:04:59 AM.444] [Info] [pid=4484] [WorkflowMemProbe] tick runId=(none) | rss=67.1MB heap=77.6/82.3MB external=4.2MB arrayBuffers=0MB malloced=0.5/49.2MB heapLimit=4095.8MB cpuPercent=0.0
[9/28/2026, 11:05:29 AM.446] [Info] [pid=4484] [WorkflowMemProbe] tick runId=(none) | rss=67.9MB heap=77.9/82.5MB external=4.3MB arrayBuffers=0MB malloced=0.5/49.2MB heapLimit=4095.8MB cpuPercent=0.1
[9/28/2026, 11:05:59 AM.446] [Info] [pid=4484] [WorkflowMemProbe] tick runId=(none) | rss=68.7MB heap=78.2/82.8MB external=4.3MB arrayBuffers=0MB malloced=0.5/49.2MB heapLimit=4095.8MB cpuPercent=0.0
[9/28/2026, 11:06:29 AM.447] [Info] [pid=4484] [WorkflowMemProbe] tick runId=(none) | rss=70MB heap=78.6/83.3MB external=4.4MB arrayBuffers=0MB malloced=0.5/49.2MB heapLimit=4095.8MB cpuPercent=0.1
[9/28/2026, 11:06:59 AM.447] [Info] [pid=4484] [WorkflowMemProbe] tick runId=(none) | rss=70.4MB heap=78.9/83.5MB external=4.5MB arrayBuffers=0MB malloced=0.5/49.2MB heapLimit=4095.8MB cpuPercent=0.0
[9/28/2026, 11:07:29 AM.450] [Info] [pid=4484] [WorkflowMemProbe] tick runId=(none) | rss=73.2MB heap=76.4/80.3MB external=3.9MB arrayBuffers=0MB malloced=0.5/49.2MB heapLimit=4095.8MB cpuPercent=0.1
[9/28/2026, 11:07:59 AM.449] [Info] [pid=4484] [WorkflowMemProbe] tick runId=(none) | rss=75.9MB heap=76.3/80.5MB external=3.8MB arrayBuffers=0MB malloced=0.5/49.2MB heapLimit=4095.8MB cpuPercent=0.1
[9/28/2026, 11:08:29 AM.452] [Info] [pid=4484] [WorkflowMemProbe] tick runId=(none) | rss=55.3MB heap=76.6/81MB external=3.9MB arrayBuffers=0MB malloced=0.5/49.2MB heapLimit=4095.8MB cpuPercent=0.1
[9/28/2026, 11:08:59 AM.450] [Info] [pid=4484] [WorkflowMemProbe] tick runId=(none) | rss=63.4MB heap=76.2/80.3MB external=3.8MB arrayBuffers=0MB malloced=0.5/49.2MB heapLimit=4095.8MB cpuPercent=0.1
[9/28/2026, 11:09:29 AM.454] [Info] [pid=4484] [WorkflowMemProbe] tick runId=(none) | rss=50.2MB heap=76.6/80.3MB external=3.9MB arrayBuffers=0MB malloced=0.5/49.2MB heapLimit=4095.8MB cpuPercent=0.1
[9/28/2026, 11:09:59 AM.453] [Info] [pid=4484] [WorkflowMemProbe] tick runId=(none) | rss=64.7MB heap=76.9/80.3MB external=4MB arrayBuffers=0MB malloced=0.5/49.2MB heapLimit=4095.8MB cpuPercent=0.0
[9/28/2026, 11:09:59 AM.470] [Info] [pid=4484] [SettingsEndpointProductProvider] resolved endpoint=<unset> env=internal settingScopes=user | settings: enterpriseEndpoint=<unset> endpoint=<unset> envRouteMode=<unset>
[9/28/2026, 11:09:59 AM.486] [Info] [pid=4484] [GitInfoCollector]  CODEBUDDY_GIT_REPO_SCAN_DISABLED 1
[9/28/2026, 11:09:59 AM.486] [Info] [pid=4484] [GitInfoCollector]  Git repository scan is disabled via CODEBUDDY_GIT_REPO_SCAN_DISABLED environment variable
[9/28/2026, 11:09:59 AM.890] [Info] [pid=4484] [CloudProductManager]  fetch cloud product request headers: {"authorization":"***","user-agent":"WorkBuddy/5.6.2 WorkBuddy/5.6.2 CLI/2.147.0","x-domain":"www.workbuddy.cn","x-product":"SaaS","x-request-id":"18c2735dedfd4f90a2a848271527b269","x-user-id":"fdee3d54-95b6-4e9c-aaff-50ad9505aab4"}
[9/28/2026, 11:09:59 AM.890] [Info] [pid=4484] [CloudProductManager]  fetch cloud product from url:https://www.workbuddy.cn/v3/config success, agents(1): cli, models(53): auto,fast-model,balanced-model,deep-model,hy3,hy3-b,hy3-c,hy3-x,hy4-preview,hy4-preview-f,minimax-m2.5,glm-5v-turbo,glm-5.3,glm-5.3-flash,glm-5.2,glm-5.1,glm-5.0-turbo,glm-4.6v,kimi-k3-1,kimi-k2.8-preview,kimi-k2.7,kimi-k2.6,kimi-k2.5,kimi-k2-thinking,minimax-m3,minimax-m2.7,glm-4.6,deepseek-v4-flash,deepseek-v4.1-flash,deepseek-v4-pro,deepseek-v3-2-volc,deepseek-v3-1-volc,deepseek-v3-1-lkeap,deepseek-v3-1,deepseek-v3-0324-lkeap,deepseek-r1-0528-lkeap,kimi-k2-instruct-taiji,completion-gf,default-1.1,hunyuan-3b,hunyuan-7b-dense,codewise-completions,codewise-rewrite,codewise-nes-a4-027-aide,codewise-jump,deepseek-r1-0528,deepseek-v3-0324-taco-completion,deepseek-v3-0324,default-1.2,hunyuan-2.0-instruct,hunyuan-chat,hunyuan-image-alpha,hunyuan-image-alpha-edit, cli agent models(16): auto,hy4-preview-f,hy3,hy3-x,deepseek-v4.1-flash,glm-5.3,glm-5.3-flash,glm-5.2,glm-5.1,glm-5v-turbo,minimax-m3,kimi-k3-1,kimi-k2.8-preview,kimi-k2.7,kimi-k2.6,deepseek-v4-pro
[9/28/2026, 11:09:59 AM.890] [Info] [pid=4484] [CloudProductManager]  Fetched configuration from remote [413ms]
[9/28/2026, 11:09:59 AM.893] [Info] [pid=4484] [PluginsProductProvider.provide] active=8, ids=[weixinpay@workbuddy-builtin,tencent-docs-plugin@workbuddy-builtin,sheetagent@workbuddy-builtin,tencent-pptx@workbuddy-builtin,tencent-docx@workbuddy-builtin,agent-browser@codebuddy-plugins-official,find-skills@codebuddy-plugins-official,finance-data@cb_teams_marketplace]
[9/28/2026, 11:09:59 AM.893] [Info] [pid=4484] [MCP][cacheDbg] getConnectedServers() called: nonInteractive=true waitForSettle=false cacheNow=[] allServers=[]
[9/28/2026, 11:09:59 AM.893] [Info] [pid=4484] [MCP][cacheDbg] getConnectedServers() returning: [] (size=0)
[9/28/2026, 11:09:59 AM.897] [Info] [pid=4484] [CustomModelsProductProvider] productName=WorkBuddy, isWorkBuddy=true, userConfigPath=/Users/didi/.workbuddy/models.json
[9/28/2026, 11:09:59 AM.897] [Info] [pid=4484] Loaded custom models config from user: /Users/didi/.workbuddy/models.json
[9/28/2026, 11:09:59 AM.897] [Info] [pid=4484] [ModelsProductProvider] enterpriseId: undefined, endpoint: https://www.workbuddy.cn
[9/28/2026, 11:09:59 AM.897] [Warning] [pid=4484] [ModelsProductProvider] enterpriseId is missing, skipping models API call
[9/28/2026, 11:09:59 AM.898] [Info] [pid=4484] [AgentModelResolver] product config input: 53 models, 23 agents
[9/28/2026, 11:10:29 AM.453] [Info] [pid=4484] [WorkflowMemProbe] tick runId=(none) | rss=118.5MB heap=76.3/83.5MB external=3.8MB arrayBuffers=0MB malloced=0.5/49.2MB heapLimit=4095.8MB cpuPercent=0.5
[9/28/2026, 11:10:59 AM.455] [Info] [pid=4484] [WorkflowMemProbe] tick runId=(none) | rss=118.6MB heap=76.6/83.5MB external=3.9MB arrayBuffers=0MB malloced=0.5/49.2MB heapLimit=4095.8MB cpuPercent=0.0
[9/28/2026, 11:11:29 AM.455] [Info] [pid=4484] [WorkflowMemProbe] tick runId=(none) | rss=118.7MB heap=77/83.5MB external=4MB arrayBuffers=0MB malloced=0.5/49.2MB heapLimit=4095.8MB cpuPercent=0.0
[9/28/2026, 11:11:59 AM.457] [Info] [pid=4484] [WorkflowMemProbe] tick runId=(none) | rss=111.9MB heap=77.3/83.5MB external=4MB arrayBuffers=0MB malloced=0.5/49.2MB heapLimit=4095.8MB cpuPercent=0.0
[9/28/2026, 11:12:29 AM.460] [Info] [pid=4484] [WorkflowMemProbe] tick runId=(none) | rss=93.8MB heap=77.7/83.5MB external=4.1MB arrayBuffers=0MB malloced=0.5/49.2MB heapLimit=4095.8MB cpuPercent=0.1
[9/28/2026, 11:12:59 AM.459] [Info] [pid=4484] [WorkflowMemProbe] tick runId=(none) | rss=63MB heap=78/83.7MB external=4.2MB arrayBuffers=0MB malloced=0.5/49.2MB heapLimit=4095.8MB cpuPercent=0.0
[9/28/2026, 11:13:29 AM.460] [Info] [pid=4484] [WorkflowMemProbe] tick runId=(none) | rss=63.2MB heap=78.3/84.2MB external=4.3MB arrayBuffers=0MB malloced=0.5/49.2MB heapLimit=4095.8MB cpuPercent=0.1
[9/28/2026, 11:13:59 AM.461] [Info] [pid=4484] [WorkflowMemProbe] tick runId=(none) | rss=63.5MB heap=78.6/84.5MB external=4.4MB arrayBuffers=0MB malloced=0.5/49.2MB heapLimit=4095.8MB cpuPercent=0.0
[9/28/2026, 11:14:29 AM.462] [Info] [pid=4484] [WorkflowMemProbe] tick runId=(none) | rss=63.7MB heap=79/84.7MB external=4.4MB arrayBuffers=0MB malloced=0.5/49.2MB heapLimit=4095.8MB cpuPercent=0.0
[9/28/2026, 11:14:59 AM.462] [Info] [pid=4484] [WorkflowMemProbe] tick runId=(none) | rss=71.9MB heap=76.4/80.7MB external=4.5MB arrayBuffers=0MB malloced=0.5/49.2MB heapLimit=4095.8MB cpuPercent=0.1
[9/28/2026, 11:15:29 AM.462] [Info] [pid=4484] [WorkflowMemProbe] tick runId=(none) | rss=72.5MB heap=76.8/80.7MB external=3.9MB arrayBuffers=0MB malloced=0.5/49.2MB heapLimit=4095.8MB cpuPercent=0.1
[9/28/2026, 11:15:59 AM.464] [Info] [pid=4484] [WorkflowMemProbe] tick runId=(none) | rss=74.9MB heap=76.5/80MB external=3.9MB arrayBuffers=0MB malloced=0.5/49.2MB heapLimit=4095.8MB cpuPercent=0.0
[9/28/2026, 11:16:29 AM.464] [Info] [pid=4484] [WorkflowMemProbe] tick runId=(none) | rss=75.5MB heap=76.9/80.5MB external=4MB arrayBuffers=0MB malloced=0.5/49.2MB heapLimit=4095.8MB cpuPercent=0.0
[9/28/2026, 11:16:59 AM.465] [Info] [pid=4484] [WorkflowMemProbe] tick runId=(none) | rss=75.5MB heap=76.5/80MB external=3.9MB arrayBuffers=0MB malloced=0.5/49.2MB heapLimit=4095.8MB cpuPercent=0.0
[9/28/2026, 11:17:29 AM.467] [Info] [pid=4484] [WorkflowMemProbe] tick runId=(none) | rss=75.9MB heap=76.9/80.2MB external=4MB arrayBuffers=0MB malloced=0.5/49.2MB heapLimit=4095.8MB cpuPercent=0.1
[9/28/2026, 11:17:59 AM.468] [Info] [pid=4484] [WorkflowMemProbe] tick runId=(none) | rss=76MB heap=77.2/80.5MB external=4MB arrayBuffers=0MB malloced=0.5/49.2MB heapLimit=4095.8MB cpuPercent=0.0
[9/28/2026, 11:17:59 AM.486] [Info] [pid=4484] [SettingsEndpointProductProvider] resolved endpoint=<unset> env=internal settingScopes=user | settings: enterpriseEndpoint=<unset> endpoint=<unset> envRouteMode=<unset>
[9/28/2026, 11:17:59 AM.491] [Info] [pid=4484] [PluginsProductProvider.provide] active=8, ids=[weixinpay@workbuddy-builtin,tencent-docs-plugin@workbuddy-builtin,sheetagent@workbuddy-builtin,tencent-pptx@workbuddy-builtin,tencent-docx@workbuddy-builtin,agent-browser@codebuddy-plugins-official,find-skills@codebuddy-plugins-official,finance-data@cb_teams_marketplace]
[9/28/2026, 11:17:59 AM.492] [Info] [pid=4484] [MCP][cacheDbg] getConnectedServers() called: nonInteractive=true waitForSettle=false cacheNow=[] allServers=[]
[9/28/2026, 11:17:59 AM.492] [Info] [pid=4484] [MCP][cacheDbg] getConnectedServers() returning: [] (size=0)
[9/28/2026, 11:17:59 AM.495] [Info] [pid=4484] [CustomModelsProductProvider] productName=WorkBuddy, isWorkBuddy=true, userConfigPath=/Users/didi/.workbuddy/models.json
[9/28/2026, 11:17:59 AM.495] [Info] [pid=4484] Loaded custom models config from user: /Users/didi/.workbuddy/models.json
[9/28/2026, 11:17:59 AM.495] [Info] [pid=4484] [ModelsProductProvider] enterpriseId: undefined, endpoint: https://www.workbuddy.cn
[9/28/2026, 11:17:59 AM.495] [Warning] [pid=4484] [ModelsProductProvider] enterpriseId is missing, skipping models API call
[9/28/2026, 11:17:59 AM.495] [Info] [pid=4484] [AgentModelResolver] product config input: 53 models, 23 agents
[9/28/2026, 11:18:29 AM.468] [Info] [pid=4484] [WorkflowMemProbe] tick runId=(none) | rss=96.7MB heap=83.3/88.9MB external=3.9MB arrayBuffers=0MB malloced=0.5/49.2MB heapLimit=4095.8MB cpuPercent=0.2
[9/28/2026, 11:18:59 AM.469] [Info] [pid=4484] [WorkflowMemProbe] tick runId=(none) | rss=96.7MB heap=83.5/88.9MB external=4MB arrayBuffers=0MB malloced=0.5/49.2MB heapLimit=4095.8MB cpuPercent=0.0
[9/28/2026, 11:19:29 AM.469] [Info] [pid=4484] [WorkflowMemProbe] tick runId=(none) | rss=117.3MB heap=76.4/80.2MB external=3.8MB arrayBuffers=0MB malloced=0.5/49.2MB heapLimit=4095.8MB cpuPercent=0.4
[9/28/2026, 11:19:59 AM.470] [Info] [pid=4484] [WorkflowMemProbe] tick runId=(none) | rss=116.5MB heap=76.7/80.2MB external=3.9MB arrayBuffers=0MB malloced=0.5/49.2MB heapLimit=4095.8MB cpuPercent=0.0
[9/28/2026, 11:20:29 AM.471] [Info] [pid=4484] [WorkflowMemProbe] tick runId=(none) | rss=106.7MB heap=76.3/79.5MB external=3.8MB arrayBuffers=0MB malloced=0.5/49.2MB heapLimit=4095.8MB cpuPercent=0.1
[9/28/2026, 11:20:59 AM.472] [Info] [pid=4484] [WorkflowMemProbe] tick runId=(none) | rss=102.3MB heap=76.5/79.7MB external=3.9MB arrayBuffers=0MB malloced=0.5/49.2MB heapLimit=4095.8MB cpuPercent=0.0
[9/28/2026, 11:21:29 AM.479] [Info] [pid=4484] [WorkflowMemProbe] tick runId=(none) | rss=107.2MB heap=76.3/79.5MB external=3.8MB arrayBuffers=0MB malloced=0.5/49.2MB heapLimit=4095.8MB cpuPercent=0.1
[9/28/2026, 11:21:59 AM.497] [Info] [pid=4484] [WorkflowMemProbe] tick runId=(none) | rss=52.1MB heap=76.6/79.7MB external=3.9MB arrayBuffers=0MB malloced=0.5/49.2MB heapLimit=4095.8MB cpuPercent=0.1
[9/28/2026, 11:22:29 AM.497] [Info] [pid=4484] [WorkflowMemProbe] tick runId=(none) | rss=66.3MB heap=76.9/80MB external=4MB arrayBuffers=0MB malloced=0.5/49.2MB heapLimit=4095.8MB cpuPercent=0.1
[9/28/2026, 11:22:59 AM.498] [Info] [pid=4484] [WorkflowMemProbe] tick runId=(none) | rss=70.5MB heap=76.6/80.7MB external=3.9MB arrayBuffers=0MB malloced=0.5/49.2MB heapLimit=4095.8MB cpuPercent=0.0
[9/28/2026, 11:23:29 AM.499] [Info] [pid=4484] [WorkflowMemProbe] tick runId=(none) | rss=69.9MB heap=76.9/81MB external=4MB arrayBuffers=0MB malloced=0.5/49.2MB heapLimit=4095.8MB cpuPercent=0.1
[9/28/2026, 11:23:59 AM.500] [Info] [pid=4484] [WorkflowMemProbe] tick runId=(none) | rss=71.3MB heap=76.5/80.2MB external=3.9MB arrayBuffers=0MB malloced=0.5/49.2MB heapLimit=4095.8MB cpuPercent=0.1
[9/28/2026, 11:24:29 AM.502] [Info] [pid=4484] [WorkflowMemProbe] tick runId=(none) | rss=71.3MB heap=76.9/80.2MB external=4MB arrayBuffers=0MB malloced=0.5/49.2MB heapLimit=4095.8MB cpuPercent=0.1
[9/28/2026, 11:24:59 AM.502] [Info] [pid=4484] [WorkflowMemProbe] tick runId=(none) | rss=71MB heap=76.5/79.5MB external=3.9MB arrayBuffers=0MB malloced=0.5/49.2MB heapLimit=4095.8MB cpuPercent=0.1
[9/28/2026, 11:25:29 AM.504] [Info] [pid=4484] [WorkflowMemProbe] tick runId=(none) | rss=71.5MB heap=76.9/79.7MB external=4MB arrayBuffers=0MB malloced=0.5/49.2MB heapLimit=4095.8MB cpuPercent=0.1
[9/28/2026, 11:25:59 AM.507] [Info] [pid=4484] [WorkflowMemProbe] tick runId=(none) | rss=69.2MB heap=77.2/80MB external=4MB arrayBuffers=0MB malloced=0.5/49.2MB heapLimit=4095.8MB cpuPercent=0.1
[9/28/2026, 11:25:59 AM.525] [Info] [pid=4484] [SettingsEndpointProductProvider] resolved endpoint=<unset> env=internal settingScopes=user | settings: enterpriseEndpoint=<unset> endpoint=<unset> envRouteMode=<unset>
[9/28/2026, 11:25:59 AM.538] [Info] [pid=4484] [GitInfoCollector]  CODEBUDDY_GIT_REPO_SCAN_DISABLED 1
[9/28/2026, 11:25:59 AM.538] [Info] [pid=4484] [GitInfoCollector]  Git repository scan is disabled via CODEBUDDY_GIT_REPO_SCAN_DISABLED environment variable
[9/28/2026, 11:26:00 AM.042] [Info] [pid=4484] [CloudProductManager]  fetch cloud product request headers: {"authorization":"***","user-agent":"WorkBuddy/5.6.2 WorkBuddy/5.6.2 CLI/2.147.0","x-domain":"www.workbuddy.cn","x-product":"SaaS","x-request-id":"3d8f68cb94f2476fbd0dc1bdcd95585c","x-user-id":"fdee3d54-95b6-4e9c-aaff-50ad9505aab4"}
[9/28/2026, 11:26:00 AM.042] [Info] [pid=4484] [CloudProductManager]  fetch cloud product from url:https://www.workbuddy.cn/v3/config success, agents(1): cli, models(53): auto,fast-model,balanced-model,deep-model,hy3,hy3-b,hy3-c,hy3-x,hy4-preview,hy4-preview-f,minimax-m2.5,glm-5v-turbo,glm-5.3,glm-5.3-flash,glm-5.2,glm-5.1,glm-5.0-turbo,glm-4.6v,kimi-k3-1,kimi-k2.8-preview,kimi-k2.7,kimi-k2.6,kimi-k2.5,kimi-k2-thinking,minimax-m3,minimax-m2.7,glm-4.6,deepseek-v4-flash,deepseek-v4.1-flash,deepseek-v4-pro,deepseek-v3-2-volc,deepseek-v3-1-volc,deepseek-v3-1-lkeap,deepseek-v3-1,deepseek-v3-0324-lkeap,deepseek-r1-0528-lkeap,kimi-k2-instruct-taiji,completion-gf,default-1.1,hunyuan-3b,hunyuan-7b-dense,codewise-completions,codewise-rewrite,codewise-nes-a4-027-aide,codewise-jump,deepseek-r1-0528,deepseek-v3-0324-taco-completion,deepseek-v3-0324,default-1.2,hunyuan-2.0-instruct,hunyuan-chat,hunyuan-image-alpha,hunyuan-image-alpha-edit, cli agent models(16): auto,hy4-preview-f,hy3,hy3-x,deepseek-v4.1-flash,glm-5.3,glm-5.3-flash,glm-5.2,glm-5.1,glm-5v-turbo,minimax-m3,kimi-k3-1,kimi-k2.8-preview,kimi-k2.7,kimi-k2.6,deepseek-v4-pro
[9/28/2026, 11:26:00 AM.042] [Info] [pid=4484] [CloudProductManager]  Fetched configuration from remote [511ms]
[9/28/2026, 11:26:00 AM.045] [Info] [pid=4484] [PluginsProductProvider.provide] active=8, ids=[weixinpay@workbuddy-builtin,tencent-docs-plugin@workbuddy-builtin,sheetagent@workbuddy-builtin,tencent-pptx@workbuddy-builtin,tencent-docx@workbuddy-builtin,agent-browser@codebuddy-plugins-official,find-skills@codebuddy-plugins-official,finance-data@cb_teams_marketplace]
[9/28/2026, 11:26:00 AM.046] [Info] [pid=4484] [MCP][cacheDbg] getConnectedServers() called: nonInteractive=true waitForSettle=false cacheNow=[] allServers=[]
[9/28/2026, 11:26:00 AM.046] [Info] [pid=4484] [MCP][cacheDbg] getConnectedServers() returning: [] (size=0)
[9/28/2026, 11:26:00 AM.050] [Info] [pid=4484] [CustomModelsProductProvider] productName=WorkBuddy, isWorkBuddy=true, userConfigPath=/Users/didi/.workbuddy/models.json
[9/28/2026, 11:26:00 AM.050] [Info] [pid=4484] Loaded custom models config from user: /Users/didi/.workbuddy/models.json
[9/28/2026, 11:26:00 AM.051] [Info] [pid=4484] [ModelsProductProvider] enterpriseId: undefined, endpoint: https://www.workbuddy.cn
[9/28/2026, 11:26:00 AM.051] [Warning] [pid=4484] [ModelsProductProvider] enterpriseId is missing, skipping models API call
[9/28/2026, 11:26:00 AM.051] [Info] [pid=4484] [AgentModelResolver] product config input: 53 models, 23 agents
[9/28/2026, 11:26:29 AM.507] [Info] [pid=4484] [WorkflowMemProbe] tick runId=(none) | rss=117.9MB heap=76.4/83.2MB external=3.8MB arrayBuffers=0MB malloced=0.5/49.2MB heapLimit=4095.8MB cpuPercent=0.6
[9/28/2026, 11:26:59 AM.507] [Info] [pid=4484] [WorkflowMemProbe] tick runId=(none) | rss=117.9MB heap=76.7/83.2MB external=3.8MB arrayBuffers=0MB malloced=0.5/49.2MB heapLimit=4095.8MB cpuPercent=0.0
[9/28/2026, 11:27:29 AM.508] [Info] [pid=4484] [WorkflowMemProbe] tick runId=(none) | rss=111.1MB heap=77.1/83.2MB external=3.9MB arrayBuffers=0MB malloced=0.5/49.2MB heapLimit=4095.8MB cpuPercent=0.1
[9/28/2026, 11:27:59 AM.509] [Info] [pid=4484] [WorkflowMemProbe] tick runId=(none) | rss=108.9MB heap=77.4/83.2MB external=4MB arrayBuffers=0MB malloced=0.5/49.2MB heapLimit=4095.8MB cpuPercent=0.0
[9/28/2026, 11:28:29 AM.509] [Info] [pid=4484] [WorkflowMemProbe] tick runId=(none) | rss=66.2MB heap=77.8/83.2MB external=4.1MB arrayBuffers=0MB malloced=0.5/49.2MB heapLimit=4095.8MB cpuPercent=0.1
[9/28/2026, 11:28:59 AM.510] [Info] [pid=4484] [WorkflowMemProbe] tick runId=(none) | rss=66.8MB heap=78/83.5MB external=4.2MB arrayBuffers=0MB malloced=0.5/49.2MB heapLimit=4095.8MB cpuPercent=0.0
[9/28/2026, 11:29:29 AM.511] [Info] [pid=4484] [WorkflowMemProbe] tick runId=(none) | rss=67.9MB heap=78.4/84MB external=4.3MB arrayBuffers=0MB malloced=0.5/49.2MB heapLimit=4095.8MB cpuPercent=0.1
[9/28/2026, 11:29:59 AM.513] [Info] [pid=4484] [WorkflowMemProbe] tick runId=(none) | rss=68.9MB heap=78.7/84.2MB external=4.3MB arrayBuffers=0MB malloced=0.5/49.2MB heapLimit=4095.8MB cpuPercent=0.1
[9/28/2026, 11:30:29 AM.514] [Info] [pid=4484] [WorkflowMemProbe] tick runId=(none) | rss=73MB heap=79.1/84.5MB external=4.4MB arrayBuffers=0MB malloced=0.5/49.2MB heapLimit=4095.8MB cpuPercent=0.1
[9/28/2026, 11:30:59 AM.514] [Info] [pid=4484] [WorkflowMemProbe] tick runId=(none) | rss=73.3MB heap=79.3/84.7MB external=4.5MB arrayBuffers=0MB malloced=0.5/49.2MB heapLimit=4095.8MB cpuPercent=0.0
[9/28/2026, 11:31:29 AM.516] [Info] [pid=4484] [WorkflowMemProbe] tick runId=(none) | rss=76.8MB heap=76.8/80.5MB external=3.9MB arrayBuffers=0MB malloced=0.5/49.2MB heapLimit=4095.8MB cpuPercent=0.1
[9/28/2026, 11:31:59 AM.517] [Info] [pid=4484] [WorkflowMemProbe] tick runId=(none) | rss=79MB heap=76.6/79.7MB external=3.8MB arrayBuffers=0MB malloced=0.5/49.2MB heapLimit=4095.8MB cpuPercent=0.1
[9/28/2026, 11:32:29 AM.517] [Info] [pid=4484] [WorkflowMemProbe] tick runId=(none) | rss=71.1MB heap=77/80.2MB external=3.9MB arrayBuffers=0MB malloced=0.5/49.2MB heapLimit=4095.8MB cpuPercent=0.1
[9/28/2026, 11:32:59 AM.519] [Info] [pid=4484] [WorkflowMemProbe] tick runId=(none) | rss=71.3MB heap=76.6/79.7MB external=3.8MB arrayBuffers=0MB malloced=0.5/49.2MB heapLimit=4095.8MB cpuPercent=0.0
[9/28/2026, 11:33:29 AM.523] [Info] [pid=4484] [WorkflowMemProbe] tick runId=(none) | rss=46.5MB heap=77/80MB external=3.9MB arrayBuffers=0MB malloced=0.5/49.2MB heapLimit=4095.8MB cpuPercent=0.1
[9/28/2026, 11:33:59 AM.523] [Info] [pid=4484] [WorkflowMemProbe] tick runId=(none) | rss=58MB heap=77.2/80.2MB external=4MB arrayBuffers=0MB malloced=0.5/49.2MB heapLimit=4095.8MB cpuPercent=0.1
[9/28/2026, 11:33:59 AM.543] [Info] [pid=4484] [SettingsEndpointProductProvider] resolved endpoint=<unset> env=internal settingScopes=user | settings: enterpriseEndpoint=<unset> endpoint=<unset> envRouteMode=<unset>
[9/28/2026, 11:33:59 AM.549] [Info] [pid=4484] [PluginsProductProvider.provide] active=8, ids=[weixinpay@workbuddy-builtin,tencent-docs-plugin@workbuddy-builtin,sheetagent@workbuddy-builtin,tencent-pptx@workbuddy-builtin,tencent-docx@workbuddy-builtin,agent-browser@codebuddy-plugins-official,find-skills@codebuddy-plugins-official,finance-data@cb_teams_marketplace]
[9/28/2026, 11:33:59 AM.549] [Info] [pid=4484] [MCP][cacheDbg] getConnectedServers() called: nonInteractive=true waitForSettle=false cacheNow=[] allServers=[]
[9/28/2026, 11:33:59 AM.549] [Info] [pid=4484] [MCP][cacheDbg] getConnectedServers() returning: [] (size=0)
[9/28/2026, 11:33:59 AM.552] [Info] [pid=4484] [CustomModelsProductProvider] productName=WorkBuddy, isWorkBuddy=true, userConfigPath=/Users/didi/.workbuddy/models.json
[9/28/2026, 11:33:59 AM.552] [Info] [pid=4484] Loaded custom models config from user: /Users/didi/.workbuddy/models.json
[9/28/2026, 11:33:59 AM.552] [Info] [pid=4484] [ModelsProductProvider] enterpriseId: undefined, endpoint: https://www.workbuddy.cn
[9/28/2026, 11:33:59 AM.552] [Warning] [pid=4484] [ModelsProductProvider] enterpriseId is missing, skipping models API call
[9/28/2026, 11:33:59 AM.552] [Info] [pid=4484] [AgentModelResolver] product config input: 53 models, 23 agents
[9/28/2026, 11:34:29 AM.525] [Info] [pid=4484] [WorkflowMemProbe] tick runId=(none) | rss=70.5MB heap=83.5/88.6MB external=3.9MB arrayBuffers=0MB malloced=0.5/49.2MB heapLimit=4095.8MB cpuPercent=0.2
[9/28/2026, 11:34:59 AM.523] [Info] [pid=4484] [WorkflowMemProbe] tick runId=(none) | rss=104.6MB heap=76/80MB external=4MB arrayBuffers=0MB malloced=0.5/49.2MB heapLimit=4095.8MB cpuPercent=0.4
[9/28/2026, 11:35:29 AM.525] [Info] [pid=4484] [WorkflowMemProbe] tick runId=(none) | rss=104.8MB heap=76.6/80MB external=3.8MB arrayBuffers=0MB malloced=0.5/49.2MB heapLimit=4095.8MB cpuPercent=0.1
[9/28/2026, 11:35:59 AM.527] [Info] [pid=4484] [WorkflowMemProbe] tick runId=(none) | rss=90.2MB heap=76.9/80MB external=3.9MB arrayBuffers=0MB malloced=0.5/49.2MB heapLimit=4095.8MB cpuPercent=0.0
[9/28/2026, 11:36:29 AM.528] [Info] [pid=4484] [WorkflowMemProbe] tick runId=(none) | rss=67.7MB heap=76.5/79.5MB external=3.9MB arrayBuffers=0MB malloced=0.5/49.2MB heapLimit=4095.8MB cpuPercent=0.1
[9/28/2026, 11:36:59 AM.530] [Info] [pid=4484] [WorkflowMemProbe] tick runId=(none) | rss=67.3MB heap=76.8/79.7MB external=3.9MB arrayBuffers=0MB malloced=0.5/49.2MB heapLimit=4095.8MB cpuPercent=0.0
[9/28/2026, 11:37:29 AM.538] [Info] [pid=4484] [WorkflowMemProbe] tick runId=(none) | rss=68.1MB heap=76.5/79.5MB external=3.9MB arrayBuffers=0MB malloced=0.5/49.2MB heapLimit=4095.8MB cpuPercent=0.1
[9/28/2026, 11:37:59 AM.539] [Info] [pid=4484] [WorkflowMemProbe] tick runId=(none) | rss=68.5MB heap=76.8/79.7MB external=3.9MB arrayBuffers=0MB malloced=0.5/49.2MB heapLimit=4095.8MB cpuPercent=0.1
[9/28/2026, 11:38:29 AM.541] [Info] [pid=4484] [WorkflowMemProbe] tick runId=(none) | rss=67.3MB heap=76.5/80.5MB external=3.9MB arrayBuffers=0MB malloced=0.5/49.2MB heapLimit=4095.8MB cpuPercent=0.1
[9/28/2026, 11:38:59 AM.541] [Info] [pid=4484] [WorkflowMemProbe] tick runId=(none) | rss=68.1MB heap=76.8/80.7MB external=3.9MB arrayBuffers=0MB malloced=0.5/49.2MB heapLimit=4095.8MB cpuPercent=0.0
[9/28/2026, 11:39:29 AM.541] [Info] [pid=4484] [WorkflowMemProbe] tick runId=(none) | rss=67.8MB heap=76.5/80MB external=3.8MB arrayBuffers=0MB malloced=0.5/49.2MB heapLimit=4095.8MB cpuPercent=0.1
[9/28/2026, 11:39:59 AM.542] [Info] [pid=4484] [WorkflowMemProbe] tick runId=(none) | rss=67.2MB heap=76.8/80MB external=3.9MB arrayBuffers=0MB malloced=0.5/49.2MB heapLimit=4095.8MB cpuPercent=0.0
[9/28/2026, 11:40:29 AM.543] [Info] [pid=4484] [WorkflowMemProbe] tick runId=(none) | rss=57.3MB heap=76.5/79.2MB external=3.8MB arrayBuffers=0MB malloced=0.5/49.2MB heapLimit=4095.8MB cpuPercent=0.0
[9/28/2026, 11:40:59 AM.545] [Info] [pid=4484] [WorkflowMemProbe] tick runId=(none) | rss=48.1MB heap=76.8/79.5MB external=3.9MB arrayBuffers=0MB malloced=0.5/49.2MB heapLimit=4095.8MB cpuPercent=0.1
[9/28/2026, 11:41:29 AM.544] [Info] [pid=4484] [WorkflowMemProbe] tick runId=(none) | rss=63.1MB heap=77.2/80MB external=4MB arrayBuffers=0MB malloced=0.5/49.2MB heapLimit=4095.8MB cpuPercent=0.1
[9/28/2026, 11:41:59 AM.546] [Info] [pid=4484] [WorkflowMemProbe] tick runId=(none) | rss=67.1MB heap=76.8/79.5MB external=3.9MB arrayBuffers=0MB malloced=0.5/49.2MB heapLimit=4095.8MB cpuPercent=0.0
[9/28/2026, 11:41:59 AM.561] [Info] [pid=4484] [SettingsEndpointProductProvider] resolved endpoint=<unset> env=internal settingScopes=user | settings: enterpriseEndpoint=<unset> endpoint=<unset> envRouteMode=<unset>
[9/28/2026, 11:41:59 AM.575] [Info] [pid=4484] [GitInfoCollector]  CODEBUDDY_GIT_REPO_SCAN_DISABLED 1
[9/28/2026, 11:41:59 AM.575] [Info] [pid=4484] [GitInfoCollector]  Git repository scan is disabled via CODEBUDDY_GIT_REPO_SCAN_DISABLED environment variable
[9/28/2026, 11:41:59 AM.945] [Info] [pid=4484] [CloudProductManager]  fetch cloud product request headers: {"authorization":"***","user-agent":"WorkBuddy/5.6.2 WorkBuddy/5.6.2 CLI/2.147.0","x-domain":"www.workbuddy.cn","x-product":"SaaS","x-request-id":"a8c476815bb4471cb3273048230f6661","x-user-id":"fdee3d54-95b6-4e9c-aaff-50ad9505aab4"}
[9/28/2026, 11:41:59 AM.945] [Info] [pid=4484] [CloudProductManager]  fetch cloud product from url:https://www.workbuddy.cn/v3/config success, agents(1): cli, models(53): auto,fast-model,balanced-model,deep-model,hy3,hy3-b,hy3-c,hy3-x,hy4-preview,hy4-preview-f,minimax-m2.5,glm-5v-turbo,glm-5.3,glm-5.3-flash,glm-5.2,glm-5.1,glm-5.0-turbo,glm-4.6v,kimi-k3-1,kimi-k2.8-preview,kimi-k2.7,kimi-k2.6,kimi-k2.5,kimi-k2-thinking,minimax-m3,minimax-m2.7,glm-4.6,deepseek-v4-flash,deepseek-v4.1-flash,deepseek-v4-pro,deepseek-v3-2-volc,deepseek-v3-1-volc,deepseek-v3-1-lkeap,deepseek-v3-1,deepseek-v3-0324-lkeap,deepseek-r1-0528-lkeap,kimi-k2-instruct-taiji,completion-gf,default-1.1,hunyuan-3b,hunyuan-7b-dense,codewise-completions,codewise-rewrite,codewise-nes-a4-027-aide,codewise-jump,deepseek-r1-0528,deepseek-v3-0324-taco-completion,deepseek-v3-0324,default-1.2,hunyuan-2.0-instruct,hunyuan-chat,hunyuan-image-alpha,hunyuan-image-alpha-edit, cli agent models(16): auto,hy4-preview-f,hy3,hy3-x,deepseek-v4.1-flash,glm-5.3,glm-5.3-flash,glm-5.2,glm-5.1,glm-5v-turbo,minimax-m3,kimi-k3-1,kimi-k2.8-preview,kimi-k2.7,kimi-k2.6,deepseek-v4-pro
[9/28/2026, 11:41:59 AM.945] [Info] [pid=4484] [CloudProductManager]  Fetched configuration from remote [378ms]
[9/28/2026, 11:41:59 AM.949] [Info] [pid=4484] [PluginsProductProvider.provide] active=8, ids=[weixinpay@workbuddy-builtin,tencent-docs-plugin@workbuddy-builtin,sheetagent@workbuddy-builtin,tencent-pptx@workbuddy-builtin,tencent-docx@workbuddy-builtin,agent-browser@codebuddy-plugins-official,find-skills@codebuddy-plugins-official,finance-data@cb_teams_marketplace]
[9/28/2026, 11:41:59 AM.949] [Info] [pid=4484] [MCP][cacheDbg] getConnectedServers() called: nonInteractive=true waitForSettle=false cacheNow=[] allServers=[]
[9/28/2026, 11:41:59 AM.950] [Info] [pid=4484] [MCP][cacheDbg] getConnectedServers() returning: [] (size=0)
[9/28/2026, 11:41:59 AM.955] [Info] [pid=4484] [CustomModelsProductProvider] productName=WorkBuddy, isWorkBuddy=true, userConfigPath=/Users/didi/.workbuddy/models.json
[9/28/2026, 11:41:59 AM.955] [Info] [pid=4484] Loaded custom models config from user: /Users/didi/.workbuddy/models.json
[9/28/2026, 11:41:59 AM.956] [Info] [pid=4484] [ModelsProductProvider] enterpriseId: undefined, endpoint: https://www.workbuddy.cn
[9/28/2026, 11:41:59 AM.956] [Warning] [pid=4484] [ModelsProductProvider] enterpriseId is missing, skipping models API call
[9/28/2026, 11:41:59 AM.956] [Info] [pid=4484] [AgentModelResolver] product config input: 53 models, 23 agents
[9/28/2026, 11:42:29 AM.550] [Info] [pid=4484] [WorkflowMemProbe] tick runId=(none) | rss=57.7MB heap=76.5/83.7MB external=3.8MB arrayBuffers=0MB malloced=0.5/49.2MB heapLimit=4095.8MB cpuPercent=0.5
[9/28/2026, 11:42:59 AM.550] [Info] [pid=4484] [WorkflowMemProbe] tick runId=(none) | rss=60.8MB heap=76.8/83.7MB external=3.8MB arrayBuffers=0MB malloced=0.5/49.2MB heapLimit=4095.8MB cpuPercent=0.1
[9/28/2026, 11:43:29 AM.552] [Info] [pid=4484] [WorkflowMemProbe] tick runId=(none) | rss=54.7MB heap=77.2/83.7MB external=3.9MB arrayBuffers=0MB malloced=0.5/49.2MB heapLimit=4095.8MB cpuPercent=0.1
[9/28/2026, 11:43:59 AM.551] [Info] [pid=4484] [WorkflowMemProbe] tick runId=(none) | rss=66MB heap=77.4/83.7MB external=4MB arrayBuffers=0MB malloced=0.5/49.2MB heapLimit=4095.8MB cpuPercent=0.0
[9/28/2026, 11:44:29 AM.555] [Info] [pid=4484] [WorkflowMemProbe] tick runId=(none) | rss=49.3MB heap=77.8/83.7MB external=4.1MB arrayBuffers=0MB malloced=0.5/49.2MB heapLimit=4095.8MB cpuPercent=0.1
[9/28/2026, 11:44:59 AM.556] [Info] [pid=4484] [WorkflowMemProbe] tick runId=(none) | rss=56.8MB heap=78.1/83.7MB external=4.2MB arrayBuffers=0MB malloced=0.5/49.2MB heapLimit=4095.8MB cpuPercent=0.1
[9/28/2026, 11:45:29 AM.555] [Info] [pid=4484] [WorkflowMemProbe] tick runId=(none) | rss=65.5MB heap=78.5/84.2MB external=4.3MB arrayBuffers=0MB malloced=0.5/49.2MB heapLimit=4095.8MB cpuPercent=0.1
[9/28/2026, 11:45:59 AM.556] [Info] [pid=4484] [WorkflowMemProbe] tick runId=(none) | rss=66.5MB heap=78.8/84.5MB external=4.3MB arrayBuffers=0MB malloced=0.5/49.2MB heapLimit=4095.8MB cpuPercent=0.0
[9/28/2026, 11:46:29 AM.558] [Info] [pid=4484] [WorkflowMemProbe] tick runId=(none) | rss=67.9MB heap=79.2/84.7MB external=4.4MB arrayBuffers=0MB malloced=0.5/49.2MB heapLimit=4095.8MB cpuPercent=0.1
[9/28/2026, 11:46:59 AM.558] [Info] [pid=4484] [WorkflowMemProbe] tick runId=(none) | rss=73.5MB heap=76.6/80.7MB external=3.8MB arrayBuffers=0MB malloced=0.5/49.2MB heapLimit=4095.8MB cpuPercent=0.1
[9/28/2026, 11:47:29 AM.562] [Info] [pid=4484] [WorkflowMemProbe] tick runId=(none) | rss=63.5MB heap=76.9/80.7MB external=3.9MB arrayBuffers=0MB malloced=0.5/49.2MB heapLimit=4095.8MB cpuPercent=0.1
[9/28/2026, 11:47:59 AM.562] [Info] [pid=4484] [WorkflowMemProbe] tick runId=(none) | rss=71.3MB heap=76.8/80MB external=3.9MB arrayBuffers=0MB malloced=0.5/49.2MB heapLimit=4095.8MB cpuPercent=0.1
[9/28/2026, 11:48:29 AM.564] [Info] [pid=4484] [WorkflowMemProbe] tick runId=(none) | rss=66.2MB heap=77.1/80.5MB external=4MB arrayBuffers=0MB malloced=0.5/49.2MB heapLimit=4095.8MB cpuPercent=0.1
[9/28/2026, 11:48:59 AM.565] [Info] [pid=4484] [WorkflowMemProbe] tick runId=(none) | rss=69.9MB heap=76.8/80MB external=3.9MB arrayBuffers=0MB malloced=0.5/49.2MB heapLimit=4095.8MB cpuPercent=0.1
[9/28/2026, 11:49:29 AM.567] [Info] [pid=4484] [WorkflowMemProbe] tick runId=(none) | rss=64.8MB heap=77.2/80.5MB external=4MB arrayBuffers=0MB malloced=0.5/49.2MB heapLimit=4095.8MB cpuPercent=0.1
[9/28/2026, 11:49:59 AM.569] [Info] [pid=4484] [WorkflowMemProbe] tick runId=(none) | rss=66.1MB heap=76.8/81MB external=3.9MB arrayBuffers=0MB malloced=0.5/49.2MB heapLimit=4095.8MB cpuPercent=0.0
[9/28/2026, 11:49:59 AM.588] [Info] [pid=4484] [SettingsEndpointProductProvider] resolved endpoint=<unset> env=internal settingScopes=user | settings: enterpriseEndpoint=<unset> endpoint=<unset> envRouteMode=<unset>
[9/28/2026, 11:49:59 AM.594] [Info] [pid=4484] [PluginsProductProvider.provide] active=8, ids=[weixinpay@workbuddy-builtin,tencent-docs-plugin@workbuddy-builtin,sheetagent@workbuddy-builtin,tencent-pptx@workbuddy-builtin,tencent-docx@workbuddy-builtin,agent-browser@codebuddy-plugins-official,find-skills@codebuddy-plugins-official,finance-data@cb_teams_marketplace]
[9/28/2026, 11:49:59 AM.594] [Info] [pid=4484] [MCP][cacheDbg] getConnectedServers() called: nonInteractive=true waitForSettle=false cacheNow=[] allServers=[]
[9/28/2026, 11:49:59 AM.594] [Info] [pid=4484] [MCP][cacheDbg] getConnectedServers() returning: [] (size=0)
[9/28/2026, 11:49:59 AM.597] [Info] [pid=4484] [CustomModelsProductProvider] productName=WorkBuddy, isWorkBuddy=true, userConfigPath=/Users/didi/.workbuddy/models.json
[9/28/2026, 11:49:59 AM.598] [Info] [pid=4484] Loaded custom models config from user: /Users/didi/.workbuddy/models.json
[9/28/2026, 11:49:59 AM.598] [Info] [pid=4484] [ModelsProductProvider] enterpriseId: undefined, endpoint: https://www.workbuddy.cn
[9/28/2026, 11:49:59 AM.598] [Warning] [pid=4484] [ModelsProductProvider] enterpriseId is missing, skipping models API call
[9/28/2026, 11:49:59 AM.598] [Info] [pid=4484] [AgentModelResolver] product config input: 53 models, 23 agents
[9/28/2026, 11:50:29 AM.569] [Info] [pid=4484] [WorkflowMemProbe] tick runId=(none) | rss=105.5MB heap=76.5/81.7MB external=3.8MB arrayBuffers=0MB malloced=0.5/49.2MB heapLimit=4095.8MB cpuPercent=0.5
[9/28/2026, 11:50:59 AM.570] [Info] [pid=4484] [WorkflowMemProbe] tick runId=(none) | rss=106.6MB heap=76.8/81.7MB external=3.9MB arrayBuffers=0MB malloced=0.5/49.2MB heapLimit=4095.8MB cpuPercent=0.0
[9/28/2026, 11:51:29 AM.570] [Info] [pid=4484] [WorkflowMemProbe] tick runId=(none) | rss=106.3MB heap=77.2/81.7MB external=4MB arrayBuffers=0MB malloced=0.5/49.2MB heapLimit=4095.8MB cpuPercent=0.1
[9/28/2026, 11:51:59 AM.571] [Info] [pid=4484] [WorkflowMemProbe] tick runId=(none) | rss=103.3MB heap=77.5/81.7MB external=4MB arrayBuffers=0MB malloced=0.5/49.2MB heapLimit=4095.8MB cpuPercent=0.0
[9/28/2026, 11:52:29 AM.572] [Info] [pid=4484] [WorkflowMemProbe] tick runId=(none) | rss=63.2MB heap=77.8/82MB external=4.1MB arrayBuffers=0MB malloced=0.5/49.2MB heapLimit=4095.8MB cpuPercent=0.1
[9/28/2026, 11:52:59 AM.439] [Info] [pid=4484] [WorkflowMemProbe] tick runId=(none) | rss=59.9MB heap=78.1/82.2MB external=4.2MB arrayBuffers=0MB malloced=0.5/49.2MB heapLimit=4095.8MB cpuPercent=0.1
[9/28/2026, 11:53:29 AM.438] [Info] [pid=4484] [WorkflowMemProbe] tick runId=(none) | rss=64.3MB heap=78.5/82.5MB external=4.3MB arrayBuffers=0MB malloced=0.5/49.2MB heapLimit=4095.8MB cpuPercent=0.1
[9/28/2026, 11:53:59 AM.441] [Info] [pid=4484] [WorkflowMemProbe] tick runId=(none) | rss=47.9MB heap=78.7/82.7MB external=4.4MB arrayBuffers=0MB malloced=0.5/49.2MB heapLimit=4095.8MB cpuPercent=0.1
[9/28/2026, 11:54:29 AM.439] [Info] [pid=4484] [WorkflowMemProbe] tick runId=(none) | rss=61.2MB heap=79.1/83.2MB external=4.5MB arrayBuffers=0MB malloced=0.5/49.2MB heapLimit=4095.8MB cpuPercent=0.1
[9/28/2026, 11:54:59 AM.438] [Info] [pid=4484] [WorkflowMemProbe] tick runId=(none) | rss=63.3MB heap=79.4/83.5MB external=4.5MB arrayBuffers=0MB malloced=0.5/49.2MB heapLimit=4095.8MB cpuPercent=0.1
[9/28/2026, 11:55:29 AM.442] [Info] [pid=4484] [WorkflowMemProbe] tick runId=(none) | rss=59.7MB heap=76.9/80MB external=3.9MB arrayBuffers=0MB malloced=0.5/49.2MB heapLimit=4095.8MB cpuPercent=0.1
[9/28/2026, 11:55:59 AM.439] [Info] [pid=4484] [WorkflowMemProbe] tick runId=(none) | rss=71.5MB heap=76.8/80.2MB external=3.9MB arrayBuffers=0MB malloced=0.5/49.2MB heapLimit=4095.8MB cpuPercent=0.1
[9/28/2026, 11:56:29 AM.440] [Info] [pid=4484] [WorkflowMemProbe] tick runId=(none) | rss=74.7MB heap=77.1/80.7MB external=4MB arrayBuffers=0MB malloced=0.5/49.2MB heapLimit=4095.8MB cpuPercent=0.1
[9/28/2026, 11:56:59 AM.441] [Info] [pid=4484] [WorkflowMemProbe] tick runId=(none) | rss=74.8MB heap=77.4/81MB external=4MB arrayBuffers=0MB malloced=0.5/49.2MB heapLimit=4095.8MB cpuPercent=0.1
[9/28/2026, 11:57:29 AM.442] [Info] [pid=4484] [WorkflowMemProbe] tick runId=(none) | rss=74.9MB heap=77.1/80MB external=4MB arrayBuffers=0MB malloced=0.5/49.2MB heapLimit=4095.8MB cpuPercent=0.1
[9/28/2026, 11:57:59 AM.443] [Info] [pid=4484] [WorkflowMemProbe] tick runId=(none) | rss=74.9MB heap=77.4/80MB external=4MB arrayBuffers=0MB malloced=0.5/49.2MB heapLimit=4095.8MB cpuPercent=0.1
[9/28/2026, 11:58:29 AM.445] [Info] [pid=4484] [WorkflowMemProbe] tick runId=(none) | rss=75.4MB heap=77.1/79.5MB external=4MB arrayBuffers=0MB malloced=0.5/49.2MB heapLimit=4095.8MB cpuPercent=0.1
[9/28/2026, 11:58:29 AM.460] [Info] [pid=4484] [SettingsEndpointProductProvider] resolved endpoint=<unset> env=internal settingScopes=user | settings: enterpriseEndpoint=<unset> endpoint=<unset> envRouteMode=<unset>
[9/28/2026, 11:58:29 AM.474] [Info] [pid=4484] [GitInfoCollector]  CODEBUDDY_GIT_REPO_SCAN_DISABLED 1
[9/28/2026, 11:58:29 AM.475] [Info] [pid=4484] [GitInfoCollector]  Git repository scan is disabled via CODEBUDDY_GIT_REPO_SCAN_DISABLED environment variable
[9/28/2026, 11:58:30 AM.179] [Info] [pid=4484] [CloudProductManager]  fetch cloud product request headers: {"authorization":"***","user-agent":"WorkBuddy/5.6.2 WorkBuddy/5.6.2 CLI/2.147.0","x-domain":"www.workbuddy.cn","x-product":"SaaS","x-request-id":"03685d0871f34767805a8ffa0e123246","x-user-id":"fdee3d54-95b6-4e9c-aaff-50ad9505aab4"}
[9/28/2026, 11:58:30 AM.179] [Info] [pid=4484] [CloudProductManager]  fetch cloud product from url:https://www.workbuddy.cn/v3/config success, agents(1): cli, models(53): auto,fast-model,balanced-model,deep-model,hy3,hy3-b,hy3-c,hy3-x,hy4-preview,hy4-preview-f,minimax-m2.5,glm-5v-turbo,glm-5.3,glm-5.3-flash,glm-5.2,glm-5.1,glm-5.0-turbo,glm-4.6v,kimi-k3-1,kimi-k2.8-preview,kimi-k2.7,kimi-k2.6,kimi-k2.5,kimi-k2-thinking,minimax-m3,minimax-m2.7,glm-4.6,deepseek-v4-flash,deepseek-v4.1-flash,deepseek-v4-pro,deepseek-v3-2-volc,deepseek-v3-1-volc,deepseek-v3-1-lkeap,deepseek-v3-1,deepseek-v3-0324-lkeap,deepseek-r1-0528-lkeap,kimi-k2-instruct-taiji,completion-gf,default-1.1,hunyuan-3b,hunyuan-7b-dense,codewise-completions,codewise-rewrite,codewise-nes-a4-027-aide,codewise-jump,deepseek-r1-0528,deepseek-v3-0324-taco-completion,deepseek-v3-0324,default-1.2,hunyuan-2.0-instruct,hunyuan-chat,hunyuan-image-alpha,hunyuan-image-alpha-edit, cli agent models(16): auto,hy4-preview-f,hy3,hy3-x,deepseek-v4.1-flash,glm-5.3,glm-5.3-flash,glm-5.2,glm-5.1,glm-5v-turbo,minimax-m3,kimi-k3-1,kimi-k2.8-preview,kimi-k2.7,kimi-k2.6,deepseek-v4-pro
[9/28/2026, 11:58:30 AM.180] [Info] [pid=4484] [CloudProductManager]  Fetched configuration from remote [712ms]
[9/28/2026, 11:58:30 AM.184] [Info] [pid=4484] [PluginsProductProvider.provide] active=8, ids=[weixinpay@workbuddy-builtin,tencent-docs-plugin@workbuddy-builtin,sheetagent@workbuddy-builtin,tencent-pptx@workbuddy-builtin,tencent-docx@workbuddy-builtin,agent-browser@codebuddy-plugins-official,find-skills@codebuddy-plugins-official,finance-data@cb_teams_marketplace]
[9/28/2026, 11:58:30 AM.184] [Info] [pid=4484] [MCP][cacheDbg] getConnectedServers() called: nonInteractive=true waitForSettle=false cacheNow=[] allServers=[]
[9/28/2026, 11:58:30 AM.184] [Info] [pid=4484] [MCP][cacheDbg] getConnectedServers() returning: [] (size=0)
[9/28/2026, 11:58:30 AM.189] [Info] [pid=4484] [CustomModelsProductProvider] productName=WorkBuddy, isWorkBuddy=true, userConfigPath=/Users/didi/.workbuddy/models.json
[9/28/2026, 11:58:30 AM.189] [Info] [pid=4484] Loaded custom models config from user: /Users/didi/.workbuddy/models.json
[9/28/2026, 11:58:30 AM.190] [Info] [pid=4484] [ModelsProductProvider] enterpriseId: undefined, endpoint: https://www.workbuddy.cn
[9/28/2026, 11:58:30 AM.190] [Warning] [pid=4484] [ModelsProductProvider] enterpriseId is missing, skipping models API call
[9/28/2026, 11:58:30 AM.190] [Info] [pid=4484] [AgentModelResolver] product config input: 53 models, 23 agents
[9/28/2026, 11:58:59 AM.446] [Info] [pid=4484] [WorkflowMemProbe] tick runId=(none) | rss=117.6MB heap=76.5/83.5MB external=3.7MB arrayBuffers=0MB malloced=0.5/49.2MB heapLimit=4095.8MB cpuPercent=0.5
[9/28/2026, 11:59:29 AM.446] [Info] [pid=4484] [WorkflowMemProbe] tick runId=(none) | rss=117.6MB heap=77/83.5MB external=3.9MB arrayBuffers=0MB malloced=0.5/49.2MB heapLimit=4095.8MB cpuPercent=0.1
[9/28/2026, 11:59:59 AM.446] [Info] [pid=4484] [WorkflowMemProbe] tick runId=(none) | rss=112.7MB heap=77.3/83.5MB external=3.9MB arrayBuffers=0MB malloced=0.5/49.2MB heapLimit=4095.8MB cpuPercent=0.1
[9/28/2026, 12:00:29 PM.450] [Info] [pid=4484] [WorkflowMemProbe] tick runId=(none) | rss=24.2MB heap=77.7/83.5MB external=4MB arrayBuffers=0MB malloced=0.5/49.2MB heapLimit=4095.8MB cpuPercent=0.1
[9/28/2026, 12:00:59 PM.435] [Info] [pid=4484] [WorkflowMemProbe] tick runId=(none) | rss=45.6MB heap=77.9/83.5MB external=4.1MB arrayBuffers=0MB malloced=0.5/49.2MB heapLimit=4095.8MB cpuPercent=0.1
[9/28/2026, 12:16:19 PM.539] [Info] [pid=4484] [WorkflowMemProbe] tick runId=(none) | rss=61.3MB heap=78.3/84MB external=4.2MB arrayBuffers=0MB malloced=0.5/49.2MB heapLimit=4095.8MB cpuPercent=0.0
[9/28/2026, 12:16:19 PM.551] [Info] [pid=4484] [SettingsEndpointProductProvider] resolved endpoint=<unset> env=internal settingScopes=user | settings: enterpriseEndpoint=<unset> endpoint=<unset> envRouteMode=<unset>
[9/28/2026, 12:16:19 PM.598] [Info] [pid=4484] [GitInfoCollector]  CODEBUDDY_GIT_REPO_SCAN_DISABLED 1
[9/28/2026, 12:16:19 PM.598] [Info] [pid=4484] [GitInfoCollector]  Git repository scan is disabled via CODEBUDDY_GIT_REPO_SCAN_DISABLED environment variable
[9/28/2026, 12:16:20 PM.144] [Info] [pid=4484] [CloudProductManager]  fetch cloud product request headers: {"authorization":"***","user-agent":"WorkBuddy/5.6.2 WorkBuddy/5.6.2 CLI/2.147.0","x-domain":"www.workbuddy.cn","x-product":"SaaS","x-request-id":"85fd133aee7042d2a0bff74f04dc09e3","x-user-id":"fdee3d54-95b6-4e9c-aaff-50ad9505aab4"}
[9/28/2026, 12:16:20 PM.144] [Info] [pid=4484] [CloudProductManager]  fetch cloud product from url:https://www.workbuddy.cn/v3/config success, agents(1): cli, models(53): auto,fast-model,balanced-model,deep-model,hy3,hy3-b,hy3-c,hy3-x,hy4-preview,hy4-preview-f,minimax-m2.5,glm-5v-turbo,glm-5.3,glm-5.3-flash,glm-5.2,glm-5.1,glm-5.0-turbo,glm-4.6v,kimi-k3-1,kimi-k2.8-preview,kimi-k2.7,kimi-k2.6,kimi-k2.5,kimi-k2-thinking,minimax-m3,minimax-m2.7,glm-4.6,deepseek-v4-flash,deepseek-v4.1-flash,deepseek-v4-pro,deepseek-v3-2-volc,deepseek-v3-1-volc,deepseek-v3-1-lkeap,deepseek-v3-1,deepseek-v3-0324-lkeap,deepseek-r1-0528-lkeap,kimi-k2-instruct-taiji,completion-gf,default-1.1,hunyuan-3b,hunyuan-7b-dense,codewise-completions,codewise-rewrite,codewise-nes-a4-027-aide,codewise-jump,deepseek-r1-0528,deepseek-v3-0324-taco-completion,deepseek-v3-0324,default-1.2,hunyuan-2.0-instruct,hunyuan-chat,hunyuan-image-alpha,hunyuan-image-alpha-edit, cli agent models(16): auto,hy4-preview-f,hy3,hy3-x,deepseek-v4.1-flash,glm-5.3,glm-5.3-flash,glm-5.2,glm-5.1,glm-5v-turbo,minimax-m3,kimi-k3-1,kimi-k2.8-preview,kimi-k2.7,kimi-k2.6,deepseek-v4-pro
[9/28/2026, 12:16:20 PM.144] [Info] [pid=4484] [CloudProductManager]  Fetched configuration from remote [585ms]
[9/28/2026, 12:16:20 PM.145] [Info] [pid=4484] [PluginsProductProvider.provide] active=8, ids=[weixinpay@workbuddy-builtin,tencent-docs-plugin@workbuddy-builtin,sheetagent@workbuddy-builtin,tencent-pptx@workbuddy-builtin,tencent-docx@workbuddy-builtin,agent-browser@codebuddy-plugins-official,find-skills@codebuddy-plugins-official,finance-data@cb_teams_marketplace]
[9/28/2026, 12:16:20 PM.146] [Info] [pid=4484] [MCP][cacheDbg] getConnectedServers() called: nonInteractive=true waitForSettle=false cacheNow=[] allServers=[]
[9/28/2026, 12:16:20 PM.146] [Info] [pid=4484] [MCP][cacheDbg] getConnectedServers() returning: [] (size=0)
[9/28/2026, 12:16:20 PM.149] [Info] [pid=4484] [CustomModelsProductProvider] productName=WorkBuddy, isWorkBuddy=true, userConfigPath=/Users/didi/.workbuddy/models.json
[9/28/2026, 12:16:20 PM.149] [Info] [pid=4484] Loaded custom models config from user: /Users/didi/.workbuddy/models.json
[9/28/2026, 12:16:20 PM.149] [Info] [pid=4484] [ModelsProductProvider] enterpriseId: undefined, endpoint: https://www.workbuddy.cn
[9/28/2026, 12:16:20 PM.149] [Warning] [pid=4484] [ModelsProductProvider] enterpriseId is missing, skipping models API call
[9/28/2026, 12:16:20 PM.149] [Info] [pid=4484] [AgentModelResolver] product config input: 53 models, 23 agents
[9/28/2026, 12:16:49 PM.534] [Info] [pid=4484] [WorkflowMemProbe] tick runId=(none) | rss=95.8MB heap=82.7/88.8MB external=3.9MB arrayBuffers=0MB malloced=0.5/49.2MB heapLimit=4095.8MB cpuPercent=0.3
[9/28/2026, 12:17:19 PM.535] [Info] [pid=4484] [WorkflowMemProbe] tick runId=(none) | rss=95.5MB heap=83.1/88.8MB external=4MB arrayBuffers=0MB malloced=0.5/49.2MB heapLimit=4095.8MB cpuPercent=0.1
[9/28/2026, 12:17:49 PM.536] [Info] [pid=4484] [WorkflowMemProbe] tick runId=(none) | rss=93.4MB heap=83.5/88.8MB external=4.1MB arrayBuffers=0MB malloced=0.5/49.2MB heapLimit=4095.8MB cpuPercent=0.1
[9/28/2026, 12:18:19 PM.535] [Info] [pid=4484] [WorkflowMemProbe] tick runId=(none) | rss=93.5MB heap=83.8/89.1MB external=4.1MB arrayBuffers=0MB malloced=0.5/49.2MB heapLimit=4095.8MB cpuPercent=0.0
[9/28/2026, 12:18:49 PM.536] [Info] [pid=4484] [WorkflowMemProbe] tick runId=(none) | rss=93.7MB heap=84.2/89.6MB external=4.2MB arrayBuffers=0MB malloced=0.5/49.2MB heapLimit=4095.8MB cpuPercent=0.1
[9/28/2026, 12:19:19 PM.538] [Info] [pid=4484] [WorkflowMemProbe] tick runId=(none) | rss=94MB heap=84.4/89.8MB external=4.3MB arrayBuffers=0MB malloced=0.5/49.2MB heapLimit=4095.8MB cpuPercent=0.0
[9/28/2026, 12:19:49 PM.539] [Info] [pid=4484] [WorkflowMemProbe] tick runId=(none) | rss=94.3MB heap=84.8/90.1MB external=4.4MB arrayBuffers=0MB malloced=0.5/49.2MB heapLimit=4095.8MB cpuPercent=0.1
[9/28/2026, 12:20:19 PM.542] [Info] [pid=4484] [WorkflowMemProbe] tick runId=(none) | rss=94.9MB heap=81.1/83.8MB external=4MB arrayBuffers=0MB malloced=0.5/49.2MB heapLimit=4095.8MB cpuPercent=0.1
[9/28/2026, 12:20:49 PM.544] [Info] [pid=4484] [WorkflowMemProbe] tick runId=(none) | rss=95MB heap=81/84.1MB external=4MB arrayBuffers=0MB malloced=0.5/49.2MB heapLimit=4095.8MB cpuPercent=0.1
[9/28/2026, 12:21:19 PM.544] [Info] [pid=4484] [WorkflowMemProbe] tick runId=(none) | rss=95.1MB heap=81.3/84.3MB external=4MB arrayBuffers=0MB malloced=0.5/49.2MB heapLimit=4095.8MB cpuPercent=0.1
[9/28/2026, 12:21:49 PM.545] [Info] [pid=4484] [WorkflowMemProbe] tick runId=(none) | rss=95.1MB heap=81.6/84.8MB external=4.1MB arrayBuffers=0MB malloced=0.5/49.2MB heapLimit=4095.8MB cpuPercent=0.0
[9/28/2026, 12:22:19 PM.545] [Info] [pid=4484] [WorkflowMemProbe] tick runId=(none) | rss=95.2MB heap=81.2/83.8MB external=4MB arrayBuffers=0MB malloced=0.5/49.2MB heapLimit=4095.8MB cpuPercent=0.1
[9/28/2026, 12:22:49 PM.545] [Info] [pid=4484] [WorkflowMemProbe] tick runId=(none) | rss=95.2MB heap=81.5/83.8MB external=4.1MB arrayBuffers=0MB malloced=0.5/49.2MB heapLimit=4095.8MB cpuPercent=0.0
[9/28/2026, 12:23:19 PM.546] [Info] [pid=4484] [WorkflowMemProbe] tick runId=(none) | rss=95.3MB heap=81.2/83.1MB external=4MB arrayBuffers=0MB malloced=0.5/49.2MB heapLimit=4095.8MB cpuPercent=0.1
[9/28/2026, 12:23:49 PM.546] [Info] [pid=4484] [WorkflowMemProbe] tick runId=(none) | rss=95.3MB heap=81.5/83.6MB external=4.1MB arrayBuffers=0MB malloced=0.5/49.2MB heapLimit=4095.8MB cpuPercent=0.0
[9/28/2026, 12:24:19 PM.545] [Info] [pid=4484] [WorkflowMemProbe] tick runId=(none) | rss=95.8MB heap=81.2/83.1MB external=4.1MB arrayBuffers=0MB malloced=0.5/49.2MB heapLimit=4095.8MB cpuPercent=0.1
[9/28/2026, 12:24:19 PM.556] [Info] [pid=4484] [SettingsEndpointProductProvider] resolved endpoint=<unset> env=internal settingScopes=user | settings: enterpriseEndpoint=<unset> endpoint=<unset> envRouteMode=<unset>
[9/28/2026, 12:24:19 PM.562] [Info] [pid=4484] [PluginsProductProvider.provide] active=8, ids=[weixinpay@workbuddy-builtin,tencent-docs-plugin@workbuddy-builtin,sheetagent@workbuddy-builtin,tencent-pptx@workbuddy-builtin,tencent-docx@workbuddy-builtin,agent-browser@codebuddy-plugins-official,find-skills@codebuddy-plugins-official,finance-data@cb_teams_marketplace]
[9/28/2026, 12:24:19 PM.562] [Info] [pid=4484] [MCP][cacheDbg] getConnectedServers() called: nonInteractive=true waitForSettle=false cacheNow=[] allServers=[]
[9/28/2026, 12:24:19 PM.562] [Info] [pid=4484] [MCP][cacheDbg] getConnectedServers() returning: [] (size=0)
[9/28/2026, 12:24:19 PM.565] [Info] [pid=4484] [CustomModelsProductProvider] productName=WorkBuddy, isWorkBuddy=true, userConfigPath=/Users/didi/.workbuddy/models.json
[9/28/2026, 12:24:19 PM.565] [Info] [pid=4484] Loaded custom models config from user: /Users/didi/.workbuddy/models.json
[9/28/2026, 12:24:19 PM.566] [Info] [pid=4484] [ModelsProductProvider] enterpriseId: undefined, endpoint: https://www.workbuddy.cn
[9/28/2026, 12:24:19 PM.566] [Warning] [pid=4484] [ModelsProductProvider] enterpriseId is missing, skipping models API call
[9/28/2026, 12:24:19 PM.566] [Info] [pid=4484] [AgentModelResolver] product config input: 53 models, 23 agents
[9/28/2026, 12:24:49 PM.546] [Info] [pid=4484] [WorkflowMemProbe] tick runId=(none) | rss=119MB heap=78.6/85.1MB external=3.8MB arrayBuffers=0MB malloced=0.5/49.2MB heapLimit=4095.8MB cpuPercent=0.4
[9/28/2026, 12:25:19 PM.545] [Info] [pid=4484] [WorkflowMemProbe] tick runId=(none) | rss=119.8MB heap=79/85.1MB external=3.8MB arrayBuffers=0MB malloced=0.5/49.2MB heapLimit=4095.8MB cpuPercent=0.1
[9/28/2026, 12:25:49 PM.547] [Info] [pid=4484] [WorkflowMemProbe] tick runId=(none) | rss=119.6MB heap=79.3/85.1MB external=3.9MB arrayBuffers=0MB malloced=0.5/49.2MB heapLimit=4095.8MB cpuPercent=0.0
[9/28/2026, 12:26:19 PM.546] [Info] [pid=4484] [WorkflowMemProbe] tick runId=(none) | rss=119.7MB heap=79.6/85.1MB external=4MB arrayBuffers=0MB malloced=0.5/49.2MB heapLimit=4095.8MB cpuPercent=0.1
[9/28/2026, 12:26:49 PM.549] [Info] [pid=4484] [WorkflowMemProbe] tick runId=(none) | rss=119.7MB heap=79.9/85.1MB external=4.1MB arrayBuffers=0MB malloced=0.5/49.2MB heapLimit=4095.8MB cpuPercent=0.0
[9/28/2026, 12:27:19 PM.549] [Info] [pid=4484] [WorkflowMemProbe] tick runId=(none) | rss=119.7MB heap=80.2/85.1MB external=4.2MB arrayBuffers=0MB malloced=0.5/49.2MB heapLimit=4095.8MB cpuPercent=0.1
[9/28/2026, 12:27:49 PM.549] [Info] [pid=4484] [WorkflowMemProbe] tick runId=(none) | rss=117.8MB heap=80.5/85.3MB external=4.3MB arrayBuffers=0MB malloced=0.5/49.2MB heapLimit=4095.8MB cpuPercent=0.0
[9/28/2026, 12:28:19 PM.549] [Info] [pid=4484] [WorkflowMemProbe] tick runId=(none) | rss=118MB heap=80.9/85.6MB external=4.3MB arrayBuffers=0MB malloced=0.5/49.2MB heapLimit=4095.8MB cpuPercent=0.1
[9/28/2026, 12:28:49 PM.551] [Info] [pid=4484] [WorkflowMemProbe] tick runId=(none) | rss=118.1MB heap=81.2/85.8MB external=4.4MB arrayBuffers=0MB malloced=0.5/49.2MB heapLimit=4095.8MB cpuPercent=0.0
[9/28/2026, 12:29:19 PM.549] [Info] [pid=4484] [WorkflowMemProbe] tick runId=(none) | rss=118.4MB heap=81.5/86.3MB external=4.5MB arrayBuffers=0MB malloced=0.5/49.2MB heapLimit=4095.8MB cpuPercent=0.1
[9/28/2026, 12:29:49 PM.550] [Info] [pid=4484] [WorkflowMemProbe] tick runId=(none) | rss=119.2MB heap=78.9/82.6MB external=3.9MB arrayBuffers=0MB malloced=0.5/49.2MB heapLimit=4095.8MB cpuPercent=0.1
[9/28/2026, 12:30:19 PM.549] [Info] [pid=4484] [WorkflowMemProbe] tick runId=(none) | rss=119.3MB heap=79.3/82.6MB external=3.9MB arrayBuffers=0MB malloced=0.5/49.2MB heapLimit=4095.8MB cpuPercent=0.1
[9/28/2026, 12:30:49 PM.551] [Info] [pid=4484] [WorkflowMemProbe] tick runId=(none) | rss=119.4MB heap=79.1/82.1MB external=3.9MB arrayBuffers=0MB malloced=0.5/49.2MB heapLimit=4095.8MB cpuPercent=0.1
[9/28/2026, 12:31:19 PM.551] [Info] [pid=4484] [WorkflowMemProbe] tick runId=(none) | rss=119.4MB heap=79.4/82.3MB external=4MB arrayBuffers=0MB malloced=0.5/49.2MB heapLimit=4095.8MB cpuPercent=0.1
[9/28/2026, 12:31:49 PM.554] [Info] [pid=4484] [WorkflowMemProbe] tick runId=(none) | rss=119.4MB heap=79/81.8MB external=3.9MB arrayBuffers=0MB malloced=0.5/49.2MB heapLimit=4095.8MB cpuPercent=0.1
[9/28/2026, 12:32:19 PM.618] [Info] [pid=4484] [WorkflowMemProbe] tick runId=(none) | rss=119.4MB heap=79.4/82.1MB external=4MB arrayBuffers=0MB malloced=0.5/49.2MB heapLimit=4095.8MB cpuPercent=0.1
[9/28/2026, 12:32:19 PM.630] [Info] [pid=4484] [SettingsEndpointProductProvider] resolved endpoint=<unset> env=internal settingScopes=user | settings: enterpriseEndpoint=<unset> endpoint=<unset> envRouteMode=<unset>
[9/28/2026, 12:32:19 PM.643] [Info] [pid=4484] [GitInfoCollector]  CODEBUDDY_GIT_REPO_SCAN_DISABLED 1
[9/28/2026, 12:32:19 PM.643] [Info] [pid=4484] [GitInfoCollector]  Git repository scan is disabled via CODEBUDDY_GIT_REPO_SCAN_DISABLED environment variable
[9/28/2026, 12:32:19 PM.928] [Info] [pid=4484] [CloudProductManager]  fetch cloud product request headers: {"authorization":"***","user-agent":"WorkBuddy/5.6.2 WorkBuddy/5.6.2 CLI/2.147.0","x-domain":"www.workbuddy.cn","x-product":"SaaS","x-request-id":"c8587be3424040568d2f7109c637a426","x-user-id":"fdee3d54-95b6-4e9c-aaff-50ad9505aab4"}
[9/28/2026, 12:32:19 PM.928] [Info] [pid=4484] [CloudProductManager]  fetch cloud product from url:https://www.workbuddy.cn/v3/config success, agents(1): cli, models(53): auto,fast-model,balanced-model,deep-model,hy3,hy3-b,hy3-c,hy3-x,hy4-preview,hy4-preview-f,minimax-m2.5,glm-5v-turbo,glm-5.3,glm-5.3-flash,glm-5.2,glm-5.1,glm-5.0-turbo,glm-4.6v,kimi-k3-1,kimi-k2.8-preview,kimi-k2.7,kimi-k2.6,kimi-k2.5,kimi-k2-thinking,minimax-m3,minimax-m2.7,glm-4.6,deepseek-v4-flash,deepseek-v4.1-flash,deepseek-v4-pro,deepseek-v3-2-volc,deepseek-v3-1-volc,deepseek-v3-1-lkeap,deepseek-v3-1,deepseek-v3-0324-lkeap,deepseek-r1-0528-lkeap,kimi-k2-instruct-taiji,completion-gf,default-1.1,hunyuan-3b,hunyuan-7b-dense,codewise-completions,codewise-rewrite,codewise-nes-a4-027-aide,codewise-jump,deepseek-r1-0528,deepseek-v3-0324-taco-completion,deepseek-v3-0324,default-1.2,hunyuan-2.0-instruct,hunyuan-chat,hunyuan-image-alpha,hunyuan-image-alpha-edit, cli agent models(16): auto,hy4-preview-f,hy3,hy3-x,deepseek-v4.1-flash,glm-5.3,glm-5.3-flash,glm-5.2,glm-5.1,glm-5v-turbo,minimax-m3,kimi-k3-1,kimi-k2.8-preview,kimi-k2.7,kimi-k2.6,deepseek-v4-pro
[9/28/2026, 12:32:19 PM.928] [Info] [pid=4484] [CloudProductManager]  Fetched configuration from remote [292ms]
[9/28/2026, 12:32:19 PM.931] [Info] [pid=4484] [PluginsProductProvider.provide] active=8, ids=[weixinpay@workbuddy-builtin,tencent-docs-plugin@workbuddy-builtin,sheetagent@workbuddy-builtin,tencent-pptx@workbuddy-builtin,tencent-docx@workbuddy-builtin,agent-browser@codebuddy-plugins-official,find-skills@codebuddy-plugins-official,finance-data@cb_teams_marketplace]
[9/28/2026, 12:32:19 PM.932] [Info] [pid=4484] [MCP][cacheDbg] getConnectedServers() called: nonInteractive=true waitForSettle=false cacheNow=[] allServers=[]
[9/28/2026, 12:32:19 PM.932] [Info] [pid=4484] [MCP][cacheDbg] getConnectedServers() returning: [] (size=0)
[9/28/2026, 12:32:19 PM.938] [Info] [pid=4484] [CustomModelsProductProvider] productName=WorkBuddy, isWorkBuddy=true, userConfigPath=/Users/didi/.workbuddy/models.json
[9/28/2026, 12:32:19 PM.938] [Info] [pid=4484] Loaded custom models config from user: /Users/didi/.workbuddy/models.json
[9/28/2026, 12:32:19 PM.938] [Info] [pid=4484] [ModelsProductProvider] enterpriseId: undefined, endpoint: https://www.workbuddy.cn
[9/28/2026, 12:32:19 PM.938] [Warning] [pid=4484] [ModelsProductProvider] enterpriseId is missing, skipping models API call
[9/28/2026, 12:32:19 PM.938] [Info] [pid=4484] [AgentModelResolver] product config input: 53 models, 23 agents
[9/28/2026, 12:32:49 PM.617] [Info] [pid=4484] [WorkflowMemProbe] tick runId=(none) | rss=122.1MB heap=76.8/84.7MB external=3.8MB arrayBuffers=0MB malloced=0.5/49.2MB heapLimit=4095.8MB cpuPercent=0.5
[9/28/2026, 12:33:19 PM.617] [Info] [pid=4484] [WorkflowMemProbe] tick runId=(none) | rss=122.2MB heap=77.2/84.7MB external=3.9MB arrayBuffers=0MB malloced=0.5/49.2MB heapLimit=4095.8MB cpuPercent=0.1
[9/28/2026, 12:33:49 PM.618] [Info] [pid=4484] [WorkflowMemProbe] tick runId=(none) | rss=122.2MB heap=77.5/84.7MB external=4MB arrayBuffers=0MB malloced=0.5/49.2MB heapLimit=4095.8MB cpuPercent=0.1
[9/28/2026, 12:34:19 PM.618] [Info] [pid=4484] [WorkflowMemProbe] tick runId=(none) | rss=122.2MB heap=77.8/84.7MB external=4MB arrayBuffers=0MB malloced=0.5/49.2MB heapLimit=4095.8MB cpuPercent=0.1
[9/28/2026, 12:34:49 PM.621] [Info] [pid=4484] [WorkflowMemProbe] tick runId=(none) | rss=122.2MB heap=78.1/84.7MB external=4.1MB arrayBuffers=0MB malloced=0.5/49.2MB heapLimit=4095.8MB cpuPercent=0.0
[9/28/2026, 12:35:19 PM.621] [Info] [pid=4484] [WorkflowMemProbe] tick runId=(none) | rss=122.2MB heap=78.4/85MB external=4.2MB arrayBuffers=0MB malloced=0.5/49.2MB heapLimit=4095.8MB cpuPercent=0.0
[9/28/2026, 12:35:49 PM.623] [Info] [pid=4484] [WorkflowMemProbe] tick runId=(none) | rss=122.2MB heap=78.7/85.5MB external=4.3MB arrayBuffers=0MB malloced=0.5/49.2MB heapLimit=4095.8MB cpuPercent=0.1
[9/28/2026, 12:36:19 PM.623] [Info] [pid=4484] [WorkflowMemProbe] tick runId=(none) | rss=122.3MB heap=79.1/85.7MB external=4.3MB arrayBuffers=0MB malloced=0.5/49.2MB heapLimit=4095.8MB cpuPercent=0.1
[9/28/2026, 12:36:49 PM.624] [Info] [pid=4484] [WorkflowMemProbe] tick runId=(none) | rss=120.9MB heap=79.4/86MB external=4.4MB arrayBuffers=0MB malloced=0.5/49.2MB heapLimit=4095.8MB cpuPercent=0.0
[9/28/2026, 12:37:19 PM.625] [Info] [pid=4484] [WorkflowMemProbe] tick runId=(none) | rss=121.1MB heap=76.8/82MB external=4.5MB arrayBuffers=0MB malloced=0.5/49.2MB heapLimit=4095.8MB cpuPercent=0.1
[9/28/2026, 12:37:49 PM.626] [Info] [pid=4484] [WorkflowMemProbe] tick runId=(none) | rss=119.7MB heap=77.1/82MB external=3.9MB arrayBuffers=0MB malloced=0.5/49.2MB heapLimit=4095.8MB cpuPercent=0.0
[9/28/2026, 12:38:19 PM.627] [Info] [pid=4484] [WorkflowMemProbe] tick runId=(none) | rss=119.7MB heap=77/81.2MB external=3.8MB arrayBuffers=0MB malloced=0.5/49.2MB heapLimit=4095.8MB cpuPercent=0.1
[9/28/2026, 12:38:49 PM.628] [Info] [pid=4484] [WorkflowMemProbe] tick runId=(none) | rss=119.3MB heap=77.3/81.5MB external=3.9MB arrayBuffers=0MB malloced=0.5/49.2MB heapLimit=4095.8MB cpuPercent=0.0
[9/28/2026, 12:39:19 PM.629] [Info] [pid=4484] [WorkflowMemProbe] tick runId=(none) | rss=115.5MB heap=76.9/81.2MB external=4MB arrayBuffers=0MB malloced=0.5/49.2MB heapLimit=4095.8MB cpuPercent=0.0
[9/28/2026, 12:39:49 PM.629] [Info] [pid=4484] [WorkflowMemProbe] tick runId=(none) | rss=115.5MB heap=77.2/81.5MB external=3.9MB arrayBuffers=0MB malloced=0.5/49.2MB heapLimit=4095.8MB cpuPercent=0.0
[9/28/2026, 12:40:19 PM.630] [Info] [pid=4484] [WorkflowMemProbe] tick runId=(none) | rss=115.7MB heap=77.6/81.7MB external=4MB arrayBuffers=0MB malloced=0.5/49.2MB heapLimit=4095.8MB cpuPercent=0.1
[9/28/2026, 12:40:19 PM.638] [Info] [pid=4484] [SettingsEndpointProductProvider] resolved endpoint=<unset> env=internal settingScopes=user | settings: enterpriseEndpoint=<unset> endpoint=<unset> envRouteMode=<unset>
[9/28/2026, 12:40:19 PM.641] [Info] [pid=4484] [PluginsProductProvider.provide] active=8, ids=[weixinpay@workbuddy-builtin,tencent-docs-plugin@workbuddy-builtin,sheetagent@workbuddy-builtin,tencent-pptx@workbuddy-builtin,tencent-docx@workbuddy-builtin,agent-browser@codebuddy-plugins-official,find-skills@codebuddy-plugins-official,finance-data@cb_teams_marketplace]
[9/28/2026, 12:40:19 PM.642] [Info] [pid=4484] [MCP][cacheDbg] getConnectedServers() called: nonInteractive=true waitForSettle=false cacheNow=[] allServers=[]
[9/28/2026, 12:40:19 PM.642] [Info] [pid=4484] [MCP][cacheDbg] getConnectedServers() returning: [] (size=0)
[9/28/2026, 12:40:19 PM.644] [Info] [pid=4484] [CustomModelsProductProvider] productName=WorkBuddy, isWorkBuddy=true, userConfigPath=/Users/didi/.workbuddy/models.json
[9/28/2026, 12:40:19 PM.644] [Info] [pid=4484] Loaded custom models config from user: /Users/didi/.workbuddy/models.json
[9/28/2026, 12:40:19 PM.644] [Info] [pid=4484] [ModelsProductProvider] enterpriseId: undefined, endpoint: https://www.workbuddy.cn
[9/28/2026, 12:40:19 PM.644] [Warning] [pid=4484] [ModelsProductProvider] enterpriseId is missing, skipping models API call
[9/28/2026, 12:40:19 PM.644] [Info] [pid=4484] [AgentModelResolver] product config input: 53 models, 23 agents
[9/28/2026, 12:40:49 PM.632] [Info] [pid=4484] [WorkflowMemProbe] tick runId=(none) | rss=125.6MB heap=83.9/90.4MB external=4MB arrayBuffers=0MB malloced=0.5/49.2MB heapLimit=4095.8MB cpuPercent=0.1
[9/28/2026, 12:41:19 PM.631] [Info] [pid=4484] [WorkflowMemProbe] tick runId=(none) | rss=126.5MB heap=84.2/90.4MB external=4MB arrayBuffers=0MB malloced=0.5/49.2MB heapLimit=4095.8MB cpuPercent=0.1
[9/28/2026, 12:41:49 PM.634] [Info] [pid=4484] [WorkflowMemProbe] tick runId=(none) | rss=121.2MB heap=76.8/80.7MB external=3.8MB arrayBuffers=0MB malloced=0.5/49.2MB heapLimit=4095.8MB cpuPercent=0.2
[9/28/2026, 12:42:19 PM.633] [Info] [pid=4484] [WorkflowMemProbe] tick runId=(none) | rss=121.3MB heap=77.1/80.7MB external=3.9MB arrayBuffers=0MB malloced=0.5/49.2MB heapLimit=4095.8MB cpuPercent=0.0
[9/28/2026, 12:42:49 PM.635] [Info] [pid=4484] [WorkflowMemProbe] tick runId=(none) | rss=121.3MB heap=76.7/80.2MB external=3.9MB arrayBuffers=0MB malloced=0.5/49.2MB heapLimit=4095.8MB cpuPercent=0.0
[9/28/2026, 12:43:19 PM.637] [Info] [pid=4484] [WorkflowMemProbe] tick runId=(none) | rss=121.3MB heap=77/80.5MB external=3.9MB arrayBuffers=0MB malloced=0.5/49.2MB heapLimit=4095.8MB cpuPercent=0.0
[9/28/2026, 12:43:49 PM.637] [Info] [pid=4484] [WorkflowMemProbe] tick runId=(none) | rss=121.3MB heap=76.7/80MB external=3.8MB arrayBuffers=0MB malloced=0.5/49.2MB heapLimit=4095.8MB cpuPercent=0.0
[9/28/2026, 12:44:19 PM.638] [Info] [pid=4484] [WorkflowMemProbe] tick runId=(none) | rss=121.3MB heap=77/80.5MB external=3.9MB arrayBuffers=0MB malloced=0.5/49.2MB heapLimit=4095.8MB cpuPercent=0.0
[9/28/2026, 12:44:49 PM.639] [Info] [pid=4484] [WorkflowMemProbe] tick runId=(none) | rss=121.3MB heap=76.7/81MB external=3.8MB arrayBuffers=0MB malloced=0.5/49.2MB heapLimit=4095.8MB cpuPercent=0.0
[9/28/2026, 12:45:19 PM.641] [Info] [pid=4484] [WorkflowMemProbe] tick runId=(none) | rss=121.3MB heap=77/81.2MB external=3.9MB arrayBuffers=0MB malloced=0.5/49.2MB heapLimit=4095.8MB cpuPercent=0.0
[9/28/2026, 12:45:49 PM.642] [Info] [pid=4484] [WorkflowMemProbe] tick runId=(none) | rss=121.3MB heap=77.3/81.5MB external=4MB arrayBuffers=0MB malloced=0.5/49.2MB heapLimit=4095.8MB cpuPercent=0.0
[9/28/2026, 12:46:19 PM.643] [Info] [pid=4484] [WorkflowMemProbe] tick runId=(none) | rss=121.3MB heap=76.9/80.7MB external=3.8MB arrayBuffers=0MB malloced=0.5/49.2MB heapLimit=4095.8MB cpuPercent=0.0
[9/28/2026, 12:46:49 PM.646] [Info] [pid=4484] [WorkflowMemProbe] tick runId=(none) | rss=121.3MB heap=77.2/80.7MB external=3.9MB arrayBuffers=0MB malloced=0.5/49.2MB heapLimit=4095.8MB cpuPercent=0.0
[9/28/2026, 12:47:19 PM.647] [Info] [pid=4484] [WorkflowMemProbe] tick runId=(none) | rss=121.3MB heap=77/80MB external=3.8MB arrayBuffers=0MB malloced=0.5/49.2MB heapLimit=4095.8MB cpuPercent=0.0
[9/28/2026, 12:47:49 PM.650] [Info] [pid=4484] [WorkflowMemProbe] tick runId=(none) | rss=121.3MB heap=77.3/80.5MB external=3.9MB arrayBuffers=0MB malloced=0.5/49.2MB heapLimit=4095.8MB cpuPercent=0.0
[9/28/2026, 12:48:19 PM.651] [Info] [pid=4484] [WorkflowMemProbe] tick runId=(none) | rss=121.3MB heap=76.9/80MB external=4MB arrayBuffers=0MB malloced=0.5/49.2MB heapLimit=4095.8MB cpuPercent=0.0
[9/28/2026, 12:48:19 PM.663] [Info] [pid=4484] [SettingsEndpointProductProvider] resolved endpoint=<unset> env=internal settingScopes=user | settings: enterpriseEndpoint=<unset> endpoint=<unset> envRouteMode=<unset>
[9/28/2026, 12:48:19 PM.677] [Info] [pid=4484] [GitInfoCollector]  CODEBUDDY_GIT_REPO_SCAN_DISABLED 1
[9/28/2026, 12:48:19 PM.677] [Info] [pid=4484] [GitInfoCollector]  Git repository scan is disabled via CODEBUDDY_GIT_REPO_SCAN_DISABLED environment variable
[9/28/2026, 12:48:19 PM.974] [Info] [pid=4484] [CloudProductManager]  fetch cloud product request headers: {"authorization":"***","user-agent":"WorkBuddy/5.6.2 WorkBuddy/5.6.2 CLI/2.147.0","x-domain":"www.workbuddy.cn","x-product":"SaaS","x-request-id":"e3cc0074bf084ea0b46dd2e70785b8a0","x-user-id":"fdee3d54-95b6-4e9c-aaff-50ad9505aab4"}
[9/28/2026, 12:48:19 PM.974] [Info] [pid=4484] [CloudProductManager]  fetch cloud product from url:https://www.workbuddy.cn/v3/config success, agents(1): cli, models(53): auto,fast-model,balanced-model,deep-model,hy3,hy3-b,hy3-c,hy3-x,hy4-preview,hy4-preview-f,minimax-m2.5,glm-5v-turbo,glm-5.3,glm-5.3-flash,glm-5.2,glm-5.1,glm-5.0-turbo,glm-4.6v,kimi-k3-1,kimi-k2.8-preview,kimi-k2.7,kimi-k2.6,kimi-k2.5,kimi-k2-thinking,minimax-m3,minimax-m2.7,glm-4.6,deepseek-v4-flash,deepseek-v4.1-flash,deepseek-v4-pro,deepseek-v3-2-volc,deepseek-v3-1-volc,deepseek-v3-1-lkeap,deepseek-v3-1,deepseek-v3-0324-lkeap,deepseek-r1-0528-lkeap,kimi-k2-instruct-taiji,completion-gf,default-1.1,hunyuan-3b,hunyuan-7b-dense,codewise-completions,codewise-rewrite,codewise-nes-a4-027-aide,codewise-jump,deepseek-r1-0528,deepseek-v3-0324-taco-completion,deepseek-v3-0324,default-1.2,hunyuan-2.0-instruct,hunyuan-chat,hunyuan-image-alpha,hunyuan-image-alpha-edit, cli agent models(16): auto,hy4-preview-f,hy3,hy3-x,deepseek-v4.1-flash,glm-5.3,glm-5.3-flash,glm-5.2,glm-5.1,glm-5v-turbo,minimax-m3,kimi-k3-1,kimi-k2.8-preview,kimi-k2.7,kimi-k2.6,deepseek-v4-pro
[9/28/2026, 12:48:19 PM.974] [Info] [pid=4484] [CloudProductManager]  Fetched configuration from remote [302ms]
[9/28/2026, 12:48:19 PM.977] [Info] [pid=4484] [PluginsProductProvider.provide] active=8, ids=[weixinpay@workbuddy-builtin,tencent-docs-plugin@workbuddy-builtin,sheetagent@workbuddy-builtin,tencent-pptx@workbuddy-builtin,tencent-docx@workbuddy-builtin,agent-browser@codebuddy-plugins-official,find-skills@codebuddy-plugins-official,finance-data@cb_teams_marketplace]
[9/28/2026, 12:48:19 PM.977] [Info] [pid=4484] [MCP][cacheDbg] getConnectedServers() called: nonInteractive=true waitForSettle=false cacheNow=[] allServers=[]
[9/28/2026, 12:48:19 PM.977] [Info] [pid=4484] [MCP][cacheDbg] getConnectedServers() returning: [] (size=0)
[9/28/2026, 12:48:19 PM.984] [Info] [pid=4484] [CustomModelsProductProvider] productName=WorkBuddy, isWorkBuddy=true, userConfigPath=/Users/didi/.workbuddy/models.json
[9/28/2026, 12:48:19 PM.984] [Info] [pid=4484] Loaded custom models config from user: /Users/didi/.workbuddy/models.json
[9/28/2026, 12:48:19 PM.985] [Info] [pid=4484] [ModelsProductProvider] enterpriseId: undefined, endpoint: https://www.workbuddy.cn
[9/28/2026, 12:48:19 PM.985] [Warning] [pid=4484] [ModelsProductProvider] enterpriseId is missing, skipping models API call
[9/28/2026, 12:48:19 PM.985] [Info] [pid=4484] [AgentModelResolver] product config input: 53 models, 23 agents
[9/28/2026, 12:48:49 PM.652] [Info] [pid=4484] [WorkflowMemProbe] tick runId=(none) | rss=126.7MB heap=82.8/88.4MB external=3.9MB arrayBuffers=0MB malloced=0.5/49.2MB heapLimit=4095.8MB cpuPercent=0.3
[9/28/2026, 12:49:19 PM.654] [Info] [pid=4484] [WorkflowMemProbe] tick runId=(none) | rss=126.7MB heap=83.2/88.4MB external=4MB arrayBuffers=0MB malloced=0.5/49.2MB heapLimit=4095.8MB cpuPercent=0.0
[9/28/2026, 12:49:49 PM.656] [Info] [pid=4484] [WorkflowMemProbe] tick runId=(none) | rss=126.8MB heap=83.5/88.4MB external=4.1MB arrayBuffers=0MB malloced=0.5/49.2MB heapLimit=4095.8MB cpuPercent=0.0
[9/28/2026, 12:50:19 PM.656] [Info] [pid=4484] [WorkflowMemProbe] tick runId=(none) | rss=126.8MB heap=83.8/88.4MB external=4.1MB arrayBuffers=0MB malloced=0.5/49.2MB heapLimit=4095.8MB cpuPercent=0.0
[9/28/2026, 12:50:49 PM.656] [Info] [pid=4484] [WorkflowMemProbe] tick runId=(none) | rss=126.8MB heap=84.1/88.9MB external=4.2MB arrayBuffers=0MB malloced=0.5/49.2MB heapLimit=4095.8MB cpuPercent=0.0
[9/28/2026, 12:51:19 PM.659] [Info] [pid=4484] [WorkflowMemProbe] tick runId=(none) | rss=126.9MB heap=84.4/89.2MB external=4.3MB arrayBuffers=0MB malloced=0.5/49.2MB heapLimit=4095.8MB cpuPercent=0.1
[9/28/2026, 12:51:49 PM.660] [Info] [pid=4484] [WorkflowMemProbe] tick runId=(none) | rss=126.9MB heap=84.7/89.4MB external=4.4MB arrayBuffers=0MB malloced=0.5/49.2MB heapLimit=4095.8MB cpuPercent=0.0
[9/28/2026, 12:52:19 PM.662] [Info] [pid=4484] [WorkflowMemProbe] tick runId=(none) | rss=126.9MB heap=85/89.7MB external=4.5MB arrayBuffers=0MB malloced=0.5/49.2MB heapLimit=4095.8MB cpuPercent=0.1
[9/28/2026, 12:52:49 PM.664] [Info] [pid=4484] [WorkflowMemProbe] tick runId=(none) | rss=125.2MB heap=81.2/83.6MB external=4MB arrayBuffers=0MB malloced=0.5/49.2MB heapLimit=4095.8MB cpuPercent=0.1
[9/28/2026, 12:53:19 PM.665] [Info] [pid=4484] [WorkflowMemProbe] tick runId=(none) | rss=125.2MB heap=81.5/83.6MB external=4.1MB arrayBuffers=0MB malloced=0.5/49.2MB heapLimit=4095.8MB cpuPercent=0.1
[9/28/2026, 12:53:49 PM.666] [Info] [pid=4484] [WorkflowMemProbe] tick runId=(none) | rss=125.2MB heap=81.2/84.4MB external=4.1MB arrayBuffers=0MB malloced=0.5/49.2MB heapLimit=4095.8MB cpuPercent=0.0
[9/28/2026, 12:54:19 PM.668] [Info] [pid=4484] [WorkflowMemProbe] tick runId=(none) | rss=125.3MB heap=81.6/84.6MB external=4.1MB arrayBuffers=0MB malloced=0.5/49.2MB heapLimit=4095.8MB cpuPercent=0.1
[9/28/2026, 12:54:49 PM.667] [Info] [pid=4484] [WorkflowMemProbe] tick runId=(none) | rss=125.3MB heap=81.2/83.9MB external=4MB arrayBuffers=0MB malloced=0.5/49.2MB heapLimit=4095.8MB cpuPercent=0.0
[9/28/2026, 12:55:19 PM.667] [Info] [pid=4484] [WorkflowMemProbe] tick runId=(none) | rss=125.3MB heap=81.5/83.9MB external=4.1MB arrayBuffers=0MB malloced=0.5/49.2MB heapLimit=4095.8MB cpuPercent=0.1
[9/28/2026, 12:55:49 PM.670] [Info] [pid=4484] [WorkflowMemProbe] tick runId=(none) | rss=125.3MB heap=81.8/83.9MB external=4.2MB arrayBuffers=0MB malloced=0.5/49.2MB heapLimit=4095.8MB cpuPercent=0.0
[9/28/2026, 12:56:19 PM.672] [Info] [pid=4484] [WorkflowMemProbe] tick runId=(none) | rss=125.3MB heap=81.4/83.6MB external=4.1MB arrayBuffers=0MB malloced=0.5/49.2MB heapLimit=4095.8MB cpuPercent=0.1
[9/28/2026, 12:56:19 PM.685] [Info] [pid=4484] [SettingsEndpointProductProvider] resolved endpoint=<unset> env=internal settingScopes=user | settings: enterpriseEndpoint=<unset> endpoint=<unset> envRouteMode=<unset>
[9/28/2026, 12:56:19 PM.693] [Info] [pid=4484] [PluginsProductProvider.provide] active=8, ids=[weixinpay@workbuddy-builtin,tencent-docs-plugin@workbuddy-builtin,sheetagent@workbuddy-builtin,tencent-pptx@workbuddy-builtin,tencent-docx@workbuddy-builtin,agent-browser@codebuddy-plugins-official,find-skills@codebuddy-plugins-official,finance-data@cb_teams_marketplace]
[9/28/2026, 12:56:19 PM.694] [Info] [pid=4484] [MCP][cacheDbg] getConnectedServers() called: nonInteractive=true waitForSettle=false cacheNow=[] allServers=[]
[9/28/2026, 12:56:19 PM.694] [Info] [pid=4484] [MCP][cacheDbg] getConnectedServers() returning: [] (size=0)
[9/28/2026, 12:56:19 PM.700] [Info] [pid=4484] [CustomModelsProductProvider] productName=WorkBuddy, isWorkBuddy=true, userConfigPath=/Users/didi/.workbuddy/models.json
[9/28/2026, 12:56:19 PM.700] [Info] [pid=4484] Loaded custom models config from user: /Users/didi/.workbuddy/models.json
[9/28/2026, 12:56:19 PM.701] [Info] [pid=4484] [ModelsProductProvider] enterpriseId: undefined, endpoint: https://www.workbuddy.cn
[9/28/2026, 12:56:19 PM.701] [Warning] [pid=4484] [ModelsProductProvider] enterpriseId is missing, skipping models API call
[9/28/2026, 12:56:19 PM.701] [Info] [pid=4484] [AgentModelResolver] product config input: 53 models, 23 agents
[9/28/2026, 12:56:49 PM.672] [Info] [pid=4484] [WorkflowMemProbe] tick runId=(none) | rss=122.9MB heap=78.8/85.1MB external=3.8MB arrayBuffers=0MB malloced=0.5/49.2MB heapLimit=4095.8MB cpuPercent=0.5
[9/28/2026, 12:57:19 PM.674] [Info] [pid=4484] [WorkflowMemProbe] tick runId=(none) | rss=122.9MB heap=79.1/85.1MB external=3.9MB arrayBuffers=0MB malloced=0.5/49.2MB heapLimit=4095.8MB cpuPercent=0.1
[9/28/2026, 12:57:49 PM.675] [Info] [pid=4484] [WorkflowMemProbe] tick runId=(none) | rss=122.8MB heap=79.4/85.1MB external=4MB arrayBuffers=0MB malloced=0.5/49.2MB heapLimit=4095.8MB cpuPercent=0.0
[9/28/2026, 12:58:19 PM.678] [Info] [pid=4484] [WorkflowMemProbe] tick runId=(none) | rss=122.8MB heap=79.8/85.3MB external=4.1MB arrayBuffers=0MB malloced=0.5/49.2MB heapLimit=4095.8MB cpuPercent=0.0
[9/28/2026, 12:58:49 PM.679] [Info] [pid=4484] [WorkflowMemProbe] tick runId=(none) | rss=122.8MB heap=80.1/85.6MB external=4.2MB arrayBuffers=0MB malloced=0.5/49.2MB heapLimit=4095.8MB cpuPercent=0.0
[9/28/2026, 12:59:19 PM.680] [Info] [pid=4484] [WorkflowMemProbe] tick runId=(none) | rss=122.8MB heap=80.4/85.8MB external=4.2MB arrayBuffers=0MB malloced=0.5/49.2MB heapLimit=4095.8MB cpuPercent=0.0
[9/28/2026, 12:59:49 PM.682] [Info] [pid=4484] [WorkflowMemProbe] tick runId=(none) | rss=122.8MB heap=80.7/86.3MB external=4.3MB arrayBuffers=0MB malloced=0.5/49.2MB heapLimit=4095.8MB cpuPercent=0.0
[9/28/2026, 1:00:19 PM.684] [Info] [pid=4484] [WorkflowMemProbe] tick runId=(none) | rss=123MB heap=81/86.6MB external=4.4MB arrayBuffers=0MB malloced=0.5/49.2MB heapLimit=4095.8MB cpuPercent=0.1
[9/28/2026, 1:00:49 PM.684] [Info] [pid=4484] [WorkflowMemProbe] tick runId=(none) | rss=123MB heap=81.3/86.8MB external=4.5MB arrayBuffers=0MB malloced=0.5/49.2MB heapLimit=4095.8MB cpuPercent=0.0
[9/28/2026, 1:01:19 PM.908] [Info] [pid=4484] [WorkflowMemProbe] tick runId=(none) | rss=44MB heap=81.6/87.1MB external=4.5MB arrayBuffers=0MB malloced=0.5/49.2MB heapLimit=4095.8MB cpuPercent=0.1
[9/28/2026, 1:01:49 PM.918] [Info] [pid=4484] [WorkflowMemProbe] tick runId=(none) | rss=41.4MB heap=79.1/83.3MB external=3.9MB arrayBuffers=0MB malloced=0.5/49.2MB heapLimit=4095.8MB cpuPercent=0.1
[9/28/2026, 1:02:19 PM.919] [Info] [pid=4484] [WorkflowMemProbe] tick runId=(none) | rss=57.9MB heap=79.4/83.3MB external=3.9MB arrayBuffers=0MB malloced=0.5/49.2MB heapLimit=4095.8MB cpuPercent=0.0
[9/28/2026, 1:02:49 PM.928] [Info] [pid=4484] [WorkflowMemProbe] tick runId=(none) | rss=34.1MB heap=79.2/82.6MB external=4MB arrayBuffers=0MB malloced=0.5/49.2MB heapLimit=4095.8MB cpuPercent=0.1
[9/28/2026, 1:03:19 PM.922] [Info] [pid=4484] [WorkflowMemProbe] tick runId=(none) | rss=56.4MB heap=79.5/83.1MB external=4MB arrayBuffers=0MB malloced=0.5/49.2MB heapLimit=4095.8MB cpuPercent=0.1
[9/28/2026, 1:03:49 PM.924] [Info] [pid=4484] [WorkflowMemProbe] tick runId=(none) | rss=61.6MB heap=79.2/82.6MB external=3.9MB arrayBuffers=0MB malloced=0.5/49.2MB heapLimit=4095.8MB cpuPercent=0.0
[9/28/2026, 1:04:19 PM.924] [Info] [pid=4484] [WorkflowMemProbe] tick runId=(none) | rss=62MB heap=79.5/82.8MB external=4MB arrayBuffers=0MB malloced=0.5/49.2MB heapLimit=4095.8MB cpuPercent=0.0
[9/28/2026, 1:04:19 PM.932] [Info] [pid=4484] [SettingsEndpointProductProvider] resolved endpoint=<unset> env=internal settingScopes=user | settings: enterpriseEndpoint=<unset> endpoint=<unset> envRouteMode=<unset>
[9/28/2026, 1:04:19 PM.946] [Info] [pid=4484] [GitInfoCollector]  CODEBUDDY_GIT_REPO_SCAN_DISABLED 1
[9/28/2026, 1:04:19 PM.946] [Info] [pid=4484] [GitInfoCollector]  Git repository scan is disabled via CODEBUDDY_GIT_REPO_SCAN_DISABLED environment variable
[9/28/2026, 1:04:20 PM.191] [Info] [pid=4484] [CloudProductManager]  fetch cloud product request headers: {"authorization":"***","user-agent":"WorkBuddy/5.6.2 WorkBuddy/5.6.2 CLI/2.147.0","x-domain":"www.workbuddy.cn","x-product":"SaaS","x-request-id":"71df4b2877b749acb39e4e62b4b0e062","x-user-id":"fdee3d54-95b6-4e9c-aaff-50ad9505aab4"}
[9/28/2026, 1:04:20 PM.191] [Info] [pid=4484] [CloudProductManager]  fetch cloud product from url:https://www.workbuddy.cn/v3/config success, agents(1): cli, models(53): auto,fast-model,balanced-model,deep-model,hy3,hy3-b,hy3-c,hy3-x,hy4-preview,hy4-preview-f,minimax-m2.5,glm-5v-turbo,glm-5.3,glm-5.3-flash,glm-5.2,glm-5.1,glm-5.0-turbo,glm-4.6v,kimi-k3-1,kimi-k2.8-preview,kimi-k2.7,kimi-k2.6,kimi-k2.5,kimi-k2-thinking,minimax-m3,minimax-m2.7,glm-4.6,deepseek-v4-flash,deepseek-v4.1-flash,deepseek-v4-pro,deepseek-v3-2-volc,deepseek-v3-1-volc,deepseek-v3-1-lkeap,deepseek-v3-1,deepseek-v3-0324-lkeap,deepseek-r1-0528-lkeap,kimi-k2-instruct-taiji,completion-gf,default-1.1,hunyuan-3b,hunyuan-7b-dense,codewise-completions,codewise-rewrite,codewise-nes-a4-027-aide,codewise-jump,deepseek-r1-0528,deepseek-v3-0324-taco-completion,deepseek-v3-0324,default-1.2,hunyuan-2.0-instruct,hunyuan-chat,hunyuan-image-alpha,hunyuan-image-alpha-edit, cli agent models(16): auto,hy4-preview-f,hy3,hy3-x,deepseek-v4.1-flash,glm-5.3,glm-5.3-flash,glm-5.2,glm-5.1,glm-5v-turbo,minimax-m3,kimi-k3-1,kimi-k2.8-preview,kimi-k2.7,kimi-k2.6,deepseek-v4-pro
[9/28/2026, 1:04:20 PM.192] [Info] [pid=4484] [CloudProductManager]  Fetched configuration from remote [253ms]
[9/28/2026, 1:04:20 PM.195] [Info] [pid=4484] [PluginsProductProvider.provide] active=8, ids=[weixinpay@workbuddy-builtin,tencent-docs-plugin@workbuddy-builtin,sheetagent@workbuddy-builtin,tencent-pptx@workbuddy-builtin,tencent-docx@workbuddy-builtin,agent-browser@codebuddy-plugins-official,find-skills@codebuddy-plugins-official,finance-data@cb_teams_marketplace]
[9/28/2026, 1:04:20 PM.195] [Info] [pid=4484] [MCP][cacheDbg] getConnectedServers() called: nonInteractive=true waitForSettle=false cacheNow=[] allServers=[]
[9/28/2026, 1:04:20 PM.195] [Info] [pid=4484] [MCP][cacheDbg] getConnectedServers() returning: [] (size=0)
[9/28/2026, 1:04:20 PM.201] [Info] [pid=4484] [CustomModelsProductProvider] productName=WorkBuddy, isWorkBuddy=true, userConfigPath=/Users/didi/.workbuddy/models.json
[9/28/2026, 1:04:20 PM.201] [Info] [pid=4484] Loaded custom models config from user: /Users/didi/.workbuddy/models.json
[9/28/2026, 1:04:20 PM.201] [Info] [pid=4484] [ModelsProductProvider] enterpriseId: undefined, endpoint: https://www.workbuddy.cn
[9/28/2026, 1:04:20 PM.201] [Warning] [pid=4484] [ModelsProductProvider] enterpriseId is missing, skipping models API call
[9/28/2026, 1:04:20 PM.202] [Info] [pid=4484] [AgentModelResolver] product config input: 53 models, 23 agents
[9/28/2026, 1:04:49 PM.924] [Info] [pid=4484] [WorkflowMemProbe] tick runId=(none) | rss=113.8MB heap=76.8/86MB external=3.8MB arrayBuffers=0MB malloced=0.5/49.2MB heapLimit=4095.8MB cpuPercent=0.5
[9/28/2026, 1:05:19 PM.925] [Info] [pid=4484] [WorkflowMemProbe] tick runId=(none) | rss=109.8MB heap=77.2/86MB external=3.8MB arrayBuffers=0MB malloced=0.5/49.2MB heapLimit=4095.8MB cpuPercent=0.1
[9/28/2026, 1:05:49 PM.925] [Info] [pid=4484] [WorkflowMemProbe] tick runId=(none) | rss=110MB heap=77.5/86MB external=3.9MB arrayBuffers=0MB malloced=0.5/49.2MB heapLimit=4095.8MB cpuPercent=0.0
[9/28/2026, 1:06:19 PM.926] [Info] [pid=4484] [WorkflowMemProbe] tick runId=(none) | rss=110.1MB heap=77.8/86MB external=4MB arrayBuffers=0MB malloced=0.5/49.2MB heapLimit=4095.8MB cpuPercent=0.0
[9/28/2026, 1:06:49 PM.926] [Info] [pid=4484] [WorkflowMemProbe] tick runId=(none) | rss=109.7MB heap=78.1/86MB external=4.1MB arrayBuffers=0MB malloced=0.5/49.2MB heapLimit=4095.8MB cpuPercent=0.0
[9/28/2026, 1:07:19 PM.927] [Info] [pid=4484] [WorkflowMemProbe] tick runId=(none) | rss=110.1MB heap=78.5/86.2MB external=4.2MB arrayBuffers=0MB malloced=0.5/49.2MB heapLimit=4095.8MB cpuPercent=0.1
[9/28/2026, 1:07:49 PM.928] [Info] [pid=4484] [WorkflowMemProbe] tick runId=(none) | rss=106.3MB heap=78.8/86.7MB external=4.3MB arrayBuffers=0MB malloced=0.5/49.2MB heapLimit=4095.8MB cpuPercent=0.0
[9/28/2026, 1:08:19 PM.929] [Info] [pid=4484] [WorkflowMemProbe] tick runId=(none) | rss=106.7MB heap=79.1/87MB external=4.3MB arrayBuffers=0MB malloced=0.5/49.2MB heapLimit=4095.8MB cpuPercent=0.0
[9/28/2026, 1:08:49 PM.930] [Info] [pid=4484] [WorkflowMemProbe] tick runId=(none) | rss=107.4MB heap=79.4/87.2MB external=4.4MB arrayBuffers=0MB malloced=0.5/49.2MB heapLimit=4095.8MB cpuPercent=0.0
[9/28/2026, 1:09:19 PM.930] [Info] [pid=4484] [WorkflowMemProbe] tick runId=(none) | rss=112.1MB heap=76.9/83.2MB external=4.5MB arrayBuffers=0MB malloced=0.5/49.2MB heapLimit=4095.8MB cpuPercent=0.1
[9/28/2026, 1:09:49 PM.932] [Info] [pid=4484] [WorkflowMemProbe] tick runId=(none) | rss=59.6MB heap=77.2/83.2MB external=3.9MB arrayBuffers=0MB malloced=0.5/49.2MB heapLimit=4095.8MB cpuPercent=0.1
[9/28/2026, 1:10:19 PM.932] [Info] [pid=4484] [WorkflowMemProbe] tick runId=(none) | rss=74.1MB heap=77.1/82.7MB external=3.9MB arrayBuffers=0MB malloced=0.5/49.2MB heapLimit=4095.8MB cpuPercent=0.1
[9/28/2026, 1:10:49 PM.933] [Info] [pid=4484] [WorkflowMemProbe] tick runId=(none) | rss=74.3MB heap=77.4/83MB external=4MB arrayBuffers=0MB malloced=0.5/49.2MB heapLimit=4095.8MB cpuPercent=0.0
[9/28/2026, 1:11:19 PM.933] [Info] [pid=4484] [WorkflowMemProbe] tick runId=(none) | rss=74.8MB heap=77.1/82.5MB external=3.9MB arrayBuffers=0MB malloced=0.5/49.2MB heapLimit=4095.8MB cpuPercent=0.1
[9/28/2026, 1:11:49 PM.935] [Info] [pid=4484] [WorkflowMemProbe] tick runId=(none) | rss=74.9MB heap=77.4/82.7MB external=4MB arrayBuffers=0MB malloced=0.5/49.2MB heapLimit=4095.8MB cpuPercent=0.0
[9/28/2026, 1:12:19 PM.937] [Info] [pid=4484] [WorkflowMemProbe] tick runId=(none) | rss=75.1MB heap=77.7/83.2MB external=4MB arrayBuffers=0MB malloced=0.5/49.2MB heapLimit=4095.8MB cpuPercent=0.1
[9/28/2026, 1:12:19 PM.954] [Info] [pid=4484] [SettingsEndpointProductProvider] resolved endpoint=<unset> env=internal settingScopes=user | settings: enterpriseEndpoint=<unset> endpoint=<unset> envRouteMode=<unset>
[9/28/2026, 1:12:19 PM.958] [Info] [pid=4484] [PluginsProductProvider.provide] active=8, ids=[weixinpay@workbuddy-builtin,tencent-docs-plugin@workbuddy-builtin,sheetagent@workbuddy-builtin,tencent-pptx@workbuddy-builtin,tencent-docx@workbuddy-builtin,agent-browser@codebuddy-plugins-official,find-skills@codebuddy-plugins-official,finance-data@cb_teams_marketplace]
[9/28/2026, 1:12:19 PM.958] [Info] [pid=4484] [MCP][cacheDbg] getConnectedServers() called: nonInteractive=true waitForSettle=false cacheNow=[] allServers=[]
[9/28/2026, 1:12:19 PM.958] [Info] [pid=4484] [MCP][cacheDbg] getConnectedServers() returning: [] (size=0)
[9/28/2026, 1:12:19 PM.961] [Info] [pid=4484] [CustomModelsProductProvider] productName=WorkBuddy, isWorkBuddy=true, userConfigPath=/Users/didi/.workbuddy/models.json
[9/28/2026, 1:12:19 PM.961] [Info] [pid=4484] Loaded custom models config from user: /Users/didi/.workbuddy/models.json
[9/28/2026, 1:12:19 PM.961] [Info] [pid=4484] [ModelsProductProvider] enterpriseId: undefined, endpoint: https://www.workbuddy.cn
[9/28/2026, 1:12:19 PM.961] [Warning] [pid=4484] [ModelsProductProvider] enterpriseId is missing, skipping models API call
[9/28/2026, 1:12:19 PM.961] [Info] [pid=4484] [AgentModelResolver] product config input: 53 models, 23 agents
[9/28/2026, 1:12:49 PM.937] [Info] [pid=4484] [WorkflowMemProbe] tick runId=(none) | rss=85.7MB heap=83.9/91.4MB external=4MB arrayBuffers=0MB malloced=0.5/49.2MB heapLimit=4095.8MB cpuPercent=0.2
[9/28/2026, 1:12:56 PM.836] [Info] [pid=4484] starting GET /api/v1/health
[9/28/2026, 1:12:56 PM.837] [Info] [pid=4484] ending GET /api/v1/health [2ms]
[9/28/2026, 1:12:56 PM.839] [Info] [pid=4484] starting GET /api/v1/sessions/c5e4c3f0-d040-4b36-b925-a1ec2eab98a7/replay
[9/28/2026, 1:12:56 PM.862] [Warning] [pid=4484] [history-item-id-backfill] Derived 1 stable id(s) for history item(s) persisted without one (in-memory only, JSONL untouched)
[9/28/2026, 1:12:56 PM.883] [Info] [pid=4484] ending GET /api/v1/sessions/c5e4c3f0-d040-4b36-b925-a1ec2eab98a7/replay [44ms]
[9/28/2026, 1:12:59 PM.047] [Info] [pid=4484] [AuthenticationSessionListener] [auth_success: 青石]  认证成功,执行 Notification 钩子:
[9/28/2026, 1:12:59 PM.050] [Info] [pid=4484] [SettingsEndpointProductProvider] resolved endpoint=<unset> env=internal settingScopes=user | settings: enterpriseEndpoint=<unset> endpoint=<unset> envRouteMode=<unset>
[9/28/2026, 1:12:59 PM.061] [Info] [pid=4484] [GitInfoCollector]  CODEBUDDY_GIT_REPO_SCAN_DISABLED 1
[9/28/2026, 1:12:59 PM.061] [Info] [pid=4484] [GitInfoCollector]  Git repository scan is disabled via CODEBUDDY_GIT_REPO_SCAN_DISABLED environment variable
[9/28/2026, 1:12:59 PM.498] [Info] [pid=4484] [CloudProductManager]  fetch cloud product request headers: {"authorization":"***","user-agent":"WorkBuddy/5.6.2 WorkBuddy/5.6.2 CLI/2.147.0","x-domain":"www.workbuddy.cn","x-product":"SaaS","x-request-id":"47dc18747e3e44b6bd1443a261636830","x-user-id":"fdee3d54-95b6-4e9c-aaff-50ad9505aab4"}
[9/28/2026, 1:12:59 PM.498] [Info] [pid=4484] [CloudProductManager]  fetch cloud product from url:https://www.workbuddy.cn/v3/config success, agents(1): cli, models(53): auto,fast-model,balanced-model,deep-model,hy3,hy3-b,hy3-c,hy3-x,hy4-preview,hy4-preview-f,minimax-m2.5,glm-5v-turbo,glm-5.3,glm-5.3-flash,glm-5.2,glm-5.1,glm-5.0-turbo,glm-4.6v,kimi-k3-1,kimi-k2.8-preview,kimi-k2.7,kimi-k2.6,kimi-k2.5,kimi-k2-thinking,minimax-m3,minimax-m2.7,glm-4.6,deepseek-v4-flash,deepseek-v4.1-flash,deepseek-v4-pro,deepseek-v3-2-volc,deepseek-v3-1-volc,deepseek-v3-1-lkeap,deepseek-v3-1,deepseek-v3-0324-lkeap,deepseek-r1-0528-lkeap,kimi-k2-instruct-taiji,completion-gf,default-1.1,hunyuan-3b,hunyuan-7b-dense,codewise-completions,codewise-rewrite,codewise-nes-a4-027-aide,codewise-jump,deepseek-r1-0528,deepseek-v3-0324-taco-completion,deepseek-v3-0324,default-1.2,hunyuan-2.0-instruct,hunyuan-chat,hunyuan-image-alpha,hunyuan-image-alpha-edit, cli agent models(16): auto,hy4-preview-f,hy3,hy3-x,deepseek-v4.1-flash,glm-5.3,glm-5.3-flash,glm-5.2,glm-5.1,glm-5v-turbo,minimax-m3,kimi-k3-1,kimi-k2.8-preview,kimi-k2.7,kimi-k2.6,deepseek-v4-pro
[9/28/2026, 1:12:59 PM.498] [Info] [pid=4484] [CloudProductManager]  Fetched configuration from remote [444ms]
[9/28/2026, 1:12:59 PM.516] [Info] [pid=4484] [PluginsProductProvider.provide] active=8, ids=[weixinpay@workbuddy-builtin,tencent-docs-plugin@workbuddy-builtin,sheetagent@workbuddy-builtin,tencent-pptx@workbuddy-builtin,tencent-docx@workbuddy-builtin,agent-browser@codebuddy-plugins-official,find-skills@codebuddy-plugins-official,finance-data@cb_teams_marketplace]
[9/28/2026, 1:12:59 PM.516] [Info] [pid=4484] [MCP][cacheDbg] getConnectedServers() called: nonInteractive=true waitForSettle=false cacheNow=[] allServers=[]
[9/28/2026, 1:12:59 PM.516] [Info] [pid=4484] [MCP][cacheDbg] getConnectedServers() returning: [] (size=0)
[9/28/2026, 1:12:59 PM.519] [Info] [pid=4484] [CustomModelsProductProvider] productName=WorkBuddy, isWorkBuddy=true, userConfigPath=/Users/didi/.workbuddy/models.json
[9/28/2026, 1:12:59 PM.519] [Info] [pid=4484] Loaded custom models config from user: /Users/didi/.workbuddy/models.json
[9/28/2026, 1:12:59 PM.519] [Info] [pid=4484] [ModelsProductProvider] enterpriseId: undefined, endpoint: https://www.workbuddy.cn
[9/28/2026, 1:12:59 PM.519] [Warning] [pid=4484] [ModelsProductProvider] enterpriseId is missing, skipping models API call
[9/28/2026, 1:12:59 PM.519] [Info] [pid=4484] [AgentModelResolver] product config input: 53 models, 23 agents
[9/28/2026, 1:13:19 PM.937] [Info] [pid=4484] [WorkflowMemProbe] tick runId=(none) | rss=122.3MB heap=78/91.5MB external=3.8MB arrayBuffers=0MB malloced=0.5/49.2MB heapLimit=4095.8MB cpuPercent=1.0
[9/28/2026, 1:13:49 PM.938] [Info] [pid=4484] [WorkflowMemProbe] tick runId=(none) | rss=54.8MB heap=78.4/91.5MB external=3.9MB arrayBuffers=0MB malloced=0.5/49.2MB heapLimit=4095.8MB cpuPercent=0.0
[9/28/2026, 1:14:19 PM.937] [Info] [pid=4484] [WorkflowMemProbe] tick runId=(none) | rss=61.7MB heap=78.7/91.5MB external=3.9MB arrayBuffers=0MB malloced=0.5/49.2MB heapLimit=4095.8MB cpuPercent=0.0
[9/28/2026, 1:14:49 PM.939] [Info] [pid=4484] [WorkflowMemProbe] tick runId=(none) | rss=56.1MB heap=79/91.5MB external=4MB arrayBuffers=0MB malloced=0.5/49.2MB heapLimit=4095.8MB cpuPercent=0.0
[9/28/2026, 1:15:19 PM.938] [Info] [pid=4484] [WorkflowMemProbe] tick runId=(none) | rss=64.8MB heap=79.3/91.5MB external=4.1MB arrayBuffers=0MB malloced=0.5/49.2MB heapLimit=4095.8MB cpuPercent=0.1
[9/28/2026, 1:15:49 PM.939] [Info] [pid=4484] [WorkflowMemProbe] tick runId=(none) | rss=65MB heap=79.6/91.5MB external=4.2MB arrayBuffers=0MB malloced=0.5/49.2MB heapLimit=4095.8MB cpuPercent=0.0
[9/28/2026, 1:16:19 PM.939] [Info] [pid=4484] [WorkflowMemProbe] tick runId=(none) | rss=64.2MB heap=80/91.5MB external=4.2MB arrayBuffers=0MB malloced=0.5/49.2MB heapLimit=4095.8MB cpuPercent=0.0
[9/28/2026, 1:16:49 PM.906] [Info] [pid=4484] [WorkflowMemProbe] tick runId=(none) | rss=47.2MB heap=80.3/91.5MB external=4.3MB arrayBuffers=0MB malloced=0.5/49.2MB heapLimit=4095.8MB cpuPercent=0.0
[9/28/2026, 1:17:19 PM.896] [Info] [pid=4484] [WorkflowMemProbe] tick runId=(none) | rss=66.1MB heap=80.6/91.5MB external=4.4MB arrayBuffers=0MB malloced=0.5/49.2MB heapLimit=4095.8MB cpuPercent=0.1
[9/28/2026, 1:17:49 PM.896] [Info] [pid=4484] [WorkflowMemProbe] tick runId=(none) | rss=67.1MB heap=80.9/91.5MB external=4.5MB arrayBuffers=0MB malloced=0.5/49.2MB heapLimit=4095.8MB cpuPercent=0.1
[9/28/2026, 1:18:19 PM.897] [Info] [pid=4484] [WorkflowMemProbe] tick runId=(none) | rss=58.3MB heap=81.2/91.5MB external=4.6MB arrayBuffers=0MB malloced=0.5/49.2MB heapLimit=4095.8MB cpuPercent=0.1
[9/28/2026, 1:18:49 PM.898] [Info] [pid=4484] [WorkflowMemProbe] tick runId=(none) | rss=65.9MB heap=81.6/91.7MB external=4.7MB arrayBuffers=0MB malloced=0.5/49.2MB heapLimit=4095.8MB cpuPercent=0.0
[9/28/2026, 1:19:19 PM.898] [Info] [pid=4484] [WorkflowMemProbe] tick runId=(none) | rss=66.5MB heap=81.9/92MB external=4.7MB arrayBuffers=0MB malloced=0.5/49.2MB heapLimit=4095.8MB cpuPercent=0.1
[9/28/2026, 1:19:49 PM.899] [Info] [pid=4484] [WorkflowMemProbe] tick runId=(none) | rss=68.4MB heap=82.2/92.5MB external=4.8MB arrayBuffers=0MB malloced=0.5/49.2MB heapLimit=4095.8MB cpuPercent=0.1
[9/28/2026, 1:20:19 PM.902] [Info] [pid=4484] [WorkflowMemProbe] tick runId=(none) | rss=56.2MB heap=82.5/92.7MB external=4.9MB arrayBuffers=0MB malloced=0.5/49.2MB heapLimit=4095.8MB cpuPercent=0.1
[9/28/2026, 1:20:49 PM.901] [Info] [pid=4484] [WorkflowMemProbe] tick runId=(none) | rss=66.3MB heap=82.8/93MB external=5MB arrayBuffers=0MB malloced=0.5/49.2MB heapLimit=4095.8MB cpuPercent=0.1
[9/28/2026, 1:21:19 PM.902] [Info] [pid=4484] [WorkflowMemProbe] tick runId=(none) | rss=70.9MB heap=83.2/93.2MB external=5MB arrayBuffers=0MB malloced=0.5/49.2MB heapLimit=4095.8MB cpuPercent=0.1
[9/28/2026, 1:21:19 PM.915] [Info] [pid=4484] [SettingsEndpointProductProvider] resolved endpoint=<unset> env=internal settingScopes=user | settings: enterpriseEndpoint=<unset> endpoint=<unset> envRouteMode=<unset>
[9/28/2026, 1:21:19 PM.929] [Info] [pid=4484] [GitInfoCollector]  CODEBUDDY_GIT_REPO_SCAN_DISABLED 1
[9/28/2026, 1:21:19 PM.929] [Info] [pid=4484] [GitInfoCollector]  Git repository scan is disabled via CODEBUDDY_GIT_REPO_SCAN_DISABLED environment variable
[9/28/2026, 1:21:19 PM.929] [Info] [pid=4484] [ProxyResolver] OS proxy detected: 172.18.196.63:8078 bypass=[127.0.0.1,192.168.0.0/16,10.0.0.0/8,172.16.0.0/12,localhost,*.local,*.crashlytics.com,<local>]
[9/28/2026, 1:21:20 PM.138] [Info] [pid=4484] [ProxyResolver] OS cache invalidated
[9/28/2026, 1:21:20 PM.138] [Info] [pid=4484] [HttpProxyInterceptor] proxy unreachable (source=system), clearing and retrying direct
[9/28/2026, 1:21:20 PM.410] [Info] [pid=4484] [CloudProductManager]  fetch cloud product request headers: {"authorization":"***","user-agent":"WorkBuddy/5.6.2 WorkBuddy/5.6.2 WorkBuddy/5.6.2 WorkBuddy/5.6.2 CLI/2.147.0 CLI/2.147.0","x-domain":"www.workbuddy.cn","x-product":"SaaS","x-request-id":"24e35131c2b94b1eac92df03b3bbcba6","x-user-id":"fdee3d54-95b6-4e9c-aaff-50ad9505aab4"}
[9/28/2026, 1:21:20 PM.410] [Info] [pid=4484] [CloudProductManager]  fetch cloud product from url:https://www.workbuddy.cn/v3/config success, agents(1): cli, models(53): auto,fast-model,balanced-model,deep-model,hy3,hy3-b,hy3-c,hy3-x,hy4-preview,hy4-preview-f,minimax-m2.5,glm-5v-turbo,glm-5.3,glm-5.3-flash,glm-5.2,glm-5.1,glm-5.0-turbo,glm-4.6v,kimi-k3-1,kimi-k2.8-preview,kimi-k2.7,kimi-k2.6,kimi-k2.5,kimi-k2-thinking,minimax-m3,minimax-m2.7,glm-4.6,deepseek-v4-flash,deepseek-v4.1-flash,deepseek-v4-pro,deepseek-v3-2-volc,deepseek-v3-1-volc,deepseek-v3-1-lkeap,deepseek-v3-1,deepseek-v3-0324-lkeap,deepseek-r1-0528-lkeap,kimi-k2-instruct-taiji,completion-gf,default-1.1,hunyuan-3b,hunyuan-7b-dense,codewise-completions,codewise-rewrite,codewise-nes-a4-027-aide,codewise-jump,deepseek-r1-0528,deepseek-v3-0324-taco-completion,deepseek-v3-0324,default-1.2,hunyuan-2.0-instruct,hunyuan-chat,hunyuan-image-alpha,hunyuan-image-alpha-edit, cli agent models(16): auto,hy4-preview-f,hy3,hy3-x,deepseek-v4.1-flash,glm-5.3,glm-5.3-flash,glm-5.2,glm-5.1,glm-5v-turbo,minimax-m3,kimi-k3-1,kimi-k2.8-preview,kimi-k2.7,kimi-k2.6,deepseek-v4-pro
[9/28/2026, 1:21:20 PM.410] [Info] [pid=4484] [CloudProductManager]  Fetched configuration from remote [489ms]
[9/28/2026, 1:21:20 PM.416] [Info] [pid=4484] [PluginsProductProvider.provide] active=8, ids=[weixinpay@workbuddy-builtin,tencent-docs-plugin@workbuddy-builtin,sheetagent@workbuddy-builtin,tencent-pptx@workbuddy-builtin,tencent-docx@workbuddy-builtin,agent-browser@codebuddy-plugins-official,find-skills@codebuddy-plugins-official,finance-data@cb_teams_marketplace]
[9/28/2026, 1:21:20 PM.416] [Info] [pid=4484] [MCP][cacheDbg] getConnectedServers() called: nonInteractive=true waitForSettle=false cacheNow=[] allServers=[]
[9/28/2026, 1:21:20 PM.416] [Info] [pid=4484] [MCP][cacheDbg] getConnectedServers() returning: [] (size=0)
[9/28/2026, 1:21:20 PM.421] [Info] [pid=4484] [CustomModelsProductProvider] productName=WorkBuddy, isWorkBuddy=true, userConfigPath=/Users/didi/.workbuddy/models.json
[9/28/2026, 1:21:20 PM.422] [Info] [pid=4484] Loaded custom models config from user: /Users/didi/.workbuddy/models.json
[9/28/2026, 1:21:20 PM.422] [Info] [pid=4484] [ModelsProductProvider] enterpriseId: undefined, endpoint: https://www.workbuddy.cn
[9/28/2026, 1:21:20 PM.422] [Warning] [pid=4484] [ModelsProductProvider] enterpriseId is missing, skipping models API call
[9/28/2026, 1:21:20 PM.422] [Info] [pid=4484] [AgentModelResolver] product config input: 53 models, 23 agents
[9/28/2026, 1:21:49 PM.902] [Info] [pid=4484] [WorkflowMemProbe] tick runId=(none) | rss=95MB heap=83.3/92.5MB external=3.9MB arrayBuffers=0MB malloced=0.5/49.2MB heapLimit=4095.8MB cpuPercent=0.4
[9/28/2026, 1:22:19 PM.902] [Info] [pid=4484] [WorkflowMemProbe] tick runId=(none) | rss=98.7MB heap=83.7/92.5MB external=4MB arrayBuffers=0MB malloced=0.5/49.2MB heapLimit=4095.8MB cpuPercent=0.1
[9/28/2026, 1:22:49 PM.903] [Info] [pid=4484] [WorkflowMemProbe] tick runId=(none) | rss=67.8MB heap=84/92.7MB external=4.1MB arrayBuffers=0MB malloced=0.5/49.2MB heapLimit=4095.8MB cpuPercent=0.1
[9/28/2026, 1:23:19 PM.903] [Info] [pid=4484] [WorkflowMemProbe] tick runId=(none) | rss=69.5MB heap=84.3/93.2MB external=4.2MB arrayBuffers=0MB malloced=0.5/49.2MB heapLimit=4095.8MB cpuPercent=0.1
[9/28/2026, 1:23:49 PM.905] [Info] [pid=4484] [WorkflowMemProbe] tick runId=(none) | rss=70.7MB heap=84.6/93.5MB external=4.3MB arrayBuffers=0MB malloced=0.5/49.2MB heapLimit=4095.8MB cpuPercent=0.1
[9/28/2026, 1:24:19 PM.905] [Info] [pid=4484] [WorkflowMemProbe] tick runId=(none) | rss=76.3MB heap=81.6/91.7MB external=4MB arrayBuffers=0MB malloced=0.5/49.2MB heapLimit=4095.8MB cpuPercent=0.1
[9/28/2026, 1:24:49 PM.907] [Info] [pid=4484] [WorkflowMemProbe] tick runId=(none) | rss=72.2MB heap=81.9/91.7MB external=4.1MB arrayBuffers=0MB malloced=0.5/49.2MB heapLimit=4095.8MB cpuPercent=0.1
[9/28/2026, 1:25:19 PM.906] [Info] [pid=4484] [WorkflowMemProbe] tick runId=(none) | rss=76.5MB heap=82.2/91.7MB external=4.1MB arrayBuffers=0MB malloced=0.5/49.2MB heapLimit=4095.8MB cpuPercent=0.1
[9/28/2026, 1:25:49 PM.907] [Info] [pid=4484] [WorkflowMemProbe] tick runId=(none) | rss=74.2MB heap=82.5/91.7MB external=4.2MB arrayBuffers=0MB malloced=0.5/49.2MB heapLimit=4095.8MB cpuPercent=0.1
[9/28/2026, 1:26:19 PM.908] [Info] [pid=4484] [WorkflowMemProbe] tick runId=(none) | rss=77MB heap=82.9/91.7MB external=4.3MB arrayBuffers=0MB malloced=0.5/49.2MB heapLimit=4095.8MB cpuPercent=0.1
[9/28/2026, 1:26:49 PM.909] [Info] [pid=4484] [WorkflowMemProbe] tick runId=(none) | rss=68.2MB heap=83.2/91.7MB external=4.4MB arrayBuffers=0MB malloced=0.5/49.2MB heapLimit=4095.8MB cpuPercent=0.1
[9/28/2026, 1:27:19 PM.909] [Info] [pid=4484] [WorkflowMemProbe] tick runId=(none) | rss=68MB heap=83.5/91.7MB external=4.5MB arrayBuffers=0MB malloced=0.5/49.2MB heapLimit=4095.8MB cpuPercent=0.1
[9/28/2026, 1:27:49 PM.910] [Info] [pid=4484] [WorkflowMemProbe] tick runId=(none) | rss=69.1MB heap=81.8/87.9MB external=4MB arrayBuffers=0MB malloced=0.5/49.2MB heapLimit=4095.8MB cpuPercent=0.1
[9/28/2026, 1:28:19 PM.911] [Info] [pid=4484] [WorkflowMemProbe] tick runId=(none) | rss=72MB heap=82.1/87.9MB external=4.1MB arrayBuffers=0MB malloced=0.5/49.2MB heapLimit=4095.8MB cpuPercent=0.1
[9/28/2026, 1:28:49 PM.911] [Info] [pid=4484] [WorkflowMemProbe] tick runId=(none) | rss=73.1MB heap=81.9/87.4MB external=4.1MB arrayBuffers=0MB malloced=0.5/49.2MB heapLimit=4095.8MB cpuPercent=0.1
[9/28/2026, 1:29:19 PM.913] [Info] [pid=4484] [WorkflowMemProbe] tick runId=(none) | rss=73MB heap=82.3/87.7MB external=4.1MB arrayBuffers=0MB malloced=0.5/49.2MB heapLimit=4095.8MB cpuPercent=0.0
[9/28/2026, 1:29:19 PM.928] [Info] [pid=4484] [SettingsEndpointProductProvider] resolved endpoint=<unset> env=internal settingScopes=user | settings: enterpriseEndpoint=<unset> endpoint=<unset> envRouteMode=<unset>
[9/28/2026, 1:29:19 PM.934] [Info] [pid=4484] [PluginsProductProvider.provide] active=8, ids=[weixinpay@workbuddy-builtin,tencent-docs-plugin@workbuddy-builtin,sheetagent@workbuddy-builtin,tencent-pptx@workbuddy-builtin,tencent-docx@workbuddy-builtin,agent-browser@codebuddy-plugins-official,find-skills@codebuddy-plugins-official,finance-data@cb_teams_marketplace]
[9/28/2026, 1:29:19 PM.934] [Info] [pid=4484] [MCP][cacheDbg] getConnectedServers() called: nonInteractive=true waitForSettle=false cacheNow=[] allServers=[]
[9/28/2026, 1:29:19 PM.934] [Info] [pid=4484] [MCP][cacheDbg] getConnectedServers() returning: [] (size=0)
[9/28/2026, 1:29:19 PM.937] [Info] [pid=4484] [CustomModelsProductProvider] productName=WorkBuddy, isWorkBuddy=true, userConfigPath=/Users/didi/.workbuddy/models.json
[9/28/2026, 1:29:19 PM.937] [Info] [pid=4484] Loaded custom models config from user: /Users/didi/.workbuddy/models.json
[9/28/2026, 1:29:19 PM.937] [Info] [pid=4484] [ModelsProductProvider] enterpriseId: undefined, endpoint: https://www.workbuddy.cn
[9/28/2026, 1:29:19 PM.937] [Warning] [pid=4484] [ModelsProductProvider] enterpriseId is missing, skipping models API call
[9/28/2026, 1:29:19 PM.937] [Info] [pid=4484] [AgentModelResolver] product config input: 53 models, 23 agents
[9/28/2026, 1:29:49 PM.913] [Info] [pid=4484] [WorkflowMemProbe] tick runId=(none) | rss=119.1MB heap=78/85.7MB external=3.8MB arrayBuffers=0MB malloced=0.5/49.2MB heapLimit=4095.8MB cpuPercent=0.4
[9/28/2026, 1:30:19 PM.912] [Info] [pid=4484] [WorkflowMemProbe] tick runId=(none) | rss=114.6MB heap=78.3/85.7MB external=3.9MB arrayBuffers=0MB malloced=0.5/49.2MB heapLimit=4095.8MB cpuPercent=0.1
[9/28/2026, 1:30:49 PM.913] [Info] [pid=4484] [WorkflowMemProbe] tick runId=(none) | rss=114.6MB heap=78.6/85.7MB external=4MB arrayBuffers=0MB malloced=0.5/49.2MB heapLimit=4095.8MB cpuPercent=0.0
[9/28/2026, 1:31:19 PM.913] [Info] [pid=4484] [WorkflowMemProbe] tick runId=(none) | rss=114.7MB heap=79/85.7MB external=4MB arrayBuffers=0MB malloced=0.5/49.2MB heapLimit=4095.8MB cpuPercent=0.0
[9/28/2026, 1:31:49 PM.914] [Info] [pid=4484] [WorkflowMemProbe] tick runId=(none) | rss=114.8MB heap=79.3/85.7MB external=4.1MB arrayBuffers=0MB malloced=0.5/49.2MB heapLimit=4095.8MB cpuPercent=0.0
[9/28/2026, 1:32:19 PM.913] [Info] [pid=4484] [WorkflowMemProbe] tick runId=(none) | rss=115.5MB heap=79.6/86.2MB external=4.2MB arrayBuffers=0MB malloced=0.5/49.2MB heapLimit=4095.8MB cpuPercent=0.1
[9/28/2026, 1:32:49 PM.912] [Info] [pid=4484] [WorkflowMemProbe] tick runId=(none) | rss=115.8MB heap=79.9/86.5MB external=4.3MB arrayBuffers=0MB malloced=0.5/49.2MB heapLimit=4095.8MB cpuPercent=0.1
[9/28/2026, 1:33:19 PM.913] [Info] [pid=4484] [WorkflowMemProbe] tick runId=(none) | rss=113.8MB heap=80.2/86.7MB external=4.4MB arrayBuffers=0MB malloced=0.5/49.2MB heapLimit=4095.8MB cpuPercent=0.1
[9/28/2026, 1:33:49 PM.915] [Info] [pid=4484] [WorkflowMemProbe] tick runId=(none) | rss=64.2MB heap=80.5/87MB external=4.4MB arrayBuffers=0MB malloced=0.5/49.2MB heapLimit=4095.8MB cpuPercent=0.1
[9/28/2026, 1:34:19 PM.914] [Info] [pid=4484] [WorkflowMemProbe] tick runId=(none) | rss=68.1MB heap=80.9/87.5MB external=4.5MB arrayBuffers=0MB malloced=0.5/49.2MB heapLimit=4095.8MB cpuPercent=0.1
[9/28/2026, 1:34:49 PM.913] [Info] [pid=4484] [WorkflowMemProbe] tick runId=(none) | rss=76.5MB heap=78.3/84MB external=3.9MB arrayBuffers=0MB malloced=0.5/49.2MB heapLimit=4095.8MB cpuPercent=0.1
[9/28/2026, 1:35:19 PM.913] [Info] [pid=4484] [WorkflowMemProbe] tick runId=(none) | rss=79.1MB heap=78.2/84.2MB external=4MB arrayBuffers=0MB malloced=0.5/49.2MB heapLimit=4095.8MB cpuPercent=0.1
[9/28/2026, 1:35:49 PM.912] [Info] [pid=4484] [WorkflowMemProbe] tick runId=(none) | rss=79.2MB heap=78.5/84.5MB external=4MB arrayBuffers=0MB malloced=0.5/49.2MB heapLimit=4095.8MB cpuPercent=0.1
[9/28/2026, 1:36:19 PM.912] [Info] [pid=4484] [WorkflowMemProbe] tick runId=(none) | rss=79.4MB heap=78.8/84.7MB external=4MB arrayBuffers=0MB malloced=0.5/49.2MB heapLimit=4095.8MB cpuPercent=0.1
[9/28/2026, 1:36:49 PM.912] [Info] [pid=4484] [WorkflowMemProbe] tick runId=(none) | rss=79.5MB heap=78.5/84MB external=3.9MB arrayBuffers=0MB malloced=0.5/49.2MB heapLimit=4095.8MB cpuPercent=0.1
[9/28/2026, 1:37:19 PM.912] [Info] [pid=4484] [WorkflowMemProbe] tick runId=(none) | rss=79.5MB heap=78.8/84MB external=4MB arrayBuffers=0MB malloced=0.5/49.2MB heapLimit=4095.8MB cpuPercent=0.1
[9/28/2026, 1:37:49 PM.914] [Info] [pid=4484] [WorkflowMemProbe] tick runId=(none) | rss=80.3MB heap=78.5/83.2MB external=3.9MB arrayBuffers=0MB malloced=0.5/49.2MB heapLimit=4095.8MB cpuPercent=0.1
[9/28/2026, 1:37:49 PM.932] [Info] [pid=4484] [SettingsEndpointProductProvider] resolved endpoint=<unset> env=internal settingScopes=user | settings: enterpriseEndpoint=<unset> endpoint=<unset> envRouteMode=<unset>
[9/28/2026, 1:37:49 PM.945] [Info] [pid=4484] [GitInfoCollector]  CODEBUDDY_GIT_REPO_SCAN_DISABLED 1
[9/28/2026, 1:37:49 PM.945] [Info] [pid=4484] [GitInfoCollector]  Git repository scan is disabled via CODEBUDDY_GIT_REPO_SCAN_DISABLED environment variable
[9/28/2026, 1:37:50 PM.202] [Info] [pid=4484] [CloudProductManager]  fetch cloud product request headers: {"authorization":"***","user-agent":"WorkBuddy/5.6.2 WorkBuddy/5.6.2 CLI/2.147.0","x-domain":"www.workbuddy.cn","x-product":"SaaS","x-request-id":"8baeeb546edc4111ad89b4872ad6a0a2","x-user-id":"fdee3d54-95b6-4e9c-aaff-50ad9505aab4"}
[9/28/2026, 1:37:50 PM.202] [Info] [pid=4484] [CloudProductManager]  fetch cloud product from url:https://www.workbuddy.cn/v3/config success, agents(1): cli, models(53): auto,fast-model,balanced-model,deep-model,hy3,hy3-b,hy3-c,hy3-x,hy4-preview,hy4-preview-f,minimax-m2.5,glm-5v-turbo,glm-5.3,glm-5.3-flash,glm-5.2,glm-5.1,glm-5.0-turbo,glm-4.6v,kimi-k3-1,kimi-k2.8-preview,kimi-k2.7,kimi-k2.6,kimi-k2.5,kimi-k2-thinking,minimax-m3,minimax-m2.7,glm-4.6,deepseek-v4-flash,deepseek-v4.1-flash,deepseek-v4-pro,deepseek-v3-2-volc,deepseek-v3-1-volc,deepseek-v3-1-lkeap,deepseek-v3-1,deepseek-v3-0324-lkeap,deepseek-r1-0528-lkeap,kimi-k2-instruct-taiji,completion-gf,default-1.1,hunyuan-3b,hunyuan-7b-dense,codewise-completions,codewise-rewrite,codewise-nes-a4-027-aide,codewise-jump,deepseek-r1-0528,deepseek-v3-0324-taco-completion,deepseek-v3-0324,default-1.2,hunyuan-2.0-instruct,hunyuan-chat,hunyuan-image-alpha,hunyuan-image-alpha-edit, cli agent models(16): auto,hy4-preview-f,hy3,hy3-x,deepseek-v4.1-flash,glm-5.3,glm-5.3-flash,glm-5.2,glm-5.1,glm-5v-turbo,minimax-m3,kimi-k3-1,kimi-k2.8-preview,kimi-k2.7,kimi-k2.6,deepseek-v4-pro
[9/28/2026, 1:37:50 PM.203] [Info] [pid=4484] [CloudProductManager]  Fetched configuration from remote [265ms]
[9/28/2026, 1:37:50 PM.206] [Info] [pid=4484] [PluginsProductProvider.provide] active=8, ids=[weixinpay@workbuddy-builtin,tencent-docs-plugin@workbuddy-builtin,sheetagent@workbuddy-builtin,tencent-pptx@workbuddy-builtin,tencent-docx@workbuddy-builtin,agent-browser@codebuddy-plugins-official,find-skills@codebuddy-plugins-official,finance-data@cb_teams_marketplace]
[9/28/2026, 1:37:50 PM.207] [Info] [pid=4484] [MCP][cacheDbg] getConnectedServers() called: nonInteractive=true waitForSettle=false cacheNow=[] allServers=[]
[9/28/2026, 1:37:50 PM.207] [Info] [pid=4484] [MCP][cacheDbg] getConnectedServers() returning: [] (size=0)
[9/28/2026, 1:37:50 PM.214] [Info] [pid=4484] [CustomModelsProductProvider] productName=WorkBuddy, isWorkBuddy=true, userConfigPath=/Users/didi/.workbuddy/models.json
[9/28/2026, 1:37:50 PM.214] [Info] [pid=4484] Loaded custom models config from user: /Users/didi/.workbuddy/models.json
[9/28/2026, 1:37:50 PM.215] [Info] [pid=4484] [ModelsProductProvider] enterpriseId: undefined, endpoint: https://www.workbuddy.cn
[9/28/2026, 1:37:50 PM.215] [Warning] [pid=4484] [ModelsProductProvider] enterpriseId is missing, skipping models API call
[9/28/2026, 1:37:50 PM.215] [Info] [pid=4484] [AgentModelResolver] product config input: 53 models, 23 agents
[9/28/2026, 1:38:19 PM.913] [Info] [pid=4484] [WorkflowMemProbe] tick runId=(none) | rss=122.9MB heap=78.1/85MB external=3.7MB arrayBuffers=0MB malloced=0.5/49.2MB heapLimit=4095.8MB cpuPercent=0.6
[9/28/2026, 1:38:49 PM.914] [Info] [pid=4484] [WorkflowMemProbe] tick runId=(none) | rss=111.7MB heap=78.5/85MB external=3.9MB arrayBuffers=0MB malloced=0.5/49.2MB heapLimit=4095.8MB cpuPercent=0.1
[9/28/2026, 1:38:49 PM.939] [Error] [pid=4484] [ProcessExit] signal | reason=SIGTERM
