Workspace Path: /Users/didi/workbuddyMainThread
[9/19/2026, 7:52:44 AM.369] [Info] [WeixinClawBotClient] pollLoop getUpdates returned {"iteration":22202,"elapsedMs":18236,"hasBuf":true,"msgs":0}
[9/19/2026, 7:52:44 AM.372] [Info] [WeixinClawBotClient] pollLoop iteration begin {"iteration":22203,"cursorLen":96}
[9/19/2026, 8:08:16 AM.702] [Info] [CentrifugoClient] Re-subscribing to copilot_workbuddy:fdee3d54-95b6-4e9c-aaff-50ad9505aab4_25e526bc70aeedffd6ce569154fcfedd_e76b49539422036c: transport closed (code: 1)
[9/19/2026, 8:08:16 AM.702] [Info] [CentrifugoClient] Reconnecting: no ping (code: 2)
[9/19/2026, 8:08:16 AM.702] [Info] [ClawService] Centrifugo status: connecting
[9/19/2026, 8:08:16 AM.705] [Info] [WorkbuddyEnterpriseModels] enterpriseId: undefined, endpoint: https://copilot.tencent.com
[9/19/2026, 8:08:16 AM.706] [Info] [AgentModelResolver] product config input: 42 models, 18 agents
[9/19/2026, 8:08:16 AM.706] [Info] [AgentModelResolver] model ids: default, deepseek-v4-pro, deepseek-v4-flash, deepseek-v3-2-volc, minimax-m2.5, minimax-m2.7, minimax-m3-play, glm-5.1, glm-5.0, glm-5.0-turbo, glm-5v-turbo, glm-4.7, glm-4.6, glm-4.6v, kimi-k2.6, kimi-k2.5, kimi-k2-thinking, hy3-preview-agent, hunyuan-chat, hunyuan-image-v3.0, auto, hy3-preview, hunyuan-2.0-thinking, deepseek-v3-1-volc, deepseek-v3-1-lkeap, deepseek-v3-1, deepseek-v3-0324-lkeap, deepseek-r1-0528-lkeap, kimi-k2-instruct-taiji, completion-gf, default-1.1, hunyuan-3b, hunyuan-7b-dense, codewise-completions, codewise-rewrite, codewise-nes-a4-027-aide, codewise-jump, deepseek-r1-0528, deepseek-v3-0324-taco-completion, deepseek-v3-0324, default-1.2, hunyuan-2.0-instruct
[9/19/2026, 8:08:16 AM.706] [Info] [AgentModelResolver] agent "cli" original_models=["auto","glm-5v-turbo","glm-5.1","glm-5.0-turbo","glm-5.0","glm-4.7","kimi-k2.5","minimax-m2.7","deepseek-v3-2-volc"] -> resolved_models=["auto","glm-5v-turbo","glm-5.1","glm-5.0-turbo","glm-5.0","glm-4.7","kimi-k2.5","minimax-m2.7","deepseek-v3-2-volc"]
[9/19/2026, 8:08:16 AM.706] [Info] [AgentModelResolver] agent "general-purpose" original_models=undefined -> resolved_models=[]
[9/19/2026, 8:08:16 AM.706] [Info] [AgentModelResolver] agent "compact" original_models=undefined -> resolved_models=[]
[9/19/2026, 8:08:16 AM.706] [Info] [AgentModelResolver] agent "contextSummary" original_models=undefined -> resolved_models=[]
[9/19/2026, 8:08:16 AM.706] [Info] [AgentModelResolver] agent "contentAnalyzer" original_models=undefined -> resolved_models=[]
[9/19/2026, 8:08:16 AM.706] [Info] [AgentModelResolver] agent "terminalTitleGenerator" original_models=undefined -> resolved_models=[]
[9/19/2026, 8:08:16 AM.706] [Info] [AgentModelResolver] agent "promptSuggestion" original_models=undefined -> resolved_models=[]
[9/19/2026, 8:08:16 AM.706] [Info] [AgentModelResolver] agent "memorySelector" original_models=["lite"] -> resolved_models=["lite"]
[9/19/2026, 8:08:16 AM.706] [Info] [AgentModelResolver] agent "summaryGenerator" original_models=undefined -> resolved_models=[]
[9/19/2026, 8:08:16 AM.706] [Info] [AgentModelResolver] agent "autoModeClassifier" original_models=undefined -> resolved_models=[]
[9/19/2026, 8:08:16 AM.706] [Info] [AgentModelResolver] agent "promptHookEvaluator" original_models=["lite"] -> resolved_models=["lite"]
[9/19/2026, 8:08:16 AM.706] [Info] [AgentModelResolver] agent "insightsAnalyzer" original_models=undefined -> resolved_models=[]
[9/19/2026, 8:08:16 AM.706] [Info] [AgentModelResolver] agent "agentInstructions" original_models=undefined -> resolved_models=[]
[9/19/2026, 8:08:16 AM.706] [Info] [AgentModelResolver] agent "statusline-setup" original_models=undefined -> resolved_models=[]
[9/19/2026, 8:08:16 AM.706] [Info] [AgentModelResolver] agent "Explore" original_models=["lite"] -> resolved_models=["lite"]
[9/19/2026, 8:08:16 AM.706] [Info] [AgentModelResolver] agent "Plan" original_models=undefined -> resolved_models=[]
[9/19/2026, 8:08:16 AM.706] [Info] [AgentModelResolver] agent "pulse" original_models=undefined -> resolved_models=[]
[9/19/2026, 8:08:16 AM.706] [Info] [AgentModelResolver] agent "enhance-prompt" original_models=undefined -> resolved_models=[]
[9/19/2026, 8:08:16 AM.710] [Info] [Merge] Step 1 (local + overlay): localModels=42, overlayModels=51, mergedModels=51
[9/19/2026, 8:08:16 AM.711] [Info] [Merge] Step 2 (+enterprise): enterpriseModels=0, totalModels=51
[9/19/2026, 8:08:16 AM.711] [Info] [Merge] Step 3 (+custom): customModels=0, totalModels=51
[9/19/2026, 8:08:16 AM.711] [Info] [Merge] Step 4 (availableModels filter): finalModels=51, cli.models=["auto","hy4-preview-f","hy3","hy3-x","deepseek-v4.1-flash","glm-5.3","glm-5.3-flash","glm-5.2","glm-5.1","glm-5v-turbo","minimax-m3","kimi-k3-1","kimi-k2.8-preview","kimi-k2.7","kimi-k2.6","deepseek-v4-pro"]
[9/19/2026, 8:08:16 AM.712] [Info] [WeixinClawBotClient] pollLoop getUpdates returned {"iteration":22203,"elapsedMs":932341,"ret":0,"hasBuf":true,"msgs":0}
[9/19/2026, 8:08:16 AM.713] [Info] [WorkbuddyEnterpriseModels] enterpriseId: undefined, endpoint: https://copilot.tencent.com
[9/19/2026, 8:08:16 AM.713] [Info] [AgentModelResolver] product config input: 42 models, 18 agents
[9/19/2026, 8:08:16 AM.713] [Info] [AgentModelResolver] model ids: default, deepseek-v4-pro, deepseek-v4-flash, deepseek-v3-2-volc, minimax-m2.5, minimax-m2.7, minimax-m3-play, glm-5.1, glm-5.0, glm-5.0-turbo, glm-5v-turbo, glm-4.7, glm-4.6, glm-4.6v, kimi-k2.6, kimi-k2.5, kimi-k2-thinking, hy3-preview-agent, hunyuan-chat, hunyuan-image-v3.0, auto, hy3-preview, hunyuan-2.0-thinking, deepseek-v3-1-volc, deepseek-v3-1-lkeap, deepseek-v3-1, deepseek-v3-0324-lkeap, deepseek-r1-0528-lkeap, kimi-k2-instruct-taiji, completion-gf, default-1.1, hunyuan-3b, hunyuan-7b-dense, codewise-completions, codewise-rewrite, codewise-nes-a4-027-aide, codewise-jump, deepseek-r1-0528, deepseek-v3-0324-taco-completion, deepseek-v3-0324, default-1.2, hunyuan-2.0-instruct
[9/19/2026, 8:08:16 AM.713] [Info] [AgentModelResolver] agent "cli" original_models=["auto","glm-5v-turbo","glm-5.1","glm-5.0-turbo","glm-5.0","glm-4.7","kimi-k2.5","minimax-m2.7","deepseek-v3-2-volc"] -> resolved_models=["auto","glm-5v-turbo","glm-5.1","glm-5.0-turbo","glm-5.0","glm-4.7","kimi-k2.5","minimax-m2.7","deepseek-v3-2-volc"]
[9/19/2026, 8:08:16 AM.713] [Info] [AgentModelResolver] agent "general-purpose" original_models=undefined -> resolved_models=[]
[9/19/2026, 8:08:16 AM.713] [Info] [AgentModelResolver] agent "compact" original_models=undefined -> resolved_models=[]
[9/19/2026, 8:08:16 AM.713] [Info] [AgentModelResolver] agent "contextSummary" original_models=undefined -> resolved_models=[]
[9/19/2026, 8:08:16 AM.713] [Info] [AgentModelResolver] agent "contentAnalyzer" original_models=undefined -> resolved_models=[]
[9/19/2026, 8:08:16 AM.713] [Info] [AgentModelResolver] agent "terminalTitleGenerator" original_models=undefined -> resolved_models=[]
[9/19/2026, 8:08:16 AM.713] [Info] [AgentModelResolver] agent "promptSuggestion" original_models=undefined -> resolved_models=[]
[9/19/2026, 8:08:16 AM.713] [Info] [AgentModelResolver] agent "memorySelector" original_models=["lite"] -> resolved_models=["lite"]
[9/19/2026, 8:08:16 AM.713] [Info] [AgentModelResolver] agent "summaryGenerator" original_models=undefined -> resolved_models=[]
[9/19/2026, 8:08:16 AM.713] [Info] [AgentModelResolver] agent "autoModeClassifier" original_models=undefined -> resolved_models=[]
[9/19/2026, 8:08:16 AM.713] [Info] [AgentModelResolver] agent "promptHookEvaluator" original_models=["lite"] -> resolved_models=["lite"]
[9/19/2026, 8:08:16 AM.713] [Info] [AgentModelResolver] agent "insightsAnalyzer" original_models=undefined -> resolved_models=[]
[9/19/2026, 8:08:16 AM.713] [Info] [AgentModelResolver] agent "agentInstructions" original_models=undefined -> resolved_models=[]
[9/19/2026, 8:08:16 AM.713] [Info] [AgentModelResolver] agent "statusline-setup" original_models=undefined -> resolved_models=[]
[9/19/2026, 8:08:16 AM.713] [Info] [AgentModelResolver] agent "Explore" original_models=["lite"] -> resolved_models=["lite"]
[9/19/2026, 8:08:16 AM.713] [Info] [AgentModelResolver] agent "Plan" original_models=undefined -> resolved_models=[]
[9/19/2026, 8:08:16 AM.713] [Info] [AgentModelResolver] agent "pulse" original_models=undefined -> resolved_models=[]
[9/19/2026, 8:08:16 AM.713] [Info] [AgentModelResolver] agent "enhance-prompt" original_models=undefined -> resolved_models=[]
[9/19/2026, 8:08:16 AM.717] [Info] [Merge] Step 1 (local + overlay): localModels=42, overlayModels=51, mergedModels=51
[9/19/2026, 8:08:16 AM.717] [Info] [Merge] Step 2 (+enterprise): enterpriseModels=0, totalModels=51
[9/19/2026, 8:08:16 AM.717] [Info] [Merge] Step 3 (+custom): customModels=0, totalModels=51
[9/19/2026, 8:08:16 AM.717] [Info] [Merge] Step 4 (availableModels filter): finalModels=51, cli.models=["auto","hy4-preview-f","hy3","hy3-x","deepseek-v4.1-flash","glm-5.3","glm-5.3-flash","glm-5.2","glm-5.1","glm-5v-turbo","minimax-m3","kimi-k3-1","kimi-k2.8-preview","kimi-k2.7","kimi-k2.6","deepseek-v4-pro"]
[9/19/2026, 8:08:16 AM.787] [Info] [WeixinClawBotClient] pollLoop iteration begin {"iteration":22204,"cursorLen":96}
[9/19/2026, 8:08:17 AM.596] [Info] [CentrifugoClient] Connected successfully
[9/19/2026, 8:08:17 AM.596] [Info] [ClawService] Centrifugo status: connected
[9/19/2026, 8:08:17 AM.602] [Info] [CentrifugoClient] Subscribed to channel: copilot_workbuddy:fdee3d54-95b6-4e9c-aaff-50ad9505aab4_25e526bc70aeedffd6ce569154fcfedd_e76b49539422036c
[9/19/2026, 8:08:35 AM.517] [Info] [WeixinClawBotClient] pollLoop getUpdates returned {"iteration":22204,"elapsedMs":18730,"hasBuf":true,"msgs":0}
[9/19/2026, 8:08:35 AM.532] [Info] [WeixinClawBotClient] pollLoop iteration begin {"iteration":22205,"cursorLen":96}
[9/19/2026, 8:08:53 AM.718] [Info] [WeixinClawBotClient] pollLoop getUpdates returned {"iteration":22205,"elapsedMs":18194,"hasBuf":true,"msgs":0}
[9/19/2026, 8:08:53 AM.737] [Info] [WeixinClawBotClient] pollLoop iteration begin {"iteration":22206,"cursorLen":96}
[9/19/2026, 8:24:36 AM.264] [Info] [CentrifugoClient] Re-subscribing to copilot_workbuddy:fdee3d54-95b6-4e9c-aaff-50ad9505aab4_25e526bc70aeedffd6ce569154fcfedd_e76b49539422036c: transport closed (code: 1)
[9/19/2026, 8:24:36 AM.264] [Info] [CentrifugoClient] Reconnecting: no ping (code: 2)
[9/19/2026, 8:24:36 AM.264] [Info] [ClawService] Centrifugo status: connecting
[9/19/2026, 8:24:36 AM.265] [Info] [WorkbuddyEnterpriseModels] enterpriseId: undefined, endpoint: https://copilot.tencent.com
[9/19/2026, 8:24:36 AM.265] [Info] [AgentModelResolver] product config input: 42 models, 18 agents
[9/19/2026, 8:24:36 AM.265] [Info] [AgentModelResolver] model ids: default, deepseek-v4-pro, deepseek-v4-flash, deepseek-v3-2-volc, minimax-m2.5, minimax-m2.7, minimax-m3-play, glm-5.1, glm-5.0, glm-5.0-turbo, glm-5v-turbo, glm-4.7, glm-4.6, glm-4.6v, kimi-k2.6, kimi-k2.5, kimi-k2-thinking, hy3-preview-agent, hunyuan-chat, hunyuan-image-v3.0, auto, hy3-preview, hunyuan-2.0-thinking, deepseek-v3-1-volc, deepseek-v3-1-lkeap, deepseek-v3-1, deepseek-v3-0324-lkeap, deepseek-r1-0528-lkeap, kimi-k2-instruct-taiji, completion-gf, default-1.1, hunyuan-3b, hunyuan-7b-dense, codewise-completions, codewise-rewrite, codewise-nes-a4-027-aide, codewise-jump, deepseek-r1-0528, deepseek-v3-0324-taco-completion, deepseek-v3-0324, default-1.2, hunyuan-2.0-instruct
[9/19/2026, 8:24:36 AM.265] [Info] [AgentModelResolver] agent "cli" original_models=["auto","glm-5v-turbo","glm-5.1","glm-5.0-turbo","glm-5.0","glm-4.7","kimi-k2.5","minimax-m2.7","deepseek-v3-2-volc"] -> resolved_models=["auto","glm-5v-turbo","glm-5.1","glm-5.0-turbo","glm-5.0","glm-4.7","kimi-k2.5","minimax-m2.7","deepseek-v3-2-volc"]
[9/19/2026, 8:24:36 AM.265] [Info] [AgentModelResolver] agent "general-purpose" original_models=undefined -> resolved_models=[]
[9/19/2026, 8:24:36 AM.265] [Info] [AgentModelResolver] agent "compact" original_models=undefined -> resolved_models=[]
[9/19/2026, 8:24:36 AM.265] [Info] [AgentModelResolver] agent "contextSummary" original_models=undefined -> resolved_models=[]
[9/19/2026, 8:24:36 AM.265] [Info] [AgentModelResolver] agent "contentAnalyzer" original_models=undefined -> resolved_models=[]
[9/19/2026, 8:24:36 AM.265] [Info] [AgentModelResolver] agent "terminalTitleGenerator" original_models=undefined -> resolved_models=[]
[9/19/2026, 8:24:36 AM.265] [Info] [AgentModelResolver] agent "promptSuggestion" original_models=undefined -> resolved_models=[]
[9/19/2026, 8:24:36 AM.265] [Info] [AgentModelResolver] agent "memorySelector" original_models=["lite"] -> resolved_models=["lite"]
[9/19/2026, 8:24:36 AM.265] [Info] [AgentModelResolver] agent "summaryGenerator" original_models=undefined -> resolved_models=[]
[9/19/2026, 8:24:36 AM.265] [Info] [AgentModelResolver] agent "autoModeClassifier" original_models=undefined -> resolved_models=[]
[9/19/2026, 8:24:36 AM.265] [Info] [AgentModelResolver] agent "promptHookEvaluator" original_models=["lite"] -> resolved_models=["lite"]
[9/19/2026, 8:24:36 AM.265] [Info] [AgentModelResolver] agent "insightsAnalyzer" original_models=undefined -> resolved_models=[]
[9/19/2026, 8:24:36 AM.265] [Info] [AgentModelResolver] agent "agentInstructions" original_models=undefined -> resolved_models=[]
[9/19/2026, 8:24:36 AM.265] [Info] [AgentModelResolver] agent "statusline-setup" original_models=undefined -> resolved_models=[]
[9/19/2026, 8:24:36 AM.265] [Info] [AgentModelResolver] agent "Explore" original_models=["lite"] -> resolved_models=["lite"]
[9/19/2026, 8:24:36 AM.265] [Info] [AgentModelResolver] agent "Plan" original_models=undefined -> resolved_models=[]
[9/19/2026, 8:24:36 AM.265] [Info] [AgentModelResolver] agent "pulse" original_models=undefined -> resolved_models=[]
[9/19/2026, 8:24:36 AM.265] [Info] [AgentModelResolver] agent "enhance-prompt" original_models=undefined -> resolved_models=[]
[9/19/2026, 8:24:36 AM.358] [Info] [Merge] Step 1 (local + overlay): localModels=42, overlayModels=51, mergedModels=51
[9/19/2026, 8:24:36 AM.358] [Info] [Merge] Step 2 (+enterprise): enterpriseModels=0, totalModels=51
[9/19/2026, 8:24:36 AM.358] [Info] [Merge] Step 3 (+custom): customModels=0, totalModels=51
[9/19/2026, 8:24:36 AM.358] [Info] [Merge] Step 4 (availableModels filter): finalModels=51, cli.models=["auto","hy4-preview-f","hy3","hy3-x","deepseek-v4.1-flash","glm-5.3","glm-5.3-flash","glm-5.2","glm-5.1","glm-5v-turbo","minimax-m3","kimi-k3-1","kimi-k2.8-preview","kimi-k2.7","kimi-k2.6","deepseek-v4-pro"]
[9/19/2026, 8:24:36 AM.365] [Info] [WeixinClawBotClient] pollLoop getUpdates returned {"iteration":22206,"elapsedMs":942639,"ret":0,"hasBuf":true,"msgs":0}
[9/19/2026, 8:24:36 AM.366] [Info] [WorkbuddyEnterpriseModels] enterpriseId: undefined, endpoint: https://copilot.tencent.com
[9/19/2026, 8:24:36 AM.367] [Info] [AgentModelResolver] product config input: 42 models, 18 agents
[9/19/2026, 8:24:36 AM.367] [Info] [AgentModelResolver] model ids: default, deepseek-v4-pro, deepseek-v4-flash, deepseek-v3-2-volc, minimax-m2.5, minimax-m2.7, minimax-m3-play, glm-5.1, glm-5.0, glm-5.0-turbo, glm-5v-turbo, glm-4.7, glm-4.6, glm-4.6v, kimi-k2.6, kimi-k2.5, kimi-k2-thinking, hy3-preview-agent, hunyuan-chat, hunyuan-image-v3.0, auto, hy3-preview, hunyuan-2.0-thinking, deepseek-v3-1-volc, deepseek-v3-1-lkeap, deepseek-v3-1, deepseek-v3-0324-lkeap, deepseek-r1-0528-lkeap, kimi-k2-instruct-taiji, completion-gf, default-1.1, hunyuan-3b, hunyuan-7b-dense, codewise-completions, codewise-rewrite, codewise-nes-a4-027-aide, codewise-jump, deepseek-r1-0528, deepseek-v3-0324-taco-completion, deepseek-v3-0324, default-1.2, hunyuan-2.0-instruct
[9/19/2026, 8:24:36 AM.367] [Info] [AgentModelResolver] agent "cli" original_models=["auto","glm-5v-turbo","glm-5.1","glm-5.0-turbo","glm-5.0","glm-4.7","kimi-k2.5","minimax-m2.7","deepseek-v3-2-volc"] -> resolved_models=["auto","glm-5v-turbo","glm-5.1","glm-5.0-turbo","glm-5.0","glm-4.7","kimi-k2.5","minimax-m2.7","deepseek-v3-2-volc"]
[9/19/2026, 8:24:36 AM.367] [Info] [AgentModelResolver] agent "general-purpose" original_models=undefined -> resolved_models=[]
[9/19/2026, 8:24:36 AM.367] [Info] [AgentModelResolver] agent "compact" original_models=undefined -> resolved_models=[]
[9/19/2026, 8:24:36 AM.367] [Info] [AgentModelResolver] agent "contextSummary" original_models=undefined -> resolved_models=[]
[9/19/2026, 8:24:36 AM.367] [Info] [AgentModelResolver] agent "contentAnalyzer" original_models=undefined -> resolved_models=[]
[9/19/2026, 8:24:36 AM.367] [Info] [AgentModelResolver] agent "terminalTitleGenerator" original_models=undefined -> resolved_models=[]
[9/19/2026, 8:24:36 AM.367] [Info] [AgentModelResolver] agent "promptSuggestion" original_models=undefined -> resolved_models=[]
[9/19/2026, 8:24:36 AM.367] [Info] [AgentModelResolver] agent "memorySelector" original_models=["lite"] -> resolved_models=["lite"]
[9/19/2026, 8:24:36 AM.367] [Info] [AgentModelResolver] agent "summaryGenerator" original_models=undefined -> resolved_models=[]
[9/19/2026, 8:24:36 AM.367] [Info] [AgentModelResolver] agent "autoModeClassifier" original_models=undefined -> resolved_models=[]
[9/19/2026, 8:24:36 AM.367] [Info] [AgentModelResolver] agent "promptHookEvaluator" original_models=["lite"] -> resolved_models=["lite"]
[9/19/2026, 8:24:36 AM.367] [Info] [AgentModelResolver] agent "insightsAnalyzer" original_models=undefined -> resolved_models=[]
[9/19/2026, 8:24:36 AM.367] [Info] [AgentModelResolver] agent "agentInstructions" original_models=undefined -> resolved_models=[]
[9/19/2026, 8:24:36 AM.367] [Info] [AgentModelResolver] agent "statusline-setup" original_models=undefined -> resolved_models=[]
[9/19/2026, 8:24:36 AM.367] [Info] [AgentModelResolver] agent "Explore" original_models=["lite"] -> resolved_models=["lite"]
[9/19/2026, 8:24:36 AM.367] [Info] [AgentModelResolver] agent "Plan" original_models=undefined -> resolved_models=[]
[9/19/2026, 8:24:36 AM.367] [Info] [AgentModelResolver] agent "pulse" original_models=undefined -> resolved_models=[]
[9/19/2026, 8:24:36 AM.367] [Info] [AgentModelResolver] agent "enhance-prompt" original_models=undefined -> resolved_models=[]
[9/19/2026, 8:24:36 AM.377] [Info] [Merge] Step 1 (local + overlay): localModels=42, overlayModels=51, mergedModels=51
[9/19/2026, 8:24:36 AM.377] [Info] [Merge] Step 2 (+enterprise): enterpriseModels=0, totalModels=51
[9/19/2026, 8:24:36 AM.377] [Info] [Merge] Step 3 (+custom): customModels=0, totalModels=51
[9/19/2026, 8:24:36 AM.377] [Info] [Merge] Step 4 (availableModels filter): finalModels=51, cli.models=["auto","hy4-preview-f","hy3","hy3-x","deepseek-v4.1-flash","glm-5.3","glm-5.3-flash","glm-5.2","glm-5.1","glm-5v-turbo","minimax-m3","kimi-k3-1","kimi-k2.8-preview","kimi-k2.7","kimi-k2.6","deepseek-v4-pro"]
[9/19/2026, 8:24:36 AM.457] [Info] [WeixinClawBotClient] pollLoop iteration begin {"iteration":22207,"cursorLen":96}
[9/19/2026, 8:24:37 AM.401] [Info] [CentrifugoClient] Connected successfully
[9/19/2026, 8:24:37 AM.401] [Info] [ClawService] Centrifugo status: connected
[9/19/2026, 8:24:37 AM.407] [Info] [CentrifugoClient] Subscribed to channel: copilot_workbuddy:fdee3d54-95b6-4e9c-aaff-50ad9505aab4_25e526bc70aeedffd6ce569154fcfedd_e76b49539422036c
[9/19/2026, 8:24:55 AM.224] [Info] [WeixinClawBotClient] pollLoop getUpdates returned {"iteration":22207,"elapsedMs":18766,"hasBuf":true,"msgs":0}
[9/19/2026, 8:24:55 AM.238] [Info] [WeixinClawBotClient] pollLoop iteration begin {"iteration":22208,"cursorLen":96}
[9/19/2026, 8:25:13 AM.411] [Info] [WeixinClawBotClient] pollLoop getUpdates returned {"iteration":22208,"elapsedMs":18183,"hasBuf":true,"msgs":0}
[9/19/2026, 8:25:13 AM.414] [Info] [WeixinClawBotClient] pollLoop iteration begin {"iteration":22209,"cursorLen":96}
[9/19/2026, 8:40:45 AM.826] [Info] [CentrifugoClient] Re-subscribing to copilot_workbuddy:fdee3d54-95b6-4e9c-aaff-50ad9505aab4_25e526bc70aeedffd6ce569154fcfedd_e76b49539422036c: transport closed (code: 1)
[9/19/2026, 8:40:45 AM.826] [Info] [CentrifugoClient] Reconnecting: no ping (code: 2)
[9/19/2026, 8:40:45 AM.826] [Info] [ClawService] Centrifugo status: connecting
[9/19/2026, 8:40:45 AM.826] [Info] [WorkbuddyEnterpriseModels] enterpriseId: undefined, endpoint: https://copilot.tencent.com
[9/19/2026, 8:40:45 AM.827] [Info] [AgentModelResolver] product config input: 42 models, 18 agents
[9/19/2026, 8:40:45 AM.827] [Info] [AgentModelResolver] model ids: default, deepseek-v4-pro, deepseek-v4-flash, deepseek-v3-2-volc, minimax-m2.5, minimax-m2.7, minimax-m3-play, glm-5.1, glm-5.0, glm-5.0-turbo, glm-5v-turbo, glm-4.7, glm-4.6, glm-4.6v, kimi-k2.6, kimi-k2.5, kimi-k2-thinking, hy3-preview-agent, hunyuan-chat, hunyuan-image-v3.0, auto, hy3-preview, hunyuan-2.0-thinking, deepseek-v3-1-volc, deepseek-v3-1-lkeap, deepseek-v3-1, deepseek-v3-0324-lkeap, deepseek-r1-0528-lkeap, kimi-k2-instruct-taiji, completion-gf, default-1.1, hunyuan-3b, hunyuan-7b-dense, codewise-completions, codewise-rewrite, codewise-nes-a4-027-aide, codewise-jump, deepseek-r1-0528, deepseek-v3-0324-taco-completion, deepseek-v3-0324, default-1.2, hunyuan-2.0-instruct
[9/19/2026, 8:40:45 AM.827] [Info] [AgentModelResolver] agent "cli" original_models=["auto","glm-5v-turbo","glm-5.1","glm-5.0-turbo","glm-5.0","glm-4.7","kimi-k2.5","minimax-m2.7","deepseek-v3-2-volc"] -> resolved_models=["auto","glm-5v-turbo","glm-5.1","glm-5.0-turbo","glm-5.0","glm-4.7","kimi-k2.5","minimax-m2.7","deepseek-v3-2-volc"]
[9/19/2026, 8:40:45 AM.827] [Info] [AgentModelResolver] agent "general-purpose" original_models=undefined -> resolved_models=[]
[9/19/2026, 8:40:45 AM.827] [Info] [AgentModelResolver] agent "compact" original_models=undefined -> resolved_models=[]
[9/19/2026, 8:40:45 AM.827] [Info] [AgentModelResolver] agent "contextSummary" original_models=undefined -> resolved_models=[]
[9/19/2026, 8:40:45 AM.827] [Info] [AgentModelResolver] agent "contentAnalyzer" original_models=undefined -> resolved_models=[]
[9/19/2026, 8:40:45 AM.827] [Info] [AgentModelResolver] agent "terminalTitleGenerator" original_models=undefined -> resolved_models=[]
[9/19/2026, 8:40:45 AM.827] [Info] [AgentModelResolver] agent "promptSuggestion" original_models=undefined -> resolved_models=[]
[9/19/2026, 8:40:45 AM.827] [Info] [AgentModelResolver] agent "memorySelector" original_models=["lite"] -> resolved_models=["lite"]
[9/19/2026, 8:40:45 AM.827] [Info] [AgentModelResolver] agent "summaryGenerator" original_models=undefined -> resolved_models=[]
[9/19/2026, 8:40:45 AM.827] [Info] [AgentModelResolver] agent "autoModeClassifier" original_models=undefined -> resolved_models=[]
[9/19/2026, 8:40:45 AM.827] [Info] [AgentModelResolver] agent "promptHookEvaluator" original_models=["lite"] -> resolved_models=["lite"]
[9/19/2026, 8:40:45 AM.827] [Info] [AgentModelResolver] agent "insightsAnalyzer" original_models=undefined -> resolved_models=[]
[9/19/2026, 8:40:45 AM.827] [Info] [AgentModelResolver] agent "agentInstructions" original_models=undefined -> resolved_models=[]
[9/19/2026, 8:40:45 AM.827] [Info] [AgentModelResolver] agent "statusline-setup" original_models=undefined -> resolved_models=[]
[9/19/2026, 8:40:45 AM.827] [Info] [AgentModelResolver] agent "Explore" original_models=["lite"] -> resolved_models=["lite"]
[9/19/2026, 8:40:45 AM.827] [Info] [AgentModelResolver] agent "Plan" original_models=undefined -> resolved_models=[]
[9/19/2026, 8:40:45 AM.827] [Info] [AgentModelResolver] agent "pulse" original_models=undefined -> resolved_models=[]
[9/19/2026, 8:40:45 AM.827] [Info] [AgentModelResolver] agent "enhance-prompt" original_models=undefined -> resolved_models=[]
[9/19/2026, 8:40:45 AM.833] [Info] [Merge] Step 1 (local + overlay): localModels=42, overlayModels=51, mergedModels=51
[9/19/2026, 8:40:45 AM.833] [Info] [Merge] Step 2 (+enterprise): enterpriseModels=0, totalModels=51
[9/19/2026, 8:40:45 AM.833] [Info] [Merge] Step 3 (+custom): customModels=0, totalModels=51
[9/19/2026, 8:40:45 AM.833] [Info] [Merge] Step 4 (availableModels filter): finalModels=51, cli.models=["auto","hy4-preview-f","hy3","hy3-x","deepseek-v4.1-flash","glm-5.3","glm-5.3-flash","glm-5.2","glm-5.1","glm-5v-turbo","minimax-m3","kimi-k3-1","kimi-k2.8-preview","kimi-k2.7","kimi-k2.6","deepseek-v4-pro"]
[9/19/2026, 8:40:45 AM.834] [Info] [WeixinClawBotClient] pollLoop getUpdates returned {"iteration":22209,"elapsedMs":932421,"ret":0,"hasBuf":true,"msgs":0}
[9/19/2026, 8:40:45 AM.834] [Info] [WorkbuddyEnterpriseModels] enterpriseId: undefined, endpoint: https://copilot.tencent.com
[9/19/2026, 8:40:45 AM.834] [Info] [AgentModelResolver] product config input: 42 models, 18 agents
[9/19/2026, 8:40:45 AM.834] [Info] [AgentModelResolver] model ids: default, deepseek-v4-pro, deepseek-v4-flash, deepseek-v3-2-volc, minimax-m2.5, minimax-m2.7, minimax-m3-play, glm-5.1, glm-5.0, glm-5.0-turbo, glm-5v-turbo, glm-4.7, glm-4.6, glm-4.6v, kimi-k2.6, kimi-k2.5, kimi-k2-thinking, hy3-preview-agent, hunyuan-chat, hunyuan-image-v3.0, auto, hy3-preview, hunyuan-2.0-thinking, deepseek-v3-1-volc, deepseek-v3-1-lkeap, deepseek-v3-1, deepseek-v3-0324-lkeap, deepseek-r1-0528-lkeap, kimi-k2-instruct-taiji, completion-gf, default-1.1, hunyuan-3b, hunyuan-7b-dense, codewise-completions, codewise-rewrite, codewise-nes-a4-027-aide, codewise-jump, deepseek-r1-0528, deepseek-v3-0324-taco-completion, deepseek-v3-0324, default-1.2, hunyuan-2.0-instruct
[9/19/2026, 8:40:45 AM.834] [Info] [AgentModelResolver] agent "cli" original_models=["auto","glm-5v-turbo","glm-5.1","glm-5.0-turbo","glm-5.0","glm-4.7","kimi-k2.5","minimax-m2.7","deepseek-v3-2-volc"] -> resolved_models=["auto","glm-5v-turbo","glm-5.1","glm-5.0-turbo","glm-5.0","glm-4.7","kimi-k2.5","minimax-m2.7","deepseek-v3-2-volc"]
[9/19/2026, 8:40:45 AM.834] [Info] [AgentModelResolver] agent "general-purpose" original_models=undefined -> resolved_models=[]
[9/19/2026, 8:40:45 AM.834] [Info] [AgentModelResolver] agent "compact" original_models=undefined -> resolved_models=[]
[9/19/2026, 8:40:45 AM.834] [Info] [AgentModelResolver] agent "contextSummary" original_models=undefined -> resolved_models=[]
[9/19/2026, 8:40:45 AM.834] [Info] [AgentModelResolver] agent "contentAnalyzer" original_models=undefined -> resolved_models=[]
[9/19/2026, 8:40:45 AM.834] [Info] [AgentModelResolver] agent "terminalTitleGenerator" original_models=undefined -> resolved_models=[]
[9/19/2026, 8:40:45 AM.834] [Info] [AgentModelResolver] agent "promptSuggestion" original_models=undefined -> resolved_models=[]
[9/19/2026, 8:40:45 AM.834] [Info] [AgentModelResolver] agent "memorySelector" original_models=["lite"] -> resolved_models=["lite"]
[9/19/2026, 8:40:45 AM.834] [Info] [AgentModelResolver] agent "summaryGenerator" original_models=undefined -> resolved_models=[]
[9/19/2026, 8:40:45 AM.834] [Info] [AgentModelResolver] agent "autoModeClassifier" original_models=undefined -> resolved_models=[]
[9/19/2026, 8:40:45 AM.834] [Info] [AgentModelResolver] agent "promptHookEvaluator" original_models=["lite"] -> resolved_models=["lite"]
[9/19/2026, 8:40:45 AM.834] [Info] [AgentModelResolver] agent "insightsAnalyzer" original_models=undefined -> resolved_models=[]
[9/19/2026, 8:40:45 AM.834] [Info] [AgentModelResolver] agent "agentInstructions" original_models=undefined -> resolved_models=[]
[9/19/2026, 8:40:45 AM.834] [Info] [AgentModelResolver] agent "statusline-setup" original_models=undefined -> resolved_models=[]
[9/19/2026, 8:40:45 AM.834] [Info] [AgentModelResolver] agent "Explore" original_models=["lite"] -> resolved_models=["lite"]
[9/19/2026, 8:40:45 AM.834] [Info] [AgentModelResolver] agent "Plan" original_models=undefined -> resolved_models=[]
[9/19/2026, 8:40:45 AM.834] [Info] [AgentModelResolver] agent "pulse" original_models=undefined -> resolved_models=[]
[9/19/2026, 8:40:45 AM.834] [Info] [AgentModelResolver] agent "enhance-prompt" original_models=undefined -> resolved_models=[]
[9/19/2026, 8:40:45 AM.838] [Info] [Merge] Step 1 (local + overlay): localModels=42, overlayModels=51, mergedModels=51
[9/19/2026, 8:40:45 AM.838] [Info] [Merge] Step 2 (+enterprise): enterpriseModels=0, totalModels=51
[9/19/2026, 8:40:45 AM.838] [Info] [Merge] Step 3 (+custom): customModels=0, totalModels=51
[9/19/2026, 8:40:45 AM.838] [Info] [Merge] Step 4 (availableModels filter): finalModels=51, cli.models=["auto","hy4-preview-f","hy3","hy3-x","deepseek-v4.1-flash","glm-5.3","glm-5.3-flash","glm-5.2","glm-5.1","glm-5v-turbo","minimax-m3","kimi-k3-1","kimi-k2.8-preview","kimi-k2.7","kimi-k2.6","deepseek-v4-pro"]
[9/19/2026, 8:40:45 AM.923] [Info] [WeixinClawBotClient] pollLoop iteration begin {"iteration":22210,"cursorLen":96}
[9/19/2026, 8:40:46 AM.618] [Info] [CentrifugoClient] Connected successfully
[9/19/2026, 8:40:46 AM.618] [Info] [ClawService] Centrifugo status: connected
[9/19/2026, 8:40:46 AM.623] [Info] [CentrifugoClient] Subscribed to channel: copilot_workbuddy:fdee3d54-95b6-4e9c-aaff-50ad9505aab4_25e526bc70aeedffd6ce569154fcfedd_e76b49539422036c
[9/19/2026, 8:41:04 AM.639] [Info] [WeixinClawBotClient] pollLoop getUpdates returned {"iteration":22210,"elapsedMs":18716,"hasBuf":true,"msgs":0}
[9/19/2026, 8:41:04 AM.653] [Info] [WeixinClawBotClient] pollLoop iteration begin {"iteration":22211,"cursorLen":96}
[9/19/2026, 8:41:22 AM.818] [Info] [WeixinClawBotClient] pollLoop getUpdates returned {"iteration":22211,"elapsedMs":18177,"hasBuf":true,"msgs":0}
[9/19/2026, 8:41:22 AM.820] [Info] [WeixinClawBotClient] pollLoop iteration begin {"iteration":22212,"cursorLen":96}
[9/19/2026, 8:49:11 AM.750] [Info] [CentrifugoClient] Re-subscribing to copilot_workbuddy:fdee3d54-95b6-4e9c-aaff-50ad9505aab4_25e526bc70aeedffd6ce569154fcfedd_e76b49539422036c: transport closed (code: 1)
[9/19/2026, 8:49:11 AM.750] [Info] [CentrifugoClient] Reconnecting: no ping (code: 2)
[9/19/2026, 8:49:11 AM.750] [Info] [ClawService] Centrifugo status: connecting
[9/19/2026, 8:49:11 AM.750] [Info] [WorkbuddyEnterpriseModels] enterpriseId: undefined, endpoint: https://copilot.tencent.com
[9/19/2026, 8:49:11 AM.750] [Info] [AgentModelResolver] product config input: 42 models, 18 agents
[9/19/2026, 8:49:11 AM.750] [Info] [AgentModelResolver] model ids: default, deepseek-v4-pro, deepseek-v4-flash, deepseek-v3-2-volc, minimax-m2.5, minimax-m2.7, minimax-m3-play, glm-5.1, glm-5.0, glm-5.0-turbo, glm-5v-turbo, glm-4.7, glm-4.6, glm-4.6v, kimi-k2.6, kimi-k2.5, kimi-k2-thinking, hy3-preview-agent, hunyuan-chat, hunyuan-image-v3.0, auto, hy3-preview, hunyuan-2.0-thinking, deepseek-v3-1-volc, deepseek-v3-1-lkeap, deepseek-v3-1, deepseek-v3-0324-lkeap, deepseek-r1-0528-lkeap, kimi-k2-instruct-taiji, completion-gf, default-1.1, hunyuan-3b, hunyuan-7b-dense, codewise-completions, codewise-rewrite, codewise-nes-a4-027-aide, codewise-jump, deepseek-r1-0528, deepseek-v3-0324-taco-completion, deepseek-v3-0324, default-1.2, hunyuan-2.0-instruct
[9/19/2026, 8:49:11 AM.750] [Info] [AgentModelResolver] agent "cli" original_models=["auto","glm-5v-turbo","glm-5.1","glm-5.0-turbo","glm-5.0","glm-4.7","kimi-k2.5","minimax-m2.7","deepseek-v3-2-volc"] -> resolved_models=["auto","glm-5v-turbo","glm-5.1","glm-5.0-turbo","glm-5.0","glm-4.7","kimi-k2.5","minimax-m2.7","deepseek-v3-2-volc"]
[9/19/2026, 8:49:11 AM.750] [Info] [AgentModelResolver] agent "general-purpose" original_models=undefined -> resolved_models=[]
[9/19/2026, 8:49:11 AM.750] [Info] [AgentModelResolver] agent "compact" original_models=undefined -> resolved_models=[]
[9/19/2026, 8:49:11 AM.750] [Info] [AgentModelResolver] agent "contextSummary" original_models=undefined -> resolved_models=[]
[9/19/2026, 8:49:11 AM.750] [Info] [AgentModelResolver] agent "contentAnalyzer" original_models=undefined -> resolved_models=[]
[9/19/2026, 8:49:11 AM.750] [Info] [AgentModelResolver] agent "terminalTitleGenerator" original_models=undefined -> resolved_models=[]
[9/19/2026, 8:49:11 AM.750] [Info] [AgentModelResolver] agent "promptSuggestion" original_models=undefined -> resolved_models=[]
[9/19/2026, 8:49:11 AM.750] [Info] [AgentModelResolver] agent "memorySelector" original_models=["lite"] -> resolved_models=["lite"]
[9/19/2026, 8:49:11 AM.750] [Info] [AgentModelResolver] agent "summaryGenerator" original_models=undefined -> resolved_models=[]
[9/19/2026, 8:49:11 AM.750] [Info] [AgentModelResolver] agent "autoModeClassifier" original_models=undefined -> resolved_models=[]
[9/19/2026, 8:49:11 AM.750] [Info] [AgentModelResolver] agent "promptHookEvaluator" original_models=["lite"] -> resolved_models=["lite"]
[9/19/2026, 8:49:11 AM.750] [Info] [AgentModelResolver] agent "insightsAnalyzer" original_models=undefined -> resolved_models=[]
[9/19/2026, 8:49:11 AM.750] [Info] [AgentModelResolver] agent "agentInstructions" original_models=undefined -> resolved_models=[]
[9/19/2026, 8:49:11 AM.750] [Info] [AgentModelResolver] agent "statusline-setup" original_models=undefined -> resolved_models=[]
[9/19/2026, 8:49:11 AM.750] [Info] [AgentModelResolver] agent "Explore" original_models=["lite"] -> resolved_models=["lite"]
[9/19/2026, 8:49:11 AM.750] [Info] [AgentModelResolver] agent "Plan" original_models=undefined -> resolved_models=[]
[9/19/2026, 8:49:11 AM.750] [Info] [AgentModelResolver] agent "pulse" original_models=undefined -> resolved_models=[]
[9/19/2026, 8:49:11 AM.750] [Info] [AgentModelResolver] agent "enhance-prompt" original_models=undefined -> resolved_models=[]
[9/19/2026, 8:49:11 AM.754] [Info] [Merge] Step 1 (local + overlay): localModels=42, overlayModels=51, mergedModels=51
[9/19/2026, 8:49:11 AM.754] [Info] [Merge] Step 2 (+enterprise): enterpriseModels=0, totalModels=51
[9/19/2026, 8:49:11 AM.754] [Info] [Merge] Step 3 (+custom): customModels=0, totalModels=51
[9/19/2026, 8:49:11 AM.754] [Info] [Merge] Step 4 (availableModels filter): finalModels=51, cli.models=["auto","hy4-preview-f","hy3","hy3-x","deepseek-v4.1-flash","glm-5.3","glm-5.3-flash","glm-5.2","glm-5.1","glm-5v-turbo","minimax-m3","kimi-k3-1","kimi-k2.8-preview","kimi-k2.7","kimi-k2.6","deepseek-v4-pro"]
[9/19/2026, 8:49:11 AM.755] [Info] [WeixinClawBotClient] pollLoop getUpdates returned {"iteration":22212,"elapsedMs":468936,"ret":0,"hasBuf":true,"msgs":0}
[9/19/2026, 8:49:11 AM.757] [Info] [WorkbuddyEnterpriseModels] enterpriseId: undefined, endpoint: https://copilot.tencent.com
[9/19/2026, 8:49:11 AM.757] [Info] [AgentModelResolver] product config input: 42 models, 18 agents
[9/19/2026, 8:49:11 AM.757] [Info] [AgentModelResolver] model ids: default, deepseek-v4-pro, deepseek-v4-flash, deepseek-v3-2-volc, minimax-m2.5, minimax-m2.7, minimax-m3-play, glm-5.1, glm-5.0, glm-5.0-turbo, glm-5v-turbo, glm-4.7, glm-4.6, glm-4.6v, kimi-k2.6, kimi-k2.5, kimi-k2-thinking, hy3-preview-agent, hunyuan-chat, hunyuan-image-v3.0, auto, hy3-preview, hunyuan-2.0-thinking, deepseek-v3-1-volc, deepseek-v3-1-lkeap, deepseek-v3-1, deepseek-v3-0324-lkeap, deepseek-r1-0528-lkeap, kimi-k2-instruct-taiji, completion-gf, default-1.1, hunyuan-3b, hunyuan-7b-dense, codewise-completions, codewise-rewrite, codewise-nes-a4-027-aide, codewise-jump, deepseek-r1-0528, deepseek-v3-0324-taco-completion, deepseek-v3-0324, default-1.2, hunyuan-2.0-instruct
[9/19/2026, 8:49:11 AM.757] [Info] [AgentModelResolver] agent "cli" original_models=["auto","glm-5v-turbo","glm-5.1","glm-5.0-turbo","glm-5.0","glm-4.7","kimi-k2.5","minimax-m2.7","deepseek-v3-2-volc"] -> resolved_models=["auto","glm-5v-turbo","glm-5.1","glm-5.0-turbo","glm-5.0","glm-4.7","kimi-k2.5","minimax-m2.7","deepseek-v3-2-volc"]
[9/19/2026, 8:49:11 AM.757] [Info] [AgentModelResolver] agent "general-purpose" original_models=undefined -> resolved_models=[]
[9/19/2026, 8:49:11 AM.757] [Info] [AgentModelResolver] agent "compact" original_models=undefined -> resolved_models=[]
[9/19/2026, 8:49:11 AM.757] [Info] [AgentModelResolver] agent "contextSummary" original_models=undefined -> resolved_models=[]
[9/19/2026, 8:49:11 AM.757] [Info] [AgentModelResolver] agent "contentAnalyzer" original_models=undefined -> resolved_models=[]
[9/19/2026, 8:49:11 AM.757] [Info] [AgentModelResolver] agent "terminalTitleGenerator" original_models=undefined -> resolved_models=[]
[9/19/2026, 8:49:11 AM.757] [Info] [AgentModelResolver] agent "promptSuggestion" original_models=undefined -> resolved_models=[]
[9/19/2026, 8:49:11 AM.757] [Info] [AgentModelResolver] agent "memorySelector" original_models=["lite"] -> resolved_models=["lite"]
[9/19/2026, 8:49:11 AM.757] [Info] [AgentModelResolver] agent "summaryGenerator" original_models=undefined -> resolved_models=[]
[9/19/2026, 8:49:11 AM.757] [Info] [AgentModelResolver] agent "autoModeClassifier" original_models=undefined -> resolved_models=[]
[9/19/2026, 8:49:11 AM.757] [Info] [AgentModelResolver] agent "promptHookEvaluator" original_models=["lite"] -> resolved_models=["lite"]
[9/19/2026, 8:49:11 AM.757] [Info] [AgentModelResolver] agent "insightsAnalyzer" original_models=undefined -> resolved_models=[]
[9/19/2026, 8:49:11 AM.757] [Info] [AgentModelResolver] agent "agentInstructions" original_models=undefined -> resolved_models=[]
[9/19/2026, 8:49:11 AM.757] [Info] [AgentModelResolver] agent "statusline-setup" original_models=undefined -> resolved_models=[]
[9/19/2026, 8:49:11 AM.757] [Info] [AgentModelResolver] agent "Explore" original_models=["lite"] -> resolved_models=["lite"]
[9/19/2026, 8:49:11 AM.757] [Info] [AgentModelResolver] agent "Plan" original_models=undefined -> resolved_models=[]
[9/19/2026, 8:49:11 AM.757] [Info] [AgentModelResolver] agent "pulse" original_models=undefined -> resolved_models=[]
[9/19/2026, 8:49:11 AM.757] [Info] [AgentModelResolver] agent "enhance-prompt" original_models=undefined -> resolved_models=[]
[9/19/2026, 8:49:11 AM.760] [Info] [Merge] Step 1 (local + overlay): localModels=42, overlayModels=51, mergedModels=51
[9/19/2026, 8:49:11 AM.760] [Info] [Merge] Step 2 (+enterprise): enterpriseModels=0, totalModels=51
[9/19/2026, 8:49:11 AM.760] [Info] [Merge] Step 3 (+custom): customModels=0, totalModels=51
[9/19/2026, 8:49:11 AM.760] [Info] [Merge] Step 4 (availableModels filter): finalModels=51, cli.models=["auto","hy4-preview-f","hy3","hy3-x","deepseek-v4.1-flash","glm-5.3","glm-5.3-flash","glm-5.2","glm-5.1","glm-5v-turbo","minimax-m3","kimi-k3-1","kimi-k2.8-preview","kimi-k2.7","kimi-k2.6","deepseek-v4-pro"]
[9/19/2026, 8:49:11 AM.801] [Info] [WeixinClawBotClient] pollLoop iteration begin {"iteration":22213,"cursorLen":96}
[9/19/2026, 8:49:14 AM.549] [Info] [CentrifugoClient] Connected successfully
[9/19/2026, 8:49:14 AM.549] [Info] [ClawService] Centrifugo status: connected
[9/19/2026, 8:49:14 AM.551] [Info] [CentrifugoClient] Subscribed to channel: copilot_workbuddy:fdee3d54-95b6-4e9c-aaff-50ad9505aab4_25e526bc70aeedffd6ce569154fcfedd_e76b49539422036c
[9/19/2026, 8:49:32 AM.533] [Info] [WeixinClawBotClient] pollLoop getUpdates returned {"iteration":22213,"elapsedMs":20732,"hasBuf":true,"msgs":0}
[9/19/2026, 8:49:32 AM.548] [Info] [WeixinClawBotClient] pollLoop iteration begin {"iteration":22214,"cursorLen":96}
[9/19/2026, 8:49:50 AM.843] [Info] [WeixinClawBotClient] pollLoop getUpdates returned {"iteration":22214,"elapsedMs":18305,"hasBuf":true,"msgs":0}
[9/19/2026, 8:49:50 AM.847] [Info] [WeixinClawBotClient] pollLoop iteration begin {"iteration":22215,"cursorLen":96}
[9/19/2026, 9:05:28 AM.757] [Info] [CentrifugoClient] Re-subscribing to copilot_workbuddy:fdee3d54-95b6-4e9c-aaff-50ad9505aab4_25e526bc70aeedffd6ce569154fcfedd_e76b49539422036c: transport closed (code: 1)
[9/19/2026, 9:05:28 AM.757] [Info] [CentrifugoClient] Reconnecting: no ping (code: 2)
[9/19/2026, 9:05:28 AM.757] [Info] [ClawService] Centrifugo status: connecting
[9/19/2026, 9:05:28 AM.760] [Info] [WorkbuddyEnterpriseModels] enterpriseId: undefined, endpoint: https://copilot.tencent.com
[9/19/2026, 9:05:28 AM.761] [Info] [AgentModelResolver] product config input: 42 models, 18 agents
[9/19/2026, 9:05:28 AM.761] [Info] [AgentModelResolver] model ids: default, deepseek-v4-pro, deepseek-v4-flash, deepseek-v3-2-volc, minimax-m2.5, minimax-m2.7, minimax-m3-play, glm-5.1, glm-5.0, glm-5.0-turbo, glm-5v-turbo, glm-4.7, glm-4.6, glm-4.6v, kimi-k2.6, kimi-k2.5, kimi-k2-thinking, hy3-preview-agent, hunyuan-chat, hunyuan-image-v3.0, auto, hy3-preview, hunyuan-2.0-thinking, deepseek-v3-1-volc, deepseek-v3-1-lkeap, deepseek-v3-1, deepseek-v3-0324-lkeap, deepseek-r1-0528-lkeap, kimi-k2-instruct-taiji, completion-gf, default-1.1, hunyuan-3b, hunyuan-7b-dense, codewise-completions, codewise-rewrite, codewise-nes-a4-027-aide, codewise-jump, deepseek-r1-0528, deepseek-v3-0324-taco-completion, deepseek-v3-0324, default-1.2, hunyuan-2.0-instruct
[9/19/2026, 9:05:28 AM.761] [Info] [AgentModelResolver] agent "cli" original_models=["auto","glm-5v-turbo","glm-5.1","glm-5.0-turbo","glm-5.0","glm-4.7","kimi-k2.5","minimax-m2.7","deepseek-v3-2-volc"] -> resolved_models=["auto","glm-5v-turbo","glm-5.1","glm-5.0-turbo","glm-5.0","glm-4.7","kimi-k2.5","minimax-m2.7","deepseek-v3-2-volc"]
[9/19/2026, 9:05:28 AM.761] [Info] [AgentModelResolver] agent "general-purpose" original_models=undefined -> resolved_models=[]
[9/19/2026, 9:05:28 AM.761] [Info] [AgentModelResolver] agent "compact" original_models=undefined -> resolved_models=[]
[9/19/2026, 9:05:28 AM.761] [Info] [AgentModelResolver] agent "contextSummary" original_models=undefined -> resolved_models=[]
[9/19/2026, 9:05:28 AM.761] [Info] [AgentModelResolver] agent "contentAnalyzer" original_models=undefined -> resolved_models=[]
[9/19/2026, 9:05:28 AM.761] [Info] [AgentModelResolver] agent "terminalTitleGenerator" original_models=undefined -> resolved_models=[]
[9/19/2026, 9:05:28 AM.761] [Info] [AgentModelResolver] agent "promptSuggestion" original_models=undefined -> resolved_models=[]
[9/19/2026, 9:05:28 AM.761] [Info] [AgentModelResolver] agent "memorySelector" original_models=["lite"] -> resolved_models=["lite"]
[9/19/2026, 9:05:28 AM.761] [Info] [AgentModelResolver] agent "summaryGenerator" original_models=undefined -> resolved_models=[]
[9/19/2026, 9:05:28 AM.761] [Info] [AgentModelResolver] agent "autoModeClassifier" original_models=undefined -> resolved_models=[]
[9/19/2026, 9:05:28 AM.761] [Info] [AgentModelResolver] agent "promptHookEvaluator" original_models=["lite"] -> resolved_models=["lite"]
[9/19/2026, 9:05:28 AM.761] [Info] [AgentModelResolver] agent "insightsAnalyzer" original_models=undefined -> resolved_models=[]
[9/19/2026, 9:05:28 AM.761] [Info] [AgentModelResolver] agent "agentInstructions" original_models=undefined -> resolved_models=[]
[9/19/2026, 9:05:28 AM.761] [Info] [AgentModelResolver] agent "statusline-setup" original_models=undefined -> resolved_models=[]
[9/19/2026, 9:05:28 AM.761] [Info] [AgentModelResolver] agent "Explore" original_models=["lite"] -> resolved_models=["lite"]
[9/19/2026, 9:05:28 AM.761] [Info] [AgentModelResolver] agent "Plan" original_models=undefined -> resolved_models=[]
[9/19/2026, 9:05:28 AM.761] [Info] [AgentModelResolver] agent "pulse" original_models=undefined -> resolved_models=[]
[9/19/2026, 9:05:28 AM.761] [Info] [AgentModelResolver] agent "enhance-prompt" original_models=undefined -> resolved_models=[]
[9/19/2026, 9:05:28 AM.857] [Info] [Merge] Step 1 (local + overlay): localModels=42, overlayModels=51, mergedModels=51
[9/19/2026, 9:05:28 AM.857] [Info] [Merge] Step 2 (+enterprise): enterpriseModels=0, totalModels=51
[9/19/2026, 9:05:28 AM.857] [Info] [Merge] Step 3 (+custom): customModels=0, totalModels=51
[9/19/2026, 9:05:28 AM.857] [Info] [Merge] Step 4 (availableModels filter): finalModels=51, cli.models=["auto","hy4-preview-f","hy3","hy3-x","deepseek-v4.1-flash","glm-5.3","glm-5.3-flash","glm-5.2","glm-5.1","glm-5v-turbo","minimax-m3","kimi-k3-1","kimi-k2.8-preview","kimi-k2.7","kimi-k2.6","deepseek-v4-pro"]
[9/19/2026, 9:05:28 AM.874] [Info] [WeixinClawBotClient] pollLoop getUpdates returned {"iteration":22215,"elapsedMs":938029,"ret":0,"hasBuf":true,"msgs":0}
[9/19/2026, 9:05:28 AM.877] [Info] [WorkbuddyEnterpriseModels] enterpriseId: undefined, endpoint: https://copilot.tencent.com
[9/19/2026, 9:05:28 AM.878] [Info] [AgentModelResolver] product config input: 42 models, 18 agents
[9/19/2026, 9:05:28 AM.878] [Info] [AgentModelResolver] model ids: default, deepseek-v4-pro, deepseek-v4-flash, deepseek-v3-2-volc, minimax-m2.5, minimax-m2.7, minimax-m3-play, glm-5.1, glm-5.0, glm-5.0-turbo, glm-5v-turbo, glm-4.7, glm-4.6, glm-4.6v, kimi-k2.6, kimi-k2.5, kimi-k2-thinking, hy3-preview-agent, hunyuan-chat, hunyuan-image-v3.0, auto, hy3-preview, hunyuan-2.0-thinking, deepseek-v3-1-volc, deepseek-v3-1-lkeap, deepseek-v3-1, deepseek-v3-0324-lkeap, deepseek-r1-0528-lkeap, kimi-k2-instruct-taiji, completion-gf, default-1.1, hunyuan-3b, hunyuan-7b-dense, codewise-completions, codewise-rewrite, codewise-nes-a4-027-aide, codewise-jump, deepseek-r1-0528, deepseek-v3-0324-taco-completion, deepseek-v3-0324, default-1.2, hunyuan-2.0-instruct
[9/19/2026, 9:05:28 AM.878] [Info] [AgentModelResolver] agent "cli" original_models=["auto","glm-5v-turbo","glm-5.1","glm-5.0-turbo","glm-5.0","glm-4.7","kimi-k2.5","minimax-m2.7","deepseek-v3-2-volc"] -> resolved_models=["auto","glm-5v-turbo","glm-5.1","glm-5.0-turbo","glm-5.0","glm-4.7","kimi-k2.5","minimax-m2.7","deepseek-v3-2-volc"]
[9/19/2026, 9:05:28 AM.878] [Info] [AgentModelResolver] agent "general-purpose" original_models=undefined -> resolved_models=[]
[9/19/2026, 9:05:28 AM.878] [Info] [AgentModelResolver] agent "compact" original_models=undefined -> resolved_models=[]
[9/19/2026, 9:05:28 AM.878] [Info] [AgentModelResolver] agent "contextSummary" original_models=undefined -> resolved_models=[]
[9/19/2026, 9:05:28 AM.878] [Info] [AgentModelResolver] agent "contentAnalyzer" original_models=undefined -> resolved_models=[]
[9/19/2026, 9:05:28 AM.878] [Info] [AgentModelResolver] agent "terminalTitleGenerator" original_models=undefined -> resolved_models=[]
[9/19/2026, 9:05:28 AM.878] [Info] [AgentModelResolver] agent "promptSuggestion" original_models=undefined -> resolved_models=[]
[9/19/2026, 9:05:28 AM.878] [Info] [AgentModelResolver] agent "memorySelector" original_models=["lite"] -> resolved_models=["lite"]
[9/19/2026, 9:05:28 AM.878] [Info] [AgentModelResolver] agent "summaryGenerator" original_models=undefined -> resolved_models=[]
[9/19/2026, 9:05:28 AM.878] [Info] [AgentModelResolver] agent "autoModeClassifier" original_models=undefined -> resolved_models=[]
[9/19/2026, 9:05:28 AM.878] [Info] [AgentModelResolver] agent "promptHookEvaluator" original_models=["lite"] -> resolved_models=["lite"]
[9/19/2026, 9:05:28 AM.878] [Info] [AgentModelResolver] agent "insightsAnalyzer" original_models=undefined -> resolved_models=[]
[9/19/2026, 9:05:28 AM.878] [Info] [AgentModelResolver] agent "agentInstructions" original_models=undefined -> resolved_models=[]
[9/19/2026, 9:05:28 AM.878] [Info] [AgentModelResolver] agent "statusline-setup" original_models=undefined -> resolved_models=[]
[9/19/2026, 9:05:28 AM.878] [Info] [AgentModelResolver] agent "Explore" original_models=["lite"] -> resolved_models=["lite"]
[9/19/2026, 9:05:28 AM.878] [Info] [AgentModelResolver] agent "Plan" original_models=undefined -> resolved_models=[]
[9/19/2026, 9:05:28 AM.878] [Info] [AgentModelResolver] agent "pulse" original_models=undefined -> resolved_models=[]
[9/19/2026, 9:05:28 AM.878] [Info] [AgentModelResolver] agent "enhance-prompt" original_models=undefined -> resolved_models=[]
[9/19/2026, 9:05:28 AM.880] [Info] [Merge] Step 1 (local + overlay): localModels=42, overlayModels=51, mergedModels=51
[9/19/2026, 9:05:28 AM.880] [Info] [Merge] Step 2 (+enterprise): enterpriseModels=0, totalModels=51
[9/19/2026, 9:05:28 AM.880] [Info] [Merge] Step 3 (+custom): customModels=0, totalModels=51
[9/19/2026, 9:05:28 AM.880] [Info] [Merge] Step 4 (availableModels filter): finalModels=51, cli.models=["auto","hy4-preview-f","hy3","hy3-x","deepseek-v4.1-flash","glm-5.3","glm-5.3-flash","glm-5.2","glm-5.1","glm-5v-turbo","minimax-m3","kimi-k3-1","kimi-k2.8-preview","kimi-k2.7","kimi-k2.6","deepseek-v4-pro"]
[9/19/2026, 9:05:28 AM.951] [Info] [WeixinClawBotClient] pollLoop iteration begin {"iteration":22216,"cursorLen":96}
[9/19/2026, 9:05:29 AM.739] [Info] [CentrifugoClient] Connected successfully
[9/19/2026, 9:05:29 AM.739] [Info] [ClawService] Centrifugo status: connected
[9/19/2026, 9:05:29 AM.741] [Info] [CentrifugoClient] Subscribed to channel: copilot_workbuddy:fdee3d54-95b6-4e9c-aaff-50ad9505aab4_25e526bc70aeedffd6ce569154fcfedd_e76b49539422036c
[9/19/2026, 9:05:47 AM.740] [Info] [WeixinClawBotClient] pollLoop getUpdates returned {"iteration":22216,"elapsedMs":18789,"hasBuf":true,"msgs":0}
[9/19/2026, 9:05:47 AM.760] [Info] [WeixinClawBotClient] pollLoop iteration begin {"iteration":22217,"cursorLen":96}
[9/19/2026, 9:06:05 AM.925] [Info] [WeixinClawBotClient] pollLoop getUpdates returned {"iteration":22217,"elapsedMs":18182,"hasBuf":true,"msgs":0}
[9/19/2026, 9:06:05 AM.927] [Info] [WeixinClawBotClient] pollLoop iteration begin {"iteration":22218,"cursorLen":96}
[9/19/2026, 9:21:36 AM.915] [Info] [CentrifugoClient] Re-subscribing to copilot_workbuddy:fdee3d54-95b6-4e9c-aaff-50ad9505aab4_25e526bc70aeedffd6ce569154fcfedd_e76b49539422036c: transport closed (code: 1)
[9/19/2026, 9:21:36 AM.915] [Info] [CentrifugoClient] Reconnecting: no ping (code: 2)
[9/19/2026, 9:21:36 AM.915] [Info] [ClawService] Centrifugo status: connecting
[9/19/2026, 9:21:36 AM.916] [Info] [WorkbuddyEnterpriseModels] enterpriseId: undefined, endpoint: https://copilot.tencent.com
[9/19/2026, 9:21:36 AM.916] [Info] [AgentModelResolver] product config input: 42 models, 18 agents
[9/19/2026, 9:21:36 AM.916] [Info] [AgentModelResolver] model ids: default, deepseek-v4-pro, deepseek-v4-flash, deepseek-v3-2-volc, minimax-m2.5, minimax-m2.7, minimax-m3-play, glm-5.1, glm-5.0, glm-5.0-turbo, glm-5v-turbo, glm-4.7, glm-4.6, glm-4.6v, kimi-k2.6, kimi-k2.5, kimi-k2-thinking, hy3-preview-agent, hunyuan-chat, hunyuan-image-v3.0, auto, hy3-preview, hunyuan-2.0-thinking, deepseek-v3-1-volc, deepseek-v3-1-lkeap, deepseek-v3-1, deepseek-v3-0324-lkeap, deepseek-r1-0528-lkeap, kimi-k2-instruct-taiji, completion-gf, default-1.1, hunyuan-3b, hunyuan-7b-dense, codewise-completions, codewise-rewrite, codewise-nes-a4-027-aide, codewise-jump, deepseek-r1-0528, deepseek-v3-0324-taco-completion, deepseek-v3-0324, default-1.2, hunyuan-2.0-instruct
[9/19/2026, 9:21:36 AM.916] [Info] [AgentModelResolver] agent "cli" original_models=["auto","glm-5v-turbo","glm-5.1","glm-5.0-turbo","glm-5.0","glm-4.7","kimi-k2.5","minimax-m2.7","deepseek-v3-2-volc"] -> resolved_models=["auto","glm-5v-turbo","glm-5.1","glm-5.0-turbo","glm-5.0","glm-4.7","kimi-k2.5","minimax-m2.7","deepseek-v3-2-volc"]
[9/19/2026, 9:21:36 AM.916] [Info] [AgentModelResolver] agent "general-purpose" original_models=undefined -> resolved_models=[]
[9/19/2026, 9:21:36 AM.916] [Info] [AgentModelResolver] agent "compact" original_models=undefined -> resolved_models=[]
[9/19/2026, 9:21:36 AM.916] [Info] [AgentModelResolver] agent "contextSummary" original_models=undefined -> resolved_models=[]
[9/19/2026, 9:21:36 AM.916] [Info] [AgentModelResolver] agent "contentAnalyzer" original_models=undefined -> resolved_models=[]
[9/19/2026, 9:21:36 AM.916] [Info] [AgentModelResolver] agent "terminalTitleGenerator" original_models=undefined -> resolved_models=[]
[9/19/2026, 9:21:36 AM.916] [Info] [AgentModelResolver] agent "promptSuggestion" original_models=undefined -> resolved_models=[]
[9/19/2026, 9:21:36 AM.916] [Info] [AgentModelResolver] agent "memorySelector" original_models=["lite"] -> resolved_models=["lite"]
[9/19/2026, 9:21:36 AM.916] [Info] [AgentModelResolver] agent "summaryGenerator" original_models=undefined -> resolved_models=[]
[9/19/2026, 9:21:36 AM.916] [Info] [AgentModelResolver] agent "autoModeClassifier" original_models=undefined -> resolved_models=[]
[9/19/2026, 9:21:36 AM.916] [Info] [AgentModelResolver] agent "promptHookEvaluator" original_models=["lite"] -> resolved_models=["lite"]
[9/19/2026, 9:21:36 AM.916] [Info] [AgentModelResolver] agent "insightsAnalyzer" original_models=undefined -> resolved_models=[]
[9/19/2026, 9:21:36 AM.916] [Info] [AgentModelResolver] agent "agentInstructions" original_models=undefined -> resolved_models=[]
[9/19/2026, 9:21:36 AM.916] [Info] [AgentModelResolver] agent "statusline-setup" original_models=undefined -> resolved_models=[]
[9/19/2026, 9:21:36 AM.916] [Info] [AgentModelResolver] agent "Explore" original_models=["lite"] -> resolved_models=["lite"]
[9/19/2026, 9:21:36 AM.916] [Info] [AgentModelResolver] agent "Plan" original_models=undefined -> resolved_models=[]
[9/19/2026, 9:21:36 AM.916] [Info] [AgentModelResolver] agent "pulse" original_models=undefined -> resolved_models=[]
[9/19/2026, 9:21:36 AM.916] [Info] [AgentModelResolver] agent "enhance-prompt" original_models=undefined -> resolved_models=[]
[9/19/2026, 9:21:36 AM.919] [Info] [Merge] Step 1 (local + overlay): localModels=42, overlayModels=51, mergedModels=51
[9/19/2026, 9:21:36 AM.919] [Info] [Merge] Step 2 (+enterprise): enterpriseModels=0, totalModels=51
[9/19/2026, 9:21:36 AM.919] [Info] [Merge] Step 3 (+custom): customModels=0, totalModels=51
[9/19/2026, 9:21:36 AM.919] [Info] [Merge] Step 4 (availableModels filter): finalModels=51, cli.models=["auto","hy4-preview-f","hy3","hy3-x","deepseek-v4.1-flash","glm-5.3","glm-5.3-flash","glm-5.2","glm-5.1","glm-5v-turbo","minimax-m3","kimi-k3-1","kimi-k2.8-preview","kimi-k2.7","kimi-k2.6","deepseek-v4-pro"]
[9/19/2026, 9:21:36 AM.920] [Info] [WeixinClawBotClient] pollLoop getUpdates returned {"iteration":22218,"elapsedMs":930994,"ret":0,"hasBuf":true,"msgs":0}
[9/19/2026, 9:21:36 AM.920] [Info] [WorkbuddyEnterpriseModels] enterpriseId: undefined, endpoint: https://copilot.tencent.com
[9/19/2026, 9:21:36 AM.920] [Info] [AgentModelResolver] product config input: 42 models, 18 agents
[9/19/2026, 9:21:36 AM.920] [Info] [AgentModelResolver] model ids: default, deepseek-v4-pro, deepseek-v4-flash, deepseek-v3-2-volc, minimax-m2.5, minimax-m2.7, minimax-m3-play, glm-5.1, glm-5.0, glm-5.0-turbo, glm-5v-turbo, glm-4.7, glm-4.6, glm-4.6v, kimi-k2.6, kimi-k2.5, kimi-k2-thinking, hy3-preview-agent, hunyuan-chat, hunyuan-image-v3.0, auto, hy3-preview, hunyuan-2.0-thinking, deepseek-v3-1-volc, deepseek-v3-1-lkeap, deepseek-v3-1, deepseek-v3-0324-lkeap, deepseek-r1-0528-lkeap, kimi-k2-instruct-taiji, completion-gf, default-1.1, hunyuan-3b, hunyuan-7b-dense, codewise-completions, codewise-rewrite, codewise-nes-a4-027-aide, codewise-jump, deepseek-r1-0528, deepseek-v3-0324-taco-completion, deepseek-v3-0324, default-1.2, hunyuan-2.0-instruct
[9/19/2026, 9:21:36 AM.920] [Info] [AgentModelResolver] agent "cli" original_models=["auto","glm-5v-turbo","glm-5.1","glm-5.0-turbo","glm-5.0","glm-4.7","kimi-k2.5","minimax-m2.7","deepseek-v3-2-volc"] -> resolved_models=["auto","glm-5v-turbo","glm-5.1","glm-5.0-turbo","glm-5.0","glm-4.7","kimi-k2.5","minimax-m2.7","deepseek-v3-2-volc"]
[9/19/2026, 9:21:36 AM.920] [Info] [AgentModelResolver] agent "general-purpose" original_models=undefined -> resolved_models=[]
[9/19/2026, 9:21:36 AM.920] [Info] [AgentModelResolver] agent "compact" original_models=undefined -> resolved_models=[]
[9/19/2026, 9:21:36 AM.920] [Info] [AgentModelResolver] agent "contextSummary" original_models=undefined -> resolved_models=[]
[9/19/2026, 9:21:36 AM.920] [Info] [AgentModelResolver] agent "contentAnalyzer" original_models=undefined -> resolved_models=[]
[9/19/2026, 9:21:36 AM.920] [Info] [AgentModelResolver] agent "terminalTitleGenerator" original_models=undefined -> resolved_models=[]
[9/19/2026, 9:21:36 AM.920] [Info] [AgentModelResolver] agent "promptSuggestion" original_models=undefined -> resolved_models=[]
[9/19/2026, 9:21:36 AM.920] [Info] [AgentModelResolver] agent "memorySelector" original_models=["lite"] -> resolved_models=["lite"]
[9/19/2026, 9:21:36 AM.920] [Info] [AgentModelResolver] agent "summaryGenerator" original_models=undefined -> resolved_models=[]
[9/19/2026, 9:21:36 AM.920] [Info] [AgentModelResolver] agent "autoModeClassifier" original_models=undefined -> resolved_models=[]
[9/19/2026, 9:21:36 AM.920] [Info] [AgentModelResolver] agent "promptHookEvaluator" original_models=["lite"] -> resolved_models=["lite"]
[9/19/2026, 9:21:36 AM.920] [Info] [AgentModelResolver] agent "insightsAnalyzer" original_models=undefined -> resolved_models=[]
[9/19/2026, 9:21:36 AM.920] [Info] [AgentModelResolver] agent "agentInstructions" original_models=undefined -> resolved_models=[]
[9/19/2026, 9:21:36 AM.920] [Info] [AgentModelResolver] agent "statusline-setup" original_models=undefined -> resolved_models=[]
[9/19/2026, 9:21:36 AM.920] [Info] [AgentModelResolver] agent "Explore" original_models=["lite"] -> resolved_models=["lite"]
[9/19/2026, 9:21:36 AM.920] [Info] [AgentModelResolver] agent "Plan" original_models=undefined -> resolved_models=[]
[9/19/2026, 9:21:36 AM.920] [Info] [AgentModelResolver] agent "pulse" original_models=undefined -> resolved_models=[]
[9/19/2026, 9:21:36 AM.920] [Info] [AgentModelResolver] agent "enhance-prompt" original_models=undefined -> resolved_models=[]
[9/19/2026, 9:21:36 AM.923] [Info] [Merge] Step 1 (local + overlay): localModels=42, overlayModels=51, mergedModels=51
[9/19/2026, 9:21:36 AM.923] [Info] [Merge] Step 2 (+enterprise): enterpriseModels=0, totalModels=51
[9/19/2026, 9:21:36 AM.923] [Info] [Merge] Step 3 (+custom): customModels=0, totalModels=51
[9/19/2026, 9:21:36 AM.923] [Info] [Merge] Step 4 (availableModels filter): finalModels=51, cli.models=["auto","hy4-preview-f","hy3","hy3-x","deepseek-v4.1-flash","glm-5.3","glm-5.3-flash","glm-5.2","glm-5.1","glm-5v-turbo","minimax-m3","kimi-k3-1","kimi-k2.8-preview","kimi-k2.7","kimi-k2.6","deepseek-v4-pro"]
[9/19/2026, 9:21:37 AM.000] [Info] [WeixinClawBotClient] pollLoop iteration begin {"iteration":22219,"cursorLen":96}
[9/19/2026, 9:21:37 AM.858] [Info] [CentrifugoClient] Connected successfully
[9/19/2026, 9:21:37 AM.858] [Info] [ClawService] Centrifugo status: connected
[9/19/2026, 9:21:37 AM.861] [Info] [CentrifugoClient] Subscribed to channel: copilot_workbuddy:fdee3d54-95b6-4e9c-aaff-50ad9505aab4_25e526bc70aeedffd6ce569154fcfedd_e76b49539422036c
[9/19/2026, 9:21:55 AM.724] [Info] [WeixinClawBotClient] pollLoop getUpdates returned {"iteration":22219,"elapsedMs":18724,"hasBuf":true,"msgs":0}
[9/19/2026, 9:21:55 AM.737] [Info] [WeixinClawBotClient] pollLoop iteration begin {"iteration":22220,"cursorLen":96}
[9/19/2026, 9:22:13 AM.893] [Info] [WeixinClawBotClient] pollLoop getUpdates returned {"iteration":22220,"elapsedMs":18168,"hasBuf":true,"msgs":0}
[9/19/2026, 9:22:13 AM.895] [Info] [WeixinClawBotClient] pollLoop iteration begin {"iteration":22221,"cursorLen":96}
[9/19/2026, 9:37:47 AM.828] [Info] [CentrifugoClient] Re-subscribing to copilot_workbuddy:fdee3d54-95b6-4e9c-aaff-50ad9505aab4_25e526bc70aeedffd6ce569154fcfedd_e76b49539422036c: transport closed (code: 1)
[9/19/2026, 9:37:47 AM.828] [Info] [CentrifugoClient] Reconnecting: no ping (code: 2)
[9/19/2026, 9:37:47 AM.828] [Info] [ClawService] Centrifugo status: connecting
[9/19/2026, 9:37:47 AM.828] [Info] [WorkbuddyEnterpriseModels] enterpriseId: undefined, endpoint: https://copilot.tencent.com
[9/19/2026, 9:37:47 AM.828] [Info] [AgentModelResolver] product config input: 42 models, 18 agents
[9/19/2026, 9:37:47 AM.828] [Info] [AgentModelResolver] model ids: default, deepseek-v4-pro, deepseek-v4-flash, deepseek-v3-2-volc, minimax-m2.5, minimax-m2.7, minimax-m3-play, glm-5.1, glm-5.0, glm-5.0-turbo, glm-5v-turbo, glm-4.7, glm-4.6, glm-4.6v, kimi-k2.6, kimi-k2.5, kimi-k2-thinking, hy3-preview-agent, hunyuan-chat, hunyuan-image-v3.0, auto, hy3-preview, hunyuan-2.0-thinking, deepseek-v3-1-volc, deepseek-v3-1-lkeap, deepseek-v3-1, deepseek-v3-0324-lkeap, deepseek-r1-0528-lkeap, kimi-k2-instruct-taiji, completion-gf, default-1.1, hunyuan-3b, hunyuan-7b-dense, codewise-completions, codewise-rewrite, codewise-nes-a4-027-aide, codewise-jump, deepseek-r1-0528, deepseek-v3-0324-taco-completion, deepseek-v3-0324, default-1.2, hunyuan-2.0-instruct
[9/19/2026, 9:37:47 AM.828] [Info] [AgentModelResolver] agent "cli" original_models=["auto","glm-5v-turbo","glm-5.1","glm-5.0-turbo","glm-5.0","glm-4.7","kimi-k2.5","minimax-m2.7","deepseek-v3-2-volc"] -> resolved_models=["auto","glm-5v-turbo","glm-5.1","glm-5.0-turbo","glm-5.0","glm-4.7","kimi-k2.5","minimax-m2.7","deepseek-v3-2-volc"]
[9/19/2026, 9:37:47 AM.828] [Info] [AgentModelResolver] agent "general-purpose" original_models=undefined -> resolved_models=[]
[9/19/2026, 9:37:47 AM.828] [Info] [AgentModelResolver] agent "compact" original_models=undefined -> resolved_models=[]
[9/19/2026, 9:37:47 AM.828] [Info] [AgentModelResolver] agent "contextSummary" original_models=undefined -> resolved_models=[]
[9/19/2026, 9:37:47 AM.828] [Info] [AgentModelResolver] agent "contentAnalyzer" original_models=undefined -> resolved_models=[]
[9/19/2026, 9:37:47 AM.828] [Info] [AgentModelResolver] agent "terminalTitleGenerator" original_models=undefined -> resolved_models=[]
[9/19/2026, 9:37:47 AM.828] [Info] [AgentModelResolver] agent "promptSuggestion" original_models=undefined -> resolved_models=[]
[9/19/2026, 9:37:47 AM.828] [Info] [AgentModelResolver] agent "memorySelector" original_models=["lite"] -> resolved_models=["lite"]
[9/19/2026, 9:37:47 AM.828] [Info] [AgentModelResolver] agent "summaryGenerator" original_models=undefined -> resolved_models=[]
[9/19/2026, 9:37:47 AM.828] [Info] [AgentModelResolver] agent "autoModeClassifier" original_models=undefined -> resolved_models=[]
[9/19/2026, 9:37:47 AM.828] [Info] [AgentModelResolver] agent "promptHookEvaluator" original_models=["lite"] -> resolved_models=["lite"]
[9/19/2026, 9:37:47 AM.828] [Info] [AgentModelResolver] agent "insightsAnalyzer" original_models=undefined -> resolved_models=[]
[9/19/2026, 9:37:47 AM.828] [Info] [AgentModelResolver] agent "agentInstructions" original_models=undefined -> resolved_models=[]
[9/19/2026, 9:37:47 AM.828] [Info] [AgentModelResolver] agent "statusline-setup" original_models=undefined -> resolved_models=[]
[9/19/2026, 9:37:47 AM.828] [Info] [AgentModelResolver] agent "Explore" original_models=["lite"] -> resolved_models=["lite"]
[9/19/2026, 9:37:47 AM.828] [Info] [AgentModelResolver] agent "Plan" original_models=undefined -> resolved_models=[]
[9/19/2026, 9:37:47 AM.828] [Info] [AgentModelResolver] agent "pulse" original_models=undefined -> resolved_models=[]
[9/19/2026, 9:37:47 AM.828] [Info] [AgentModelResolver] agent "enhance-prompt" original_models=undefined -> resolved_models=[]
[9/19/2026, 9:37:47 AM.834] [Info] [Merge] Step 1 (local + overlay): localModels=42, overlayModels=51, mergedModels=51
[9/19/2026, 9:37:47 AM.835] [Info] [Merge] Step 2 (+enterprise): enterpriseModels=0, totalModels=51
[9/19/2026, 9:37:47 AM.835] [Info] [Merge] Step 3 (+custom): customModels=0, totalModels=51
[9/19/2026, 9:37:47 AM.835] [Info] [Merge] Step 4 (availableModels filter): finalModels=51, cli.models=["auto","hy4-preview-f","hy3","hy3-x","deepseek-v4.1-flash","glm-5.3","glm-5.3-flash","glm-5.2","glm-5.1","glm-5v-turbo","minimax-m3","kimi-k3-1","kimi-k2.8-preview","kimi-k2.7","kimi-k2.6","deepseek-v4-pro"]
[9/19/2026, 9:37:47 AM.836] [Info] [WeixinClawBotClient] pollLoop getUpdates returned {"iteration":22221,"elapsedMs":933942,"ret":0,"hasBuf":true,"msgs":0}
[9/19/2026, 9:37:47 AM.837] [Info] [WorkbuddyEnterpriseModels] enterpriseId: undefined, endpoint: https://copilot.tencent.com
[9/19/2026, 9:37:47 AM.837] [Info] [AgentModelResolver] product config input: 42 models, 18 agents
[9/19/2026, 9:37:47 AM.837] [Info] [AgentModelResolver] model ids: default, deepseek-v4-pro, deepseek-v4-flash, deepseek-v3-2-volc, minimax-m2.5, minimax-m2.7, minimax-m3-play, glm-5.1, glm-5.0, glm-5.0-turbo, glm-5v-turbo, glm-4.7, glm-4.6, glm-4.6v, kimi-k2.6, kimi-k2.5, kimi-k2-thinking, hy3-preview-agent, hunyuan-chat, hunyuan-image-v3.0, auto, hy3-preview, hunyuan-2.0-thinking, deepseek-v3-1-volc, deepseek-v3-1-lkeap, deepseek-v3-1, deepseek-v3-0324-lkeap, deepseek-r1-0528-lkeap, kimi-k2-instruct-taiji, completion-gf, default-1.1, hunyuan-3b, hunyuan-7b-dense, codewise-completions, codewise-rewrite, codewise-nes-a4-027-aide, codewise-jump, deepseek-r1-0528, deepseek-v3-0324-taco-completion, deepseek-v3-0324, default-1.2, hunyuan-2.0-instruct
[9/19/2026, 9:37:47 AM.837] [Info] [AgentModelResolver] agent "cli" original_models=["auto","glm-5v-turbo","glm-5.1","glm-5.0-turbo","glm-5.0","glm-4.7","kimi-k2.5","minimax-m2.7","deepseek-v3-2-volc"] -> resolved_models=["auto","glm-5v-turbo","glm-5.1","glm-5.0-turbo","glm-5.0","glm-4.7","kimi-k2.5","minimax-m2.7","deepseek-v3-2-volc"]
[9/19/2026, 9:37:47 AM.837] [Info] [AgentModelResolver] agent "general-purpose" original_models=undefined -> resolved_models=[]
[9/19/2026, 9:37:47 AM.837] [Info] [AgentModelResolver] agent "compact" original_models=undefined -> resolved_models=[]
[9/19/2026, 9:37:47 AM.837] [Info] [AgentModelResolver] agent "contextSummary" original_models=undefined -> resolved_models=[]
[9/19/2026, 9:37:47 AM.837] [Info] [AgentModelResolver] agent "contentAnalyzer" original_models=undefined -> resolved_models=[]
[9/19/2026, 9:37:47 AM.837] [Info] [AgentModelResolver] agent "terminalTitleGenerator" original_models=undefined -> resolved_models=[]
[9/19/2026, 9:37:47 AM.837] [Info] [AgentModelResolver] agent "promptSuggestion" original_models=undefined -> resolved_models=[]
[9/19/2026, 9:37:47 AM.837] [Info] [AgentModelResolver] agent "memorySelector" original_models=["lite"] -> resolved_models=["lite"]
[9/19/2026, 9:37:47 AM.837] [Info] [AgentModelResolver] agent "summaryGenerator" original_models=undefined -> resolved_models=[]
[9/19/2026, 9:37:47 AM.837] [Info] [AgentModelResolver] agent "autoModeClassifier" original_models=undefined -> resolved_models=[]
[9/19/2026, 9:37:47 AM.837] [Info] [AgentModelResolver] agent "promptHookEvaluator" original_models=["lite"] -> resolved_models=["lite"]
[9/19/2026, 9:37:47 AM.837] [Info] [AgentModelResolver] agent "insightsAnalyzer" original_models=undefined -> resolved_models=[]
[9/19/2026, 9:37:47 AM.837] [Info] [AgentModelResolver] agent "agentInstructions" original_models=undefined -> resolved_models=[]
[9/19/2026, 9:37:47 AM.837] [Info] [AgentModelResolver] agent "statusline-setup" original_models=undefined -> resolved_models=[]
[9/19/2026, 9:37:47 AM.837] [Info] [AgentModelResolver] agent "Explore" original_models=["lite"] -> resolved_models=["lite"]
[9/19/2026, 9:37:47 AM.837] [Info] [AgentModelResolver] agent "Plan" original_models=undefined -> resolved_models=[]
[9/19/2026, 9:37:47 AM.837] [Info] [AgentModelResolver] agent "pulse" original_models=undefined -> resolved_models=[]
[9/19/2026, 9:37:47 AM.837] [Info] [AgentModelResolver] agent "enhance-prompt" original_models=undefined -> resolved_models=[]
[9/19/2026, 9:37:47 AM.841] [Info] [Merge] Step 1 (local + overlay): localModels=42, overlayModels=51, mergedModels=51
[9/19/2026, 9:37:47 AM.841] [Info] [Merge] Step 2 (+enterprise): enterpriseModels=0, totalModels=51
[9/19/2026, 9:37:47 AM.841] [Info] [Merge] Step 3 (+custom): customModels=0, totalModels=51
[9/19/2026, 9:37:47 AM.841] [Info] [Merge] Step 4 (availableModels filter): finalModels=51, cli.models=["auto","hy4-preview-f","hy3","hy3-x","deepseek-v4.1-flash","glm-5.3","glm-5.3-flash","glm-5.2","glm-5.1","glm-5v-turbo","minimax-m3","kimi-k3-1","kimi-k2.8-preview","kimi-k2.7","kimi-k2.6","deepseek-v4-pro"]
[9/19/2026, 9:37:47 AM.919] [Info] [WeixinClawBotClient] pollLoop iteration begin {"iteration":22222,"cursorLen":96}
[9/19/2026, 9:37:48 AM.797] [Info] [CentrifugoClient] Connected successfully
[9/19/2026, 9:37:48 AM.797] [Info] [ClawService] Centrifugo status: connected
[9/19/2026, 9:37:48 AM.799] [Info] [CentrifugoClient] Subscribed to channel: copilot_workbuddy:fdee3d54-95b6-4e9c-aaff-50ad9505aab4_25e526bc70aeedffd6ce569154fcfedd_e76b49539422036c
[9/19/2026, 9:38:06 AM.512] [Info] [WeixinClawBotClient] pollLoop getUpdates returned {"iteration":22222,"elapsedMs":18593,"hasBuf":true,"msgs":0}
[9/19/2026, 9:38:06 AM.525] [Info] [WeixinClawBotClient] pollLoop iteration begin {"iteration":22223,"cursorLen":96}
[9/19/2026, 9:38:24 AM.687] [Info] [WeixinClawBotClient] pollLoop getUpdates returned {"iteration":22223,"elapsedMs":18173,"hasBuf":true,"msgs":0}
[9/19/2026, 9:38:24 AM.690] [Info] [WeixinClawBotClient] pollLoop iteration begin {"iteration":22224,"cursorLen":96}
[9/19/2026, 9:50:11 AM.776] [Info] [CentrifugoClient] Re-subscribing to copilot_workbuddy:fdee3d54-95b6-4e9c-aaff-50ad9505aab4_25e526bc70aeedffd6ce569154fcfedd_e76b49539422036c: transport closed (code: 1)
[9/19/2026, 9:50:11 AM.776] [Info] [CentrifugoClient] Reconnecting: no ping (code: 2)
[9/19/2026, 9:50:11 AM.776] [Info] [ClawService] Centrifugo status: connecting
[9/19/2026, 9:50:11 AM.779] [Info] [WorkbuddyEnterpriseModels] enterpriseId: undefined, endpoint: https://copilot.tencent.com
[9/19/2026, 9:50:11 AM.779] [Info] [AgentModelResolver] product config input: 42 models, 18 agents
[9/19/2026, 9:50:11 AM.779] [Info] [AgentModelResolver] model ids: default, deepseek-v4-pro, deepseek-v4-flash, deepseek-v3-2-volc, minimax-m2.5, minimax-m2.7, minimax-m3-play, glm-5.1, glm-5.0, glm-5.0-turbo, glm-5v-turbo, glm-4.7, glm-4.6, glm-4.6v, kimi-k2.6, kimi-k2.5, kimi-k2-thinking, hy3-preview-agent, hunyuan-chat, hunyuan-image-v3.0, auto, hy3-preview, hunyuan-2.0-thinking, deepseek-v3-1-volc, deepseek-v3-1-lkeap, deepseek-v3-1, deepseek-v3-0324-lkeap, deepseek-r1-0528-lkeap, kimi-k2-instruct-taiji, completion-gf, default-1.1, hunyuan-3b, hunyuan-7b-dense, codewise-completions, codewise-rewrite, codewise-nes-a4-027-aide, codewise-jump, deepseek-r1-0528, deepseek-v3-0324-taco-completion, deepseek-v3-0324, default-1.2, hunyuan-2.0-instruct
[9/19/2026, 9:50:11 AM.779] [Info] [AgentModelResolver] agent "cli" original_models=["auto","glm-5v-turbo","glm-5.1","glm-5.0-turbo","glm-5.0","glm-4.7","kimi-k2.5","minimax-m2.7","deepseek-v3-2-volc"] -> resolved_models=["auto","glm-5v-turbo","glm-5.1","glm-5.0-turbo","glm-5.0","glm-4.7","kimi-k2.5","minimax-m2.7","deepseek-v3-2-volc"]
[9/19/2026, 9:50:11 AM.779] [Info] [AgentModelResolver] agent "general-purpose" original_models=undefined -> resolved_models=[]
[9/19/2026, 9:50:11 AM.779] [Info] [AgentModelResolver] agent "compact" original_models=undefined -> resolved_models=[]
[9/19/2026, 9:50:11 AM.779] [Info] [AgentModelResolver] agent "contextSummary" original_models=undefined -> resolved_models=[]
[9/19/2026, 9:50:11 AM.779] [Info] [AgentModelResolver] agent "contentAnalyzer" original_models=undefined -> resolved_models=[]
[9/19/2026, 9:50:11 AM.779] [Info] [AgentModelResolver] agent "terminalTitleGenerator" original_models=undefined -> resolved_models=[]
[9/19/2026, 9:50:11 AM.779] [Info] [AgentModelResolver] agent "promptSuggestion" original_models=undefined -> resolved_models=[]
[9/19/2026, 9:50:11 AM.779] [Info] [AgentModelResolver] agent "memorySelector" original_models=["lite"] -> resolved_models=["lite"]
[9/19/2026, 9:50:11 AM.779] [Info] [AgentModelResolver] agent "summaryGenerator" original_models=undefined -> resolved_models=[]
[9/19/2026, 9:50:11 AM.779] [Info] [AgentModelResolver] agent "autoModeClassifier" original_models=undefined -> resolved_models=[]
[9/19/2026, 9:50:11 AM.779] [Info] [AgentModelResolver] agent "promptHookEvaluator" original_models=["lite"] -> resolved_models=["lite"]
[9/19/2026, 9:50:11 AM.779] [Info] [AgentModelResolver] agent "insightsAnalyzer" original_models=undefined -> resolved_models=[]
[9/19/2026, 9:50:11 AM.779] [Info] [AgentModelResolver] agent "agentInstructions" original_models=undefined -> resolved_models=[]
[9/19/2026, 9:50:11 AM.779] [Info] [AgentModelResolver] agent "statusline-setup" original_models=undefined -> resolved_models=[]
[9/19/2026, 9:50:11 AM.779] [Info] [AgentModelResolver] agent "Explore" original_models=["lite"] -> resolved_models=["lite"]
[9/19/2026, 9:50:11 AM.779] [Info] [AgentModelResolver] agent "Plan" original_models=undefined -> resolved_models=[]
[9/19/2026, 9:50:11 AM.779] [Info] [AgentModelResolver] agent "pulse" original_models=undefined -> resolved_models=[]
[9/19/2026, 9:50:11 AM.779] [Info] [AgentModelResolver] agent "enhance-prompt" original_models=undefined -> resolved_models=[]
[9/19/2026, 9:50:11 AM.784] [Info] [Merge] Step 1 (local + overlay): localModels=42, overlayModels=51, mergedModels=51
[9/19/2026, 9:50:11 AM.784] [Info] [Merge] Step 2 (+enterprise): enterpriseModels=0, totalModels=51
[9/19/2026, 9:50:11 AM.784] [Info] [Merge] Step 3 (+custom): customModels=0, totalModels=51
[9/19/2026, 9:50:11 AM.784] [Info] [Merge] Step 4 (availableModels filter): finalModels=51, cli.models=["auto","hy4-preview-f","hy3","hy3-x","deepseek-v4.1-flash","glm-5.3","glm-5.3-flash","glm-5.2","glm-5.1","glm-5v-turbo","minimax-m3","kimi-k3-1","kimi-k2.8-preview","kimi-k2.7","kimi-k2.6","deepseek-v4-pro"]
[9/19/2026, 9:50:11 AM.784] [Info] [WeixinClawBotClient] pollLoop getUpdates returned {"iteration":22224,"elapsedMs":707095,"ret":0,"hasBuf":true,"msgs":0}
[9/19/2026, 9:50:11 AM.785] [Info] [WorkbuddyEnterpriseModels] enterpriseId: undefined, endpoint: https://copilot.tencent.com
[9/19/2026, 9:50:11 AM.785] [Info] [AgentModelResolver] product config input: 42 models, 18 agents
[9/19/2026, 9:50:11 AM.785] [Info] [AgentModelResolver] model ids: default, deepseek-v4-pro, deepseek-v4-flash, deepseek-v3-2-volc, minimax-m2.5, minimax-m2.7, minimax-m3-play, glm-5.1, glm-5.0, glm-5.0-turbo, glm-5v-turbo, glm-4.7, glm-4.6, glm-4.6v, kimi-k2.6, kimi-k2.5, kimi-k2-thinking, hy3-preview-agent, hunyuan-chat, hunyuan-image-v3.0, auto, hy3-preview, hunyuan-2.0-thinking, deepseek-v3-1-volc, deepseek-v3-1-lkeap, deepseek-v3-1, deepseek-v3-0324-lkeap, deepseek-r1-0528-lkeap, kimi-k2-instruct-taiji, completion-gf, default-1.1, hunyuan-3b, hunyuan-7b-dense, codewise-completions, codewise-rewrite, codewise-nes-a4-027-aide, codewise-jump, deepseek-r1-0528, deepseek-v3-0324-taco-completion, deepseek-v3-0324, default-1.2, hunyuan-2.0-instruct
[9/19/2026, 9:50:11 AM.785] [Info] [AgentModelResolver] agent "cli" original_models=["auto","glm-5v-turbo","glm-5.1","glm-5.0-turbo","glm-5.0","glm-4.7","kimi-k2.5","minimax-m2.7","deepseek-v3-2-volc"] -> resolved_models=["auto","glm-5v-turbo","glm-5.1","glm-5.0-turbo","glm-5.0","glm-4.7","kimi-k2.5","minimax-m2.7","deepseek-v3-2-volc"]
[9/19/2026, 9:50:11 AM.785] [Info] [AgentModelResolver] agent "general-purpose" original_models=undefined -> resolved_models=[]
[9/19/2026, 9:50:11 AM.785] [Info] [AgentModelResolver] agent "compact" original_models=undefined -> resolved_models=[]
[9/19/2026, 9:50:11 AM.785] [Info] [AgentModelResolver] agent "contextSummary" original_models=undefined -> resolved_models=[]
[9/19/2026, 9:50:11 AM.785] [Info] [AgentModelResolver] agent "contentAnalyzer" original_models=undefined -> resolved_models=[]
[9/19/2026, 9:50:11 AM.785] [Info] [AgentModelResolver] agent "terminalTitleGenerator" original_models=undefined -> resolved_models=[]
[9/19/2026, 9:50:11 AM.785] [Info] [AgentModelResolver] agent "promptSuggestion" original_models=undefined -> resolved_models=[]
[9/19/2026, 9:50:11 AM.785] [Info] [AgentModelResolver] agent "memorySelector" original_models=["lite"] -> resolved_models=["lite"]
[9/19/2026, 9:50:11 AM.785] [Info] [AgentModelResolver] agent "summaryGenerator" original_models=undefined -> resolved_models=[]
[9/19/2026, 9:50:11 AM.785] [Info] [AgentModelResolver] agent "autoModeClassifier" original_models=undefined -> resolved_models=[]
[9/19/2026, 9:50:11 AM.785] [Info] [AgentModelResolver] agent "promptHookEvaluator" original_models=["lite"] -> resolved_models=["lite"]
[9/19/2026, 9:50:11 AM.785] [Info] [AgentModelResolver] agent "insightsAnalyzer" original_models=undefined -> resolved_models=[]
[9/19/2026, 9:50:11 AM.785] [Info] [AgentModelResolver] agent "agentInstructions" original_models=undefined -> resolved_models=[]
[9/19/2026, 9:50:11 AM.785] [Info] [AgentModelResolver] agent "statusline-setup" original_models=undefined -> resolved_models=[]
[9/19/2026, 9:50:11 AM.785] [Info] [AgentModelResolver] agent "Explore" original_models=["lite"] -> resolved_models=["lite"]
[9/19/2026, 9:50:11 AM.785] [Info] [AgentModelResolver] agent "Plan" original_models=undefined -> resolved_models=[]
[9/19/2026, 9:50:11 AM.785] [Info] [AgentModelResolver] agent "pulse" original_models=undefined -> resolved_models=[]
[9/19/2026, 9:50:11 AM.785] [Info] [AgentModelResolver] agent "enhance-prompt" original_models=undefined -> resolved_models=[]
[9/19/2026, 9:50:11 AM.788] [Info] [Merge] Step 1 (local + overlay): localModels=42, overlayModels=51, mergedModels=51
[9/19/2026, 9:50:11 AM.788] [Info] [Merge] Step 2 (+enterprise): enterpriseModels=0, totalModels=51
[9/19/2026, 9:50:11 AM.788] [Info] [Merge] Step 3 (+custom): customModels=0, totalModels=51
[9/19/2026, 9:50:11 AM.788] [Info] [Merge] Step 4 (availableModels filter): finalModels=51, cli.models=["auto","hy4-preview-f","hy3","hy3-x","deepseek-v4.1-flash","glm-5.3","glm-5.3-flash","glm-5.2","glm-5.1","glm-5v-turbo","minimax-m3","kimi-k3-1","kimi-k2.8-preview","kimi-k2.7","kimi-k2.6","deepseek-v4-pro"]
[9/19/2026, 9:50:11 AM.833] [Info] [WeixinClawBotClient] pollLoop iteration begin {"iteration":22225,"cursorLen":96}
[9/19/2026, 9:50:12 AM.858] [Info] [CentrifugoClient] Connected successfully
[9/19/2026, 9:50:12 AM.858] [Info] [ClawService] Centrifugo status: connected
[9/19/2026, 9:50:12 AM.862] [Info] [CentrifugoClient] Subscribed to channel: copilot_workbuddy:fdee3d54-95b6-4e9c-aaff-50ad9505aab4_25e526bc70aeedffd6ce569154fcfedd_e76b49539422036c
[9/19/2026, 9:50:30 AM.591] [Info] [WeixinClawBotClient] pollLoop getUpdates returned {"iteration":22225,"elapsedMs":18759,"hasBuf":true,"msgs":0}
[9/19/2026, 9:50:30 AM.602] [Info] [WeixinClawBotClient] pollLoop iteration begin {"iteration":22226,"cursorLen":96}
[9/19/2026, 9:50:48 AM.777] [Info] [WeixinClawBotClient] pollLoop getUpdates returned {"iteration":22226,"elapsedMs":18185,"hasBuf":true,"msgs":0}
[9/19/2026, 9:50:48 AM.780] [Info] [WeixinClawBotClient] pollLoop iteration begin {"iteration":22227,"cursorLen":96}
[9/19/2026, 10:06:27 AM.686] [Info] [CentrifugoClient] Re-subscribing to copilot_workbuddy:fdee3d54-95b6-4e9c-aaff-50ad9505aab4_25e526bc70aeedffd6ce569154fcfedd_e76b49539422036c: transport closed (code: 1)
[9/19/2026, 10:06:27 AM.686] [Info] [CentrifugoClient] Reconnecting: no ping (code: 2)
[9/19/2026, 10:06:27 AM.686] [Info] [ClawService] Centrifugo status: connecting
[9/19/2026, 10:06:27 AM.687] [Info] [WorkbuddyEnterpriseModels] enterpriseId: undefined, endpoint: https://copilot.tencent.com
[9/19/2026, 10:06:27 AM.688] [Info] [AgentModelResolver] product config input: 42 models, 18 agents
[9/19/2026, 10:06:27 AM.688] [Info] [AgentModelResolver] model ids: default, deepseek-v4-pro, deepseek-v4-flash, deepseek-v3-2-volc, minimax-m2.5, minimax-m2.7, minimax-m3-play, glm-5.1, glm-5.0, glm-5.0-turbo, glm-5v-turbo, glm-4.7, glm-4.6, glm-4.6v, kimi-k2.6, kimi-k2.5, kimi-k2-thinking, hy3-preview-agent, hunyuan-chat, hunyuan-image-v3.0, auto, hy3-preview, hunyuan-2.0-thinking, deepseek-v3-1-volc, deepseek-v3-1-lkeap, deepseek-v3-1, deepseek-v3-0324-lkeap, deepseek-r1-0528-lkeap, kimi-k2-instruct-taiji, completion-gf, default-1.1, hunyuan-3b, hunyuan-7b-dense, codewise-completions, codewise-rewrite, codewise-nes-a4-027-aide, codewise-jump, deepseek-r1-0528, deepseek-v3-0324-taco-completion, deepseek-v3-0324, default-1.2, hunyuan-2.0-instruct
[9/19/2026, 10:06:27 AM.688] [Info] [AgentModelResolver] agent "cli" original_models=["auto","glm-5v-turbo","glm-5.1","glm-5.0-turbo","glm-5.0","glm-4.7","kimi-k2.5","minimax-m2.7","deepseek-v3-2-volc"] -> resolved_models=["auto","glm-5v-turbo","glm-5.1","glm-5.0-turbo","glm-5.0","glm-4.7","kimi-k2.5","minimax-m2.7","deepseek-v3-2-volc"]
[9/19/2026, 10:06:27 AM.688] [Info] [AgentModelResolver] agent "general-purpose" original_models=undefined -> resolved_models=[]
[9/19/2026, 10:06:27 AM.688] [Info] [AgentModelResolver] agent "compact" original_models=undefined -> resolved_models=[]
[9/19/2026, 10:06:27 AM.688] [Info] [AgentModelResolver] agent "contextSummary" original_models=undefined -> resolved_models=[]
[9/19/2026, 10:06:27 AM.688] [Info] [AgentModelResolver] agent "contentAnalyzer" original_models=undefined -> resolved_models=[]
[9/19/2026, 10:06:27 AM.688] [Info] [AgentModelResolver] agent "terminalTitleGenerator" original_models=undefined -> resolved_models=[]
[9/19/2026, 10:06:27 AM.688] [Info] [AgentModelResolver] agent "promptSuggestion" original_models=undefined -> resolved_models=[]
[9/19/2026, 10:06:27 AM.688] [Info] [AgentModelResolver] agent "memorySelector" original_models=["lite"] -> resolved_models=["lite"]
[9/19/2026, 10:06:27 AM.688] [Info] [AgentModelResolver] agent "summaryGenerator" original_models=undefined -> resolved_models=[]
[9/19/2026, 10:06:27 AM.688] [Info] [AgentModelResolver] agent "autoModeClassifier" original_models=undefined -> resolved_models=[]
[9/19/2026, 10:06:27 AM.688] [Info] [AgentModelResolver] agent "promptHookEvaluator" original_models=["lite"] -> resolved_models=["lite"]
[9/19/2026, 10:06:27 AM.688] [Info] [AgentModelResolver] agent "insightsAnalyzer" original_models=undefined -> resolved_models=[]
[9/19/2026, 10:06:27 AM.688] [Info] [AgentModelResolver] agent "agentInstructions" original_models=undefined -> resolved_models=[]
[9/19/2026, 10:06:27 AM.688] [Info] [AgentModelResolver] agent "statusline-setup" original_models=undefined -> resolved_models=[]
[9/19/2026, 10:06:27 AM.688] [Info] [AgentModelResolver] agent "Explore" original_models=["lite"] -> resolved_models=["lite"]
[9/19/2026, 10:06:27 AM.688] [Info] [AgentModelResolver] agent "Plan" original_models=undefined -> resolved_models=[]
[9/19/2026, 10:06:27 AM.688] [Info] [AgentModelResolver] agent "pulse" original_models=undefined -> resolved_models=[]
[9/19/2026, 10:06:27 AM.688] [Info] [AgentModelResolver] agent "enhance-prompt" original_models=undefined -> resolved_models=[]
[9/19/2026, 10:06:27 AM.691] [Info] [Merge] Step 1 (local + overlay): localModels=42, overlayModels=51, mergedModels=51
[9/19/2026, 10:06:27 AM.691] [Info] [Merge] Step 2 (+enterprise): enterpriseModels=0, totalModels=51
[9/19/2026, 10:06:27 AM.691] [Info] [Merge] Step 3 (+custom): customModels=0, totalModels=51
[9/19/2026, 10:06:27 AM.691] [Info] [Merge] Step 4 (availableModels filter): finalModels=51, cli.models=["auto","hy4-preview-f","hy3","hy3-x","deepseek-v4.1-flash","glm-5.3","glm-5.3-flash","glm-5.2","glm-5.1","glm-5v-turbo","minimax-m3","kimi-k3-1","kimi-k2.8-preview","kimi-k2.7","kimi-k2.6","deepseek-v4-pro"]
[9/19/2026, 10:06:27 AM.692] [Info] [WeixinClawBotClient] pollLoop getUpdates returned {"iteration":22227,"elapsedMs":938913,"ret":0,"hasBuf":true,"msgs":0}
[9/19/2026, 10:06:27 AM.693] [Info] [WorkbuddyEnterpriseModels] enterpriseId: undefined, endpoint: https://copilot.tencent.com
[9/19/2026, 10:06:27 AM.693] [Info] [AgentModelResolver] product config input: 42 models, 18 agents
[9/19/2026, 10:06:27 AM.693] [Info] [AgentModelResolver] model ids: default, deepseek-v4-pro, deepseek-v4-flash, deepseek-v3-2-volc, minimax-m2.5, minimax-m2.7, minimax-m3-play, glm-5.1, glm-5.0, glm-5.0-turbo, glm-5v-turbo, glm-4.7, glm-4.6, glm-4.6v, kimi-k2.6, kimi-k2.5, kimi-k2-thinking, hy3-preview-agent, hunyuan-chat, hunyuan-image-v3.0, auto, hy3-preview, hunyuan-2.0-thinking, deepseek-v3-1-volc, deepseek-v3-1-lkeap, deepseek-v3-1, deepseek-v3-0324-lkeap, deepseek-r1-0528-lkeap, kimi-k2-instruct-taiji, completion-gf, default-1.1, hunyuan-3b, hunyuan-7b-dense, codewise-completions, codewise-rewrite, codewise-nes-a4-027-aide, codewise-jump, deepseek-r1-0528, deepseek-v3-0324-taco-completion, deepseek-v3-0324, default-1.2, hunyuan-2.0-instruct
[9/19/2026, 10:06:27 AM.693] [Info] [AgentModelResolver] agent "cli" original_models=["auto","glm-5v-turbo","glm-5.1","glm-5.0-turbo","glm-5.0","glm-4.7","kimi-k2.5","minimax-m2.7","deepseek-v3-2-volc"] -> resolved_models=["auto","glm-5v-turbo","glm-5.1","glm-5.0-turbo","glm-5.0","glm-4.7","kimi-k2.5","minimax-m2.7","deepseek-v3-2-volc"]
[9/19/2026, 10:06:27 AM.693] [Info] [AgentModelResolver] agent "general-purpose" original_models=undefined -> resolved_models=[]
[9/19/2026, 10:06:27 AM.693] [Info] [AgentModelResolver] agent "compact" original_models=undefined -> resolved_models=[]
[9/19/2026, 10:06:27 AM.693] [Info] [AgentModelResolver] agent "contextSummary" original_models=undefined -> resolved_models=[]
[9/19/2026, 10:06:27 AM.693] [Info] [AgentModelResolver] agent "contentAnalyzer" original_models=undefined -> resolved_models=[]
[9/19/2026, 10:06:27 AM.693] [Info] [AgentModelResolver] agent "terminalTitleGenerator" original_models=undefined -> resolved_models=[]
[9/19/2026, 10:06:27 AM.693] [Info] [AgentModelResolver] agent "promptSuggestion" original_models=undefined -> resolved_models=[]
[9/19/2026, 10:06:27 AM.693] [Info] [AgentModelResolver] agent "memorySelector" original_models=["lite"] -> resolved_models=["lite"]
[9/19/2026, 10:06:27 AM.693] [Info] [AgentModelResolver] agent "summaryGenerator" original_models=undefined -> resolved_models=[]
[9/19/2026, 10:06:27 AM.693] [Info] [AgentModelResolver] agent "autoModeClassifier" original_models=undefined -> resolved_models=[]
[9/19/2026, 10:06:27 AM.693] [Info] [AgentModelResolver] agent "promptHookEvaluator" original_models=["lite"] -> resolved_models=["lite"]
[9/19/2026, 10:06:27 AM.693] [Info] [AgentModelResolver] agent "insightsAnalyzer" original_models=undefined -> resolved_models=[]
[9/19/2026, 10:06:27 AM.693] [Info] [AgentModelResolver] agent "agentInstructions" original_models=undefined -> resolved_models=[]
[9/19/2026, 10:06:27 AM.693] [Info] [AgentModelResolver] agent "statusline-setup" original_models=undefined -> resolved_models=[]
[9/19/2026, 10:06:27 AM.693] [Info] [AgentModelResolver] agent "Explore" original_models=["lite"] -> resolved_models=["lite"]
[9/19/2026, 10:06:27 AM.693] [Info] [AgentModelResolver] agent "Plan" original_models=undefined -> resolved_models=[]
[9/19/2026, 10:06:27 AM.693] [Info] [AgentModelResolver] agent "pulse" original_models=undefined -> resolved_models=[]
[9/19/2026, 10:06:27 AM.693] [Info] [AgentModelResolver] agent "enhance-prompt" original_models=undefined -> resolved_models=[]
[9/19/2026, 10:06:27 AM.695] [Info] [Merge] Step 1 (local + overlay): localModels=42, overlayModels=51, mergedModels=51
[9/19/2026, 10:06:27 AM.695] [Info] [Merge] Step 2 (+enterprise): enterpriseModels=0, totalModels=51
[9/19/2026, 10:06:27 AM.695] [Info] [Merge] Step 3 (+custom): customModels=0, totalModels=51
[9/19/2026, 10:06:27 AM.695] [Info] [Merge] Step 4 (availableModels filter): finalModels=51, cli.models=["auto","hy4-preview-f","hy3","hy3-x","deepseek-v4.1-flash","glm-5.3","glm-5.3-flash","glm-5.2","glm-5.1","glm-5v-turbo","minimax-m3","kimi-k3-1","kimi-k2.8-preview","kimi-k2.7","kimi-k2.6","deepseek-v4-pro"]
[9/19/2026, 10:06:27 AM.740] [Info] [WeixinClawBotClient] pollLoop iteration begin {"iteration":22228,"cursorLen":96}
[9/19/2026, 10:06:28 AM.772] [Info] [CentrifugoClient] Connected successfully
[9/19/2026, 10:06:28 AM.772] [Info] [ClawService] Centrifugo status: connected
[9/19/2026, 10:06:28 AM.781] [Info] [CentrifugoClient] Subscribed to channel: copilot_workbuddy:fdee3d54-95b6-4e9c-aaff-50ad9505aab4_25e526bc70aeedffd6ce569154fcfedd_e76b49539422036c
[9/19/2026, 10:06:46 AM.496] [Info] [WeixinClawBotClient] pollLoop getUpdates returned {"iteration":22228,"elapsedMs":18756,"hasBuf":true,"msgs":0}
[9/19/2026, 10:06:46 AM.508] [Info] [WeixinClawBotClient] pollLoop iteration begin {"iteration":22229,"cursorLen":96}
[9/19/2026, 10:07:04 AM.661] [Info] [WeixinClawBotClient] pollLoop getUpdates returned {"iteration":22229,"elapsedMs":18162,"hasBuf":true,"msgs":0}
[9/19/2026, 10:07:04 AM.663] [Info] [WeixinClawBotClient] pollLoop iteration begin {"iteration":22230,"cursorLen":96}
[9/19/2026, 10:22:43 AM.638] [Info] [CentrifugoClient] Re-subscribing to copilot_workbuddy:fdee3d54-95b6-4e9c-aaff-50ad9505aab4_25e526bc70aeedffd6ce569154fcfedd_e76b49539422036c: transport closed (code: 1)
[9/19/2026, 10:22:43 AM.638] [Info] [CentrifugoClient] Reconnecting: no ping (code: 2)
[9/19/2026, 10:22:43 AM.638] [Info] [ClawService] Centrifugo status: connecting
[9/19/2026, 10:22:43 AM.639] [Info] [WorkbuddyEnterpriseModels] enterpriseId: undefined, endpoint: https://copilot.tencent.com
[9/19/2026, 10:22:43 AM.639] [Info] [AgentModelResolver] product config input: 42 models, 18 agents
[9/19/2026, 10:22:43 AM.639] [Info] [AgentModelResolver] model ids: default, deepseek-v4-pro, deepseek-v4-flash, deepseek-v3-2-volc, minimax-m2.5, minimax-m2.7, minimax-m3-play, glm-5.1, glm-5.0, glm-5.0-turbo, glm-5v-turbo, glm-4.7, glm-4.6, glm-4.6v, kimi-k2.6, kimi-k2.5, kimi-k2-thinking, hy3-preview-agent, hunyuan-chat, hunyuan-image-v3.0, auto, hy3-preview, hunyuan-2.0-thinking, deepseek-v3-1-volc, deepseek-v3-1-lkeap, deepseek-v3-1, deepseek-v3-0324-lkeap, deepseek-r1-0528-lkeap, kimi-k2-instruct-taiji, completion-gf, default-1.1, hunyuan-3b, hunyuan-7b-dense, codewise-completions, codewise-rewrite, codewise-nes-a4-027-aide, codewise-jump, deepseek-r1-0528, deepseek-v3-0324-taco-completion, deepseek-v3-0324, default-1.2, hunyuan-2.0-instruct
[9/19/2026, 10:22:43 AM.639] [Info] [AgentModelResolver] agent "cli" original_models=["auto","glm-5v-turbo","glm-5.1","glm-5.0-turbo","glm-5.0","glm-4.7","kimi-k2.5","minimax-m2.7","deepseek-v3-2-volc"] -> resolved_models=["auto","glm-5v-turbo","glm-5.1","glm-5.0-turbo","glm-5.0","glm-4.7","kimi-k2.5","minimax-m2.7","deepseek-v3-2-volc"]
[9/19/2026, 10:22:43 AM.639] [Info] [AgentModelResolver] agent "general-purpose" original_models=undefined -> resolved_models=[]
[9/19/2026, 10:22:43 AM.639] [Info] [AgentModelResolver] agent "compact" original_models=undefined -> resolved_models=[]
[9/19/2026, 10:22:43 AM.639] [Info] [AgentModelResolver] agent "contextSummary" original_models=undefined -> resolved_models=[]
[9/19/2026, 10:22:43 AM.639] [Info] [AgentModelResolver] agent "contentAnalyzer" original_models=undefined -> resolved_models=[]
[9/19/2026, 10:22:43 AM.639] [Info] [AgentModelResolver] agent "terminalTitleGenerator" original_models=undefined -> resolved_models=[]
[9/19/2026, 10:22:43 AM.639] [Info] [AgentModelResolver] agent "promptSuggestion" original_models=undefined -> resolved_models=[]
[9/19/2026, 10:22:43 AM.639] [Info] [AgentModelResolver] agent "memorySelector" original_models=["lite"] -> resolved_models=["lite"]
[9/19/2026, 10:22:43 AM.639] [Info] [AgentModelResolver] agent "summaryGenerator" original_models=undefined -> resolved_models=[]
[9/19/2026, 10:22:43 AM.639] [Info] [AgentModelResolver] agent "autoModeClassifier" original_models=undefined -> resolved_models=[]
[9/19/2026, 10:22:43 AM.639] [Info] [AgentModelResolver] agent "promptHookEvaluator" original_models=["lite"] -> resolved_models=["lite"]
[9/19/2026, 10:22:43 AM.639] [Info] [AgentModelResolver] agent "insightsAnalyzer" original_models=undefined -> resolved_models=[]
[9/19/2026, 10:22:43 AM.639] [Info] [AgentModelResolver] agent "agentInstructions" original_models=undefined -> resolved_models=[]
[9/19/2026, 10:22:43 AM.639] [Info] [AgentModelResolver] agent "statusline-setup" original_models=undefined -> resolved_models=[]
[9/19/2026, 10:22:43 AM.639] [Info] [AgentModelResolver] agent "Explore" original_models=["lite"] -> resolved_models=["lite"]
[9/19/2026, 10:22:43 AM.639] [Info] [AgentModelResolver] agent "Plan" original_models=undefined -> resolved_models=[]
[9/19/2026, 10:22:43 AM.639] [Info] [AgentModelResolver] agent "pulse" original_models=undefined -> resolved_models=[]
[9/19/2026, 10:22:43 AM.639] [Info] [AgentModelResolver] agent "enhance-prompt" original_models=undefined -> resolved_models=[]
[9/19/2026, 10:22:43 AM.642] [Info] [Merge] Step 1 (local + overlay): localModels=42, overlayModels=51, mergedModels=51
[9/19/2026, 10:22:43 AM.642] [Info] [Merge] Step 2 (+enterprise): enterpriseModels=0, totalModels=51
[9/19/2026, 10:22:43 AM.642] [Info] [Merge] Step 3 (+custom): customModels=0, totalModels=51
[9/19/2026, 10:22:43 AM.642] [Info] [Merge] Step 4 (availableModels filter): finalModels=51, cli.models=["auto","hy4-preview-f","hy3","hy3-x","deepseek-v4.1-flash","glm-5.3","glm-5.3-flash","glm-5.2","glm-5.1","glm-5v-turbo","minimax-m3","kimi-k3-1","kimi-k2.8-preview","kimi-k2.7","kimi-k2.6","deepseek-v4-pro"]
[9/19/2026, 10:22:43 AM.642] [Info] [WeixinClawBotClient] pollLoop getUpdates returned {"iteration":22230,"elapsedMs":938979,"ret":0,"hasBuf":true,"msgs":0}
[9/19/2026, 10:22:43 AM.643] [Info] [WorkbuddyEnterpriseModels] enterpriseId: undefined, endpoint: https://copilot.tencent.com
[9/19/2026, 10:22:43 AM.643] [Info] [AgentModelResolver] product config input: 42 models, 18 agents
[9/19/2026, 10:22:43 AM.643] [Info] [AgentModelResolver] model ids: default, deepseek-v4-pro, deepseek-v4-flash, deepseek-v3-2-volc, minimax-m2.5, minimax-m2.7, minimax-m3-play, glm-5.1, glm-5.0, glm-5.0-turbo, glm-5v-turbo, glm-4.7, glm-4.6, glm-4.6v, kimi-k2.6, kimi-k2.5, kimi-k2-thinking, hy3-preview-agent, hunyuan-chat, hunyuan-image-v3.0, auto, hy3-preview, hunyuan-2.0-thinking, deepseek-v3-1-volc, deepseek-v3-1-lkeap, deepseek-v3-1, deepseek-v3-0324-lkeap, deepseek-r1-0528-lkeap, kimi-k2-instruct-taiji, completion-gf, default-1.1, hunyuan-3b, hunyuan-7b-dense, codewise-completions, codewise-rewrite, codewise-nes-a4-027-aide, codewise-jump, deepseek-r1-0528, deepseek-v3-0324-taco-completion, deepseek-v3-0324, default-1.2, hunyuan-2.0-instruct
[9/19/2026, 10:22:43 AM.643] [Info] [AgentModelResolver] agent "cli" original_models=["auto","glm-5v-turbo","glm-5.1","glm-5.0-turbo","glm-5.0","glm-4.7","kimi-k2.5","minimax-m2.7","deepseek-v3-2-volc"] -> resolved_models=["auto","glm-5v-turbo","glm-5.1","glm-5.0-turbo","glm-5.0","glm-4.7","kimi-k2.5","minimax-m2.7","deepseek-v3-2-volc"]
[9/19/2026, 10:22:43 AM.643] [Info] [AgentModelResolver] agent "general-purpose" original_models=undefined -> resolved_models=[]
[9/19/2026, 10:22:43 AM.643] [Info] [AgentModelResolver] agent "compact" original_models=undefined -> resolved_models=[]
[9/19/2026, 10:22:43 AM.643] [Info] [AgentModelResolver] agent "contextSummary" original_models=undefined -> resolved_models=[]
[9/19/2026, 10:22:43 AM.643] [Info] [AgentModelResolver] agent "contentAnalyzer" original_models=undefined -> resolved_models=[]
[9/19/2026, 10:22:43 AM.643] [Info] [AgentModelResolver] agent "terminalTitleGenerator" original_models=undefined -> resolved_models=[]
[9/19/2026, 10:22:43 AM.643] [Info] [AgentModelResolver] agent "promptSuggestion" original_models=undefined -> resolved_models=[]
[9/19/2026, 10:22:43 AM.643] [Info] [AgentModelResolver] agent "memorySelector" original_models=["lite"] -> resolved_models=["lite"]
[9/19/2026, 10:22:43 AM.643] [Info] [AgentModelResolver] agent "summaryGenerator" original_models=undefined -> resolved_models=[]
[9/19/2026, 10:22:43 AM.643] [Info] [AgentModelResolver] agent "autoModeClassifier" original_models=undefined -> resolved_models=[]
[9/19/2026, 10:22:43 AM.643] [Info] [AgentModelResolver] agent "promptHookEvaluator" original_models=["lite"] -> resolved_models=["lite"]
[9/19/2026, 10:22:43 AM.643] [Info] [AgentModelResolver] agent "insightsAnalyzer" original_models=undefined -> resolved_models=[]
[9/19/2026, 10:22:43 AM.643] [Info] [AgentModelResolver] agent "agentInstructions" original_models=undefined -> resolved_models=[]
[9/19/2026, 10:22:43 AM.643] [Info] [AgentModelResolver] agent "statusline-setup" original_models=undefined -> resolved_models=[]
[9/19/2026, 10:22:43 AM.643] [Info] [AgentModelResolver] agent "Explore" original_models=["lite"] -> resolved_models=["lite"]
[9/19/2026, 10:22:43 AM.643] [Info] [AgentModelResolver] agent "Plan" original_models=undefined -> resolved_models=[]
[9/19/2026, 10:22:43 AM.643] [Info] [AgentModelResolver] agent "pulse" original_models=undefined -> resolved_models=[]
[9/19/2026, 10:22:43 AM.643] [Info] [AgentModelResolver] agent "enhance-prompt" original_models=undefined -> resolved_models=[]
[9/19/2026, 10:22:43 AM.646] [Info] [Merge] Step 1 (local + overlay): localModels=42, overlayModels=51, mergedModels=51
[9/19/2026, 10:22:43 AM.646] [Info] [Merge] Step 2 (+enterprise): enterpriseModels=0, totalModels=51
[9/19/2026, 10:22:43 AM.646] [Info] [Merge] Step 3 (+custom): customModels=0, totalModels=51
[9/19/2026, 10:22:43 AM.646] [Info] [Merge] Step 4 (availableModels filter): finalModels=51, cli.models=["auto","hy4-preview-f","hy3","hy3-x","deepseek-v4.1-flash","glm-5.3","glm-5.3-flash","glm-5.2","glm-5.1","glm-5v-turbo","minimax-m3","kimi-k3-1","kimi-k2.8-preview","kimi-k2.7","kimi-k2.6","deepseek-v4-pro"]
[9/19/2026, 10:22:43 AM.717] [Info] [WeixinClawBotClient] pollLoop iteration begin {"iteration":22231,"cursorLen":96}
[9/19/2026, 10:22:44 AM.560] [Info] [CentrifugoClient] Connected successfully
[9/19/2026, 10:22:44 AM.560] [Info] [ClawService] Centrifugo status: connected
[9/19/2026, 10:22:44 AM.570] [Info] [CentrifugoClient] Subscribed to channel: copilot_workbuddy:fdee3d54-95b6-4e9c-aaff-50ad9505aab4_25e526bc70aeedffd6ce569154fcfedd_e76b49539422036c
[9/19/2026, 10:23:02 AM.432] [Info] [WeixinClawBotClient] pollLoop getUpdates returned {"iteration":22231,"elapsedMs":18714,"hasBuf":true,"msgs":0}
[9/19/2026, 10:23:02 AM.447] [Info] [WeixinClawBotClient] pollLoop iteration begin {"iteration":22232,"cursorLen":96}
[9/19/2026, 10:23:20 AM.635] [Info] [WeixinClawBotClient] pollLoop getUpdates returned {"iteration":22232,"elapsedMs":18200,"hasBuf":true,"msgs":0}
[9/19/2026, 10:23:20 AM.638] [Info] [WeixinClawBotClient] pollLoop iteration begin {"iteration":22233,"cursorLen":96}
[9/19/2026, 10:38:52 AM.131] [Info] [CentrifugoClient] Re-subscribing to copilot_workbuddy:fdee3d54-95b6-4e9c-aaff-50ad9505aab4_25e526bc70aeedffd6ce569154fcfedd_e76b49539422036c: transport closed (code: 1)
[9/19/2026, 10:38:52 AM.131] [Info] [CentrifugoClient] Reconnecting: no ping (code: 2)
[9/19/2026, 10:38:52 AM.131] [Info] [ClawService] Centrifugo status: connecting
[9/19/2026, 10:38:52 AM.132] [Info] [WorkbuddyEnterpriseModels] enterpriseId: undefined, endpoint: https://copilot.tencent.com
[9/19/2026, 10:38:52 AM.132] [Info] [AgentModelResolver] product config input: 42 models, 18 agents
[9/19/2026, 10:38:52 AM.132] [Info] [AgentModelResolver] model ids: default, deepseek-v4-pro, deepseek-v4-flash, deepseek-v3-2-volc, minimax-m2.5, minimax-m2.7, minimax-m3-play, glm-5.1, glm-5.0, glm-5.0-turbo, glm-5v-turbo, glm-4.7, glm-4.6, glm-4.6v, kimi-k2.6, kimi-k2.5, kimi-k2-thinking, hy3-preview-agent, hunyuan-chat, hunyuan-image-v3.0, auto, hy3-preview, hunyuan-2.0-thinking, deepseek-v3-1-volc, deepseek-v3-1-lkeap, deepseek-v3-1, deepseek-v3-0324-lkeap, deepseek-r1-0528-lkeap, kimi-k2-instruct-taiji, completion-gf, default-1.1, hunyuan-3b, hunyuan-7b-dense, codewise-completions, codewise-rewrite, codewise-nes-a4-027-aide, codewise-jump, deepseek-r1-0528, deepseek-v3-0324-taco-completion, deepseek-v3-0324, default-1.2, hunyuan-2.0-instruct
[9/19/2026, 10:38:52 AM.132] [Info] [AgentModelResolver] agent "cli" original_models=["auto","glm-5v-turbo","glm-5.1","glm-5.0-turbo","glm-5.0","glm-4.7","kimi-k2.5","minimax-m2.7","deepseek-v3-2-volc"] -> resolved_models=["auto","glm-5v-turbo","glm-5.1","glm-5.0-turbo","glm-5.0","glm-4.7","kimi-k2.5","minimax-m2.7","deepseek-v3-2-volc"]
[9/19/2026, 10:38:52 AM.132] [Info] [AgentModelResolver] agent "general-purpose" original_models=undefined -> resolved_models=[]
[9/19/2026, 10:38:52 AM.132] [Info] [AgentModelResolver] agent "compact" original_models=undefined -> resolved_models=[]
[9/19/2026, 10:38:52 AM.132] [Info] [AgentModelResolver] agent "contextSummary" original_models=undefined -> resolved_models=[]
[9/19/2026, 10:38:52 AM.132] [Info] [AgentModelResolver] agent "contentAnalyzer" original_models=undefined -> resolved_models=[]
[9/19/2026, 10:38:52 AM.132] [Info] [AgentModelResolver] agent "terminalTitleGenerator" original_models=undefined -> resolved_models=[]
[9/19/2026, 10:38:52 AM.132] [Info] [AgentModelResolver] agent "promptSuggestion" original_models=undefined -> resolved_models=[]
[9/19/2026, 10:38:52 AM.132] [Info] [AgentModelResolver] agent "memorySelector" original_models=["lite"] -> resolved_models=["lite"]
[9/19/2026, 10:38:52 AM.132] [Info] [AgentModelResolver] agent "summaryGenerator" original_models=undefined -> resolved_models=[]
[9/19/2026, 10:38:52 AM.132] [Info] [AgentModelResolver] agent "autoModeClassifier" original_models=undefined -> resolved_models=[]
[9/19/2026, 10:38:52 AM.132] [Info] [AgentModelResolver] agent "promptHookEvaluator" original_models=["lite"] -> resolved_models=["lite"]
[9/19/2026, 10:38:52 AM.132] [Info] [AgentModelResolver] agent "insightsAnalyzer" original_models=undefined -> resolved_models=[]
[9/19/2026, 10:38:52 AM.132] [Info] [AgentModelResolver] agent "agentInstructions" original_models=undefined -> resolved_models=[]
[9/19/2026, 10:38:52 AM.132] [Info] [AgentModelResolver] agent "statusline-setup" original_models=undefined -> resolved_models=[]
[9/19/2026, 10:38:52 AM.132] [Info] [AgentModelResolver] agent "Explore" original_models=["lite"] -> resolved_models=["lite"]
[9/19/2026, 10:38:52 AM.132] [Info] [AgentModelResolver] agent "Plan" original_models=undefined -> resolved_models=[]
[9/19/2026, 10:38:52 AM.132] [Info] [AgentModelResolver] agent "pulse" original_models=undefined -> resolved_models=[]
[9/19/2026, 10:38:52 AM.132] [Info] [AgentModelResolver] agent "enhance-prompt" original_models=undefined -> resolved_models=[]
[9/19/2026, 10:38:52 AM.137] [Info] [Merge] Step 1 (local + overlay): localModels=42, overlayModels=51, mergedModels=51
[9/19/2026, 10:38:52 AM.137] [Info] [Merge] Step 2 (+enterprise): enterpriseModels=0, totalModels=51
[9/19/2026, 10:38:52 AM.137] [Info] [Merge] Step 3 (+custom): customModels=0, totalModels=51
[9/19/2026, 10:38:52 AM.137] [Info] [Merge] Step 4 (availableModels filter): finalModels=51, cli.models=["auto","hy4-preview-f","hy3","hy3-x","deepseek-v4.1-flash","glm-5.3","glm-5.3-flash","glm-5.2","glm-5.1","glm-5v-turbo","minimax-m3","kimi-k3-1","kimi-k2.8-preview","kimi-k2.7","kimi-k2.6","deepseek-v4-pro"]
[9/19/2026, 10:38:52 AM.139] [Info] [WeixinClawBotClient] pollLoop getUpdates returned {"iteration":22233,"elapsedMs":931502,"ret":0,"hasBuf":true,"msgs":0}
[9/19/2026, 10:38:52 AM.139] [Info] [WorkbuddyEnterpriseModels] enterpriseId: undefined, endpoint: https://copilot.tencent.com
[9/19/2026, 10:38:52 AM.139] [Info] [AgentModelResolver] product config input: 42 models, 18 agents
[9/19/2026, 10:38:52 AM.139] [Info] [AgentModelResolver] model ids: default, deepseek-v4-pro, deepseek-v4-flash, deepseek-v3-2-volc, minimax-m2.5, minimax-m2.7, minimax-m3-play, glm-5.1, glm-5.0, glm-5.0-turbo, glm-5v-turbo, glm-4.7, glm-4.6, glm-4.6v, kimi-k2.6, kimi-k2.5, kimi-k2-thinking, hy3-preview-agent, hunyuan-chat, hunyuan-image-v3.0, auto, hy3-preview, hunyuan-2.0-thinking, deepseek-v3-1-volc, deepseek-v3-1-lkeap, deepseek-v3-1, deepseek-v3-0324-lkeap, deepseek-r1-0528-lkeap, kimi-k2-instruct-taiji, completion-gf, default-1.1, hunyuan-3b, hunyuan-7b-dense, codewise-completions, codewise-rewrite, codewise-nes-a4-027-aide, codewise-jump, deepseek-r1-0528, deepseek-v3-0324-taco-completion, deepseek-v3-0324, default-1.2, hunyuan-2.0-instruct
[9/19/2026, 10:38:52 AM.139] [Info] [AgentModelResolver] agent "cli" original_models=["auto","glm-5v-turbo","glm-5.1","glm-5.0-turbo","glm-5.0","glm-4.7","kimi-k2.5","minimax-m2.7","deepseek-v3-2-volc"] -> resolved_models=["auto","glm-5v-turbo","glm-5.1","glm-5.0-turbo","glm-5.0","glm-4.7","kimi-k2.5","minimax-m2.7","deepseek-v3-2-volc"]
[9/19/2026, 10:38:52 AM.139] [Info] [AgentModelResolver] agent "general-purpose" original_models=undefined -> resolved_models=[]
[9/19/2026, 10:38:52 AM.139] [Info] [AgentModelResolver] agent "compact" original_models=undefined -> resolved_models=[]
[9/19/2026, 10:38:52 AM.139] [Info] [AgentModelResolver] agent "contextSummary" original_models=undefined -> resolved_models=[]
[9/19/2026, 10:38:52 AM.139] [Info] [AgentModelResolver] agent "contentAnalyzer" original_models=undefined -> resolved_models=[]
[9/19/2026, 10:38:52 AM.139] [Info] [AgentModelResolver] agent "terminalTitleGenerator" original_models=undefined -> resolved_models=[]
[9/19/2026, 10:38:52 AM.139] [Info] [AgentModelResolver] agent "promptSuggestion" original_models=undefined -> resolved_models=[]
[9/19/2026, 10:38:52 AM.139] [Info] [AgentModelResolver] agent "memorySelector" original_models=["lite"] -> resolved_models=["lite"]
[9/19/2026, 10:38:52 AM.139] [Info] [AgentModelResolver] agent "summaryGenerator" original_models=undefined -> resolved_models=[]
[9/19/2026, 10:38:52 AM.139] [Info] [AgentModelResolver] agent "autoModeClassifier" original_models=undefined -> resolved_models=[]
[9/19/2026, 10:38:52 AM.139] [Info] [AgentModelResolver] agent "promptHookEvaluator" original_models=["lite"] -> resolved_models=["lite"]
[9/19/2026, 10:38:52 AM.139] [Info] [AgentModelResolver] agent "insightsAnalyzer" original_models=undefined -> resolved_models=[]
[9/19/2026, 10:38:52 AM.139] [Info] [AgentModelResolver] agent "agentInstructions" original_models=undefined -> resolved_models=[]
[9/19/2026, 10:38:52 AM.139] [Info] [AgentModelResolver] agent "statusline-setup" original_models=undefined -> resolved_models=[]
[9/19/2026, 10:38:52 AM.139] [Info] [AgentModelResolver] agent "Explore" original_models=["lite"] -> resolved_models=["lite"]
[9/19/2026, 10:38:52 AM.139] [Info] [AgentModelResolver] agent "Plan" original_models=undefined -> resolved_models=[]
[9/19/2026, 10:38:52 AM.139] [Info] [AgentModelResolver] agent "pulse" original_models=undefined -> resolved_models=[]
[9/19/2026, 10:38:52 AM.139] [Info] [AgentModelResolver] agent "enhance-prompt" original_models=undefined -> resolved_models=[]
[9/19/2026, 10:38:52 AM.142] [Info] [Merge] Step 1 (local + overlay): localModels=42, overlayModels=51, mergedModels=51
[9/19/2026, 10:38:52 AM.142] [Info] [Merge] Step 2 (+enterprise): enterpriseModels=0, totalModels=51
[9/19/2026, 10:38:52 AM.142] [Info] [Merge] Step 3 (+custom): customModels=0, totalModels=51
[9/19/2026, 10:38:52 AM.142] [Info] [Merge] Step 4 (availableModels filter): finalModels=51, cli.models=["auto","hy4-preview-f","hy3","hy3-x","deepseek-v4.1-flash","glm-5.3","glm-5.3-flash","glm-5.2","glm-5.1","glm-5v-turbo","minimax-m3","kimi-k3-1","kimi-k2.8-preview","kimi-k2.7","kimi-k2.6","deepseek-v4-pro"]
[9/19/2026, 10:38:52 AM.212] [Info] [WeixinClawBotClient] pollLoop iteration begin {"iteration":22234,"cursorLen":96}
[9/19/2026, 10:38:53 AM.105] [Info] [CentrifugoClient] Connected successfully
[9/19/2026, 10:38:53 AM.105] [Info] [ClawService] Centrifugo status: connected
[9/19/2026, 10:38:53 AM.106] [Info] [CentrifugoClient] Subscribed to channel: copilot_workbuddy:fdee3d54-95b6-4e9c-aaff-50ad9505aab4_25e526bc70aeedffd6ce569154fcfedd_e76b49539422036c
[9/19/2026, 10:39:10 AM.944] [Info] [WeixinClawBotClient] pollLoop getUpdates returned {"iteration":22234,"elapsedMs":18731,"hasBuf":true,"msgs":0}
[9/19/2026, 10:39:10 AM.958] [Info] [WeixinClawBotClient] pollLoop iteration begin {"iteration":22235,"cursorLen":96}
[9/19/2026, 10:39:29 AM.104] [Info] [WeixinClawBotClient] pollLoop getUpdates returned {"iteration":22235,"elapsedMs":18158,"hasBuf":true,"msgs":0}
[9/19/2026, 10:39:29 AM.110] [Info] [WeixinClawBotClient] pollLoop iteration begin {"iteration":22236,"cursorLen":96}
[9/19/2026, 10:51:11 AM.757] [Info] [CentrifugoClient] Re-subscribing to copilot_workbuddy:fdee3d54-95b6-4e9c-aaff-50ad9505aab4_25e526bc70aeedffd6ce569154fcfedd_e76b49539422036c: transport closed (code: 1)
[9/19/2026, 10:51:11 AM.757] [Info] [CentrifugoClient] Reconnecting: no ping (code: 2)
[9/19/2026, 10:51:11 AM.757] [Info] [ClawService] Centrifugo status: connecting
[9/19/2026, 10:51:11 AM.759] [Info] [WorkbuddyEnterpriseModels] enterpriseId: undefined, endpoint: https://copilot.tencent.com
[9/19/2026, 10:51:11 AM.759] [Info] [AgentModelResolver] product config input: 42 models, 18 agents
[9/19/2026, 10:51:11 AM.759] [Info] [AgentModelResolver] model ids: default, deepseek-v4-pro, deepseek-v4-flash, deepseek-v3-2-volc, minimax-m2.5, minimax-m2.7, minimax-m3-play, glm-5.1, glm-5.0, glm-5.0-turbo, glm-5v-turbo, glm-4.7, glm-4.6, glm-4.6v, kimi-k2.6, kimi-k2.5, kimi-k2-thinking, hy3-preview-agent, hunyuan-chat, hunyuan-image-v3.0, auto, hy3-preview, hunyuan-2.0-thinking, deepseek-v3-1-volc, deepseek-v3-1-lkeap, deepseek-v3-1, deepseek-v3-0324-lkeap, deepseek-r1-0528-lkeap, kimi-k2-instruct-taiji, completion-gf, default-1.1, hunyuan-3b, hunyuan-7b-dense, codewise-completions, codewise-rewrite, codewise-nes-a4-027-aide, codewise-jump, deepseek-r1-0528, deepseek-v3-0324-taco-completion, deepseek-v3-0324, default-1.2, hunyuan-2.0-instruct
[9/19/2026, 10:51:11 AM.759] [Info] [AgentModelResolver] agent "cli" original_models=["auto","glm-5v-turbo","glm-5.1","glm-5.0-turbo","glm-5.0","glm-4.7","kimi-k2.5","minimax-m2.7","deepseek-v3-2-volc"] -> resolved_models=["auto","glm-5v-turbo","glm-5.1","glm-5.0-turbo","glm-5.0","glm-4.7","kimi-k2.5","minimax-m2.7","deepseek-v3-2-volc"]
[9/19/2026, 10:51:11 AM.759] [Info] [AgentModelResolver] agent "general-purpose" original_models=undefined -> resolved_models=[]
[9/19/2026, 10:51:11 AM.759] [Info] [AgentModelResolver] agent "compact" original_models=undefined -> resolved_models=[]
[9/19/2026, 10:51:11 AM.759] [Info] [AgentModelResolver] agent "contextSummary" original_models=undefined -> resolved_models=[]
[9/19/2026, 10:51:11 AM.759] [Info] [AgentModelResolver] agent "contentAnalyzer" original_models=undefined -> resolved_models=[]
[9/19/2026, 10:51:11 AM.759] [Info] [AgentModelResolver] agent "terminalTitleGenerator" original_models=undefined -> resolved_models=[]
[9/19/2026, 10:51:11 AM.759] [Info] [AgentModelResolver] agent "promptSuggestion" original_models=undefined -> resolved_models=[]
[9/19/2026, 10:51:11 AM.759] [Info] [AgentModelResolver] agent "memorySelector" original_models=["lite"] -> resolved_models=["lite"]
[9/19/2026, 10:51:11 AM.759] [Info] [AgentModelResolver] agent "summaryGenerator" original_models=undefined -> resolved_models=[]
[9/19/2026, 10:51:11 AM.759] [Info] [AgentModelResolver] agent "autoModeClassifier" original_models=undefined -> resolved_models=[]
[9/19/2026, 10:51:11 AM.759] [Info] [AgentModelResolver] agent "promptHookEvaluator" original_models=["lite"] -> resolved_models=["lite"]
[9/19/2026, 10:51:11 AM.759] [Info] [AgentModelResolver] agent "insightsAnalyzer" original_models=undefined -> resolved_models=[]
[9/19/2026, 10:51:11 AM.759] [Info] [AgentModelResolver] agent "agentInstructions" original_models=undefined -> resolved_models=[]
[9/19/2026, 10:51:11 AM.759] [Info] [AgentModelResolver] agent "statusline-setup" original_models=undefined -> resolved_models=[]
[9/19/2026, 10:51:11 AM.759] [Info] [AgentModelResolver] agent "Explore" original_models=["lite"] -> resolved_models=["lite"]
[9/19/2026, 10:51:11 AM.759] [Info] [AgentModelResolver] agent "Plan" original_models=undefined -> resolved_models=[]
[9/19/2026, 10:51:11 AM.759] [Info] [AgentModelResolver] agent "pulse" original_models=undefined -> resolved_models=[]
[9/19/2026, 10:51:11 AM.759] [Info] [AgentModelResolver] agent "enhance-prompt" original_models=undefined -> resolved_models=[]
[9/19/2026, 10:51:11 AM.763] [Info] [Merge] Step 1 (local + overlay): localModels=42, overlayModels=51, mergedModels=51
[9/19/2026, 10:51:11 AM.763] [Info] [Merge] Step 2 (+enterprise): enterpriseModels=0, totalModels=51
[9/19/2026, 10:51:11 AM.763] [Info] [Merge] Step 3 (+custom): customModels=0, totalModels=51
[9/19/2026, 10:51:11 AM.763] [Info] [Merge] Step 4 (availableModels filter): finalModels=51, cli.models=["auto","hy4-preview-f","hy3","hy3-x","deepseek-v4.1-flash","glm-5.3","glm-5.3-flash","glm-5.2","glm-5.1","glm-5v-turbo","minimax-m3","kimi-k3-1","kimi-k2.8-preview","kimi-k2.7","kimi-k2.6","deepseek-v4-pro"]
[9/19/2026, 10:51:11 AM.763] [Info] [WeixinClawBotClient] pollLoop getUpdates returned {"iteration":22236,"elapsedMs":702655,"ret":0,"hasBuf":true,"msgs":0}
[9/19/2026, 10:51:11 AM.764] [Info] [WorkbuddyEnterpriseModels] enterpriseId: undefined, endpoint: https://copilot.tencent.com
[9/19/2026, 10:51:11 AM.764] [Info] [AgentModelResolver] product config input: 42 models, 18 agents
[9/19/2026, 10:51:11 AM.764] [Info] [AgentModelResolver] model ids: default, deepseek-v4-pro, deepseek-v4-flash, deepseek-v3-2-volc, minimax-m2.5, minimax-m2.7, minimax-m3-play, glm-5.1, glm-5.0, glm-5.0-turbo, glm-5v-turbo, glm-4.7, glm-4.6, glm-4.6v, kimi-k2.6, kimi-k2.5, kimi-k2-thinking, hy3-preview-agent, hunyuan-chat, hunyuan-image-v3.0, auto, hy3-preview, hunyuan-2.0-thinking, deepseek-v3-1-volc, deepseek-v3-1-lkeap, deepseek-v3-1, deepseek-v3-0324-lkeap, deepseek-r1-0528-lkeap, kimi-k2-instruct-taiji, completion-gf, default-1.1, hunyuan-3b, hunyuan-7b-dense, codewise-completions, codewise-rewrite, codewise-nes-a4-027-aide, codewise-jump, deepseek-r1-0528, deepseek-v3-0324-taco-completion, deepseek-v3-0324, default-1.2, hunyuan-2.0-instruct
[9/19/2026, 10:51:11 AM.764] [Info] [AgentModelResolver] agent "cli" original_models=["auto","glm-5v-turbo","glm-5.1","glm-5.0-turbo","glm-5.0","glm-4.7","kimi-k2.5","minimax-m2.7","deepseek-v3-2-volc"] -> resolved_models=["auto","glm-5v-turbo","glm-5.1","glm-5.0-turbo","glm-5.0","glm-4.7","kimi-k2.5","minimax-m2.7","deepseek-v3-2-volc"]
[9/19/2026, 10:51:11 AM.764] [Info] [AgentModelResolver] agent "general-purpose" original_models=undefined -> resolved_models=[]
[9/19/2026, 10:51:11 AM.764] [Info] [AgentModelResolver] agent "compact" original_models=undefined -> resolved_models=[]
[9/19/2026, 10:51:11 AM.764] [Info] [AgentModelResolver] agent "contextSummary" original_models=undefined -> resolved_models=[]
[9/19/2026, 10:51:11 AM.764] [Info] [AgentModelResolver] agent "contentAnalyzer" original_models=undefined -> resolved_models=[]
[9/19/2026, 10:51:11 AM.764] [Info] [AgentModelResolver] agent "terminalTitleGenerator" original_models=undefined -> resolved_models=[]
[9/19/2026, 10:51:11 AM.764] [Info] [AgentModelResolver] agent "promptSuggestion" original_models=undefined -> resolved_models=[]
[9/19/2026, 10:51:11 AM.764] [Info] [AgentModelResolver] agent "memorySelector" original_models=["lite"] -> resolved_models=["lite"]
[9/19/2026, 10:51:11 AM.764] [Info] [AgentModelResolver] agent "summaryGenerator" original_models=undefined -> resolved_models=[]
[9/19/2026, 10:51:11 AM.764] [Info] [AgentModelResolver] agent "autoModeClassifier" original_models=undefined -> resolved_models=[]
[9/19/2026, 10:51:11 AM.764] [Info] [AgentModelResolver] agent "promptHookEvaluator" original_models=["lite"] -> resolved_models=["lite"]
[9/19/2026, 10:51:11 AM.764] [Info] [AgentModelResolver] agent "insightsAnalyzer" original_models=undefined -> resolved_models=[]
[9/19/2026, 10:51:11 AM.764] [Info] [AgentModelResolver] agent "agentInstructions" original_models=undefined -> resolved_models=[]
[9/19/2026, 10:51:11 AM.764] [Info] [AgentModelResolver] agent "statusline-setup" original_models=undefined -> resolved_models=[]
[9/19/2026, 10:51:11 AM.764] [Info] [AgentModelResolver] agent "Explore" original_models=["lite"] -> resolved_models=["lite"]
[9/19/2026, 10:51:11 AM.764] [Info] [AgentModelResolver] agent "Plan" original_models=undefined -> resolved_models=[]
[9/19/2026, 10:51:11 AM.764] [Info] [AgentModelResolver] agent "pulse" original_models=undefined -> resolved_models=[]
[9/19/2026, 10:51:11 AM.764] [Info] [AgentModelResolver] agent "enhance-prompt" original_models=undefined -> resolved_models=[]
[9/19/2026, 10:51:11 AM.767] [Info] [Merge] Step 1 (local + overlay): localModels=42, overlayModels=51, mergedModels=51
[9/19/2026, 10:51:11 AM.767] [Info] [Merge] Step 2 (+enterprise): enterpriseModels=0, totalModels=51
[9/19/2026, 10:51:11 AM.767] [Info] [Merge] Step 3 (+custom): customModels=0, totalModels=51
[9/19/2026, 10:51:11 AM.767] [Info] [Merge] Step 4 (availableModels filter): finalModels=51, cli.models=["auto","hy4-preview-f","hy3","hy3-x","deepseek-v4.1-flash","glm-5.3","glm-5.3-flash","glm-5.2","glm-5.1","glm-5v-turbo","minimax-m3","kimi-k3-1","kimi-k2.8-preview","kimi-k2.7","kimi-k2.6","deepseek-v4-pro"]
[9/19/2026, 10:51:11 AM.806] [Info] [WeixinClawBotClient] pollLoop iteration begin {"iteration":22237,"cursorLen":96}
[9/19/2026, 10:51:12 AM.791] [Info] [CentrifugoClient] Connected successfully
[9/19/2026, 10:51:12 AM.791] [Info] [ClawService] Centrifugo status: connected
[9/19/2026, 10:51:12 AM.818] [Info] [CentrifugoClient] Subscribed to channel: copilot_workbuddy:fdee3d54-95b6-4e9c-aaff-50ad9505aab4_25e526bc70aeedffd6ce569154fcfedd_e76b49539422036c
[9/19/2026, 10:51:30 AM.521] [Info] [WeixinClawBotClient] pollLoop getUpdates returned {"iteration":22237,"elapsedMs":18714,"hasBuf":true,"msgs":0}
[9/19/2026, 10:51:30 AM.538] [Info] [WeixinClawBotClient] pollLoop iteration begin {"iteration":22238,"cursorLen":96}
[9/19/2026, 10:51:48 AM.736] [Info] [WeixinClawBotClient] pollLoop getUpdates returned {"iteration":22238,"elapsedMs":18206,"hasBuf":true,"msgs":0}
[9/19/2026, 10:51:48 AM.743] [Info] [WeixinClawBotClient] pollLoop iteration begin {"iteration":22239,"cursorLen":96}
[9/19/2026, 10:52:06 AM.939] [Info] [WeixinClawBotClient] pollLoop getUpdates returned {"iteration":22239,"elapsedMs":18193,"hasBuf":true,"msgs":0}
[9/19/2026, 10:52:06 AM.950] [Info] [WeixinClawBotClient] pollLoop iteration begin {"iteration":22240,"cursorLen":96}
[9/19/2026, 11:07:37 AM.427] [Info] [CentrifugoClient] Re-subscribing to copilot_workbuddy:fdee3d54-95b6-4e9c-aaff-50ad9505aab4_25e526bc70aeedffd6ce569154fcfedd_e76b49539422036c: transport closed (code: 1)
[9/19/2026, 11:07:37 AM.427] [Info] [CentrifugoClient] Reconnecting: no ping (code: 2)
[9/19/2026, 11:07:37 AM.427] [Info] [ClawService] Centrifugo status: connecting
[9/19/2026, 11:07:37 AM.427] [Info] [WorkbuddyEnterpriseModels] enterpriseId: undefined, endpoint: https://copilot.tencent.com
[9/19/2026, 11:07:37 AM.428] [Info] [AgentModelResolver] product config input: 42 models, 18 agents
[9/19/2026, 11:07:37 AM.428] [Info] [AgentModelResolver] model ids: default, deepseek-v4-pro, deepseek-v4-flash, deepseek-v3-2-volc, minimax-m2.5, minimax-m2.7, minimax-m3-play, glm-5.1, glm-5.0, glm-5.0-turbo, glm-5v-turbo, glm-4.7, glm-4.6, glm-4.6v, kimi-k2.6, kimi-k2.5, kimi-k2-thinking, hy3-preview-agent, hunyuan-chat, hunyuan-image-v3.0, auto, hy3-preview, hunyuan-2.0-thinking, deepseek-v3-1-volc, deepseek-v3-1-lkeap, deepseek-v3-1, deepseek-v3-0324-lkeap, deepseek-r1-0528-lkeap, kimi-k2-instruct-taiji, completion-gf, default-1.1, hunyuan-3b, hunyuan-7b-dense, codewise-completions, codewise-rewrite, codewise-nes-a4-027-aide, codewise-jump, deepseek-r1-0528, deepseek-v3-0324-taco-completion, deepseek-v3-0324, default-1.2, hunyuan-2.0-instruct
[9/19/2026, 11:07:37 AM.428] [Info] [AgentModelResolver] agent "cli" original_models=["auto","glm-5v-turbo","glm-5.1","glm-5.0-turbo","glm-5.0","glm-4.7","kimi-k2.5","minimax-m2.7","deepseek-v3-2-volc"] -> resolved_models=["auto","glm-5v-turbo","glm-5.1","glm-5.0-turbo","glm-5.0","glm-4.7","kimi-k2.5","minimax-m2.7","deepseek-v3-2-volc"]
[9/19/2026, 11:07:37 AM.428] [Info] [AgentModelResolver] agent "general-purpose" original_models=undefined -> resolved_models=[]
[9/19/2026, 11:07:37 AM.428] [Info] [AgentModelResolver] agent "compact" original_models=undefined -> resolved_models=[]
[9/19/2026, 11:07:37 AM.428] [Info] [AgentModelResolver] agent "contextSummary" original_models=undefined -> resolved_models=[]
[9/19/2026, 11:07:37 AM.428] [Info] [AgentModelResolver] agent "contentAnalyzer" original_models=undefined -> resolved_models=[]
[9/19/2026, 11:07:37 AM.428] [Info] [AgentModelResolver] agent "terminalTitleGenerator" original_models=undefined -> resolved_models=[]
[9/19/2026, 11:07:37 AM.428] [Info] [AgentModelResolver] agent "promptSuggestion" original_models=undefined -> resolved_models=[]
[9/19/2026, 11:07:37 AM.428] [Info] [AgentModelResolver] agent "memorySelector" original_models=["lite"] -> resolved_models=["lite"]
[9/19/2026, 11:07:37 AM.428] [Info] [AgentModelResolver] agent "summaryGenerator" original_models=undefined -> resolved_models=[]
[9/19/2026, 11:07:37 AM.428] [Info] [AgentModelResolver] agent "autoModeClassifier" original_models=undefined -> resolved_models=[]
[9/19/2026, 11:07:37 AM.428] [Info] [AgentModelResolver] agent "promptHookEvaluator" original_models=["lite"] -> resolved_models=["lite"]
[9/19/2026, 11:07:37 AM.428] [Info] [AgentModelResolver] agent "insightsAnalyzer" original_models=undefined -> resolved_models=[]
[9/19/2026, 11:07:37 AM.428] [Info] [AgentModelResolver] agent "agentInstructions" original_models=undefined -> resolved_models=[]
[9/19/2026, 11:07:37 AM.428] [Info] [AgentModelResolver] agent "statusline-setup" original_models=undefined -> resolved_models=[]
[9/19/2026, 11:07:37 AM.428] [Info] [AgentModelResolver] agent "Explore" original_models=["lite"] -> resolved_models=["lite"]
[9/19/2026, 11:07:37 AM.428] [Info] [AgentModelResolver] agent "Plan" original_models=undefined -> resolved_models=[]
[9/19/2026, 11:07:37 AM.428] [Info] [AgentModelResolver] agent "pulse" original_models=undefined -> resolved_models=[]
[9/19/2026, 11:07:37 AM.428] [Info] [AgentModelResolver] agent "enhance-prompt" original_models=undefined -> resolved_models=[]
[9/19/2026, 11:07:37 AM.437] [Info] [Merge] Step 1 (local + overlay): localModels=42, overlayModels=51, mergedModels=51
[9/19/2026, 11:07:37 AM.437] [Info] [Merge] Step 2 (+enterprise): enterpriseModels=0, totalModels=51
[9/19/2026, 11:07:37 AM.437] [Info] [Merge] Step 3 (+custom): customModels=0, totalModels=51
[9/19/2026, 11:07:37 AM.437] [Info] [Merge] Step 4 (availableModels filter): finalModels=51, cli.models=["auto","hy4-preview-f","hy3","hy3-x","deepseek-v4.1-flash","glm-5.3","glm-5.3-flash","glm-5.2","glm-5.1","glm-5v-turbo","minimax-m3","kimi-k3-1","kimi-k2.8-preview","kimi-k2.7","kimi-k2.6","deepseek-v4-pro"]
[9/19/2026, 11:07:37 AM.439] [Info] [WeixinClawBotClient] pollLoop getUpdates returned {"iteration":22240,"elapsedMs":930495,"ret":0,"hasBuf":true,"msgs":0}
[9/19/2026, 11:07:37 AM.442] [Info] [WorkbuddyEnterpriseModels] enterpriseId: undefined, endpoint: https://copilot.tencent.com
[9/19/2026, 11:07:37 AM.442] [Info] [AgentModelResolver] product config input: 42 models, 18 agents
[9/19/2026, 11:07:37 AM.442] [Info] [AgentModelResolver] model ids: default, deepseek-v4-pro, deepseek-v4-flash, deepseek-v3-2-volc, minimax-m2.5, minimax-m2.7, minimax-m3-play, glm-5.1, glm-5.0, glm-5.0-turbo, glm-5v-turbo, glm-4.7, glm-4.6, glm-4.6v, kimi-k2.6, kimi-k2.5, kimi-k2-thinking, hy3-preview-agent, hunyuan-chat, hunyuan-image-v3.0, auto, hy3-preview, hunyuan-2.0-thinking, deepseek-v3-1-volc, deepseek-v3-1-lkeap, deepseek-v3-1, deepseek-v3-0324-lkeap, deepseek-r1-0528-lkeap, kimi-k2-instruct-taiji, completion-gf, default-1.1, hunyuan-3b, hunyuan-7b-dense, codewise-completions, codewise-rewrite, codewise-nes-a4-027-aide, codewise-jump, deepseek-r1-0528, deepseek-v3-0324-taco-completion, deepseek-v3-0324, default-1.2, hunyuan-2.0-instruct
[9/19/2026, 11:07:37 AM.442] [Info] [AgentModelResolver] agent "cli" original_models=["auto","glm-5v-turbo","glm-5.1","glm-5.0-turbo","glm-5.0","glm-4.7","kimi-k2.5","minimax-m2.7","deepseek-v3-2-volc"] -> resolved_models=["auto","glm-5v-turbo","glm-5.1","glm-5.0-turbo","glm-5.0","glm-4.7","kimi-k2.5","minimax-m2.7","deepseek-v3-2-volc"]
[9/19/2026, 11:07:37 AM.442] [Info] [AgentModelResolver] agent "general-purpose" original_models=undefined -> resolved_models=[]
[9/19/2026, 11:07:37 AM.442] [Info] [AgentModelResolver] agent "compact" original_models=undefined -> resolved_models=[]
[9/19/2026, 11:07:37 AM.442] [Info] [AgentModelResolver] agent "contextSummary" original_models=undefined -> resolved_models=[]
[9/19/2026, 11:07:37 AM.442] [Info] [AgentModelResolver] agent "contentAnalyzer" original_models=undefined -> resolved_models=[]
[9/19/2026, 11:07:37 AM.442] [Info] [AgentModelResolver] agent "terminalTitleGenerator" original_models=undefined -> resolved_models=[]
[9/19/2026, 11:07:37 AM.442] [Info] [AgentModelResolver] agent "promptSuggestion" original_models=undefined -> resolved_models=[]
[9/19/2026, 11:07:37 AM.442] [Info] [AgentModelResolver] agent "memorySelector" original_models=["lite"] -> resolved_models=["lite"]
[9/19/2026, 11:07:37 AM.442] [Info] [AgentModelResolver] agent "summaryGenerator" original_models=undefined -> resolved_models=[]
[9/19/2026, 11:07:37 AM.442] [Info] [AgentModelResolver] agent "autoModeClassifier" original_models=undefined -> resolved_models=[]
[9/19/2026, 11:07:37 AM.442] [Info] [AgentModelResolver] agent "promptHookEvaluator" original_models=["lite"] -> resolved_models=["lite"]
[9/19/2026, 11:07:37 AM.442] [Info] [AgentModelResolver] agent "insightsAnalyzer" original_models=undefined -> resolved_models=[]
[9/19/2026, 11:07:37 AM.442] [Info] [AgentModelResolver] agent "agentInstructions" original_models=undefined -> resolved_models=[]
[9/19/2026, 11:07:37 AM.442] [Info] [AgentModelResolver] agent "statusline-setup" original_models=undefined -> resolved_models=[]
[9/19/2026, 11:07:37 AM.442] [Info] [AgentModelResolver] agent "Explore" original_models=["lite"] -> resolved_models=["lite"]
[9/19/2026, 11:07:37 AM.442] [Info] [AgentModelResolver] agent "Plan" original_models=undefined -> resolved_models=[]
[9/19/2026, 11:07:37 AM.442] [Info] [AgentModelResolver] agent "pulse" original_models=undefined -> resolved_models=[]
[9/19/2026, 11:07:37 AM.442] [Info] [AgentModelResolver] agent "enhance-prompt" original_models=undefined -> resolved_models=[]
[9/19/2026, 11:07:37 AM.449] [Info] [Merge] Step 1 (local + overlay): localModels=42, overlayModels=51, mergedModels=51
[9/19/2026, 11:07:37 AM.449] [Info] [Merge] Step 2 (+enterprise): enterpriseModels=0, totalModels=51
[9/19/2026, 11:07:37 AM.449] [Info] [Merge] Step 3 (+custom): customModels=0, totalModels=51
[9/19/2026, 11:07:37 AM.449] [Info] [Merge] Step 4 (availableModels filter): finalModels=51, cli.models=["auto","hy4-preview-f","hy3","hy3-x","deepseek-v4.1-flash","glm-5.3","glm-5.3-flash","glm-5.2","glm-5.1","glm-5v-turbo","minimax-m3","kimi-k3-1","kimi-k2.8-preview","kimi-k2.7","kimi-k2.6","deepseek-v4-pro"]
[9/19/2026, 11:07:37 AM.491] [Info] [WeixinClawBotClient] pollLoop iteration begin {"iteration":22241,"cursorLen":96}
[9/19/2026, 11:07:38 AM.211] [Info] [CentrifugoClient] Connected successfully
[9/19/2026, 11:07:38 AM.211] [Info] [ClawService] Centrifugo status: connected
[9/19/2026, 11:07:38 AM.222] [Info] [CentrifugoClient] Subscribed to channel: copilot_workbuddy:fdee3d54-95b6-4e9c-aaff-50ad9505aab4_25e526bc70aeedffd6ce569154fcfedd_e76b49539422036c
[9/19/2026, 11:07:56 AM.077] [Info] [WeixinClawBotClient] pollLoop getUpdates returned {"iteration":22241,"elapsedMs":18586,"hasBuf":true,"msgs":0}
[9/19/2026, 11:07:56 AM.089] [Info] [WeixinClawBotClient] pollLoop iteration begin {"iteration":22242,"cursorLen":96}
[9/19/2026, 11:08:14 AM.250] [Info] [WeixinClawBotClient] pollLoop getUpdates returned {"iteration":22242,"elapsedMs":18170,"hasBuf":true,"msgs":0}
[9/19/2026, 11:08:14 AM.253] [Info] [WeixinClawBotClient] pollLoop iteration begin {"iteration":22243,"cursorLen":96}
[9/19/2026, 11:23:53 AM.385] [Info] [CentrifugoClient] Re-subscribing to copilot_workbuddy:fdee3d54-95b6-4e9c-aaff-50ad9505aab4_25e526bc70aeedffd6ce569154fcfedd_e76b49539422036c: transport closed (code: 1)
[9/19/2026, 11:23:53 AM.385] [Info] [CentrifugoClient] Reconnecting: no ping (code: 2)
[9/19/2026, 11:23:53 AM.385] [Info] [ClawService] Centrifugo status: connecting
[9/19/2026, 11:23:53 AM.386] [Info] [WorkbuddyEnterpriseModels] enterpriseId: undefined, endpoint: https://copilot.tencent.com
[9/19/2026, 11:23:53 AM.386] [Info] [AgentModelResolver] product config input: 42 models, 18 agents
[9/19/2026, 11:23:53 AM.386] [Info] [AgentModelResolver] model ids: default, deepseek-v4-pro, deepseek-v4-flash, deepseek-v3-2-volc, minimax-m2.5, minimax-m2.7, minimax-m3-play, glm-5.1, glm-5.0, glm-5.0-turbo, glm-5v-turbo, glm-4.7, glm-4.6, glm-4.6v, kimi-k2.6, kimi-k2.5, kimi-k2-thinking, hy3-preview-agent, hunyuan-chat, hunyuan-image-v3.0, auto, hy3-preview, hunyuan-2.0-thinking, deepseek-v3-1-volc, deepseek-v3-1-lkeap, deepseek-v3-1, deepseek-v3-0324-lkeap, deepseek-r1-0528-lkeap, kimi-k2-instruct-taiji, completion-gf, default-1.1, hunyuan-3b, hunyuan-7b-dense, codewise-completions, codewise-rewrite, codewise-nes-a4-027-aide, codewise-jump, deepseek-r1-0528, deepseek-v3-0324-taco-completion, deepseek-v3-0324, default-1.2, hunyuan-2.0-instruct
[9/19/2026, 11:23:53 AM.386] [Info] [AgentModelResolver] agent "cli" original_models=["auto","glm-5v-turbo","glm-5.1","glm-5.0-turbo","glm-5.0","glm-4.7","kimi-k2.5","minimax-m2.7","deepseek-v3-2-volc"] -> resolved_models=["auto","glm-5v-turbo","glm-5.1","glm-5.0-turbo","glm-5.0","glm-4.7","kimi-k2.5","minimax-m2.7","deepseek-v3-2-volc"]
[9/19/2026, 11:23:53 AM.386] [Info] [AgentModelResolver] agent "general-purpose" original_models=undefined -> resolved_models=[]
[9/19/2026, 11:23:53 AM.386] [Info] [AgentModelResolver] agent "compact" original_models=undefined -> resolved_models=[]
[9/19/2026, 11:23:53 AM.386] [Info] [AgentModelResolver] agent "contextSummary" original_models=undefined -> resolved_models=[]
[9/19/2026, 11:23:53 AM.386] [Info] [AgentModelResolver] agent "contentAnalyzer" original_models=undefined -> resolved_models=[]
[9/19/2026, 11:23:53 AM.386] [Info] [AgentModelResolver] agent "terminalTitleGenerator" original_models=undefined -> resolved_models=[]
[9/19/2026, 11:23:53 AM.386] [Info] [AgentModelResolver] agent "promptSuggestion" original_models=undefined -> resolved_models=[]
[9/19/2026, 11:23:53 AM.386] [Info] [AgentModelResolver] agent "memorySelector" original_models=["lite"] -> resolved_models=["lite"]
[9/19/2026, 11:23:53 AM.386] [Info] [AgentModelResolver] agent "summaryGenerator" original_models=undefined -> resolved_models=[]
[9/19/2026, 11:23:53 AM.386] [Info] [AgentModelResolver] agent "autoModeClassifier" original_models=undefined -> resolved_models=[]
[9/19/2026, 11:23:53 AM.386] [Info] [AgentModelResolver] agent "promptHookEvaluator" original_models=["lite"] -> resolved_models=["lite"]
[9/19/2026, 11:23:53 AM.386] [Info] [AgentModelResolver] agent "insightsAnalyzer" original_models=undefined -> resolved_models=[]
[9/19/2026, 11:23:53 AM.386] [Info] [AgentModelResolver] agent "agentInstructions" original_models=undefined -> resolved_models=[]
[9/19/2026, 11:23:53 AM.386] [Info] [AgentModelResolver] agent "statusline-setup" original_models=undefined -> resolved_models=[]
[9/19/2026, 11:23:53 AM.386] [Info] [AgentModelResolver] agent "Explore" original_models=["lite"] -> resolved_models=["lite"]
[9/19/2026, 11:23:53 AM.386] [Info] [AgentModelResolver] agent "Plan" original_models=undefined -> resolved_models=[]
[9/19/2026, 11:23:53 AM.386] [Info] [AgentModelResolver] agent "pulse" original_models=undefined -> resolved_models=[]
[9/19/2026, 11:23:53 AM.386] [Info] [AgentModelResolver] agent "enhance-prompt" original_models=undefined -> resolved_models=[]
[9/19/2026, 11:23:53 AM.389] [Info] [Merge] Step 1 (local + overlay): localModels=42, overlayModels=51, mergedModels=51
[9/19/2026, 11:23:53 AM.389] [Info] [Merge] Step 2 (+enterprise): enterpriseModels=0, totalModels=51
[9/19/2026, 11:23:53 AM.389] [Info] [Merge] Step 3 (+custom): customModels=0, totalModels=51
[9/19/2026, 11:23:53 AM.389] [Info] [Merge] Step 4 (availableModels filter): finalModels=51, cli.models=["auto","hy4-preview-f","hy3","hy3-x","deepseek-v4.1-flash","glm-5.3","glm-5.3-flash","glm-5.2","glm-5.1","glm-5v-turbo","minimax-m3","kimi-k3-1","kimi-k2.8-preview","kimi-k2.7","kimi-k2.6","deepseek-v4-pro"]
[9/19/2026, 11:23:53 AM.390] [Info] [WeixinClawBotClient] pollLoop getUpdates returned {"iteration":22243,"elapsedMs":939138,"ret":0,"hasBuf":true,"msgs":0}
[9/19/2026, 11:23:53 AM.390] [Info] [WorkbuddyEnterpriseModels] enterpriseId: undefined, endpoint: https://copilot.tencent.com
[9/19/2026, 11:23:53 AM.390] [Info] [AgentModelResolver] product config input: 42 models, 18 agents
[9/19/2026, 11:23:53 AM.390] [Info] [AgentModelResolver] model ids: default, deepseek-v4-pro, deepseek-v4-flash, deepseek-v3-2-volc, minimax-m2.5, minimax-m2.7, minimax-m3-play, glm-5.1, glm-5.0, glm-5.0-turbo, glm-5v-turbo, glm-4.7, glm-4.6, glm-4.6v, kimi-k2.6, kimi-k2.5, kimi-k2-thinking, hy3-preview-agent, hunyuan-chat, hunyuan-image-v3.0, auto, hy3-preview, hunyuan-2.0-thinking, deepseek-v3-1-volc, deepseek-v3-1-lkeap, deepseek-v3-1, deepseek-v3-0324-lkeap, deepseek-r1-0528-lkeap, kimi-k2-instruct-taiji, completion-gf, default-1.1, hunyuan-3b, hunyuan-7b-dense, codewise-completions, codewise-rewrite, codewise-nes-a4-027-aide, codewise-jump, deepseek-r1-0528, deepseek-v3-0324-taco-completion, deepseek-v3-0324, default-1.2, hunyuan-2.0-instruct
[9/19/2026, 11:23:53 AM.390] [Info] [AgentModelResolver] agent "cli" original_models=["auto","glm-5v-turbo","glm-5.1","glm-5.0-turbo","glm-5.0","glm-4.7","kimi-k2.5","minimax-m2.7","deepseek-v3-2-volc"] -> resolved_models=["auto","glm-5v-turbo","glm-5.1","glm-5.0-turbo","glm-5.0","glm-4.7","kimi-k2.5","minimax-m2.7","deepseek-v3-2-volc"]
[9/19/2026, 11:23:53 AM.390] [Info] [AgentModelResolver] agent "general-purpose" original_models=undefined -> resolved_models=[]
[9/19/2026, 11:23:53 AM.390] [Info] [AgentModelResolver] agent "compact" original_models=undefined -> resolved_models=[]
[9/19/2026, 11:23:53 AM.390] [Info] [AgentModelResolver] agent "contextSummary" original_models=undefined -> resolved_models=[]
[9/19/2026, 11:23:53 AM.390] [Info] [AgentModelResolver] agent "contentAnalyzer" original_models=undefined -> resolved_models=[]
[9/19/2026, 11:23:53 AM.390] [Info] [AgentModelResolver] agent "terminalTitleGenerator" original_models=undefined -> resolved_models=[]
[9/19/2026, 11:23:53 AM.390] [Info] [AgentModelResolver] agent "promptSuggestion" original_models=undefined -> resolved_models=[]
[9/19/2026, 11:23:53 AM.390] [Info] [AgentModelResolver] agent "memorySelector" original_models=["lite"] -> resolved_models=["lite"]
[9/19/2026, 11:23:53 AM.390] [Info] [AgentModelResolver] agent "summaryGenerator" original_models=undefined -> resolved_models=[]
[9/19/2026, 11:23:53 AM.390] [Info] [AgentModelResolver] agent "autoModeClassifier" original_models=undefined -> resolved_models=[]
[9/19/2026, 11:23:53 AM.390] [Info] [AgentModelResolver] agent "promptHookEvaluator" original_models=["lite"] -> resolved_models=["lite"]
[9/19/2026, 11:23:53 AM.390] [Info] [AgentModelResolver] agent "insightsAnalyzer" original_models=undefined -> resolved_models=[]
[9/19/2026, 11:23:53 AM.390] [Info] [AgentModelResolver] agent "agentInstructions" original_models=undefined -> resolved_models=[]
[9/19/2026, 11:23:53 AM.390] [Info] [AgentModelResolver] agent "statusline-setup" original_models=undefined -> resolved_models=[]
[9/19/2026, 11:23:53 AM.390] [Info] [AgentModelResolver] agent "Explore" original_models=["lite"] -> resolved_models=["lite"]
[9/19/2026, 11:23:53 AM.390] [Info] [AgentModelResolver] agent "Plan" original_models=undefined -> resolved_models=[]
[9/19/2026, 11:23:53 AM.390] [Info] [AgentModelResolver] agent "pulse" original_models=undefined -> resolved_models=[]
[9/19/2026, 11:23:53 AM.390] [Info] [AgentModelResolver] agent "enhance-prompt" original_models=undefined -> resolved_models=[]
[9/19/2026, 11:23:53 AM.392] [Info] [Merge] Step 1 (local + overlay): localModels=42, overlayModels=51, mergedModels=51
[9/19/2026, 11:23:53 AM.392] [Info] [Merge] Step 2 (+enterprise): enterpriseModels=0, totalModels=51
[9/19/2026, 11:23:53 AM.392] [Info] [Merge] Step 3 (+custom): customModels=0, totalModels=51
[9/19/2026, 11:23:53 AM.392] [Info] [Merge] Step 4 (availableModels filter): finalModels=51, cli.models=["auto","hy4-preview-f","hy3","hy3-x","deepseek-v4.1-flash","glm-5.3","glm-5.3-flash","glm-5.2","glm-5.1","glm-5v-turbo","minimax-m3","kimi-k3-1","kimi-k2.8-preview","kimi-k2.7","kimi-k2.6","deepseek-v4-pro"]
[9/19/2026, 11:23:53 AM.478] [Info] [WeixinClawBotClient] pollLoop iteration begin {"iteration":22244,"cursorLen":96}
[9/19/2026, 11:23:54 AM.226] [Info] [CentrifugoClient] Connected successfully
[9/19/2026, 11:23:54 AM.226] [Info] [ClawService] Centrifugo status: connected
[9/19/2026, 11:23:54 AM.232] [Info] [CentrifugoClient] Subscribed to channel: copilot_workbuddy:fdee3d54-95b6-4e9c-aaff-50ad9505aab4_25e526bc70aeedffd6ce569154fcfedd_e76b49539422036c
[9/19/2026, 11:24:12 AM.250] [Info] [WeixinClawBotClient] pollLoop getUpdates returned {"iteration":22244,"elapsedMs":18772,"hasBuf":true,"msgs":0}
[9/19/2026, 11:24:12 AM.265] [Info] [WeixinClawBotClient] pollLoop iteration begin {"iteration":22245,"cursorLen":96}
[9/19/2026, 11:24:30 AM.426] [Info] [WeixinClawBotClient] pollLoop getUpdates returned {"iteration":22245,"elapsedMs":18174,"hasBuf":true,"msgs":0}
[9/19/2026, 11:24:30 AM.429] [Info] [WeixinClawBotClient] pollLoop iteration begin {"iteration":22246,"cursorLen":96}
[9/19/2026, 11:40:09 AM.285] [Info] [CentrifugoClient] Re-subscribing to copilot_workbuddy:fdee3d54-95b6-4e9c-aaff-50ad9505aab4_25e526bc70aeedffd6ce569154fcfedd_e76b49539422036c: transport closed (code: 1)
[9/19/2026, 11:40:09 AM.285] [Info] [CentrifugoClient] Reconnecting: no ping (code: 2)
[9/19/2026, 11:40:09 AM.285] [Info] [ClawService] Centrifugo status: connecting
[9/19/2026, 11:40:09 AM.285] [Info] [WorkbuddyEnterpriseModels] enterpriseId: undefined, endpoint: https://copilot.tencent.com
[9/19/2026, 11:40:09 AM.285] [Info] [AgentModelResolver] product config input: 42 models, 18 agents
[9/19/2026, 11:40:09 AM.285] [Info] [AgentModelResolver] model ids: default, deepseek-v4-pro, deepseek-v4-flash, deepseek-v3-2-volc, minimax-m2.5, minimax-m2.7, minimax-m3-play, glm-5.1, glm-5.0, glm-5.0-turbo, glm-5v-turbo, glm-4.7, glm-4.6, glm-4.6v, kimi-k2.6, kimi-k2.5, kimi-k2-thinking, hy3-preview-agent, hunyuan-chat, hunyuan-image-v3.0, auto, hy3-preview, hunyuan-2.0-thinking, deepseek-v3-1-volc, deepseek-v3-1-lkeap, deepseek-v3-1, deepseek-v3-0324-lkeap, deepseek-r1-0528-lkeap, kimi-k2-instruct-taiji, completion-gf, default-1.1, hunyuan-3b, hunyuan-7b-dense, codewise-completions, codewise-rewrite, codewise-nes-a4-027-aide, codewise-jump, deepseek-r1-0528, deepseek-v3-0324-taco-completion, deepseek-v3-0324, default-1.2, hunyuan-2.0-instruct
[9/19/2026, 11:40:09 AM.285] [Info] [AgentModelResolver] agent "cli" original_models=["auto","glm-5v-turbo","glm-5.1","glm-5.0-turbo","glm-5.0","glm-4.7","kimi-k2.5","minimax-m2.7","deepseek-v3-2-volc"] -> resolved_models=["auto","glm-5v-turbo","glm-5.1","glm-5.0-turbo","glm-5.0","glm-4.7","kimi-k2.5","minimax-m2.7","deepseek-v3-2-volc"]
[9/19/2026, 11:40:09 AM.285] [Info] [AgentModelResolver] agent "general-purpose" original_models=undefined -> resolved_models=[]
[9/19/2026, 11:40:09 AM.285] [Info] [AgentModelResolver] agent "compact" original_models=undefined -> resolved_models=[]
[9/19/2026, 11:40:09 AM.285] [Info] [AgentModelResolver] agent "contextSummary" original_models=undefined -> resolved_models=[]
[9/19/2026, 11:40:09 AM.285] [Info] [AgentModelResolver] agent "contentAnalyzer" original_models=undefined -> resolved_models=[]
[9/19/2026, 11:40:09 AM.285] [Info] [AgentModelResolver] agent "terminalTitleGenerator" original_models=undefined -> resolved_models=[]
[9/19/2026, 11:40:09 AM.285] [Info] [AgentModelResolver] agent "promptSuggestion" original_models=undefined -> resolved_models=[]
[9/19/2026, 11:40:09 AM.285] [Info] [AgentModelResolver] agent "memorySelector" original_models=["lite"] -> resolved_models=["lite"]
[9/19/2026, 11:40:09 AM.285] [Info] [AgentModelResolver] agent "summaryGenerator" original_models=undefined -> resolved_models=[]
[9/19/2026, 11:40:09 AM.285] [Info] [AgentModelResolver] agent "autoModeClassifier" original_models=undefined -> resolved_models=[]
[9/19/2026, 11:40:09 AM.285] [Info] [AgentModelResolver] agent "promptHookEvaluator" original_models=["lite"] -> resolved_models=["lite"]
[9/19/2026, 11:40:09 AM.285] [Info] [AgentModelResolver] agent "insightsAnalyzer" original_models=undefined -> resolved_models=[]
[9/19/2026, 11:40:09 AM.285] [Info] [AgentModelResolver] agent "agentInstructions" original_models=undefined -> resolved_models=[]
[9/19/2026, 11:40:09 AM.285] [Info] [AgentModelResolver] agent "statusline-setup" original_models=undefined -> resolved_models=[]
[9/19/2026, 11:40:09 AM.285] [Info] [AgentModelResolver] agent "Explore" original_models=["lite"] -> resolved_models=["lite"]
[9/19/2026, 11:40:09 AM.285] [Info] [AgentModelResolver] agent "Plan" original_models=undefined -> resolved_models=[]
[9/19/2026, 11:40:09 AM.285] [Info] [AgentModelResolver] agent "pulse" original_models=undefined -> resolved_models=[]
[9/19/2026, 11:40:09 AM.285] [Info] [AgentModelResolver] agent "enhance-prompt" original_models=undefined -> resolved_models=[]
[9/19/2026, 11:40:09 AM.291] [Info] [Merge] Step 1 (local + overlay): localModels=42, overlayModels=51, mergedModels=51
[9/19/2026, 11:40:09 AM.291] [Info] [Merge] Step 2 (+enterprise): enterpriseModels=0, totalModels=51
[9/19/2026, 11:40:09 AM.291] [Info] [Merge] Step 3 (+custom): customModels=0, totalModels=51
[9/19/2026, 11:40:09 AM.291] [Info] [Merge] Step 4 (availableModels filter): finalModels=51, cli.models=["auto","hy4-preview-f","hy3","hy3-x","deepseek-v4.1-flash","glm-5.3","glm-5.3-flash","glm-5.2","glm-5.1","glm-5v-turbo","minimax-m3","kimi-k3-1","kimi-k2.8-preview","kimi-k2.7","kimi-k2.6","deepseek-v4-pro"]
[9/19/2026, 11:40:09 AM.292] [Info] [WeixinClawBotClient] pollLoop getUpdates returned {"iteration":22246,"elapsedMs":938864,"ret":0,"hasBuf":true,"msgs":0}
[9/19/2026, 11:40:09 AM.293] [Info] [WorkbuddyEnterpriseModels] enterpriseId: undefined, endpoint: https://copilot.tencent.com
[9/19/2026, 11:40:09 AM.293] [Info] [AgentModelResolver] product config input: 42 models, 18 agents
[9/19/2026, 11:40:09 AM.293] [Info] [AgentModelResolver] model ids: default, deepseek-v4-pro, deepseek-v4-flash, deepseek-v3-2-volc, minimax-m2.5, minimax-m2.7, minimax-m3-play, glm-5.1, glm-5.0, glm-5.0-turbo, glm-5v-turbo, glm-4.7, glm-4.6, glm-4.6v, kimi-k2.6, kimi-k2.5, kimi-k2-thinking, hy3-preview-agent, hunyuan-chat, hunyuan-image-v3.0, auto, hy3-preview, hunyuan-2.0-thinking, deepseek-v3-1-volc, deepseek-v3-1-lkeap, deepseek-v3-1, deepseek-v3-0324-lkeap, deepseek-r1-0528-lkeap, kimi-k2-instruct-taiji, completion-gf, default-1.1, hunyuan-3b, hunyuan-7b-dense, codewise-completions, codewise-rewrite, codewise-nes-a4-027-aide, codewise-jump, deepseek-r1-0528, deepseek-v3-0324-taco-completion, deepseek-v3-0324, default-1.2, hunyuan-2.0-instruct
[9/19/2026, 11:40:09 AM.293] [Info] [AgentModelResolver] agent "cli" original_models=["auto","glm-5v-turbo","glm-5.1","glm-5.0-turbo","glm-5.0","glm-4.7","kimi-k2.5","minimax-m2.7","deepseek-v3-2-volc"] -> resolved_models=["auto","glm-5v-turbo","glm-5.1","glm-5.0-turbo","glm-5.0","glm-4.7","kimi-k2.5","minimax-m2.7","deepseek-v3-2-volc"]
[9/19/2026, 11:40:09 AM.293] [Info] [AgentModelResolver] agent "general-purpose" original_models=undefined -> resolved_models=[]
[9/19/2026, 11:40:09 AM.293] [Info] [AgentModelResolver] agent "compact" original_models=undefined -> resolved_models=[]
[9/19/2026, 11:40:09 AM.293] [Info] [AgentModelResolver] agent "contextSummary" original_models=undefined -> resolved_models=[]
[9/19/2026, 11:40:09 AM.293] [Info] [AgentModelResolver] agent "contentAnalyzer" original_models=undefined -> resolved_models=[]
[9/19/2026, 11:40:09 AM.293] [Info] [AgentModelResolver] agent "terminalTitleGenerator" original_models=undefined -> resolved_models=[]
[9/19/2026, 11:40:09 AM.293] [Info] [AgentModelResolver] agent "promptSuggestion" original_models=undefined -> resolved_models=[]
[9/19/2026, 11:40:09 AM.293] [Info] [AgentModelResolver] agent "memorySelector" original_models=["lite"] -> resolved_models=["lite"]
[9/19/2026, 11:40:09 AM.293] [Info] [AgentModelResolver] agent "summaryGenerator" original_models=undefined -> resolved_models=[]
[9/19/2026, 11:40:09 AM.293] [Info] [AgentModelResolver] agent "autoModeClassifier" original_models=undefined -> resolved_models=[]
[9/19/2026, 11:40:09 AM.293] [Info] [AgentModelResolver] agent "promptHookEvaluator" original_models=["lite"] -> resolved_models=["lite"]
[9/19/2026, 11:40:09 AM.293] [Info] [AgentModelResolver] agent "insightsAnalyzer" original_models=undefined -> resolved_models=[]
[9/19/2026, 11:40:09 AM.293] [Info] [AgentModelResolver] agent "agentInstructions" original_models=undefined -> resolved_models=[]
[9/19/2026, 11:40:09 AM.293] [Info] [AgentModelResolver] agent "statusline-setup" original_models=undefined -> resolved_models=[]
[9/19/2026, 11:40:09 AM.293] [Info] [AgentModelResolver] agent "Explore" original_models=["lite"] -> resolved_models=["lite"]
[9/19/2026, 11:40:09 AM.293] [Info] [AgentModelResolver] agent "Plan" original_models=undefined -> resolved_models=[]
[9/19/2026, 11:40:09 AM.293] [Info] [AgentModelResolver] agent "pulse" original_models=undefined -> resolved_models=[]
[9/19/2026, 11:40:09 AM.293] [Info] [AgentModelResolver] agent "enhance-prompt" original_models=undefined -> resolved_models=[]
[9/19/2026, 11:40:09 AM.297] [Info] [Merge] Step 1 (local + overlay): localModels=42, overlayModels=51, mergedModels=51
[9/19/2026, 11:40:09 AM.297] [Info] [Merge] Step 2 (+enterprise): enterpriseModels=0, totalModels=51
[9/19/2026, 11:40:09 AM.297] [Info] [Merge] Step 3 (+custom): customModels=0, totalModels=51
[9/19/2026, 11:40:09 AM.297] [Info] [Merge] Step 4 (availableModels filter): finalModels=51, cli.models=["auto","hy4-preview-f","hy3","hy3-x","deepseek-v4.1-flash","glm-5.3","glm-5.3-flash","glm-5.2","glm-5.1","glm-5v-turbo","minimax-m3","kimi-k3-1","kimi-k2.8-preview","kimi-k2.7","kimi-k2.6","deepseek-v4-pro"]
[9/19/2026, 11:40:09 AM.383] [Info] [WeixinClawBotClient] pollLoop iteration begin {"iteration":22247,"cursorLen":96}
[9/19/2026, 11:40:10 AM.341] [Info] [CentrifugoClient] Connected successfully
[9/19/2026, 11:40:10 AM.341] [Info] [ClawService] Centrifugo status: connected
[9/19/2026, 11:40:10 AM.349] [Info] [CentrifugoClient] Subscribed to channel: copilot_workbuddy:fdee3d54-95b6-4e9c-aaff-50ad9505aab4_25e526bc70aeedffd6ce569154fcfedd_e76b49539422036c
[9/19/2026, 11:40:28 AM.139] [Info] [WeixinClawBotClient] pollLoop getUpdates returned {"iteration":22247,"elapsedMs":18756,"hasBuf":true,"msgs":0}
[9/19/2026, 11:40:28 AM.152] [Info] [WeixinClawBotClient] pollLoop iteration begin {"iteration":22248,"cursorLen":96}
[9/19/2026, 11:40:46 AM.318] [Info] [WeixinClawBotClient] pollLoop getUpdates returned {"iteration":22248,"elapsedMs":18177,"hasBuf":true,"msgs":0}
[9/19/2026, 11:40:46 AM.319] [Info] [WeixinClawBotClient] pollLoop iteration begin {"iteration":22249,"cursorLen":96}
[9/19/2026, 11:52:11 AM.759] [Info] [CentrifugoClient] Re-subscribing to copilot_workbuddy:fdee3d54-95b6-4e9c-aaff-50ad9505aab4_25e526bc70aeedffd6ce569154fcfedd_e76b49539422036c: transport closed (code: 1)
[9/19/2026, 11:52:11 AM.759] [Info] [CentrifugoClient] Reconnecting: no ping (code: 2)
[9/19/2026, 11:52:11 AM.759] [Info] [ClawService] Centrifugo status: connecting
[9/19/2026, 11:52:11 AM.760] [Info] [WorkbuddyEnterpriseModels] enterpriseId: undefined, endpoint: https://copilot.tencent.com
[9/19/2026, 11:52:11 AM.760] [Info] [AgentModelResolver] product config input: 42 models, 18 agents
[9/19/2026, 11:52:11 AM.760] [Info] [AgentModelResolver] model ids: default, deepseek-v4-pro, deepseek-v4-flash, deepseek-v3-2-volc, minimax-m2.5, minimax-m2.7, minimax-m3-play, glm-5.1, glm-5.0, glm-5.0-turbo, glm-5v-turbo, glm-4.7, glm-4.6, glm-4.6v, kimi-k2.6, kimi-k2.5, kimi-k2-thinking, hy3-preview-agent, hunyuan-chat, hunyuan-image-v3.0, auto, hy3-preview, hunyuan-2.0-thinking, deepseek-v3-1-volc, deepseek-v3-1-lkeap, deepseek-v3-1, deepseek-v3-0324-lkeap, deepseek-r1-0528-lkeap, kimi-k2-instruct-taiji, completion-gf, default-1.1, hunyuan-3b, hunyuan-7b-dense, codewise-completions, codewise-rewrite, codewise-nes-a4-027-aide, codewise-jump, deepseek-r1-0528, deepseek-v3-0324-taco-completion, deepseek-v3-0324, default-1.2, hunyuan-2.0-instruct
[9/19/2026, 11:52:11 AM.760] [Info] [AgentModelResolver] agent "cli" original_models=["auto","glm-5v-turbo","glm-5.1","glm-5.0-turbo","glm-5.0","glm-4.7","kimi-k2.5","minimax-m2.7","deepseek-v3-2-volc"] -> resolved_models=["auto","glm-5v-turbo","glm-5.1","glm-5.0-turbo","glm-5.0","glm-4.7","kimi-k2.5","minimax-m2.7","deepseek-v3-2-volc"]
[9/19/2026, 11:52:11 AM.760] [Info] [AgentModelResolver] agent "general-purpose" original_models=undefined -> resolved_models=[]
[9/19/2026, 11:52:11 AM.760] [Info] [AgentModelResolver] agent "compact" original_models=undefined -> resolved_models=[]
[9/19/2026, 11:52:11 AM.760] [Info] [AgentModelResolver] agent "contextSummary" original_models=undefined -> resolved_models=[]
[9/19/2026, 11:52:11 AM.760] [Info] [AgentModelResolver] agent "contentAnalyzer" original_models=undefined -> resolved_models=[]
[9/19/2026, 11:52:11 AM.760] [Info] [AgentModelResolver] agent "terminalTitleGenerator" original_models=undefined -> resolved_models=[]
[9/19/2026, 11:52:11 AM.760] [Info] [AgentModelResolver] agent "promptSuggestion" original_models=undefined -> resolved_models=[]
[9/19/2026, 11:52:11 AM.760] [Info] [AgentModelResolver] agent "memorySelector" original_models=["lite"] -> resolved_models=["lite"]
[9/19/2026, 11:52:11 AM.760] [Info] [AgentModelResolver] agent "summaryGenerator" original_models=undefined -> resolved_models=[]
[9/19/2026, 11:52:11 AM.760] [Info] [AgentModelResolver] agent "autoModeClassifier" original_models=undefined -> resolved_models=[]
[9/19/2026, 11:52:11 AM.760] [Info] [AgentModelResolver] agent "promptHookEvaluator" original_models=["lite"] -> resolved_models=["lite"]
[9/19/2026, 11:52:11 AM.760] [Info] [AgentModelResolver] agent "insightsAnalyzer" original_models=undefined -> resolved_models=[]
[9/19/2026, 11:52:11 AM.760] [Info] [AgentModelResolver] agent "agentInstructions" original_models=undefined -> resolved_models=[]
[9/19/2026, 11:52:11 AM.760] [Info] [AgentModelResolver] agent "statusline-setup" original_models=undefined -> resolved_models=[]
[9/19/2026, 11:52:11 AM.760] [Info] [AgentModelResolver] agent "Explore" original_models=["lite"] -> resolved_models=["lite"]
[9/19/2026, 11:52:11 AM.760] [Info] [AgentModelResolver] agent "Plan" original_models=undefined -> resolved_models=[]
[9/19/2026, 11:52:11 AM.760] [Info] [AgentModelResolver] agent "pulse" original_models=undefined -> resolved_models=[]
[9/19/2026, 11:52:11 AM.760] [Info] [AgentModelResolver] agent "enhance-prompt" original_models=undefined -> resolved_models=[]
[9/19/2026, 11:52:11 AM.763] [Info] [Merge] Step 1 (local + overlay): localModels=42, overlayModels=51, mergedModels=51
[9/19/2026, 11:52:11 AM.763] [Info] [Merge] Step 2 (+enterprise): enterpriseModels=0, totalModels=51
[9/19/2026, 11:52:11 AM.763] [Info] [Merge] Step 3 (+custom): customModels=0, totalModels=51
[9/19/2026, 11:52:11 AM.763] [Info] [Merge] Step 4 (availableModels filter): finalModels=51, cli.models=["auto","hy4-preview-f","hy3","hy3-x","deepseek-v4.1-flash","glm-5.3","glm-5.3-flash","glm-5.2","glm-5.1","glm-5v-turbo","minimax-m3","kimi-k3-1","kimi-k2.8-preview","kimi-k2.7","kimi-k2.6","deepseek-v4-pro"]
[9/19/2026, 11:52:11 AM.766] [Info] [WeixinClawBotClient] pollLoop getUpdates returned {"iteration":22249,"elapsedMs":685447,"ret":0,"hasBuf":true,"msgs":0}
[9/19/2026, 11:52:11 AM.767] [Info] [WorkbuddyEnterpriseModels] enterpriseId: undefined, endpoint: https://copilot.tencent.com
[9/19/2026, 11:52:11 AM.767] [Info] [AgentModelResolver] product config input: 42 models, 18 agents
[9/19/2026, 11:52:11 AM.767] [Info] [AgentModelResolver] model ids: default, deepseek-v4-pro, deepseek-v4-flash, deepseek-v3-2-volc, minimax-m2.5, minimax-m2.7, minimax-m3-play, glm-5.1, glm-5.0, glm-5.0-turbo, glm-5v-turbo, glm-4.7, glm-4.6, glm-4.6v, kimi-k2.6, kimi-k2.5, kimi-k2-thinking, hy3-preview-agent, hunyuan-chat, hunyuan-image-v3.0, auto, hy3-preview, hunyuan-2.0-thinking, deepseek-v3-1-volc, deepseek-v3-1-lkeap, deepseek-v3-1, deepseek-v3-0324-lkeap, deepseek-r1-0528-lkeap, kimi-k2-instruct-taiji, completion-gf, default-1.1, hunyuan-3b, hunyuan-7b-dense, codewise-completions, codewise-rewrite, codewise-nes-a4-027-aide, codewise-jump, deepseek-r1-0528, deepseek-v3-0324-taco-completion, deepseek-v3-0324, default-1.2, hunyuan-2.0-instruct
[9/19/2026, 11:52:11 AM.767] [Info] [AgentModelResolver] agent "cli" original_models=["auto","glm-5v-turbo","glm-5.1","glm-5.0-turbo","glm-5.0","glm-4.7","kimi-k2.5","minimax-m2.7","deepseek-v3-2-volc"] -> resolved_models=["auto","glm-5v-turbo","glm-5.1","glm-5.0-turbo","glm-5.0","glm-4.7","kimi-k2.5","minimax-m2.7","deepseek-v3-2-volc"]
[9/19/2026, 11:52:11 AM.767] [Info] [AgentModelResolver] agent "general-purpose" original_models=undefined -> resolved_models=[]
[9/19/2026, 11:52:11 AM.767] [Info] [AgentModelResolver] agent "compact" original_models=undefined -> resolved_models=[]
[9/19/2026, 11:52:11 AM.767] [Info] [AgentModelResolver] agent "contextSummary" original_models=undefined -> resolved_models=[]
[9/19/2026, 11:52:11 AM.767] [Info] [AgentModelResolver] agent "contentAnalyzer" original_models=undefined -> resolved_models=[]
[9/19/2026, 11:52:11 AM.767] [Info] [AgentModelResolver] agent "terminalTitleGenerator" original_models=undefined -> resolved_models=[]
[9/19/2026, 11:52:11 AM.767] [Info] [AgentModelResolver] agent "promptSuggestion" original_models=undefined -> resolved_models=[]
[9/19/2026, 11:52:11 AM.767] [Info] [AgentModelResolver] agent "memorySelector" original_models=["lite"] -> resolved_models=["lite"]
[9/19/2026, 11:52:11 AM.767] [Info] [AgentModelResolver] agent "summaryGenerator" original_models=undefined -> resolved_models=[]
[9/19/2026, 11:52:11 AM.767] [Info] [AgentModelResolver] agent "autoModeClassifier" original_models=undefined -> resolved_models=[]
[9/19/2026, 11:52:11 AM.767] [Info] [AgentModelResolver] agent "promptHookEvaluator" original_models=["lite"] -> resolved_models=["lite"]
[9/19/2026, 11:52:11 AM.767] [Info] [AgentModelResolver] agent "insightsAnalyzer" original_models=undefined -> resolved_models=[]
[9/19/2026, 11:52:11 AM.767] [Info] [AgentModelResolver] agent "agentInstructions" original_models=undefined -> resolved_models=[]
[9/19/2026, 11:52:11 AM.767] [Info] [AgentModelResolver] agent "statusline-setup" original_models=undefined -> resolved_models=[]
[9/19/2026, 11:52:11 AM.767] [Info] [AgentModelResolver] agent "Explore" original_models=["lite"] -> resolved_models=["lite"]
[9/19/2026, 11:52:11 AM.767] [Info] [AgentModelResolver] agent "Plan" original_models=undefined -> resolved_models=[]
[9/19/2026, 11:52:11 AM.767] [Info] [AgentModelResolver] agent "pulse" original_models=undefined -> resolved_models=[]
[9/19/2026, 11:52:11 AM.767] [Info] [AgentModelResolver] agent "enhance-prompt" original_models=undefined -> resolved_models=[]
[9/19/2026, 11:52:11 AM.780] [Info] [Merge] Step 1 (local + overlay): localModels=42, overlayModels=51, mergedModels=51
[9/19/2026, 11:52:11 AM.780] [Info] [Merge] Step 2 (+enterprise): enterpriseModels=0, totalModels=51
[9/19/2026, 11:52:11 AM.780] [Info] [Merge] Step 3 (+custom): customModels=0, totalModels=51
[9/19/2026, 11:52:11 AM.780] [Info] [Merge] Step 4 (availableModels filter): finalModels=51, cli.models=["auto","hy4-preview-f","hy3","hy3-x","deepseek-v4.1-flash","glm-5.3","glm-5.3-flash","glm-5.2","glm-5.1","glm-5v-turbo","minimax-m3","kimi-k3-1","kimi-k2.8-preview","kimi-k2.7","kimi-k2.6","deepseek-v4-pro"]
[9/19/2026, 11:52:11 AM.815] [Info] [WeixinClawBotClient] pollLoop iteration begin {"iteration":22250,"cursorLen":96}
[9/19/2026, 11:52:12 AM.750] [Info] [CentrifugoClient] Connected successfully
[9/19/2026, 11:52:12 AM.750] [Info] [ClawService] Centrifugo status: connected
[9/19/2026, 11:52:12 AM.756] [Info] [CentrifugoClient] Subscribed to channel: copilot_workbuddy:fdee3d54-95b6-4e9c-aaff-50ad9505aab4_25e526bc70aeedffd6ce569154fcfedd_e76b49539422036c
[9/19/2026, 11:52:30 AM.527] [Info] [WeixinClawBotClient] pollLoop getUpdates returned {"iteration":22250,"elapsedMs":18711,"hasBuf":true,"msgs":0}
[9/19/2026, 11:52:30 AM.540] [Info] [WeixinClawBotClient] pollLoop iteration begin {"iteration":22251,"cursorLen":96}
[9/19/2026, 11:52:48 AM.710] [Info] [WeixinClawBotClient] pollLoop getUpdates returned {"iteration":22251,"elapsedMs":18182,"hasBuf":true,"msgs":0}
[9/19/2026, 11:52:48 AM.714] [Info] [WeixinClawBotClient] pollLoop iteration begin {"iteration":22252,"cursorLen":96}
[9/19/2026, 12:08:30 PM.883] [Info] [CentrifugoClient] Re-subscribing to copilot_workbuddy:fdee3d54-95b6-4e9c-aaff-50ad9505aab4_25e526bc70aeedffd6ce569154fcfedd_e76b49539422036c: transport closed (code: 1)
[9/19/2026, 12:08:30 PM.883] [Info] [CentrifugoClient] Reconnecting: no ping (code: 2)
[9/19/2026, 12:08:30 PM.883] [Info] [ClawService] Centrifugo status: connecting
[9/19/2026, 12:08:30 PM.884] [Info] [WorkbuddyEnterpriseModels] enterpriseId: undefined, endpoint: https://copilot.tencent.com
[9/19/2026, 12:08:30 PM.884] [Info] [AgentModelResolver] product config input: 42 models, 18 agents
[9/19/2026, 12:08:30 PM.884] [Info] [AgentModelResolver] model ids: default, deepseek-v4-pro, deepseek-v4-flash, deepseek-v3-2-volc, minimax-m2.5, minimax-m2.7, minimax-m3-play, glm-5.1, glm-5.0, glm-5.0-turbo, glm-5v-turbo, glm-4.7, glm-4.6, glm-4.6v, kimi-k2.6, kimi-k2.5, kimi-k2-thinking, hy3-preview-agent, hunyuan-chat, hunyuan-image-v3.0, auto, hy3-preview, hunyuan-2.0-thinking, deepseek-v3-1-volc, deepseek-v3-1-lkeap, deepseek-v3-1, deepseek-v3-0324-lkeap, deepseek-r1-0528-lkeap, kimi-k2-instruct-taiji, completion-gf, default-1.1, hunyuan-3b, hunyuan-7b-dense, codewise-completions, codewise-rewrite, codewise-nes-a4-027-aide, codewise-jump, deepseek-r1-0528, deepseek-v3-0324-taco-completion, deepseek-v3-0324, default-1.2, hunyuan-2.0-instruct
[9/19/2026, 12:08:30 PM.884] [Info] [AgentModelResolver] agent "cli" original_models=["auto","glm-5v-turbo","glm-5.1","glm-5.0-turbo","glm-5.0","glm-4.7","kimi-k2.5","minimax-m2.7","deepseek-v3-2-volc"] -> resolved_models=["auto","glm-5v-turbo","glm-5.1","glm-5.0-turbo","glm-5.0","glm-4.7","kimi-k2.5","minimax-m2.7","deepseek-v3-2-volc"]
[9/19/2026, 12:08:30 PM.884] [Info] [AgentModelResolver] agent "general-purpose" original_models=undefined -> resolved_models=[]
[9/19/2026, 12:08:30 PM.884] [Info] [AgentModelResolver] agent "compact" original_models=undefined -> resolved_models=[]
[9/19/2026, 12:08:30 PM.884] [Info] [AgentModelResolver] agent "contextSummary" original_models=undefined -> resolved_models=[]
[9/19/2026, 12:08:30 PM.884] [Info] [AgentModelResolver] agent "contentAnalyzer" original_models=undefined -> resolved_models=[]
[9/19/2026, 12:08:30 PM.884] [Info] [AgentModelResolver] agent "terminalTitleGenerator" original_models=undefined -> resolved_models=[]
[9/19/2026, 12:08:30 PM.884] [Info] [AgentModelResolver] agent "promptSuggestion" original_models=undefined -> resolved_models=[]
[9/19/2026, 12:08:30 PM.884] [Info] [AgentModelResolver] agent "memorySelector" original_models=["lite"] -> resolved_models=["lite"]
[9/19/2026, 12:08:30 PM.884] [Info] [AgentModelResolver] agent "summaryGenerator" original_models=undefined -> resolved_models=[]
[9/19/2026, 12:08:30 PM.884] [Info] [AgentModelResolver] agent "autoModeClassifier" original_models=undefined -> resolved_models=[]
[9/19/2026, 12:08:30 PM.884] [Info] [AgentModelResolver] agent "promptHookEvaluator" original_models=["lite"] -> resolved_models=["lite"]
[9/19/2026, 12:08:30 PM.884] [Info] [AgentModelResolver] agent "insightsAnalyzer" original_models=undefined -> resolved_models=[]
[9/19/2026, 12:08:30 PM.884] [Info] [AgentModelResolver] agent "agentInstructions" original_models=undefined -> resolved_models=[]
[9/19/2026, 12:08:30 PM.884] [Info] [AgentModelResolver] agent "statusline-setup" original_models=undefined -> resolved_models=[]
[9/19/2026, 12:08:30 PM.884] [Info] [AgentModelResolver] agent "Explore" original_models=["lite"] -> resolved_models=["lite"]
[9/19/2026, 12:08:30 PM.885] [Info] [AgentModelResolver] agent "Plan" original_models=undefined -> resolved_models=[]
[9/19/2026, 12:08:30 PM.885] [Info] [AgentModelResolver] agent "pulse" original_models=undefined -> resolved_models=[]
[9/19/2026, 12:08:30 PM.885] [Info] [AgentModelResolver] agent "enhance-prompt" original_models=undefined -> resolved_models=[]
[9/19/2026, 12:08:30 PM.889] [Info] [Merge] Step 1 (local + overlay): localModels=42, overlayModels=51, mergedModels=51
[9/19/2026, 12:08:30 PM.889] [Info] [Merge] Step 2 (+enterprise): enterpriseModels=0, totalModels=51
[9/19/2026, 12:08:30 PM.889] [Info] [Merge] Step 3 (+custom): customModels=0, totalModels=51
[9/19/2026, 12:08:30 PM.889] [Info] [Merge] Step 4 (availableModels filter): finalModels=51, cli.models=["auto","hy4-preview-f","hy3","hy3-x","deepseek-v4.1-flash","glm-5.3","glm-5.3-flash","glm-5.2","glm-5.1","glm-5v-turbo","minimax-m3","kimi-k3-1","kimi-k2.8-preview","kimi-k2.7","kimi-k2.6","deepseek-v4-pro"]
[9/19/2026, 12:08:30 PM.890] [Info] [WeixinClawBotClient] pollLoop getUpdates returned {"iteration":22252,"elapsedMs":942177,"ret":0,"hasBuf":true,"msgs":0}
[9/19/2026, 12:08:30 PM.891] [Info] [WorkbuddyEnterpriseModels] enterpriseId: undefined, endpoint: https://copilot.tencent.com
[9/19/2026, 12:08:30 PM.891] [Info] [AgentModelResolver] product config input: 42 models, 18 agents
[9/19/2026, 12:08:30 PM.891] [Info] [AgentModelResolver] model ids: default, deepseek-v4-pro, deepseek-v4-flash, deepseek-v3-2-volc, minimax-m2.5, minimax-m2.7, minimax-m3-play, glm-5.1, glm-5.0, glm-5.0-turbo, glm-5v-turbo, glm-4.7, glm-4.6, glm-4.6v, kimi-k2.6, kimi-k2.5, kimi-k2-thinking, hy3-preview-agent, hunyuan-chat, hunyuan-image-v3.0, auto, hy3-preview, hunyuan-2.0-thinking, deepseek-v3-1-volc, deepseek-v3-1-lkeap, deepseek-v3-1, deepseek-v3-0324-lkeap, deepseek-r1-0528-lkeap, kimi-k2-instruct-taiji, completion-gf, default-1.1, hunyuan-3b, hunyuan-7b-dense, codewise-completions, codewise-rewrite, codewise-nes-a4-027-aide, codewise-jump, deepseek-r1-0528, deepseek-v3-0324-taco-completion, deepseek-v3-0324, default-1.2, hunyuan-2.0-instruct
[9/19/2026, 12:08:30 PM.891] [Info] [AgentModelResolver] agent "cli" original_models=["auto","glm-5v-turbo","glm-5.1","glm-5.0-turbo","glm-5.0","glm-4.7","kimi-k2.5","minimax-m2.7","deepseek-v3-2-volc"] -> resolved_models=["auto","glm-5v-turbo","glm-5.1","glm-5.0-turbo","glm-5.0","glm-4.7","kimi-k2.5","minimax-m2.7","deepseek-v3-2-volc"]
[9/19/2026, 12:08:30 PM.891] [Info] [AgentModelResolver] agent "general-purpose" original_models=undefined -> resolved_models=[]
[9/19/2026, 12:08:30 PM.891] [Info] [AgentModelResolver] agent "compact" original_models=undefined -> resolved_models=[]
[9/19/2026, 12:08:30 PM.891] [Info] [AgentModelResolver] agent "contextSummary" original_models=undefined -> resolved_models=[]
[9/19/2026, 12:08:30 PM.891] [Info] [AgentModelResolver] agent "contentAnalyzer" original_models=undefined -> resolved_models=[]
[9/19/2026, 12:08:30 PM.891] [Info] [AgentModelResolver] agent "terminalTitleGenerator" original_models=undefined -> resolved_models=[]
[9/19/2026, 12:08:30 PM.891] [Info] [AgentModelResolver] agent "promptSuggestion" original_models=undefined -> resolved_models=[]
[9/19/2026, 12:08:30 PM.891] [Info] [AgentModelResolver] agent "memorySelector" original_models=["lite"] -> resolved_models=["lite"]
[9/19/2026, 12:08:30 PM.891] [Info] [AgentModelResolver] agent "summaryGenerator" original_models=undefined -> resolved_models=[]
[9/19/2026, 12:08:30 PM.891] [Info] [AgentModelResolver] agent "autoModeClassifier" original_models=undefined -> resolved_models=[]
[9/19/2026, 12:08:30 PM.891] [Info] [AgentModelResolver] agent "promptHookEvaluator" original_models=["lite"] -> resolved_models=["lite"]
[9/19/2026, 12:08:30 PM.891] [Info] [AgentModelResolver] agent "insightsAnalyzer" original_models=undefined -> resolved_models=[]
[9/19/2026, 12:08:30 PM.891] [Info] [AgentModelResolver] agent "agentInstructions" original_models=undefined -> resolved_models=[]
[9/19/2026, 12:08:30 PM.891] [Info] [AgentModelResolver] agent "statusline-setup" original_models=undefined -> resolved_models=[]
[9/19/2026, 12:08:30 PM.891] [Info] [AgentModelResolver] agent "Explore" original_models=["lite"] -> resolved_models=["lite"]
[9/19/2026, 12:08:30 PM.891] [Info] [AgentModelResolver] agent "Plan" original_models=undefined -> resolved_models=[]
[9/19/2026, 12:08:30 PM.891] [Info] [AgentModelResolver] agent "pulse" original_models=undefined -> resolved_models=[]
[9/19/2026, 12:08:30 PM.891] [Info] [AgentModelResolver] agent "enhance-prompt" original_models=undefined -> resolved_models=[]
[9/19/2026, 12:08:30 PM.897] [Info] [Merge] Step 1 (local + overlay): localModels=42, overlayModels=51, mergedModels=51
[9/19/2026, 12:08:30 PM.897] [Info] [Merge] Step 2 (+enterprise): enterpriseModels=0, totalModels=51
[9/19/2026, 12:08:30 PM.897] [Info] [Merge] Step 3 (+custom): customModels=0, totalModels=51
[9/19/2026, 12:08:30 PM.897] [Info] [Merge] Step 4 (availableModels filter): finalModels=51, cli.models=["auto","hy4-preview-f","hy3","hy3-x","deepseek-v4.1-flash","glm-5.3","glm-5.3-flash","glm-5.2","glm-5.1","glm-5v-turbo","minimax-m3","kimi-k3-1","kimi-k2.8-preview","kimi-k2.7","kimi-k2.6","deepseek-v4-pro"]
[9/19/2026, 12:08:30 PM.995] [Info] [WeixinClawBotClient] pollLoop iteration begin {"iteration":22253,"cursorLen":96}
[9/19/2026, 12:08:31 PM.777] [Info] [CentrifugoClient] Connected successfully
[9/19/2026, 12:08:31 PM.777] [Info] [ClawService] Centrifugo status: connected
[9/19/2026, 12:08:31 PM.788] [Info] [CentrifugoClient] Subscribed to channel: copilot_workbuddy:fdee3d54-95b6-4e9c-aaff-50ad9505aab4_25e526bc70aeedffd6ce569154fcfedd_e76b49539422036c
[9/19/2026, 12:08:49 PM.728] [Info] [WeixinClawBotClient] pollLoop getUpdates returned {"iteration":22253,"elapsedMs":18732,"hasBuf":true,"msgs":0}
[9/19/2026, 12:08:49 PM.744] [Info] [WeixinClawBotClient] pollLoop iteration begin {"iteration":22254,"cursorLen":96}
[9/19/2026, 12:09:07 PM.900] [Info] [WeixinClawBotClient] pollLoop getUpdates returned {"iteration":22254,"elapsedMs":18170,"hasBuf":true,"msgs":0}
[9/19/2026, 12:09:07 PM.903] [Info] [WeixinClawBotClient] pollLoop iteration begin {"iteration":22255,"cursorLen":96}
[9/19/2026, 12:24:43 PM.586] [Info] [CentrifugoClient] Re-subscribing to copilot_workbuddy:fdee3d54-95b6-4e9c-aaff-50ad9505aab4_25e526bc70aeedffd6ce569154fcfedd_e76b49539422036c: transport closed (code: 1)
[9/19/2026, 12:24:43 PM.586] [Info] [CentrifugoClient] Reconnecting: no ping (code: 2)
[9/19/2026, 12:24:43 PM.586] [Info] [ClawService] Centrifugo status: connecting
[9/19/2026, 12:24:43 PM.586] [Info] [WorkbuddyEnterpriseModels] enterpriseId: undefined, endpoint: https://copilot.tencent.com
[9/19/2026, 12:24:43 PM.587] [Info] [AgentModelResolver] product config input: 42 models, 18 agents
[9/19/2026, 12:24:43 PM.587] [Info] [AgentModelResolver] model ids: default, deepseek-v4-pro, deepseek-v4-flash, deepseek-v3-2-volc, minimax-m2.5, minimax-m2.7, minimax-m3-play, glm-5.1, glm-5.0, glm-5.0-turbo, glm-5v-turbo, glm-4.7, glm-4.6, glm-4.6v, kimi-k2.6, kimi-k2.5, kimi-k2-thinking, hy3-preview-agent, hunyuan-chat, hunyuan-image-v3.0, auto, hy3-preview, hunyuan-2.0-thinking, deepseek-v3-1-volc, deepseek-v3-1-lkeap, deepseek-v3-1, deepseek-v3-0324-lkeap, deepseek-r1-0528-lkeap, kimi-k2-instruct-taiji, completion-gf, default-1.1, hunyuan-3b, hunyuan-7b-dense, codewise-completions, codewise-rewrite, codewise-nes-a4-027-aide, codewise-jump, deepseek-r1-0528, deepseek-v3-0324-taco-completion, deepseek-v3-0324, default-1.2, hunyuan-2.0-instruct
[9/19/2026, 12:24:43 PM.587] [Info] [AgentModelResolver] agent "cli" original_models=["auto","glm-5v-turbo","glm-5.1","glm-5.0-turbo","glm-5.0","glm-4.7","kimi-k2.5","minimax-m2.7","deepseek-v3-2-volc"] -> resolved_models=["auto","glm-5v-turbo","glm-5.1","glm-5.0-turbo","glm-5.0","glm-4.7","kimi-k2.5","minimax-m2.7","deepseek-v3-2-volc"]
[9/19/2026, 12:24:43 PM.587] [Info] [AgentModelResolver] agent "general-purpose" original_models=undefined -> resolved_models=[]
[9/19/2026, 12:24:43 PM.587] [Info] [AgentModelResolver] agent "compact" original_models=undefined -> resolved_models=[]
[9/19/2026, 12:24:43 PM.587] [Info] [AgentModelResolver] agent "contextSummary" original_models=undefined -> resolved_models=[]
[9/19/2026, 12:24:43 PM.587] [Info] [AgentModelResolver] agent "contentAnalyzer" original_models=undefined -> resolved_models=[]
[9/19/2026, 12:24:43 PM.587] [Info] [AgentModelResolver] agent "terminalTitleGenerator" original_models=undefined -> resolved_models=[]
[9/19/2026, 12:24:43 PM.587] [Info] [AgentModelResolver] agent "promptSuggestion" original_models=undefined -> resolved_models=[]
[9/19/2026, 12:24:43 PM.587] [Info] [AgentModelResolver] agent "memorySelector" original_models=["lite"] -> resolved_models=["lite"]
[9/19/2026, 12:24:43 PM.587] [Info] [AgentModelResolver] agent "summaryGenerator" original_models=undefined -> resolved_models=[]
[9/19/2026, 12:24:43 PM.587] [Info] [AgentModelResolver] agent "autoModeClassifier" original_models=undefined -> resolved_models=[]
[9/19/2026, 12:24:43 PM.587] [Info] [AgentModelResolver] agent "promptHookEvaluator" original_models=["lite"] -> resolved_models=["lite"]
[9/19/2026, 12:24:43 PM.587] [Info] [AgentModelResolver] agent "insightsAnalyzer" original_models=undefined -> resolved_models=[]
[9/19/2026, 12:24:43 PM.587] [Info] [AgentModelResolver] agent "agentInstructions" original_models=undefined -> resolved_models=[]
[9/19/2026, 12:24:43 PM.587] [Info] [AgentModelResolver] agent "statusline-setup" original_models=undefined -> resolved_models=[]
[9/19/2026, 12:24:43 PM.587] [Info] [AgentModelResolver] agent "Explore" original_models=["lite"] -> resolved_models=["lite"]
[9/19/2026, 12:24:43 PM.587] [Info] [AgentModelResolver] agent "Plan" original_models=undefined -> resolved_models=[]
[9/19/2026, 12:24:43 PM.587] [Info] [AgentModelResolver] agent "pulse" original_models=undefined -> resolved_models=[]
[9/19/2026, 12:24:43 PM.587] [Info] [AgentModelResolver] agent "enhance-prompt" original_models=undefined -> resolved_models=[]
[9/19/2026, 12:24:43 PM.591] [Info] [Merge] Step 1 (local + overlay): localModels=42, overlayModels=51, mergedModels=51
[9/19/2026, 12:24:43 PM.591] [Info] [Merge] Step 2 (+enterprise): enterpriseModels=0, totalModels=51
[9/19/2026, 12:24:43 PM.591] [Info] [Merge] Step 3 (+custom): customModels=0, totalModels=51
[9/19/2026, 12:24:43 PM.591] [Info] [Merge] Step 4 (availableModels filter): finalModels=51, cli.models=["auto","hy4-preview-f","hy3","hy3-x","deepseek-v4.1-flash","glm-5.3","glm-5.3-flash","glm-5.2","glm-5.1","glm-5v-turbo","minimax-m3","kimi-k3-1","kimi-k2.8-preview","kimi-k2.7","kimi-k2.6","deepseek-v4-pro"]
[9/19/2026, 12:24:43 PM.592] [Info] [WeixinClawBotClient] pollLoop getUpdates returned {"iteration":22255,"elapsedMs":935690,"ret":0,"hasBuf":true,"msgs":0}
[9/19/2026, 12:24:43 PM.592] [Info] [WorkbuddyEnterpriseModels] enterpriseId: undefined, endpoint: https://copilot.tencent.com
[9/19/2026, 12:24:43 PM.592] [Info] [AgentModelResolver] product config input: 42 models, 18 agents
[9/19/2026, 12:24:43 PM.592] [Info] [AgentModelResolver] model ids: default, deepseek-v4-pro, deepseek-v4-flash, deepseek-v3-2-volc, minimax-m2.5, minimax-m2.7, minimax-m3-play, glm-5.1, glm-5.0, glm-5.0-turbo, glm-5v-turbo, glm-4.7, glm-4.6, glm-4.6v, kimi-k2.6, kimi-k2.5, kimi-k2-thinking, hy3-preview-agent, hunyuan-chat, hunyuan-image-v3.0, auto, hy3-preview, hunyuan-2.0-thinking, deepseek-v3-1-volc, deepseek-v3-1-lkeap, deepseek-v3-1, deepseek-v3-0324-lkeap, deepseek-r1-0528-lkeap, kimi-k2-instruct-taiji, completion-gf, default-1.1, hunyuan-3b, hunyuan-7b-dense, codewise-completions, codewise-rewrite, codewise-nes-a4-027-aide, codewise-jump, deepseek-r1-0528, deepseek-v3-0324-taco-completion, deepseek-v3-0324, default-1.2, hunyuan-2.0-instruct
[9/19/2026, 12:24:43 PM.592] [Info] [AgentModelResolver] agent "cli" original_models=["auto","glm-5v-turbo","glm-5.1","glm-5.0-turbo","glm-5.0","glm-4.7","kimi-k2.5","minimax-m2.7","deepseek-v3-2-volc"] -> resolved_models=["auto","glm-5v-turbo","glm-5.1","glm-5.0-turbo","glm-5.0","glm-4.7","kimi-k2.5","minimax-m2.7","deepseek-v3-2-volc"]
[9/19/2026, 12:24:43 PM.592] [Info] [AgentModelResolver] agent "general-purpose" original_models=undefined -> resolved_models=[]
[9/19/2026, 12:24:43 PM.592] [Info] [AgentModelResolver] agent "compact" original_models=undefined -> resolved_models=[]
[9/19/2026, 12:24:43 PM.592] [Info] [AgentModelResolver] agent "contextSummary" original_models=undefined -> resolved_models=[]
[9/19/2026, 12:24:43 PM.592] [Info] [AgentModelResolver] agent "contentAnalyzer" original_models=undefined -> resolved_models=[]
[9/19/2026, 12:24:43 PM.592] [Info] [AgentModelResolver] agent "terminalTitleGenerator" original_models=undefined -> resolved_models=[]
[9/19/2026, 12:24:43 PM.592] [Info] [AgentModelResolver] agent "promptSuggestion" original_models=undefined -> resolved_models=[]
[9/19/2026, 12:24:43 PM.592] [Info] [AgentModelResolver] agent "memorySelector" original_models=["lite"] -> resolved_models=["lite"]
[9/19/2026, 12:24:43 PM.592] [Info] [AgentModelResolver] agent "summaryGenerator" original_models=undefined -> resolved_models=[]
[9/19/2026, 12:24:43 PM.592] [Info] [AgentModelResolver] agent "autoModeClassifier" original_models=undefined -> resolved_models=[]
[9/19/2026, 12:24:43 PM.592] [Info] [AgentModelResolver] agent "promptHookEvaluator" original_models=["lite"] -> resolved_models=["lite"]
[9/19/2026, 12:24:43 PM.592] [Info] [AgentModelResolver] agent "insightsAnalyzer" original_models=undefined -> resolved_models=[]
[9/19/2026, 12:24:43 PM.592] [Info] [AgentModelResolver] agent "agentInstructions" original_models=undefined -> resolved_models=[]
[9/19/2026, 12:24:43 PM.592] [Info] [AgentModelResolver] agent "statusline-setup" original_models=undefined -> resolved_models=[]
[9/19/2026, 12:24:43 PM.592] [Info] [AgentModelResolver] agent "Explore" original_models=["lite"] -> resolved_models=["lite"]
[9/19/2026, 12:24:43 PM.592] [Info] [AgentModelResolver] agent "Plan" original_models=undefined -> resolved_models=[]
[9/19/2026, 12:24:43 PM.592] [Info] [AgentModelResolver] agent "pulse" original_models=undefined -> resolved_models=[]
[9/19/2026, 12:24:43 PM.592] [Info] [AgentModelResolver] agent "enhance-prompt" original_models=undefined -> resolved_models=[]
[9/19/2026, 12:24:43 PM.595] [Info] [Merge] Step 1 (local + overlay): localModels=42, overlayModels=51, mergedModels=51
[9/19/2026, 12:24:43 PM.595] [Info] [Merge] Step 2 (+enterprise): enterpriseModels=0, totalModels=51
[9/19/2026, 12:24:43 PM.595] [Info] [Merge] Step 3 (+custom): customModels=0, totalModels=51
[9/19/2026, 12:24:43 PM.595] [Info] [Merge] Step 4 (availableModels filter): finalModels=51, cli.models=["auto","hy4-preview-f","hy3","hy3-x","deepseek-v4.1-flash","glm-5.3","glm-5.3-flash","glm-5.2","glm-5.1","glm-5v-turbo","minimax-m3","kimi-k3-1","kimi-k2.8-preview","kimi-k2.7","kimi-k2.6","deepseek-v4-pro"]
[9/19/2026, 12:24:43 PM.669] [Info] [WeixinClawBotClient] pollLoop iteration begin {"iteration":22256,"cursorLen":96}
[9/19/2026, 12:24:44 PM.542] [Info] [CentrifugoClient] Connected successfully
[9/19/2026, 12:24:44 PM.542] [Info] [ClawService] Centrifugo status: connected
[9/19/2026, 12:24:44 PM.542] [Info] [CentrifugoClient] Subscribed to channel: copilot_workbuddy:fdee3d54-95b6-4e9c-aaff-50ad9505aab4_25e526bc70aeedffd6ce569154fcfedd_e76b49539422036c
[9/19/2026, 12:25:02 PM.435] [Info] [WeixinClawBotClient] pollLoop getUpdates returned {"iteration":22256,"elapsedMs":18765,"hasBuf":true,"msgs":0}
[9/19/2026, 12:25:02 PM.448] [Info] [WeixinClawBotClient] pollLoop iteration begin {"iteration":22257,"cursorLen":96}
[9/19/2026, 12:25:20 PM.615] [Info] [WeixinClawBotClient] pollLoop getUpdates returned {"iteration":22257,"elapsedMs":18178,"hasBuf":true,"msgs":0}
[9/19/2026, 12:25:20 PM.618] [Info] [WeixinClawBotClient] pollLoop iteration begin {"iteration":22258,"cursorLen":96}
[9/19/2026, 12:41:03 PM.017] [Info] [CentrifugoClient] Re-subscribing to copilot_workbuddy:fdee3d54-95b6-4e9c-aaff-50ad9505aab4_25e526bc70aeedffd6ce569154fcfedd_e76b49539422036c: transport closed (code: 1)
[9/19/2026, 12:41:03 PM.017] [Info] [CentrifugoClient] Reconnecting: no ping (code: 2)
[9/19/2026, 12:41:03 PM.017] [Info] [ClawService] Centrifugo status: connecting
[9/19/2026, 12:41:03 PM.020] [Info] [WorkbuddyEnterpriseModels] enterpriseId: undefined, endpoint: https://copilot.tencent.com
[9/19/2026, 12:41:03 PM.021] [Info] [AgentModelResolver] product config input: 42 models, 18 agents
[9/19/2026, 12:41:03 PM.021] [Info] [AgentModelResolver] model ids: default, deepseek-v4-pro, deepseek-v4-flash, deepseek-v3-2-volc, minimax-m2.5, minimax-m2.7, minimax-m3-play, glm-5.1, glm-5.0, glm-5.0-turbo, glm-5v-turbo, glm-4.7, glm-4.6, glm-4.6v, kimi-k2.6, kimi-k2.5, kimi-k2-thinking, hy3-preview-agent, hunyuan-chat, hunyuan-image-v3.0, auto, hy3-preview, hunyuan-2.0-thinking, deepseek-v3-1-volc, deepseek-v3-1-lkeap, deepseek-v3-1, deepseek-v3-0324-lkeap, deepseek-r1-0528-lkeap, kimi-k2-instruct-taiji, completion-gf, default-1.1, hunyuan-3b, hunyuan-7b-dense, codewise-completions, codewise-rewrite, codewise-nes-a4-027-aide, codewise-jump, deepseek-r1-0528, deepseek-v3-0324-taco-completion, deepseek-v3-0324, default-1.2, hunyuan-2.0-instruct
[9/19/2026, 12:41:03 PM.021] [Info] [AgentModelResolver] agent "cli" original_models=["auto","glm-5v-turbo","glm-5.1","glm-5.0-turbo","glm-5.0","glm-4.7","kimi-k2.5","minimax-m2.7","deepseek-v3-2-volc"] -> resolved_models=["auto","glm-5v-turbo","glm-5.1","glm-5.0-turbo","glm-5.0","glm-4.7","kimi-k2.5","minimax-m2.7","deepseek-v3-2-volc"]
[9/19/2026, 12:41:03 PM.021] [Info] [AgentModelResolver] agent "general-purpose" original_models=undefined -> resolved_models=[]
[9/19/2026, 12:41:03 PM.021] [Info] [AgentModelResolver] agent "compact" original_models=undefined -> resolved_models=[]
[9/19/2026, 12:41:03 PM.021] [Info] [AgentModelResolver] agent "contextSummary" original_models=undefined -> resolved_models=[]
[9/19/2026, 12:41:03 PM.021] [Info] [AgentModelResolver] agent "contentAnalyzer" original_models=undefined -> resolved_models=[]
[9/19/2026, 12:41:03 PM.021] [Info] [AgentModelResolver] agent "terminalTitleGenerator" original_models=undefined -> resolved_models=[]
[9/19/2026, 12:41:03 PM.021] [Info] [AgentModelResolver] agent "promptSuggestion" original_models=undefined -> resolved_models=[]
[9/19/2026, 12:41:03 PM.021] [Info] [AgentModelResolver] agent "memorySelector" original_models=["lite"] -> resolved_models=["lite"]
[9/19/2026, 12:41:03 PM.021] [Info] [AgentModelResolver] agent "summaryGenerator" original_models=undefined -> resolved_models=[]
[9/19/2026, 12:41:03 PM.021] [Info] [AgentModelResolver] agent "autoModeClassifier" original_models=undefined -> resolved_models=[]
[9/19/2026, 12:41:03 PM.021] [Info] [AgentModelResolver] agent "promptHookEvaluator" original_models=["lite"] -> resolved_models=["lite"]
[9/19/2026, 12:41:03 PM.021] [Info] [AgentModelResolver] agent "insightsAnalyzer" original_models=undefined -> resolved_models=[]
[9/19/2026, 12:41:03 PM.021] [Info] [AgentModelResolver] agent "agentInstructions" original_models=undefined -> resolved_models=[]
[9/19/2026, 12:41:03 PM.021] [Info] [AgentModelResolver] agent "statusline-setup" original_models=undefined -> resolved_models=[]
[9/19/2026, 12:41:03 PM.021] [Info] [AgentModelResolver] agent "Explore" original_models=["lite"] -> resolved_models=["lite"]
[9/19/2026, 12:41:03 PM.021] [Info] [AgentModelResolver] agent "Plan" original_models=undefined -> resolved_models=[]
[9/19/2026, 12:41:03 PM.021] [Info] [AgentModelResolver] agent "pulse" original_models=undefined -> resolved_models=[]
[9/19/2026, 12:41:03 PM.021] [Info] [AgentModelResolver] agent "enhance-prompt" original_models=undefined -> resolved_models=[]
[9/19/2026, 12:41:03 PM.038] [Info] [Merge] Step 1 (local + overlay): localModels=42, overlayModels=51, mergedModels=51
[9/19/2026, 12:41:03 PM.038] [Info] [Merge] Step 2 (+enterprise): enterpriseModels=0, totalModels=51
[9/19/2026, 12:41:03 PM.038] [Info] [Merge] Step 3 (+custom): customModels=0, totalModels=51
[9/19/2026, 12:41:03 PM.038] [Info] [Merge] Step 4 (availableModels filter): finalModels=51, cli.models=["auto","hy4-preview-f","hy3","hy3-x","deepseek-v4.1-flash","glm-5.3","glm-5.3-flash","glm-5.2","glm-5.1","glm-5v-turbo","minimax-m3","kimi-k3-1","kimi-k2.8-preview","kimi-k2.7","kimi-k2.6","deepseek-v4-pro"]
[9/19/2026, 12:41:03 PM.039] [Info] [WeixinClawBotClient] pollLoop getUpdates returned {"iteration":22258,"elapsedMs":942422,"ret":0,"hasBuf":true,"msgs":0}
[9/19/2026, 12:41:03 PM.039] [Info] [WorkbuddyEnterpriseModels] enterpriseId: undefined, endpoint: https://copilot.tencent.com
[9/19/2026, 12:41:03 PM.039] [Info] [AgentModelResolver] product config input: 42 models, 18 agents
[9/19/2026, 12:41:03 PM.039] [Info] [AgentModelResolver] model ids: default, deepseek-v4-pro, deepseek-v4-flash, deepseek-v3-2-volc, minimax-m2.5, minimax-m2.7, minimax-m3-play, glm-5.1, glm-5.0, glm-5.0-turbo, glm-5v-turbo, glm-4.7, glm-4.6, glm-4.6v, kimi-k2.6, kimi-k2.5, kimi-k2-thinking, hy3-preview-agent, hunyuan-chat, hunyuan-image-v3.0, auto, hy3-preview, hunyuan-2.0-thinking, deepseek-v3-1-volc, deepseek-v3-1-lkeap, deepseek-v3-1, deepseek-v3-0324-lkeap, deepseek-r1-0528-lkeap, kimi-k2-instruct-taiji, completion-gf, default-1.1, hunyuan-3b, hunyuan-7b-dense, codewise-completions, codewise-rewrite, codewise-nes-a4-027-aide, codewise-jump, deepseek-r1-0528, deepseek-v3-0324-taco-completion, deepseek-v3-0324, default-1.2, hunyuan-2.0-instruct
[9/19/2026, 12:41:03 PM.039] [Info] [AgentModelResolver] agent "cli" original_models=["auto","glm-5v-turbo","glm-5.1","glm-5.0-turbo","glm-5.0","glm-4.7","kimi-k2.5","minimax-m2.7","deepseek-v3-2-volc"] -> resolved_models=["auto","glm-5v-turbo","glm-5.1","glm-5.0-turbo","glm-5.0","glm-4.7","kimi-k2.5","minimax-m2.7","deepseek-v3-2-volc"]
[9/19/2026, 12:41:03 PM.039] [Info] [AgentModelResolver] agent "general-purpose" original_models=undefined -> resolved_models=[]
[9/19/2026, 12:41:03 PM.039] [Info] [AgentModelResolver] agent "compact" original_models=undefined -> resolved_models=[]
[9/19/2026, 12:41:03 PM.039] [Info] [AgentModelResolver] agent "contextSummary" original_models=undefined -> resolved_models=[]
[9/19/2026, 12:41:03 PM.039] [Info] [AgentModelResolver] agent "contentAnalyzer" original_models=undefined -> resolved_models=[]
[9/19/2026, 12:41:03 PM.039] [Info] [AgentModelResolver] agent "terminalTitleGenerator" original_models=undefined -> resolved_models=[]
[9/19/2026, 12:41:03 PM.039] [Info] [AgentModelResolver] agent "promptSuggestion" original_models=undefined -> resolved_models=[]
[9/19/2026, 12:41:03 PM.039] [Info] [AgentModelResolver] agent "memorySelector" original_models=["lite"] -> resolved_models=["lite"]
[9/19/2026, 12:41:03 PM.039] [Info] [AgentModelResolver] agent "summaryGenerator" original_models=undefined -> resolved_models=[]
[9/19/2026, 12:41:03 PM.039] [Info] [AgentModelResolver] agent "autoModeClassifier" original_models=undefined -> resolved_models=[]
[9/19/2026, 12:41:03 PM.039] [Info] [AgentModelResolver] agent "promptHookEvaluator" original_models=["lite"] -> resolved_models=["lite"]
[9/19/2026, 12:41:03 PM.039] [Info] [AgentModelResolver] agent "insightsAnalyzer" original_models=undefined -> resolved_models=[]
[9/19/2026, 12:41:03 PM.039] [Info] [AgentModelResolver] agent "agentInstructions" original_models=undefined -> resolved_models=[]
[9/19/2026, 12:41:03 PM.039] [Info] [AgentModelResolver] agent "statusline-setup" original_models=undefined -> resolved_models=[]
[9/19/2026, 12:41:03 PM.039] [Info] [AgentModelResolver] agent "Explore" original_models=["lite"] -> resolved_models=["lite"]
[9/19/2026, 12:41:03 PM.039] [Info] [AgentModelResolver] agent "Plan" original_models=undefined -> resolved_models=[]
[9/19/2026, 12:41:03 PM.039] [Info] [AgentModelResolver] agent "pulse" original_models=undefined -> resolved_models=[]
[9/19/2026, 12:41:03 PM.039] [Info] [AgentModelResolver] agent "enhance-prompt" original_models=undefined -> resolved_models=[]
[9/19/2026, 12:41:03 PM.042] [Info] [Merge] Step 1 (local + overlay): localModels=42, overlayModels=51, mergedModels=51
[9/19/2026, 12:41:03 PM.042] [Info] [Merge] Step 2 (+enterprise): enterpriseModels=0, totalModels=51
[9/19/2026, 12:41:03 PM.042] [Info] [Merge] Step 3 (+custom): customModels=0, totalModels=51
[9/19/2026, 12:41:03 PM.042] [Info] [Merge] Step 4 (availableModels filter): finalModels=51, cli.models=["auto","hy4-preview-f","hy3","hy3-x","deepseek-v4.1-flash","glm-5.3","glm-5.3-flash","glm-5.2","glm-5.1","glm-5v-turbo","minimax-m3","kimi-k3-1","kimi-k2.8-preview","kimi-k2.7","kimi-k2.6","deepseek-v4-pro"]
[9/19/2026, 12:41:03 PM.129] [Info] [WeixinClawBotClient] pollLoop iteration begin {"iteration":22259,"cursorLen":96}
[9/19/2026, 12:41:03 PM.830] [Info] [CentrifugoClient] Connected successfully
[9/19/2026, 12:41:03 PM.830] [Info] [ClawService] Centrifugo status: connected
[9/19/2026, 12:41:03 PM.831] [Info] [CentrifugoClient] Subscribed to channel: copilot_workbuddy:fdee3d54-95b6-4e9c-aaff-50ad9505aab4_25e526bc70aeedffd6ce569154fcfedd_e76b49539422036c
[9/19/2026, 12:41:21 PM.766] [Info] [WeixinClawBotClient] pollLoop getUpdates returned {"iteration":22259,"elapsedMs":18637,"hasBuf":true,"msgs":0}
[9/19/2026, 12:41:21 PM.779] [Info] [WeixinClawBotClient] pollLoop iteration begin {"iteration":22260,"cursorLen":96}
[9/19/2026, 12:41:39 PM.927] [Info] [WeixinClawBotClient] pollLoop getUpdates returned {"iteration":22260,"elapsedMs":18160,"hasBuf":true,"msgs":0}
[9/19/2026, 12:41:39 PM.931] [Info] [WeixinClawBotClient] pollLoop iteration begin {"iteration":22261,"cursorLen":96}
[9/19/2026, 12:53:11 PM.776] [Info] [CentrifugoClient] Re-subscribing to copilot_workbuddy:fdee3d54-95b6-4e9c-aaff-50ad9505aab4_25e526bc70aeedffd6ce569154fcfedd_e76b49539422036c: transport closed (code: 1)
[9/19/2026, 12:53:11 PM.776] [Info] [CentrifugoClient] Reconnecting: no ping (code: 2)
[9/19/2026, 12:53:11 PM.776] [Info] [ClawService] Centrifugo status: connecting
[9/19/2026, 12:53:11 PM.777] [Info] [WorkbuddyEnterpriseModels] enterpriseId: undefined, endpoint: https://copilot.tencent.com
[9/19/2026, 12:53:11 PM.777] [Info] [AgentModelResolver] product config input: 42 models, 18 agents
[9/19/2026, 12:53:11 PM.777] [Info] [AgentModelResolver] model ids: default, deepseek-v4-pro, deepseek-v4-flash, deepseek-v3-2-volc, minimax-m2.5, minimax-m2.7, minimax-m3-play, glm-5.1, glm-5.0, glm-5.0-turbo, glm-5v-turbo, glm-4.7, glm-4.6, glm-4.6v, kimi-k2.6, kimi-k2.5, kimi-k2-thinking, hy3-preview-agent, hunyuan-chat, hunyuan-image-v3.0, auto, hy3-preview, hunyuan-2.0-thinking, deepseek-v3-1-volc, deepseek-v3-1-lkeap, deepseek-v3-1, deepseek-v3-0324-lkeap, deepseek-r1-0528-lkeap, kimi-k2-instruct-taiji, completion-gf, default-1.1, hunyuan-3b, hunyuan-7b-dense, codewise-completions, codewise-rewrite, codewise-nes-a4-027-aide, codewise-jump, deepseek-r1-0528, deepseek-v3-0324-taco-completion, deepseek-v3-0324, default-1.2, hunyuan-2.0-instruct
[9/19/2026, 12:53:11 PM.777] [Info] [AgentModelResolver] agent "cli" original_models=["auto","glm-5v-turbo","glm-5.1","glm-5.0-turbo","glm-5.0","glm-4.7","kimi-k2.5","minimax-m2.7","deepseek-v3-2-volc"] -> resolved_models=["auto","glm-5v-turbo","glm-5.1","glm-5.0-turbo","glm-5.0","glm-4.7","kimi-k2.5","minimax-m2.7","deepseek-v3-2-volc"]
[9/19/2026, 12:53:11 PM.777] [Info] [AgentModelResolver] agent "general-purpose" original_models=undefined -> resolved_models=[]
[9/19/2026, 12:53:11 PM.777] [Info] [AgentModelResolver] agent "compact" original_models=undefined -> resolved_models=[]
[9/19/2026, 12:53:11 PM.777] [Info] [AgentModelResolver] agent "contextSummary" original_models=undefined -> resolved_models=[]
[9/19/2026, 12:53:11 PM.777] [Info] [AgentModelResolver] agent "contentAnalyzer" original_models=undefined -> resolved_models=[]
[9/19/2026, 12:53:11 PM.777] [Info] [AgentModelResolver] agent "terminalTitleGenerator" original_models=undefined -> resolved_models=[]
[9/19/2026, 12:53:11 PM.777] [Info] [AgentModelResolver] agent "promptSuggestion" original_models=undefined -> resolved_models=[]
[9/19/2026, 12:53:11 PM.777] [Info] [AgentModelResolver] agent "memorySelector" original_models=["lite"] -> resolved_models=["lite"]
[9/19/2026, 12:53:11 PM.777] [Info] [AgentModelResolver] agent "summaryGenerator" original_models=undefined -> resolved_models=[]
[9/19/2026, 12:53:11 PM.777] [Info] [AgentModelResolver] agent "autoModeClassifier" original_models=undefined -> resolved_models=[]
[9/19/2026, 12:53:11 PM.777] [Info] [AgentModelResolver] agent "promptHookEvaluator" original_models=["lite"] -> resolved_models=["lite"]
[9/19/2026, 12:53:11 PM.777] [Info] [AgentModelResolver] agent "insightsAnalyzer" original_models=undefined -> resolved_models=[]
[9/19/2026, 12:53:11 PM.777] [Info] [AgentModelResolver] agent "agentInstructions" original_models=undefined -> resolved_models=[]
[9/19/2026, 12:53:11 PM.777] [Info] [AgentModelResolver] agent "statusline-setup" original_models=undefined -> resolved_models=[]
[9/19/2026, 12:53:11 PM.777] [Info] [AgentModelResolver] agent "Explore" original_models=["lite"] -> resolved_models=["lite"]
[9/19/2026, 12:53:11 PM.777] [Info] [AgentModelResolver] agent "Plan" original_models=undefined -> resolved_models=[]
[9/19/2026, 12:53:11 PM.777] [Info] [AgentModelResolver] agent "pulse" original_models=undefined -> resolved_models=[]
[9/19/2026, 12:53:11 PM.777] [Info] [AgentModelResolver] agent "enhance-prompt" original_models=undefined -> resolved_models=[]
[9/19/2026, 12:53:11 PM.784] [Info] [Merge] Step 1 (local + overlay): localModels=42, overlayModels=51, mergedModels=51
[9/19/2026, 12:53:11 PM.784] [Info] [Merge] Step 2 (+enterprise): enterpriseModels=0, totalModels=51
[9/19/2026, 12:53:11 PM.784] [Info] [Merge] Step 3 (+custom): customModels=0, totalModels=51
[9/19/2026, 12:53:11 PM.784] [Info] [Merge] Step 4 (availableModels filter): finalModels=51, cli.models=["auto","hy4-preview-f","hy3","hy3-x","deepseek-v4.1-flash","glm-5.3","glm-5.3-flash","glm-5.2","glm-5.1","glm-5v-turbo","minimax-m3","kimi-k3-1","kimi-k2.8-preview","kimi-k2.7","kimi-k2.6","deepseek-v4-pro"]
[9/19/2026, 12:53:11 PM.785] [Info] [WeixinClawBotClient] pollLoop getUpdates returned {"iteration":22261,"elapsedMs":691856,"ret":0,"hasBuf":true,"msgs":0}
[9/19/2026, 12:53:11 PM.786] [Info] [WorkbuddyEnterpriseModels] enterpriseId: undefined, endpoint: https://copilot.tencent.com
[9/19/2026, 12:53:11 PM.786] [Info] [AgentModelResolver] product config input: 42 models, 18 agents
[9/19/2026, 12:53:11 PM.786] [Info] [AgentModelResolver] model ids: default, deepseek-v4-pro, deepseek-v4-flash, deepseek-v3-2-volc, minimax-m2.5, minimax-m2.7, minimax-m3-play, glm-5.1, glm-5.0, glm-5.0-turbo, glm-5v-turbo, glm-4.7, glm-4.6, glm-4.6v, kimi-k2.6, kimi-k2.5, kimi-k2-thinking, hy3-preview-agent, hunyuan-chat, hunyuan-image-v3.0, auto, hy3-preview, hunyuan-2.0-thinking, deepseek-v3-1-volc, deepseek-v3-1-lkeap, deepseek-v3-1, deepseek-v3-0324-lkeap, deepseek-r1-0528-lkeap, kimi-k2-instruct-taiji, completion-gf, default-1.1, hunyuan-3b, hunyuan-7b-dense, codewise-completions, codewise-rewrite, codewise-nes-a4-027-aide, codewise-jump, deepseek-r1-0528, deepseek-v3-0324-taco-completion, deepseek-v3-0324, default-1.2, hunyuan-2.0-instruct
[9/19/2026, 12:53:11 PM.786] [Info] [AgentModelResolver] agent "cli" original_models=["auto","glm-5v-turbo","glm-5.1","glm-5.0-turbo","glm-5.0","glm-4.7","kimi-k2.5","minimax-m2.7","deepseek-v3-2-volc"] -> resolved_models=["auto","glm-5v-turbo","glm-5.1","glm-5.0-turbo","glm-5.0","glm-4.7","kimi-k2.5","minimax-m2.7","deepseek-v3-2-volc"]
[9/19/2026, 12:53:11 PM.786] [Info] [AgentModelResolver] agent "general-purpose" original_models=undefined -> resolved_models=[]
[9/19/2026, 12:53:11 PM.786] [Info] [AgentModelResolver] agent "compact" original_models=undefined -> resolved_models=[]
[9/19/2026, 12:53:11 PM.786] [Info] [AgentModelResolver] agent "contextSummary" original_models=undefined -> resolved_models=[]
[9/19/2026, 12:53:11 PM.786] [Info] [AgentModelResolver] agent "contentAnalyzer" original_models=undefined -> resolved_models=[]
[9/19/2026, 12:53:11 PM.786] [Info] [AgentModelResolver] agent "terminalTitleGenerator" original_models=undefined -> resolved_models=[]
[9/19/2026, 12:53:11 PM.786] [Info] [AgentModelResolver] agent "promptSuggestion" original_models=undefined -> resolved_models=[]
[9/19/2026, 12:53:11 PM.786] [Info] [AgentModelResolver] agent "memorySelector" original_models=["lite"] -> resolved_models=["lite"]
[9/19/2026, 12:53:11 PM.786] [Info] [AgentModelResolver] agent "summaryGenerator" original_models=undefined -> resolved_models=[]
[9/19/2026, 12:53:11 PM.786] [Info] [AgentModelResolver] agent "autoModeClassifier" original_models=undefined -> resolved_models=[]
[9/19/2026, 12:53:11 PM.786] [Info] [AgentModelResolver] agent "promptHookEvaluator" original_models=["lite"] -> resolved_models=["lite"]
[9/19/2026, 12:53:11 PM.786] [Info] [AgentModelResolver] agent "insightsAnalyzer" original_models=undefined -> resolved_models=[]
[9/19/2026, 12:53:11 PM.786] [Info] [AgentModelResolver] agent "agentInstructions" original_models=undefined -> resolved_models=[]
[9/19/2026, 12:53:11 PM.786] [Info] [AgentModelResolver] agent "statusline-setup" original_models=undefined -> resolved_models=[]
[9/19/2026, 12:53:11 PM.786] [Info] [AgentModelResolver] agent "Explore" original_models=["lite"] -> resolved_models=["lite"]
[9/19/2026, 12:53:11 PM.786] [Info] [AgentModelResolver] agent "Plan" original_models=undefined -> resolved_models=[]
[9/19/2026, 12:53:11 PM.786] [Info] [AgentModelResolver] agent "pulse" original_models=undefined -> resolved_models=[]
[9/19/2026, 12:53:11 PM.786] [Info] [AgentModelResolver] agent "enhance-prompt" original_models=undefined -> resolved_models=[]
[9/19/2026, 12:53:11 PM.794] [Info] [Merge] Step 1 (local + overlay): localModels=42, overlayModels=51, mergedModels=51
[9/19/2026, 12:53:11 PM.794] [Info] [Merge] Step 2 (+enterprise): enterpriseModels=0, totalModels=51
[9/19/2026, 12:53:11 PM.794] [Info] [Merge] Step 3 (+custom): customModels=0, totalModels=51
[9/19/2026, 12:53:11 PM.794] [Info] [Merge] Step 4 (availableModels filter): finalModels=51, cli.models=["auto","hy4-preview-f","hy3","hy3-x","deepseek-v4.1-flash","glm-5.3","glm-5.3-flash","glm-5.2","glm-5.1","glm-5v-turbo","minimax-m3","kimi-k3-1","kimi-k2.8-preview","kimi-k2.7","kimi-k2.6","deepseek-v4-pro"]
[9/19/2026, 12:53:11 PM.832] [Info] [WeixinClawBotClient] pollLoop iteration begin {"iteration":22262,"cursorLen":96}
[9/19/2026, 12:53:12 PM.902] [Info] [CentrifugoClient] Connected successfully
[9/19/2026, 12:53:12 PM.902] [Info] [ClawService] Centrifugo status: connected
[9/19/2026, 12:53:12 PM.919] [Info] [CentrifugoClient] Subscribed to channel: copilot_workbuddy:fdee3d54-95b6-4e9c-aaff-50ad9505aab4_25e526bc70aeedffd6ce569154fcfedd_e76b49539422036c
[9/19/2026, 12:53:30 PM.527] [Info] [WeixinClawBotClient] pollLoop getUpdates returned {"iteration":22262,"elapsedMs":18694,"hasBuf":true,"msgs":0}
[9/19/2026, 12:53:30 PM.540] [Info] [WeixinClawBotClient] pollLoop iteration begin {"iteration":22263,"cursorLen":96}
[9/19/2026, 12:53:48 PM.696] [Info] [WeixinClawBotClient] pollLoop getUpdates returned {"iteration":22263,"elapsedMs":18167,"hasBuf":true,"msgs":0}
[9/19/2026, 12:53:48 PM.700] [Info] [WeixinClawBotClient] pollLoop iteration begin {"iteration":22264,"cursorLen":96}
[9/19/2026, 1:09:27 PM.641] [Info] [CentrifugoClient] Re-subscribing to copilot_workbuddy:fdee3d54-95b6-4e9c-aaff-50ad9505aab4_25e526bc70aeedffd6ce569154fcfedd_e76b49539422036c: transport closed (code: 1)
[9/19/2026, 1:09:27 PM.641] [Info] [CentrifugoClient] Reconnecting: no ping (code: 2)
[9/19/2026, 1:09:27 PM.641] [Info] [ClawService] Centrifugo status: connecting
[9/19/2026, 1:09:27 PM.642] [Info] [WorkbuddyEnterpriseModels] enterpriseId: undefined, endpoint: https://copilot.tencent.com
[9/19/2026, 1:09:27 PM.642] [Info] [AgentModelResolver] product config input: 42 models, 18 agents
[9/19/2026, 1:09:27 PM.642] [Info] [AgentModelResolver] model ids: default, deepseek-v4-pro, deepseek-v4-flash, deepseek-v3-2-volc, minimax-m2.5, minimax-m2.7, minimax-m3-play, glm-5.1, glm-5.0, glm-5.0-turbo, glm-5v-turbo, glm-4.7, glm-4.6, glm-4.6v, kimi-k2.6, kimi-k2.5, kimi-k2-thinking, hy3-preview-agent, hunyuan-chat, hunyuan-image-v3.0, auto, hy3-preview, hunyuan-2.0-thinking, deepseek-v3-1-volc, deepseek-v3-1-lkeap, deepseek-v3-1, deepseek-v3-0324-lkeap, deepseek-r1-0528-lkeap, kimi-k2-instruct-taiji, completion-gf, default-1.1, hunyuan-3b, hunyuan-7b-dense, codewise-completions, codewise-rewrite, codewise-nes-a4-027-aide, codewise-jump, deepseek-r1-0528, deepseek-v3-0324-taco-completion, deepseek-v3-0324, default-1.2, hunyuan-2.0-instruct
[9/19/2026, 1:09:27 PM.642] [Info] [AgentModelResolver] agent "cli" original_models=["auto","glm-5v-turbo","glm-5.1","glm-5.0-turbo","glm-5.0","glm-4.7","kimi-k2.5","minimax-m2.7","deepseek-v3-2-volc"] -> resolved_models=["auto","glm-5v-turbo","glm-5.1","glm-5.0-turbo","glm-5.0","glm-4.7","kimi-k2.5","minimax-m2.7","deepseek-v3-2-volc"]
[9/19/2026, 1:09:27 PM.642] [Info] [AgentModelResolver] agent "general-purpose" original_models=undefined -> resolved_models=[]
[9/19/2026, 1:09:27 PM.642] [Info] [AgentModelResolver] agent "compact" original_models=undefined -> resolved_models=[]
[9/19/2026, 1:09:27 PM.642] [Info] [AgentModelResolver] agent "contextSummary" original_models=undefined -> resolved_models=[]
[9/19/2026, 1:09:27 PM.642] [Info] [AgentModelResolver] agent "contentAnalyzer" original_models=undefined -> resolved_models=[]
[9/19/2026, 1:09:27 PM.642] [Info] [AgentModelResolver] agent "terminalTitleGenerator" original_models=undefined -> resolved_models=[]
[9/19/2026, 1:09:27 PM.642] [Info] [AgentModelResolver] agent "promptSuggestion" original_models=undefined -> resolved_models=[]
[9/19/2026, 1:09:27 PM.642] [Info] [AgentModelResolver] agent "memorySelector" original_models=["lite"] -> resolved_models=["lite"]
[9/19/2026, 1:09:27 PM.642] [Info] [AgentModelResolver] agent "summaryGenerator" original_models=undefined -> resolved_models=[]
[9/19/2026, 1:09:27 PM.642] [Info] [AgentModelResolver] agent "autoModeClassifier" original_models=undefined -> resolved_models=[]
[9/19/2026, 1:09:27 PM.642] [Info] [AgentModelResolver] agent "promptHookEvaluator" original_models=["lite"] -> resolved_models=["lite"]
[9/19/2026, 1:09:27 PM.642] [Info] [AgentModelResolver] agent "insightsAnalyzer" original_models=undefined -> resolved_models=[]
[9/19/2026, 1:09:27 PM.642] [Info] [AgentModelResolver] agent "agentInstructions" original_models=undefined -> resolved_models=[]
[9/19/2026, 1:09:27 PM.642] [Info] [AgentModelResolver] agent "statusline-setup" original_models=undefined -> resolved_models=[]
[9/19/2026, 1:09:27 PM.642] [Info] [AgentModelResolver] agent "Explore" original_models=["lite"] -> resolved_models=["lite"]
[9/19/2026, 1:09:27 PM.642] [Info] [AgentModelResolver] agent "Plan" original_models=undefined -> resolved_models=[]
[9/19/2026, 1:09:27 PM.642] [Info] [AgentModelResolver] agent "pulse" original_models=undefined -> resolved_models=[]
[9/19/2026, 1:09:27 PM.642] [Info] [AgentModelResolver] agent "enhance-prompt" original_models=undefined -> resolved_models=[]
[9/19/2026, 1:09:27 PM.646] [Info] [Merge] Step 1 (local + overlay): localModels=42, overlayModels=51, mergedModels=51
[9/19/2026, 1:09:27 PM.646] [Info] [Merge] Step 2 (+enterprise): enterpriseModels=0, totalModels=51
[9/19/2026, 1:09:27 PM.646] [Info] [Merge] Step 3 (+custom): customModels=0, totalModels=51
[9/19/2026, 1:09:27 PM.646] [Info] [Merge] Step 4 (availableModels filter): finalModels=51, cli.models=["auto","hy4-preview-f","hy3","hy3-x","deepseek-v4.1-flash","glm-5.3","glm-5.3-flash","glm-5.2","glm-5.1","glm-5v-turbo","minimax-m3","kimi-k3-1","kimi-k2.8-preview","kimi-k2.7","kimi-k2.6","deepseek-v4-pro"]
[9/19/2026, 1:09:27 PM.648] [Info] [WeixinClawBotClient] pollLoop getUpdates returned {"iteration":22264,"elapsedMs":938949,"ret":0,"hasBuf":true,"msgs":0}
[9/19/2026, 1:09:27 PM.648] [Info] [WorkbuddyEnterpriseModels] enterpriseId: undefined, endpoint: https://copilot.tencent.com
[9/19/2026, 1:09:27 PM.648] [Info] [AgentModelResolver] product config input: 42 models, 18 agents
[9/19/2026, 1:09:27 PM.648] [Info] [AgentModelResolver] model ids: default, deepseek-v4-pro, deepseek-v4-flash, deepseek-v3-2-volc, minimax-m2.5, minimax-m2.7, minimax-m3-play, glm-5.1, glm-5.0, glm-5.0-turbo, glm-5v-turbo, glm-4.7, glm-4.6, glm-4.6v, kimi-k2.6, kimi-k2.5, kimi-k2-thinking, hy3-preview-agent, hunyuan-chat, hunyuan-image-v3.0, auto, hy3-preview, hunyuan-2.0-thinking, deepseek-v3-1-volc, deepseek-v3-1-lkeap, deepseek-v3-1, deepseek-v3-0324-lkeap, deepseek-r1-0528-lkeap, kimi-k2-instruct-taiji, completion-gf, default-1.1, hunyuan-3b, hunyuan-7b-dense, codewise-completions, codewise-rewrite, codewise-nes-a4-027-aide, codewise-jump, deepseek-r1-0528, deepseek-v3-0324-taco-completion, deepseek-v3-0324, default-1.2, hunyuan-2.0-instruct
[9/19/2026, 1:09:27 PM.648] [Info] [AgentModelResolver] agent "cli" original_models=["auto","glm-5v-turbo","glm-5.1","glm-5.0-turbo","glm-5.0","glm-4.7","kimi-k2.5","minimax-m2.7","deepseek-v3-2-volc"] -> resolved_models=["auto","glm-5v-turbo","glm-5.1","glm-5.0-turbo","glm-5.0","glm-4.7","kimi-k2.5","minimax-m2.7","deepseek-v3-2-volc"]
[9/19/2026, 1:09:27 PM.648] [Info] [AgentModelResolver] agent "general-purpose" original_models=undefined -> resolved_models=[]
[9/19/2026, 1:09:27 PM.648] [Info] [AgentModelResolver] agent "compact" original_models=undefined -> resolved_models=[]
[9/19/2026, 1:09:27 PM.648] [Info] [AgentModelResolver] agent "contextSummary" original_models=undefined -> resolved_models=[]
[9/19/2026, 1:09:27 PM.648] [Info] [AgentModelResolver] agent "contentAnalyzer" original_models=undefined -> resolved_models=[]
[9/19/2026, 1:09:27 PM.648] [Info] [AgentModelResolver] agent "terminalTitleGenerator" original_models=undefined -> resolved_models=[]
[9/19/2026, 1:09:27 PM.648] [Info] [AgentModelResolver] agent "promptSuggestion" original_models=undefined -> resolved_models=[]
[9/19/2026, 1:09:27 PM.648] [Info] [AgentModelResolver] agent "memorySelector" original_models=["lite"] -> resolved_models=["lite"]
[9/19/2026, 1:09:27 PM.648] [Info] [AgentModelResolver] agent "summaryGenerator" original_models=undefined -> resolved_models=[]
[9/19/2026, 1:09:27 PM.648] [Info] [AgentModelResolver] agent "autoModeClassifier" original_models=undefined -> resolved_models=[]
[9/19/2026, 1:09:27 PM.648] [Info] [AgentModelResolver] agent "promptHookEvaluator" original_models=["lite"] -> resolved_models=["lite"]
[9/19/2026, 1:09:27 PM.648] [Info] [AgentModelResolver] agent "insightsAnalyzer" original_models=undefined -> resolved_models=[]
[9/19/2026, 1:09:27 PM.648] [Info] [AgentModelResolver] agent "agentInstructions" original_models=undefined -> resolved_models=[]
[9/19/2026, 1:09:27 PM.648] [Info] [AgentModelResolver] agent "statusline-setup" original_models=undefined -> resolved_models=[]
[9/19/2026, 1:09:27 PM.648] [Info] [AgentModelResolver] agent "Explore" original_models=["lite"] -> resolved_models=["lite"]
[9/19/2026, 1:09:27 PM.648] [Info] [AgentModelResolver] agent "Plan" original_models=undefined -> resolved_models=[]
[9/19/2026, 1:09:27 PM.648] [Info] [AgentModelResolver] agent "pulse" original_models=undefined -> resolved_models=[]
[9/19/2026, 1:09:27 PM.648] [Info] [AgentModelResolver] agent "enhance-prompt" original_models=undefined -> resolved_models=[]
[9/19/2026, 1:09:27 PM.653] [Info] [Merge] Step 1 (local + overlay): localModels=42, overlayModels=51, mergedModels=51
[9/19/2026, 1:09:27 PM.653] [Info] [Merge] Step 2 (+enterprise): enterpriseModels=0, totalModels=51
[9/19/2026, 1:09:27 PM.653] [Info] [Merge] Step 3 (+custom): customModels=0, totalModels=51
[9/19/2026, 1:09:27 PM.653] [Info] [Merge] Step 4 (availableModels filter): finalModels=51, cli.models=["auto","hy4-preview-f","hy3","hy3-x","deepseek-v4.1-flash","glm-5.3","glm-5.3-flash","glm-5.2","glm-5.1","glm-5v-turbo","minimax-m3","kimi-k3-1","kimi-k2.8-preview","kimi-k2.7","kimi-k2.6","deepseek-v4-pro"]
[9/19/2026, 1:09:27 PM.771] [Info] [WeixinClawBotClient] pollLoop iteration begin {"iteration":22265,"cursorLen":96}
[9/19/2026, 1:09:28 PM.497] [Info] [CentrifugoClient] Connected successfully
[9/19/2026, 1:09:28 PM.497] [Info] [ClawService] Centrifugo status: connected
[9/19/2026, 1:09:28 PM.513] [Info] [CentrifugoClient] Subscribed to channel: copilot_workbuddy:fdee3d54-95b6-4e9c-aaff-50ad9505aab4_25e526bc70aeedffd6ce569154fcfedd_e76b49539422036c
[9/19/2026, 1:09:46 PM.448] [Info] [WeixinClawBotClient] pollLoop getUpdates returned {"iteration":22265,"elapsedMs":18678,"hasBuf":true,"msgs":0}
[9/19/2026, 1:09:46 PM.462] [Info] [WeixinClawBotClient] pollLoop iteration begin {"iteration":22266,"cursorLen":96}
[9/19/2026, 1:10:04 PM.608] [Info] [WeixinClawBotClient] pollLoop getUpdates returned {"iteration":22266,"elapsedMs":18157,"hasBuf":true,"msgs":0}
[9/19/2026, 1:10:04 PM.611] [Info] [WeixinClawBotClient] pollLoop iteration begin {"iteration":22267,"cursorLen":96}
[9/19/2026, 1:12:43 PM.901] [Info] [CentrifugoClient] Re-subscribing to copilot_workbuddy:fdee3d54-95b6-4e9c-aaff-50ad9505aab4_25e526bc70aeedffd6ce569154fcfedd_e76b49539422036c: transport closed (code: 1)
[9/19/2026, 1:12:43 PM.901] [Info] [CentrifugoClient] Reconnecting: no ping (code: 2)
[9/19/2026, 1:12:43 PM.901] [Info] [ClawService] Centrifugo status: connecting
[9/19/2026, 1:12:43 PM.915] [Info] [WeixinClawBotClient] pollLoop getUpdates returned {"iteration":22267,"elapsedMs":159305,"ret":0,"hasBuf":true,"msgs":0}
[9/19/2026, 1:12:44 PM.030] [Info] [AutomationPowerLifecycle] resume detected, waiting for network before automation sweep
[9/19/2026, 1:12:44 PM.030] [Info] [ClawPowerLifecycle] resume detected, scheduling reconnect in 2000ms
[9/19/2026, 1:12:44 PM.056] [Info] [WeixinClawBotClient] pollLoop iteration begin {"iteration":22268,"cursorLen":96}
[9/19/2026, 1:12:44 PM.829] [Info] [CentrifugoClient] Connected successfully
[9/19/2026, 1:12:44 PM.829] [Info] [ClawService] Centrifugo status: connected
[9/19/2026, 1:12:44 PM.833] [Info] [CentrifugoClient] Subscribed to channel: copilot_workbuddy:fdee3d54-95b6-4e9c-aaff-50ad9505aab4_25e526bc70aeedffd6ce569154fcfedd_e76b49539422036c
[9/19/2026, 1:12:45 PM.958] [Info] [ConnectorService] agent-mail MCP: injected into desiredConfigs (url=https://copilot.tencent.com/console/agent-gateway/agentmail/mcp)
[9/19/2026, 1:12:45 PM.958] [Info] [ConnectorService] computePluginMcpConfigs: start (enabledPlugins=7, installedPlugins=41)
[9/19/2026, 1:12:45 PM.958] [Info] [ConnectorService] computePluginMcpConfigs: done in 1ms (installedPlugins=41, selectedPlugins=2, servers=0)
[9/19/2026, 1:12:45 PM.958] [Info] [ConnectorService] refreshAndSync: desiredConfigs has 3 entries, plugin/custom MCP: [custom-mcp:ardot, custom-mcp:netdrive, custom-mcp:agent-mail]
[9/19/2026, 1:12:45 PM.959] [Info] [ConnectorMcpProxy] sync: status=error for custom-mcp:ardot, reconnecting
[9/19/2026, 1:12:45 PM.960] [Info] [ConnectorProxyServer] notifyToolsChanged: 7 sessions
[9/19/2026, 1:12:45 PM.960] [Info] [MCP-DEBUG][custom-mcp:ardot] url=https://ardot.tencent.com/mcp headerNames=[] authProvider={"present":false}
[9/19/2026, 1:12:45 PM.960] [Info] [ConnectorMcpProxy] createTransport(custom-mcp:ardot): order=stream-first (source=type)
[9/19/2026, 1:12:45 PM.961] [Info] [ArdotMCPDiag] [ConnectorMcpProxy] HTTP transport using custom fetch with bodyTimeout=0/headersTimeout=0
[9/19/2026, 1:12:45 PM.968] [Info] [ClawPowerLifecycle] forceReconnect begin channelId=centrifugo transport=shared-webhook-bus
[9/19/2026, 1:12:45 PM.968] [Info] [CentrifugoClient] forceReconnect: disconnect + reconnect (channels=1)
[9/19/2026, 1:12:45 PM.968] [Info] [CentrifugoClient] Disconnecting...
[9/19/2026, 1:12:45 PM.968] [Info] [CentrifugoClient] Re-subscribing to copilot_workbuddy:fdee3d54-95b6-4e9c-aaff-50ad9505aab4_25e526bc70aeedffd6ce569154fcfedd_e76b49539422036c: transport closed (code: 1)
[9/19/2026, 1:12:45 PM.968] [Info] [CentrifugoClient] Disconnected: reason=disconnect called, code=0
[9/19/2026, 1:12:45 PM.968] [Info] [ClawService] Centrifugo status: disconnected
[9/19/2026, 1:12:45 PM.968] [Info] [ClawService] Centrifugo status: connecting
[9/19/2026, 1:12:45 PM.968] [Info] [CentrifugoClient] Connecting to wss://www.codebuddy.cn/v2/agentos/localagent/workspaces/websocket
[9/19/2026, 1:12:45 PM.968] [Info] [CentrifugoClient] Reconnecting: connect called (code: 0)
[9/19/2026, 1:12:45 PM.968] [Info] [ClawPowerLifecycle] forceReconnect begin channelId=weixinClawBot transport=long-poll
[9/19/2026, 1:12:45 PM.968] [Info] [WeixinClawBotClient] forceReconnect: aborting current long-poll {"reason":"system-resume","cursorLen":96,"hasInflight":true}
[9/19/2026, 1:12:45 PM.968] [Info] [CentrifugoClient] Subscribing to channel: copilot_workbuddy:fdee3d54-95b6-4e9c-aaff-50ad9505aab4_25e526bc70aeedffd6ce569154fcfedd_e76b49539422036c
[9/19/2026, 1:12:45 PM.968] [Info] [CentrifugoClient] Re-subscribing to copilot_workbuddy:fdee3d54-95b6-4e9c-aaff-50ad9505aab4_25e526bc70aeedffd6ce569154fcfedd_e76b49539422036c: subscribe called (code: 0)
[9/19/2026, 1:12:45 PM.968] [Info] [ClawPowerLifecycle] forceReconnect done channelId=weixinClawBot transport=long-poll cost=1ms
[9/19/2026, 1:12:45 PM.968] [Info] [ClawPowerLifecycle] forceReconnect done channelId=centrifugo transport=shared-webhook-bus cost=1ms
[9/19/2026, 1:12:45 PM.968] [Info] [WeixinClawBotClient] pollLoop getUpdates returned {"iteration":22268,"elapsedMs":1913,"ret":0,"hasBuf":true,"msgs":0}
[9/19/2026, 1:12:45 PM.968] [Info] [ClawPowerLifecycle] resume wave done count=2 cost=1ms
[9/19/2026, 1:12:45 PM.968] [Info] [waitForNetworkOnline] ready after 1925ms (first probe)
[9/19/2026, 1:12:45 PM.968] [Info] [AutomationPowerLifecycle] network ready after 1925ms, running automation sweep
[9/19/2026, 1:12:45 PM.968] [Info] [AutomationMainService] System resume sweep started: source=resume sleepDurationMs=23072375
[9/19/2026, 1:12:45 PM.969] [Info] [AutomationMainService] System resume sweep finished: source=resume
[9/19/2026, 1:12:45 PM.975] [Info] [WeixinClawBotClient] pollLoop iteration begin {"iteration":22269,"cursorLen":96}
[9/19/2026, 1:12:46 PM.316] [Error] [CentrifugoClient] Error: token expired
[9/19/2026, 1:12:46 PM.316] [Info] [ClawService] Centrifugo status: error (token expired)
[9/19/2026, 1:12:46 PM.403] [Info] [ConnectorMcpProxy] connectWithFallback(custom-mcp:ardot): streamableHttp failed, trying sse: Streamable HTTP error: Error POSTing to endpoint: {"error":"missing bearer token"}
[9/19/2026, 1:12:46 PM.976] [Error] [ConnectorMcpProxy] connectWithFallback(custom-mcp:ardot): both transports failed | streamableHttp: Streamable HTTP error: Error POSTing to endpoint: {"error":"missing bearer token"} | sse: SSE error: Non-200 status code (401)
[9/19/2026, 1:12:46 PM.976] [Info] [ConnectorMcpProxy] markError(custom-mcp:ardot): error=streamableHttp connect failed: Streamable HTTP error: Error POSTing to endpoint: {"error":"missing b
[9/19/2026, 1:12:46 PM.976] [Error] [streamableHttp connect failed: Streamable HTTP error: Error POSTing to endpoint: {"error":"missing bearer token"}; sse connect failed: SSE error: Non-200 status code (401)]  [ConnectorMcpProxy] connect(custom-mcp:ardot) failed:
[9/19/2026, 1:12:46 PM.976] [Info] [ConnectorService] onStatusChanged: raw=custom-mcp:ardot, normalized=custom-mcp:ardot, status=error (streamableHttp connect failed: Streamable HTTP error: Error POSTing to endpoint: {"error":"missing bearer token"}; sse connect failed: SSE error: Non-200 status code (401))
[9/19/2026, 1:12:46 PM.976] [Info] [ConnectorService] onStatusChanged: custom-mcp:ardot not in enabled list, ignoring
[9/19/2026, 1:12:46 PM.978] [Warning] [ConnectorMcpProxy] sync: connect custom-mcp:ardot returned failure: streamableHttp connect failed: Streamable HTTP error: Error POSTing to endpoint: {"error":"missing bearer token"}; sse connect failed: SSE error: Non-200 status code (401)
[9/19/2026, 1:12:46 PM.978] [Info] [ConnectorMcpProxy] sync complete: +0 -0 ~0 !1
[9/19/2026, 1:12:46 PM.978] [Warning] [ConnectorService] sync failures: custom-mcp:ardot
[9/19/2026, 1:12:46 PM.978] [Info] [ConnectorService] Written proxy MCP config to /Users/didi/.workbuddy/.mcp.json (port 50193)
[9/19/2026, 1:12:47 PM.265] [Info] [ClawService] Refreshing workspace credentials: sessionId=fdee3d54-95b6-4e9c-aaff-50ad9505aab4_25e526bc70aeedffd6ce569154fcfedd_e76b49539422036c
[9/19/2026, 1:12:47 PM.673] [Info] [CentrifugoClient] Connected successfully
[9/19/2026, 1:12:47 PM.673] [Info] [ClawService] Centrifugo status: connected
[9/19/2026, 1:12:47 PM.673] [Error] [CentrifugoClient] Subscription error on copilot_workbuddy:fdee3d54-95b6-4e9c-aaff-50ad9505aab4_25e526bc70aeedffd6ce569154fcfedd_e76b49539422036c: token expired
[9/19/2026, 1:12:48 PM.895] [Info] [CentrifugoClient] Subscribed to channel: copilot_workbuddy:fdee3d54-95b6-4e9c-aaff-50ad9505aab4_25e526bc70aeedffd6ce569154fcfedd_e76b49539422036c
[9/19/2026, 1:12:49 PM.275] [Info] [AutomationPowerLifecycle] unlock-screen detected, waiting for network before automation sweep
[9/19/2026, 1:12:50 PM.817] [Info] [waitForNetworkOnline] ready after 1525ms (first probe)
[9/19/2026, 1:12:50 PM.819] [Info] [AutomationPowerLifecycle] network ready after 1525ms, running automation sweep
[9/19/2026, 1:12:50 PM.819] [Info] [AutomationMainService] System resume sweep started: source=unlock-screen sleepDurationMs=23077727
[9/19/2026, 1:12:50 PM.824] [Info] [AutomationMainService] System resume sweep finished: source=unlock-screen
[9/19/2026, 1:13:04 PM.072] [Info] [WeixinClawBotClient] pollLoop getUpdates returned {"iteration":22269,"elapsedMs":18096,"hasBuf":true,"msgs":0}
[9/19/2026, 1:13:04 PM.074] [Info] [WeixinClawBotClient] pollLoop iteration begin {"iteration":22270,"cursorLen":96}
[9/19/2026, 1:13:22 PM.162] [Info] [WeixinClawBotClient] pollLoop getUpdates returned {"iteration":22270,"elapsedMs":18089,"hasBuf":true,"msgs":0}
[9/19/2026, 1:13:22 PM.165] [Info] [WeixinClawBotClient] pollLoop iteration begin {"iteration":22271,"cursorLen":96}
[9/19/2026, 1:13:40 PM.251] [Info] [WeixinClawBotClient] pollLoop getUpdates returned {"iteration":22271,"elapsedMs":18087,"hasBuf":true,"msgs":0}
[9/19/2026, 1:13:40 PM.253] [Info] [WeixinClawBotClient] pollLoop iteration begin {"iteration":22272,"cursorLen":96}
[9/19/2026, 1:13:58 PM.348] [Info] [WeixinClawBotClient] pollLoop getUpdates returned {"iteration":22272,"elapsedMs":18096,"hasBuf":true,"msgs":0}
[9/19/2026, 1:13:58 PM.349] [Info] [WeixinClawBotClient] pollLoop iteration begin {"iteration":22273,"cursorLen":96}
[9/19/2026, 1:14:16 PM.444] [Info] [WeixinClawBotClient] pollLoop getUpdates returned {"iteration":22273,"elapsedMs":18095,"hasBuf":true,"msgs":0}
[9/19/2026, 1:14:16 PM.447] [Info] [WeixinClawBotClient] pollLoop iteration begin {"iteration":22274,"cursorLen":96}
[9/19/2026, 1:14:34 PM.553] [Info] [WeixinClawBotClient] pollLoop getUpdates returned {"iteration":22274,"elapsedMs":18106,"hasBuf":true,"msgs":0}
[9/19/2026, 1:14:34 PM.555] [Info] [WeixinClawBotClient] pollLoop iteration begin {"iteration":22275,"cursorLen":96}
[9/19/2026, 1:14:52 PM.651] [Info] [WeixinClawBotClient] pollLoop getUpdates returned {"iteration":22275,"elapsedMs":18097,"hasBuf":true,"msgs":0}
[9/19/2026, 1:14:52 PM.656] [Info] [WeixinClawBotClient] pollLoop iteration begin {"iteration":22276,"cursorLen":96}
[9/19/2026, 1:15:10 PM.814] [Info] [WeixinClawBotClient] pollLoop getUpdates returned {"iteration":22276,"elapsedMs":18157,"hasBuf":true,"msgs":0}
[9/19/2026, 1:15:10 PM.817] [Info] [WeixinClawBotClient] pollLoop iteration begin {"iteration":22277,"cursorLen":96}
[9/19/2026, 1:15:28 PM.917] [Info] [WeixinClawBotClient] pollLoop getUpdates returned {"iteration":22277,"elapsedMs":18102,"hasBuf":true,"msgs":0}
[9/19/2026, 1:15:28 PM.919] [Info] [WeixinClawBotClient] pollLoop iteration begin {"iteration":22278,"cursorLen":96}
[9/19/2026, 1:15:46 PM.999] [Info] [WeixinClawBotClient] pollLoop getUpdates returned {"iteration":22278,"elapsedMs":18080,"hasBuf":true,"msgs":0}
[9/19/2026, 1:15:47 PM.001] [Info] [WeixinClawBotClient] pollLoop iteration begin {"iteration":22279,"cursorLen":96}
[9/19/2026, 1:16:05 PM.472] [Info] [WeixinClawBotClient] pollLoop getUpdates returned {"iteration":22279,"elapsedMs":18464,"hasBuf":true,"msgs":0}
[9/19/2026, 1:16:05 PM.488] [Info] [WeixinClawBotClient] pollLoop iteration begin {"iteration":22280,"cursorLen":96}
[9/19/2026, 1:16:23 PM.578] [Info] [WeixinClawBotClient] pollLoop getUpdates returned {"iteration":22280,"elapsedMs":18096,"hasBuf":true,"msgs":0}
[9/19/2026, 1:16:23 PM.580] [Info] [WeixinClawBotClient] pollLoop iteration begin {"iteration":22281,"cursorLen":96}
[9/19/2026, 1:16:41 PM.680] [Info] [WeixinClawBotClient] pollLoop getUpdates returned {"iteration":22281,"elapsedMs":18100,"hasBuf":true,"msgs":0}
[9/19/2026, 1:16:41 PM.683] [Info] [WeixinClawBotClient] pollLoop iteration begin {"iteration":22282,"cursorLen":96}
[9/19/2026, 1:16:59 PM.781] [Info] [WeixinClawBotClient] pollLoop getUpdates returned {"iteration":22282,"elapsedMs":18099,"hasBuf":true,"msgs":0}
[9/19/2026, 1:16:59 PM.783] [Info] [WeixinClawBotClient] pollLoop iteration begin {"iteration":22283,"cursorLen":96}
[9/19/2026, 1:17:17 PM.888] [Info] [WeixinClawBotClient] pollLoop getUpdates returned {"iteration":22283,"elapsedMs":18105,"hasBuf":true,"msgs":0}
[9/19/2026, 1:17:17 PM.891] [Info] [WeixinClawBotClient] pollLoop iteration begin {"iteration":22284,"cursorLen":96}
[9/19/2026, 1:17:27 PM.529] [Info] [WorkbuddyEnterpriseModels] enterpriseId: undefined, endpoint: https://copilot.tencent.com
[9/19/2026, 1:17:27 PM.530] [Info] [AgentModelResolver] product config input: 42 models, 18 agents
[9/19/2026, 1:17:27 PM.530] [Info] [AgentModelResolver] model ids: default, deepseek-v4-pro, deepseek-v4-flash, deepseek-v3-2-volc, minimax-m2.5, minimax-m2.7, minimax-m3-play, glm-5.1, glm-5.0, glm-5.0-turbo, glm-5v-turbo, glm-4.7, glm-4.6, glm-4.6v, kimi-k2.6, kimi-k2.5, kimi-k2-thinking, hy3-preview-agent, hunyuan-chat, hunyuan-image-v3.0, auto, hy3-preview, hunyuan-2.0-thinking, deepseek-v3-1-volc, deepseek-v3-1-lkeap, deepseek-v3-1, deepseek-v3-0324-lkeap, deepseek-r1-0528-lkeap, kimi-k2-instruct-taiji, completion-gf, default-1.1, hunyuan-3b, hunyuan-7b-dense, codewise-completions, codewise-rewrite, codewise-nes-a4-027-aide, codewise-jump, deepseek-r1-0528, deepseek-v3-0324-taco-completion, deepseek-v3-0324, default-1.2, hunyuan-2.0-instruct
[9/19/2026, 1:17:27 PM.530] [Info] [AgentModelResolver] agent "cli" original_models=["auto","glm-5v-turbo","glm-5.1","glm-5.0-turbo","glm-5.0","glm-4.7","kimi-k2.5","minimax-m2.7","deepseek-v3-2-volc"] -> resolved_models=["auto","glm-5v-turbo","glm-5.1","glm-5.0-turbo","glm-5.0","glm-4.7","kimi-k2.5","minimax-m2.7","deepseek-v3-2-volc"]
[9/19/2026, 1:17:27 PM.530] [Info] [AgentModelResolver] agent "general-purpose" original_models=undefined -> resolved_models=[]
[9/19/2026, 1:17:27 PM.530] [Info] [AgentModelResolver] agent "compact" original_models=undefined -> resolved_models=[]
[9/19/2026, 1:17:27 PM.530] [Info] [AgentModelResolver] agent "contextSummary" original_models=undefined -> resolved_models=[]
[9/19/2026, 1:17:27 PM.530] [Info] [AgentModelResolver] agent "contentAnalyzer" original_models=undefined -> resolved_models=[]
[9/19/2026, 1:17:27 PM.530] [Info] [AgentModelResolver] agent "terminalTitleGenerator" original_models=undefined -> resolved_models=[]
[9/19/2026, 1:17:27 PM.530] [Info] [AgentModelResolver] agent "promptSuggestion" original_models=undefined -> resolved_models=[]
[9/19/2026, 1:17:27 PM.530] [Info] [AgentModelResolver] agent "memorySelector" original_models=["lite"] -> resolved_models=["lite"]
[9/19/2026, 1:17:27 PM.530] [Info] [AgentModelResolver] agent "summaryGenerator" original_models=undefined -> resolved_models=[]
[9/19/2026, 1:17:27 PM.530] [Info] [AgentModelResolver] agent "autoModeClassifier" original_models=undefined -> resolved_models=[]
[9/19/2026, 1:17:27 PM.530] [Info] [AgentModelResolver] agent "promptHookEvaluator" original_models=["lite"] -> resolved_models=["lite"]
[9/19/2026, 1:17:27 PM.530] [Info] [AgentModelResolver] agent "insightsAnalyzer" original_models=undefined -> resolved_models=[]
[9/19/2026, 1:17:27 PM.530] [Info] [AgentModelResolver] agent "agentInstructions" original_models=undefined -> resolved_models=[]
[9/19/2026, 1:17:27 PM.530] [Info] [AgentModelResolver] agent "statusline-setup" original_models=undefined -> resolved_models=[]
[9/19/2026, 1:17:27 PM.530] [Info] [AgentModelResolver] agent "Explore" original_models=["lite"] -> resolved_models=["lite"]
[9/19/2026, 1:17:27 PM.530] [Info] [AgentModelResolver] agent "Plan" original_models=undefined -> resolved_models=[]
[9/19/2026, 1:17:27 PM.530] [Info] [AgentModelResolver] agent "pulse" original_models=undefined -> resolved_models=[]
[9/19/2026, 1:17:27 PM.530] [Info] [AgentModelResolver] agent "enhance-prompt" original_models=undefined -> resolved_models=[]
[9/19/2026, 1:17:27 PM.539] [Info] [Merge] Step 1 (local + overlay): localModels=42, overlayModels=51, mergedModels=51
[9/19/2026, 1:17:27 PM.539] [Info] [Merge] Step 2 (+enterprise): enterpriseModels=0, totalModels=51
[9/19/2026, 1:17:27 PM.539] [Info] [Merge] Step 3 (+custom): customModels=0, totalModels=51
[9/19/2026, 1:17:27 PM.539] [Info] [Merge] Step 4 (availableModels filter): finalModels=51, cli.models=["auto","hy4-preview-f","hy3","hy3-x","deepseek-v4.1-flash","glm-5.3","glm-5.3-flash","glm-5.2","glm-5.1","glm-5v-turbo","minimax-m3","kimi-k3-1","kimi-k2.8-preview","kimi-k2.7","kimi-k2.6","deepseek-v4-pro"]
[9/19/2026, 1:17:35 PM.988] [Info] [WeixinClawBotClient] pollLoop getUpdates returned {"iteration":22284,"elapsedMs":18099,"hasBuf":true,"msgs":0}
[9/19/2026, 1:17:35 PM.989] [Info] [WeixinClawBotClient] pollLoop iteration begin {"iteration":22285,"cursorLen":96}
[9/19/2026, 1:17:54 PM.086] [Info] [WeixinClawBotClient] pollLoop getUpdates returned {"iteration":22285,"elapsedMs":18097,"hasBuf":true,"msgs":0}
[9/19/2026, 1:17:54 PM.087] [Info] [WeixinClawBotClient] pollLoop iteration begin {"iteration":22286,"cursorLen":96}
[9/19/2026, 1:18:12 PM.183] [Info] [WeixinClawBotClient] pollLoop getUpdates returned {"iteration":22286,"elapsedMs":18096,"hasBuf":true,"msgs":0}
[9/19/2026, 1:18:12 PM.185] [Info] [WeixinClawBotClient] pollLoop iteration begin {"iteration":22287,"cursorLen":96}
[9/19/2026, 1:18:30 PM.281] [Info] [WeixinClawBotClient] pollLoop getUpdates returned {"iteration":22287,"elapsedMs":18096,"hasBuf":true,"msgs":0}
[9/19/2026, 1:18:30 PM.283] [Info] [WeixinClawBotClient] pollLoop iteration begin {"iteration":22288,"cursorLen":96}
[9/19/2026, 1:18:48 PM.381] [Info] [WeixinClawBotClient] pollLoop getUpdates returned {"iteration":22288,"elapsedMs":18099,"hasBuf":true,"msgs":0}
[9/19/2026, 1:18:48 PM.382] [Info] [WeixinClawBotClient] pollLoop iteration begin {"iteration":22289,"cursorLen":96}
[9/19/2026, 1:19:06 PM.486] [Info] [WeixinClawBotClient] pollLoop getUpdates returned {"iteration":22289,"elapsedMs":18104,"hasBuf":true,"msgs":0}
[9/19/2026, 1:19:06 PM.488] [Info] [WeixinClawBotClient] pollLoop iteration begin {"iteration":22290,"cursorLen":96}
[9/19/2026, 1:19:24 PM.587] [Info] [WeixinClawBotClient] pollLoop getUpdates returned {"iteration":22290,"elapsedMs":18099,"hasBuf":true,"msgs":0}
[9/19/2026, 1:19:24 PM.588] [Info] [WeixinClawBotClient] pollLoop iteration begin {"iteration":22291,"cursorLen":96}
[9/19/2026, 1:19:42 PM.687] [Info] [WeixinClawBotClient] pollLoop getUpdates returned {"iteration":22291,"elapsedMs":18100,"hasBuf":true,"msgs":0}
[9/19/2026, 1:19:42 PM.689] [Info] [WeixinClawBotClient] pollLoop iteration begin {"iteration":22292,"cursorLen":96}
[9/19/2026, 1:20:00 PM.811] [Info] [WeixinClawBotClient] pollLoop getUpdates returned {"iteration":22292,"elapsedMs":18122,"hasBuf":true,"msgs":0}
[9/19/2026, 1:20:00 PM.813] [Info] [WeixinClawBotClient] pollLoop iteration begin {"iteration":22293,"cursorLen":96}
[9/19/2026, 1:20:18 PM.906] [Info] [WeixinClawBotClient] pollLoop getUpdates returned {"iteration":22293,"elapsedMs":18094,"hasBuf":true,"msgs":0}
[9/19/2026, 1:20:18 PM.907] [Info] [WeixinClawBotClient] pollLoop iteration begin {"iteration":22294,"cursorLen":96}
[9/19/2026, 1:20:37 PM.007] [Info] [WeixinClawBotClient] pollLoop getUpdates returned {"iteration":22294,"elapsedMs":18099,"hasBuf":true,"msgs":0}
[9/19/2026, 1:20:37 PM.009] [Info] [WeixinClawBotClient] pollLoop iteration begin {"iteration":22295,"cursorLen":96}
[9/19/2026, 1:20:55 PM.102] [Info] [WeixinClawBotClient] pollLoop getUpdates returned {"iteration":22295,"elapsedMs":18093,"hasBuf":true,"msgs":0}
[9/19/2026, 1:20:55 PM.104] [Info] [WeixinClawBotClient] pollLoop iteration begin {"iteration":22296,"cursorLen":96}
[9/19/2026, 1:21:13 PM.207] [Info] [WeixinClawBotClient] pollLoop getUpdates returned {"iteration":22296,"elapsedMs":18104,"hasBuf":true,"msgs":0}
[9/19/2026, 1:21:13 PM.208] [Info] [WeixinClawBotClient] pollLoop iteration begin {"iteration":22297,"cursorLen":96}
[9/19/2026, 1:21:31 PM.315] [Info] [WeixinClawBotClient] pollLoop getUpdates returned {"iteration":22297,"elapsedMs":18107,"hasBuf":true,"msgs":0}
[9/19/2026, 1:21:31 PM.318] [Info] [WeixinClawBotClient] pollLoop iteration begin {"iteration":22298,"cursorLen":96}
[9/19/2026, 1:21:49 PM.403] [Info] [WeixinClawBotClient] pollLoop getUpdates returned {"iteration":22298,"elapsedMs":18086,"hasBuf":true,"msgs":0}
[9/19/2026, 1:21:49 PM.406] [Info] [WeixinClawBotClient] pollLoop iteration begin {"iteration":22299,"cursorLen":96}
[9/19/2026, 1:22:07 PM.501] [Info] [WeixinClawBotClient] pollLoop getUpdates returned {"iteration":22299,"elapsedMs":18095,"hasBuf":true,"msgs":0}
[9/19/2026, 1:22:07 PM.512] [Info] [WeixinClawBotClient] pollLoop iteration begin {"iteration":22300,"cursorLen":96}
[9/19/2026, 1:22:25 PM.592] [Info] [WeixinClawBotClient] pollLoop getUpdates returned {"iteration":22300,"elapsedMs":18089,"hasBuf":true,"msgs":0}
[9/19/2026, 1:22:25 PM.595] [Info] [WeixinClawBotClient] pollLoop iteration begin {"iteration":22301,"cursorLen":96}
[9/19/2026, 1:22:43 PM.729] [Info] [WeixinClawBotClient] pollLoop getUpdates returned {"iteration":22301,"elapsedMs":18134,"hasBuf":true,"msgs":0}
[9/19/2026, 1:22:43 PM.732] [Info] [WeixinClawBotClient] pollLoop iteration begin {"iteration":22302,"cursorLen":96}
[9/19/2026, 1:23:01 PM.833] [Info] [WeixinClawBotClient] pollLoop getUpdates returned {"iteration":22302,"elapsedMs":18102,"hasBuf":true,"msgs":0}
[9/19/2026, 1:23:01 PM.835] [Info] [WeixinClawBotClient] pollLoop iteration begin {"iteration":22303,"cursorLen":96}
[9/19/2026, 1:23:19 PM.931] [Info] [WeixinClawBotClient] pollLoop getUpdates returned {"iteration":22303,"elapsedMs":18096,"hasBuf":true,"msgs":0}
[9/19/2026, 1:23:19 PM.934] [Info] [WeixinClawBotClient] pollLoop iteration begin {"iteration":22304,"cursorLen":96}
[9/19/2026, 1:23:38 PM.038] [Info] [WeixinClawBotClient] pollLoop getUpdates returned {"iteration":22304,"elapsedMs":18105,"hasBuf":true,"msgs":0}
[9/19/2026, 1:23:38 PM.041] [Info] [WeixinClawBotClient] pollLoop iteration begin {"iteration":22305,"cursorLen":96}
[9/19/2026, 1:23:56 PM.140] [Info] [WeixinClawBotClient] pollLoop getUpdates returned {"iteration":22305,"elapsedMs":18099,"hasBuf":true,"msgs":0}
[9/19/2026, 1:23:56 PM.143] [Info] [WeixinClawBotClient] pollLoop iteration begin {"iteration":22306,"cursorLen":96}
[9/19/2026, 1:24:14 PM.244] [Info] [WeixinClawBotClient] pollLoop getUpdates returned {"iteration":22306,"elapsedMs":18101,"hasBuf":true,"msgs":0}
[9/19/2026, 1:24:14 PM.246] [Info] [WeixinClawBotClient] pollLoop iteration begin {"iteration":22307,"cursorLen":96}
[9/19/2026, 1:24:32 PM.387] [Info] [WeixinClawBotClient] pollLoop getUpdates returned {"iteration":22307,"elapsedMs":18142,"hasBuf":true,"msgs":0}
[9/19/2026, 1:24:32 PM.390] [Info] [WeixinClawBotClient] pollLoop iteration begin {"iteration":22308,"cursorLen":96}
[9/19/2026, 1:24:50 PM.474] [Info] [WeixinClawBotClient] pollLoop getUpdates returned {"iteration":22308,"elapsedMs":18085,"hasBuf":true,"msgs":0}
[9/19/2026, 1:24:50 PM.477] [Info] [WeixinClawBotClient] pollLoop iteration begin {"iteration":22309,"cursorLen":96}
[9/19/2026, 1:25:08 PM.567] [Info] [WeixinClawBotClient] pollLoop getUpdates returned {"iteration":22309,"elapsedMs":18091,"hasBuf":true,"msgs":0}
[9/19/2026, 1:25:08 PM.570] [Info] [WeixinClawBotClient] pollLoop iteration begin {"iteration":22310,"cursorLen":96}
[9/19/2026, 1:25:26 PM.667] [Info] [WeixinClawBotClient] pollLoop getUpdates returned {"iteration":22310,"elapsedMs":18098,"hasBuf":true,"msgs":0}
[9/19/2026, 1:25:26 PM.670] [Info] [WeixinClawBotClient] pollLoop iteration begin {"iteration":22311,"cursorLen":96}
[9/19/2026, 1:25:27 PM.524] [Info] [WorkbuddyEnterpriseModels] enterpriseId: undefined, endpoint: https://copilot.tencent.com
[9/19/2026, 1:25:27 PM.524] [Info] [AgentModelResolver] product config input: 42 models, 18 agents
[9/19/2026, 1:25:27 PM.524] [Info] [AgentModelResolver] model ids: default, deepseek-v4-pro, deepseek-v4-flash, deepseek-v3-2-volc, minimax-m2.5, minimax-m2.7, minimax-m3-play, glm-5.1, glm-5.0, glm-5.0-turbo, glm-5v-turbo, glm-4.7, glm-4.6, glm-4.6v, kimi-k2.6, kimi-k2.5, kimi-k2-thinking, hy3-preview-agent, hunyuan-chat, hunyuan-image-v3.0, auto, hy3-preview, hunyuan-2.0-thinking, deepseek-v3-1-volc, deepseek-v3-1-lkeap, deepseek-v3-1, deepseek-v3-0324-lkeap, deepseek-r1-0528-lkeap, kimi-k2-instruct-taiji, completion-gf, default-1.1, hunyuan-3b, hunyuan-7b-dense, codewise-completions, codewise-rewrite, codewise-nes-a4-027-aide, codewise-jump, deepseek-r1-0528, deepseek-v3-0324-taco-completion, deepseek-v3-0324, default-1.2, hunyuan-2.0-instruct
[9/19/2026, 1:25:27 PM.524] [Info] [AgentModelResolver] agent "cli" original_models=["auto","glm-5v-turbo","glm-5.1","glm-5.0-turbo","glm-5.0","glm-4.7","kimi-k2.5","minimax-m2.7","deepseek-v3-2-volc"] -> resolved_models=["auto","glm-5v-turbo","glm-5.1","glm-5.0-turbo","glm-5.0","glm-4.7","kimi-k2.5","minimax-m2.7","deepseek-v3-2-volc"]
[9/19/2026, 1:25:27 PM.524] [Info] [AgentModelResolver] agent "general-purpose" original_models=undefined -> resolved_models=[]
[9/19/2026, 1:25:27 PM.525] [Info] [AgentModelResolver] agent "compact" original_models=undefined -> resolved_models=[]
[9/19/2026, 1:25:27 PM.525] [Info] [AgentModelResolver] agent "contextSummary" original_models=undefined -> resolved_models=[]
[9/19/2026, 1:25:27 PM.525] [Info] [AgentModelResolver] agent "contentAnalyzer" original_models=undefined -> resolved_models=[]
[9/19/2026, 1:25:27 PM.525] [Info] [AgentModelResolver] agent "terminalTitleGenerator" original_models=undefined -> resolved_models=[]
[9/19/2026, 1:25:27 PM.525] [Info] [AgentModelResolver] agent "promptSuggestion" original_models=undefined -> resolved_models=[]
[9/19/2026, 1:25:27 PM.525] [Info] [AgentModelResolver] agent "memorySelector" original_models=["lite"] -> resolved_models=["lite"]
[9/19/2026, 1:25:27 PM.525] [Info] [AgentModelResolver] agent "summaryGenerator" original_models=undefined -> resolved_models=[]
[9/19/2026, 1:25:27 PM.525] [Info] [AgentModelResolver] agent "autoModeClassifier" original_models=undefined -> resolved_models=[]
[9/19/2026, 1:25:27 PM.525] [Info] [AgentModelResolver] agent "promptHookEvaluator" original_models=["lite"] -> resolved_models=["lite"]
[9/19/2026, 1:25:27 PM.525] [Info] [AgentModelResolver] agent "insightsAnalyzer" original_models=undefined -> resolved_models=[]
[9/19/2026, 1:25:27 PM.525] [Info] [AgentModelResolver] agent "agentInstructions" original_models=undefined -> resolved_models=[]
[9/19/2026, 1:25:27 PM.525] [Info] [AgentModelResolver] agent "statusline-setup" original_models=undefined -> resolved_models=[]
[9/19/2026, 1:25:27 PM.525] [Info] [AgentModelResolver] agent "Explore" original_models=["lite"] -> resolved_models=["lite"]
[9/19/2026, 1:25:27 PM.525] [Info] [AgentModelResolver] agent "Plan" original_models=undefined -> resolved_models=[]
[9/19/2026, 1:25:27 PM.525] [Info] [AgentModelResolver] agent "pulse" original_models=undefined -> resolved_models=[]
[9/19/2026, 1:25:27 PM.525] [Info] [AgentModelResolver] agent "enhance-prompt" original_models=undefined -> resolved_models=[]
[9/19/2026, 1:25:27 PM.534] [Info] [Merge] Step 1 (local + overlay): localModels=42, overlayModels=51, mergedModels=51
[9/19/2026, 1:25:27 PM.534] [Info] [Merge] Step 2 (+enterprise): enterpriseModels=0, totalModels=51
[9/19/2026, 1:25:27 PM.534] [Info] [Merge] Step 3 (+custom): customModels=0, totalModels=51
[9/19/2026, 1:25:27 PM.534] [Info] [Merge] Step 4 (availableModels filter): finalModels=51, cli.models=["auto","hy4-preview-f","hy3","hy3-x","deepseek-v4.1-flash","glm-5.3","glm-5.3-flash","glm-5.2","glm-5.1","glm-5v-turbo","minimax-m3","kimi-k3-1","kimi-k2.8-preview","kimi-k2.7","kimi-k2.6","deepseek-v4-pro"]
[9/19/2026, 1:25:43 PM.662] [Info] [AutomationPowerLifecycle] unlock-screen detected, waiting for network before automation sweep
[9/19/2026, 1:25:44 PM.767] [Info] [WeixinClawBotClient] pollLoop getUpdates returned {"iteration":22311,"elapsedMs":18097,"hasBuf":true,"msgs":0}
[9/19/2026, 1:25:44 PM.771] [Info] [WeixinClawBotClient] pollLoop iteration begin {"iteration":22312,"cursorLen":96}
[9/19/2026, 1:25:45 PM.180] [Info] [waitForNetworkOnline] ready after 1505ms (first probe)
[9/19/2026, 1:25:45 PM.180] [Info] [AutomationPowerLifecycle] network ready after 1505ms, running automation sweep
[9/19/2026, 1:25:45 PM.180] [Info] [AutomationMainService] System resume sweep started: source=unlock-screen sleepDurationMs=23852081
[9/19/2026, 1:25:45 PM.181] [Info] [AutomationMainService] System resume sweep finished: source=unlock-screen
[9/19/2026, 1:26:02 PM.881] [Info] [WeixinClawBotClient] pollLoop getUpdates returned {"iteration":22312,"elapsedMs":18111,"hasBuf":true,"msgs":0}
[9/19/2026, 1:26:02 PM.884] [Info] [WeixinClawBotClient] pollLoop iteration begin {"iteration":22313,"cursorLen":96}
[9/19/2026, 1:26:20 PM.984] [Info] [WeixinClawBotClient] pollLoop getUpdates returned {"iteration":22313,"elapsedMs":18100,"hasBuf":true,"msgs":0}
[9/19/2026, 1:26:20 PM.987] [Info] [WeixinClawBotClient] pollLoop iteration begin {"iteration":22314,"cursorLen":96}
[9/19/2026, 1:26:39 PM.084] [Info] [WeixinClawBotClient] pollLoop getUpdates returned {"iteration":22314,"elapsedMs":18098,"hasBuf":true,"msgs":0}
[9/19/2026, 1:26:39 PM.087] [Info] [WeixinClawBotClient] pollLoop iteration begin {"iteration":22315,"cursorLen":96}
[9/19/2026, 1:26:57 PM.189] [Info] [WeixinClawBotClient] pollLoop getUpdates returned {"iteration":22315,"elapsedMs":18104,"hasBuf":true,"msgs":0}
[9/19/2026, 1:26:57 PM.191] [Info] [WeixinClawBotClient] pollLoop iteration begin {"iteration":22316,"cursorLen":96}
[9/19/2026, 1:27:15 PM.280] [Info] [WeixinClawBotClient] pollLoop getUpdates returned {"iteration":22316,"elapsedMs":18090,"hasBuf":true,"msgs":0}
[9/19/2026, 1:27:15 PM.283] [Info] [WeixinClawBotClient] pollLoop iteration begin {"iteration":22317,"cursorLen":96}
[9/19/2026, 1:27:33 PM.368] [Info] [WeixinClawBotClient] pollLoop getUpdates returned {"iteration":22317,"elapsedMs":18086,"hasBuf":true,"msgs":0}
[9/19/2026, 1:27:33 PM.370] [Info] [WeixinClawBotClient] pollLoop iteration begin {"iteration":22318,"cursorLen":96}
[9/19/2026, 1:27:51 PM.474] [Info] [WeixinClawBotClient] pollLoop getUpdates returned {"iteration":22318,"elapsedMs":18105,"hasBuf":true,"msgs":0}
[9/19/2026, 1:27:51 PM.477] [Info] [WeixinClawBotClient] pollLoop iteration begin {"iteration":22319,"cursorLen":96}
[9/19/2026, 1:28:09 PM.665] [Info] [WeixinClawBotClient] pollLoop getUpdates returned {"iteration":22319,"elapsedMs":18190,"hasBuf":true,"msgs":0}
[9/19/2026, 1:28:09 PM.668] [Info] [WeixinClawBotClient] pollLoop iteration begin {"iteration":22320,"cursorLen":96}
[9/19/2026, 1:28:27 PM.789] [Info] [WeixinClawBotClient] pollLoop getUpdates returned {"iteration":22320,"elapsedMs":18122,"hasBuf":true,"msgs":0}
[9/19/2026, 1:28:27 PM.794] [Info] [WeixinClawBotClient] pollLoop iteration begin {"iteration":22321,"cursorLen":96}
[9/19/2026, 1:28:34 PM.598] [Info] [AutomationPowerLifecycle] unlock-screen detected, waiting for network before automation sweep
[9/19/2026, 1:28:36 PM.117] [Info] [waitForNetworkOnline] ready after 1516ms (first probe)
[9/19/2026, 1:28:36 PM.118] [Info] [AutomationPowerLifecycle] network ready after 1516ms, running automation sweep
[9/19/2026, 1:28:36 PM.118] [Info] [AutomationMainService] System resume sweep started: source=unlock-screen sleepDurationMs=24023036
[9/19/2026, 1:28:36 PM.119] [Info] [AutomationMainService] System resume sweep finished: source=unlock-screen
[9/19/2026, 1:28:45 PM.889] [Info] [WeixinClawBotClient] pollLoop getUpdates returned {"iteration":22321,"elapsedMs":18096,"hasBuf":true,"msgs":0}
[9/19/2026, 1:28:45 PM.891] [Info] [WeixinClawBotClient] pollLoop iteration begin {"iteration":22322,"cursorLen":96}
[9/19/2026, 1:29:03 PM.983] [Info] [WeixinClawBotClient] pollLoop getUpdates returned {"iteration":22322,"elapsedMs":18093,"hasBuf":true,"msgs":0}
[9/19/2026, 1:29:03 PM.989] [Info] [WeixinClawBotClient] pollLoop iteration begin {"iteration":22323,"cursorLen":96}
[9/19/2026, 1:29:22 PM.087] [Info] [WeixinClawBotClient] pollLoop getUpdates returned {"iteration":22323,"elapsedMs":18102,"hasBuf":true,"msgs":0}
[9/19/2026, 1:29:22 PM.089] [Info] [WeixinClawBotClient] pollLoop iteration begin {"iteration":22324,"cursorLen":96}
[9/19/2026, 1:29:40 PM.189] [Info] [WeixinClawBotClient] pollLoop getUpdates returned {"iteration":22324,"elapsedMs":18101,"hasBuf":true,"msgs":0}
[9/19/2026, 1:29:40 PM.191] [Info] [WeixinClawBotClient] pollLoop iteration begin {"iteration":22325,"cursorLen":96}
[9/19/2026, 1:29:58 PM.281] [Info] [WeixinClawBotClient] pollLoop getUpdates returned {"iteration":22325,"elapsedMs":18091,"hasBuf":true,"msgs":0}
[9/19/2026, 1:29:58 PM.284] [Info] [WeixinClawBotClient] pollLoop iteration begin {"iteration":22326,"cursorLen":96}
[9/19/2026, 1:30:16 PM.434] [Info] [WeixinClawBotClient] pollLoop getUpdates returned {"iteration":22326,"elapsedMs":18151,"hasBuf":true,"msgs":0}
[9/19/2026, 1:30:16 PM.436] [Info] [WeixinClawBotClient] pollLoop iteration begin {"iteration":22327,"cursorLen":96}
[9/19/2026, 1:30:34 PM.532] [Info] [WeixinClawBotClient] pollLoop getUpdates returned {"iteration":22327,"elapsedMs":18097,"hasBuf":true,"msgs":0}
[9/19/2026, 1:30:34 PM.534] [Info] [WeixinClawBotClient] pollLoop iteration begin {"iteration":22328,"cursorLen":96}
[9/19/2026, 1:30:52 PM.683] [Info] [WeixinClawBotClient] pollLoop getUpdates returned {"iteration":22328,"elapsedMs":18150,"hasBuf":true,"msgs":0}
[9/19/2026, 1:30:52 PM.685] [Info] [WeixinClawBotClient] pollLoop iteration begin {"iteration":22329,"cursorLen":96}
[9/19/2026, 1:31:10 PM.770] [Info] [WeixinClawBotClient] pollLoop getUpdates returned {"iteration":22329,"elapsedMs":18085,"hasBuf":true,"msgs":0}
[9/19/2026, 1:31:10 PM.772] [Info] [WeixinClawBotClient] pollLoop iteration begin {"iteration":22330,"cursorLen":96}
[9/19/2026, 1:31:28 PM.865] [Info] [WeixinClawBotClient] pollLoop getUpdates returned {"iteration":22330,"elapsedMs":18094,"hasBuf":true,"msgs":0}
[9/19/2026, 1:31:28 PM.867] [Info] [WeixinClawBotClient] pollLoop iteration begin {"iteration":22331,"cursorLen":96}
[9/19/2026, 1:31:46 PM.966] [Info] [WeixinClawBotClient] pollLoop getUpdates returned {"iteration":22331,"elapsedMs":18099,"hasBuf":true,"msgs":0}
[9/19/2026, 1:31:46 PM.967] [Info] [WeixinClawBotClient] pollLoop iteration begin {"iteration":22332,"cursorLen":96}
[9/19/2026, 1:32:05 PM.077] [Info] [WeixinClawBotClient] pollLoop getUpdates returned {"iteration":22332,"elapsedMs":18111,"hasBuf":true,"msgs":0}
[9/19/2026, 1:32:05 PM.080] [Info] [WeixinClawBotClient] pollLoop iteration begin {"iteration":22333,"cursorLen":96}
[9/19/2026, 1:32:23 PM.192] [Info] [WeixinClawBotClient] pollLoop getUpdates returned {"iteration":22333,"elapsedMs":18113,"hasBuf":true,"msgs":0}
[9/19/2026, 1:32:23 PM.194] [Info] [WeixinClawBotClient] pollLoop iteration begin {"iteration":22334,"cursorLen":96}
[9/19/2026, 1:32:41 PM.288] [Info] [WeixinClawBotClient] pollLoop getUpdates returned {"iteration":22334,"elapsedMs":18094,"hasBuf":true,"msgs":0}
[9/19/2026, 1:32:41 PM.290] [Info] [WeixinClawBotClient] pollLoop iteration begin {"iteration":22335,"cursorLen":96}
[9/19/2026, 1:32:59 PM.386] [Info] [WeixinClawBotClient] pollLoop getUpdates returned {"iteration":22335,"elapsedMs":18096,"hasBuf":true,"msgs":0}
[9/19/2026, 1:32:59 PM.405] [Info] [WeixinClawBotClient] pollLoop iteration begin {"iteration":22336,"cursorLen":96}
[9/19/2026, 1:33:17 PM.489] [Info] [WeixinClawBotClient] pollLoop getUpdates returned {"iteration":22336,"elapsedMs":18091,"hasBuf":true,"msgs":0}
[9/19/2026, 1:33:17 PM.491] [Info] [WeixinClawBotClient] pollLoop iteration begin {"iteration":22337,"cursorLen":96}
[9/19/2026, 1:33:27 PM.516] [Info] [WorkbuddyEnterpriseModels] enterpriseId: undefined, endpoint: https://copilot.tencent.com
[9/19/2026, 1:33:27 PM.517] [Info] [AgentModelResolver] product config input: 42 models, 18 agents
[9/19/2026, 1:33:27 PM.517] [Info] [AgentModelResolver] model ids: default, deepseek-v4-pro, deepseek-v4-flash, deepseek-v3-2-volc, minimax-m2.5, minimax-m2.7, minimax-m3-play, glm-5.1, glm-5.0, glm-5.0-turbo, glm-5v-turbo, glm-4.7, glm-4.6, glm-4.6v, kimi-k2.6, kimi-k2.5, kimi-k2-thinking, hy3-preview-agent, hunyuan-chat, hunyuan-image-v3.0, auto, hy3-preview, hunyuan-2.0-thinking, deepseek-v3-1-volc, deepseek-v3-1-lkeap, deepseek-v3-1, deepseek-v3-0324-lkeap, deepseek-r1-0528-lkeap, kimi-k2-instruct-taiji, completion-gf, default-1.1, hunyuan-3b, hunyuan-7b-dense, codewise-completions, codewise-rewrite, codewise-nes-a4-027-aide, codewise-jump, deepseek-r1-0528, deepseek-v3-0324-taco-completion, deepseek-v3-0324, default-1.2, hunyuan-2.0-instruct
[9/19/2026, 1:33:27 PM.517] [Info] [AgentModelResolver] agent "cli" original_models=["auto","glm-5v-turbo","glm-5.1","glm-5.0-turbo","glm-5.0","glm-4.7","kimi-k2.5","minimax-m2.7","deepseek-v3-2-volc"] -> resolved_models=["auto","glm-5v-turbo","glm-5.1","glm-5.0-turbo","glm-5.0","glm-4.7","kimi-k2.5","minimax-m2.7","deepseek-v3-2-volc"]
[9/19/2026, 1:33:27 PM.517] [Info] [AgentModelResolver] agent "general-purpose" original_models=undefined -> resolved_models=[]
[9/19/2026, 1:33:27 PM.517] [Info] [AgentModelResolver] agent "compact" original_models=undefined -> resolved_models=[]
[9/19/2026, 1:33:27 PM.517] [Info] [AgentModelResolver] agent "contextSummary" original_models=undefined -> resolved_models=[]
[9/19/2026, 1:33:27 PM.517] [Info] [AgentModelResolver] agent "contentAnalyzer" original_models=undefined -> resolved_models=[]
[9/19/2026, 1:33:27 PM.517] [Info] [AgentModelResolver] agent "terminalTitleGenerator" original_models=undefined -> resolved_models=[]
[9/19/2026, 1:33:27 PM.517] [Info] [AgentModelResolver] agent "promptSuggestion" original_models=undefined -> resolved_models=[]
[9/19/2026, 1:33:27 PM.517] [Info] [AgentModelResolver] agent "memorySelector" original_models=["lite"] -> resolved_models=["lite"]
[9/19/2026, 1:33:27 PM.517] [Info] [AgentModelResolver] agent "summaryGenerator" original_models=undefined -> resolved_models=[]
[9/19/2026, 1:33:27 PM.517] [Info] [AgentModelResolver] agent "autoModeClassifier" original_models=undefined -> resolved_models=[]
[9/19/2026, 1:33:27 PM.517] [Info] [AgentModelResolver] agent "promptHookEvaluator" original_models=["lite"] -> resolved_models=["lite"]
[9/19/2026, 1:33:27 PM.517] [Info] [AgentModelResolver] agent "insightsAnalyzer" original_models=undefined -> resolved_models=[]
[9/19/2026, 1:33:27 PM.517] [Info] [AgentModelResolver] agent "agentInstructions" original_models=undefined -> resolved_models=[]
[9/19/2026, 1:33:27 PM.517] [Info] [AgentModelResolver] agent "statusline-setup" original_models=undefined -> resolved_models=[]
[9/19/2026, 1:33:27 PM.517] [Info] [AgentModelResolver] agent "Explore" original_models=["lite"] -> resolved_models=["lite"]
[9/19/2026, 1:33:27 PM.517] [Info] [AgentModelResolver] agent "Plan" original_models=undefined -> resolved_models=[]
[9/19/2026, 1:33:27 PM.517] [Info] [AgentModelResolver] agent "pulse" original_models=undefined -> resolved_models=[]
[9/19/2026, 1:33:27 PM.517] [Info] [AgentModelResolver] agent "enhance-prompt" original_models=undefined -> resolved_models=[]
[9/19/2026, 1:33:27 PM.527] [Info] [Merge] Step 1 (local + overlay): localModels=42, overlayModels=51, mergedModels=51
[9/19/2026, 1:33:27 PM.527] [Info] [Merge] Step 2 (+enterprise): enterpriseModels=0, totalModels=51
[9/19/2026, 1:33:27 PM.527] [Info] [Merge] Step 3 (+custom): customModels=0, totalModels=51
[9/19/2026, 1:33:27 PM.527] [Info] [Merge] Step 4 (availableModels filter): finalModels=51, cli.models=["auto","hy4-preview-f","hy3","hy3-x","deepseek-v4.1-flash","glm-5.3","glm-5.3-flash","glm-5.2","glm-5.1","glm-5v-turbo","minimax-m3","kimi-k3-1","kimi-k2.8-preview","kimi-k2.7","kimi-k2.6","deepseek-v4-pro"]
[9/19/2026, 1:33:35 PM.597] [Info] [WeixinClawBotClient] pollLoop getUpdates returned {"iteration":22337,"elapsedMs":18107,"hasBuf":true,"msgs":0}
[9/19/2026, 1:33:35 PM.599] [Info] [WeixinClawBotClient] pollLoop iteration begin {"iteration":22338,"cursorLen":96}
[9/19/2026, 1:33:53 PM.690] [Info] [WeixinClawBotClient] pollLoop getUpdates returned {"iteration":22338,"elapsedMs":18091,"hasBuf":true,"msgs":0}
[9/19/2026, 1:33:53 PM.710] [Info] [WeixinClawBotClient] pollLoop iteration begin {"iteration":22339,"cursorLen":96}
[9/19/2026, 1:34:11 PM.806] [Info] [WeixinClawBotClient] pollLoop getUpdates returned {"iteration":22339,"elapsedMs":18102,"hasBuf":true,"msgs":0}
[9/19/2026, 1:34:11 PM.809] [Info] [WeixinClawBotClient] pollLoop iteration begin {"iteration":22340,"cursorLen":96}
[9/19/2026, 1:34:29 PM.908] [Info] [WeixinClawBotClient] pollLoop getUpdates returned {"iteration":22340,"elapsedMs":18099,"hasBuf":true,"msgs":0}
[9/19/2026, 1:34:29 PM.909] [Info] [WeixinClawBotClient] pollLoop iteration begin {"iteration":22341,"cursorLen":96}
[9/19/2026, 1:34:48 PM.008] [Info] [WeixinClawBotClient] pollLoop getUpdates returned {"iteration":22341,"elapsedMs":18099,"hasBuf":true,"msgs":0}
[9/19/2026, 1:34:48 PM.011] [Info] [WeixinClawBotClient] pollLoop iteration begin {"iteration":22342,"cursorLen":96}
[9/19/2026, 1:34:48 PM.721] [Info] [AutomationService] System suspend recorded: generation=169
[9/19/2026, 1:34:48 PM.722] [Info] [AutomationPowerLifecycle] suspend detected
[9/19/2026, 1:34:48 PM.722] [Info] [ClawPowerLifecycle] suspend detected
[9/19/2026, 1:50:21 PM.532] [Info] [CentrifugoClient] Re-subscribing to copilot_workbuddy:fdee3d54-95b6-4e9c-aaff-50ad9505aab4_25e526bc70aeedffd6ce569154fcfedd_e76b49539422036c: transport closed (code: 1)
[9/19/2026, 1:50:21 PM.532] [Info] [CentrifugoClient] Reconnecting: no ping (code: 2)
[9/19/2026, 1:50:21 PM.532] [Info] [ClawService] Centrifugo status: connecting
[9/19/2026, 1:50:21 PM.534] [Info] [WorkbuddyEnterpriseModels] enterpriseId: undefined, endpoint: https://copilot.tencent.com
[9/19/2026, 1:50:21 PM.534] [Info] [AgentModelResolver] product config input: 42 models, 18 agents
[9/19/2026, 1:50:21 PM.534] [Info] [AgentModelResolver] model ids: default, deepseek-v4-pro, deepseek-v4-flash, deepseek-v3-2-volc, minimax-m2.5, minimax-m2.7, minimax-m3-play, glm-5.1, glm-5.0, glm-5.0-turbo, glm-5v-turbo, glm-4.7, glm-4.6, glm-4.6v, kimi-k2.6, kimi-k2.5, kimi-k2-thinking, hy3-preview-agent, hunyuan-chat, hunyuan-image-v3.0, auto, hy3-preview, hunyuan-2.0-thinking, deepseek-v3-1-volc, deepseek-v3-1-lkeap, deepseek-v3-1, deepseek-v3-0324-lkeap, deepseek-r1-0528-lkeap, kimi-k2-instruct-taiji, completion-gf, default-1.1, hunyuan-3b, hunyuan-7b-dense, codewise-completions, codewise-rewrite, codewise-nes-a4-027-aide, codewise-jump, deepseek-r1-0528, deepseek-v3-0324-taco-completion, deepseek-v3-0324, default-1.2, hunyuan-2.0-instruct
[9/19/2026, 1:50:21 PM.534] [Info] [AgentModelResolver] agent "cli" original_models=["auto","glm-5v-turbo","glm-5.1","glm-5.0-turbo","glm-5.0","glm-4.7","kimi-k2.5","minimax-m2.7","deepseek-v3-2-volc"] -> resolved_models=["auto","glm-5v-turbo","glm-5.1","glm-5.0-turbo","glm-5.0","glm-4.7","kimi-k2.5","minimax-m2.7","deepseek-v3-2-volc"]
[9/19/2026, 1:50:21 PM.534] [Info] [AgentModelResolver] agent "general-purpose" original_models=undefined -> resolved_models=[]
[9/19/2026, 1:50:21 PM.534] [Info] [AgentModelResolver] agent "compact" original_models=undefined -> resolved_models=[]
[9/19/2026, 1:50:21 PM.534] [Info] [AgentModelResolver] agent "contextSummary" original_models=undefined -> resolved_models=[]
[9/19/2026, 1:50:21 PM.534] [Info] [AgentModelResolver] agent "contentAnalyzer" original_models=undefined -> resolved_models=[]
[9/19/2026, 1:50:21 PM.534] [Info] [AgentModelResolver] agent "terminalTitleGenerator" original_models=undefined -> resolved_models=[]
[9/19/2026, 1:50:21 PM.534] [Info] [AgentModelResolver] agent "promptSuggestion" original_models=undefined -> resolved_models=[]
[9/19/2026, 1:50:21 PM.534] [Info] [AgentModelResolver] agent "memorySelector" original_models=["lite"] -> resolved_models=["lite"]
[9/19/2026, 1:50:21 PM.534] [Info] [AgentModelResolver] agent "summaryGenerator" original_models=undefined -> resolved_models=[]
[9/19/2026, 1:50:21 PM.534] [Info] [AgentModelResolver] agent "autoModeClassifier" original_models=undefined -> resolved_models=[]
[9/19/2026, 1:50:21 PM.534] [Info] [AgentModelResolver] agent "promptHookEvaluator" original_models=["lite"] -> resolved_models=["lite"]
[9/19/2026, 1:50:21 PM.534] [Info] [AgentModelResolver] agent "insightsAnalyzer" original_models=undefined -> resolved_models=[]
[9/19/2026, 1:50:21 PM.534] [Info] [AgentModelResolver] agent "agentInstructions" original_models=undefined -> resolved_models=[]
[9/19/2026, 1:50:21 PM.534] [Info] [AgentModelResolver] agent "statusline-setup" original_models=undefined -> resolved_models=[]
[9/19/2026, 1:50:21 PM.534] [Info] [AgentModelResolver] agent "Explore" original_models=["lite"] -> resolved_models=["lite"]
[9/19/2026, 1:50:21 PM.534] [Info] [AgentModelResolver] agent "Plan" original_models=undefined -> resolved_models=[]
[9/19/2026, 1:50:21 PM.534] [Info] [AgentModelResolver] agent "pulse" original_models=undefined -> resolved_models=[]
[9/19/2026, 1:50:21 PM.534] [Info] [AgentModelResolver] agent "enhance-prompt" original_models=undefined -> resolved_models=[]
[9/19/2026, 1:50:21 PM.543] [Info] [Merge] Step 1 (local + overlay): localModels=42, overlayModels=51, mergedModels=51
[9/19/2026, 1:50:21 PM.543] [Info] [Merge] Step 2 (+enterprise): enterpriseModels=0, totalModels=51
[9/19/2026, 1:50:21 PM.543] [Info] [Merge] Step 3 (+custom): customModels=0, totalModels=51
[9/19/2026, 1:50:21 PM.543] [Info] [Merge] Step 4 (availableModels filter): finalModels=51, cli.models=["auto","hy4-preview-f","hy3","hy3-x","deepseek-v4.1-flash","glm-5.3","glm-5.3-flash","glm-5.2","glm-5.1","glm-5v-turbo","minimax-m3","kimi-k3-1","kimi-k2.8-preview","kimi-k2.7","kimi-k2.6","deepseek-v4-pro"]
[9/19/2026, 1:50:21 PM.548] [Info] [WeixinClawBotClient] pollLoop getUpdates returned {"iteration":22342,"elapsedMs":933539,"ret":0,"hasBuf":true,"msgs":0}
[9/19/2026, 1:50:21 PM.554] [Info] [WorkbuddyEnterpriseModels] enterpriseId: undefined, endpoint: https://copilot.tencent.com
[9/19/2026, 1:50:21 PM.554] [Info] [AgentModelResolver] product config input: 42 models, 18 agents
[9/19/2026, 1:50:21 PM.554] [Info] [AgentModelResolver] model ids: default, deepseek-v4-pro, deepseek-v4-flash, deepseek-v3-2-volc, minimax-m2.5, minimax-m2.7, minimax-m3-play, glm-5.1, glm-5.0, glm-5.0-turbo, glm-5v-turbo, glm-4.7, glm-4.6, glm-4.6v, kimi-k2.6, kimi-k2.5, kimi-k2-thinking, hy3-preview-agent, hunyuan-chat, hunyuan-image-v3.0, auto, hy3-preview, hunyuan-2.0-thinking, deepseek-v3-1-volc, deepseek-v3-1-lkeap, deepseek-v3-1, deepseek-v3-0324-lkeap, deepseek-r1-0528-lkeap, kimi-k2-instruct-taiji, completion-gf, default-1.1, hunyuan-3b, hunyuan-7b-dense, codewise-completions, codewise-rewrite, codewise-nes-a4-027-aide, codewise-jump, deepseek-r1-0528, deepseek-v3-0324-taco-completion, deepseek-v3-0324, default-1.2, hunyuan-2.0-instruct
[9/19/2026, 1:50:21 PM.554] [Info] [AgentModelResolver] agent "cli" original_models=["auto","glm-5v-turbo","glm-5.1","glm-5.0-turbo","glm-5.0","glm-4.7","kimi-k2.5","minimax-m2.7","deepseek-v3-2-volc"] -> resolved_models=["auto","glm-5v-turbo","glm-5.1","glm-5.0-turbo","glm-5.0","glm-4.7","kimi-k2.5","minimax-m2.7","deepseek-v3-2-volc"]
[9/19/2026, 1:50:21 PM.554] [Info] [AgentModelResolver] agent "general-purpose" original_models=undefined -> resolved_models=[]
[9/19/2026, 1:50:21 PM.554] [Info] [AgentModelResolver] agent "compact" original_models=undefined -> resolved_models=[]
[9/19/2026, 1:50:21 PM.554] [Info] [AgentModelResolver] agent "contextSummary" original_models=undefined -> resolved_models=[]
[9/19/2026, 1:50:21 PM.554] [Info] [AgentModelResolver] agent "contentAnalyzer" original_models=undefined -> resolved_models=[]
[9/19/2026, 1:50:21 PM.554] [Info] [AgentModelResolver] agent "terminalTitleGenerator" original_models=undefined -> resolved_models=[]
[9/19/2026, 1:50:21 PM.554] [Info] [AgentModelResolver] agent "promptSuggestion" original_models=undefined -> resolved_models=[]
[9/19/2026, 1:50:21 PM.554] [Info] [AgentModelResolver] agent "memorySelector" original_models=["lite"] -> resolved_models=["lite"]
[9/19/2026, 1:50:21 PM.554] [Info] [AgentModelResolver] agent "summaryGenerator" original_models=undefined -> resolved_models=[]
[9/19/2026, 1:50:21 PM.554] [Info] [AgentModelResolver] agent "autoModeClassifier" original_models=undefined -> resolved_models=[]
[9/19/2026, 1:50:21 PM.554] [Info] [AgentModelResolver] agent "promptHookEvaluator" original_models=["lite"] -> resolved_models=["lite"]
[9/19/2026, 1:50:21 PM.554] [Info] [AgentModelResolver] agent "insightsAnalyzer" original_models=undefined -> resolved_models=[]
[9/19/2026, 1:50:21 PM.554] [Info] [AgentModelResolver] agent "agentInstructions" original_models=undefined -> resolved_models=[]
[9/19/2026, 1:50:21 PM.554] [Info] [AgentModelResolver] agent "statusline-setup" original_models=undefined -> resolved_models=[]
[9/19/2026, 1:50:21 PM.554] [Info] [AgentModelResolver] agent "Explore" original_models=["lite"] -> resolved_models=["lite"]
[9/19/2026, 1:50:21 PM.554] [Info] [AgentModelResolver] agent "Plan" original_models=undefined -> resolved_models=[]
[9/19/2026, 1:50:21 PM.554] [Info] [AgentModelResolver] agent "pulse" original_models=undefined -> resolved_models=[]
[9/19/2026, 1:50:21 PM.554] [Info] [AgentModelResolver] agent "enhance-prompt" original_models=undefined -> resolved_models=[]
[9/19/2026, 1:50:21 PM.571] [Info] [Merge] Step 1 (local + overlay): localModels=42, overlayModels=51, mergedModels=51
[9/19/2026, 1:50:21 PM.571] [Info] [Merge] Step 2 (+enterprise): enterpriseModels=0, totalModels=51
[9/19/2026, 1:50:21 PM.571] [Info] [Merge] Step 3 (+custom): customModels=0, totalModels=51
[9/19/2026, 1:50:21 PM.571] [Info] [Merge] Step 4 (availableModels filter): finalModels=51, cli.models=["auto","hy4-preview-f","hy3","hy3-x","deepseek-v4.1-flash","glm-5.3","glm-5.3-flash","glm-5.2","glm-5.1","glm-5v-turbo","minimax-m3","kimi-k3-1","kimi-k2.8-preview","kimi-k2.7","kimi-k2.6","deepseek-v4-pro"]
[9/19/2026, 1:50:21 PM.800] [Info] [WeixinClawBotClient] pollLoop iteration begin {"iteration":22343,"cursorLen":96}
[9/19/2026, 1:50:22 PM.585] [Info] [CentrifugoClient] Connected successfully
[9/19/2026, 1:50:22 PM.585] [Info] [ClawService] Centrifugo status: connected
[9/19/2026, 1:50:22 PM.594] [Info] [CentrifugoClient] Subscribed to channel: copilot_workbuddy:fdee3d54-95b6-4e9c-aaff-50ad9505aab4_25e526bc70aeedffd6ce569154fcfedd_e76b49539422036c
[9/19/2026, 1:50:40 PM.400] [Info] [WeixinClawBotClient] pollLoop getUpdates returned {"iteration":22343,"elapsedMs":18600,"hasBuf":true,"msgs":0}
[9/19/2026, 1:50:40 PM.412] [Info] [WeixinClawBotClient] pollLoop iteration begin {"iteration":22344,"cursorLen":96}
[9/19/2026, 1:50:58 PM.559] [Info] [WeixinClawBotClient] pollLoop getUpdates returned {"iteration":22344,"elapsedMs":18158,"hasBuf":true,"msgs":0}
[9/19/2026, 1:50:58 PM.561] [Info] [WeixinClawBotClient] pollLoop iteration begin {"iteration":22345,"cursorLen":96}
[9/19/2026, 2:06:30 PM.931] [Info] [CentrifugoClient] Re-subscribing to copilot_workbuddy:fdee3d54-95b6-4e9c-aaff-50ad9505aab4_25e526bc70aeedffd6ce569154fcfedd_e76b49539422036c: transport closed (code: 1)
[9/19/2026, 2:06:30 PM.931] [Info] [CentrifugoClient] Reconnecting: no ping (code: 2)
[9/19/2026, 2:06:30 PM.931] [Info] [ClawService] Centrifugo status: connecting
[9/19/2026, 2:06:30 PM.931] [Info] [WorkbuddyEnterpriseModels] enterpriseId: undefined, endpoint: https://copilot.tencent.com
[9/19/2026, 2:06:30 PM.932] [Info] [AgentModelResolver] product config input: 42 models, 18 agents
[9/19/2026, 2:06:30 PM.932] [Info] [AgentModelResolver] model ids: default, deepseek-v4-pro, deepseek-v4-flash, deepseek-v3-2-volc, minimax-m2.5, minimax-m2.7, minimax-m3-play, glm-5.1, glm-5.0, glm-5.0-turbo, glm-5v-turbo, glm-4.7, glm-4.6, glm-4.6v, kimi-k2.6, kimi-k2.5, kimi-k2-thinking, hy3-preview-agent, hunyuan-chat, hunyuan-image-v3.0, auto, hy3-preview, hunyuan-2.0-thinking, deepseek-v3-1-volc, deepseek-v3-1-lkeap, deepseek-v3-1, deepseek-v3-0324-lkeap, deepseek-r1-0528-lkeap, kimi-k2-instruct-taiji, completion-gf, default-1.1, hunyuan-3b, hunyuan-7b-dense, codewise-completions, codewise-rewrite, codewise-nes-a4-027-aide, codewise-jump, deepseek-r1-0528, deepseek-v3-0324-taco-completion, deepseek-v3-0324, default-1.2, hunyuan-2.0-instruct
[9/19/2026, 2:06:30 PM.932] [Info] [AgentModelResolver] agent "cli" original_models=["auto","glm-5v-turbo","glm-5.1","glm-5.0-turbo","glm-5.0","glm-4.7","kimi-k2.5","minimax-m2.7","deepseek-v3-2-volc"] -> resolved_models=["auto","glm-5v-turbo","glm-5.1","glm-5.0-turbo","glm-5.0","glm-4.7","kimi-k2.5","minimax-m2.7","deepseek-v3-2-volc"]
[9/19/2026, 2:06:30 PM.932] [Info] [AgentModelResolver] agent "general-purpose" original_models=undefined -> resolved_models=[]
[9/19/2026, 2:06:30 PM.932] [Info] [AgentModelResolver] agent "compact" original_models=undefined -> resolved_models=[]
[9/19/2026, 2:06:30 PM.932] [Info] [AgentModelResolver] agent "contextSummary" original_models=undefined -> resolved_models=[]
[9/19/2026, 2:06:30 PM.932] [Info] [AgentModelResolver] agent "contentAnalyzer" original_models=undefined -> resolved_models=[]
[9/19/2026, 2:06:30 PM.932] [Info] [AgentModelResolver] agent "terminalTitleGenerator" original_models=undefined -> resolved_models=[]
[9/19/2026, 2:06:30 PM.932] [Info] [AgentModelResolver] agent "promptSuggestion" original_models=undefined -> resolved_models=[]
[9/19/2026, 2:06:30 PM.932] [Info] [AgentModelResolver] agent "memorySelector" original_models=["lite"] -> resolved_models=["lite"]
[9/19/2026, 2:06:30 PM.932] [Info] [AgentModelResolver] agent "summaryGenerator" original_models=undefined -> resolved_models=[]
[9/19/2026, 2:06:30 PM.932] [Info] [AgentModelResolver] agent "autoModeClassifier" original_models=undefined -> resolved_models=[]
[9/19/2026, 2:06:30 PM.932] [Info] [AgentModelResolver] agent "promptHookEvaluator" original_models=["lite"] -> resolved_models=["lite"]
[9/19/2026, 2:06:30 PM.932] [Info] [AgentModelResolver] agent "insightsAnalyzer" original_models=undefined -> resolved_models=[]
[9/19/2026, 2:06:30 PM.932] [Info] [AgentModelResolver] agent "agentInstructions" original_models=undefined -> resolved_models=[]
[9/19/2026, 2:06:30 PM.932] [Info] [AgentModelResolver] agent "statusline-setup" original_models=undefined -> resolved_models=[]
[9/19/2026, 2:06:30 PM.932] [Info] [AgentModelResolver] agent "Explore" original_models=["lite"] -> resolved_models=["lite"]
[9/19/2026, 2:06:30 PM.932] [Info] [AgentModelResolver] agent "Plan" original_models=undefined -> resolved_models=[]
[9/19/2026, 2:06:30 PM.932] [Info] [AgentModelResolver] agent "pulse" original_models=undefined -> resolved_models=[]
[9/19/2026, 2:06:30 PM.932] [Info] [AgentModelResolver] agent "enhance-prompt" original_models=undefined -> resolved_models=[]
[9/19/2026, 2:06:30 PM.940] [Info] [Merge] Step 1 (local + overlay): localModels=42, overlayModels=51, mergedModels=51
[9/19/2026, 2:06:30 PM.940] [Info] [Merge] Step 2 (+enterprise): enterpriseModels=0, totalModels=51
[9/19/2026, 2:06:30 PM.940] [Info] [Merge] Step 3 (+custom): customModels=0, totalModels=51
[9/19/2026, 2:06:30 PM.940] [Info] [Merge] Step 4 (availableModels filter): finalModels=51, cli.models=["auto","hy4-preview-f","hy3","hy3-x","deepseek-v4.1-flash","glm-5.3","glm-5.3-flash","glm-5.2","glm-5.1","glm-5v-turbo","minimax-m3","kimi-k3-1","kimi-k2.8-preview","kimi-k2.7","kimi-k2.6","deepseek-v4-pro"]
[9/19/2026, 2:06:30 PM.941] [Info] [WeixinClawBotClient] pollLoop getUpdates returned {"iteration":22345,"elapsedMs":932380,"ret":0,"hasBuf":true,"msgs":0}
[9/19/2026, 2:06:30 PM.942] [Info] [WorkbuddyEnterpriseModels] enterpriseId: undefined, endpoint: https://copilot.tencent.com
[9/19/2026, 2:06:30 PM.942] [Info] [AgentModelResolver] product config input: 42 models, 18 agents
[9/19/2026, 2:06:30 PM.942] [Info] [AgentModelResolver] model ids: default, deepseek-v4-pro, deepseek-v4-flash, deepseek-v3-2-volc, minimax-m2.5, minimax-m2.7, minimax-m3-play, glm-5.1, glm-5.0, glm-5.0-turbo, glm-5v-turbo, glm-4.7, glm-4.6, glm-4.6v, kimi-k2.6, kimi-k2.5, kimi-k2-thinking, hy3-preview-agent, hunyuan-chat, hunyuan-image-v3.0, auto, hy3-preview, hunyuan-2.0-thinking, deepseek-v3-1-volc, deepseek-v3-1-lkeap, deepseek-v3-1, deepseek-v3-0324-lkeap, deepseek-r1-0528-lkeap, kimi-k2-instruct-taiji, completion-gf, default-1.1, hunyuan-3b, hunyuan-7b-dense, codewise-completions, codewise-rewrite, codewise-nes-a4-027-aide, codewise-jump, deepseek-r1-0528, deepseek-v3-0324-taco-completion, deepseek-v3-0324, default-1.2, hunyuan-2.0-instruct
[9/19/2026, 2:06:30 PM.942] [Info] [AgentModelResolver] agent "cli" original_models=["auto","glm-5v-turbo","glm-5.1","glm-5.0-turbo","glm-5.0","glm-4.7","kimi-k2.5","minimax-m2.7","deepseek-v3-2-volc"] -> resolved_models=["auto","glm-5v-turbo","glm-5.1","glm-5.0-turbo","glm-5.0","glm-4.7","kimi-k2.5","minimax-m2.7","deepseek-v3-2-volc"]
[9/19/2026, 2:06:30 PM.942] [Info] [AgentModelResolver] agent "general-purpose" original_models=undefined -> resolved_models=[]
[9/19/2026, 2:06:30 PM.942] [Info] [AgentModelResolver] agent "compact" original_models=undefined -> resolved_models=[]
[9/19/2026, 2:06:30 PM.942] [Info] [AgentModelResolver] agent "contextSummary" original_models=undefined -> resolved_models=[]
[9/19/2026, 2:06:30 PM.942] [Info] [AgentModelResolver] agent "contentAnalyzer" original_models=undefined -> resolved_models=[]
[9/19/2026, 2:06:30 PM.942] [Info] [AgentModelResolver] agent "terminalTitleGenerator" original_models=undefined -> resolved_models=[]
[9/19/2026, 2:06:30 PM.942] [Info] [AgentModelResolver] agent "promptSuggestion" original_models=undefined -> resolved_models=[]
[9/19/2026, 2:06:30 PM.942] [Info] [AgentModelResolver] agent "memorySelector" original_models=["lite"] -> resolved_models=["lite"]
[9/19/2026, 2:06:30 PM.942] [Info] [AgentModelResolver] agent "summaryGenerator" original_models=undefined -> resolved_models=[]
[9/19/2026, 2:06:30 PM.942] [Info] [AgentModelResolver] agent "autoModeClassifier" original_models=undefined -> resolved_models=[]
[9/19/2026, 2:06:30 PM.942] [Info] [AgentModelResolver] agent "promptHookEvaluator" original_models=["lite"] -> resolved_models=["lite"]
[9/19/2026, 2:06:30 PM.942] [Info] [AgentModelResolver] agent "insightsAnalyzer" original_models=undefined -> resolved_models=[]
[9/19/2026, 2:06:30 PM.942] [Info] [AgentModelResolver] agent "agentInstructions" original_models=undefined -> resolved_models=[]
[9/19/2026, 2:06:30 PM.942] [Info] [AgentModelResolver] agent "statusline-setup" original_models=undefined -> resolved_models=[]
[9/19/2026, 2:06:30 PM.942] [Info] [AgentModelResolver] agent "Explore" original_models=["lite"] -> resolved_models=["lite"]
[9/19/2026, 2:06:30 PM.942] [Info] [AgentModelResolver] agent "Plan" original_models=undefined -> resolved_models=[]
[9/19/2026, 2:06:30 PM.942] [Info] [AgentModelResolver] agent "pulse" original_models=undefined -> resolved_models=[]
[9/19/2026, 2:06:30 PM.942] [Info] [AgentModelResolver] agent "enhance-prompt" original_models=undefined -> resolved_models=[]
[9/19/2026, 2:06:30 PM.946] [Info] [Merge] Step 1 (local + overlay): localModels=42, overlayModels=51, mergedModels=51
[9/19/2026, 2:06:30 PM.946] [Info] [Merge] Step 2 (+enterprise): enterpriseModels=0, totalModels=51
[9/19/2026, 2:06:30 PM.946] [Info] [Merge] Step 3 (+custom): customModels=0, totalModels=51
[9/19/2026, 2:06:30 PM.946] [Info] [Merge] Step 4 (availableModels filter): finalModels=51, cli.models=["auto","hy4-preview-f","hy3","hy3-x","deepseek-v4.1-flash","glm-5.3","glm-5.3-flash","glm-5.2","glm-5.1","glm-5v-turbo","minimax-m3","kimi-k3-1","kimi-k2.8-preview","kimi-k2.7","kimi-k2.6","deepseek-v4-pro"]
[9/19/2026, 2:06:31 PM.197] [Info] [WeixinClawBotClient] pollLoop iteration begin {"iteration":22346,"cursorLen":96}
[9/19/2026, 2:06:31 PM.733] [Info] [CentrifugoClient] Connected successfully
[9/19/2026, 2:06:31 PM.733] [Info] [ClawService] Centrifugo status: connected
[9/19/2026, 2:06:31 PM.737] [Info] [CentrifugoClient] Subscribed to channel: copilot_workbuddy:fdee3d54-95b6-4e9c-aaff-50ad9505aab4_25e526bc70aeedffd6ce569154fcfedd_e76b49539422036c
[9/19/2026, 2:06:49 PM.597] [Info] [WeixinClawBotClient] pollLoop getUpdates returned {"iteration":22346,"elapsedMs":18400,"hasBuf":true,"msgs":0}
[9/19/2026, 2:06:49 PM.612] [Info] [WeixinClawBotClient] pollLoop iteration begin {"iteration":22347,"cursorLen":96}
[9/19/2026, 2:07:07 PM.772] [Info] [WeixinClawBotClient] pollLoop getUpdates returned {"iteration":22347,"elapsedMs":18173,"hasBuf":true,"msgs":0}
[9/19/2026, 2:07:07 PM.775] [Info] [WeixinClawBotClient] pollLoop iteration begin {"iteration":22348,"cursorLen":96}
[9/19/2026, 2:07:25 PM.865] [Info] [WeixinClawBotClient] pollLoop getUpdates returned {"iteration":22348,"elapsedMs":18091,"hasBuf":true,"msgs":0}
[9/19/2026, 2:07:25 PM.868] [Info] [WeixinClawBotClient] pollLoop iteration begin {"iteration":22349,"cursorLen":96}
[9/19/2026, 2:15:59 PM.555] [Info] [CentrifugoClient] Re-subscribing to copilot_workbuddy:fdee3d54-95b6-4e9c-aaff-50ad9505aab4_25e526bc70aeedffd6ce569154fcfedd_e76b49539422036c: transport closed (code: 1)
[9/19/2026, 2:15:59 PM.555] [Info] [CentrifugoClient] Reconnecting: no ping (code: 2)
[9/19/2026, 2:15:59 PM.555] [Info] [ClawService] Centrifugo status: connecting
[9/19/2026, 2:15:59 PM.556] [Info] [WorkbuddyEnterpriseModels] enterpriseId: undefined, endpoint: https://copilot.tencent.com
[9/19/2026, 2:15:59 PM.557] [Info] [AgentModelResolver] product config input: 42 models, 18 agents
[9/19/2026, 2:15:59 PM.557] [Info] [AgentModelResolver] model ids: default, deepseek-v4-pro, deepseek-v4-flash, deepseek-v3-2-volc, minimax-m2.5, minimax-m2.7, minimax-m3-play, glm-5.1, glm-5.0, glm-5.0-turbo, glm-5v-turbo, glm-4.7, glm-4.6, glm-4.6v, kimi-k2.6, kimi-k2.5, kimi-k2-thinking, hy3-preview-agent, hunyuan-chat, hunyuan-image-v3.0, auto, hy3-preview, hunyuan-2.0-thinking, deepseek-v3-1-volc, deepseek-v3-1-lkeap, deepseek-v3-1, deepseek-v3-0324-lkeap, deepseek-r1-0528-lkeap, kimi-k2-instruct-taiji, completion-gf, default-1.1, hunyuan-3b, hunyuan-7b-dense, codewise-completions, codewise-rewrite, codewise-nes-a4-027-aide, codewise-jump, deepseek-r1-0528, deepseek-v3-0324-taco-completion, deepseek-v3-0324, default-1.2, hunyuan-2.0-instruct
[9/19/2026, 2:15:59 PM.557] [Info] [AgentModelResolver] agent "cli" original_models=["auto","glm-5v-turbo","glm-5.1","glm-5.0-turbo","glm-5.0","glm-4.7","kimi-k2.5","minimax-m2.7","deepseek-v3-2-volc"] -> resolved_models=["auto","glm-5v-turbo","glm-5.1","glm-5.0-turbo","glm-5.0","glm-4.7","kimi-k2.5","minimax-m2.7","deepseek-v3-2-volc"]
[9/19/2026, 2:15:59 PM.557] [Info] [AgentModelResolver] agent "general-purpose" original_models=undefined -> resolved_models=[]
[9/19/2026, 2:15:59 PM.557] [Info] [AgentModelResolver] agent "compact" original_models=undefined -> resolved_models=[]
[9/19/2026, 2:15:59 PM.557] [Info] [AgentModelResolver] agent "contextSummary" original_models=undefined -> resolved_models=[]
[9/19/2026, 2:15:59 PM.557] [Info] [AgentModelResolver] agent "contentAnalyzer" original_models=undefined -> resolved_models=[]
[9/19/2026, 2:15:59 PM.557] [Info] [AgentModelResolver] agent "terminalTitleGenerator" original_models=undefined -> resolved_models=[]
[9/19/2026, 2:15:59 PM.557] [Info] [AgentModelResolver] agent "promptSuggestion" original_models=undefined -> resolved_models=[]
[9/19/2026, 2:15:59 PM.557] [Info] [AgentModelResolver] agent "memorySelector" original_models=["lite"] -> resolved_models=["lite"]
[9/19/2026, 2:15:59 PM.557] [Info] [AgentModelResolver] agent "summaryGenerator" original_models=undefined -> resolved_models=[]
[9/19/2026, 2:15:59 PM.557] [Info] [AgentModelResolver] agent "autoModeClassifier" original_models=undefined -> resolved_models=[]
[9/19/2026, 2:15:59 PM.557] [Info] [AgentModelResolver] agent "promptHookEvaluator" original_models=["lite"] -> resolved_models=["lite"]
[9/19/2026, 2:15:59 PM.557] [Info] [AgentModelResolver] agent "insightsAnalyzer" original_models=undefined -> resolved_models=[]
[9/19/2026, 2:15:59 PM.557] [Info] [AgentModelResolver] agent "agentInstructions" original_models=undefined -> resolved_models=[]
[9/19/2026, 2:15:59 PM.557] [Info] [AgentModelResolver] agent "statusline-setup" original_models=undefined -> resolved_models=[]
[9/19/2026, 2:15:59 PM.557] [Info] [AgentModelResolver] agent "Explore" original_models=["lite"] -> resolved_models=["lite"]
[9/19/2026, 2:15:59 PM.557] [Info] [AgentModelResolver] agent "Plan" original_models=undefined -> resolved_models=[]
[9/19/2026, 2:15:59 PM.557] [Info] [AgentModelResolver] agent "pulse" original_models=undefined -> resolved_models=[]
[9/19/2026, 2:15:59 PM.557] [Info] [AgentModelResolver] agent "enhance-prompt" original_models=undefined -> resolved_models=[]
[9/19/2026, 2:15:59 PM.565] [Info] [Merge] Step 1 (local + overlay): localModels=42, overlayModels=51, mergedModels=51
[9/19/2026, 2:15:59 PM.565] [Info] [Merge] Step 2 (+enterprise): enterpriseModels=0, totalModels=51
[9/19/2026, 2:15:59 PM.565] [Info] [Merge] Step 3 (+custom): customModels=0, totalModels=51
[9/19/2026, 2:15:59 PM.565] [Info] [Merge] Step 4 (availableModels filter): finalModels=51, cli.models=["auto","hy4-preview-f","hy3","hy3-x","deepseek-v4.1-flash","glm-5.3","glm-5.3-flash","glm-5.2","glm-5.1","glm-5v-turbo","minimax-m3","kimi-k3-1","kimi-k2.8-preview","kimi-k2.7","kimi-k2.6","deepseek-v4-pro"]
[9/19/2026, 2:15:59 PM.567] [Info] [WeixinClawBotClient] pollLoop getUpdates returned {"iteration":22349,"elapsedMs":513700,"ret":0,"hasBuf":true,"msgs":0}
[9/19/2026, 2:15:59 PM.568] [Info] [WorkbuddyEnterpriseModels] enterpriseId: undefined, endpoint: https://copilot.tencent.com
[9/19/2026, 2:15:59 PM.568] [Info] [AgentModelResolver] product config input: 42 models, 18 agents
[9/19/2026, 2:15:59 PM.568] [Info] [AgentModelResolver] model ids: default, deepseek-v4-pro, deepseek-v4-flash, deepseek-v3-2-volc, minimax-m2.5, minimax-m2.7, minimax-m3-play, glm-5.1, glm-5.0, glm-5.0-turbo, glm-5v-turbo, glm-4.7, glm-4.6, glm-4.6v, kimi-k2.6, kimi-k2.5, kimi-k2-thinking, hy3-preview-agent, hunyuan-chat, hunyuan-image-v3.0, auto, hy3-preview, hunyuan-2.0-thinking, deepseek-v3-1-volc, deepseek-v3-1-lkeap, deepseek-v3-1, deepseek-v3-0324-lkeap, deepseek-r1-0528-lkeap, kimi-k2-instruct-taiji, completion-gf, default-1.1, hunyuan-3b, hunyuan-7b-dense, codewise-completions, codewise-rewrite, codewise-nes-a4-027-aide, codewise-jump, deepseek-r1-0528, deepseek-v3-0324-taco-completion, deepseek-v3-0324, default-1.2, hunyuan-2.0-instruct
[9/19/2026, 2:15:59 PM.568] [Info] [AgentModelResolver] agent "cli" original_models=["auto","glm-5v-turbo","glm-5.1","glm-5.0-turbo","glm-5.0","glm-4.7","kimi-k2.5","minimax-m2.7","deepseek-v3-2-volc"] -> resolved_models=["auto","glm-5v-turbo","glm-5.1","glm-5.0-turbo","glm-5.0","glm-4.7","kimi-k2.5","minimax-m2.7","deepseek-v3-2-volc"]
[9/19/2026, 2:15:59 PM.568] [Info] [AgentModelResolver] agent "general-purpose" original_models=undefined -> resolved_models=[]
[9/19/2026, 2:15:59 PM.568] [Info] [AgentModelResolver] agent "compact" original_models=undefined -> resolved_models=[]
[9/19/2026, 2:15:59 PM.568] [Info] [AgentModelResolver] agent "contextSummary" original_models=undefined -> resolved_models=[]
[9/19/2026, 2:15:59 PM.568] [Info] [AgentModelResolver] agent "contentAnalyzer" original_models=undefined -> resolved_models=[]
[9/19/2026, 2:15:59 PM.568] [Info] [AgentModelResolver] agent "terminalTitleGenerator" original_models=undefined -> resolved_models=[]
[9/19/2026, 2:15:59 PM.568] [Info] [AgentModelResolver] agent "promptSuggestion" original_models=undefined -> resolved_models=[]
[9/19/2026, 2:15:59 PM.568] [Info] [AgentModelResolver] agent "memorySelector" original_models=["lite"] -> resolved_models=["lite"]
[9/19/2026, 2:15:59 PM.568] [Info] [AgentModelResolver] agent "summaryGenerator" original_models=undefined -> resolved_models=[]
[9/19/2026, 2:15:59 PM.568] [Info] [AgentModelResolver] agent "autoModeClassifier" original_models=undefined -> resolved_models=[]
[9/19/2026, 2:15:59 PM.568] [Info] [AgentModelResolver] agent "promptHookEvaluator" original_models=["lite"] -> resolved_models=["lite"]
[9/19/2026, 2:15:59 PM.568] [Info] [AgentModelResolver] agent "insightsAnalyzer" original_models=undefined -> resolved_models=[]
[9/19/2026, 2:15:59 PM.568] [Info] [AgentModelResolver] agent "agentInstructions" original_models=undefined -> resolved_models=[]
[9/19/2026, 2:15:59 PM.568] [Info] [AgentModelResolver] agent "statusline-setup" original_models=undefined -> resolved_models=[]
[9/19/2026, 2:15:59 PM.568] [Info] [AgentModelResolver] agent "Explore" original_models=["lite"] -> resolved_models=["lite"]
[9/19/2026, 2:15:59 PM.568] [Info] [AgentModelResolver] agent "Plan" original_models=undefined -> resolved_models=[]
[9/19/2026, 2:15:59 PM.568] [Info] [AgentModelResolver] agent "pulse" original_models=undefined -> resolved_models=[]
[9/19/2026, 2:15:59 PM.568] [Info] [AgentModelResolver] agent "enhance-prompt" original_models=undefined -> resolved_models=[]
[9/19/2026, 2:15:59 PM.577] [Info] [Merge] Step 1 (local + overlay): localModels=42, overlayModels=51, mergedModels=51
[9/19/2026, 2:15:59 PM.577] [Info] [Merge] Step 2 (+enterprise): enterpriseModels=0, totalModels=51
[9/19/2026, 2:15:59 PM.577] [Info] [Merge] Step 3 (+custom): customModels=0, totalModels=51
[9/19/2026, 2:15:59 PM.577] [Info] [Merge] Step 4 (availableModels filter): finalModels=51, cli.models=["auto","hy4-preview-f","hy3","hy3-x","deepseek-v4.1-flash","glm-5.3","glm-5.3-flash","glm-5.2","glm-5.1","glm-5v-turbo","minimax-m3","kimi-k3-1","kimi-k2.8-preview","kimi-k2.7","kimi-k2.6","deepseek-v4-pro"]
[9/19/2026, 2:15:59 PM.613] [Info] [WeixinClawBotClient] pollLoop iteration begin {"iteration":22350,"cursorLen":96}
[9/19/2026, 2:16:00 PM.790] [Info] [CentrifugoClient] Connected successfully
[9/19/2026, 2:16:00 PM.790] [Info] [ClawService] Centrifugo status: connected
[9/19/2026, 2:16:00 PM.796] [Info] [CentrifugoClient] Subscribed to channel: copilot_workbuddy:fdee3d54-95b6-4e9c-aaff-50ad9505aab4_25e526bc70aeedffd6ce569154fcfedd_e76b49539422036c
[9/19/2026, 2:16:18 PM.337] [Info] [WeixinClawBotClient] pollLoop getUpdates returned {"iteration":22350,"elapsedMs":18724,"hasBuf":true,"msgs":0}
[9/19/2026, 2:16:18 PM.349] [Info] [WeixinClawBotClient] pollLoop iteration begin {"iteration":22351,"cursorLen":96}
[9/19/2026, 2:16:36 PM.543] [Info] [WeixinClawBotClient] pollLoop getUpdates returned {"iteration":22351,"elapsedMs":18204,"hasBuf":true,"msgs":0}
[9/19/2026, 2:16:36 PM.546] [Info] [WeixinClawBotClient] pollLoop iteration begin {"iteration":22352,"cursorLen":96}
[9/19/2026, 2:32:11 PM.475] [Info] [CentrifugoClient] Re-subscribing to copilot_workbuddy:fdee3d54-95b6-4e9c-aaff-50ad9505aab4_25e526bc70aeedffd6ce569154fcfedd_e76b49539422036c: transport closed (code: 1)
[9/19/2026, 2:32:11 PM.475] [Info] [CentrifugoClient] Reconnecting: no ping (code: 2)
[9/19/2026, 2:32:11 PM.475] [Info] [ClawService] Centrifugo status: connecting
[9/19/2026, 2:32:11 PM.476] [Info] [WorkbuddyEnterpriseModels] enterpriseId: undefined, endpoint: https://copilot.tencent.com
[9/19/2026, 2:32:11 PM.477] [Info] [AgentModelResolver] product config input: 42 models, 18 agents
[9/19/2026, 2:32:11 PM.477] [Info] [AgentModelResolver] model ids: default, deepseek-v4-pro, deepseek-v4-flash, deepseek-v3-2-volc, minimax-m2.5, minimax-m2.7, minimax-m3-play, glm-5.1, glm-5.0, glm-5.0-turbo, glm-5v-turbo, glm-4.7, glm-4.6, glm-4.6v, kimi-k2.6, kimi-k2.5, kimi-k2-thinking, hy3-preview-agent, hunyuan-chat, hunyuan-image-v3.0, auto, hy3-preview, hunyuan-2.0-thinking, deepseek-v3-1-volc, deepseek-v3-1-lkeap, deepseek-v3-1, deepseek-v3-0324-lkeap, deepseek-r1-0528-lkeap, kimi-k2-instruct-taiji, completion-gf, default-1.1, hunyuan-3b, hunyuan-7b-dense, codewise-completions, codewise-rewrite, codewise-nes-a4-027-aide, codewise-jump, deepseek-r1-0528, deepseek-v3-0324-taco-completion, deepseek-v3-0324, default-1.2, hunyuan-2.0-instruct
[9/19/2026, 2:32:11 PM.477] [Info] [AgentModelResolver] agent "cli" original_models=["auto","glm-5v-turbo","glm-5.1","glm-5.0-turbo","glm-5.0","glm-4.7","kimi-k2.5","minimax-m2.7","deepseek-v3-2-volc"] -> resolved_models=["auto","glm-5v-turbo","glm-5.1","glm-5.0-turbo","glm-5.0","glm-4.7","kimi-k2.5","minimax-m2.7","deepseek-v3-2-volc"]
[9/19/2026, 2:32:11 PM.477] [Info] [AgentModelResolver] agent "general-purpose" original_models=undefined -> resolved_models=[]
[9/19/2026, 2:32:11 PM.477] [Info] [AgentModelResolver] agent "compact" original_models=undefined -> resolved_models=[]
[9/19/2026, 2:32:11 PM.477] [Info] [AgentModelResolver] agent "contextSummary" original_models=undefined -> resolved_models=[]
[9/19/2026, 2:32:11 PM.477] [Info] [AgentModelResolver] agent "contentAnalyzer" original_models=undefined -> resolved_models=[]
[9/19/2026, 2:32:11 PM.477] [Info] [AgentModelResolver] agent "terminalTitleGenerator" original_models=undefined -> resolved_models=[]
[9/19/2026, 2:32:11 PM.477] [Info] [AgentModelResolver] agent "promptSuggestion" original_models=undefined -> resolved_models=[]
[9/19/2026, 2:32:11 PM.477] [Info] [AgentModelResolver] agent "memorySelector" original_models=["lite"] -> resolved_models=["lite"]
[9/19/2026, 2:32:11 PM.477] [Info] [AgentModelResolver] agent "summaryGenerator" original_models=undefined -> resolved_models=[]
[9/19/2026, 2:32:11 PM.477] [Info] [AgentModelResolver] agent "autoModeClassifier" original_models=undefined -> resolved_models=[]
[9/19/2026, 2:32:11 PM.477] [Info] [AgentModelResolver] agent "promptHookEvaluator" original_models=["lite"] -> resolved_models=["lite"]
[9/19/2026, 2:32:11 PM.477] [Info] [AgentModelResolver] agent "insightsAnalyzer" original_models=undefined -> resolved_models=[]
[9/19/2026, 2:32:11 PM.477] [Info] [AgentModelResolver] agent "agentInstructions" original_models=undefined -> resolved_models=[]
[9/19/2026, 2:32:11 PM.477] [Info] [AgentModelResolver] agent "statusline-setup" original_models=undefined -> resolved_models=[]
[9/19/2026, 2:32:11 PM.477] [Info] [AgentModelResolver] agent "Explore" original_models=["lite"] -> resolved_models=["lite"]
[9/19/2026, 2:32:11 PM.477] [Info] [AgentModelResolver] agent "Plan" original_models=undefined -> resolved_models=[]
[9/19/2026, 2:32:11 PM.477] [Info] [AgentModelResolver] agent "pulse" original_models=undefined -> resolved_models=[]
[9/19/2026, 2:32:11 PM.477] [Info] [AgentModelResolver] agent "enhance-prompt" original_models=undefined -> resolved_models=[]
[9/19/2026, 2:32:11 PM.480] [Info] [Merge] Step 1 (local + overlay): localModels=42, overlayModels=51, mergedModels=51
[9/19/2026, 2:32:11 PM.480] [Info] [Merge] Step 2 (+enterprise): enterpriseModels=0, totalModels=51
[9/19/2026, 2:32:11 PM.480] [Info] [Merge] Step 3 (+custom): customModels=0, totalModels=51
[9/19/2026, 2:32:11 PM.480] [Info] [Merge] Step 4 (availableModels filter): finalModels=51, cli.models=["auto","hy4-preview-f","hy3","hy3-x","deepseek-v4.1-flash","glm-5.3","glm-5.3-flash","glm-5.2","glm-5.1","glm-5v-turbo","minimax-m3","kimi-k3-1","kimi-k2.8-preview","kimi-k2.7","kimi-k2.6","deepseek-v4-pro"]
[9/19/2026, 2:32:11 PM.481] [Info] [WeixinClawBotClient] pollLoop getUpdates returned {"iteration":22352,"elapsedMs":934936,"ret":0,"hasBuf":true,"msgs":0}
[9/19/2026, 2:32:11 PM.485] [Info] [WorkbuddyEnterpriseModels] enterpriseId: undefined, endpoint: https://copilot.tencent.com
[9/19/2026, 2:32:11 PM.485] [Info] [AgentModelResolver] product config input: 42 models, 18 agents
[9/19/2026, 2:32:11 PM.485] [Info] [AgentModelResolver] model ids: default, deepseek-v4-pro, deepseek-v4-flash, deepseek-v3-2-volc, minimax-m2.5, minimax-m2.7, minimax-m3-play, glm-5.1, glm-5.0, glm-5.0-turbo, glm-5v-turbo, glm-4.7, glm-4.6, glm-4.6v, kimi-k2.6, kimi-k2.5, kimi-k2-thinking, hy3-preview-agent, hunyuan-chat, hunyuan-image-v3.0, auto, hy3-preview, hunyuan-2.0-thinking, deepseek-v3-1-volc, deepseek-v3-1-lkeap, deepseek-v3-1, deepseek-v3-0324-lkeap, deepseek-r1-0528-lkeap, kimi-k2-instruct-taiji, completion-gf, default-1.1, hunyuan-3b, hunyuan-7b-dense, codewise-completions, codewise-rewrite, codewise-nes-a4-027-aide, codewise-jump, deepseek-r1-0528, deepseek-v3-0324-taco-completion, deepseek-v3-0324, default-1.2, hunyuan-2.0-instruct
[9/19/2026, 2:32:11 PM.485] [Info] [AgentModelResolver] agent "cli" original_models=["auto","glm-5v-turbo","glm-5.1","glm-5.0-turbo","glm-5.0","glm-4.7","kimi-k2.5","minimax-m2.7","deepseek-v3-2-volc"] -> resolved_models=["auto","glm-5v-turbo","glm-5.1","glm-5.0-turbo","glm-5.0","glm-4.7","kimi-k2.5","minimax-m2.7","deepseek-v3-2-volc"]
[9/19/2026, 2:32:11 PM.485] [Info] [AgentModelResolver] agent "general-purpose" original_models=undefined -> resolved_models=[]
[9/19/2026, 2:32:11 PM.485] [Info] [AgentModelResolver] agent "compact" original_models=undefined -> resolved_models=[]
[9/19/2026, 2:32:11 PM.485] [Info] [AgentModelResolver] agent "contextSummary" original_models=undefined -> resolved_models=[]
[9/19/2026, 2:32:11 PM.485] [Info] [AgentModelResolver] agent "contentAnalyzer" original_models=undefined -> resolved_models=[]
[9/19/2026, 2:32:11 PM.485] [Info] [AgentModelResolver] agent "terminalTitleGenerator" original_models=undefined -> resolved_models=[]
[9/19/2026, 2:32:11 PM.485] [Info] [AgentModelResolver] agent "promptSuggestion" original_models=undefined -> resolved_models=[]
[9/19/2026, 2:32:11 PM.485] [Info] [AgentModelResolver] agent "memorySelector" original_models=["lite"] -> resolved_models=["lite"]
[9/19/2026, 2:32:11 PM.485] [Info] [AgentModelResolver] agent "summaryGenerator" original_models=undefined -> resolved_models=[]
[9/19/2026, 2:32:11 PM.485] [Info] [AgentModelResolver] agent "autoModeClassifier" original_models=undefined -> resolved_models=[]
[9/19/2026, 2:32:11 PM.485] [Info] [AgentModelResolver] agent "promptHookEvaluator" original_models=["lite"] -> resolved_models=["lite"]
[9/19/2026, 2:32:11 PM.485] [Info] [AgentModelResolver] agent "insightsAnalyzer" original_models=undefined -> resolved_models=[]
[9/19/2026, 2:32:11 PM.485] [Info] [AgentModelResolver] agent "agentInstructions" original_models=undefined -> resolved_models=[]
[9/19/2026, 2:32:11 PM.485] [Info] [AgentModelResolver] agent "statusline-setup" original_models=undefined -> resolved_models=[]
[9/19/2026, 2:32:11 PM.485] [Info] [AgentModelResolver] agent "Explore" original_models=["lite"] -> resolved_models=["lite"]
[9/19/2026, 2:32:11 PM.485] [Info] [AgentModelResolver] agent "Plan" original_models=undefined -> resolved_models=[]
[9/19/2026, 2:32:11 PM.485] [Info] [AgentModelResolver] agent "pulse" original_models=undefined -> resolved_models=[]
[9/19/2026, 2:32:11 PM.485] [Info] [AgentModelResolver] agent "enhance-prompt" original_models=undefined -> resolved_models=[]
[9/19/2026, 2:32:11 PM.488] [Info] [Merge] Step 1 (local + overlay): localModels=42, overlayModels=51, mergedModels=51
[9/19/2026, 2:32:11 PM.488] [Info] [Merge] Step 2 (+enterprise): enterpriseModels=0, totalModels=51
[9/19/2026, 2:32:11 PM.488] [Info] [Merge] Step 3 (+custom): customModels=0, totalModels=51
[9/19/2026, 2:32:11 PM.488] [Info] [Merge] Step 4 (availableModels filter): finalModels=51, cli.models=["auto","hy4-preview-f","hy3","hy3-x","deepseek-v4.1-flash","glm-5.3","glm-5.3-flash","glm-5.2","glm-5.1","glm-5v-turbo","minimax-m3","kimi-k3-1","kimi-k2.8-preview","kimi-k2.7","kimi-k2.6","deepseek-v4-pro"]
[9/19/2026, 2:32:11 PM.564] [Info] [WeixinClawBotClient] pollLoop iteration begin {"iteration":22353,"cursorLen":96}
[9/19/2026, 2:32:12 PM.465] [Info] [CentrifugoClient] Connected successfully
[9/19/2026, 2:32:12 PM.465] [Info] [ClawService] Centrifugo status: connected
[9/19/2026, 2:32:12 PM.469] [Info] [CentrifugoClient] Subscribed to channel: copilot_workbuddy:fdee3d54-95b6-4e9c-aaff-50ad9505aab4_25e526bc70aeedffd6ce569154fcfedd_e76b49539422036c
[9/19/2026, 2:32:30 PM.360] [Info] [WeixinClawBotClient] pollLoop getUpdates returned {"iteration":22353,"elapsedMs":18796,"hasBuf":true,"msgs":0}
[9/19/2026, 2:32:30 PM.373] [Info] [WeixinClawBotClient] pollLoop iteration begin {"iteration":22354,"cursorLen":96}
[9/19/2026, 2:32:48 PM.568] [Info] [WeixinClawBotClient] pollLoop getUpdates returned {"iteration":22354,"elapsedMs":18205,"hasBuf":true,"msgs":0}
[9/19/2026, 2:32:48 PM.571] [Info] [WeixinClawBotClient] pollLoop iteration begin {"iteration":22355,"cursorLen":96}
[9/19/2026, 2:48:20 PM.853] [Info] [CentrifugoClient] Re-subscribing to copilot_workbuddy:fdee3d54-95b6-4e9c-aaff-50ad9505aab4_25e526bc70aeedffd6ce569154fcfedd_e76b49539422036c: transport closed (code: 1)
[9/19/2026, 2:48:20 PM.855] [Info] [CentrifugoClient] Reconnecting: no ping (code: 2)
[9/19/2026, 2:48:20 PM.855] [Info] [ClawService] Centrifugo status: connecting
[9/19/2026, 2:48:20 PM.858] [Info] [WorkbuddyEnterpriseModels] enterpriseId: undefined, endpoint: https://copilot.tencent.com
[9/19/2026, 2:48:20 PM.858] [Info] [AgentModelResolver] product config input: 42 models, 18 agents
[9/19/2026, 2:48:20 PM.858] [Info] [AgentModelResolver] model ids: default, deepseek-v4-pro, deepseek-v4-flash, deepseek-v3-2-volc, minimax-m2.5, minimax-m2.7, minimax-m3-play, glm-5.1, glm-5.0, glm-5.0-turbo, glm-5v-turbo, glm-4.7, glm-4.6, glm-4.6v, kimi-k2.6, kimi-k2.5, kimi-k2-thinking, hy3-preview-agent, hunyuan-chat, hunyuan-image-v3.0, auto, hy3-preview, hunyuan-2.0-thinking, deepseek-v3-1-volc, deepseek-v3-1-lkeap, deepseek-v3-1, deepseek-v3-0324-lkeap, deepseek-r1-0528-lkeap, kimi-k2-instruct-taiji, completion-gf, default-1.1, hunyuan-3b, hunyuan-7b-dense, codewise-completions, codewise-rewrite, codewise-nes-a4-027-aide, codewise-jump, deepseek-r1-0528, deepseek-v3-0324-taco-completion, deepseek-v3-0324, default-1.2, hunyuan-2.0-instruct
[9/19/2026, 2:48:20 PM.858] [Info] [AgentModelResolver] agent "cli" original_models=["auto","glm-5v-turbo","glm-5.1","glm-5.0-turbo","glm-5.0","glm-4.7","kimi-k2.5","minimax-m2.7","deepseek-v3-2-volc"] -> resolved_models=["auto","glm-5v-turbo","glm-5.1","glm-5.0-turbo","glm-5.0","glm-4.7","kimi-k2.5","minimax-m2.7","deepseek-v3-2-volc"]
[9/19/2026, 2:48:20 PM.858] [Info] [AgentModelResolver] agent "general-purpose" original_models=undefined -> resolved_models=[]
[9/19/2026, 2:48:20 PM.858] [Info] [AgentModelResolver] agent "compact" original_models=undefined -> resolved_models=[]
[9/19/2026, 2:48:20 PM.858] [Info] [AgentModelResolver] agent "contextSummary" original_models=undefined -> resolved_models=[]
[9/19/2026, 2:48:20 PM.858] [Info] [AgentModelResolver] agent "contentAnalyzer" original_models=undefined -> resolved_models=[]
[9/19/2026, 2:48:20 PM.858] [Info] [AgentModelResolver] agent "terminalTitleGenerator" original_models=undefined -> resolved_models=[]
[9/19/2026, 2:48:20 PM.858] [Info] [AgentModelResolver] agent "promptSuggestion" original_models=undefined -> resolved_models=[]
[9/19/2026, 2:48:20 PM.858] [Info] [AgentModelResolver] agent "memorySelector" original_models=["lite"] -> resolved_models=["lite"]
[9/19/2026, 2:48:20 PM.858] [Info] [AgentModelResolver] agent "summaryGenerator" original_models=undefined -> resolved_models=[]
[9/19/2026, 2:48:20 PM.858] [Info] [AgentModelResolver] agent "autoModeClassifier" original_models=undefined -> resolved_models=[]
[9/19/2026, 2:48:20 PM.858] [Info] [AgentModelResolver] agent "promptHookEvaluator" original_models=["lite"] -> resolved_models=["lite"]
[9/19/2026, 2:48:20 PM.858] [Info] [AgentModelResolver] agent "insightsAnalyzer" original_models=undefined -> resolved_models=[]
[9/19/2026, 2:48:20 PM.858] [Info] [AgentModelResolver] agent "agentInstructions" original_models=undefined -> resolved_models=[]
[9/19/2026, 2:48:20 PM.858] [Info] [AgentModelResolver] agent "statusline-setup" original_models=undefined -> resolved_models=[]
[9/19/2026, 2:48:20 PM.858] [Info] [AgentModelResolver] agent "Explore" original_models=["lite"] -> resolved_models=["lite"]
[9/19/2026, 2:48:20 PM.858] [Info] [AgentModelResolver] agent "Plan" original_models=undefined -> resolved_models=[]
[9/19/2026, 2:48:20 PM.858] [Info] [AgentModelResolver] agent "pulse" original_models=undefined -> resolved_models=[]
[9/19/2026, 2:48:20 PM.858] [Info] [AgentModelResolver] agent "enhance-prompt" original_models=undefined -> resolved_models=[]
[9/19/2026, 2:48:20 PM.863] [Info] [Merge] Step 1 (local + overlay): localModels=42, overlayModels=51, mergedModels=51
[9/19/2026, 2:48:20 PM.863] [Info] [Merge] Step 2 (+enterprise): enterpriseModels=0, totalModels=51
[9/19/2026, 2:48:20 PM.863] [Info] [Merge] Step 3 (+custom): customModels=0, totalModels=51
[9/19/2026, 2:48:20 PM.863] [Info] [Merge] Step 4 (availableModels filter): finalModels=51, cli.models=["auto","hy4-preview-f","hy3","hy3-x","deepseek-v4.1-flash","glm-5.3","glm-5.3-flash","glm-5.2","glm-5.1","glm-5v-turbo","minimax-m3","kimi-k3-1","kimi-k2.8-preview","kimi-k2.7","kimi-k2.6","deepseek-v4-pro"]
[9/19/2026, 2:48:20 PM.865] [Info] [WeixinClawBotClient] pollLoop getUpdates returned {"iteration":22355,"elapsedMs":932295,"ret":0,"hasBuf":true,"msgs":0}
[9/19/2026, 2:48:20 PM.865] [Info] [WorkbuddyEnterpriseModels] enterpriseId: undefined, endpoint: https://copilot.tencent.com
[9/19/2026, 2:48:20 PM.865] [Info] [AgentModelResolver] product config input: 42 models, 18 agents
[9/19/2026, 2:48:20 PM.865] [Info] [AgentModelResolver] model ids: default, deepseek-v4-pro, deepseek-v4-flash, deepseek-v3-2-volc, minimax-m2.5, minimax-m2.7, minimax-m3-play, glm-5.1, glm-5.0, glm-5.0-turbo, glm-5v-turbo, glm-4.7, glm-4.6, glm-4.6v, kimi-k2.6, kimi-k2.5, kimi-k2-thinking, hy3-preview-agent, hunyuan-chat, hunyuan-image-v3.0, auto, hy3-preview, hunyuan-2.0-thinking, deepseek-v3-1-volc, deepseek-v3-1-lkeap, deepseek-v3-1, deepseek-v3-0324-lkeap, deepseek-r1-0528-lkeap, kimi-k2-instruct-taiji, completion-gf, default-1.1, hunyuan-3b, hunyuan-7b-dense, codewise-completions, codewise-rewrite, codewise-nes-a4-027-aide, codewise-jump, deepseek-r1-0528, deepseek-v3-0324-taco-completion, deepseek-v3-0324, default-1.2, hunyuan-2.0-instruct
[9/19/2026, 2:48:20 PM.865] [Info] [AgentModelResolver] agent "cli" original_models=["auto","glm-5v-turbo","glm-5.1","glm-5.0-turbo","glm-5.0","glm-4.7","kimi-k2.5","minimax-m2.7","deepseek-v3-2-volc"] -> resolved_models=["auto","glm-5v-turbo","glm-5.1","glm-5.0-turbo","glm-5.0","glm-4.7","kimi-k2.5","minimax-m2.7","deepseek-v3-2-volc"]
[9/19/2026, 2:48:20 PM.865] [Info] [AgentModelResolver] agent "general-purpose" original_models=undefined -> resolved_models=[]
[9/19/2026, 2:48:20 PM.865] [Info] [AgentModelResolver] agent "compact" original_models=undefined -> resolved_models=[]
[9/19/2026, 2:48:20 PM.865] [Info] [AgentModelResolver] agent "contextSummary" original_models=undefined -> resolved_models=[]
[9/19/2026, 2:48:20 PM.865] [Info] [AgentModelResolver] agent "contentAnalyzer" original_models=undefined -> resolved_models=[]
[9/19/2026, 2:48:20 PM.865] [Info] [AgentModelResolver] agent "terminalTitleGenerator" original_models=undefined -> resolved_models=[]
[9/19/2026, 2:48:20 PM.865] [Info] [AgentModelResolver] agent "promptSuggestion" original_models=undefined -> resolved_models=[]
[9/19/2026, 2:48:20 PM.865] [Info] [AgentModelResolver] agent "memorySelector" original_models=["lite"] -> resolved_models=["lite"]
[9/19/2026, 2:48:20 PM.865] [Info] [AgentModelResolver] agent "summaryGenerator" original_models=undefined -> resolved_models=[]
[9/19/2026, 2:48:20 PM.865] [Info] [AgentModelResolver] agent "autoModeClassifier" original_models=undefined -> resolved_models=[]
[9/19/2026, 2:48:20 PM.865] [Info] [AgentModelResolver] agent "promptHookEvaluator" original_models=["lite"] -> resolved_models=["lite"]
[9/19/2026, 2:48:20 PM.865] [Info] [AgentModelResolver] agent "insightsAnalyzer" original_models=undefined -> resolved_models=[]
[9/19/2026, 2:48:20 PM.865] [Info] [AgentModelResolver] agent "agentInstructions" original_models=undefined -> resolved_models=[]
[9/19/2026, 2:48:20 PM.865] [Info] [AgentModelResolver] agent "statusline-setup" original_models=undefined -> resolved_models=[]
[9/19/2026, 2:48:20 PM.865] [Info] [AgentModelResolver] agent "Explore" original_models=["lite"] -> resolved_models=["lite"]
[9/19/2026, 2:48:20 PM.865] [Info] [AgentModelResolver] agent "Plan" original_models=undefined -> resolved_models=[]
[9/19/2026, 2:48:20 PM.865] [Info] [AgentModelResolver] agent "pulse" original_models=undefined -> resolved_models=[]
[9/19/2026, 2:48:20 PM.865] [Info] [AgentModelResolver] agent "enhance-prompt" original_models=undefined -> resolved_models=[]
[9/19/2026, 2:48:20 PM.870] [Info] [Merge] Step 1 (local + overlay): localModels=42, overlayModels=51, mergedModels=51
[9/19/2026, 2:48:20 PM.870] [Info] [Merge] Step 2 (+enterprise): enterpriseModels=0, totalModels=51
[9/19/2026, 2:48:20 PM.870] [Info] [Merge] Step 3 (+custom): customModels=0, totalModels=51
[9/19/2026, 2:48:20 PM.870] [Info] [Merge] Step 4 (availableModels filter): finalModels=51, cli.models=["auto","hy4-preview-f","hy3","hy3-x","deepseek-v4.1-flash","glm-5.3","glm-5.3-flash","glm-5.2","glm-5.1","glm-5v-turbo","minimax-m3","kimi-k3-1","kimi-k2.8-preview","kimi-k2.7","kimi-k2.6","deepseek-v4-pro"]
[9/19/2026, 2:48:20 PM.942] [Info] [WeixinClawBotClient] pollLoop iteration begin {"iteration":22356,"cursorLen":96}
[9/19/2026, 2:48:21 PM.969] [Info] [CentrifugoClient] Connected successfully
[9/19/2026, 2:48:21 PM.969] [Info] [ClawService] Centrifugo status: connected
[9/19/2026, 2:48:21 PM.975] [Info] [CentrifugoClient] Subscribed to channel: copilot_workbuddy:fdee3d54-95b6-4e9c-aaff-50ad9505aab4_25e526bc70aeedffd6ce569154fcfedd_e76b49539422036c
[9/19/2026, 2:48:39 PM.646] [Info] [WeixinClawBotClient] pollLoop getUpdates returned {"iteration":22356,"elapsedMs":18704,"hasBuf":true,"msgs":0}
[9/19/2026, 2:48:39 PM.662] [Info] [WeixinClawBotClient] pollLoop iteration begin {"iteration":22357,"cursorLen":96}
[9/19/2026, 2:48:57 PM.840] [Info] [WeixinClawBotClient] pollLoop getUpdates returned {"iteration":22357,"elapsedMs":18191,"hasBuf":true,"msgs":0}
[9/19/2026, 2:48:57 PM.842] [Info] [WeixinClawBotClient] pollLoop iteration begin {"iteration":22358,"cursorLen":96}
[9/19/2026, 3:04:30 PM.216] [Info] [CentrifugoClient] Re-subscribing to copilot_workbuddy:fdee3d54-95b6-4e9c-aaff-50ad9505aab4_25e526bc70aeedffd6ce569154fcfedd_e76b49539422036c: transport closed (code: 1)
[9/19/2026, 3:04:30 PM.216] [Info] [CentrifugoClient] Reconnecting: no ping (code: 2)
[9/19/2026, 3:04:30 PM.216] [Info] [ClawService] Centrifugo status: connecting
[9/19/2026, 3:04:30 PM.216] [Info] [WorkbuddyEnterpriseModels] enterpriseId: undefined, endpoint: https://copilot.tencent.com
[9/19/2026, 3:04:30 PM.217] [Info] [AgentModelResolver] product config input: 42 models, 18 agents
[9/19/2026, 3:04:30 PM.217] [Info] [AgentModelResolver] model ids: default, deepseek-v4-pro, deepseek-v4-flash, deepseek-v3-2-volc, minimax-m2.5, minimax-m2.7, minimax-m3-play, glm-5.1, glm-5.0, glm-5.0-turbo, glm-5v-turbo, glm-4.7, glm-4.6, glm-4.6v, kimi-k2.6, kimi-k2.5, kimi-k2-thinking, hy3-preview-agent, hunyuan-chat, hunyuan-image-v3.0, auto, hy3-preview, hunyuan-2.0-thinking, deepseek-v3-1-volc, deepseek-v3-1-lkeap, deepseek-v3-1, deepseek-v3-0324-lkeap, deepseek-r1-0528-lkeap, kimi-k2-instruct-taiji, completion-gf, default-1.1, hunyuan-3b, hunyuan-7b-dense, codewise-completions, codewise-rewrite, codewise-nes-a4-027-aide, codewise-jump, deepseek-r1-0528, deepseek-v3-0324-taco-completion, deepseek-v3-0324, default-1.2, hunyuan-2.0-instruct
[9/19/2026, 3:04:30 PM.217] [Info] [AgentModelResolver] agent "cli" original_models=["auto","glm-5v-turbo","glm-5.1","glm-5.0-turbo","glm-5.0","glm-4.7","kimi-k2.5","minimax-m2.7","deepseek-v3-2-volc"] -> resolved_models=["auto","glm-5v-turbo","glm-5.1","glm-5.0-turbo","glm-5.0","glm-4.7","kimi-k2.5","minimax-m2.7","deepseek-v3-2-volc"]
[9/19/2026, 3:04:30 PM.217] [Info] [AgentModelResolver] agent "general-purpose" original_models=undefined -> resolved_models=[]
[9/19/2026, 3:04:30 PM.217] [Info] [AgentModelResolver] agent "compact" original_models=undefined -> resolved_models=[]
[9/19/2026, 3:04:30 PM.217] [Info] [AgentModelResolver] agent "contextSummary" original_models=undefined -> resolved_models=[]
[9/19/2026, 3:04:30 PM.217] [Info] [AgentModelResolver] agent "contentAnalyzer" original_models=undefined -> resolved_models=[]
[9/19/2026, 3:04:30 PM.217] [Info] [AgentModelResolver] agent "terminalTitleGenerator" original_models=undefined -> resolved_models=[]
[9/19/2026, 3:04:30 PM.217] [Info] [AgentModelResolver] agent "promptSuggestion" original_models=undefined -> resolved_models=[]
[9/19/2026, 3:04:30 PM.217] [Info] [AgentModelResolver] agent "memorySelector" original_models=["lite"] -> resolved_models=["lite"]
[9/19/2026, 3:04:30 PM.217] [Info] [AgentModelResolver] agent "summaryGenerator" original_models=undefined -> resolved_models=[]
[9/19/2026, 3:04:30 PM.217] [Info] [AgentModelResolver] agent "autoModeClassifier" original_models=undefined -> resolved_models=[]
[9/19/2026, 3:04:30 PM.217] [Info] [AgentModelResolver] agent "promptHookEvaluator" original_models=["lite"] -> resolved_models=["lite"]
[9/19/2026, 3:04:30 PM.217] [Info] [AgentModelResolver] agent "insightsAnalyzer" original_models=undefined -> resolved_models=[]
[9/19/2026, 3:04:30 PM.217] [Info] [AgentModelResolver] agent "agentInstructions" original_models=undefined -> resolved_models=[]
[9/19/2026, 3:04:30 PM.217] [Info] [AgentModelResolver] agent "statusline-setup" original_models=undefined -> resolved_models=[]
[9/19/2026, 3:04:30 PM.217] [Info] [AgentModelResolver] agent "Explore" original_models=["lite"] -> resolved_models=["lite"]
[9/19/2026, 3:04:30 PM.217] [Info] [AgentModelResolver] agent "Plan" original_models=undefined -> resolved_models=[]
[9/19/2026, 3:04:30 PM.217] [Info] [AgentModelResolver] agent "pulse" original_models=undefined -> resolved_models=[]
[9/19/2026, 3:04:30 PM.217] [Info] [AgentModelResolver] agent "enhance-prompt" original_models=undefined -> resolved_models=[]
[9/19/2026, 3:04:30 PM.220] [Info] [Merge] Step 1 (local + overlay): localModels=42, overlayModels=51, mergedModels=51
[9/19/2026, 3:04:30 PM.220] [Info] [Merge] Step 2 (+enterprise): enterpriseModels=0, totalModels=51
[9/19/2026, 3:04:30 PM.220] [Info] [Merge] Step 3 (+custom): customModels=0, totalModels=51
[9/19/2026, 3:04:30 PM.220] [Info] [Merge] Step 4 (availableModels filter): finalModels=51, cli.models=["auto","hy4-preview-f","hy3","hy3-x","deepseek-v4.1-flash","glm-5.3","glm-5.3-flash","glm-5.2","glm-5.1","glm-5v-turbo","minimax-m3","kimi-k3-1","kimi-k2.8-preview","kimi-k2.7","kimi-k2.6","deepseek-v4-pro"]
[9/19/2026, 3:04:30 PM.220] [Info] [WeixinClawBotClient] pollLoop getUpdates returned {"iteration":22358,"elapsedMs":932379,"ret":0,"hasBuf":true,"msgs":0}
[9/19/2026, 3:04:30 PM.221] [Info] [WorkbuddyEnterpriseModels] enterpriseId: undefined, endpoint: https://copilot.tencent.com
[9/19/2026, 3:04:30 PM.221] [Info] [AgentModelResolver] product config input: 42 models, 18 agents
[9/19/2026, 3:04:30 PM.221] [Info] [AgentModelResolver] model ids: default, deepseek-v4-pro, deepseek-v4-flash, deepseek-v3-2-volc, minimax-m2.5, minimax-m2.7, minimax-m3-play, glm-5.1, glm-5.0, glm-5.0-turbo, glm-5v-turbo, glm-4.7, glm-4.6, glm-4.6v, kimi-k2.6, kimi-k2.5, kimi-k2-thinking, hy3-preview-agent, hunyuan-chat, hunyuan-image-v3.0, auto, hy3-preview, hunyuan-2.0-thinking, deepseek-v3-1-volc, deepseek-v3-1-lkeap, deepseek-v3-1, deepseek-v3-0324-lkeap, deepseek-r1-0528-lkeap, kimi-k2-instruct-taiji, completion-gf, default-1.1, hunyuan-3b, hunyuan-7b-dense, codewise-completions, codewise-rewrite, codewise-nes-a4-027-aide, codewise-jump, deepseek-r1-0528, deepseek-v3-0324-taco-completion, deepseek-v3-0324, default-1.2, hunyuan-2.0-instruct
[9/19/2026, 3:04:30 PM.221] [Info] [AgentModelResolver] agent "cli" original_models=["auto","glm-5v-turbo","glm-5.1","glm-5.0-turbo","glm-5.0","glm-4.7","kimi-k2.5","minimax-m2.7","deepseek-v3-2-volc"] -> resolved_models=["auto","glm-5v-turbo","glm-5.1","glm-5.0-turbo","glm-5.0","glm-4.7","kimi-k2.5","minimax-m2.7","deepseek-v3-2-volc"]
[9/19/2026, 3:04:30 PM.221] [Info] [AgentModelResolver] agent "general-purpose" original_models=undefined -> resolved_models=[]
[9/19/2026, 3:04:30 PM.221] [Info] [AgentModelResolver] agent "compact" original_models=undefined -> resolved_models=[]
[9/19/2026, 3:04:30 PM.221] [Info] [AgentModelResolver] agent "contextSummary" original_models=undefined -> resolved_models=[]
[9/19/2026, 3:04:30 PM.221] [Info] [AgentModelResolver] agent "contentAnalyzer" original_models=undefined -> resolved_models=[]
[9/19/2026, 3:04:30 PM.221] [Info] [AgentModelResolver] agent "terminalTitleGenerator" original_models=undefined -> resolved_models=[]
[9/19/2026, 3:04:30 PM.221] [Info] [AgentModelResolver] agent "promptSuggestion" original_models=undefined -> resolved_models=[]
[9/19/2026, 3:04:30 PM.221] [Info] [AgentModelResolver] agent "memorySelector" original_models=["lite"] -> resolved_models=["lite"]
[9/19/2026, 3:04:30 PM.221] [Info] [AgentModelResolver] agent "summaryGenerator" original_models=undefined -> resolved_models=[]
[9/19/2026, 3:04:30 PM.221] [Info] [AgentModelResolver] agent "autoModeClassifier" original_models=undefined -> resolved_models=[]
[9/19/2026, 3:04:30 PM.221] [Info] [AgentModelResolver] agent "promptHookEvaluator" original_models=["lite"] -> resolved_models=["lite"]
[9/19/2026, 3:04:30 PM.221] [Info] [AgentModelResolver] agent "insightsAnalyzer" original_models=undefined -> resolved_models=[]
[9/19/2026, 3:04:30 PM.221] [Info] [AgentModelResolver] agent "agentInstructions" original_models=undefined -> resolved_models=[]
[9/19/2026, 3:04:30 PM.221] [Info] [AgentModelResolver] agent "statusline-setup" original_models=undefined -> resolved_models=[]
[9/19/2026, 3:04:30 PM.221] [Info] [AgentModelResolver] agent "Explore" original_models=["lite"] -> resolved_models=["lite"]
[9/19/2026, 3:04:30 PM.221] [Info] [AgentModelResolver] agent "Plan" original_models=undefined -> resolved_models=[]
[9/19/2026, 3:04:30 PM.221] [Info] [AgentModelResolver] agent "pulse" original_models=undefined -> resolved_models=[]
[9/19/2026, 3:04:30 PM.221] [Info] [AgentModelResolver] agent "enhance-prompt" original_models=undefined -> resolved_models=[]
[9/19/2026, 3:04:30 PM.226] [Info] [Merge] Step 1 (local + overlay): localModels=42, overlayModels=51, mergedModels=51
[9/19/2026, 3:04:30 PM.226] [Info] [Merge] Step 2 (+enterprise): enterpriseModels=0, totalModels=51
[9/19/2026, 3:04:30 PM.226] [Info] [Merge] Step 3 (+custom): customModels=0, totalModels=51
[9/19/2026, 3:04:30 PM.226] [Info] [Merge] Step 4 (availableModels filter): finalModels=51, cli.models=["auto","hy4-preview-f","hy3","hy3-x","deepseek-v4.1-flash","glm-5.3","glm-5.3-flash","glm-5.2","glm-5.1","glm-5v-turbo","minimax-m3","kimi-k3-1","kimi-k2.8-preview","kimi-k2.7","kimi-k2.6","deepseek-v4-pro"]
[9/19/2026, 3:04:30 PM.295] [Info] [WeixinClawBotClient] pollLoop iteration begin {"iteration":22359,"cursorLen":96}
[9/19/2026, 3:04:31 PM.191] [Info] [CentrifugoClient] Connected successfully
[9/19/2026, 3:04:31 PM.191] [Info] [ClawService] Centrifugo status: connected
[9/19/2026, 3:04:31 PM.202] [Info] [CentrifugoClient] Subscribed to channel: copilot_workbuddy:fdee3d54-95b6-4e9c-aaff-50ad9505aab4_25e526bc70aeedffd6ce569154fcfedd_e76b49539422036c
[9/19/2026, 3:04:49 PM.187] [Info] [WeixinClawBotClient] pollLoop getUpdates returned {"iteration":22359,"elapsedMs":18893,"hasBuf":true,"msgs":0}
[9/19/2026, 3:04:49 PM.202] [Info] [WeixinClawBotClient] pollLoop iteration begin {"iteration":22360,"cursorLen":96}
[9/19/2026, 3:05:07 PM.374] [Info] [WeixinClawBotClient] pollLoop getUpdates returned {"iteration":22360,"elapsedMs":18184,"hasBuf":true,"msgs":0}
[9/19/2026, 3:05:07 PM.376] [Info] [WeixinClawBotClient] pollLoop iteration begin {"iteration":22361,"cursorLen":96}
[9/19/2026, 3:20:42 PM.946] [Info] [CentrifugoClient] Re-subscribing to copilot_workbuddy:fdee3d54-95b6-4e9c-aaff-50ad9505aab4_25e526bc70aeedffd6ce569154fcfedd_e76b49539422036c: transport closed (code: 1)
[9/19/2026, 3:20:42 PM.946] [Info] [CentrifugoClient] Reconnecting: no ping (code: 2)
[9/19/2026, 3:20:42 PM.946] [Info] [ClawService] Centrifugo status: connecting
[9/19/2026, 3:20:42 PM.948] [Info] [WorkbuddyEnterpriseModels] enterpriseId: undefined, endpoint: https://copilot.tencent.com
[9/19/2026, 3:20:42 PM.949] [Info] [AgentModelResolver] product config input: 42 models, 18 agents
[9/19/2026, 3:20:42 PM.949] [Info] [AgentModelResolver] model ids: default, deepseek-v4-pro, deepseek-v4-flash, deepseek-v3-2-volc, minimax-m2.5, minimax-m2.7, minimax-m3-play, glm-5.1, glm-5.0, glm-5.0-turbo, glm-5v-turbo, glm-4.7, glm-4.6, glm-4.6v, kimi-k2.6, kimi-k2.5, kimi-k2-thinking, hy3-preview-agent, hunyuan-chat, hunyuan-image-v3.0, auto, hy3-preview, hunyuan-2.0-thinking, deepseek-v3-1-volc, deepseek-v3-1-lkeap, deepseek-v3-1, deepseek-v3-0324-lkeap, deepseek-r1-0528-lkeap, kimi-k2-instruct-taiji, completion-gf, default-1.1, hunyuan-3b, hunyuan-7b-dense, codewise-completions, codewise-rewrite, codewise-nes-a4-027-aide, codewise-jump, deepseek-r1-0528, deepseek-v3-0324-taco-completion, deepseek-v3-0324, default-1.2, hunyuan-2.0-instruct
[9/19/2026, 3:20:42 PM.949] [Info] [AgentModelResolver] agent "cli" original_models=["auto","glm-5v-turbo","glm-5.1","glm-5.0-turbo","glm-5.0","glm-4.7","kimi-k2.5","minimax-m2.7","deepseek-v3-2-volc"] -> resolved_models=["auto","glm-5v-turbo","glm-5.1","glm-5.0-turbo","glm-5.0","glm-4.7","kimi-k2.5","minimax-m2.7","deepseek-v3-2-volc"]
[9/19/2026, 3:20:42 PM.949] [Info] [AgentModelResolver] agent "general-purpose" original_models=undefined -> resolved_models=[]
[9/19/2026, 3:20:42 PM.949] [Info] [AgentModelResolver] agent "compact" original_models=undefined -> resolved_models=[]
[9/19/2026, 3:20:42 PM.949] [Info] [AgentModelResolver] agent "contextSummary" original_models=undefined -> resolved_models=[]
[9/19/2026, 3:20:42 PM.949] [Info] [AgentModelResolver] agent "contentAnalyzer" original_models=undefined -> resolved_models=[]
[9/19/2026, 3:20:42 PM.949] [Info] [AgentModelResolver] agent "terminalTitleGenerator" original_models=undefined -> resolved_models=[]
[9/19/2026, 3:20:42 PM.949] [Info] [AgentModelResolver] agent "promptSuggestion" original_models=undefined -> resolved_models=[]
[9/19/2026, 3:20:42 PM.949] [Info] [AgentModelResolver] agent "memorySelector" original_models=["lite"] -> resolved_models=["lite"]
[9/19/2026, 3:20:42 PM.949] [Info] [AgentModelResolver] agent "summaryGenerator" original_models=undefined -> resolved_models=[]
[9/19/2026, 3:20:42 PM.949] [Info] [AgentModelResolver] agent "autoModeClassifier" original_models=undefined -> resolved_models=[]
[9/19/2026, 3:20:42 PM.949] [Info] [AgentModelResolver] agent "promptHookEvaluator" original_models=["lite"] -> resolved_models=["lite"]
[9/19/2026, 3:20:42 PM.949] [Info] [AgentModelResolver] agent "insightsAnalyzer" original_models=undefined -> resolved_models=[]
[9/19/2026, 3:20:42 PM.949] [Info] [AgentModelResolver] agent "agentInstructions" original_models=undefined -> resolved_models=[]
[9/19/2026, 3:20:42 PM.949] [Info] [AgentModelResolver] agent "statusline-setup" original_models=undefined -> resolved_models=[]
[9/19/2026, 3:20:42 PM.949] [Info] [AgentModelResolver] agent "Explore" original_models=["lite"] -> resolved_models=["lite"]
[9/19/2026, 3:20:42 PM.949] [Info] [AgentModelResolver] agent "Plan" original_models=undefined -> resolved_models=[]
[9/19/2026, 3:20:42 PM.949] [Info] [AgentModelResolver] agent "pulse" original_models=undefined -> resolved_models=[]
[9/19/2026, 3:20:42 PM.949] [Info] [AgentModelResolver] agent "enhance-prompt" original_models=undefined -> resolved_models=[]
[9/19/2026, 3:20:42 PM.954] [Info] [Merge] Step 1 (local + overlay): localModels=42, overlayModels=51, mergedModels=51
[9/19/2026, 3:20:42 PM.954] [Info] [Merge] Step 2 (+enterprise): enterpriseModels=0, totalModels=51
[9/19/2026, 3:20:42 PM.954] [Info] [Merge] Step 3 (+custom): customModels=0, totalModels=51
[9/19/2026, 3:20:42 PM.954] [Info] [Merge] Step 4 (availableModels filter): finalModels=51, cli.models=["auto","hy4-preview-f","hy3","hy3-x","deepseek-v4.1-flash","glm-5.3","glm-5.3-flash","glm-5.2","glm-5.1","glm-5v-turbo","minimax-m3","kimi-k3-1","kimi-k2.8-preview","kimi-k2.7","kimi-k2.6","deepseek-v4-pro"]
[9/19/2026, 3:20:42 PM.957] [Info] [WeixinClawBotClient] pollLoop getUpdates returned {"iteration":22361,"elapsedMs":935582,"ret":0,"hasBuf":true,"msgs":0}
[9/19/2026, 3:20:42 PM.958] [Info] [WorkbuddyEnterpriseModels] enterpriseId: undefined, endpoint: https://copilot.tencent.com
[9/19/2026, 3:20:42 PM.958] [Info] [AgentModelResolver] product config input: 42 models, 18 agents
[9/19/2026, 3:20:42 PM.958] [Info] [AgentModelResolver] model ids: default, deepseek-v4-pro, deepseek-v4-flash, deepseek-v3-2-volc, minimax-m2.5, minimax-m2.7, minimax-m3-play, glm-5.1, glm-5.0, glm-5.0-turbo, glm-5v-turbo, glm-4.7, glm-4.6, glm-4.6v, kimi-k2.6, kimi-k2.5, kimi-k2-thinking, hy3-preview-agent, hunyuan-chat, hunyuan-image-v3.0, auto, hy3-preview, hunyuan-2.0-thinking, deepseek-v3-1-volc, deepseek-v3-1-lkeap, deepseek-v3-1, deepseek-v3-0324-lkeap, deepseek-r1-0528-lkeap, kimi-k2-instruct-taiji, completion-gf, default-1.1, hunyuan-3b, hunyuan-7b-dense, codewise-completions, codewise-rewrite, codewise-nes-a4-027-aide, codewise-jump, deepseek-r1-0528, deepseek-v3-0324-taco-completion, deepseek-v3-0324, default-1.2, hunyuan-2.0-instruct
[9/19/2026, 3:20:42 PM.958] [Info] [AgentModelResolver] agent "cli" original_models=["auto","glm-5v-turbo","glm-5.1","glm-5.0-turbo","glm-5.0","glm-4.7","kimi-k2.5","minimax-m2.7","deepseek-v3-2-volc"] -> resolved_models=["auto","glm-5v-turbo","glm-5.1","glm-5.0-turbo","glm-5.0","glm-4.7","kimi-k2.5","minimax-m2.7","deepseek-v3-2-volc"]
[9/19/2026, 3:20:42 PM.958] [Info] [AgentModelResolver] agent "general-purpose" original_models=undefined -> resolved_models=[]
[9/19/2026, 3:20:42 PM.958] [Info] [AgentModelResolver] agent "compact" original_models=undefined -> resolved_models=[]
[9/19/2026, 3:20:42 PM.958] [Info] [AgentModelResolver] agent "contextSummary" original_models=undefined -> resolved_models=[]
[9/19/2026, 3:20:42 PM.958] [Info] [AgentModelResolver] agent "contentAnalyzer" original_models=undefined -> resolved_models=[]
[9/19/2026, 3:20:42 PM.958] [Info] [AgentModelResolver] agent "terminalTitleGenerator" original_models=undefined -> resolved_models=[]
[9/19/2026, 3:20:42 PM.958] [Info] [AgentModelResolver] agent "promptSuggestion" original_models=undefined -> resolved_models=[]
[9/19/2026, 3:20:42 PM.958] [Info] [AgentModelResolver] agent "memorySelector" original_models=["lite"] -> resolved_models=["lite"]
[9/19/2026, 3:20:42 PM.958] [Info] [AgentModelResolver] agent "summaryGenerator" original_models=undefined -> resolved_models=[]
[9/19/2026, 3:20:42 PM.958] [Info] [AgentModelResolver] agent "autoModeClassifier" original_models=undefined -> resolved_models=[]
[9/19/2026, 3:20:42 PM.958] [Info] [AgentModelResolver] agent "promptHookEvaluator" original_models=["lite"] -> resolved_models=["lite"]
[9/19/2026, 3:20:42 PM.958] [Info] [AgentModelResolver] agent "insightsAnalyzer" original_models=undefined -> resolved_models=[]
[9/19/2026, 3:20:42 PM.958] [Info] [AgentModelResolver] agent "agentInstructions" original_models=undefined -> resolved_models=[]
[9/19/2026, 3:20:42 PM.958] [Info] [AgentModelResolver] agent "statusline-setup" original_models=undefined -> resolved_models=[]
[9/19/2026, 3:20:42 PM.958] [Info] [AgentModelResolver] agent "Explore" original_models=["lite"] -> resolved_models=["lite"]
[9/19/2026, 3:20:42 PM.958] [Info] [AgentModelResolver] agent "Plan" original_models=undefined -> resolved_models=[]
[9/19/2026, 3:20:42 PM.958] [Info] [AgentModelResolver] agent "pulse" original_models=undefined -> resolved_models=[]
[9/19/2026, 3:20:42 PM.958] [Info] [AgentModelResolver] agent "enhance-prompt" original_models=undefined -> resolved_models=[]
[9/19/2026, 3:20:42 PM.962] [Info] [Merge] Step 1 (local + overlay): localModels=42, overlayModels=51, mergedModels=51
[9/19/2026, 3:20:42 PM.962] [Info] [Merge] Step 2 (+enterprise): enterpriseModels=0, totalModels=51
[9/19/2026, 3:20:42 PM.962] [Info] [Merge] Step 3 (+custom): customModels=0, totalModels=51
[9/19/2026, 3:20:42 PM.962] [Info] [Merge] Step 4 (availableModels filter): finalModels=51, cli.models=["auto","hy4-preview-f","hy3","hy3-x","deepseek-v4.1-flash","glm-5.3","glm-5.3-flash","glm-5.2","glm-5.1","glm-5v-turbo","minimax-m3","kimi-k3-1","kimi-k2.8-preview","kimi-k2.7","kimi-k2.6","deepseek-v4-pro"]
[9/19/2026, 3:20:43 PM.028] [Info] [WeixinClawBotClient] pollLoop iteration begin {"iteration":22362,"cursorLen":96}
[9/19/2026, 3:20:43 PM.758] [Info] [CentrifugoClient] Connected successfully
[9/19/2026, 3:20:43 PM.758] [Info] [ClawService] Centrifugo status: connected
[9/19/2026, 3:20:43 PM.766] [Info] [CentrifugoClient] Subscribed to channel: copilot_workbuddy:fdee3d54-95b6-4e9c-aaff-50ad9505aab4_25e526bc70aeedffd6ce569154fcfedd_e76b49539422036c
[9/19/2026, 3:21:01 PM.741] [Info] [WeixinClawBotClient] pollLoop getUpdates returned {"iteration":22362,"elapsedMs":18712,"hasBuf":true,"msgs":0}
[9/19/2026, 3:21:01 PM.755] [Info] [WeixinClawBotClient] pollLoop iteration begin {"iteration":22363,"cursorLen":96}
[9/19/2026, 3:21:19 PM.923] [Info] [WeixinClawBotClient] pollLoop getUpdates returned {"iteration":22363,"elapsedMs":18180,"hasBuf":true,"msgs":0}
[9/19/2026, 3:21:19 PM.926] [Info] [WeixinClawBotClient] pollLoop iteration begin {"iteration":22364,"cursorLen":96}
[9/19/2026, 3:35:48 PM.739] [Info] [CentrifugoClient] Re-subscribing to copilot_workbuddy:fdee3d54-95b6-4e9c-aaff-50ad9505aab4_25e526bc70aeedffd6ce569154fcfedd_e76b49539422036c: transport closed (code: 1)
[9/19/2026, 3:35:48 PM.739] [Info] [CentrifugoClient] Reconnecting: no ping (code: 2)
[9/19/2026, 3:35:48 PM.739] [Info] [ClawService] Centrifugo status: connecting
[9/19/2026, 3:35:48 PM.739] [Info] [WorkbuddyEnterpriseModels] enterpriseId: undefined, endpoint: https://copilot.tencent.com
[9/19/2026, 3:35:48 PM.740] [Info] [AgentModelResolver] product config input: 42 models, 18 agents
[9/19/2026, 3:35:48 PM.740] [Info] [AgentModelResolver] model ids: default, deepseek-v4-pro, deepseek-v4-flash, deepseek-v3-2-volc, minimax-m2.5, minimax-m2.7, minimax-m3-play, glm-5.1, glm-5.0, glm-5.0-turbo, glm-5v-turbo, glm-4.7, glm-4.6, glm-4.6v, kimi-k2.6, kimi-k2.5, kimi-k2-thinking, hy3-preview-agent, hunyuan-chat, hunyuan-image-v3.0, auto, hy3-preview, hunyuan-2.0-thinking, deepseek-v3-1-volc, deepseek-v3-1-lkeap, deepseek-v3-1, deepseek-v3-0324-lkeap, deepseek-r1-0528-lkeap, kimi-k2-instruct-taiji, completion-gf, default-1.1, hunyuan-3b, hunyuan-7b-dense, codewise-completions, codewise-rewrite, codewise-nes-a4-027-aide, codewise-jump, deepseek-r1-0528, deepseek-v3-0324-taco-completion, deepseek-v3-0324, default-1.2, hunyuan-2.0-instruct
[9/19/2026, 3:35:48 PM.740] [Info] [AgentModelResolver] agent "cli" original_models=["auto","glm-5v-turbo","glm-5.1","glm-5.0-turbo","glm-5.0","glm-4.7","kimi-k2.5","minimax-m2.7","deepseek-v3-2-volc"] -> resolved_models=["auto","glm-5v-turbo","glm-5.1","glm-5.0-turbo","glm-5.0","glm-4.7","kimi-k2.5","minimax-m2.7","deepseek-v3-2-volc"]
[9/19/2026, 3:35:48 PM.740] [Info] [AgentModelResolver] agent "general-purpose" original_models=undefined -> resolved_models=[]
[9/19/2026, 3:35:48 PM.740] [Info] [AgentModelResolver] agent "compact" original_models=undefined -> resolved_models=[]
[9/19/2026, 3:35:48 PM.740] [Info] [AgentModelResolver] agent "contextSummary" original_models=undefined -> resolved_models=[]
[9/19/2026, 3:35:48 PM.740] [Info] [AgentModelResolver] agent "contentAnalyzer" original_models=undefined -> resolved_models=[]
[9/19/2026, 3:35:48 PM.740] [Info] [AgentModelResolver] agent "terminalTitleGenerator" original_models=undefined -> resolved_models=[]
[9/19/2026, 3:35:48 PM.740] [Info] [AgentModelResolver] agent "promptSuggestion" original_models=undefined -> resolved_models=[]
[9/19/2026, 3:35:48 PM.740] [Info] [AgentModelResolver] agent "memorySelector" original_models=["lite"] -> resolved_models=["lite"]
[9/19/2026, 3:35:48 PM.740] [Info] [AgentModelResolver] agent "summaryGenerator" original_models=undefined -> resolved_models=[]
[9/19/2026, 3:35:48 PM.740] [Info] [AgentModelResolver] agent "autoModeClassifier" original_models=undefined -> resolved_models=[]
[9/19/2026, 3:35:48 PM.740] [Info] [AgentModelResolver] agent "promptHookEvaluator" original_models=["lite"] -> resolved_models=["lite"]
[9/19/2026, 3:35:48 PM.740] [Info] [AgentModelResolver] agent "insightsAnalyzer" original_models=undefined -> resolved_models=[]
[9/19/2026, 3:35:48 PM.740] [Info] [AgentModelResolver] agent "agentInstructions" original_models=undefined -> resolved_models=[]
[9/19/2026, 3:35:48 PM.740] [Info] [AgentModelResolver] agent "statusline-setup" original_models=undefined -> resolved_models=[]
[9/19/2026, 3:35:48 PM.740] [Info] [AgentModelResolver] agent "Explore" original_models=["lite"] -> resolved_models=["lite"]
[9/19/2026, 3:35:48 PM.740] [Info] [AgentModelResolver] agent "Plan" original_models=undefined -> resolved_models=[]
[9/19/2026, 3:35:48 PM.740] [Info] [AgentModelResolver] agent "pulse" original_models=undefined -> resolved_models=[]
[9/19/2026, 3:35:48 PM.740] [Info] [AgentModelResolver] agent "enhance-prompt" original_models=undefined -> resolved_models=[]
[9/19/2026, 3:35:48 PM.743] [Info] [Merge] Step 1 (local + overlay): localModels=42, overlayModels=51, mergedModels=51
[9/19/2026, 3:35:48 PM.743] [Info] [Merge] Step 2 (+enterprise): enterpriseModels=0, totalModels=51
[9/19/2026, 3:35:48 PM.743] [Info] [Merge] Step 3 (+custom): customModels=0, totalModels=51
[9/19/2026, 3:35:48 PM.743] [Info] [Merge] Step 4 (availableModels filter): finalModels=51, cli.models=["auto","hy4-preview-f","hy3","hy3-x","deepseek-v4.1-flash","glm-5.3","glm-5.3-flash","glm-5.2","glm-5.1","glm-5v-turbo","minimax-m3","kimi-k3-1","kimi-k2.8-preview","kimi-k2.7","kimi-k2.6","deepseek-v4-pro"]
[9/19/2026, 3:35:48 PM.744] [Info] [WeixinClawBotClient] pollLoop getUpdates returned {"iteration":22364,"elapsedMs":868819,"ret":0,"hasBuf":true,"msgs":0}
[9/19/2026, 3:35:48 PM.745] [Info] [WorkbuddyEnterpriseModels] enterpriseId: undefined, endpoint: https://copilot.tencent.com
[9/19/2026, 3:35:48 PM.745] [Info] [AgentModelResolver] product config input: 42 models, 18 agents
[9/19/2026, 3:35:48 PM.745] [Info] [AgentModelResolver] model ids: default, deepseek-v4-pro, deepseek-v4-flash, deepseek-v3-2-volc, minimax-m2.5, minimax-m2.7, minimax-m3-play, glm-5.1, glm-5.0, glm-5.0-turbo, glm-5v-turbo, glm-4.7, glm-4.6, glm-4.6v, kimi-k2.6, kimi-k2.5, kimi-k2-thinking, hy3-preview-agent, hunyuan-chat, hunyuan-image-v3.0, auto, hy3-preview, hunyuan-2.0-thinking, deepseek-v3-1-volc, deepseek-v3-1-lkeap, deepseek-v3-1, deepseek-v3-0324-lkeap, deepseek-r1-0528-lkeap, kimi-k2-instruct-taiji, completion-gf, default-1.1, hunyuan-3b, hunyuan-7b-dense, codewise-completions, codewise-rewrite, codewise-nes-a4-027-aide, codewise-jump, deepseek-r1-0528, deepseek-v3-0324-taco-completion, deepseek-v3-0324, default-1.2, hunyuan-2.0-instruct
[9/19/2026, 3:35:48 PM.745] [Info] [AgentModelResolver] agent "cli" original_models=["auto","glm-5v-turbo","glm-5.1","glm-5.0-turbo","glm-5.0","glm-4.7","kimi-k2.5","minimax-m2.7","deepseek-v3-2-volc"] -> resolved_models=["auto","glm-5v-turbo","glm-5.1","glm-5.0-turbo","glm-5.0","glm-4.7","kimi-k2.5","minimax-m2.7","deepseek-v3-2-volc"]
[9/19/2026, 3:35:48 PM.745] [Info] [AgentModelResolver] agent "general-purpose" original_models=undefined -> resolved_models=[]
[9/19/2026, 3:35:48 PM.745] [Info] [AgentModelResolver] agent "compact" original_models=undefined -> resolved_models=[]
[9/19/2026, 3:35:48 PM.745] [Info] [AgentModelResolver] agent "contextSummary" original_models=undefined -> resolved_models=[]
[9/19/2026, 3:35:48 PM.745] [Info] [AgentModelResolver] agent "contentAnalyzer" original_models=undefined -> resolved_models=[]
[9/19/2026, 3:35:48 PM.745] [Info] [AgentModelResolver] agent "terminalTitleGenerator" original_models=undefined -> resolved_models=[]
[9/19/2026, 3:35:48 PM.745] [Info] [AgentModelResolver] agent "promptSuggestion" original_models=undefined -> resolved_models=[]
[9/19/2026, 3:35:48 PM.745] [Info] [AgentModelResolver] agent "memorySelector" original_models=["lite"] -> resolved_models=["lite"]
[9/19/2026, 3:35:48 PM.745] [Info] [AgentModelResolver] agent "summaryGenerator" original_models=undefined -> resolved_models=[]
[9/19/2026, 3:35:48 PM.745] [Info] [AgentModelResolver] agent "autoModeClassifier" original_models=undefined -> resolved_models=[]
[9/19/2026, 3:35:48 PM.745] [Info] [AgentModelResolver] agent "promptHookEvaluator" original_models=["lite"] -> resolved_models=["lite"]
[9/19/2026, 3:35:48 PM.745] [Info] [AgentModelResolver] agent "insightsAnalyzer" original_models=undefined -> resolved_models=[]
[9/19/2026, 3:35:48 PM.745] [Info] [AgentModelResolver] agent "agentInstructions" original_models=undefined -> resolved_models=[]
[9/19/2026, 3:35:48 PM.745] [Info] [AgentModelResolver] agent "statusline-setup" original_models=undefined -> resolved_models=[]
[9/19/2026, 3:35:48 PM.745] [Info] [AgentModelResolver] agent "Explore" original_models=["lite"] -> resolved_models=["lite"]
[9/19/2026, 3:35:48 PM.745] [Info] [AgentModelResolver] agent "Plan" original_models=undefined -> resolved_models=[]
[9/19/2026, 3:35:48 PM.745] [Info] [AgentModelResolver] agent "pulse" original_models=undefined -> resolved_models=[]
[9/19/2026, 3:35:48 PM.745] [Info] [AgentModelResolver] agent "enhance-prompt" original_models=undefined -> resolved_models=[]
[9/19/2026, 3:35:48 PM.751] [Info] [Merge] Step 1 (local + overlay): localModels=42, overlayModels=51, mergedModels=51
[9/19/2026, 3:35:48 PM.751] [Info] [Merge] Step 2 (+enterprise): enterpriseModels=0, totalModels=51
[9/19/2026, 3:35:48 PM.751] [Info] [Merge] Step 3 (+custom): customModels=0, totalModels=51
[9/19/2026, 3:35:48 PM.751] [Info] [Merge] Step 4 (availableModels filter): finalModels=51, cli.models=["auto","hy4-preview-f","hy3","hy3-x","deepseek-v4.1-flash","glm-5.3","glm-5.3-flash","glm-5.2","glm-5.1","glm-5v-turbo","minimax-m3","kimi-k3-1","kimi-k2.8-preview","kimi-k2.7","kimi-k2.6","deepseek-v4-pro"]
[9/19/2026, 3:35:49 PM.025] [Info] [WeixinClawBotClient] pollLoop iteration begin {"iteration":22365,"cursorLen":96}
[9/19/2026, 3:35:49 PM.632] [Info] [CentrifugoClient] Connected successfully
[9/19/2026, 3:35:49 PM.632] [Info] [ClawService] Centrifugo status: connected
[9/19/2026, 3:35:49 PM.642] [Info] [CentrifugoClient] Subscribed to channel: copilot_workbuddy:fdee3d54-95b6-4e9c-aaff-50ad9505aab4_25e526bc70aeedffd6ce569154fcfedd_e76b49539422036c
[9/19/2026, 3:36:07 PM.582] [Info] [WeixinClawBotClient] pollLoop getUpdates returned {"iteration":22365,"elapsedMs":18557,"hasBuf":true,"msgs":0}
[9/19/2026, 3:36:07 PM.596] [Info] [WeixinClawBotClient] pollLoop iteration begin {"iteration":22366,"cursorLen":96}
[9/19/2026, 3:36:25 PM.749] [Info] [WeixinClawBotClient] pollLoop getUpdates returned {"iteration":22366,"elapsedMs":18165,"hasBuf":true,"msgs":0}
[9/19/2026, 3:36:25 PM.752] [Info] [WeixinClawBotClient] pollLoop iteration begin {"iteration":22367,"cursorLen":96}
[9/19/2026, 3:52:09 PM.878] [Info] [CentrifugoClient] Re-subscribing to copilot_workbuddy:fdee3d54-95b6-4e9c-aaff-50ad9505aab4_25e526bc70aeedffd6ce569154fcfedd_e76b49539422036c: transport closed (code: 1)
[9/19/2026, 3:52:09 PM.878] [Info] [CentrifugoClient] Reconnecting: no ping (code: 2)
[9/19/2026, 3:52:09 PM.878] [Info] [ClawService] Centrifugo status: connecting
[9/19/2026, 3:52:09 PM.880] [Info] [WorkbuddyEnterpriseModels] enterpriseId: undefined, endpoint: https://copilot.tencent.com
[9/19/2026, 3:52:09 PM.880] [Info] [AgentModelResolver] product config input: 42 models, 18 agents
[9/19/2026, 3:52:09 PM.880] [Info] [AgentModelResolver] model ids: default, deepseek-v4-pro, deepseek-v4-flash, deepseek-v3-2-volc, minimax-m2.5, minimax-m2.7, minimax-m3-play, glm-5.1, glm-5.0, glm-5.0-turbo, glm-5v-turbo, glm-4.7, glm-4.6, glm-4.6v, kimi-k2.6, kimi-k2.5, kimi-k2-thinking, hy3-preview-agent, hunyuan-chat, hunyuan-image-v3.0, auto, hy3-preview, hunyuan-2.0-thinking, deepseek-v3-1-volc, deepseek-v3-1-lkeap, deepseek-v3-1, deepseek-v3-0324-lkeap, deepseek-r1-0528-lkeap, kimi-k2-instruct-taiji, completion-gf, default-1.1, hunyuan-3b, hunyuan-7b-dense, codewise-completions, codewise-rewrite, codewise-nes-a4-027-aide, codewise-jump, deepseek-r1-0528, deepseek-v3-0324-taco-completion, deepseek-v3-0324, default-1.2, hunyuan-2.0-instruct
[9/19/2026, 3:52:09 PM.880] [Info] [AgentModelResolver] agent "cli" original_models=["auto","glm-5v-turbo","glm-5.1","glm-5.0-turbo","glm-5.0","glm-4.7","kimi-k2.5","minimax-m2.7","deepseek-v3-2-volc"] -> resolved_models=["auto","glm-5v-turbo","glm-5.1","glm-5.0-turbo","glm-5.0","glm-4.7","kimi-k2.5","minimax-m2.7","deepseek-v3-2-volc"]
[9/19/2026, 3:52:09 PM.880] [Info] [AgentModelResolver] agent "general-purpose" original_models=undefined -> resolved_models=[]
[9/19/2026, 3:52:09 PM.880] [Info] [AgentModelResolver] agent "compact" original_models=undefined -> resolved_models=[]
[9/19/2026, 3:52:09 PM.880] [Info] [AgentModelResolver] agent "contextSummary" original_models=undefined -> resolved_models=[]
[9/19/2026, 3:52:09 PM.880] [Info] [AgentModelResolver] agent "contentAnalyzer" original_models=undefined -> resolved_models=[]
[9/19/2026, 3:52:09 PM.880] [Info] [AgentModelResolver] agent "terminalTitleGenerator" original_models=undefined -> resolved_models=[]
[9/19/2026, 3:52:09 PM.880] [Info] [AgentModelResolver] agent "promptSuggestion" original_models=undefined -> resolved_models=[]
[9/19/2026, 3:52:09 PM.880] [Info] [AgentModelResolver] agent "memorySelector" original_models=["lite"] -> resolved_models=["lite"]
[9/19/2026, 3:52:09 PM.880] [Info] [AgentModelResolver] agent "summaryGenerator" original_models=undefined -> resolved_models=[]
[9/19/2026, 3:52:09 PM.880] [Info] [AgentModelResolver] agent "autoModeClassifier" original_models=undefined -> resolved_models=[]
[9/19/2026, 3:52:09 PM.880] [Info] [AgentModelResolver] agent "promptHookEvaluator" original_models=["lite"] -> resolved_models=["lite"]
[9/19/2026, 3:52:09 PM.880] [Info] [AgentModelResolver] agent "insightsAnalyzer" original_models=undefined -> resolved_models=[]
[9/19/2026, 3:52:09 PM.880] [Info] [AgentModelResolver] agent "agentInstructions" original_models=undefined -> resolved_models=[]
[9/19/2026, 3:52:09 PM.880] [Info] [AgentModelResolver] agent "statusline-setup" original_models=undefined -> resolved_models=[]
[9/19/2026, 3:52:09 PM.880] [Info] [AgentModelResolver] agent "Explore" original_models=["lite"] -> resolved_models=["lite"]
[9/19/2026, 3:52:09 PM.880] [Info] [AgentModelResolver] agent "Plan" original_models=undefined -> resolved_models=[]
[9/19/2026, 3:52:09 PM.880] [Info] [AgentModelResolver] agent "pulse" original_models=undefined -> resolved_models=[]
[9/19/2026, 3:52:09 PM.880] [Info] [AgentModelResolver] agent "enhance-prompt" original_models=undefined -> resolved_models=[]
[9/19/2026, 3:52:09 PM.885] [Info] [Merge] Step 1 (local + overlay): localModels=42, overlayModels=51, mergedModels=51
[9/19/2026, 3:52:09 PM.885] [Info] [Merge] Step 2 (+enterprise): enterpriseModels=0, totalModels=51
[9/19/2026, 3:52:09 PM.885] [Info] [Merge] Step 3 (+custom): customModels=0, totalModels=51
[9/19/2026, 3:52:09 PM.885] [Info] [Merge] Step 4 (availableModels filter): finalModels=51, cli.models=["auto","hy4-preview-f","hy3","hy3-x","deepseek-v4.1-flash","glm-5.3","glm-5.3-flash","glm-5.2","glm-5.1","glm-5v-turbo","minimax-m3","kimi-k3-1","kimi-k2.8-preview","kimi-k2.7","kimi-k2.6","deepseek-v4-pro"]
[9/19/2026, 3:52:09 PM.886] [Info] [WeixinClawBotClient] pollLoop getUpdates returned {"iteration":22367,"elapsedMs":944135,"ret":0,"hasBuf":true,"msgs":0}
[9/19/2026, 3:52:09 PM.886] [Info] [WorkbuddyEnterpriseModels] enterpriseId: undefined, endpoint: https://copilot.tencent.com
[9/19/2026, 3:52:09 PM.886] [Info] [AgentModelResolver] product config input: 42 models, 18 agents
[9/19/2026, 3:52:09 PM.886] [Info] [AgentModelResolver] model ids: default, deepseek-v4-pro, deepseek-v4-flash, deepseek-v3-2-volc, minimax-m2.5, minimax-m2.7, minimax-m3-play, glm-5.1, glm-5.0, glm-5.0-turbo, glm-5v-turbo, glm-4.7, glm-4.6, glm-4.6v, kimi-k2.6, kimi-k2.5, kimi-k2-thinking, hy3-preview-agent, hunyuan-chat, hunyuan-image-v3.0, auto, hy3-preview, hunyuan-2.0-thinking, deepseek-v3-1-volc, deepseek-v3-1-lkeap, deepseek-v3-1, deepseek-v3-0324-lkeap, deepseek-r1-0528-lkeap, kimi-k2-instruct-taiji, completion-gf, default-1.1, hunyuan-3b, hunyuan-7b-dense, codewise-completions, codewise-rewrite, codewise-nes-a4-027-aide, codewise-jump, deepseek-r1-0528, deepseek-v3-0324-taco-completion, deepseek-v3-0324, default-1.2, hunyuan-2.0-instruct
[9/19/2026, 3:52:09 PM.886] [Info] [AgentModelResolver] agent "cli" original_models=["auto","glm-5v-turbo","glm-5.1","glm-5.0-turbo","glm-5.0","glm-4.7","kimi-k2.5","minimax-m2.7","deepseek-v3-2-volc"] -> resolved_models=["auto","glm-5v-turbo","glm-5.1","glm-5.0-turbo","glm-5.0","glm-4.7","kimi-k2.5","minimax-m2.7","deepseek-v3-2-volc"]
[9/19/2026, 3:52:09 PM.886] [Info] [AgentModelResolver] agent "general-purpose" original_models=undefined -> resolved_models=[]
[9/19/2026, 3:52:09 PM.886] [Info] [AgentModelResolver] agent "compact" original_models=undefined -> resolved_models=[]
[9/19/2026, 3:52:09 PM.886] [Info] [AgentModelResolver] agent "contextSummary" original_models=undefined -> resolved_models=[]
[9/19/2026, 3:52:09 PM.886] [Info] [AgentModelResolver] agent "contentAnalyzer" original_models=undefined -> resolved_models=[]
[9/19/2026, 3:52:09 PM.886] [Info] [AgentModelResolver] agent "terminalTitleGenerator" original_models=undefined -> resolved_models=[]
[9/19/2026, 3:52:09 PM.886] [Info] [AgentModelResolver] agent "promptSuggestion" original_models=undefined -> resolved_models=[]
[9/19/2026, 3:52:09 PM.886] [Info] [AgentModelResolver] agent "memorySelector" original_models=["lite"] -> resolved_models=["lite"]
[9/19/2026, 3:52:09 PM.886] [Info] [AgentModelResolver] agent "summaryGenerator" original_models=undefined -> resolved_models=[]
[9/19/2026, 3:52:09 PM.886] [Info] [AgentModelResolver] agent "autoModeClassifier" original_models=undefined -> resolved_models=[]
[9/19/2026, 3:52:09 PM.886] [Info] [AgentModelResolver] agent "promptHookEvaluator" original_models=["lite"] -> resolved_models=["lite"]
[9/19/2026, 3:52:09 PM.886] [Info] [AgentModelResolver] agent "insightsAnalyzer" original_models=undefined -> resolved_models=[]
[9/19/2026, 3:52:09 PM.886] [Info] [AgentModelResolver] agent "agentInstructions" original_models=undefined -> resolved_models=[]
[9/19/2026, 3:52:09 PM.886] [Info] [AgentModelResolver] agent "statusline-setup" original_models=undefined -> resolved_models=[]
[9/19/2026, 3:52:09 PM.887] [Info] [AgentModelResolver] agent "Explore" original_models=["lite"] -> resolved_models=["lite"]
[9/19/2026, 3:52:09 PM.887] [Info] [AgentModelResolver] agent "Plan" original_models=undefined -> resolved_models=[]
[9/19/2026, 3:52:09 PM.887] [Info] [AgentModelResolver] agent "pulse" original_models=undefined -> resolved_models=[]
[9/19/2026, 3:52:09 PM.887] [Info] [AgentModelResolver] agent "enhance-prompt" original_models=undefined -> resolved_models=[]
[9/19/2026, 3:52:09 PM.898] [Info] [Merge] Step 1 (local + overlay): localModels=42, overlayModels=51, mergedModels=51
[9/19/2026, 3:52:09 PM.898] [Info] [Merge] Step 2 (+enterprise): enterpriseModels=0, totalModels=51
[9/19/2026, 3:52:09 PM.898] [Info] [Merge] Step 3 (+custom): customModels=0, totalModels=51
[9/19/2026, 3:52:09 PM.898] [Info] [Merge] Step 4 (availableModels filter): finalModels=51, cli.models=["auto","hy4-preview-f","hy3","hy3-x","deepseek-v4.1-flash","glm-5.3","glm-5.3-flash","glm-5.2","glm-5.1","glm-5v-turbo","minimax-m3","kimi-k3-1","kimi-k2.8-preview","kimi-k2.7","kimi-k2.6","deepseek-v4-pro"]
[9/19/2026, 3:52:09 PM.968] [Info] [WeixinClawBotClient] pollLoop iteration begin {"iteration":22368,"cursorLen":96}
[9/19/2026, 3:52:10 PM.758] [Info] [CentrifugoClient] Connected successfully
[9/19/2026, 3:52:10 PM.758] [Info] [ClawService] Centrifugo status: connected
[9/19/2026, 3:52:10 PM.759] [Info] [CentrifugoClient] Subscribed to channel: copilot_workbuddy:fdee3d54-95b6-4e9c-aaff-50ad9505aab4_25e526bc70aeedffd6ce569154fcfedd_e76b49539422036c
[9/19/2026, 3:52:28 PM.683] [Info] [WeixinClawBotClient] pollLoop getUpdates returned {"iteration":22368,"elapsedMs":18715,"hasBuf":true,"msgs":0}
[9/19/2026, 3:52:28 PM.701] [Info] [WeixinClawBotClient] pollLoop iteration begin {"iteration":22369,"cursorLen":96}
[9/19/2026, 3:52:46 PM.871] [Info] [WeixinClawBotClient] pollLoop getUpdates returned {"iteration":22369,"elapsedMs":18183,"hasBuf":true,"msgs":0}
[9/19/2026, 3:52:46 PM.873] [Info] [WeixinClawBotClient] pollLoop iteration begin {"iteration":22370,"cursorLen":96}
[9/19/2026, 4:08:28 PM.967] [Info] [CentrifugoClient] Re-subscribing to copilot_workbuddy:fdee3d54-95b6-4e9c-aaff-50ad9505aab4_25e526bc70aeedffd6ce569154fcfedd_e76b49539422036c: transport closed (code: 1)
[9/19/2026, 4:08:28 PM.967] [Info] [CentrifugoClient] Reconnecting: no ping (code: 2)
[9/19/2026, 4:08:28 PM.967] [Info] [ClawService] Centrifugo status: connecting
[9/19/2026, 4:08:28 PM.970] [Info] [WorkbuddyEnterpriseModels] enterpriseId: undefined, endpoint: https://copilot.tencent.com
[9/19/2026, 4:08:28 PM.970] [Info] [AgentModelResolver] product config input: 42 models, 18 agents
[9/19/2026, 4:08:28 PM.970] [Info] [AgentModelResolver] model ids: default, deepseek-v4-pro, deepseek-v4-flash, deepseek-v3-2-volc, minimax-m2.5, minimax-m2.7, minimax-m3-play, glm-5.1, glm-5.0, glm-5.0-turbo, glm-5v-turbo, glm-4.7, glm-4.6, glm-4.6v, kimi-k2.6, kimi-k2.5, kimi-k2-thinking, hy3-preview-agent, hunyuan-chat, hunyuan-image-v3.0, auto, hy3-preview, hunyuan-2.0-thinking, deepseek-v3-1-volc, deepseek-v3-1-lkeap, deepseek-v3-1, deepseek-v3-0324-lkeap, deepseek-r1-0528-lkeap, kimi-k2-instruct-taiji, completion-gf, default-1.1, hunyuan-3b, hunyuan-7b-dense, codewise-completions, codewise-rewrite, codewise-nes-a4-027-aide, codewise-jump, deepseek-r1-0528, deepseek-v3-0324-taco-completion, deepseek-v3-0324, default-1.2, hunyuan-2.0-instruct
[9/19/2026, 4:08:28 PM.970] [Info] [AgentModelResolver] agent "cli" original_models=["auto","glm-5v-turbo","glm-5.1","glm-5.0-turbo","glm-5.0","glm-4.7","kimi-k2.5","minimax-m2.7","deepseek-v3-2-volc"] -> resolved_models=["auto","glm-5v-turbo","glm-5.1","glm-5.0-turbo","glm-5.0","glm-4.7","kimi-k2.5","minimax-m2.7","deepseek-v3-2-volc"]
[9/19/2026, 4:08:28 PM.970] [Info] [AgentModelResolver] agent "general-purpose" original_models=undefined -> resolved_models=[]
[9/19/2026, 4:08:28 PM.970] [Info] [AgentModelResolver] agent "compact" original_models=undefined -> resolved_models=[]
[9/19/2026, 4:08:28 PM.970] [Info] [AgentModelResolver] agent "contextSummary" original_models=undefined -> resolved_models=[]
[9/19/2026, 4:08:28 PM.970] [Info] [AgentModelResolver] agent "contentAnalyzer" original_models=undefined -> resolved_models=[]
[9/19/2026, 4:08:28 PM.970] [Info] [AgentModelResolver] agent "terminalTitleGenerator" original_models=undefined -> resolved_models=[]
[9/19/2026, 4:08:28 PM.970] [Info] [AgentModelResolver] agent "promptSuggestion" original_models=undefined -> resolved_models=[]
[9/19/2026, 4:08:28 PM.970] [Info] [AgentModelResolver] agent "memorySelector" original_models=["lite"] -> resolved_models=["lite"]
[9/19/2026, 4:08:28 PM.970] [Info] [AgentModelResolver] agent "summaryGenerator" original_models=undefined -> resolved_models=[]
[9/19/2026, 4:08:28 PM.970] [Info] [AgentModelResolver] agent "autoModeClassifier" original_models=undefined -> resolved_models=[]
[9/19/2026, 4:08:28 PM.970] [Info] [AgentModelResolver] agent "promptHookEvaluator" original_models=["lite"] -> resolved_models=["lite"]
[9/19/2026, 4:08:28 PM.970] [Info] [AgentModelResolver] agent "insightsAnalyzer" original_models=undefined -> resolved_models=[]
[9/19/2026, 4:08:28 PM.970] [Info] [AgentModelResolver] agent "agentInstructions" original_models=undefined -> resolved_models=[]
[9/19/2026, 4:08:28 PM.970] [Info] [AgentModelResolver] agent "statusline-setup" original_models=undefined -> resolved_models=[]
[9/19/2026, 4:08:28 PM.970] [Info] [AgentModelResolver] agent "Explore" original_models=["lite"] -> resolved_models=["lite"]
[9/19/2026, 4:08:28 PM.970] [Info] [AgentModelResolver] agent "Plan" original_models=undefined -> resolved_models=[]
[9/19/2026, 4:08:28 PM.970] [Info] [AgentModelResolver] agent "pulse" original_models=undefined -> resolved_models=[]
[9/19/2026, 4:08:28 PM.970] [Info] [AgentModelResolver] agent "enhance-prompt" original_models=undefined -> resolved_models=[]
[9/19/2026, 4:08:28 PM.974] [Info] [Merge] Step 1 (local + overlay): localModels=42, overlayModels=51, mergedModels=51
[9/19/2026, 4:08:28 PM.975] [Info] [Merge] Step 2 (+enterprise): enterpriseModels=0, totalModels=51
[9/19/2026, 4:08:28 PM.975] [Info] [Merge] Step 3 (+custom): customModels=0, totalModels=51
[9/19/2026, 4:08:28 PM.975] [Info] [Merge] Step 4 (availableModels filter): finalModels=51, cli.models=["auto","hy4-preview-f","hy3","hy3-x","deepseek-v4.1-flash","glm-5.3","glm-5.3-flash","glm-5.2","glm-5.1","glm-5v-turbo","minimax-m3","kimi-k3-1","kimi-k2.8-preview","kimi-k2.7","kimi-k2.6","deepseek-v4-pro"]
[9/19/2026, 4:08:28 PM.975] [Info] [WeixinClawBotClient] pollLoop getUpdates returned {"iteration":22370,"elapsedMs":942103,"ret":0,"hasBuf":true,"msgs":0}
[9/19/2026, 4:08:28 PM.976] [Info] [WorkbuddyEnterpriseModels] enterpriseId: undefined, endpoint: https://copilot.tencent.com
[9/19/2026, 4:08:28 PM.976] [Info] [AgentModelResolver] product config input: 42 models, 18 agents
[9/19/2026, 4:08:28 PM.976] [Info] [AgentModelResolver] model ids: default, deepseek-v4-pro, deepseek-v4-flash, deepseek-v3-2-volc, minimax-m2.5, minimax-m2.7, minimax-m3-play, glm-5.1, glm-5.0, glm-5.0-turbo, glm-5v-turbo, glm-4.7, glm-4.6, glm-4.6v, kimi-k2.6, kimi-k2.5, kimi-k2-thinking, hy3-preview-agent, hunyuan-chat, hunyuan-image-v3.0, auto, hy3-preview, hunyuan-2.0-thinking, deepseek-v3-1-volc, deepseek-v3-1-lkeap, deepseek-v3-1, deepseek-v3-0324-lkeap, deepseek-r1-0528-lkeap, kimi-k2-instruct-taiji, completion-gf, default-1.1, hunyuan-3b, hunyuan-7b-dense, codewise-completions, codewise-rewrite, codewise-nes-a4-027-aide, codewise-jump, deepseek-r1-0528, deepseek-v3-0324-taco-completion, deepseek-v3-0324, default-1.2, hunyuan-2.0-instruct
[9/19/2026, 4:08:28 PM.976] [Info] [AgentModelResolver] agent "cli" original_models=["auto","glm-5v-turbo","glm-5.1","glm-5.0-turbo","glm-5.0","glm-4.7","kimi-k2.5","minimax-m2.7","deepseek-v3-2-volc"] -> resolved_models=["auto","glm-5v-turbo","glm-5.1","glm-5.0-turbo","glm-5.0","glm-4.7","kimi-k2.5","minimax-m2.7","deepseek-v3-2-volc"]
[9/19/2026, 4:08:28 PM.976] [Info] [AgentModelResolver] agent "general-purpose" original_models=undefined -> resolved_models=[]
[9/19/2026, 4:08:28 PM.976] [Info] [AgentModelResolver] agent "compact" original_models=undefined -> resolved_models=[]
[9/19/2026, 4:08:28 PM.976] [Info] [AgentModelResolver] agent "contextSummary" original_models=undefined -> resolved_models=[]
[9/19/2026, 4:08:28 PM.976] [Info] [AgentModelResolver] agent "contentAnalyzer" original_models=undefined -> resolved_models=[]
[9/19/2026, 4:08:28 PM.976] [Info] [AgentModelResolver] agent "terminalTitleGenerator" original_models=undefined -> resolved_models=[]
[9/19/2026, 4:08:28 PM.976] [Info] [AgentModelResolver] agent "promptSuggestion" original_models=undefined -> resolved_models=[]
[9/19/2026, 4:08:28 PM.976] [Info] [AgentModelResolver] agent "memorySelector" original_models=["lite"] -> resolved_models=["lite"]
[9/19/2026, 4:08:28 PM.976] [Info] [AgentModelResolver] agent "summaryGenerator" original_models=undefined -> resolved_models=[]
[9/19/2026, 4:08:28 PM.976] [Info] [AgentModelResolver] agent "autoModeClassifier" original_models=undefined -> resolved_models=[]
[9/19/2026, 4:08:28 PM.976] [Info] [AgentModelResolver] agent "promptHookEvaluator" original_models=["lite"] -> resolved_models=["lite"]
[9/19/2026, 4:08:28 PM.976] [Info] [AgentModelResolver] agent "insightsAnalyzer" original_models=undefined -> resolved_models=[]
[9/19/2026, 4:08:28 PM.976] [Info] [AgentModelResolver] agent "agentInstructions" original_models=undefined -> resolved_models=[]
[9/19/2026, 4:08:28 PM.976] [Info] [AgentModelResolver] agent "statusline-setup" original_models=undefined -> resolved_models=[]
[9/19/2026, 4:08:28 PM.976] [Info] [AgentModelResolver] agent "Explore" original_models=["lite"] -> resolved_models=["lite"]
[9/19/2026, 4:08:28 PM.976] [Info] [AgentModelResolver] agent "Plan" original_models=undefined -> resolved_models=[]
[9/19/2026, 4:08:28 PM.976] [Info] [AgentModelResolver] agent "pulse" original_models=undefined -> resolved_models=[]
[9/19/2026, 4:08:28 PM.976] [Info] [AgentModelResolver] agent "enhance-prompt" original_models=undefined -> resolved_models=[]
[9/19/2026, 4:08:28 PM.980] [Info] [Merge] Step 1 (local + overlay): localModels=42, overlayModels=51, mergedModels=51
[9/19/2026, 4:08:28 PM.980] [Info] [Merge] Step 2 (+enterprise): enterpriseModels=0, totalModels=51
[9/19/2026, 4:08:28 PM.980] [Info] [Merge] Step 3 (+custom): customModels=0, totalModels=51
[9/19/2026, 4:08:28 PM.980] [Info] [Merge] Step 4 (availableModels filter): finalModels=51, cli.models=["auto","hy4-preview-f","hy3","hy3-x","deepseek-v4.1-flash","glm-5.3","glm-5.3-flash","glm-5.2","glm-5.1","glm-5v-turbo","minimax-m3","kimi-k3-1","kimi-k2.8-preview","kimi-k2.7","kimi-k2.6","deepseek-v4-pro"]
[9/19/2026, 4:08:29 PM.050] [Info] [WeixinClawBotClient] pollLoop iteration begin {"iteration":22371,"cursorLen":96}
[9/19/2026, 4:08:31 PM.837] [Info] [CentrifugoClient] Connected successfully
[9/19/2026, 4:08:31 PM.837] [Info] [ClawService] Centrifugo status: connected
[9/19/2026, 4:08:31 PM.840] [Info] [CentrifugoClient] Subscribed to channel: copilot_workbuddy:fdee3d54-95b6-4e9c-aaff-50ad9505aab4_25e526bc70aeedffd6ce569154fcfedd_e76b49539422036c
[9/19/2026, 4:08:49 PM.912] [Info] [WeixinClawBotClient] pollLoop getUpdates returned {"iteration":22371,"elapsedMs":20861,"hasBuf":true,"msgs":0}
[9/19/2026, 4:08:49 PM.922] [Info] [WeixinClawBotClient] pollLoop iteration begin {"iteration":22372,"cursorLen":96}
[9/19/2026, 4:09:08 PM.330] [Info] [WeixinClawBotClient] pollLoop getUpdates returned {"iteration":22372,"elapsedMs":18416,"hasBuf":true,"msgs":0}
[9/19/2026, 4:09:08 PM.333] [Info] [WeixinClawBotClient] pollLoop iteration begin {"iteration":22373,"cursorLen":96}
[9/19/2026, 4:24:50 PM.449] [Info] [CentrifugoClient] Re-subscribing to copilot_workbuddy:fdee3d54-95b6-4e9c-aaff-50ad9505aab4_25e526bc70aeedffd6ce569154fcfedd_e76b49539422036c: transport closed (code: 1)
[9/19/2026, 4:24:50 PM.449] [Info] [CentrifugoClient] Reconnecting: no ping (code: 2)
[9/19/2026, 4:24:50 PM.449] [Info] [ClawService] Centrifugo status: connecting
[9/19/2026, 4:24:50 PM.450] [Info] [WorkbuddyEnterpriseModels] enterpriseId: undefined, endpoint: https://copilot.tencent.com
[9/19/2026, 4:24:50 PM.452] [Info] [AgentModelResolver] product config input: 42 models, 18 agents
[9/19/2026, 4:24:50 PM.452] [Info] [AgentModelResolver] model ids: default, deepseek-v4-pro, deepseek-v4-flash, deepseek-v3-2-volc, minimax-m2.5, minimax-m2.7, minimax-m3-play, glm-5.1, glm-5.0, glm-5.0-turbo, glm-5v-turbo, glm-4.7, glm-4.6, glm-4.6v, kimi-k2.6, kimi-k2.5, kimi-k2-thinking, hy3-preview-agent, hunyuan-chat, hunyuan-image-v3.0, auto, hy3-preview, hunyuan-2.0-thinking, deepseek-v3-1-volc, deepseek-v3-1-lkeap, deepseek-v3-1, deepseek-v3-0324-lkeap, deepseek-r1-0528-lkeap, kimi-k2-instruct-taiji, completion-gf, default-1.1, hunyuan-3b, hunyuan-7b-dense, codewise-completions, codewise-rewrite, codewise-nes-a4-027-aide, codewise-jump, deepseek-r1-0528, deepseek-v3-0324-taco-completion, deepseek-v3-0324, default-1.2, hunyuan-2.0-instruct
[9/19/2026, 4:24:50 PM.452] [Info] [AgentModelResolver] agent "cli" original_models=["auto","glm-5v-turbo","glm-5.1","glm-5.0-turbo","glm-5.0","glm-4.7","kimi-k2.5","minimax-m2.7","deepseek-v3-2-volc"] -> resolved_models=["auto","glm-5v-turbo","glm-5.1","glm-5.0-turbo","glm-5.0","glm-4.7","kimi-k2.5","minimax-m2.7","deepseek-v3-2-volc"]
[9/19/2026, 4:24:50 PM.452] [Info] [AgentModelResolver] agent "general-purpose" original_models=undefined -> resolved_models=[]
[9/19/2026, 4:24:50 PM.452] [Info] [AgentModelResolver] agent "compact" original_models=undefined -> resolved_models=[]
[9/19/2026, 4:24:50 PM.452] [Info] [AgentModelResolver] agent "contextSummary" original_models=undefined -> resolved_models=[]
[9/19/2026, 4:24:50 PM.452] [Info] [AgentModelResolver] agent "contentAnalyzer" original_models=undefined -> resolved_models=[]
[9/19/2026, 4:24:50 PM.452] [Info] [AgentModelResolver] agent "terminalTitleGenerator" original_models=undefined -> resolved_models=[]
[9/19/2026, 4:24:50 PM.452] [Info] [AgentModelResolver] agent "promptSuggestion" original_models=undefined -> resolved_models=[]
[9/19/2026, 4:24:50 PM.452] [Info] [AgentModelResolver] agent "memorySelector" original_models=["lite"] -> resolved_models=["lite"]
[9/19/2026, 4:24:50 PM.452] [Info] [AgentModelResolver] agent "summaryGenerator" original_models=undefined -> resolved_models=[]
[9/19/2026, 4:24:50 PM.452] [Info] [AgentModelResolver] agent "autoModeClassifier" original_models=undefined -> resolved_models=[]
[9/19/2026, 4:24:50 PM.452] [Info] [AgentModelResolver] agent "promptHookEvaluator" original_models=["lite"] -> resolved_models=["lite"]
[9/19/2026, 4:24:50 PM.452] [Info] [AgentModelResolver] agent "insightsAnalyzer" original_models=undefined -> resolved_models=[]
[9/19/2026, 4:24:50 PM.452] [Info] [AgentModelResolver] agent "agentInstructions" original_models=undefined -> resolved_models=[]
[9/19/2026, 4:24:50 PM.452] [Info] [AgentModelResolver] agent "statusline-setup" original_models=undefined -> resolved_models=[]
[9/19/2026, 4:24:50 PM.452] [Info] [AgentModelResolver] agent "Explore" original_models=["lite"] -> resolved_models=["lite"]
[9/19/2026, 4:24:50 PM.452] [Info] [AgentModelResolver] agent "Plan" original_models=undefined -> resolved_models=[]
[9/19/2026, 4:24:50 PM.452] [Info] [AgentModelResolver] agent "pulse" original_models=undefined -> resolved_models=[]
[9/19/2026, 4:24:50 PM.452] [Info] [AgentModelResolver] agent "enhance-prompt" original_models=undefined -> resolved_models=[]
[9/19/2026, 4:24:50 PM.455] [Info] [Merge] Step 1 (local + overlay): localModels=42, overlayModels=51, mergedModels=51
[9/19/2026, 4:24:50 PM.455] [Info] [Merge] Step 2 (+enterprise): enterpriseModels=0, totalModels=51
[9/19/2026, 4:24:50 PM.455] [Info] [Merge] Step 3 (+custom): customModels=0, totalModels=51
[9/19/2026, 4:24:50 PM.455] [Info] [Merge] Step 4 (availableModels filter): finalModels=51, cli.models=["auto","hy4-preview-f","hy3","hy3-x","deepseek-v4.1-flash","glm-5.3","glm-5.3-flash","glm-5.2","glm-5.1","glm-5v-turbo","minimax-m3","kimi-k3-1","kimi-k2.8-preview","kimi-k2.7","kimi-k2.6","deepseek-v4-pro"]
[9/19/2026, 4:24:50 PM.456] [Info] [WeixinClawBotClient] pollLoop getUpdates returned {"iteration":22373,"elapsedMs":942124,"ret":0,"hasBuf":true,"msgs":0}
[9/19/2026, 4:24:50 PM.457] [Info] [WorkbuddyEnterpriseModels] enterpriseId: undefined, endpoint: https://copilot.tencent.com
[9/19/2026, 4:24:50 PM.457] [Info] [AgentModelResolver] product config input: 42 models, 18 agents
[9/19/2026, 4:24:50 PM.457] [Info] [AgentModelResolver] model ids: default, deepseek-v4-pro, deepseek-v4-flash, deepseek-v3-2-volc, minimax-m2.5, minimax-m2.7, minimax-m3-play, glm-5.1, glm-5.0, glm-5.0-turbo, glm-5v-turbo, glm-4.7, glm-4.6, glm-4.6v, kimi-k2.6, kimi-k2.5, kimi-k2-thinking, hy3-preview-agent, hunyuan-chat, hunyuan-image-v3.0, auto, hy3-preview, hunyuan-2.0-thinking, deepseek-v3-1-volc, deepseek-v3-1-lkeap, deepseek-v3-1, deepseek-v3-0324-lkeap, deepseek-r1-0528-lkeap, kimi-k2-instruct-taiji, completion-gf, default-1.1, hunyuan-3b, hunyuan-7b-dense, codewise-completions, codewise-rewrite, codewise-nes-a4-027-aide, codewise-jump, deepseek-r1-0528, deepseek-v3-0324-taco-completion, deepseek-v3-0324, default-1.2, hunyuan-2.0-instruct
[9/19/2026, 4:24:50 PM.457] [Info] [AgentModelResolver] agent "cli" original_models=["auto","glm-5v-turbo","glm-5.1","glm-5.0-turbo","glm-5.0","glm-4.7","kimi-k2.5","minimax-m2.7","deepseek-v3-2-volc"] -> resolved_models=["auto","glm-5v-turbo","glm-5.1","glm-5.0-turbo","glm-5.0","glm-4.7","kimi-k2.5","minimax-m2.7","deepseek-v3-2-volc"]
[9/19/2026, 4:24:50 PM.457] [Info] [AgentModelResolver] agent "general-purpose" original_models=undefined -> resolved_models=[]
[9/19/2026, 4:24:50 PM.457] [Info] [AgentModelResolver] agent "compact" original_models=undefined -> resolved_models=[]
[9/19/2026, 4:24:50 PM.457] [Info] [AgentModelResolver] agent "contextSummary" original_models=undefined -> resolved_models=[]
[9/19/2026, 4:24:50 PM.457] [Info] [AgentModelResolver] agent "contentAnalyzer" original_models=undefined -> resolved_models=[]
[9/19/2026, 4:24:50 PM.457] [Info] [AgentModelResolver] agent "terminalTitleGenerator" original_models=undefined -> resolved_models=[]
[9/19/2026, 4:24:50 PM.457] [Info] [AgentModelResolver] agent "promptSuggestion" original_models=undefined -> resolved_models=[]
[9/19/2026, 4:24:50 PM.457] [Info] [AgentModelResolver] agent "memorySelector" original_models=["lite"] -> resolved_models=["lite"]
[9/19/2026, 4:24:50 PM.457] [Info] [AgentModelResolver] agent "summaryGenerator" original_models=undefined -> resolved_models=[]
[9/19/2026, 4:24:50 PM.457] [Info] [AgentModelResolver] agent "autoModeClassifier" original_models=undefined -> resolved_models=[]
[9/19/2026, 4:24:50 PM.457] [Info] [AgentModelResolver] agent "promptHookEvaluator" original_models=["lite"] -> resolved_models=["lite"]
[9/19/2026, 4:24:50 PM.457] [Info] [AgentModelResolver] agent "insightsAnalyzer" original_models=undefined -> resolved_models=[]
[9/19/2026, 4:24:50 PM.457] [Info] [AgentModelResolver] agent "agentInstructions" original_models=undefined -> resolved_models=[]
[9/19/2026, 4:24:50 PM.457] [Info] [AgentModelResolver] agent "statusline-setup" original_models=undefined -> resolved_models=[]
[9/19/2026, 4:24:50 PM.457] [Info] [AgentModelResolver] agent "Explore" original_models=["lite"] -> resolved_models=["lite"]
[9/19/2026, 4:24:50 PM.457] [Info] [AgentModelResolver] agent "Plan" original_models=undefined -> resolved_models=[]
[9/19/2026, 4:24:50 PM.457] [Info] [AgentModelResolver] agent "pulse" original_models=undefined -> resolved_models=[]
[9/19/2026, 4:24:50 PM.457] [Info] [AgentModelResolver] agent "enhance-prompt" original_models=undefined -> resolved_models=[]
[9/19/2026, 4:24:50 PM.463] [Info] [Merge] Step 1 (local + overlay): localModels=42, overlayModels=51, mergedModels=51
[9/19/2026, 4:24:50 PM.463] [Info] [Merge] Step 2 (+enterprise): enterpriseModels=0, totalModels=51
[9/19/2026, 4:24:50 PM.463] [Info] [Merge] Step 3 (+custom): customModels=0, totalModels=51
[9/19/2026, 4:24:50 PM.463] [Info] [Merge] Step 4 (availableModels filter): finalModels=51, cli.models=["auto","hy4-preview-f","hy3","hy3-x","deepseek-v4.1-flash","glm-5.3","glm-5.3-flash","glm-5.2","glm-5.1","glm-5v-turbo","minimax-m3","kimi-k3-1","kimi-k2.8-preview","kimi-k2.7","kimi-k2.6","deepseek-v4-pro"]
[9/19/2026, 4:24:50 PM.531] [Info] [WeixinClawBotClient] pollLoop iteration begin {"iteration":22374,"cursorLen":96}
[9/19/2026, 4:24:51 PM.515] [Info] [CentrifugoClient] Connected successfully
[9/19/2026, 4:24:51 PM.515] [Info] [ClawService] Centrifugo status: connected
[9/19/2026, 4:24:51 PM.525] [Info] [CentrifugoClient] Subscribed to channel: copilot_workbuddy:fdee3d54-95b6-4e9c-aaff-50ad9505aab4_25e526bc70aeedffd6ce569154fcfedd_e76b49539422036c
[9/19/2026, 4:25:09 PM.247] [Info] [WeixinClawBotClient] pollLoop getUpdates returned {"iteration":22374,"elapsedMs":18715,"hasBuf":true,"msgs":0}
[9/19/2026, 4:25:09 PM.260] [Info] [WeixinClawBotClient] pollLoop iteration begin {"iteration":22375,"cursorLen":96}
[9/19/2026, 4:25:27 PM.490] [Info] [WeixinClawBotClient] pollLoop getUpdates returned {"iteration":22375,"elapsedMs":18241,"hasBuf":true,"msgs":0}
[9/19/2026, 4:25:27 PM.492] [Info] [WeixinClawBotClient] pollLoop iteration begin {"iteration":22376,"cursorLen":96}
[9/19/2026, 4:36:48 PM.752] [Info] [CentrifugoClient] Re-subscribing to copilot_workbuddy:fdee3d54-95b6-4e9c-aaff-50ad9505aab4_25e526bc70aeedffd6ce569154fcfedd_e76b49539422036c: transport closed (code: 1)
[9/19/2026, 4:36:48 PM.752] [Info] [CentrifugoClient] Reconnecting: no ping (code: 2)
[9/19/2026, 4:36:48 PM.752] [Info] [ClawService] Centrifugo status: connecting
[9/19/2026, 4:36:48 PM.753] [Info] [WorkbuddyEnterpriseModels] enterpriseId: undefined, endpoint: https://copilot.tencent.com
[9/19/2026, 4:36:48 PM.753] [Info] [AgentModelResolver] product config input: 42 models, 18 agents
[9/19/2026, 4:36:48 PM.753] [Info] [AgentModelResolver] model ids: default, deepseek-v4-pro, deepseek-v4-flash, deepseek-v3-2-volc, minimax-m2.5, minimax-m2.7, minimax-m3-play, glm-5.1, glm-5.0, glm-5.0-turbo, glm-5v-turbo, glm-4.7, glm-4.6, glm-4.6v, kimi-k2.6, kimi-k2.5, kimi-k2-thinking, hy3-preview-agent, hunyuan-chat, hunyuan-image-v3.0, auto, hy3-preview, hunyuan-2.0-thinking, deepseek-v3-1-volc, deepseek-v3-1-lkeap, deepseek-v3-1, deepseek-v3-0324-lkeap, deepseek-r1-0528-lkeap, kimi-k2-instruct-taiji, completion-gf, default-1.1, hunyuan-3b, hunyuan-7b-dense, codewise-completions, codewise-rewrite, codewise-nes-a4-027-aide, codewise-jump, deepseek-r1-0528, deepseek-v3-0324-taco-completion, deepseek-v3-0324, default-1.2, hunyuan-2.0-instruct
[9/19/2026, 4:36:48 PM.753] [Info] [AgentModelResolver] agent "cli" original_models=["auto","glm-5v-turbo","glm-5.1","glm-5.0-turbo","glm-5.0","glm-4.7","kimi-k2.5","minimax-m2.7","deepseek-v3-2-volc"] -> resolved_models=["auto","glm-5v-turbo","glm-5.1","glm-5.0-turbo","glm-5.0","glm-4.7","kimi-k2.5","minimax-m2.7","deepseek-v3-2-volc"]
[9/19/2026, 4:36:48 PM.753] [Info] [AgentModelResolver] agent "general-purpose" original_models=undefined -> resolved_models=[]
[9/19/2026, 4:36:48 PM.753] [Info] [AgentModelResolver] agent "compact" original_models=undefined -> resolved_models=[]
[9/19/2026, 4:36:48 PM.753] [Info] [AgentModelResolver] agent "contextSummary" original_models=undefined -> resolved_models=[]
[9/19/2026, 4:36:48 PM.753] [Info] [AgentModelResolver] agent "contentAnalyzer" original_models=undefined -> resolved_models=[]
[9/19/2026, 4:36:48 PM.753] [Info] [AgentModelResolver] agent "terminalTitleGenerator" original_models=undefined -> resolved_models=[]
[9/19/2026, 4:36:48 PM.753] [Info] [AgentModelResolver] agent "promptSuggestion" original_models=undefined -> resolved_models=[]
[9/19/2026, 4:36:48 PM.753] [Info] [AgentModelResolver] agent "memorySelector" original_models=["lite"] -> resolved_models=["lite"]
[9/19/2026, 4:36:48 PM.753] [Info] [AgentModelResolver] agent "summaryGenerator" original_models=undefined -> resolved_models=[]
[9/19/2026, 4:36:48 PM.753] [Info] [AgentModelResolver] agent "autoModeClassifier" original_models=undefined -> resolved_models=[]
[9/19/2026, 4:36:48 PM.753] [Info] [AgentModelResolver] agent "promptHookEvaluator" original_models=["lite"] -> resolved_models=["lite"]
[9/19/2026, 4:36:48 PM.753] [Info] [AgentModelResolver] agent "insightsAnalyzer" original_models=undefined -> resolved_models=[]
[9/19/2026, 4:36:48 PM.753] [Info] [AgentModelResolver] agent "agentInstructions" original_models=undefined -> resolved_models=[]
[9/19/2026, 4:36:48 PM.753] [Info] [AgentModelResolver] agent "statusline-setup" original_models=undefined -> resolved_models=[]
[9/19/2026, 4:36:48 PM.753] [Info] [AgentModelResolver] agent "Explore" original_models=["lite"] -> resolved_models=["lite"]
[9/19/2026, 4:36:48 PM.753] [Info] [AgentModelResolver] agent "Plan" original_models=undefined -> resolved_models=[]
[9/19/2026, 4:36:48 PM.753] [Info] [AgentModelResolver] agent "pulse" original_models=undefined -> resolved_models=[]
[9/19/2026, 4:36:48 PM.753] [Info] [AgentModelResolver] agent "enhance-prompt" original_models=undefined -> resolved_models=[]
[9/19/2026, 4:36:48 PM.756] [Info] [Merge] Step 1 (local + overlay): localModels=42, overlayModels=51, mergedModels=51
[9/19/2026, 4:36:48 PM.756] [Info] [Merge] Step 2 (+enterprise): enterpriseModels=0, totalModels=51
[9/19/2026, 4:36:48 PM.756] [Info] [Merge] Step 3 (+custom): customModels=0, totalModels=51
[9/19/2026, 4:36:48 PM.756] [Info] [Merge] Step 4 (availableModels filter): finalModels=51, cli.models=["auto","hy4-preview-f","hy3","hy3-x","deepseek-v4.1-flash","glm-5.3","glm-5.3-flash","glm-5.2","glm-5.1","glm-5v-turbo","minimax-m3","kimi-k3-1","kimi-k2.8-preview","kimi-k2.7","kimi-k2.6","deepseek-v4-pro"]
[9/19/2026, 4:36:48 PM.756] [Info] [WeixinClawBotClient] pollLoop getUpdates returned {"iteration":22376,"elapsedMs":681264,"ret":0,"hasBuf":true,"msgs":0}
[9/19/2026, 4:36:48 PM.757] [Info] [WorkbuddyEnterpriseModels] enterpriseId: undefined, endpoint: https://copilot.tencent.com
[9/19/2026, 4:36:48 PM.757] [Info] [AgentModelResolver] product config input: 42 models, 18 agents
[9/19/2026, 4:36:48 PM.757] [Info] [AgentModelResolver] model ids: default, deepseek-v4-pro, deepseek-v4-flash, deepseek-v3-2-volc, minimax-m2.5, minimax-m2.7, minimax-m3-play, glm-5.1, glm-5.0, glm-5.0-turbo, glm-5v-turbo, glm-4.7, glm-4.6, glm-4.6v, kimi-k2.6, kimi-k2.5, kimi-k2-thinking, hy3-preview-agent, hunyuan-chat, hunyuan-image-v3.0, auto, hy3-preview, hunyuan-2.0-thinking, deepseek-v3-1-volc, deepseek-v3-1-lkeap, deepseek-v3-1, deepseek-v3-0324-lkeap, deepseek-r1-0528-lkeap, kimi-k2-instruct-taiji, completion-gf, default-1.1, hunyuan-3b, hunyuan-7b-dense, codewise-completions, codewise-rewrite, codewise-nes-a4-027-aide, codewise-jump, deepseek-r1-0528, deepseek-v3-0324-taco-completion, deepseek-v3-0324, default-1.2, hunyuan-2.0-instruct
[9/19/2026, 4:36:48 PM.757] [Info] [AgentModelResolver] agent "cli" original_models=["auto","glm-5v-turbo","glm-5.1","glm-5.0-turbo","glm-5.0","glm-4.7","kimi-k2.5","minimax-m2.7","deepseek-v3-2-volc"] -> resolved_models=["auto","glm-5v-turbo","glm-5.1","glm-5.0-turbo","glm-5.0","glm-4.7","kimi-k2.5","minimax-m2.7","deepseek-v3-2-volc"]
[9/19/2026, 4:36:48 PM.757] [Info] [AgentModelResolver] agent "general-purpose" original_models=undefined -> resolved_models=[]
[9/19/2026, 4:36:48 PM.757] [Info] [AgentModelResolver] agent "compact" original_models=undefined -> resolved_models=[]
[9/19/2026, 4:36:48 PM.757] [Info] [AgentModelResolver] agent "contextSummary" original_models=undefined -> resolved_models=[]
[9/19/2026, 4:36:48 PM.757] [Info] [AgentModelResolver] agent "contentAnalyzer" original_models=undefined -> resolved_models=[]
[9/19/2026, 4:36:48 PM.757] [Info] [AgentModelResolver] agent "terminalTitleGenerator" original_models=undefined -> resolved_models=[]
[9/19/2026, 4:36:48 PM.757] [Info] [AgentModelResolver] agent "promptSuggestion" original_models=undefined -> resolved_models=[]
[9/19/2026, 4:36:48 PM.757] [Info] [AgentModelResolver] agent "memorySelector" original_models=["lite"] -> resolved_models=["lite"]
[9/19/2026, 4:36:48 PM.757] [Info] [AgentModelResolver] agent "summaryGenerator" original_models=undefined -> resolved_models=[]
[9/19/2026, 4:36:48 PM.757] [Info] [AgentModelResolver] agent "autoModeClassifier" original_models=undefined -> resolved_models=[]
[9/19/2026, 4:36:48 PM.757] [Info] [AgentModelResolver] agent "promptHookEvaluator" original_models=["lite"] -> resolved_models=["lite"]
[9/19/2026, 4:36:48 PM.757] [Info] [AgentModelResolver] agent "insightsAnalyzer" original_models=undefined -> resolved_models=[]
[9/19/2026, 4:36:48 PM.757] [Info] [AgentModelResolver] agent "agentInstructions" original_models=undefined -> resolved_models=[]
[9/19/2026, 4:36:48 PM.757] [Info] [AgentModelResolver] agent "statusline-setup" original_models=undefined -> resolved_models=[]
[9/19/2026, 4:36:48 PM.757] [Info] [AgentModelResolver] agent "Explore" original_models=["lite"] -> resolved_models=["lite"]
[9/19/2026, 4:36:48 PM.757] [Info] [AgentModelResolver] agent "Plan" original_models=undefined -> resolved_models=[]
[9/19/2026, 4:36:48 PM.757] [Info] [AgentModelResolver] agent "pulse" original_models=undefined -> resolved_models=[]
[9/19/2026, 4:36:48 PM.757] [Info] [AgentModelResolver] agent "enhance-prompt" original_models=undefined -> resolved_models=[]
[9/19/2026, 4:36:48 PM.759] [Info] [Merge] Step 1 (local + overlay): localModels=42, overlayModels=51, mergedModels=51
[9/19/2026, 4:36:48 PM.759] [Info] [Merge] Step 2 (+enterprise): enterpriseModels=0, totalModels=51
[9/19/2026, 4:36:48 PM.759] [Info] [Merge] Step 3 (+custom): customModels=0, totalModels=51
[9/19/2026, 4:36:48 PM.759] [Info] [Merge] Step 4 (availableModels filter): finalModels=51, cli.models=["auto","hy4-preview-f","hy3","hy3-x","deepseek-v4.1-flash","glm-5.3","glm-5.3-flash","glm-5.2","glm-5.1","glm-5v-turbo","minimax-m3","kimi-k3-1","kimi-k2.8-preview","kimi-k2.7","kimi-k2.6","deepseek-v4-pro"]
[9/19/2026, 4:36:48 PM.792] [Info] [WeixinClawBotClient] pollLoop iteration begin {"iteration":22377,"cursorLen":96}
[9/19/2026, 4:36:49 PM.705] [Info] [CentrifugoClient] Connected successfully
[9/19/2026, 4:36:49 PM.705] [Info] [ClawService] Centrifugo status: connected
[9/19/2026, 4:36:49 PM.716] [Info] [CentrifugoClient] Subscribed to channel: copilot_workbuddy:fdee3d54-95b6-4e9c-aaff-50ad9505aab4_25e526bc70aeedffd6ce569154fcfedd_e76b49539422036c
[9/19/2026, 4:37:07 PM.507] [Info] [WeixinClawBotClient] pollLoop getUpdates returned {"iteration":22377,"elapsedMs":18714,"hasBuf":true,"msgs":0}
[9/19/2026, 4:37:07 PM.519] [Info] [WeixinClawBotClient] pollLoop iteration begin {"iteration":22378,"cursorLen":96}
[9/19/2026, 4:37:25 PM.688] [Info] [WeixinClawBotClient] pollLoop getUpdates returned {"iteration":22378,"elapsedMs":18179,"hasBuf":true,"msgs":0}
[9/19/2026, 4:37:25 PM.690] [Info] [WeixinClawBotClient] pollLoop iteration begin {"iteration":22379,"cursorLen":96}
[9/19/2026, 4:52:57 PM.172] [Info] [CentrifugoClient] Re-subscribing to copilot_workbuddy:fdee3d54-95b6-4e9c-aaff-50ad9505aab4_25e526bc70aeedffd6ce569154fcfedd_e76b49539422036c: transport closed (code: 1)
[9/19/2026, 4:52:57 PM.173] [Info] [CentrifugoClient] Reconnecting: no ping (code: 2)
[9/19/2026, 4:52:57 PM.173] [Info] [ClawService] Centrifugo status: connecting
[9/19/2026, 4:52:57 PM.173] [Info] [WorkbuddyEnterpriseModels] enterpriseId: undefined, endpoint: https://copilot.tencent.com
[9/19/2026, 4:52:57 PM.174] [Info] [AgentModelResolver] product config input: 42 models, 18 agents
[9/19/2026, 4:52:57 PM.174] [Info] [AgentModelResolver] model ids: default, deepseek-v4-pro, deepseek-v4-flash, deepseek-v3-2-volc, minimax-m2.5, minimax-m2.7, minimax-m3-play, glm-5.1, glm-5.0, glm-5.0-turbo, glm-5v-turbo, glm-4.7, glm-4.6, glm-4.6v, kimi-k2.6, kimi-k2.5, kimi-k2-thinking, hy3-preview-agent, hunyuan-chat, hunyuan-image-v3.0, auto, hy3-preview, hunyuan-2.0-thinking, deepseek-v3-1-volc, deepseek-v3-1-lkeap, deepseek-v3-1, deepseek-v3-0324-lkeap, deepseek-r1-0528-lkeap, kimi-k2-instruct-taiji, completion-gf, default-1.1, hunyuan-3b, hunyuan-7b-dense, codewise-completions, codewise-rewrite, codewise-nes-a4-027-aide, codewise-jump, deepseek-r1-0528, deepseek-v3-0324-taco-completion, deepseek-v3-0324, default-1.2, hunyuan-2.0-instruct
[9/19/2026, 4:52:57 PM.174] [Info] [AgentModelResolver] agent "cli" original_models=["auto","glm-5v-turbo","glm-5.1","glm-5.0-turbo","glm-5.0","glm-4.7","kimi-k2.5","minimax-m2.7","deepseek-v3-2-volc"] -> resolved_models=["auto","glm-5v-turbo","glm-5.1","glm-5.0-turbo","glm-5.0","glm-4.7","kimi-k2.5","minimax-m2.7","deepseek-v3-2-volc"]
[9/19/2026, 4:52:57 PM.174] [Info] [AgentModelResolver] agent "general-purpose" original_models=undefined -> resolved_models=[]
[9/19/2026, 4:52:57 PM.174] [Info] [AgentModelResolver] agent "compact" original_models=undefined -> resolved_models=[]
[9/19/2026, 4:52:57 PM.174] [Info] [AgentModelResolver] agent "contextSummary" original_models=undefined -> resolved_models=[]
[9/19/2026, 4:52:57 PM.174] [Info] [AgentModelResolver] agent "contentAnalyzer" original_models=undefined -> resolved_models=[]
[9/19/2026, 4:52:57 PM.174] [Info] [AgentModelResolver] agent "terminalTitleGenerator" original_models=undefined -> resolved_models=[]
[9/19/2026, 4:52:57 PM.174] [Info] [AgentModelResolver] agent "promptSuggestion" original_models=undefined -> resolved_models=[]
[9/19/2026, 4:52:57 PM.174] [Info] [AgentModelResolver] agent "memorySelector" original_models=["lite"] -> resolved_models=["lite"]
[9/19/2026, 4:52:57 PM.174] [Info] [AgentModelResolver] agent "summaryGenerator" original_models=undefined -> resolved_models=[]
[9/19/2026, 4:52:57 PM.174] [Info] [AgentModelResolver] agent "autoModeClassifier" original_models=undefined -> resolved_models=[]
[9/19/2026, 4:52:57 PM.174] [Info] [AgentModelResolver] agent "promptHookEvaluator" original_models=["lite"] -> resolved_models=["lite"]
[9/19/2026, 4:52:57 PM.174] [Info] [AgentModelResolver] agent "insightsAnalyzer" original_models=undefined -> resolved_models=[]
[9/19/2026, 4:52:57 PM.174] [Info] [AgentModelResolver] agent "agentInstructions" original_models=undefined -> resolved_models=[]
[9/19/2026, 4:52:57 PM.174] [Info] [AgentModelResolver] agent "statusline-setup" original_models=undefined -> resolved_models=[]
[9/19/2026, 4:52:57 PM.174] [Info] [AgentModelResolver] agent "Explore" original_models=["lite"] -> resolved_models=["lite"]
[9/19/2026, 4:52:57 PM.174] [Info] [AgentModelResolver] agent "Plan" original_models=undefined -> resolved_models=[]
[9/19/2026, 4:52:57 PM.174] [Info] [AgentModelResolver] agent "pulse" original_models=undefined -> resolved_models=[]
[9/19/2026, 4:52:57 PM.174] [Info] [AgentModelResolver] agent "enhance-prompt" original_models=undefined -> resolved_models=[]
[9/19/2026, 4:52:57 PM.179] [Info] [Merge] Step 1 (local + overlay): localModels=42, overlayModels=51, mergedModels=51
[9/19/2026, 4:52:57 PM.179] [Info] [Merge] Step 2 (+enterprise): enterpriseModels=0, totalModels=51
[9/19/2026, 4:52:57 PM.179] [Info] [Merge] Step 3 (+custom): customModels=0, totalModels=51
[9/19/2026, 4:52:57 PM.179] [Info] [Merge] Step 4 (availableModels filter): finalModels=51, cli.models=["auto","hy4-preview-f","hy3","hy3-x","deepseek-v4.1-flash","glm-5.3","glm-5.3-flash","glm-5.2","glm-5.1","glm-5v-turbo","minimax-m3","kimi-k3-1","kimi-k2.8-preview","kimi-k2.7","kimi-k2.6","deepseek-v4-pro"]
[9/19/2026, 4:52:57 PM.180] [Info] [WeixinClawBotClient] pollLoop getUpdates returned {"iteration":22379,"elapsedMs":931491,"ret":0,"hasBuf":true,"msgs":0}
[9/19/2026, 4:52:57 PM.181] [Info] [WorkbuddyEnterpriseModels] enterpriseId: undefined, endpoint: https://copilot.tencent.com
[9/19/2026, 4:52:57 PM.182] [Info] [AgentModelResolver] product config input: 42 models, 18 agents
[9/19/2026, 4:52:57 PM.182] [Info] [AgentModelResolver] model ids: default, deepseek-v4-pro, deepseek-v4-flash, deepseek-v3-2-volc, minimax-m2.5, minimax-m2.7, minimax-m3-play, glm-5.1, glm-5.0, glm-5.0-turbo, glm-5v-turbo, glm-4.7, glm-4.6, glm-4.6v, kimi-k2.6, kimi-k2.5, kimi-k2-thinking, hy3-preview-agent, hunyuan-chat, hunyuan-image-v3.0, auto, hy3-preview, hunyuan-2.0-thinking, deepseek-v3-1-volc, deepseek-v3-1-lkeap, deepseek-v3-1, deepseek-v3-0324-lkeap, deepseek-r1-0528-lkeap, kimi-k2-instruct-taiji, completion-gf, default-1.1, hunyuan-3b, hunyuan-7b-dense, codewise-completions, codewise-rewrite, codewise-nes-a4-027-aide, codewise-jump, deepseek-r1-0528, deepseek-v3-0324-taco-completion, deepseek-v3-0324, default-1.2, hunyuan-2.0-instruct
[9/19/2026, 4:52:57 PM.182] [Info] [AgentModelResolver] agent "cli" original_models=["auto","glm-5v-turbo","glm-5.1","glm-5.0-turbo","glm-5.0","glm-4.7","kimi-k2.5","minimax-m2.7","deepseek-v3-2-volc"] -> resolved_models=["auto","glm-5v-turbo","glm-5.1","glm-5.0-turbo","glm-5.0","glm-4.7","kimi-k2.5","minimax-m2.7","deepseek-v3-2-volc"]
[9/19/2026, 4:52:57 PM.182] [Info] [AgentModelResolver] agent "general-purpose" original_models=undefined -> resolved_models=[]
[9/19/2026, 4:52:57 PM.182] [Info] [AgentModelResolver] agent "compact" original_models=undefined -> resolved_models=[]
[9/19/2026, 4:52:57 PM.182] [Info] [AgentModelResolver] agent "contextSummary" original_models=undefined -> resolved_models=[]
[9/19/2026, 4:52:57 PM.182] [Info] [AgentModelResolver] agent "contentAnalyzer" original_models=undefined -> resolved_models=[]
[9/19/2026, 4:52:57 PM.182] [Info] [AgentModelResolver] agent "terminalTitleGenerator" original_models=undefined -> resolved_models=[]
[9/19/2026, 4:52:57 PM.182] [Info] [AgentModelResolver] agent "promptSuggestion" original_models=undefined -> resolved_models=[]
[9/19/2026, 4:52:57 PM.182] [Info] [AgentModelResolver] agent "memorySelector" original_models=["lite"] -> resolved_models=["lite"]
[9/19/2026, 4:52:57 PM.182] [Info] [AgentModelResolver] agent "summaryGenerator" original_models=undefined -> resolved_models=[]
[9/19/2026, 4:52:57 PM.182] [Info] [AgentModelResolver] agent "autoModeClassifier" original_models=undefined -> resolved_models=[]
[9/19/2026, 4:52:57 PM.182] [Info] [AgentModelResolver] agent "promptHookEvaluator" original_models=["lite"] -> resolved_models=["lite"]
[9/19/2026, 4:52:57 PM.182] [Info] [AgentModelResolver] agent "insightsAnalyzer" original_models=undefined -> resolved_models=[]
[9/19/2026, 4:52:57 PM.182] [Info] [AgentModelResolver] agent "agentInstructions" original_models=undefined -> resolved_models=[]
[9/19/2026, 4:52:57 PM.182] [Info] [AgentModelResolver] agent "statusline-setup" original_models=undefined -> resolved_models=[]
[9/19/2026, 4:52:57 PM.182] [Info] [AgentModelResolver] agent "Explore" original_models=["lite"] -> resolved_models=["lite"]
[9/19/2026, 4:52:57 PM.182] [Info] [AgentModelResolver] agent "Plan" original_models=undefined -> resolved_models=[]
[9/19/2026, 4:52:57 PM.182] [Info] [AgentModelResolver] agent "pulse" original_models=undefined -> resolved_models=[]
[9/19/2026, 4:52:57 PM.182] [Info] [AgentModelResolver] agent "enhance-prompt" original_models=undefined -> resolved_models=[]
[9/19/2026, 4:52:57 PM.187] [Info] [Merge] Step 1 (local + overlay): localModels=42, overlayModels=51, mergedModels=51
[9/19/2026, 4:52:57 PM.187] [Info] [Merge] Step 2 (+enterprise): enterpriseModels=0, totalModels=51
[9/19/2026, 4:52:57 PM.187] [Info] [Merge] Step 3 (+custom): customModels=0, totalModels=51
[9/19/2026, 4:52:57 PM.187] [Info] [Merge] Step 4 (availableModels filter): finalModels=51, cli.models=["auto","hy4-preview-f","hy3","hy3-x","deepseek-v4.1-flash","glm-5.3","glm-5.3-flash","glm-5.2","glm-5.1","glm-5v-turbo","minimax-m3","kimi-k3-1","kimi-k2.8-preview","kimi-k2.7","kimi-k2.6","deepseek-v4-pro"]
[9/19/2026, 4:52:57 PM.235] [Info] [WeixinClawBotClient] pollLoop iteration begin {"iteration":22380,"cursorLen":96}
[9/19/2026, 4:52:58 PM.251] [Info] [CentrifugoClient] Connected successfully
[9/19/2026, 4:52:58 PM.251] [Info] [ClawService] Centrifugo status: connected
[9/19/2026, 4:52:58 PM.256] [Info] [CentrifugoClient] Subscribed to channel: copilot_workbuddy:fdee3d54-95b6-4e9c-aaff-50ad9505aab4_25e526bc70aeedffd6ce569154fcfedd_e76b49539422036c
[9/19/2026, 4:53:15 PM.921] [Info] [WeixinClawBotClient] pollLoop getUpdates returned {"iteration":22380,"elapsedMs":18686,"hasBuf":true,"msgs":0}
[9/19/2026, 4:53:15 PM.933] [Info] [WeixinClawBotClient] pollLoop iteration begin {"iteration":22381,"cursorLen":96}
[9/19/2026, 4:53:34 PM.104] [Info] [WeixinClawBotClient] pollLoop getUpdates returned {"iteration":22381,"elapsedMs":18180,"hasBuf":true,"msgs":0}
[9/19/2026, 4:53:34 PM.106] [Info] [WeixinClawBotClient] pollLoop iteration begin {"iteration":22382,"cursorLen":96}
[9/19/2026, 5:09:10 PM.785] [Info] [CentrifugoClient] Re-subscribing to copilot_workbuddy:fdee3d54-95b6-4e9c-aaff-50ad9505aab4_25e526bc70aeedffd6ce569154fcfedd_e76b49539422036c: transport closed (code: 1)
[9/19/2026, 5:09:10 PM.785] [Info] [CentrifugoClient] Reconnecting: no ping (code: 2)
[9/19/2026, 5:09:10 PM.785] [Info] [ClawService] Centrifugo status: connecting
[9/19/2026, 5:09:10 PM.785] [Info] [WorkbuddyEnterpriseModels] enterpriseId: undefined, endpoint: https://copilot.tencent.com
[9/19/2026, 5:09:10 PM.785] [Info] [AgentModelResolver] product config input: 42 models, 18 agents
[9/19/2026, 5:09:10 PM.785] [Info] [AgentModelResolver] model ids: default, deepseek-v4-pro, deepseek-v4-flash, deepseek-v3-2-volc, minimax-m2.5, minimax-m2.7, minimax-m3-play, glm-5.1, glm-5.0, glm-5.0-turbo, glm-5v-turbo, glm-4.7, glm-4.6, glm-4.6v, kimi-k2.6, kimi-k2.5, kimi-k2-thinking, hy3-preview-agent, hunyuan-chat, hunyuan-image-v3.0, auto, hy3-preview, hunyuan-2.0-thinking, deepseek-v3-1-volc, deepseek-v3-1-lkeap, deepseek-v3-1, deepseek-v3-0324-lkeap, deepseek-r1-0528-lkeap, kimi-k2-instruct-taiji, completion-gf, default-1.1, hunyuan-3b, hunyuan-7b-dense, codewise-completions, codewise-rewrite, codewise-nes-a4-027-aide, codewise-jump, deepseek-r1-0528, deepseek-v3-0324-taco-completion, deepseek-v3-0324, default-1.2, hunyuan-2.0-instruct
[9/19/2026, 5:09:10 PM.785] [Info] [AgentModelResolver] agent "cli" original_models=["auto","glm-5v-turbo","glm-5.1","glm-5.0-turbo","glm-5.0","glm-4.7","kimi-k2.5","minimax-m2.7","deepseek-v3-2-volc"] -> resolved_models=["auto","glm-5v-turbo","glm-5.1","glm-5.0-turbo","glm-5.0","glm-4.7","kimi-k2.5","minimax-m2.7","deepseek-v3-2-volc"]
[9/19/2026, 5:09:10 PM.785] [Info] [AgentModelResolver] agent "general-purpose" original_models=undefined -> resolved_models=[]
[9/19/2026, 5:09:10 PM.785] [Info] [AgentModelResolver] agent "compact" original_models=undefined -> resolved_models=[]
[9/19/2026, 5:09:10 PM.785] [Info] [AgentModelResolver] agent "contextSummary" original_models=undefined -> resolved_models=[]
[9/19/2026, 5:09:10 PM.785] [Info] [AgentModelResolver] agent "contentAnalyzer" original_models=undefined -> resolved_models=[]
[9/19/2026, 5:09:10 PM.785] [Info] [AgentModelResolver] agent "terminalTitleGenerator" original_models=undefined -> resolved_models=[]
[9/19/2026, 5:09:10 PM.785] [Info] [AgentModelResolver] agent "promptSuggestion" original_models=undefined -> resolved_models=[]
[9/19/2026, 5:09:10 PM.785] [Info] [AgentModelResolver] agent "memorySelector" original_models=["lite"] -> resolved_models=["lite"]
[9/19/2026, 5:09:10 PM.785] [Info] [AgentModelResolver] agent "summaryGenerator" original_models=undefined -> resolved_models=[]
[9/19/2026, 5:09:10 PM.785] [Info] [AgentModelResolver] agent "autoModeClassifier" original_models=undefined -> resolved_models=[]
[9/19/2026, 5:09:10 PM.785] [Info] [AgentModelResolver] agent "promptHookEvaluator" original_models=["lite"] -> resolved_models=["lite"]
[9/19/2026, 5:09:10 PM.785] [Info] [AgentModelResolver] agent "insightsAnalyzer" original_models=undefined -> resolved_models=[]
[9/19/2026, 5:09:10 PM.785] [Info] [AgentModelResolver] agent "agentInstructions" original_models=undefined -> resolved_models=[]
[9/19/2026, 5:09:10 PM.785] [Info] [AgentModelResolver] agent "statusline-setup" original_models=undefined -> resolved_models=[]
[9/19/2026, 5:09:10 PM.785] [Info] [AgentModelResolver] agent "Explore" original_models=["lite"] -> resolved_models=["lite"]
[9/19/2026, 5:09:10 PM.785] [Info] [AgentModelResolver] agent "Plan" original_models=undefined -> resolved_models=[]
[9/19/2026, 5:09:10 PM.785] [Info] [AgentModelResolver] agent "pulse" original_models=undefined -> resolved_models=[]
[9/19/2026, 5:09:10 PM.785] [Info] [AgentModelResolver] agent "enhance-prompt" original_models=undefined -> resolved_models=[]
[9/19/2026, 5:09:10 PM.789] [Info] [Merge] Step 1 (local + overlay): localModels=42, overlayModels=51, mergedModels=51
[9/19/2026, 5:09:10 PM.789] [Info] [Merge] Step 2 (+enterprise): enterpriseModels=0, totalModels=51
[9/19/2026, 5:09:10 PM.789] [Info] [Merge] Step 3 (+custom): customModels=0, totalModels=51
[9/19/2026, 5:09:10 PM.789] [Info] [Merge] Step 4 (availableModels filter): finalModels=51, cli.models=["auto","hy4-preview-f","hy3","hy3-x","deepseek-v4.1-flash","glm-5.3","glm-5.3-flash","glm-5.2","glm-5.1","glm-5v-turbo","minimax-m3","kimi-k3-1","kimi-k2.8-preview","kimi-k2.7","kimi-k2.6","deepseek-v4-pro"]
[9/19/2026, 5:09:10 PM.789] [Info] [WeixinClawBotClient] pollLoop getUpdates returned {"iteration":22382,"elapsedMs":936684,"ret":0,"hasBuf":true,"msgs":0}
[9/19/2026, 5:09:10 PM.790] [Info] [WorkbuddyEnterpriseModels] enterpriseId: undefined, endpoint: https://copilot.tencent.com
[9/19/2026, 5:09:10 PM.790] [Info] [AgentModelResolver] product config input: 42 models, 18 agents
[9/19/2026, 5:09:10 PM.790] [Info] [AgentModelResolver] model ids: default, deepseek-v4-pro, deepseek-v4-flash, deepseek-v3-2-volc, minimax-m2.5, minimax-m2.7, minimax-m3-play, glm-5.1, glm-5.0, glm-5.0-turbo, glm-5v-turbo, glm-4.7, glm-4.6, glm-4.6v, kimi-k2.6, kimi-k2.5, kimi-k2-thinking, hy3-preview-agent, hunyuan-chat, hunyuan-image-v3.0, auto, hy3-preview, hunyuan-2.0-thinking, deepseek-v3-1-volc, deepseek-v3-1-lkeap, deepseek-v3-1, deepseek-v3-0324-lkeap, deepseek-r1-0528-lkeap, kimi-k2-instruct-taiji, completion-gf, default-1.1, hunyuan-3b, hunyuan-7b-dense, codewise-completions, codewise-rewrite, codewise-nes-a4-027-aide, codewise-jump, deepseek-r1-0528, deepseek-v3-0324-taco-completion, deepseek-v3-0324, default-1.2, hunyuan-2.0-instruct
[9/19/2026, 5:09:10 PM.790] [Info] [AgentModelResolver] agent "cli" original_models=["auto","glm-5v-turbo","glm-5.1","glm-5.0-turbo","glm-5.0","glm-4.7","kimi-k2.5","minimax-m2.7","deepseek-v3-2-volc"] -> resolved_models=["auto","glm-5v-turbo","glm-5.1","glm-5.0-turbo","glm-5.0","glm-4.7","kimi-k2.5","minimax-m2.7","deepseek-v3-2-volc"]
[9/19/2026, 5:09:10 PM.790] [Info] [AgentModelResolver] agent "general-purpose" original_models=undefined -> resolved_models=[]
[9/19/2026, 5:09:10 PM.790] [Info] [AgentModelResolver] agent "compact" original_models=undefined -> resolved_models=[]
[9/19/2026, 5:09:10 PM.790] [Info] [AgentModelResolver] agent "contextSummary" original_models=undefined -> resolved_models=[]
[9/19/2026, 5:09:10 PM.790] [Info] [AgentModelResolver] agent "contentAnalyzer" original_models=undefined -> resolved_models=[]
[9/19/2026, 5:09:10 PM.790] [Info] [AgentModelResolver] agent "terminalTitleGenerator" original_models=undefined -> resolved_models=[]
[9/19/2026, 5:09:10 PM.790] [Info] [AgentModelResolver] agent "promptSuggestion" original_models=undefined -> resolved_models=[]
[9/19/2026, 5:09:10 PM.790] [Info] [AgentModelResolver] agent "memorySelector" original_models=["lite"] -> resolved_models=["lite"]
[9/19/2026, 5:09:10 PM.790] [Info] [AgentModelResolver] agent "summaryGenerator" original_models=undefined -> resolved_models=[]
[9/19/2026, 5:09:10 PM.790] [Info] [AgentModelResolver] agent "autoModeClassifier" original_models=undefined -> resolved_models=[]
[9/19/2026, 5:09:10 PM.790] [Info] [AgentModelResolver] agent "promptHookEvaluator" original_models=["lite"] -> resolved_models=["lite"]
[9/19/2026, 5:09:10 PM.790] [Info] [AgentModelResolver] agent "insightsAnalyzer" original_models=undefined -> resolved_models=[]
[9/19/2026, 5:09:10 PM.790] [Info] [AgentModelResolver] agent "agentInstructions" original_models=undefined -> resolved_models=[]
[9/19/2026, 5:09:10 PM.790] [Info] [AgentModelResolver] agent "statusline-setup" original_models=undefined -> resolved_models=[]
[9/19/2026, 5:09:10 PM.790] [Info] [AgentModelResolver] agent "Explore" original_models=["lite"] -> resolved_models=["lite"]
[9/19/2026, 5:09:10 PM.790] [Info] [AgentModelResolver] agent "Plan" original_models=undefined -> resolved_models=[]
[9/19/2026, 5:09:10 PM.790] [Info] [AgentModelResolver] agent "pulse" original_models=undefined -> resolved_models=[]
[9/19/2026, 5:09:10 PM.790] [Info] [AgentModelResolver] agent "enhance-prompt" original_models=undefined -> resolved_models=[]
[9/19/2026, 5:09:10 PM.793] [Info] [Merge] Step 1 (local + overlay): localModels=42, overlayModels=51, mergedModels=51
[9/19/2026, 5:09:10 PM.793] [Info] [Merge] Step 2 (+enterprise): enterpriseModels=0, totalModels=51
[9/19/2026, 5:09:10 PM.793] [Info] [Merge] Step 3 (+custom): customModels=0, totalModels=51
[9/19/2026, 5:09:10 PM.793] [Info] [Merge] Step 4 (availableModels filter): finalModels=51, cli.models=["auto","hy4-preview-f","hy3","hy3-x","deepseek-v4.1-flash","glm-5.3","glm-5.3-flash","glm-5.2","glm-5.1","glm-5v-turbo","minimax-m3","kimi-k3-1","kimi-k2.8-preview","kimi-k2.7","kimi-k2.6","deepseek-v4-pro"]
[9/19/2026, 5:09:10 PM.897] [Info] [WeixinClawBotClient] pollLoop iteration begin {"iteration":22383,"cursorLen":96}
[9/19/2026, 5:09:11 PM.944] [Info] [CentrifugoClient] Connected successfully
[9/19/2026, 5:09:11 PM.944] [Info] [ClawService] Centrifugo status: connected
[9/19/2026, 5:09:11 PM.949] [Info] [CentrifugoClient] Subscribed to channel: copilot_workbuddy:fdee3d54-95b6-4e9c-aaff-50ad9505aab4_25e526bc70aeedffd6ce569154fcfedd_e76b49539422036c
[9/19/2026, 5:09:29 PM.667] [Info] [WeixinClawBotClient] pollLoop getUpdates returned {"iteration":22383,"elapsedMs":18769,"hasBuf":true,"msgs":0}
[9/19/2026, 5:09:29 PM.681] [Info] [WeixinClawBotClient] pollLoop iteration begin {"iteration":22384,"cursorLen":96}
[9/19/2026, 5:09:47 PM.847] [Info] [WeixinClawBotClient] pollLoop getUpdates returned {"iteration":22384,"elapsedMs":18178,"hasBuf":true,"msgs":0}
[9/19/2026, 5:09:47 PM.850] [Info] [WeixinClawBotClient] pollLoop iteration begin {"iteration":22385,"cursorLen":96}
[9/19/2026, 5:25:28 PM.415] [Info] [CentrifugoClient] Re-subscribing to copilot_workbuddy:fdee3d54-95b6-4e9c-aaff-50ad9505aab4_25e526bc70aeedffd6ce569154fcfedd_e76b49539422036c: transport closed (code: 1)
[9/19/2026, 5:25:28 PM.415] [Info] [CentrifugoClient] Reconnecting: no ping (code: 2)
[9/19/2026, 5:25:28 PM.415] [Info] [ClawService] Centrifugo status: connecting
[9/19/2026, 5:25:28 PM.415] [Info] [WorkbuddyEnterpriseModels] enterpriseId: undefined, endpoint: https://copilot.tencent.com
[9/19/2026, 5:25:28 PM.415] [Info] [AgentModelResolver] product config input: 42 models, 18 agents
[9/19/2026, 5:25:28 PM.415] [Info] [AgentModelResolver] model ids: default, deepseek-v4-pro, deepseek-v4-flash, deepseek-v3-2-volc, minimax-m2.5, minimax-m2.7, minimax-m3-play, glm-5.1, glm-5.0, glm-5.0-turbo, glm-5v-turbo, glm-4.7, glm-4.6, glm-4.6v, kimi-k2.6, kimi-k2.5, kimi-k2-thinking, hy3-preview-agent, hunyuan-chat, hunyuan-image-v3.0, auto, hy3-preview, hunyuan-2.0-thinking, deepseek-v3-1-volc, deepseek-v3-1-lkeap, deepseek-v3-1, deepseek-v3-0324-lkeap, deepseek-r1-0528-lkeap, kimi-k2-instruct-taiji, completion-gf, default-1.1, hunyuan-3b, hunyuan-7b-dense, codewise-completions, codewise-rewrite, codewise-nes-a4-027-aide, codewise-jump, deepseek-r1-0528, deepseek-v3-0324-taco-completion, deepseek-v3-0324, default-1.2, hunyuan-2.0-instruct
[9/19/2026, 5:25:28 PM.415] [Info] [AgentModelResolver] agent "cli" original_models=["auto","glm-5v-turbo","glm-5.1","glm-5.0-turbo","glm-5.0","glm-4.7","kimi-k2.5","minimax-m2.7","deepseek-v3-2-volc"] -> resolved_models=["auto","glm-5v-turbo","glm-5.1","glm-5.0-turbo","glm-5.0","glm-4.7","kimi-k2.5","minimax-m2.7","deepseek-v3-2-volc"]
[9/19/2026, 5:25:28 PM.415] [Info] [AgentModelResolver] agent "general-purpose" original_models=undefined -> resolved_models=[]
[9/19/2026, 5:25:28 PM.415] [Info] [AgentModelResolver] agent "compact" original_models=undefined -> resolved_models=[]
[9/19/2026, 5:25:28 PM.415] [Info] [AgentModelResolver] agent "contextSummary" original_models=undefined -> resolved_models=[]
[9/19/2026, 5:25:28 PM.415] [Info] [AgentModelResolver] agent "contentAnalyzer" original_models=undefined -> resolved_models=[]
[9/19/2026, 5:25:28 PM.415] [Info] [AgentModelResolver] agent "terminalTitleGenerator" original_models=undefined -> resolved_models=[]
[9/19/2026, 5:25:28 PM.415] [Info] [AgentModelResolver] agent "promptSuggestion" original_models=undefined -> resolved_models=[]
[9/19/2026, 5:25:28 PM.415] [Info] [AgentModelResolver] agent "memorySelector" original_models=["lite"] -> resolved_models=["lite"]
[9/19/2026, 5:25:28 PM.415] [Info] [AgentModelResolver] agent "summaryGenerator" original_models=undefined -> resolved_models=[]
[9/19/2026, 5:25:28 PM.415] [Info] [AgentModelResolver] agent "autoModeClassifier" original_models=undefined -> resolved_models=[]
[9/19/2026, 5:25:28 PM.415] [Info] [AgentModelResolver] agent "promptHookEvaluator" original_models=["lite"] -> resolved_models=["lite"]
[9/19/2026, 5:25:28 PM.415] [Info] [AgentModelResolver] agent "insightsAnalyzer" original_models=undefined -> resolved_models=[]
[9/19/2026, 5:25:28 PM.415] [Info] [AgentModelResolver] agent "agentInstructions" original_models=undefined -> resolved_models=[]
[9/19/2026, 5:25:28 PM.415] [Info] [AgentModelResolver] agent "statusline-setup" original_models=undefined -> resolved_models=[]
[9/19/2026, 5:25:28 PM.415] [Info] [AgentModelResolver] agent "Explore" original_models=["lite"] -> resolved_models=["lite"]
[9/19/2026, 5:25:28 PM.415] [Info] [AgentModelResolver] agent "Plan" original_models=undefined -> resolved_models=[]
[9/19/2026, 5:25:28 PM.415] [Info] [AgentModelResolver] agent "pulse" original_models=undefined -> resolved_models=[]
[9/19/2026, 5:25:28 PM.415] [Info] [AgentModelResolver] agent "enhance-prompt" original_models=undefined -> resolved_models=[]
[9/19/2026, 5:25:28 PM.418] [Info] [Merge] Step 1 (local + overlay): localModels=42, overlayModels=51, mergedModels=51
[9/19/2026, 5:25:28 PM.419] [Info] [Merge] Step 2 (+enterprise): enterpriseModels=0, totalModels=51
[9/19/2026, 5:25:28 PM.419] [Info] [Merge] Step 3 (+custom): customModels=0, totalModels=51
[9/19/2026, 5:25:28 PM.419] [Info] [Merge] Step 4 (availableModels filter): finalModels=51, cli.models=["auto","hy4-preview-f","hy3","hy3-x","deepseek-v4.1-flash","glm-5.3","glm-5.3-flash","glm-5.2","glm-5.1","glm-5v-turbo","minimax-m3","kimi-k3-1","kimi-k2.8-preview","kimi-k2.7","kimi-k2.6","deepseek-v4-pro"]
[9/19/2026, 5:25:28 PM.419] [Info] [WeixinClawBotClient] pollLoop getUpdates returned {"iteration":22385,"elapsedMs":940570,"ret":0,"hasBuf":true,"msgs":0}
[9/19/2026, 5:25:28 PM.420] [Info] [WorkbuddyEnterpriseModels] enterpriseId: undefined, endpoint: https://copilot.tencent.com
[9/19/2026, 5:25:28 PM.420] [Info] [AgentModelResolver] product config input: 42 models, 18 agents
[9/19/2026, 5:25:28 PM.420] [Info] [AgentModelResolver] model ids: default, deepseek-v4-pro, deepseek-v4-flash, deepseek-v3-2-volc, minimax-m2.5, minimax-m2.7, minimax-m3-play, glm-5.1, glm-5.0, glm-5.0-turbo, glm-5v-turbo, glm-4.7, glm-4.6, glm-4.6v, kimi-k2.6, kimi-k2.5, kimi-k2-thinking, hy3-preview-agent, hunyuan-chat, hunyuan-image-v3.0, auto, hy3-preview, hunyuan-2.0-thinking, deepseek-v3-1-volc, deepseek-v3-1-lkeap, deepseek-v3-1, deepseek-v3-0324-lkeap, deepseek-r1-0528-lkeap, kimi-k2-instruct-taiji, completion-gf, default-1.1, hunyuan-3b, hunyuan-7b-dense, codewise-completions, codewise-rewrite, codewise-nes-a4-027-aide, codewise-jump, deepseek-r1-0528, deepseek-v3-0324-taco-completion, deepseek-v3-0324, default-1.2, hunyuan-2.0-instruct
[9/19/2026, 5:25:28 PM.420] [Info] [AgentModelResolver] agent "cli" original_models=["auto","glm-5v-turbo","glm-5.1","glm-5.0-turbo","glm-5.0","glm-4.7","kimi-k2.5","minimax-m2.7","deepseek-v3-2-volc"] -> resolved_models=["auto","glm-5v-turbo","glm-5.1","glm-5.0-turbo","glm-5.0","glm-4.7","kimi-k2.5","minimax-m2.7","deepseek-v3-2-volc"]
[9/19/2026, 5:25:28 PM.420] [Info] [AgentModelResolver] agent "general-purpose" original_models=undefined -> resolved_models=[]
[9/19/2026, 5:25:28 PM.420] [Info] [AgentModelResolver] agent "compact" original_models=undefined -> resolved_models=[]
[9/19/2026, 5:25:28 PM.420] [Info] [AgentModelResolver] agent "contextSummary" original_models=undefined -> resolved_models=[]
[9/19/2026, 5:25:28 PM.420] [Info] [AgentModelResolver] agent "contentAnalyzer" original_models=undefined -> resolved_models=[]
[9/19/2026, 5:25:28 PM.420] [Info] [AgentModelResolver] agent "terminalTitleGenerator" original_models=undefined -> resolved_models=[]
[9/19/2026, 5:25:28 PM.420] [Info] [AgentModelResolver] agent "promptSuggestion" original_models=undefined -> resolved_models=[]
[9/19/2026, 5:25:28 PM.420] [Info] [AgentModelResolver] agent "memorySelector" original_models=["lite"] -> resolved_models=["lite"]
[9/19/2026, 5:25:28 PM.420] [Info] [AgentModelResolver] agent "summaryGenerator" original_models=undefined -> resolved_models=[]
[9/19/2026, 5:25:28 PM.420] [Info] [AgentModelResolver] agent "autoModeClassifier" original_models=undefined -> resolved_models=[]
[9/19/2026, 5:25:28 PM.420] [Info] [AgentModelResolver] agent "promptHookEvaluator" original_models=["lite"] -> resolved_models=["lite"]
[9/19/2026, 5:25:28 PM.420] [Info] [AgentModelResolver] agent "insightsAnalyzer" original_models=undefined -> resolved_models=[]
[9/19/2026, 5:25:28 PM.420] [Info] [AgentModelResolver] agent "agentInstructions" original_models=undefined -> resolved_models=[]
[9/19/2026, 5:25:28 PM.420] [Info] [AgentModelResolver] agent "statusline-setup" original_models=undefined -> resolved_models=[]
[9/19/2026, 5:25:28 PM.420] [Info] [AgentModelResolver] agent "Explore" original_models=["lite"] -> resolved_models=["lite"]
[9/19/2026, 5:25:28 PM.420] [Info] [AgentModelResolver] agent "Plan" original_models=undefined -> resolved_models=[]
[9/19/2026, 5:25:28 PM.420] [Info] [AgentModelResolver] agent "pulse" original_models=undefined -> resolved_models=[]
[9/19/2026, 5:25:28 PM.420] [Info] [AgentModelResolver] agent "enhance-prompt" original_models=undefined -> resolved_models=[]
[9/19/2026, 5:25:28 PM.423] [Info] [Merge] Step 1 (local + overlay): localModels=42, overlayModels=51, mergedModels=51
[9/19/2026, 5:25:28 PM.423] [Info] [Merge] Step 2 (+enterprise): enterpriseModels=0, totalModels=51
[9/19/2026, 5:25:28 PM.423] [Info] [Merge] Step 3 (+custom): customModels=0, totalModels=51
[9/19/2026, 5:25:28 PM.423] [Info] [Merge] Step 4 (availableModels filter): finalModels=51, cli.models=["auto","hy4-preview-f","hy3","hy3-x","deepseek-v4.1-flash","glm-5.3","glm-5.3-flash","glm-5.2","glm-5.1","glm-5v-turbo","minimax-m3","kimi-k3-1","kimi-k2.8-preview","kimi-k2.7","kimi-k2.6","deepseek-v4-pro"]
[9/19/2026, 5:25:28 PM.498] [Info] [WeixinClawBotClient] pollLoop iteration begin {"iteration":22386,"cursorLen":96}
[9/19/2026, 5:25:29 PM.288] [Info] [CentrifugoClient] Connected successfully
[9/19/2026, 5:25:29 PM.288] [Info] [ClawService] Centrifugo status: connected
[9/19/2026, 5:25:29 PM.294] [Info] [CentrifugoClient] Subscribed to channel: copilot_workbuddy:fdee3d54-95b6-4e9c-aaff-50ad9505aab4_25e526bc70aeedffd6ce569154fcfedd_e76b49539422036c
[9/19/2026, 5:25:47 PM.218] [Info] [WeixinClawBotClient] pollLoop getUpdates returned {"iteration":22386,"elapsedMs":18719,"hasBuf":true,"msgs":0}
[9/19/2026, 5:25:47 PM.229] [Info] [WeixinClawBotClient] pollLoop iteration begin {"iteration":22387,"cursorLen":96}
[9/19/2026, 5:26:05 PM.399] [Info] [WeixinClawBotClient] pollLoop getUpdates returned {"iteration":22387,"elapsedMs":18180,"hasBuf":true,"msgs":0}
[9/19/2026, 5:26:05 PM.402] [Info] [WeixinClawBotClient] pollLoop iteration begin {"iteration":22388,"cursorLen":96}
[9/19/2026, 5:37:48 PM.749] [Info] [CentrifugoClient] Re-subscribing to copilot_workbuddy:fdee3d54-95b6-4e9c-aaff-50ad9505aab4_25e526bc70aeedffd6ce569154fcfedd_e76b49539422036c: transport closed (code: 1)
[9/19/2026, 5:37:48 PM.749] [Info] [CentrifugoClient] Reconnecting: no ping (code: 2)
[9/19/2026, 5:37:48 PM.749] [Info] [ClawService] Centrifugo status: connecting
[9/19/2026, 5:37:48 PM.749] [Info] [WorkbuddyEnterpriseModels] enterpriseId: undefined, endpoint: https://copilot.tencent.com
[9/19/2026, 5:37:48 PM.749] [Info] [AgentModelResolver] product config input: 42 models, 18 agents
[9/19/2026, 5:37:48 PM.749] [Info] [AgentModelResolver] model ids: default, deepseek-v4-pro, deepseek-v4-flash, deepseek-v3-2-volc, minimax-m2.5, minimax-m2.7, minimax-m3-play, glm-5.1, glm-5.0, glm-5.0-turbo, glm-5v-turbo, glm-4.7, glm-4.6, glm-4.6v, kimi-k2.6, kimi-k2.5, kimi-k2-thinking, hy3-preview-agent, hunyuan-chat, hunyuan-image-v3.0, auto, hy3-preview, hunyuan-2.0-thinking, deepseek-v3-1-volc, deepseek-v3-1-lkeap, deepseek-v3-1, deepseek-v3-0324-lkeap, deepseek-r1-0528-lkeap, kimi-k2-instruct-taiji, completion-gf, default-1.1, hunyuan-3b, hunyuan-7b-dense, codewise-completions, codewise-rewrite, codewise-nes-a4-027-aide, codewise-jump, deepseek-r1-0528, deepseek-v3-0324-taco-completion, deepseek-v3-0324, default-1.2, hunyuan-2.0-instruct
[9/19/2026, 5:37:48 PM.749] [Info] [AgentModelResolver] agent "cli" original_models=["auto","glm-5v-turbo","glm-5.1","glm-5.0-turbo","glm-5.0","glm-4.7","kimi-k2.5","minimax-m2.7","deepseek-v3-2-volc"] -> resolved_models=["auto","glm-5v-turbo","glm-5.1","glm-5.0-turbo","glm-5.0","glm-4.7","kimi-k2.5","minimax-m2.7","deepseek-v3-2-volc"]
[9/19/2026, 5:37:48 PM.749] [Info] [AgentModelResolver] agent "general-purpose" original_models=undefined -> resolved_models=[]
[9/19/2026, 5:37:48 PM.749] [Info] [AgentModelResolver] agent "compact" original_models=undefined -> resolved_models=[]
[9/19/2026, 5:37:48 PM.749] [Info] [AgentModelResolver] agent "contextSummary" original_models=undefined -> resolved_models=[]
[9/19/2026, 5:37:48 PM.749] [Info] [AgentModelResolver] agent "contentAnalyzer" original_models=undefined -> resolved_models=[]
[9/19/2026, 5:37:48 PM.749] [Info] [AgentModelResolver] agent "terminalTitleGenerator" original_models=undefined -> resolved_models=[]
[9/19/2026, 5:37:48 PM.749] [Info] [AgentModelResolver] agent "promptSuggestion" original_models=undefined -> resolved_models=[]
[9/19/2026, 5:37:48 PM.749] [Info] [AgentModelResolver] agent "memorySelector" original_models=["lite"] -> resolved_models=["lite"]
[9/19/2026, 5:37:48 PM.749] [Info] [AgentModelResolver] agent "summaryGenerator" original_models=undefined -> resolved_models=[]
[9/19/2026, 5:37:48 PM.749] [Info] [AgentModelResolver] agent "autoModeClassifier" original_models=undefined -> resolved_models=[]
[9/19/2026, 5:37:48 PM.749] [Info] [AgentModelResolver] agent "promptHookEvaluator" original_models=["lite"] -> resolved_models=["lite"]
[9/19/2026, 5:37:48 PM.749] [Info] [AgentModelResolver] agent "insightsAnalyzer" original_models=undefined -> resolved_models=[]
[9/19/2026, 5:37:48 PM.749] [Info] [AgentModelResolver] agent "agentInstructions" original_models=undefined -> resolved_models=[]
[9/19/2026, 5:37:48 PM.749] [Info] [AgentModelResolver] agent "statusline-setup" original_models=undefined -> resolved_models=[]
[9/19/2026, 5:37:48 PM.749] [Info] [AgentModelResolver] agent "Explore" original_models=["lite"] -> resolved_models=["lite"]
[9/19/2026, 5:37:48 PM.749] [Info] [AgentModelResolver] agent "Plan" original_models=undefined -> resolved_models=[]
[9/19/2026, 5:37:48 PM.749] [Info] [AgentModelResolver] agent "pulse" original_models=undefined -> resolved_models=[]
[9/19/2026, 5:37:48 PM.749] [Info] [AgentModelResolver] agent "enhance-prompt" original_models=undefined -> resolved_models=[]
[9/19/2026, 5:37:48 PM.752] [Info] [Merge] Step 1 (local + overlay): localModels=42, overlayModels=51, mergedModels=51
[9/19/2026, 5:37:48 PM.752] [Info] [Merge] Step 2 (+enterprise): enterpriseModels=0, totalModels=51
[9/19/2026, 5:37:48 PM.752] [Info] [Merge] Step 3 (+custom): customModels=0, totalModels=51
[9/19/2026, 5:37:48 PM.752] [Info] [Merge] Step 4 (availableModels filter): finalModels=51, cli.models=["auto","hy4-preview-f","hy3","hy3-x","deepseek-v4.1-flash","glm-5.3","glm-5.3-flash","glm-5.2","glm-5.1","glm-5v-turbo","minimax-m3","kimi-k3-1","kimi-k2.8-preview","kimi-k2.7","kimi-k2.6","deepseek-v4-pro"]
[9/19/2026, 5:37:48 PM.753] [Info] [WeixinClawBotClient] pollLoop getUpdates returned {"iteration":22388,"elapsedMs":703352,"ret":0,"hasBuf":true,"msgs":0}
[9/19/2026, 5:37:48 PM.753] [Info] [WorkbuddyEnterpriseModels] enterpriseId: undefined, endpoint: https://copilot.tencent.com
[9/19/2026, 5:37:48 PM.753] [Info] [AgentModelResolver] product config input: 42 models, 18 agents
[9/19/2026, 5:37:48 PM.753] [Info] [AgentModelResolver] model ids: default, deepseek-v4-pro, deepseek-v4-flash, deepseek-v3-2-volc, minimax-m2.5, minimax-m2.7, minimax-m3-play, glm-5.1, glm-5.0, glm-5.0-turbo, glm-5v-turbo, glm-4.7, glm-4.6, glm-4.6v, kimi-k2.6, kimi-k2.5, kimi-k2-thinking, hy3-preview-agent, hunyuan-chat, hunyuan-image-v3.0, auto, hy3-preview, hunyuan-2.0-thinking, deepseek-v3-1-volc, deepseek-v3-1-lkeap, deepseek-v3-1, deepseek-v3-0324-lkeap, deepseek-r1-0528-lkeap, kimi-k2-instruct-taiji, completion-gf, default-1.1, hunyuan-3b, hunyuan-7b-dense, codewise-completions, codewise-rewrite, codewise-nes-a4-027-aide, codewise-jump, deepseek-r1-0528, deepseek-v3-0324-taco-completion, deepseek-v3-0324, default-1.2, hunyuan-2.0-instruct
[9/19/2026, 5:37:48 PM.753] [Info] [AgentModelResolver] agent "cli" original_models=["auto","glm-5v-turbo","glm-5.1","glm-5.0-turbo","glm-5.0","glm-4.7","kimi-k2.5","minimax-m2.7","deepseek-v3-2-volc"] -> resolved_models=["auto","glm-5v-turbo","glm-5.1","glm-5.0-turbo","glm-5.0","glm-4.7","kimi-k2.5","minimax-m2.7","deepseek-v3-2-volc"]
[9/19/2026, 5:37:48 PM.753] [Info] [AgentModelResolver] agent "general-purpose" original_models=undefined -> resolved_models=[]
[9/19/2026, 5:37:48 PM.753] [Info] [AgentModelResolver] agent "compact" original_models=undefined -> resolved_models=[]
[9/19/2026, 5:37:48 PM.753] [Info] [AgentModelResolver] agent "contextSummary" original_models=undefined -> resolved_models=[]
[9/19/2026, 5:37:48 PM.753] [Info] [AgentModelResolver] agent "contentAnalyzer" original_models=undefined -> resolved_models=[]
[9/19/2026, 5:37:48 PM.753] [Info] [AgentModelResolver] agent "terminalTitleGenerator" original_models=undefined -> resolved_models=[]
[9/19/2026, 5:37:48 PM.753] [Info] [AgentModelResolver] agent "promptSuggestion" original_models=undefined -> resolved_models=[]
[9/19/2026, 5:37:48 PM.753] [Info] [AgentModelResolver] agent "memorySelector" original_models=["lite"] -> resolved_models=["lite"]
[9/19/2026, 5:37:48 PM.753] [Info] [AgentModelResolver] agent "summaryGenerator" original_models=undefined -> resolved_models=[]
[9/19/2026, 5:37:48 PM.753] [Info] [AgentModelResolver] agent "autoModeClassifier" original_models=undefined -> resolved_models=[]
[9/19/2026, 5:37:48 PM.753] [Info] [AgentModelResolver] agent "promptHookEvaluator" original_models=["lite"] -> resolved_models=["lite"]
[9/19/2026, 5:37:48 PM.753] [Info] [AgentModelResolver] agent "insightsAnalyzer" original_models=undefined -> resolved_models=[]
[9/19/2026, 5:37:48 PM.753] [Info] [AgentModelResolver] agent "agentInstructions" original_models=undefined -> resolved_models=[]
[9/19/2026, 5:37:48 PM.753] [Info] [AgentModelResolver] agent "statusline-setup" original_models=undefined -> resolved_models=[]
[9/19/2026, 5:37:48 PM.753] [Info] [AgentModelResolver] agent "Explore" original_models=["lite"] -> resolved_models=["lite"]
[9/19/2026, 5:37:48 PM.753] [Info] [AgentModelResolver] agent "Plan" original_models=undefined -> resolved_models=[]
[9/19/2026, 5:37:48 PM.753] [Info] [AgentModelResolver] agent "pulse" original_models=undefined -> resolved_models=[]
[9/19/2026, 5:37:48 PM.753] [Info] [AgentModelResolver] agent "enhance-prompt" original_models=undefined -> resolved_models=[]
[9/19/2026, 5:37:48 PM.757] [Info] [Merge] Step 1 (local + overlay): localModels=42, overlayModels=51, mergedModels=51
[9/19/2026, 5:37:48 PM.757] [Info] [Merge] Step 2 (+enterprise): enterpriseModels=0, totalModels=51
[9/19/2026, 5:37:48 PM.757] [Info] [Merge] Step 3 (+custom): customModels=0, totalModels=51
[9/19/2026, 5:37:48 PM.757] [Info] [Merge] Step 4 (availableModels filter): finalModels=51, cli.models=["auto","hy4-preview-f","hy3","hy3-x","deepseek-v4.1-flash","glm-5.3","glm-5.3-flash","glm-5.2","glm-5.1","glm-5v-turbo","minimax-m3","kimi-k3-1","kimi-k2.8-preview","kimi-k2.7","kimi-k2.6","deepseek-v4-pro"]
[9/19/2026, 5:37:48 PM.794] [Info] [WeixinClawBotClient] pollLoop iteration begin {"iteration":22389,"cursorLen":96}
[9/19/2026, 5:37:49 PM.481] [Info] [CentrifugoClient] Connected successfully
[9/19/2026, 5:37:49 PM.481] [Info] [ClawService] Centrifugo status: connected
[9/19/2026, 5:37:49 PM.486] [Info] [CentrifugoClient] Subscribed to channel: copilot_workbuddy:fdee3d54-95b6-4e9c-aaff-50ad9505aab4_25e526bc70aeedffd6ce569154fcfedd_e76b49539422036c
[9/19/2026, 5:38:07 PM.486] [Info] [WeixinClawBotClient] pollLoop getUpdates returned {"iteration":22389,"elapsedMs":18692,"hasBuf":true,"msgs":0}
[9/19/2026, 5:38:07 PM.501] [Info] [WeixinClawBotClient] pollLoop iteration begin {"iteration":22390,"cursorLen":96}
[9/19/2026, 5:38:25 PM.690] [Info] [WeixinClawBotClient] pollLoop getUpdates returned {"iteration":22390,"elapsedMs":18202,"hasBuf":true,"msgs":0}
[9/19/2026, 5:38:25 PM.692] [Info] [WeixinClawBotClient] pollLoop iteration begin {"iteration":22391,"cursorLen":96}
[9/19/2026, 5:53:58 PM.076] [Info] [CentrifugoClient] Re-subscribing to copilot_workbuddy:fdee3d54-95b6-4e9c-aaff-50ad9505aab4_25e526bc70aeedffd6ce569154fcfedd_e76b49539422036c: transport closed (code: 1)
[9/19/2026, 5:53:58 PM.076] [Info] [CentrifugoClient] Reconnecting: no ping (code: 2)
[9/19/2026, 5:53:58 PM.076] [Info] [ClawService] Centrifugo status: connecting
[9/19/2026, 5:53:58 PM.077] [Info] [WorkbuddyEnterpriseModels] enterpriseId: undefined, endpoint: https://copilot.tencent.com
[9/19/2026, 5:53:58 PM.077] [Info] [AgentModelResolver] product config input: 42 models, 18 agents
[9/19/2026, 5:53:58 PM.077] [Info] [AgentModelResolver] model ids: default, deepseek-v4-pro, deepseek-v4-flash, deepseek-v3-2-volc, minimax-m2.5, minimax-m2.7, minimax-m3-play, glm-5.1, glm-5.0, glm-5.0-turbo, glm-5v-turbo, glm-4.7, glm-4.6, glm-4.6v, kimi-k2.6, kimi-k2.5, kimi-k2-thinking, hy3-preview-agent, hunyuan-chat, hunyuan-image-v3.0, auto, hy3-preview, hunyuan-2.0-thinking, deepseek-v3-1-volc, deepseek-v3-1-lkeap, deepseek-v3-1, deepseek-v3-0324-lkeap, deepseek-r1-0528-lkeap, kimi-k2-instruct-taiji, completion-gf, default-1.1, hunyuan-3b, hunyuan-7b-dense, codewise-completions, codewise-rewrite, codewise-nes-a4-027-aide, codewise-jump, deepseek-r1-0528, deepseek-v3-0324-taco-completion, deepseek-v3-0324, default-1.2, hunyuan-2.0-instruct
[9/19/2026, 5:53:58 PM.077] [Info] [AgentModelResolver] agent "cli" original_models=["auto","glm-5v-turbo","glm-5.1","glm-5.0-turbo","glm-5.0","glm-4.7","kimi-k2.5","minimax-m2.7","deepseek-v3-2-volc"] -> resolved_models=["auto","glm-5v-turbo","glm-5.1","glm-5.0-turbo","glm-5.0","glm-4.7","kimi-k2.5","minimax-m2.7","deepseek-v3-2-volc"]
[9/19/2026, 5:53:58 PM.077] [Info] [AgentModelResolver] agent "general-purpose" original_models=undefined -> resolved_models=[]
[9/19/2026, 5:53:58 PM.077] [Info] [AgentModelResolver] agent "compact" original_models=undefined -> resolved_models=[]
[9/19/2026, 5:53:58 PM.077] [Info] [AgentModelResolver] agent "contextSummary" original_models=undefined -> resolved_models=[]
[9/19/2026, 5:53:58 PM.077] [Info] [AgentModelResolver] agent "contentAnalyzer" original_models=undefined -> resolved_models=[]
[9/19/2026, 5:53:58 PM.077] [Info] [AgentModelResolver] agent "terminalTitleGenerator" original_models=undefined -> resolved_models=[]
[9/19/2026, 5:53:58 PM.077] [Info] [AgentModelResolver] agent "promptSuggestion" original_models=undefined -> resolved_models=[]
[9/19/2026, 5:53:58 PM.077] [Info] [AgentModelResolver] agent "memorySelector" original_models=["lite"] -> resolved_models=["lite"]
[9/19/2026, 5:53:58 PM.077] [Info] [AgentModelResolver] agent "summaryGenerator" original_models=undefined -> resolved_models=[]
[9/19/2026, 5:53:58 PM.077] [Info] [AgentModelResolver] agent "autoModeClassifier" original_models=undefined -> resolved_models=[]
[9/19/2026, 5:53:58 PM.077] [Info] [AgentModelResolver] agent "promptHookEvaluator" original_models=["lite"] -> resolved_models=["lite"]
[9/19/2026, 5:53:58 PM.077] [Info] [AgentModelResolver] agent "insightsAnalyzer" original_models=undefined -> resolved_models=[]
[9/19/2026, 5:53:58 PM.077] [Info] [AgentModelResolver] agent "agentInstructions" original_models=undefined -> resolved_models=[]
[9/19/2026, 5:53:58 PM.077] [Info] [AgentModelResolver] agent "statusline-setup" original_models=undefined -> resolved_models=[]
[9/19/2026, 5:53:58 PM.077] [Info] [AgentModelResolver] agent "Explore" original_models=["lite"] -> resolved_models=["lite"]
[9/19/2026, 5:53:58 PM.077] [Info] [AgentModelResolver] agent "Plan" original_models=undefined -> resolved_models=[]
[9/19/2026, 5:53:58 PM.077] [Info] [AgentModelResolver] agent "pulse" original_models=undefined -> resolved_models=[]
[9/19/2026, 5:53:58 PM.077] [Info] [AgentModelResolver] agent "enhance-prompt" original_models=undefined -> resolved_models=[]
[9/19/2026, 5:53:58 PM.079] [Info] [Merge] Step 1 (local + overlay): localModels=42, overlayModels=51, mergedModels=51
[9/19/2026, 5:53:58 PM.079] [Info] [Merge] Step 2 (+enterprise): enterpriseModels=0, totalModels=51
[9/19/2026, 5:53:58 PM.079] [Info] [Merge] Step 3 (+custom): customModels=0, totalModels=51
[9/19/2026, 5:53:58 PM.079] [Info] [Merge] Step 4 (availableModels filter): finalModels=51, cli.models=["auto","hy4-preview-f","hy3","hy3-x","deepseek-v4.1-flash","glm-5.3","glm-5.3-flash","glm-5.2","glm-5.1","glm-5v-turbo","minimax-m3","kimi-k3-1","kimi-k2.8-preview","kimi-k2.7","kimi-k2.6","deepseek-v4-pro"]
[9/19/2026, 5:53:58 PM.080] [Info] [WeixinClawBotClient] pollLoop getUpdates returned {"iteration":22391,"elapsedMs":932389,"ret":0,"hasBuf":true,"msgs":0}
[9/19/2026, 5:53:58 PM.080] [Info] [WorkbuddyEnterpriseModels] enterpriseId: undefined, endpoint: https://copilot.tencent.com
[9/19/2026, 5:53:58 PM.080] [Info] [AgentModelResolver] product config input: 42 models, 18 agents
[9/19/2026, 5:53:58 PM.080] [Info] [AgentModelResolver] model ids: default, deepseek-v4-pro, deepseek-v4-flash, deepseek-v3-2-volc, minimax-m2.5, minimax-m2.7, minimax-m3-play, glm-5.1, glm-5.0, glm-5.0-turbo, glm-5v-turbo, glm-4.7, glm-4.6, glm-4.6v, kimi-k2.6, kimi-k2.5, kimi-k2-thinking, hy3-preview-agent, hunyuan-chat, hunyuan-image-v3.0, auto, hy3-preview, hunyuan-2.0-thinking, deepseek-v3-1-volc, deepseek-v3-1-lkeap, deepseek-v3-1, deepseek-v3-0324-lkeap, deepseek-r1-0528-lkeap, kimi-k2-instruct-taiji, completion-gf, default-1.1, hunyuan-3b, hunyuan-7b-dense, codewise-completions, codewise-rewrite, codewise-nes-a4-027-aide, codewise-jump, deepseek-r1-0528, deepseek-v3-0324-taco-completion, deepseek-v3-0324, default-1.2, hunyuan-2.0-instruct
[9/19/2026, 5:53:58 PM.080] [Info] [AgentModelResolver] agent "cli" original_models=["auto","glm-5v-turbo","glm-5.1","glm-5.0-turbo","glm-5.0","glm-4.7","kimi-k2.5","minimax-m2.7","deepseek-v3-2-volc"] -> resolved_models=["auto","glm-5v-turbo","glm-5.1","glm-5.0-turbo","glm-5.0","glm-4.7","kimi-k2.5","minimax-m2.7","deepseek-v3-2-volc"]
[9/19/2026, 5:53:58 PM.080] [Info] [AgentModelResolver] agent "general-purpose" original_models=undefined -> resolved_models=[]
[9/19/2026, 5:53:58 PM.080] [Info] [AgentModelResolver] agent "compact" original_models=undefined -> resolved_models=[]
[9/19/2026, 5:53:58 PM.080] [Info] [AgentModelResolver] agent "contextSummary" original_models=undefined -> resolved_models=[]
[9/19/2026, 5:53:58 PM.080] [Info] [AgentModelResolver] agent "contentAnalyzer" original_models=undefined -> resolved_models=[]
[9/19/2026, 5:53:58 PM.080] [Info] [AgentModelResolver] agent "terminalTitleGenerator" original_models=undefined -> resolved_models=[]
[9/19/2026, 5:53:58 PM.080] [Info] [AgentModelResolver] agent "promptSuggestion" original_models=undefined -> resolved_models=[]
[9/19/2026, 5:53:58 PM.080] [Info] [AgentModelResolver] agent "memorySelector" original_models=["lite"] -> resolved_models=["lite"]
[9/19/2026, 5:53:58 PM.080] [Info] [AgentModelResolver] agent "summaryGenerator" original_models=undefined -> resolved_models=[]
[9/19/2026, 5:53:58 PM.080] [Info] [AgentModelResolver] agent "autoModeClassifier" original_models=undefined -> resolved_models=[]
[9/19/2026, 5:53:58 PM.080] [Info] [AgentModelResolver] agent "promptHookEvaluator" original_models=["lite"] -> resolved_models=["lite"]
[9/19/2026, 5:53:58 PM.080] [Info] [AgentModelResolver] agent "insightsAnalyzer" original_models=undefined -> resolved_models=[]
[9/19/2026, 5:53:58 PM.080] [Info] [AgentModelResolver] agent "agentInstructions" original_models=undefined -> resolved_models=[]
[9/19/2026, 5:53:58 PM.080] [Info] [AgentModelResolver] agent "statusline-setup" original_models=undefined -> resolved_models=[]
[9/19/2026, 5:53:58 PM.080] [Info] [AgentModelResolver] agent "Explore" original_models=["lite"] -> resolved_models=["lite"]
[9/19/2026, 5:53:58 PM.080] [Info] [AgentModelResolver] agent "Plan" original_models=undefined -> resolved_models=[]
[9/19/2026, 5:53:58 PM.080] [Info] [AgentModelResolver] agent "pulse" original_models=undefined -> resolved_models=[]
[9/19/2026, 5:53:58 PM.080] [Info] [AgentModelResolver] agent "enhance-prompt" original_models=undefined -> resolved_models=[]
[9/19/2026, 5:53:58 PM.083] [Info] [Merge] Step 1 (local + overlay): localModels=42, overlayModels=51, mergedModels=51
[9/19/2026, 5:53:58 PM.083] [Info] [Merge] Step 2 (+enterprise): enterpriseModels=0, totalModels=51
[9/19/2026, 5:53:58 PM.083] [Info] [Merge] Step 3 (+custom): customModels=0, totalModels=51
[9/19/2026, 5:53:58 PM.083] [Info] [Merge] Step 4 (availableModels filter): finalModels=51, cli.models=["auto","hy4-preview-f","hy3","hy3-x","deepseek-v4.1-flash","glm-5.3","glm-5.3-flash","glm-5.2","glm-5.1","glm-5v-turbo","minimax-m3","kimi-k3-1","kimi-k2.8-preview","kimi-k2.7","kimi-k2.6","deepseek-v4-pro"]
[9/19/2026, 5:53:58 PM.117] [Info] [WeixinClawBotClient] pollLoop iteration begin {"iteration":22392,"cursorLen":96}
[9/19/2026, 5:53:59 PM.151] [Info] [CentrifugoClient] Connected successfully
[9/19/2026, 5:53:59 PM.151] [Info] [ClawService] Centrifugo status: connected
[9/19/2026, 5:53:59 PM.159] [Info] [CentrifugoClient] Subscribed to channel: copilot_workbuddy:fdee3d54-95b6-4e9c-aaff-50ad9505aab4_25e526bc70aeedffd6ce569154fcfedd_e76b49539422036c
[9/19/2026, 5:54:16 PM.821] [Info] [WeixinClawBotClient] pollLoop getUpdates returned {"iteration":22392,"elapsedMs":18703,"hasBuf":true,"msgs":0}
[9/19/2026, 5:54:16 PM.832] [Info] [WeixinClawBotClient] pollLoop iteration begin {"iteration":22393,"cursorLen":96}
[9/19/2026, 5:54:34 PM.976] [Info] [WeixinClawBotClient] pollLoop getUpdates returned {"iteration":22393,"elapsedMs":18154,"hasBuf":true,"msgs":0}
[9/19/2026, 5:54:34 PM.980] [Info] [WeixinClawBotClient] pollLoop iteration begin {"iteration":22394,"cursorLen":96}
[9/19/2026, 6:10:07 PM.428] [Info] [CentrifugoClient] Re-subscribing to copilot_workbuddy:fdee3d54-95b6-4e9c-aaff-50ad9505aab4_25e526bc70aeedffd6ce569154fcfedd_e76b49539422036c: transport closed (code: 1)
[9/19/2026, 6:10:07 PM.428] [Info] [CentrifugoClient] Reconnecting: no ping (code: 2)
[9/19/2026, 6:10:07 PM.428] [Info] [ClawService] Centrifugo status: connecting
[9/19/2026, 6:10:07 PM.429] [Info] [WorkbuddyEnterpriseModels] enterpriseId: undefined, endpoint: https://copilot.tencent.com
[9/19/2026, 6:10:07 PM.430] [Info] [AgentModelResolver] product config input: 42 models, 18 agents
[9/19/2026, 6:10:07 PM.430] [Info] [AgentModelResolver] model ids: default, deepseek-v4-pro, deepseek-v4-flash, deepseek-v3-2-volc, minimax-m2.5, minimax-m2.7, minimax-m3-play, glm-5.1, glm-5.0, glm-5.0-turbo, glm-5v-turbo, glm-4.7, glm-4.6, glm-4.6v, kimi-k2.6, kimi-k2.5, kimi-k2-thinking, hy3-preview-agent, hunyuan-chat, hunyuan-image-v3.0, auto, hy3-preview, hunyuan-2.0-thinking, deepseek-v3-1-volc, deepseek-v3-1-lkeap, deepseek-v3-1, deepseek-v3-0324-lkeap, deepseek-r1-0528-lkeap, kimi-k2-instruct-taiji, completion-gf, default-1.1, hunyuan-3b, hunyuan-7b-dense, codewise-completions, codewise-rewrite, codewise-nes-a4-027-aide, codewise-jump, deepseek-r1-0528, deepseek-v3-0324-taco-completion, deepseek-v3-0324, default-1.2, hunyuan-2.0-instruct
[9/19/2026, 6:10:07 PM.430] [Info] [AgentModelResolver] agent "cli" original_models=["auto","glm-5v-turbo","glm-5.1","glm-5.0-turbo","glm-5.0","glm-4.7","kimi-k2.5","minimax-m2.7","deepseek-v3-2-volc"] -> resolved_models=["auto","glm-5v-turbo","glm-5.1","glm-5.0-turbo","glm-5.0","glm-4.7","kimi-k2.5","minimax-m2.7","deepseek-v3-2-volc"]
[9/19/2026, 6:10:07 PM.430] [Info] [AgentModelResolver] agent "general-purpose" original_models=undefined -> resolved_models=[]
[9/19/2026, 6:10:07 PM.430] [Info] [AgentModelResolver] agent "compact" original_models=undefined -> resolved_models=[]
[9/19/2026, 6:10:07 PM.430] [Info] [AgentModelResolver] agent "contextSummary" original_models=undefined -> resolved_models=[]
[9/19/2026, 6:10:07 PM.430] [Info] [AgentModelResolver] agent "contentAnalyzer" original_models=undefined -> resolved_models=[]
[9/19/2026, 6:10:07 PM.430] [Info] [AgentModelResolver] agent "terminalTitleGenerator" original_models=undefined -> resolved_models=[]
[9/19/2026, 6:10:07 PM.430] [Info] [AgentModelResolver] agent "promptSuggestion" original_models=undefined -> resolved_models=[]
[9/19/2026, 6:10:07 PM.430] [Info] [AgentModelResolver] agent "memorySelector" original_models=["lite"] -> resolved_models=["lite"]
[9/19/2026, 6:10:07 PM.430] [Info] [AgentModelResolver] agent "summaryGenerator" original_models=undefined -> resolved_models=[]
[9/19/2026, 6:10:07 PM.430] [Info] [AgentModelResolver] agent "autoModeClassifier" original_models=undefined -> resolved_models=[]
[9/19/2026, 6:10:07 PM.430] [Info] [AgentModelResolver] agent "promptHookEvaluator" original_models=["lite"] -> resolved_models=["lite"]
[9/19/2026, 6:10:07 PM.430] [Info] [AgentModelResolver] agent "insightsAnalyzer" original_models=undefined -> resolved_models=[]
[9/19/2026, 6:10:07 PM.430] [Info] [AgentModelResolver] agent "agentInstructions" original_models=undefined -> resolved_models=[]
[9/19/2026, 6:10:07 PM.430] [Info] [AgentModelResolver] agent "statusline-setup" original_models=undefined -> resolved_models=[]
[9/19/2026, 6:10:07 PM.430] [Info] [AgentModelResolver] agent "Explore" original_models=["lite"] -> resolved_models=["lite"]
[9/19/2026, 6:10:07 PM.430] [Info] [AgentModelResolver] agent "Plan" original_models=undefined -> resolved_models=[]
[9/19/2026, 6:10:07 PM.430] [Info] [AgentModelResolver] agent "pulse" original_models=undefined -> resolved_models=[]
[9/19/2026, 6:10:07 PM.430] [Info] [AgentModelResolver] agent "enhance-prompt" original_models=undefined -> resolved_models=[]
[9/19/2026, 6:10:07 PM.440] [Info] [Merge] Step 1 (local + overlay): localModels=42, overlayModels=51, mergedModels=51
[9/19/2026, 6:10:07 PM.440] [Info] [Merge] Step 2 (+enterprise): enterpriseModels=0, totalModels=51
[9/19/2026, 6:10:07 PM.440] [Info] [Merge] Step 3 (+custom): customModels=0, totalModels=51
[9/19/2026, 6:10:07 PM.440] [Info] [Merge] Step 4 (availableModels filter): finalModels=51, cli.models=["auto","hy4-preview-f","hy3","hy3-x","deepseek-v4.1-flash","glm-5.3","glm-5.3-flash","glm-5.2","glm-5.1","glm-5v-turbo","minimax-m3","kimi-k3-1","kimi-k2.8-preview","kimi-k2.7","kimi-k2.6","deepseek-v4-pro"]
[9/19/2026, 6:10:07 PM.450] [Info] [WeixinClawBotClient] pollLoop getUpdates returned {"iteration":22394,"elapsedMs":932471,"ret":0,"hasBuf":true,"msgs":0}
[9/19/2026, 6:10:07 PM.453] [Info] [WorkbuddyEnterpriseModels] enterpriseId: undefined, endpoint: https://copilot.tencent.com
[9/19/2026, 6:10:07 PM.453] [Info] [AgentModelResolver] product config input: 42 models, 18 agents
[9/19/2026, 6:10:07 PM.453] [Info] [AgentModelResolver] model ids: default, deepseek-v4-pro, deepseek-v4-flash, deepseek-v3-2-volc, minimax-m2.5, minimax-m2.7, minimax-m3-play, glm-5.1, glm-5.0, glm-5.0-turbo, glm-5v-turbo, glm-4.7, glm-4.6, glm-4.6v, kimi-k2.6, kimi-k2.5, kimi-k2-thinking, hy3-preview-agent, hunyuan-chat, hunyuan-image-v3.0, auto, hy3-preview, hunyuan-2.0-thinking, deepseek-v3-1-volc, deepseek-v3-1-lkeap, deepseek-v3-1, deepseek-v3-0324-lkeap, deepseek-r1-0528-lkeap, kimi-k2-instruct-taiji, completion-gf, default-1.1, hunyuan-3b, hunyuan-7b-dense, codewise-completions, codewise-rewrite, codewise-nes-a4-027-aide, codewise-jump, deepseek-r1-0528, deepseek-v3-0324-taco-completion, deepseek-v3-0324, default-1.2, hunyuan-2.0-instruct
[9/19/2026, 6:10:07 PM.453] [Info] [AgentModelResolver] agent "cli" original_models=["auto","glm-5v-turbo","glm-5.1","glm-5.0-turbo","glm-5.0","glm-4.7","kimi-k2.5","minimax-m2.7","deepseek-v3-2-volc"] -> resolved_models=["auto","glm-5v-turbo","glm-5.1","glm-5.0-turbo","glm-5.0","glm-4.7","kimi-k2.5","minimax-m2.7","deepseek-v3-2-volc"]
[9/19/2026, 6:10:07 PM.453] [Info] [AgentModelResolver] agent "general-purpose" original_models=undefined -> resolved_models=[]
[9/19/2026, 6:10:07 PM.453] [Info] [AgentModelResolver] agent "compact" original_models=undefined -> resolved_models=[]
[9/19/2026, 6:10:07 PM.453] [Info] [AgentModelResolver] agent "contextSummary" original_models=undefined -> resolved_models=[]
[9/19/2026, 6:10:07 PM.453] [Info] [AgentModelResolver] agent "contentAnalyzer" original_models=undefined -> resolved_models=[]
[9/19/2026, 6:10:07 PM.453] [Info] [AgentModelResolver] agent "terminalTitleGenerator" original_models=undefined -> resolved_models=[]
[9/19/2026, 6:10:07 PM.453] [Info] [AgentModelResolver] agent "promptSuggestion" original_models=undefined -> resolved_models=[]
[9/19/2026, 6:10:07 PM.453] [Info] [AgentModelResolver] agent "memorySelector" original_models=["lite"] -> resolved_models=["lite"]
[9/19/2026, 6:10:07 PM.453] [Info] [AgentModelResolver] agent "summaryGenerator" original_models=undefined -> resolved_models=[]
[9/19/2026, 6:10:07 PM.453] [Info] [AgentModelResolver] agent "autoModeClassifier" original_models=undefined -> resolved_models=[]
[9/19/2026, 6:10:07 PM.453] [Info] [AgentModelResolver] agent "promptHookEvaluator" original_models=["lite"] -> resolved_models=["lite"]
[9/19/2026, 6:10:07 PM.453] [Info] [AgentModelResolver] agent "insightsAnalyzer" original_models=undefined -> resolved_models=[]
[9/19/2026, 6:10:07 PM.453] [Info] [AgentModelResolver] agent "agentInstructions" original_models=undefined -> resolved_models=[]
[9/19/2026, 6:10:07 PM.453] [Info] [AgentModelResolver] agent "statusline-setup" original_models=undefined -> resolved_models=[]
[9/19/2026, 6:10:07 PM.453] [Info] [AgentModelResolver] agent "Explore" original_models=["lite"] -> resolved_models=["lite"]
[9/19/2026, 6:10:07 PM.453] [Info] [AgentModelResolver] agent "Plan" original_models=undefined -> resolved_models=[]
[9/19/2026, 6:10:07 PM.453] [Info] [AgentModelResolver] agent "pulse" original_models=undefined -> resolved_models=[]
[9/19/2026, 6:10:07 PM.453] [Info] [AgentModelResolver] agent "enhance-prompt" original_models=undefined -> resolved_models=[]
[9/19/2026, 6:10:07 PM.472] [Info] [Merge] Step 1 (local + overlay): localModels=42, overlayModels=51, mergedModels=51
[9/19/2026, 6:10:07 PM.472] [Info] [Merge] Step 2 (+enterprise): enterpriseModels=0, totalModels=51
[9/19/2026, 6:10:07 PM.472] [Info] [Merge] Step 3 (+custom): customModels=0, totalModels=51
[9/19/2026, 6:10:07 PM.472] [Info] [Merge] Step 4 (availableModels filter): finalModels=51, cli.models=["auto","hy4-preview-f","hy3","hy3-x","deepseek-v4.1-flash","glm-5.3","glm-5.3-flash","glm-5.2","glm-5.1","glm-5v-turbo","minimax-m3","kimi-k3-1","kimi-k2.8-preview","kimi-k2.7","kimi-k2.6","deepseek-v4-pro"]
[9/19/2026, 6:10:07 PM.546] [Info] [WeixinClawBotClient] pollLoop iteration begin {"iteration":22395,"cursorLen":96}
[9/19/2026, 6:10:08 PM.268] [Info] [CentrifugoClient] Connected successfully
[9/19/2026, 6:10:08 PM.268] [Info] [ClawService] Centrifugo status: connected
[9/19/2026, 6:10:08 PM.271] [Info] [CentrifugoClient] Subscribed to channel: copilot_workbuddy:fdee3d54-95b6-4e9c-aaff-50ad9505aab4_25e526bc70aeedffd6ce569154fcfedd_e76b49539422036c
[9/19/2026, 6:10:26 PM.255] [Info] [WeixinClawBotClient] pollLoop getUpdates returned {"iteration":22395,"elapsedMs":18709,"hasBuf":true,"msgs":0}
[9/19/2026, 6:10:26 PM.267] [Info] [WeixinClawBotClient] pollLoop iteration begin {"iteration":22396,"cursorLen":96}
[9/19/2026, 6:10:44 PM.437] [Info] [WeixinClawBotClient] pollLoop getUpdates returned {"iteration":22396,"elapsedMs":18181,"hasBuf":true,"msgs":0}
[9/19/2026, 6:10:44 PM.439] [Info] [WeixinClawBotClient] pollLoop iteration begin {"iteration":22397,"cursorLen":96}
[9/19/2026, 6:26:17 PM.518] [Info] [CentrifugoClient] Re-subscribing to copilot_workbuddy:fdee3d54-95b6-4e9c-aaff-50ad9505aab4_25e526bc70aeedffd6ce569154fcfedd_e76b49539422036c: transport closed (code: 1)
[9/19/2026, 6:26:17 PM.518] [Info] [CentrifugoClient] Reconnecting: no ping (code: 2)
[9/19/2026, 6:26:17 PM.518] [Info] [ClawService] Centrifugo status: connecting
[9/19/2026, 6:26:17 PM.518] [Info] [WorkbuddyEnterpriseModels] enterpriseId: undefined, endpoint: https://copilot.tencent.com
[9/19/2026, 6:26:17 PM.518] [Info] [AgentModelResolver] product config input: 42 models, 18 agents
[9/19/2026, 6:26:17 PM.518] [Info] [AgentModelResolver] model ids: default, deepseek-v4-pro, deepseek-v4-flash, deepseek-v3-2-volc, minimax-m2.5, minimax-m2.7, minimax-m3-play, glm-5.1, glm-5.0, glm-5.0-turbo, glm-5v-turbo, glm-4.7, glm-4.6, glm-4.6v, kimi-k2.6, kimi-k2.5, kimi-k2-thinking, hy3-preview-agent, hunyuan-chat, hunyuan-image-v3.0, auto, hy3-preview, hunyuan-2.0-thinking, deepseek-v3-1-volc, deepseek-v3-1-lkeap, deepseek-v3-1, deepseek-v3-0324-lkeap, deepseek-r1-0528-lkeap, kimi-k2-instruct-taiji, completion-gf, default-1.1, hunyuan-3b, hunyuan-7b-dense, codewise-completions, codewise-rewrite, codewise-nes-a4-027-aide, codewise-jump, deepseek-r1-0528, deepseek-v3-0324-taco-completion, deepseek-v3-0324, default-1.2, hunyuan-2.0-instruct
[9/19/2026, 6:26:17 PM.518] [Info] [AgentModelResolver] agent "cli" original_models=["auto","glm-5v-turbo","glm-5.1","glm-5.0-turbo","glm-5.0","glm-4.7","kimi-k2.5","minimax-m2.7","deepseek-v3-2-volc"] -> resolved_models=["auto","glm-5v-turbo","glm-5.1","glm-5.0-turbo","glm-5.0","glm-4.7","kimi-k2.5","minimax-m2.7","deepseek-v3-2-volc"]
[9/19/2026, 6:26:17 PM.518] [Info] [AgentModelResolver] agent "general-purpose" original_models=undefined -> resolved_models=[]
[9/19/2026, 6:26:17 PM.518] [Info] [AgentModelResolver] agent "compact" original_models=undefined -> resolved_models=[]
[9/19/2026, 6:26:17 PM.518] [Info] [AgentModelResolver] agent "contextSummary" original_models=undefined -> resolved_models=[]
[9/19/2026, 6:26:17 PM.518] [Info] [AgentModelResolver] agent "contentAnalyzer" original_models=undefined -> resolved_models=[]
[9/19/2026, 6:26:17 PM.518] [Info] [AgentModelResolver] agent "terminalTitleGenerator" original_models=undefined -> resolved_models=[]
[9/19/2026, 6:26:17 PM.518] [Info] [AgentModelResolver] agent "promptSuggestion" original_models=undefined -> resolved_models=[]
[9/19/2026, 6:26:17 PM.518] [Info] [AgentModelResolver] agent "memorySelector" original_models=["lite"] -> resolved_models=["lite"]
[9/19/2026, 6:26:17 PM.518] [Info] [AgentModelResolver] agent "summaryGenerator" original_models=undefined -> resolved_models=[]
[9/19/2026, 6:26:17 PM.518] [Info] [AgentModelResolver] agent "autoModeClassifier" original_models=undefined -> resolved_models=[]
[9/19/2026, 6:26:17 PM.518] [Info] [AgentModelResolver] agent "promptHookEvaluator" original_models=["lite"] -> resolved_models=["lite"]
[9/19/2026, 6:26:17 PM.518] [Info] [AgentModelResolver] agent "insightsAnalyzer" original_models=undefined -> resolved_models=[]
[9/19/2026, 6:26:17 PM.518] [Info] [AgentModelResolver] agent "agentInstructions" original_models=undefined -> resolved_models=[]
[9/19/2026, 6:26:17 PM.518] [Info] [AgentModelResolver] agent "statusline-setup" original_models=undefined -> resolved_models=[]
[9/19/2026, 6:26:17 PM.518] [Info] [AgentModelResolver] agent "Explore" original_models=["lite"] -> resolved_models=["lite"]
[9/19/2026, 6:26:17 PM.518] [Info] [AgentModelResolver] agent "Plan" original_models=undefined -> resolved_models=[]
[9/19/2026, 6:26:17 PM.518] [Info] [AgentModelResolver] agent "pulse" original_models=undefined -> resolved_models=[]
[9/19/2026, 6:26:17 PM.518] [Info] [AgentModelResolver] agent "enhance-prompt" original_models=undefined -> resolved_models=[]
[9/19/2026, 6:26:17 PM.522] [Info] [Merge] Step 1 (local + overlay): localModels=42, overlayModels=51, mergedModels=51
[9/19/2026, 6:26:17 PM.522] [Info] [Merge] Step 2 (+enterprise): enterpriseModels=0, totalModels=51
[9/19/2026, 6:26:17 PM.522] [Info] [Merge] Step 3 (+custom): customModels=0, totalModels=51
[9/19/2026, 6:26:17 PM.522] [Info] [Merge] Step 4 (availableModels filter): finalModels=51, cli.models=["auto","hy4-preview-f","hy3","hy3-x","deepseek-v4.1-flash","glm-5.3","glm-5.3-flash","glm-5.2","glm-5.1","glm-5v-turbo","minimax-m3","kimi-k3-1","kimi-k2.8-preview","kimi-k2.7","kimi-k2.6","deepseek-v4-pro"]
[9/19/2026, 6:26:17 PM.522] [Info] [WeixinClawBotClient] pollLoop getUpdates returned {"iteration":22397,"elapsedMs":933083,"ret":0,"hasBuf":true,"msgs":0}
[9/19/2026, 6:26:17 PM.523] [Info] [WorkbuddyEnterpriseModels] enterpriseId: undefined, endpoint: https://copilot.tencent.com
[9/19/2026, 6:26:17 PM.523] [Info] [AgentModelResolver] product config input: 42 models, 18 agents
[9/19/2026, 6:26:17 PM.523] [Info] [AgentModelResolver] model ids: default, deepseek-v4-pro, deepseek-v4-flash, deepseek-v3-2-volc, minimax-m2.5, minimax-m2.7, minimax-m3-play, glm-5.1, glm-5.0, glm-5.0-turbo, glm-5v-turbo, glm-4.7, glm-4.6, glm-4.6v, kimi-k2.6, kimi-k2.5, kimi-k2-thinking, hy3-preview-agent, hunyuan-chat, hunyuan-image-v3.0, auto, hy3-preview, hunyuan-2.0-thinking, deepseek-v3-1-volc, deepseek-v3-1-lkeap, deepseek-v3-1, deepseek-v3-0324-lkeap, deepseek-r1-0528-lkeap, kimi-k2-instruct-taiji, completion-gf, default-1.1, hunyuan-3b, hunyuan-7b-dense, codewise-completions, codewise-rewrite, codewise-nes-a4-027-aide, codewise-jump, deepseek-r1-0528, deepseek-v3-0324-taco-completion, deepseek-v3-0324, default-1.2, hunyuan-2.0-instruct
[9/19/2026, 6:26:17 PM.523] [Info] [AgentModelResolver] agent "cli" original_models=["auto","glm-5v-turbo","glm-5.1","glm-5.0-turbo","glm-5.0","glm-4.7","kimi-k2.5","minimax-m2.7","deepseek-v3-2-volc"] -> resolved_models=["auto","glm-5v-turbo","glm-5.1","glm-5.0-turbo","glm-5.0","glm-4.7","kimi-k2.5","minimax-m2.7","deepseek-v3-2-volc"]
[9/19/2026, 6:26:17 PM.523] [Info] [AgentModelResolver] agent "general-purpose" original_models=undefined -> resolved_models=[]
[9/19/2026, 6:26:17 PM.523] [Info] [AgentModelResolver] agent "compact" original_models=undefined -> resolved_models=[]
[9/19/2026, 6:26:17 PM.523] [Info] [AgentModelResolver] agent "contextSummary" original_models=undefined -> resolved_models=[]
[9/19/2026, 6:26:17 PM.523] [Info] [AgentModelResolver] agent "contentAnalyzer" original_models=undefined -> resolved_models=[]
[9/19/2026, 6:26:17 PM.523] [Info] [AgentModelResolver] agent "terminalTitleGenerator" original_models=undefined -> resolved_models=[]
[9/19/2026, 6:26:17 PM.523] [Info] [AgentModelResolver] agent "promptSuggestion" original_models=undefined -> resolved_models=[]
[9/19/2026, 6:26:17 PM.523] [Info] [AgentModelResolver] agent "memorySelector" original_models=["lite"] -> resolved_models=["lite"]
[9/19/2026, 6:26:17 PM.523] [Info] [AgentModelResolver] agent "summaryGenerator" original_models=undefined -> resolved_models=[]
[9/19/2026, 6:26:17 PM.523] [Info] [AgentModelResolver] agent "autoModeClassifier" original_models=undefined -> resolved_models=[]
[9/19/2026, 6:26:17 PM.523] [Info] [AgentModelResolver] agent "promptHookEvaluator" original_models=["lite"] -> resolved_models=["lite"]
[9/19/2026, 6:26:17 PM.523] [Info] [AgentModelResolver] agent "insightsAnalyzer" original_models=undefined -> resolved_models=[]
[9/19/2026, 6:26:17 PM.523] [Info] [AgentModelResolver] agent "agentInstructions" original_models=undefined -> resolved_models=[]
[9/19/2026, 6:26:17 PM.523] [Info] [AgentModelResolver] agent "statusline-setup" original_models=undefined -> resolved_models=[]
[9/19/2026, 6:26:17 PM.523] [Info] [AgentModelResolver] agent "Explore" original_models=["lite"] -> resolved_models=["lite"]
[9/19/2026, 6:26:17 PM.523] [Info] [AgentModelResolver] agent "Plan" original_models=undefined -> resolved_models=[]
[9/19/2026, 6:26:17 PM.523] [Info] [AgentModelResolver] agent "pulse" original_models=undefined -> resolved_models=[]
[9/19/2026, 6:26:17 PM.523] [Info] [AgentModelResolver] agent "enhance-prompt" original_models=undefined -> resolved_models=[]
[9/19/2026, 6:26:17 PM.525] [Info] [Merge] Step 1 (local + overlay): localModels=42, overlayModels=51, mergedModels=51
[9/19/2026, 6:26:17 PM.525] [Info] [Merge] Step 2 (+enterprise): enterpriseModels=0, totalModels=51
[9/19/2026, 6:26:17 PM.525] [Info] [Merge] Step 3 (+custom): customModels=0, totalModels=51
[9/19/2026, 6:26:17 PM.525] [Info] [Merge] Step 4 (availableModels filter): finalModels=51, cli.models=["auto","hy4-preview-f","hy3","hy3-x","deepseek-v4.1-flash","glm-5.3","glm-5.3-flash","glm-5.2","glm-5.1","glm-5v-turbo","minimax-m3","kimi-k3-1","kimi-k2.8-preview","kimi-k2.7","kimi-k2.6","deepseek-v4-pro"]
[9/19/2026, 6:26:17 PM.591] [Info] [WeixinClawBotClient] pollLoop iteration begin {"iteration":22398,"cursorLen":96}
[9/19/2026, 6:26:18 PM.712] [Info] [CentrifugoClient] Connected successfully
[9/19/2026, 6:26:18 PM.712] [Info] [ClawService] Centrifugo status: connected
[9/19/2026, 6:26:18 PM.721] [Info] [CentrifugoClient] Subscribed to channel: copilot_workbuddy:fdee3d54-95b6-4e9c-aaff-50ad9505aab4_25e526bc70aeedffd6ce569154fcfedd_e76b49539422036c
[9/19/2026, 6:26:36 PM.319] [Info] [WeixinClawBotClient] pollLoop getUpdates returned {"iteration":22398,"elapsedMs":18728,"hasBuf":true,"msgs":0}
[9/19/2026, 6:26:36 PM.331] [Info] [WeixinClawBotClient] pollLoop iteration begin {"iteration":22399,"cursorLen":96}
[9/19/2026, 6:26:54 PM.488] [Info] [WeixinClawBotClient] pollLoop getUpdates returned {"iteration":22399,"elapsedMs":18168,"hasBuf":true,"msgs":0}
[9/19/2026, 6:26:54 PM.491] [Info] [WeixinClawBotClient] pollLoop iteration begin {"iteration":22400,"cursorLen":96}
[9/19/2026, 6:27:12 PM.600] [Info] [WeixinClawBotClient] pollLoop getUpdates returned {"iteration":22400,"elapsedMs":18110,"hasBuf":true,"msgs":0}
[9/19/2026, 6:27:12 PM.603] [Info] [WeixinClawBotClient] pollLoop iteration begin {"iteration":22401,"cursorLen":96}
[9/19/2026, 6:38:48 PM.608] [Info] [CentrifugoClient] Re-subscribing to copilot_workbuddy:fdee3d54-95b6-4e9c-aaff-50ad9505aab4_25e526bc70aeedffd6ce569154fcfedd_e76b49539422036c: transport closed (code: 1)
[9/19/2026, 6:38:48 PM.608] [Info] [CentrifugoClient] Reconnecting: no ping (code: 2)
[9/19/2026, 6:38:48 PM.608] [Info] [ClawService] Centrifugo status: connecting
[9/19/2026, 6:38:48 PM.608] [Info] [WorkbuddyEnterpriseModels] enterpriseId: undefined, endpoint: https://copilot.tencent.com
[9/19/2026, 6:38:48 PM.609] [Info] [AgentModelResolver] product config input: 42 models, 18 agents
[9/19/2026, 6:38:48 PM.609] [Info] [AgentModelResolver] model ids: default, deepseek-v4-pro, deepseek-v4-flash, deepseek-v3-2-volc, minimax-m2.5, minimax-m2.7, minimax-m3-play, glm-5.1, glm-5.0, glm-5.0-turbo, glm-5v-turbo, glm-4.7, glm-4.6, glm-4.6v, kimi-k2.6, kimi-k2.5, kimi-k2-thinking, hy3-preview-agent, hunyuan-chat, hunyuan-image-v3.0, auto, hy3-preview, hunyuan-2.0-thinking, deepseek-v3-1-volc, deepseek-v3-1-lkeap, deepseek-v3-1, deepseek-v3-0324-lkeap, deepseek-r1-0528-lkeap, kimi-k2-instruct-taiji, completion-gf, default-1.1, hunyuan-3b, hunyuan-7b-dense, codewise-completions, codewise-rewrite, codewise-nes-a4-027-aide, codewise-jump, deepseek-r1-0528, deepseek-v3-0324-taco-completion, deepseek-v3-0324, default-1.2, hunyuan-2.0-instruct
[9/19/2026, 6:38:48 PM.609] [Info] [AgentModelResolver] agent "cli" original_models=["auto","glm-5v-turbo","glm-5.1","glm-5.0-turbo","glm-5.0","glm-4.7","kimi-k2.5","minimax-m2.7","deepseek-v3-2-volc"] -> resolved_models=["auto","glm-5v-turbo","glm-5.1","glm-5.0-turbo","glm-5.0","glm-4.7","kimi-k2.5","minimax-m2.7","deepseek-v3-2-volc"]
[9/19/2026, 6:38:48 PM.609] [Info] [AgentModelResolver] agent "general-purpose" original_models=undefined -> resolved_models=[]
[9/19/2026, 6:38:48 PM.609] [Info] [AgentModelResolver] agent "compact" original_models=undefined -> resolved_models=[]
[9/19/2026, 6:38:48 PM.609] [Info] [AgentModelResolver] agent "contextSummary" original_models=undefined -> resolved_models=[]
[9/19/2026, 6:38:48 PM.609] [Info] [AgentModelResolver] agent "contentAnalyzer" original_models=undefined -> resolved_models=[]
[9/19/2026, 6:38:48 PM.609] [Info] [AgentModelResolver] agent "terminalTitleGenerator" original_models=undefined -> resolved_models=[]
[9/19/2026, 6:38:48 PM.609] [Info] [AgentModelResolver] agent "promptSuggestion" original_models=undefined -> resolved_models=[]
[9/19/2026, 6:38:48 PM.609] [Info] [AgentModelResolver] agent "memorySelector" original_models=["lite"] -> resolved_models=["lite"]
[9/19/2026, 6:38:48 PM.609] [Info] [AgentModelResolver] agent "summaryGenerator" original_models=undefined -> resolved_models=[]
[9/19/2026, 6:38:48 PM.609] [Info] [AgentModelResolver] agent "autoModeClassifier" original_models=undefined -> resolved_models=[]
[9/19/2026, 6:38:48 PM.609] [Info] [AgentModelResolver] agent "promptHookEvaluator" original_models=["lite"] -> resolved_models=["lite"]
[9/19/2026, 6:38:48 PM.609] [Info] [AgentModelResolver] agent "insightsAnalyzer" original_models=undefined -> resolved_models=[]
[9/19/2026, 6:38:48 PM.609] [Info] [AgentModelResolver] agent "agentInstructions" original_models=undefined -> resolved_models=[]
[9/19/2026, 6:38:48 PM.609] [Info] [AgentModelResolver] agent "statusline-setup" original_models=undefined -> resolved_models=[]
[9/19/2026, 6:38:48 PM.609] [Info] [AgentModelResolver] agent "Explore" original_models=["lite"] -> resolved_models=["lite"]
[9/19/2026, 6:38:48 PM.609] [Info] [AgentModelResolver] agent "Plan" original_models=undefined -> resolved_models=[]
[9/19/2026, 6:38:48 PM.609] [Info] [AgentModelResolver] agent "pulse" original_models=undefined -> resolved_models=[]
[9/19/2026, 6:38:48 PM.609] [Info] [AgentModelResolver] agent "enhance-prompt" original_models=undefined -> resolved_models=[]
[9/19/2026, 6:38:48 PM.735] [Info] [Merge] Step 1 (local + overlay): localModels=42, overlayModels=51, mergedModels=51
[9/19/2026, 6:38:48 PM.735] [Info] [Merge] Step 2 (+enterprise): enterpriseModels=0, totalModels=51
[9/19/2026, 6:38:48 PM.735] [Info] [Merge] Step 3 (+custom): customModels=0, totalModels=51
[9/19/2026, 6:38:48 PM.735] [Info] [Merge] Step 4 (availableModels filter): finalModels=51, cli.models=["auto","hy4-preview-f","hy3","hy3-x","deepseek-v4.1-flash","glm-5.3","glm-5.3-flash","glm-5.2","glm-5.1","glm-5v-turbo","minimax-m3","kimi-k3-1","kimi-k2.8-preview","kimi-k2.7","kimi-k2.6","deepseek-v4-pro"]
[9/19/2026, 6:38:48 PM.746] [Info] [WeixinClawBotClient] pollLoop getUpdates returned {"iteration":22401,"elapsedMs":696144,"ret":0,"hasBuf":true,"msgs":0}
[9/19/2026, 6:38:48 PM.746] [Info] [WorkbuddyEnterpriseModels] enterpriseId: undefined, endpoint: https://copilot.tencent.com
[9/19/2026, 6:38:48 PM.747] [Info] [AgentModelResolver] product config input: 42 models, 18 agents
[9/19/2026, 6:38:48 PM.747] [Info] [AgentModelResolver] model ids: default, deepseek-v4-pro, deepseek-v4-flash, deepseek-v3-2-volc, minimax-m2.5, minimax-m2.7, minimax-m3-play, glm-5.1, glm-5.0, glm-5.0-turbo, glm-5v-turbo, glm-4.7, glm-4.6, glm-4.6v, kimi-k2.6, kimi-k2.5, kimi-k2-thinking, hy3-preview-agent, hunyuan-chat, hunyuan-image-v3.0, auto, hy3-preview, hunyuan-2.0-thinking, deepseek-v3-1-volc, deepseek-v3-1-lkeap, deepseek-v3-1, deepseek-v3-0324-lkeap, deepseek-r1-0528-lkeap, kimi-k2-instruct-taiji, completion-gf, default-1.1, hunyuan-3b, hunyuan-7b-dense, codewise-completions, codewise-rewrite, codewise-nes-a4-027-aide, codewise-jump, deepseek-r1-0528, deepseek-v3-0324-taco-completion, deepseek-v3-0324, default-1.2, hunyuan-2.0-instruct
[9/19/2026, 6:38:48 PM.747] [Info] [AgentModelResolver] agent "cli" original_models=["auto","glm-5v-turbo","glm-5.1","glm-5.0-turbo","glm-5.0","glm-4.7","kimi-k2.5","minimax-m2.7","deepseek-v3-2-volc"] -> resolved_models=["auto","glm-5v-turbo","glm-5.1","glm-5.0-turbo","glm-5.0","glm-4.7","kimi-k2.5","minimax-m2.7","deepseek-v3-2-volc"]
[9/19/2026, 6:38:48 PM.747] [Info] [AgentModelResolver] agent "general-purpose" original_models=undefined -> resolved_models=[]
[9/19/2026, 6:38:48 PM.747] [Info] [AgentModelResolver] agent "compact" original_models=undefined -> resolved_models=[]
[9/19/2026, 6:38:48 PM.747] [Info] [AgentModelResolver] agent "contextSummary" original_models=undefined -> resolved_models=[]
[9/19/2026, 6:38:48 PM.747] [Info] [AgentModelResolver] agent "contentAnalyzer" original_models=undefined -> resolved_models=[]
[9/19/2026, 6:38:48 PM.747] [Info] [AgentModelResolver] agent "terminalTitleGenerator" original_models=undefined -> resolved_models=[]
[9/19/2026, 6:38:48 PM.747] [Info] [AgentModelResolver] agent "promptSuggestion" original_models=undefined -> resolved_models=[]
[9/19/2026, 6:38:48 PM.747] [Info] [AgentModelResolver] agent "memorySelector" original_models=["lite"] -> resolved_models=["lite"]
[9/19/2026, 6:38:48 PM.747] [Info] [AgentModelResolver] agent "summaryGenerator" original_models=undefined -> resolved_models=[]
[9/19/2026, 6:38:48 PM.747] [Info] [AgentModelResolver] agent "autoModeClassifier" original_models=undefined -> resolved_models=[]
[9/19/2026, 6:38:48 PM.747] [Info] [AgentModelResolver] agent "promptHookEvaluator" original_models=["lite"] -> resolved_models=["lite"]
[9/19/2026, 6:38:48 PM.747] [Info] [AgentModelResolver] agent "insightsAnalyzer" original_models=undefined -> resolved_models=[]
[9/19/2026, 6:38:48 PM.747] [Info] [AgentModelResolver] agent "agentInstructions" original_models=undefined -> resolved_models=[]
[9/19/2026, 6:38:48 PM.747] [Info] [AgentModelResolver] agent "statusline-setup" original_models=undefined -> resolved_models=[]
[9/19/2026, 6:38:48 PM.747] [Info] [AgentModelResolver] agent "Explore" original_models=["lite"] -> resolved_models=["lite"]
[9/19/2026, 6:38:48 PM.747] [Info] [AgentModelResolver] agent "Plan" original_models=undefined -> resolved_models=[]
[9/19/2026, 6:38:48 PM.747] [Info] [AgentModelResolver] agent "pulse" original_models=undefined -> resolved_models=[]
[9/19/2026, 6:38:48 PM.747] [Info] [AgentModelResolver] agent "enhance-prompt" original_models=undefined -> resolved_models=[]
[9/19/2026, 6:38:48 PM.750] [Info] [Merge] Step 1 (local + overlay): localModels=42, overlayModels=51, mergedModels=51
[9/19/2026, 6:38:48 PM.750] [Info] [Merge] Step 2 (+enterprise): enterpriseModels=0, totalModels=51
[9/19/2026, 6:38:48 PM.750] [Info] [Merge] Step 3 (+custom): customModels=0, totalModels=51
[9/19/2026, 6:38:48 PM.750] [Info] [Merge] Step 4 (availableModels filter): finalModels=51, cli.models=["auto","hy4-preview-f","hy3","hy3-x","deepseek-v4.1-flash","glm-5.3","glm-5.3-flash","glm-5.2","glm-5.1","glm-5v-turbo","minimax-m3","kimi-k3-1","kimi-k2.8-preview","kimi-k2.7","kimi-k2.6","deepseek-v4-pro"]
[9/19/2026, 6:38:48 PM.787] [Info] [WeixinClawBotClient] pollLoop iteration begin {"iteration":22402,"cursorLen":96}
[9/19/2026, 6:38:49 PM.711] [Info] [CentrifugoClient] Connected successfully
[9/19/2026, 6:38:49 PM.711] [Info] [ClawService] Centrifugo status: connected
[9/19/2026, 6:38:49 PM.718] [Info] [CentrifugoClient] Subscribed to channel: copilot_workbuddy:fdee3d54-95b6-4e9c-aaff-50ad9505aab4_25e526bc70aeedffd6ce569154fcfedd_e76b49539422036c
[9/19/2026, 6:39:07 PM.524] [Info] [WeixinClawBotClient] pollLoop getUpdates returned {"iteration":22402,"elapsedMs":18737,"hasBuf":true,"msgs":0}
[9/19/2026, 6:39:07 PM.537] [Info] [WeixinClawBotClient] pollLoop iteration begin {"iteration":22403,"cursorLen":96}
[9/19/2026, 6:39:25 PM.690] [Info] [WeixinClawBotClient] pollLoop getUpdates returned {"iteration":22403,"elapsedMs":18164,"hasBuf":true,"msgs":0}
[9/19/2026, 6:39:25 PM.691] [Info] [WeixinClawBotClient] pollLoop iteration begin {"iteration":22404,"cursorLen":96}
[9/19/2026, 6:54:52 PM.754] [Info] [CentrifugoClient] Re-subscribing to copilot_workbuddy:fdee3d54-95b6-4e9c-aaff-50ad9505aab4_25e526bc70aeedffd6ce569154fcfedd_e76b49539422036c: transport closed (code: 1)
[9/19/2026, 6:54:52 PM.754] [Info] [CentrifugoClient] Reconnecting: no ping (code: 2)
[9/19/2026, 6:54:52 PM.754] [Info] [ClawService] Centrifugo status: connecting
[9/19/2026, 6:54:52 PM.754] [Info] [WorkbuddyEnterpriseModels] enterpriseId: undefined, endpoint: https://copilot.tencent.com
[9/19/2026, 6:54:52 PM.755] [Info] [AgentModelResolver] product config input: 42 models, 18 agents
[9/19/2026, 6:54:52 PM.755] [Info] [AgentModelResolver] model ids: default, deepseek-v4-pro, deepseek-v4-flash, deepseek-v3-2-volc, minimax-m2.5, minimax-m2.7, minimax-m3-play, glm-5.1, glm-5.0, glm-5.0-turbo, glm-5v-turbo, glm-4.7, glm-4.6, glm-4.6v, kimi-k2.6, kimi-k2.5, kimi-k2-thinking, hy3-preview-agent, hunyuan-chat, hunyuan-image-v3.0, auto, hy3-preview, hunyuan-2.0-thinking, deepseek-v3-1-volc, deepseek-v3-1-lkeap, deepseek-v3-1, deepseek-v3-0324-lkeap, deepseek-r1-0528-lkeap, kimi-k2-instruct-taiji, completion-gf, default-1.1, hunyuan-3b, hunyuan-7b-dense, codewise-completions, codewise-rewrite, codewise-nes-a4-027-aide, codewise-jump, deepseek-r1-0528, deepseek-v3-0324-taco-completion, deepseek-v3-0324, default-1.2, hunyuan-2.0-instruct
[9/19/2026, 6:54:52 PM.755] [Info] [AgentModelResolver] agent "cli" original_models=["auto","glm-5v-turbo","glm-5.1","glm-5.0-turbo","glm-5.0","glm-4.7","kimi-k2.5","minimax-m2.7","deepseek-v3-2-volc"] -> resolved_models=["auto","glm-5v-turbo","glm-5.1","glm-5.0-turbo","glm-5.0","glm-4.7","kimi-k2.5","minimax-m2.7","deepseek-v3-2-volc"]
[9/19/2026, 6:54:52 PM.755] [Info] [AgentModelResolver] agent "general-purpose" original_models=undefined -> resolved_models=[]
[9/19/2026, 6:54:52 PM.755] [Info] [AgentModelResolver] agent "compact" original_models=undefined -> resolved_models=[]
[9/19/2026, 6:54:52 PM.755] [Info] [AgentModelResolver] agent "contextSummary" original_models=undefined -> resolved_models=[]
[9/19/2026, 6:54:52 PM.755] [Info] [AgentModelResolver] agent "contentAnalyzer" original_models=undefined -> resolved_models=[]
[9/19/2026, 6:54:52 PM.755] [Info] [AgentModelResolver] agent "terminalTitleGenerator" original_models=undefined -> resolved_models=[]
[9/19/2026, 6:54:52 PM.755] [Info] [AgentModelResolver] agent "promptSuggestion" original_models=undefined -> resolved_models=[]
[9/19/2026, 6:54:52 PM.755] [Info] [AgentModelResolver] agent "memorySelector" original_models=["lite"] -> resolved_models=["lite"]
[9/19/2026, 6:54:52 PM.755] [Info] [AgentModelResolver] agent "summaryGenerator" original_models=undefined -> resolved_models=[]
[9/19/2026, 6:54:52 PM.755] [Info] [AgentModelResolver] agent "autoModeClassifier" original_models=undefined -> resolved_models=[]
[9/19/2026, 6:54:52 PM.755] [Info] [AgentModelResolver] agent "promptHookEvaluator" original_models=["lite"] -> resolved_models=["lite"]
[9/19/2026, 6:54:52 PM.755] [Info] [AgentModelResolver] agent "insightsAnalyzer" original_models=undefined -> resolved_models=[]
[9/19/2026, 6:54:52 PM.755] [Info] [AgentModelResolver] agent "agentInstructions" original_models=undefined -> resolved_models=[]
[9/19/2026, 6:54:52 PM.755] [Info] [AgentModelResolver] agent "statusline-setup" original_models=undefined -> resolved_models=[]
[9/19/2026, 6:54:52 PM.755] [Info] [AgentModelResolver] agent "Explore" original_models=["lite"] -> resolved_models=["lite"]
[9/19/2026, 6:54:52 PM.755] [Info] [AgentModelResolver] agent "Plan" original_models=undefined -> resolved_models=[]
[9/19/2026, 6:54:52 PM.755] [Info] [AgentModelResolver] agent "pulse" original_models=undefined -> resolved_models=[]
[9/19/2026, 6:54:52 PM.755] [Info] [AgentModelResolver] agent "enhance-prompt" original_models=undefined -> resolved_models=[]
[9/19/2026, 6:54:52 PM.757] [Info] [Merge] Step 1 (local + overlay): localModels=42, overlayModels=51, mergedModels=51
[9/19/2026, 6:54:52 PM.757] [Info] [Merge] Step 2 (+enterprise): enterpriseModels=0, totalModels=51
[9/19/2026, 6:54:52 PM.757] [Info] [Merge] Step 3 (+custom): customModels=0, totalModels=51
[9/19/2026, 6:54:52 PM.757] [Info] [Merge] Step 4 (availableModels filter): finalModels=51, cli.models=["auto","hy4-preview-f","hy3","hy3-x","deepseek-v4.1-flash","glm-5.3","glm-5.3-flash","glm-5.2","glm-5.1","glm-5v-turbo","minimax-m3","kimi-k3-1","kimi-k2.8-preview","kimi-k2.7","kimi-k2.6","deepseek-v4-pro"]
[9/19/2026, 6:54:52 PM.758] [Info] [WeixinClawBotClient] pollLoop getUpdates returned {"iteration":22404,"elapsedMs":927067,"ret":0,"hasBuf":true,"msgs":0}
[9/19/2026, 6:54:52 PM.758] [Info] [WorkbuddyEnterpriseModels] enterpriseId: undefined, endpoint: https://copilot.tencent.com
[9/19/2026, 6:54:52 PM.758] [Info] [AgentModelResolver] product config input: 42 models, 18 agents
[9/19/2026, 6:54:52 PM.758] [Info] [AgentModelResolver] model ids: default, deepseek-v4-pro, deepseek-v4-flash, deepseek-v3-2-volc, minimax-m2.5, minimax-m2.7, minimax-m3-play, glm-5.1, glm-5.0, glm-5.0-turbo, glm-5v-turbo, glm-4.7, glm-4.6, glm-4.6v, kimi-k2.6, kimi-k2.5, kimi-k2-thinking, hy3-preview-agent, hunyuan-chat, hunyuan-image-v3.0, auto, hy3-preview, hunyuan-2.0-thinking, deepseek-v3-1-volc, deepseek-v3-1-lkeap, deepseek-v3-1, deepseek-v3-0324-lkeap, deepseek-r1-0528-lkeap, kimi-k2-instruct-taiji, completion-gf, default-1.1, hunyuan-3b, hunyuan-7b-dense, codewise-completions, codewise-rewrite, codewise-nes-a4-027-aide, codewise-jump, deepseek-r1-0528, deepseek-v3-0324-taco-completion, deepseek-v3-0324, default-1.2, hunyuan-2.0-instruct
[9/19/2026, 6:54:52 PM.758] [Info] [AgentModelResolver] agent "cli" original_models=["auto","glm-5v-turbo","glm-5.1","glm-5.0-turbo","glm-5.0","glm-4.7","kimi-k2.5","minimax-m2.7","deepseek-v3-2-volc"] -> resolved_models=["auto","glm-5v-turbo","glm-5.1","glm-5.0-turbo","glm-5.0","glm-4.7","kimi-k2.5","minimax-m2.7","deepseek-v3-2-volc"]
[9/19/2026, 6:54:52 PM.758] [Info] [AgentModelResolver] agent "general-purpose" original_models=undefined -> resolved_models=[]
[9/19/2026, 6:54:52 PM.758] [Info] [AgentModelResolver] agent "compact" original_models=undefined -> resolved_models=[]
[9/19/2026, 6:54:52 PM.758] [Info] [AgentModelResolver] agent "contextSummary" original_models=undefined -> resolved_models=[]
[9/19/2026, 6:54:52 PM.758] [Info] [AgentModelResolver] agent "contentAnalyzer" original_models=undefined -> resolved_models=[]
[9/19/2026, 6:54:52 PM.758] [Info] [AgentModelResolver] agent "terminalTitleGenerator" original_models=undefined -> resolved_models=[]
[9/19/2026, 6:54:52 PM.758] [Info] [AgentModelResolver] agent "promptSuggestion" original_models=undefined -> resolved_models=[]
[9/19/2026, 6:54:52 PM.758] [Info] [AgentModelResolver] agent "memorySelector" original_models=["lite"] -> resolved_models=["lite"]
[9/19/2026, 6:54:52 PM.758] [Info] [AgentModelResolver] agent "summaryGenerator" original_models=undefined -> resolved_models=[]
[9/19/2026, 6:54:52 PM.758] [Info] [AgentModelResolver] agent "autoModeClassifier" original_models=undefined -> resolved_models=[]
[9/19/2026, 6:54:52 PM.758] [Info] [AgentModelResolver] agent "promptHookEvaluator" original_models=["lite"] -> resolved_models=["lite"]
[9/19/2026, 6:54:52 PM.758] [Info] [AgentModelResolver] agent "insightsAnalyzer" original_models=undefined -> resolved_models=[]
[9/19/2026, 6:54:52 PM.758] [Info] [AgentModelResolver] agent "agentInstructions" original_models=undefined -> resolved_models=[]
[9/19/2026, 6:54:52 PM.758] [Info] [AgentModelResolver] agent "statusline-setup" original_models=undefined -> resolved_models=[]
[9/19/2026, 6:54:52 PM.758] [Info] [AgentModelResolver] agent "Explore" original_models=["lite"] -> resolved_models=["lite"]
[9/19/2026, 6:54:52 PM.758] [Info] [AgentModelResolver] agent "Plan" original_models=undefined -> resolved_models=[]
[9/19/2026, 6:54:52 PM.758] [Info] [AgentModelResolver] agent "pulse" original_models=undefined -> resolved_models=[]
[9/19/2026, 6:54:52 PM.759] [Info] [AgentModelResolver] agent "enhance-prompt" original_models=undefined -> resolved_models=[]
[9/19/2026, 6:54:52 PM.761] [Info] [Merge] Step 1 (local + overlay): localModels=42, overlayModels=51, mergedModels=51
[9/19/2026, 6:54:52 PM.761] [Info] [Merge] Step 2 (+enterprise): enterpriseModels=0, totalModels=51
[9/19/2026, 6:54:52 PM.761] [Info] [Merge] Step 3 (+custom): customModels=0, totalModels=51
[9/19/2026, 6:54:52 PM.761] [Info] [Merge] Step 4 (availableModels filter): finalModels=51, cli.models=["auto","hy4-preview-f","hy3","hy3-x","deepseek-v4.1-flash","glm-5.3","glm-5.3-flash","glm-5.2","glm-5.1","glm-5v-turbo","minimax-m3","kimi-k3-1","kimi-k2.8-preview","kimi-k2.7","kimi-k2.6","deepseek-v4-pro"]
[9/19/2026, 6:54:52 PM.795] [Info] [WeixinClawBotClient] pollLoop iteration begin {"iteration":22405,"cursorLen":96}
[9/19/2026, 6:54:53 PM.634] [Info] [CentrifugoClient] Connected successfully
[9/19/2026, 6:54:53 PM.634] [Info] [ClawService] Centrifugo status: connected
[9/19/2026, 6:54:53 PM.641] [Info] [CentrifugoClient] Subscribed to channel: copilot_workbuddy:fdee3d54-95b6-4e9c-aaff-50ad9505aab4_25e526bc70aeedffd6ce569154fcfedd_e76b49539422036c
[9/19/2026, 6:55:11 PM.558] [Info] [WeixinClawBotClient] pollLoop getUpdates returned {"iteration":22405,"elapsedMs":18763,"hasBuf":true,"msgs":0}
[9/19/2026, 6:55:11 PM.570] [Info] [WeixinClawBotClient] pollLoop iteration begin {"iteration":22406,"cursorLen":96}
[9/19/2026, 6:55:29 PM.727] [Info] [WeixinClawBotClient] pollLoop getUpdates returned {"iteration":22406,"elapsedMs":18167,"hasBuf":true,"msgs":0}
[9/19/2026, 6:55:29 PM.730] [Info] [WeixinClawBotClient] pollLoop iteration begin {"iteration":22407,"cursorLen":96}
[9/19/2026, 7:11:01 PM.230] [Info] [CentrifugoClient] Re-subscribing to copilot_workbuddy:fdee3d54-95b6-4e9c-aaff-50ad9505aab4_25e526bc70aeedffd6ce569154fcfedd_e76b49539422036c: transport closed (code: 1)
[9/19/2026, 7:11:01 PM.230] [Info] [CentrifugoClient] Reconnecting: no ping (code: 2)
[9/19/2026, 7:11:01 PM.230] [Info] [ClawService] Centrifugo status: connecting
[9/19/2026, 7:11:01 PM.230] [Info] [WorkbuddyEnterpriseModels] enterpriseId: undefined, endpoint: https://copilot.tencent.com
[9/19/2026, 7:11:01 PM.230] [Info] [AgentModelResolver] product config input: 42 models, 18 agents
[9/19/2026, 7:11:01 PM.230] [Info] [AgentModelResolver] model ids: default, deepseek-v4-pro, deepseek-v4-flash, deepseek-v3-2-volc, minimax-m2.5, minimax-m2.7, minimax-m3-play, glm-5.1, glm-5.0, glm-5.0-turbo, glm-5v-turbo, glm-4.7, glm-4.6, glm-4.6v, kimi-k2.6, kimi-k2.5, kimi-k2-thinking, hy3-preview-agent, hunyuan-chat, hunyuan-image-v3.0, auto, hy3-preview, hunyuan-2.0-thinking, deepseek-v3-1-volc, deepseek-v3-1-lkeap, deepseek-v3-1, deepseek-v3-0324-lkeap, deepseek-r1-0528-lkeap, kimi-k2-instruct-taiji, completion-gf, default-1.1, hunyuan-3b, hunyuan-7b-dense, codewise-completions, codewise-rewrite, codewise-nes-a4-027-aide, codewise-jump, deepseek-r1-0528, deepseek-v3-0324-taco-completion, deepseek-v3-0324, default-1.2, hunyuan-2.0-instruct
[9/19/2026, 7:11:01 PM.230] [Info] [AgentModelResolver] agent "cli" original_models=["auto","glm-5v-turbo","glm-5.1","glm-5.0-turbo","glm-5.0","glm-4.7","kimi-k2.5","minimax-m2.7","deepseek-v3-2-volc"] -> resolved_models=["auto","glm-5v-turbo","glm-5.1","glm-5.0-turbo","glm-5.0","glm-4.7","kimi-k2.5","minimax-m2.7","deepseek-v3-2-volc"]
[9/19/2026, 7:11:01 PM.230] [Info] [AgentModelResolver] agent "general-purpose" original_models=undefined -> resolved_models=[]
[9/19/2026, 7:11:01 PM.230] [Info] [AgentModelResolver] agent "compact" original_models=undefined -> resolved_models=[]
[9/19/2026, 7:11:01 PM.230] [Info] [AgentModelResolver] agent "contextSummary" original_models=undefined -> resolved_models=[]
[9/19/2026, 7:11:01 PM.230] [Info] [AgentModelResolver] agent "contentAnalyzer" original_models=undefined -> resolved_models=[]
[9/19/2026, 7:11:01 PM.230] [Info] [AgentModelResolver] agent "terminalTitleGenerator" original_models=undefined -> resolved_models=[]
[9/19/2026, 7:11:01 PM.230] [Info] [AgentModelResolver] agent "promptSuggestion" original_models=undefined -> resolved_models=[]
[9/19/2026, 7:11:01 PM.230] [Info] [AgentModelResolver] agent "memorySelector" original_models=["lite"] -> resolved_models=["lite"]
[9/19/2026, 7:11:01 PM.230] [Info] [AgentModelResolver] agent "summaryGenerator" original_models=undefined -> resolved_models=[]
[9/19/2026, 7:11:01 PM.230] [Info] [AgentModelResolver] agent "autoModeClassifier" original_models=undefined -> resolved_models=[]
[9/19/2026, 7:11:01 PM.230] [Info] [AgentModelResolver] agent "promptHookEvaluator" original_models=["lite"] -> resolved_models=["lite"]
[9/19/2026, 7:11:01 PM.230] [Info] [AgentModelResolver] agent "insightsAnalyzer" original_models=undefined -> resolved_models=[]
[9/19/2026, 7:11:01 PM.230] [Info] [AgentModelResolver] agent "agentInstructions" original_models=undefined -> resolved_models=[]
[9/19/2026, 7:11:01 PM.230] [Info] [AgentModelResolver] agent "statusline-setup" original_models=undefined -> resolved_models=[]
[9/19/2026, 7:11:01 PM.230] [Info] [AgentModelResolver] agent "Explore" original_models=["lite"] -> resolved_models=["lite"]
[9/19/2026, 7:11:01 PM.230] [Info] [AgentModelResolver] agent "Plan" original_models=undefined -> resolved_models=[]
[9/19/2026, 7:11:01 PM.230] [Info] [AgentModelResolver] agent "pulse" original_models=undefined -> resolved_models=[]
[9/19/2026, 7:11:01 PM.230] [Info] [AgentModelResolver] agent "enhance-prompt" original_models=undefined -> resolved_models=[]
[9/19/2026, 7:11:01 PM.235] [Info] [Merge] Step 1 (local + overlay): localModels=42, overlayModels=51, mergedModels=51
[9/19/2026, 7:11:01 PM.235] [Info] [Merge] Step 2 (+enterprise): enterpriseModels=0, totalModels=51
[9/19/2026, 7:11:01 PM.235] [Info] [Merge] Step 3 (+custom): customModels=0, totalModels=51
[9/19/2026, 7:11:01 PM.235] [Info] [Merge] Step 4 (availableModels filter): finalModels=51, cli.models=["auto","hy4-preview-f","hy3","hy3-x","deepseek-v4.1-flash","glm-5.3","glm-5.3-flash","glm-5.2","glm-5.1","glm-5v-turbo","minimax-m3","kimi-k3-1","kimi-k2.8-preview","kimi-k2.7","kimi-k2.6","deepseek-v4-pro"]
[9/19/2026, 7:11:01 PM.236] [Info] [WeixinClawBotClient] pollLoop getUpdates returned {"iteration":22407,"elapsedMs":931506,"ret":0,"hasBuf":true,"msgs":0}
[9/19/2026, 7:11:01 PM.236] [Info] [WorkbuddyEnterpriseModels] enterpriseId: undefined, endpoint: https://copilot.tencent.com
[9/19/2026, 7:11:01 PM.236] [Info] [AgentModelResolver] product config input: 42 models, 18 agents
[9/19/2026, 7:11:01 PM.236] [Info] [AgentModelResolver] model ids: default, deepseek-v4-pro, deepseek-v4-flash, deepseek-v3-2-volc, minimax-m2.5, minimax-m2.7, minimax-m3-play, glm-5.1, glm-5.0, glm-5.0-turbo, glm-5v-turbo, glm-4.7, glm-4.6, glm-4.6v, kimi-k2.6, kimi-k2.5, kimi-k2-thinking, hy3-preview-agent, hunyuan-chat, hunyuan-image-v3.0, auto, hy3-preview, hunyuan-2.0-thinking, deepseek-v3-1-volc, deepseek-v3-1-lkeap, deepseek-v3-1, deepseek-v3-0324-lkeap, deepseek-r1-0528-lkeap, kimi-k2-instruct-taiji, completion-gf, default-1.1, hunyuan-3b, hunyuan-7b-dense, codewise-completions, codewise-rewrite, codewise-nes-a4-027-aide, codewise-jump, deepseek-r1-0528, deepseek-v3-0324-taco-completion, deepseek-v3-0324, default-1.2, hunyuan-2.0-instruct
[9/19/2026, 7:11:01 PM.236] [Info] [AgentModelResolver] agent "cli" original_models=["auto","glm-5v-turbo","glm-5.1","glm-5.0-turbo","glm-5.0","glm-4.7","kimi-k2.5","minimax-m2.7","deepseek-v3-2-volc"] -> resolved_models=["auto","glm-5v-turbo","glm-5.1","glm-5.0-turbo","glm-5.0","glm-4.7","kimi-k2.5","minimax-m2.7","deepseek-v3-2-volc"]
[9/19/2026, 7:11:01 PM.236] [Info] [AgentModelResolver] agent "general-purpose" original_models=undefined -> resolved_models=[]
[9/19/2026, 7:11:01 PM.236] [Info] [AgentModelResolver] agent "compact" original_models=undefined -> resolved_models=[]
[9/19/2026, 7:11:01 PM.236] [Info] [AgentModelResolver] agent "contextSummary" original_models=undefined -> resolved_models=[]
[9/19/2026, 7:11:01 PM.236] [Info] [AgentModelResolver] agent "contentAnalyzer" original_models=undefined -> resolved_models=[]
[9/19/2026, 7:11:01 PM.236] [Info] [AgentModelResolver] agent "terminalTitleGenerator" original_models=undefined -> resolved_models=[]
[9/19/2026, 7:11:01 PM.236] [Info] [AgentModelResolver] agent "promptSuggestion" original_models=undefined -> resolved_models=[]
[9/19/2026, 7:11:01 PM.236] [Info] [AgentModelResolver] agent "memorySelector" original_models=["lite"] -> resolved_models=["lite"]
[9/19/2026, 7:11:01 PM.236] [Info] [AgentModelResolver] agent "summaryGenerator" original_models=undefined -> resolved_models=[]
[9/19/2026, 7:11:01 PM.236] [Info] [AgentModelResolver] agent "autoModeClassifier" original_models=undefined -> resolved_models=[]
[9/19/2026, 7:11:01 PM.236] [Info] [AgentModelResolver] agent "promptHookEvaluator" original_models=["lite"] -> resolved_models=["lite"]
[9/19/2026, 7:11:01 PM.236] [Info] [AgentModelResolver] agent "insightsAnalyzer" original_models=undefined -> resolved_models=[]
[9/19/2026, 7:11:01 PM.236] [Info] [AgentModelResolver] agent "agentInstructions" original_models=undefined -> resolved_models=[]
[9/19/2026, 7:11:01 PM.236] [Info] [AgentModelResolver] agent "statusline-setup" original_models=undefined -> resolved_models=[]
[9/19/2026, 7:11:01 PM.236] [Info] [AgentModelResolver] agent "Explore" original_models=["lite"] -> resolved_models=["lite"]
[9/19/2026, 7:11:01 PM.236] [Info] [AgentModelResolver] agent "Plan" original_models=undefined -> resolved_models=[]
[9/19/2026, 7:11:01 PM.236] [Info] [AgentModelResolver] agent "pulse" original_models=undefined -> resolved_models=[]
[9/19/2026, 7:11:01 PM.236] [Info] [AgentModelResolver] agent "enhance-prompt" original_models=undefined -> resolved_models=[]
[9/19/2026, 7:11:01 PM.239] [Info] [Merge] Step 1 (local + overlay): localModels=42, overlayModels=51, mergedModels=51
[9/19/2026, 7:11:01 PM.239] [Info] [Merge] Step 2 (+enterprise): enterpriseModels=0, totalModels=51
[9/19/2026, 7:11:01 PM.239] [Info] [Merge] Step 3 (+custom): customModels=0, totalModels=51
[9/19/2026, 7:11:01 PM.239] [Info] [Merge] Step 4 (availableModels filter): finalModels=51, cli.models=["auto","hy4-preview-f","hy3","hy3-x","deepseek-v4.1-flash","glm-5.3","glm-5.3-flash","glm-5.2","glm-5.1","glm-5v-turbo","minimax-m3","kimi-k3-1","kimi-k2.8-preview","kimi-k2.7","kimi-k2.6","deepseek-v4-pro"]
[9/19/2026, 7:11:01 PM.308] [Info] [WeixinClawBotClient] pollLoop iteration begin {"iteration":22408,"cursorLen":96}
[9/19/2026, 7:11:02 PM.367] [Info] [CentrifugoClient] Connected successfully
[9/19/2026, 7:11:02 PM.367] [Info] [ClawService] Centrifugo status: connected
[9/19/2026, 7:11:02 PM.375] [Info] [CentrifugoClient] Subscribed to channel: copilot_workbuddy:fdee3d54-95b6-4e9c-aaff-50ad9505aab4_25e526bc70aeedffd6ce569154fcfedd_e76b49539422036c
[9/19/2026, 7:11:20 PM.104] [Info] [WeixinClawBotClient] pollLoop getUpdates returned {"iteration":22408,"elapsedMs":18794,"hasBuf":true,"msgs":0}
[9/19/2026, 7:11:20 PM.121] [Info] [WeixinClawBotClient] pollLoop iteration begin {"iteration":22409,"cursorLen":96}
[9/19/2026, 7:11:38 PM.286] [Info] [WeixinClawBotClient] pollLoop getUpdates returned {"iteration":22409,"elapsedMs":18179,"hasBuf":true,"msgs":0}
[9/19/2026, 7:11:38 PM.288] [Info] [WeixinClawBotClient] pollLoop iteration begin {"iteration":22410,"cursorLen":96}
[9/19/2026, 7:27:17 PM.706] [Info] [CentrifugoClient] Re-subscribing to copilot_workbuddy:fdee3d54-95b6-4e9c-aaff-50ad9505aab4_25e526bc70aeedffd6ce569154fcfedd_e76b49539422036c: transport closed (code: 1)
[9/19/2026, 7:27:17 PM.706] [Info] [CentrifugoClient] Reconnecting: no ping (code: 2)
[9/19/2026, 7:27:17 PM.706] [Info] [ClawService] Centrifugo status: connecting
[9/19/2026, 7:27:17 PM.706] [Info] [WorkbuddyEnterpriseModels] enterpriseId: undefined, endpoint: https://copilot.tencent.com
[9/19/2026, 7:27:17 PM.707] [Info] [AgentModelResolver] product config input: 42 models, 18 agents
[9/19/2026, 7:27:17 PM.707] [Info] [AgentModelResolver] model ids: default, deepseek-v4-pro, deepseek-v4-flash, deepseek-v3-2-volc, minimax-m2.5, minimax-m2.7, minimax-m3-play, glm-5.1, glm-5.0, glm-5.0-turbo, glm-5v-turbo, glm-4.7, glm-4.6, glm-4.6v, kimi-k2.6, kimi-k2.5, kimi-k2-thinking, hy3-preview-agent, hunyuan-chat, hunyuan-image-v3.0, auto, hy3-preview, hunyuan-2.0-thinking, deepseek-v3-1-volc, deepseek-v3-1-lkeap, deepseek-v3-1, deepseek-v3-0324-lkeap, deepseek-r1-0528-lkeap, kimi-k2-instruct-taiji, completion-gf, default-1.1, hunyuan-3b, hunyuan-7b-dense, codewise-completions, codewise-rewrite, codewise-nes-a4-027-aide, codewise-jump, deepseek-r1-0528, deepseek-v3-0324-taco-completion, deepseek-v3-0324, default-1.2, hunyuan-2.0-instruct
[9/19/2026, 7:27:17 PM.707] [Info] [AgentModelResolver] agent "cli" original_models=["auto","glm-5v-turbo","glm-5.1","glm-5.0-turbo","glm-5.0","glm-4.7","kimi-k2.5","minimax-m2.7","deepseek-v3-2-volc"] -> resolved_models=["auto","glm-5v-turbo","glm-5.1","glm-5.0-turbo","glm-5.0","glm-4.7","kimi-k2.5","minimax-m2.7","deepseek-v3-2-volc"]
[9/19/2026, 7:27:17 PM.707] [Info] [AgentModelResolver] agent "general-purpose" original_models=undefined -> resolved_models=[]
[9/19/2026, 7:27:17 PM.707] [Info] [AgentModelResolver] agent "compact" original_models=undefined -> resolved_models=[]
[9/19/2026, 7:27:17 PM.707] [Info] [AgentModelResolver] agent "contextSummary" original_models=undefined -> resolved_models=[]
[9/19/2026, 7:27:17 PM.707] [Info] [AgentModelResolver] agent "contentAnalyzer" original_models=undefined -> resolved_models=[]
[9/19/2026, 7:27:17 PM.707] [Info] [AgentModelResolver] agent "terminalTitleGenerator" original_models=undefined -> resolved_models=[]
[9/19/2026, 7:27:17 PM.707] [Info] [AgentModelResolver] agent "promptSuggestion" original_models=undefined -> resolved_models=[]
[9/19/2026, 7:27:17 PM.707] [Info] [AgentModelResolver] agent "memorySelector" original_models=["lite"] -> resolved_models=["lite"]
[9/19/2026, 7:27:17 PM.707] [Info] [AgentModelResolver] agent "summaryGenerator" original_models=undefined -> resolved_models=[]
[9/19/2026, 7:27:17 PM.707] [Info] [AgentModelResolver] agent "autoModeClassifier" original_models=undefined -> resolved_models=[]
[9/19/2026, 7:27:17 PM.707] [Info] [AgentModelResolver] agent "promptHookEvaluator" original_models=["lite"] -> resolved_models=["lite"]
[9/19/2026, 7:27:17 PM.707] [Info] [AgentModelResolver] agent "insightsAnalyzer" original_models=undefined -> resolved_models=[]
[9/19/2026, 7:27:17 PM.707] [Info] [AgentModelResolver] agent "agentInstructions" original_models=undefined -> resolved_models=[]
[9/19/2026, 7:27:17 PM.707] [Info] [AgentModelResolver] agent "statusline-setup" original_models=undefined -> resolved_models=[]
[9/19/2026, 7:27:17 PM.707] [Info] [AgentModelResolver] agent "Explore" original_models=["lite"] -> resolved_models=["lite"]
[9/19/2026, 7:27:17 PM.707] [Info] [AgentModelResolver] agent "Plan" original_models=undefined -> resolved_models=[]
[9/19/2026, 7:27:17 PM.707] [Info] [AgentModelResolver] agent "pulse" original_models=undefined -> resolved_models=[]
[9/19/2026, 7:27:17 PM.707] [Info] [AgentModelResolver] agent "enhance-prompt" original_models=undefined -> resolved_models=[]
[9/19/2026, 7:27:17 PM.710] [Info] [Merge] Step 1 (local + overlay): localModels=42, overlayModels=51, mergedModels=51
[9/19/2026, 7:27:17 PM.710] [Info] [Merge] Step 2 (+enterprise): enterpriseModels=0, totalModels=51
[9/19/2026, 7:27:17 PM.710] [Info] [Merge] Step 3 (+custom): customModels=0, totalModels=51
[9/19/2026, 7:27:17 PM.710] [Info] [Merge] Step 4 (availableModels filter): finalModels=51, cli.models=["auto","hy4-preview-f","hy3","hy3-x","deepseek-v4.1-flash","glm-5.3","glm-5.3-flash","glm-5.2","glm-5.1","glm-5v-turbo","minimax-m3","kimi-k3-1","kimi-k2.8-preview","kimi-k2.7","kimi-k2.6","deepseek-v4-pro"]
[9/19/2026, 7:27:17 PM.710] [Info] [WeixinClawBotClient] pollLoop getUpdates returned {"iteration":22410,"elapsedMs":939423,"ret":0,"hasBuf":true,"msgs":0}
[9/19/2026, 7:27:17 PM.711] [Info] [WorkbuddyEnterpriseModels] enterpriseId: undefined, endpoint: https://copilot.tencent.com
[9/19/2026, 7:27:17 PM.711] [Info] [AgentModelResolver] product config input: 42 models, 18 agents
[9/19/2026, 7:27:17 PM.711] [Info] [AgentModelResolver] model ids: default, deepseek-v4-pro, deepseek-v4-flash, deepseek-v3-2-volc, minimax-m2.5, minimax-m2.7, minimax-m3-play, glm-5.1, glm-5.0, glm-5.0-turbo, glm-5v-turbo, glm-4.7, glm-4.6, glm-4.6v, kimi-k2.6, kimi-k2.5, kimi-k2-thinking, hy3-preview-agent, hunyuan-chat, hunyuan-image-v3.0, auto, hy3-preview, hunyuan-2.0-thinking, deepseek-v3-1-volc, deepseek-v3-1-lkeap, deepseek-v3-1, deepseek-v3-0324-lkeap, deepseek-r1-0528-lkeap, kimi-k2-instruct-taiji, completion-gf, default-1.1, hunyuan-3b, hunyuan-7b-dense, codewise-completions, codewise-rewrite, codewise-nes-a4-027-aide, codewise-jump, deepseek-r1-0528, deepseek-v3-0324-taco-completion, deepseek-v3-0324, default-1.2, hunyuan-2.0-instruct
[9/19/2026, 7:27:17 PM.711] [Info] [AgentModelResolver] agent "cli" original_models=["auto","glm-5v-turbo","glm-5.1","glm-5.0-turbo","glm-5.0","glm-4.7","kimi-k2.5","minimax-m2.7","deepseek-v3-2-volc"] -> resolved_models=["auto","glm-5v-turbo","glm-5.1","glm-5.0-turbo","glm-5.0","glm-4.7","kimi-k2.5","minimax-m2.7","deepseek-v3-2-volc"]
[9/19/2026, 7:27:17 PM.711] [Info] [AgentModelResolver] agent "general-purpose" original_models=undefined -> resolved_models=[]
[9/19/2026, 7:27:17 PM.711] [Info] [AgentModelResolver] agent "compact" original_models=undefined -> resolved_models=[]
[9/19/2026, 7:27:17 PM.711] [Info] [AgentModelResolver] agent "contextSummary" original_models=undefined -> resolved_models=[]
[9/19/2026, 7:27:17 PM.711] [Info] [AgentModelResolver] agent "contentAnalyzer" original_models=undefined -> resolved_models=[]
[9/19/2026, 7:27:17 PM.711] [Info] [AgentModelResolver] agent "terminalTitleGenerator" original_models=undefined -> resolved_models=[]
[9/19/2026, 7:27:17 PM.711] [Info] [AgentModelResolver] agent "promptSuggestion" original_models=undefined -> resolved_models=[]
[9/19/2026, 7:27:17 PM.711] [Info] [AgentModelResolver] agent "memorySelector" original_models=["lite"] -> resolved_models=["lite"]
[9/19/2026, 7:27:17 PM.711] [Info] [AgentModelResolver] agent "summaryGenerator" original_models=undefined -> resolved_models=[]
[9/19/2026, 7:27:17 PM.711] [Info] [AgentModelResolver] agent "autoModeClassifier" original_models=undefined -> resolved_models=[]
[9/19/2026, 7:27:17 PM.711] [Info] [AgentModelResolver] agent "promptHookEvaluator" original_models=["lite"] -> resolved_models=["lite"]
[9/19/2026, 7:27:17 PM.711] [Info] [AgentModelResolver] agent "insightsAnalyzer" original_models=undefined -> resolved_models=[]
[9/19/2026, 7:27:17 PM.711] [Info] [AgentModelResolver] agent "agentInstructions" original_models=undefined -> resolved_models=[]
[9/19/2026, 7:27:17 PM.711] [Info] [AgentModelResolver] agent "statusline-setup" original_models=undefined -> resolved_models=[]
[9/19/2026, 7:27:17 PM.711] [Info] [AgentModelResolver] agent "Explore" original_models=["lite"] -> resolved_models=["lite"]
[9/19/2026, 7:27:17 PM.711] [Info] [AgentModelResolver] agent "Plan" original_models=undefined -> resolved_models=[]
[9/19/2026, 7:27:17 PM.711] [Info] [AgentModelResolver] agent "pulse" original_models=undefined -> resolved_models=[]
[9/19/2026, 7:27:17 PM.711] [Info] [AgentModelResolver] agent "enhance-prompt" original_models=undefined -> resolved_models=[]
[9/19/2026, 7:27:17 PM.713] [Info] [Merge] Step 1 (local + overlay): localModels=42, overlayModels=51, mergedModels=51
[9/19/2026, 7:27:17 PM.713] [Info] [Merge] Step 2 (+enterprise): enterpriseModels=0, totalModels=51
[9/19/2026, 7:27:17 PM.713] [Info] [Merge] Step 3 (+custom): customModels=0, totalModels=51
[9/19/2026, 7:27:17 PM.713] [Info] [Merge] Step 4 (availableModels filter): finalModels=51, cli.models=["auto","hy4-preview-f","hy3","hy3-x","deepseek-v4.1-flash","glm-5.3","glm-5.3-flash","glm-5.2","glm-5.1","glm-5v-turbo","minimax-m3","kimi-k3-1","kimi-k2.8-preview","kimi-k2.7","kimi-k2.6","deepseek-v4-pro"]
[9/19/2026, 7:27:17 PM.778] [Info] [WeixinClawBotClient] pollLoop iteration begin {"iteration":22411,"cursorLen":96}
[9/19/2026, 7:27:18 PM.494] [Info] [CentrifugoClient] Connected successfully
[9/19/2026, 7:27:18 PM.494] [Info] [ClawService] Centrifugo status: connected
[9/19/2026, 7:27:18 PM.499] [Info] [CentrifugoClient] Subscribed to channel: copilot_workbuddy:fdee3d54-95b6-4e9c-aaff-50ad9505aab4_25e526bc70aeedffd6ce569154fcfedd_e76b49539422036c
[9/19/2026, 7:27:36 PM.420] [Info] [WeixinClawBotClient] pollLoop getUpdates returned {"iteration":22411,"elapsedMs":18642,"hasBuf":true,"msgs":0}
[9/19/2026, 7:27:36 PM.433] [Info] [WeixinClawBotClient] pollLoop iteration begin {"iteration":22412,"cursorLen":96}
[9/19/2026, 7:27:54 PM.582] [Info] [WeixinClawBotClient] pollLoop getUpdates returned {"iteration":22412,"elapsedMs":18160,"hasBuf":true,"msgs":0}
[9/19/2026, 7:27:54 PM.584] [Info] [WeixinClawBotClient] pollLoop iteration begin {"iteration":22413,"cursorLen":96}
[9/19/2026, 7:39:48 PM.718] [Info] [CentrifugoClient] Re-subscribing to copilot_workbuddy:fdee3d54-95b6-4e9c-aaff-50ad9505aab4_25e526bc70aeedffd6ce569154fcfedd_e76b49539422036c: transport closed (code: 1)
[9/19/2026, 7:39:48 PM.718] [Info] [CentrifugoClient] Reconnecting: no ping (code: 2)
[9/19/2026, 7:39:48 PM.718] [Info] [ClawService] Centrifugo status: connecting
[9/19/2026, 7:39:48 PM.718] [Info] [WorkbuddyEnterpriseModels] enterpriseId: undefined, endpoint: https://copilot.tencent.com
[9/19/2026, 7:39:48 PM.718] [Info] [AgentModelResolver] product config input: 42 models, 18 agents
[9/19/2026, 7:39:48 PM.718] [Info] [AgentModelResolver] model ids: default, deepseek-v4-pro, deepseek-v4-flash, deepseek-v3-2-volc, minimax-m2.5, minimax-m2.7, minimax-m3-play, glm-5.1, glm-5.0, glm-5.0-turbo, glm-5v-turbo, glm-4.7, glm-4.6, glm-4.6v, kimi-k2.6, kimi-k2.5, kimi-k2-thinking, hy3-preview-agent, hunyuan-chat, hunyuan-image-v3.0, auto, hy3-preview, hunyuan-2.0-thinking, deepseek-v3-1-volc, deepseek-v3-1-lkeap, deepseek-v3-1, deepseek-v3-0324-lkeap, deepseek-r1-0528-lkeap, kimi-k2-instruct-taiji, completion-gf, default-1.1, hunyuan-3b, hunyuan-7b-dense, codewise-completions, codewise-rewrite, codewise-nes-a4-027-aide, codewise-jump, deepseek-r1-0528, deepseek-v3-0324-taco-completion, deepseek-v3-0324, default-1.2, hunyuan-2.0-instruct
[9/19/2026, 7:39:48 PM.718] [Info] [AgentModelResolver] agent "cli" original_models=["auto","glm-5v-turbo","glm-5.1","glm-5.0-turbo","glm-5.0","glm-4.7","kimi-k2.5","minimax-m2.7","deepseek-v3-2-volc"] -> resolved_models=["auto","glm-5v-turbo","glm-5.1","glm-5.0-turbo","glm-5.0","glm-4.7","kimi-k2.5","minimax-m2.7","deepseek-v3-2-volc"]
[9/19/2026, 7:39:48 PM.718] [Info] [AgentModelResolver] agent "general-purpose" original_models=undefined -> resolved_models=[]
[9/19/2026, 7:39:48 PM.718] [Info] [AgentModelResolver] agent "compact" original_models=undefined -> resolved_models=[]
[9/19/2026, 7:39:48 PM.718] [Info] [AgentModelResolver] agent "contextSummary" original_models=undefined -> resolved_models=[]
[9/19/2026, 7:39:48 PM.718] [Info] [AgentModelResolver] agent "contentAnalyzer" original_models=undefined -> resolved_models=[]
[9/19/2026, 7:39:48 PM.718] [Info] [AgentModelResolver] agent "terminalTitleGenerator" original_models=undefined -> resolved_models=[]
[9/19/2026, 7:39:48 PM.718] [Info] [AgentModelResolver] agent "promptSuggestion" original_models=undefined -> resolved_models=[]
[9/19/2026, 7:39:48 PM.718] [Info] [AgentModelResolver] agent "memorySelector" original_models=["lite"] -> resolved_models=["lite"]
[9/19/2026, 7:39:48 PM.718] [Info] [AgentModelResolver] agent "summaryGenerator" original_models=undefined -> resolved_models=[]
[9/19/2026, 7:39:48 PM.718] [Info] [AgentModelResolver] agent "autoModeClassifier" original_models=undefined -> resolved_models=[]
[9/19/2026, 7:39:48 PM.718] [Info] [AgentModelResolver] agent "promptHookEvaluator" original_models=["lite"] -> resolved_models=["lite"]
[9/19/2026, 7:39:48 PM.718] [Info] [AgentModelResolver] agent "insightsAnalyzer" original_models=undefined -> resolved_models=[]
[9/19/2026, 7:39:48 PM.718] [Info] [AgentModelResolver] agent "agentInstructions" original_models=undefined -> resolved_models=[]
[9/19/2026, 7:39:48 PM.718] [Info] [AgentModelResolver] agent "statusline-setup" original_models=undefined -> resolved_models=[]
[9/19/2026, 7:39:48 PM.718] [Info] [AgentModelResolver] agent "Explore" original_models=["lite"] -> resolved_models=["lite"]
[9/19/2026, 7:39:48 PM.718] [Info] [AgentModelResolver] agent "Plan" original_models=undefined -> resolved_models=[]
[9/19/2026, 7:39:48 PM.718] [Info] [AgentModelResolver] agent "pulse" original_models=undefined -> resolved_models=[]
[9/19/2026, 7:39:48 PM.718] [Info] [AgentModelResolver] agent "enhance-prompt" original_models=undefined -> resolved_models=[]
[9/19/2026, 7:39:48 PM.722] [Info] [Merge] Step 1 (local + overlay): localModels=42, overlayModels=51, mergedModels=51
[9/19/2026, 7:39:48 PM.722] [Info] [Merge] Step 2 (+enterprise): enterpriseModels=0, totalModels=51
[9/19/2026, 7:39:48 PM.722] [Info] [Merge] Step 3 (+custom): customModels=0, totalModels=51
[9/19/2026, 7:39:48 PM.722] [Info] [Merge] Step 4 (availableModels filter): finalModels=51, cli.models=["auto","hy4-preview-f","hy3","hy3-x","deepseek-v4.1-flash","glm-5.3","glm-5.3-flash","glm-5.2","glm-5.1","glm-5v-turbo","minimax-m3","kimi-k3-1","kimi-k2.8-preview","kimi-k2.7","kimi-k2.6","deepseek-v4-pro"]
[9/19/2026, 7:39:48 PM.723] [Info] [WeixinClawBotClient] pollLoop getUpdates returned {"iteration":22413,"elapsedMs":714140,"ret":0,"hasBuf":true,"msgs":0}
[9/19/2026, 7:39:48 PM.734] [Info] [WorkbuddyEnterpriseModels] enterpriseId: undefined, endpoint: https://copilot.tencent.com
[9/19/2026, 7:39:48 PM.734] [Info] [AgentModelResolver] product config input: 42 models, 18 agents
[9/19/2026, 7:39:48 PM.734] [Info] [AgentModelResolver] model ids: default, deepseek-v4-pro, deepseek-v4-flash, deepseek-v3-2-volc, minimax-m2.5, minimax-m2.7, minimax-m3-play, glm-5.1, glm-5.0, glm-5.0-turbo, glm-5v-turbo, glm-4.7, glm-4.6, glm-4.6v, kimi-k2.6, kimi-k2.5, kimi-k2-thinking, hy3-preview-agent, hunyuan-chat, hunyuan-image-v3.0, auto, hy3-preview, hunyuan-2.0-thinking, deepseek-v3-1-volc, deepseek-v3-1-lkeap, deepseek-v3-1, deepseek-v3-0324-lkeap, deepseek-r1-0528-lkeap, kimi-k2-instruct-taiji, completion-gf, default-1.1, hunyuan-3b, hunyuan-7b-dense, codewise-completions, codewise-rewrite, codewise-nes-a4-027-aide, codewise-jump, deepseek-r1-0528, deepseek-v3-0324-taco-completion, deepseek-v3-0324, default-1.2, hunyuan-2.0-instruct
[9/19/2026, 7:39:48 PM.734] [Info] [AgentModelResolver] agent "cli" original_models=["auto","glm-5v-turbo","glm-5.1","glm-5.0-turbo","glm-5.0","glm-4.7","kimi-k2.5","minimax-m2.7","deepseek-v3-2-volc"] -> resolved_models=["auto","glm-5v-turbo","glm-5.1","glm-5.0-turbo","glm-5.0","glm-4.7","kimi-k2.5","minimax-m2.7","deepseek-v3-2-volc"]
[9/19/2026, 7:39:48 PM.734] [Info] [AgentModelResolver] agent "general-purpose" original_models=undefined -> resolved_models=[]
[9/19/2026, 7:39:48 PM.734] [Info] [AgentModelResolver] agent "compact" original_models=undefined -> resolved_models=[]
[9/19/2026, 7:39:48 PM.734] [Info] [AgentModelResolver] agent "contextSummary" original_models=undefined -> resolved_models=[]
[9/19/2026, 7:39:48 PM.734] [Info] [AgentModelResolver] agent "contentAnalyzer" original_models=undefined -> resolved_models=[]
[9/19/2026, 7:39:48 PM.734] [Info] [AgentModelResolver] agent "terminalTitleGenerator" original_models=undefined -> resolved_models=[]
[9/19/2026, 7:39:48 PM.734] [Info] [AgentModelResolver] agent "promptSuggestion" original_models=undefined -> resolved_models=[]
[9/19/2026, 7:39:48 PM.734] [Info] [AgentModelResolver] agent "memorySelector" original_models=["lite"] -> resolved_models=["lite"]
[9/19/2026, 7:39:48 PM.734] [Info] [AgentModelResolver] agent "summaryGenerator" original_models=undefined -> resolved_models=[]
[9/19/2026, 7:39:48 PM.734] [Info] [AgentModelResolver] agent "autoModeClassifier" original_models=undefined -> resolved_models=[]
[9/19/2026, 7:39:48 PM.734] [Info] [AgentModelResolver] agent "promptHookEvaluator" original_models=["lite"] -> resolved_models=["lite"]
[9/19/2026, 7:39:48 PM.734] [Info] [AgentModelResolver] agent "insightsAnalyzer" original_models=undefined -> resolved_models=[]
[9/19/2026, 7:39:48 PM.734] [Info] [AgentModelResolver] agent "agentInstructions" original_models=undefined -> resolved_models=[]
[9/19/2026, 7:39:48 PM.734] [Info] [AgentModelResolver] agent "statusline-setup" original_models=undefined -> resolved_models=[]
[9/19/2026, 7:39:48 PM.734] [Info] [AgentModelResolver] agent "Explore" original_models=["lite"] -> resolved_models=["lite"]
[9/19/2026, 7:39:48 PM.734] [Info] [AgentModelResolver] agent "Plan" original_models=undefined -> resolved_models=[]
[9/19/2026, 7:39:48 PM.734] [Info] [AgentModelResolver] agent "pulse" original_models=undefined -> resolved_models=[]
[9/19/2026, 7:39:48 PM.735] [Info] [AgentModelResolver] agent "enhance-prompt" original_models=undefined -> resolved_models=[]
[9/19/2026, 7:39:48 PM.740] [Info] [Merge] Step 1 (local + overlay): localModels=42, overlayModels=51, mergedModels=51
[9/19/2026, 7:39:48 PM.740] [Info] [Merge] Step 2 (+enterprise): enterpriseModels=0, totalModels=51
[9/19/2026, 7:39:48 PM.740] [Info] [Merge] Step 3 (+custom): customModels=0, totalModels=51
[9/19/2026, 7:39:48 PM.740] [Info] [Merge] Step 4 (availableModels filter): finalModels=51, cli.models=["auto","hy4-preview-f","hy3","hy3-x","deepseek-v4.1-flash","glm-5.3","glm-5.3-flash","glm-5.2","glm-5.1","glm-5v-turbo","minimax-m3","kimi-k3-1","kimi-k2.8-preview","kimi-k2.7","kimi-k2.6","deepseek-v4-pro"]
[9/19/2026, 7:39:48 PM.782] [Info] [WeixinClawBotClient] pollLoop iteration begin {"iteration":22414,"cursorLen":96}
[9/19/2026, 7:39:49 PM.590] [Info] [CentrifugoClient] Connected successfully
[9/19/2026, 7:39:49 PM.590] [Info] [ClawService] Centrifugo status: connected
[9/19/2026, 7:39:49 PM.595] [Info] [CentrifugoClient] Subscribed to channel: copilot_workbuddy:fdee3d54-95b6-4e9c-aaff-50ad9505aab4_25e526bc70aeedffd6ce569154fcfedd_e76b49539422036c
[9/19/2026, 7:40:07 PM.510] [Info] [WeixinClawBotClient] pollLoop getUpdates returned {"iteration":22414,"elapsedMs":18728,"hasBuf":true,"msgs":0}
[9/19/2026, 7:40:07 PM.521] [Info] [WeixinClawBotClient] pollLoop iteration begin {"iteration":22415,"cursorLen":96}
[9/19/2026, 7:40:25 PM.704] [Info] [WeixinClawBotClient] pollLoop getUpdates returned {"iteration":22415,"elapsedMs":18192,"hasBuf":true,"msgs":0}
[9/19/2026, 7:40:25 PM.706] [Info] [WeixinClawBotClient] pollLoop iteration begin {"iteration":22416,"cursorLen":96}
[9/19/2026, 7:56:03 PM.785] [Info] [CentrifugoClient] Re-subscribing to copilot_workbuddy:fdee3d54-95b6-4e9c-aaff-50ad9505aab4_25e526bc70aeedffd6ce569154fcfedd_e76b49539422036c: transport closed (code: 1)
[9/19/2026, 7:56:03 PM.785] [Info] [CentrifugoClient] Reconnecting: no ping (code: 2)
[9/19/2026, 7:56:03 PM.785] [Info] [ClawService] Centrifugo status: connecting
[9/19/2026, 7:56:03 PM.785] [Info] [WorkbuddyEnterpriseModels] enterpriseId: undefined, endpoint: https://copilot.tencent.com
[9/19/2026, 7:56:03 PM.785] [Info] [AgentModelResolver] product config input: 42 models, 18 agents
[9/19/2026, 7:56:03 PM.785] [Info] [AgentModelResolver] model ids: default, deepseek-v4-pro, deepseek-v4-flash, deepseek-v3-2-volc, minimax-m2.5, minimax-m2.7, minimax-m3-play, glm-5.1, glm-5.0, glm-5.0-turbo, glm-5v-turbo, glm-4.7, glm-4.6, glm-4.6v, kimi-k2.6, kimi-k2.5, kimi-k2-thinking, hy3-preview-agent, hunyuan-chat, hunyuan-image-v3.0, auto, hy3-preview, hunyuan-2.0-thinking, deepseek-v3-1-volc, deepseek-v3-1-lkeap, deepseek-v3-1, deepseek-v3-0324-lkeap, deepseek-r1-0528-lkeap, kimi-k2-instruct-taiji, completion-gf, default-1.1, hunyuan-3b, hunyuan-7b-dense, codewise-completions, codewise-rewrite, codewise-nes-a4-027-aide, codewise-jump, deepseek-r1-0528, deepseek-v3-0324-taco-completion, deepseek-v3-0324, default-1.2, hunyuan-2.0-instruct
[9/19/2026, 7:56:03 PM.785] [Info] [AgentModelResolver] agent "cli" original_models=["auto","glm-5v-turbo","glm-5.1","glm-5.0-turbo","glm-5.0","glm-4.7","kimi-k2.5","minimax-m2.7","deepseek-v3-2-volc"] -> resolved_models=["auto","glm-5v-turbo","glm-5.1","glm-5.0-turbo","glm-5.0","glm-4.7","kimi-k2.5","minimax-m2.7","deepseek-v3-2-volc"]
[9/19/2026, 7:56:03 PM.785] [Info] [AgentModelResolver] agent "general-purpose" original_models=undefined -> resolved_models=[]
[9/19/2026, 7:56:03 PM.785] [Info] [AgentModelResolver] agent "compact" original_models=undefined -> resolved_models=[]
[9/19/2026, 7:56:03 PM.785] [Info] [AgentModelResolver] agent "contextSummary" original_models=undefined -> resolved_models=[]
[9/19/2026, 7:56:03 PM.785] [Info] [AgentModelResolver] agent "contentAnalyzer" original_models=undefined -> resolved_models=[]
[9/19/2026, 7:56:03 PM.785] [Info] [AgentModelResolver] agent "terminalTitleGenerator" original_models=undefined -> resolved_models=[]
[9/19/2026, 7:56:03 PM.785] [Info] [AgentModelResolver] agent "promptSuggestion" original_models=undefined -> resolved_models=[]
[9/19/2026, 7:56:03 PM.785] [Info] [AgentModelResolver] agent "memorySelector" original_models=["lite"] -> resolved_models=["lite"]
[9/19/2026, 7:56:03 PM.785] [Info] [AgentModelResolver] agent "summaryGenerator" original_models=undefined -> resolved_models=[]
[9/19/2026, 7:56:03 PM.785] [Info] [AgentModelResolver] agent "autoModeClassifier" original_models=undefined -> resolved_models=[]
[9/19/2026, 7:56:03 PM.785] [Info] [AgentModelResolver] agent "promptHookEvaluator" original_models=["lite"] -> resolved_models=["lite"]
[9/19/2026, 7:56:03 PM.785] [Info] [AgentModelResolver] agent "insightsAnalyzer" original_models=undefined -> resolved_models=[]
[9/19/2026, 7:56:03 PM.785] [Info] [AgentModelResolver] agent "agentInstructions" original_models=undefined -> resolved_models=[]
[9/19/2026, 7:56:03 PM.785] [Info] [AgentModelResolver] agent "statusline-setup" original_models=undefined -> resolved_models=[]
[9/19/2026, 7:56:03 PM.785] [Info] [AgentModelResolver] agent "Explore" original_models=["lite"] -> resolved_models=["lite"]
[9/19/2026, 7:56:03 PM.785] [Info] [AgentModelResolver] agent "Plan" original_models=undefined -> resolved_models=[]
[9/19/2026, 7:56:03 PM.785] [Info] [AgentModelResolver] agent "pulse" original_models=undefined -> resolved_models=[]
[9/19/2026, 7:56:03 PM.785] [Info] [AgentModelResolver] agent "enhance-prompt" original_models=undefined -> resolved_models=[]
[9/19/2026, 7:56:03 PM.789] [Info] [Merge] Step 1 (local + overlay): localModels=42, overlayModels=51, mergedModels=51
[9/19/2026, 7:56:03 PM.789] [Info] [Merge] Step 2 (+enterprise): enterpriseModels=0, totalModels=51
[9/19/2026, 7:56:03 PM.789] [Info] [Merge] Step 3 (+custom): customModels=0, totalModels=51
[9/19/2026, 7:56:03 PM.789] [Info] [Merge] Step 4 (availableModels filter): finalModels=51, cli.models=["auto","hy4-preview-f","hy3","hy3-x","deepseek-v4.1-flash","glm-5.3","glm-5.3-flash","glm-5.2","glm-5.1","glm-5v-turbo","minimax-m3","kimi-k3-1","kimi-k2.8-preview","kimi-k2.7","kimi-k2.6","deepseek-v4-pro"]
[9/19/2026, 7:56:03 PM.790] [Info] [WeixinClawBotClient] pollLoop getUpdates returned {"iteration":22416,"elapsedMs":938085,"ret":0,"hasBuf":true,"msgs":0}
[9/19/2026, 7:56:03 PM.791] [Info] [WorkbuddyEnterpriseModels] enterpriseId: undefined, endpoint: https://copilot.tencent.com
[9/19/2026, 7:56:03 PM.791] [Info] [AgentModelResolver] product config input: 42 models, 18 agents
[9/19/2026, 7:56:03 PM.791] [Info] [AgentModelResolver] model ids: default, deepseek-v4-pro, deepseek-v4-flash, deepseek-v3-2-volc, minimax-m2.5, minimax-m2.7, minimax-m3-play, glm-5.1, glm-5.0, glm-5.0-turbo, glm-5v-turbo, glm-4.7, glm-4.6, glm-4.6v, kimi-k2.6, kimi-k2.5, kimi-k2-thinking, hy3-preview-agent, hunyuan-chat, hunyuan-image-v3.0, auto, hy3-preview, hunyuan-2.0-thinking, deepseek-v3-1-volc, deepseek-v3-1-lkeap, deepseek-v3-1, deepseek-v3-0324-lkeap, deepseek-r1-0528-lkeap, kimi-k2-instruct-taiji, completion-gf, default-1.1, hunyuan-3b, hunyuan-7b-dense, codewise-completions, codewise-rewrite, codewise-nes-a4-027-aide, codewise-jump, deepseek-r1-0528, deepseek-v3-0324-taco-completion, deepseek-v3-0324, default-1.2, hunyuan-2.0-instruct
[9/19/2026, 7:56:03 PM.791] [Info] [AgentModelResolver] agent "cli" original_models=["auto","glm-5v-turbo","glm-5.1","glm-5.0-turbo","glm-5.0","glm-4.7","kimi-k2.5","minimax-m2.7","deepseek-v3-2-volc"] -> resolved_models=["auto","glm-5v-turbo","glm-5.1","glm-5.0-turbo","glm-5.0","glm-4.7","kimi-k2.5","minimax-m2.7","deepseek-v3-2-volc"]
[9/19/2026, 7:56:03 PM.791] [Info] [AgentModelResolver] agent "general-purpose" original_models=undefined -> resolved_models=[]
[9/19/2026, 7:56:03 PM.791] [Info] [AgentModelResolver] agent "compact" original_models=undefined -> resolved_models=[]
[9/19/2026, 7:56:03 PM.791] [Info] [AgentModelResolver] agent "contextSummary" original_models=undefined -> resolved_models=[]
[9/19/2026, 7:56:03 PM.791] [Info] [AgentModelResolver] agent "contentAnalyzer" original_models=undefined -> resolved_models=[]
[9/19/2026, 7:56:03 PM.791] [Info] [AgentModelResolver] agent "terminalTitleGenerator" original_models=undefined -> resolved_models=[]
[9/19/2026, 7:56:03 PM.791] [Info] [AgentModelResolver] agent "promptSuggestion" original_models=undefined -> resolved_models=[]
[9/19/2026, 7:56:03 PM.791] [Info] [AgentModelResolver] agent "memorySelector" original_models=["lite"] -> resolved_models=["lite"]
[9/19/2026, 7:56:03 PM.791] [Info] [AgentModelResolver] agent "summaryGenerator" original_models=undefined -> resolved_models=[]
[9/19/2026, 7:56:03 PM.791] [Info] [AgentModelResolver] agent "autoModeClassifier" original_models=undefined -> resolved_models=[]
[9/19/2026, 7:56:03 PM.791] [Info] [AgentModelResolver] agent "promptHookEvaluator" original_models=["lite"] -> resolved_models=["lite"]
[9/19/2026, 7:56:03 PM.791] [Info] [AgentModelResolver] agent "insightsAnalyzer" original_models=undefined -> resolved_models=[]
[9/19/2026, 7:56:03 PM.791] [Info] [AgentModelResolver] agent "agentInstructions" original_models=undefined -> resolved_models=[]
[9/19/2026, 7:56:03 PM.791] [Info] [AgentModelResolver] agent "statusline-setup" original_models=undefined -> resolved_models=[]
[9/19/2026, 7:56:03 PM.791] [Info] [AgentModelResolver] agent "Explore" original_models=["lite"] -> resolved_models=["lite"]
[9/19/2026, 7:56:03 PM.791] [Info] [AgentModelResolver] agent "Plan" original_models=undefined -> resolved_models=[]
[9/19/2026, 7:56:03 PM.791] [Info] [AgentModelResolver] agent "pulse" original_models=undefined -> resolved_models=[]
[9/19/2026, 7:56:03 PM.791] [Info] [AgentModelResolver] agent "enhance-prompt" original_models=undefined -> resolved_models=[]
[9/19/2026, 7:56:03 PM.794] [Info] [Merge] Step 1 (local + overlay): localModels=42, overlayModels=51, mergedModels=51
[9/19/2026, 7:56:03 PM.794] [Info] [Merge] Step 2 (+enterprise): enterpriseModels=0, totalModels=51
[9/19/2026, 7:56:03 PM.794] [Info] [Merge] Step 3 (+custom): customModels=0, totalModels=51
[9/19/2026, 7:56:03 PM.794] [Info] [Merge] Step 4 (availableModels filter): finalModels=51, cli.models=["auto","hy4-preview-f","hy3","hy3-x","deepseek-v4.1-flash","glm-5.3","glm-5.3-flash","glm-5.2","glm-5.1","glm-5v-turbo","minimax-m3","kimi-k3-1","kimi-k2.8-preview","kimi-k2.7","kimi-k2.6","deepseek-v4-pro"]
[9/19/2026, 7:56:03 PM.833] [Info] [WeixinClawBotClient] pollLoop iteration begin {"iteration":22417,"cursorLen":96}
[9/19/2026, 7:56:04 PM.854] [Info] [CentrifugoClient] Connected successfully
[9/19/2026, 7:56:04 PM.854] [Info] [ClawService] Centrifugo status: connected
[9/19/2026, 7:56:04 PM.863] [Info] [CentrifugoClient] Subscribed to channel: copilot_workbuddy:fdee3d54-95b6-4e9c-aaff-50ad9505aab4_25e526bc70aeedffd6ce569154fcfedd_e76b49539422036c
[9/19/2026, 7:56:22 PM.540] [Info] [WeixinClawBotClient] pollLoop getUpdates returned {"iteration":22417,"elapsedMs":18707,"hasBuf":true,"msgs":0}
[9/19/2026, 7:56:22 PM.554] [Info] [WeixinClawBotClient] pollLoop iteration begin {"iteration":22418,"cursorLen":96}
[9/19/2026, 7:56:40 PM.711] [Info] [WeixinClawBotClient] pollLoop getUpdates returned {"iteration":22418,"elapsedMs":18168,"hasBuf":true,"msgs":0}
[9/19/2026, 7:56:40 PM.713] [Info] [WeixinClawBotClient] pollLoop iteration begin {"iteration":22419,"cursorLen":96}
[9/19/2026, 8:12:12 PM.386] [Info] [CentrifugoClient] Re-subscribing to copilot_workbuddy:fdee3d54-95b6-4e9c-aaff-50ad9505aab4_25e526bc70aeedffd6ce569154fcfedd_e76b49539422036c: transport closed (code: 1)
[9/19/2026, 8:12:12 PM.386] [Info] [CentrifugoClient] Reconnecting: no ping (code: 2)
[9/19/2026, 8:12:12 PM.386] [Info] [ClawService] Centrifugo status: connecting
[9/19/2026, 8:12:12 PM.386] [Info] [WorkbuddyEnterpriseModels] enterpriseId: undefined, endpoint: https://copilot.tencent.com
[9/19/2026, 8:12:12 PM.387] [Info] [AgentModelResolver] product config input: 42 models, 18 agents
[9/19/2026, 8:12:12 PM.387] [Info] [AgentModelResolver] model ids: default, deepseek-v4-pro, deepseek-v4-flash, deepseek-v3-2-volc, minimax-m2.5, minimax-m2.7, minimax-m3-play, glm-5.1, glm-5.0, glm-5.0-turbo, glm-5v-turbo, glm-4.7, glm-4.6, glm-4.6v, kimi-k2.6, kimi-k2.5, kimi-k2-thinking, hy3-preview-agent, hunyuan-chat, hunyuan-image-v3.0, auto, hy3-preview, hunyuan-2.0-thinking, deepseek-v3-1-volc, deepseek-v3-1-lkeap, deepseek-v3-1, deepseek-v3-0324-lkeap, deepseek-r1-0528-lkeap, kimi-k2-instruct-taiji, completion-gf, default-1.1, hunyuan-3b, hunyuan-7b-dense, codewise-completions, codewise-rewrite, codewise-nes-a4-027-aide, codewise-jump, deepseek-r1-0528, deepseek-v3-0324-taco-completion, deepseek-v3-0324, default-1.2, hunyuan-2.0-instruct
[9/19/2026, 8:12:12 PM.387] [Info] [AgentModelResolver] agent "cli" original_models=["auto","glm-5v-turbo","glm-5.1","glm-5.0-turbo","glm-5.0","glm-4.7","kimi-k2.5","minimax-m2.7","deepseek-v3-2-volc"] -> resolved_models=["auto","glm-5v-turbo","glm-5.1","glm-5.0-turbo","glm-5.0","glm-4.7","kimi-k2.5","minimax-m2.7","deepseek-v3-2-volc"]
[9/19/2026, 8:12:12 PM.387] [Info] [AgentModelResolver] agent "general-purpose" original_models=undefined -> resolved_models=[]
[9/19/2026, 8:12:12 PM.387] [Info] [AgentModelResolver] agent "compact" original_models=undefined -> resolved_models=[]
[9/19/2026, 8:12:12 PM.387] [Info] [AgentModelResolver] agent "contextSummary" original_models=undefined -> resolved_models=[]
[9/19/2026, 8:12:12 PM.387] [Info] [AgentModelResolver] agent "contentAnalyzer" original_models=undefined -> resolved_models=[]
[9/19/2026, 8:12:12 PM.387] [Info] [AgentModelResolver] agent "terminalTitleGenerator" original_models=undefined -> resolved_models=[]
[9/19/2026, 8:12:12 PM.387] [Info] [AgentModelResolver] agent "promptSuggestion" original_models=undefined -> resolved_models=[]
[9/19/2026, 8:12:12 PM.387] [Info] [AgentModelResolver] agent "memorySelector" original_models=["lite"] -> resolved_models=["lite"]
[9/19/2026, 8:12:12 PM.387] [Info] [AgentModelResolver] agent "summaryGenerator" original_models=undefined -> resolved_models=[]
[9/19/2026, 8:12:12 PM.387] [Info] [AgentModelResolver] agent "autoModeClassifier" original_models=undefined -> resolved_models=[]
[9/19/2026, 8:12:12 PM.387] [Info] [AgentModelResolver] agent "promptHookEvaluator" original_models=["lite"] -> resolved_models=["lite"]
[9/19/2026, 8:12:12 PM.387] [Info] [AgentModelResolver] agent "insightsAnalyzer" original_models=undefined -> resolved_models=[]
[9/19/2026, 8:12:12 PM.387] [Info] [AgentModelResolver] agent "agentInstructions" original_models=undefined -> resolved_models=[]
[9/19/2026, 8:12:12 PM.387] [Info] [AgentModelResolver] agent "statusline-setup" original_models=undefined -> resolved_models=[]
[9/19/2026, 8:12:12 PM.387] [Info] [AgentModelResolver] agent "Explore" original_models=["lite"] -> resolved_models=["lite"]
[9/19/2026, 8:12:12 PM.387] [Info] [AgentModelResolver] agent "Plan" original_models=undefined -> resolved_models=[]
[9/19/2026, 8:12:12 PM.387] [Info] [AgentModelResolver] agent "pulse" original_models=undefined -> resolved_models=[]
[9/19/2026, 8:12:12 PM.387] [Info] [AgentModelResolver] agent "enhance-prompt" original_models=undefined -> resolved_models=[]
[9/19/2026, 8:12:12 PM.390] [Info] [Merge] Step 1 (local + overlay): localModels=42, overlayModels=51, mergedModels=51
[9/19/2026, 8:12:12 PM.390] [Info] [Merge] Step 2 (+enterprise): enterpriseModels=0, totalModels=51
[9/19/2026, 8:12:12 PM.390] [Info] [Merge] Step 3 (+custom): customModels=0, totalModels=51
[9/19/2026, 8:12:12 PM.390] [Info] [Merge] Step 4 (availableModels filter): finalModels=51, cli.models=["auto","hy4-preview-f","hy3","hy3-x","deepseek-v4.1-flash","glm-5.3","glm-5.3-flash","glm-5.2","glm-5.1","glm-5v-turbo","minimax-m3","kimi-k3-1","kimi-k2.8-preview","kimi-k2.7","kimi-k2.6","deepseek-v4-pro"]
[9/19/2026, 8:12:12 PM.391] [Info] [WeixinClawBotClient] pollLoop getUpdates returned {"iteration":22419,"elapsedMs":931679,"ret":0,"hasBuf":true,"msgs":0}
[9/19/2026, 8:12:12 PM.392] [Info] [WorkbuddyEnterpriseModels] enterpriseId: undefined, endpoint: https://copilot.tencent.com
[9/19/2026, 8:12:12 PM.392] [Info] [AgentModelResolver] product config input: 42 models, 18 agents
[9/19/2026, 8:12:12 PM.392] [Info] [AgentModelResolver] model ids: default, deepseek-v4-pro, deepseek-v4-flash, deepseek-v3-2-volc, minimax-m2.5, minimax-m2.7, minimax-m3-play, glm-5.1, glm-5.0, glm-5.0-turbo, glm-5v-turbo, glm-4.7, glm-4.6, glm-4.6v, kimi-k2.6, kimi-k2.5, kimi-k2-thinking, hy3-preview-agent, hunyuan-chat, hunyuan-image-v3.0, auto, hy3-preview, hunyuan-2.0-thinking, deepseek-v3-1-volc, deepseek-v3-1-lkeap, deepseek-v3-1, deepseek-v3-0324-lkeap, deepseek-r1-0528-lkeap, kimi-k2-instruct-taiji, completion-gf, default-1.1, hunyuan-3b, hunyuan-7b-dense, codewise-completions, codewise-rewrite, codewise-nes-a4-027-aide, codewise-jump, deepseek-r1-0528, deepseek-v3-0324-taco-completion, deepseek-v3-0324, default-1.2, hunyuan-2.0-instruct
[9/19/2026, 8:12:12 PM.392] [Info] [AgentModelResolver] agent "cli" original_models=["auto","glm-5v-turbo","glm-5.1","glm-5.0-turbo","glm-5.0","glm-4.7","kimi-k2.5","minimax-m2.7","deepseek-v3-2-volc"] -> resolved_models=["auto","glm-5v-turbo","glm-5.1","glm-5.0-turbo","glm-5.0","glm-4.7","kimi-k2.5","minimax-m2.7","deepseek-v3-2-volc"]
[9/19/2026, 8:12:12 PM.392] [Info] [AgentModelResolver] agent "general-purpose" original_models=undefined -> resolved_models=[]
[9/19/2026, 8:12:12 PM.392] [Info] [AgentModelResolver] agent "compact" original_models=undefined -> resolved_models=[]
[9/19/2026, 8:12:12 PM.392] [Info] [AgentModelResolver] agent "contextSummary" original_models=undefined -> resolved_models=[]
[9/19/2026, 8:12:12 PM.392] [Info] [AgentModelResolver] agent "contentAnalyzer" original_models=undefined -> resolved_models=[]
[9/19/2026, 8:12:12 PM.392] [Info] [AgentModelResolver] agent "terminalTitleGenerator" original_models=undefined -> resolved_models=[]
[9/19/2026, 8:12:12 PM.392] [Info] [AgentModelResolver] agent "promptSuggestion" original_models=undefined -> resolved_models=[]
[9/19/2026, 8:12:12 PM.392] [Info] [AgentModelResolver] agent "memorySelector" original_models=["lite"] -> resolved_models=["lite"]
[9/19/2026, 8:12:12 PM.392] [Info] [AgentModelResolver] agent "summaryGenerator" original_models=undefined -> resolved_models=[]
[9/19/2026, 8:12:12 PM.392] [Info] [AgentModelResolver] agent "autoModeClassifier" original_models=undefined -> resolved_models=[]
[9/19/2026, 8:12:12 PM.392] [Info] [AgentModelResolver] agent "promptHookEvaluator" original_models=["lite"] -> resolved_models=["lite"]
[9/19/2026, 8:12:12 PM.392] [Info] [AgentModelResolver] agent "insightsAnalyzer" original_models=undefined -> resolved_models=[]
[9/19/2026, 8:12:12 PM.392] [Info] [AgentModelResolver] agent "agentInstructions" original_models=undefined -> resolved_models=[]
[9/19/2026, 8:12:12 PM.392] [Info] [AgentModelResolver] agent "statusline-setup" original_models=undefined -> resolved_models=[]
[9/19/2026, 8:12:12 PM.392] [Info] [AgentModelResolver] agent "Explore" original_models=["lite"] -> resolved_models=["lite"]
[9/19/2026, 8:12:12 PM.392] [Info] [AgentModelResolver] agent "Plan" original_models=undefined -> resolved_models=[]
[9/19/2026, 8:12:12 PM.392] [Info] [AgentModelResolver] agent "pulse" original_models=undefined -> resolved_models=[]
[9/19/2026, 8:12:12 PM.392] [Info] [AgentModelResolver] agent "enhance-prompt" original_models=undefined -> resolved_models=[]
[9/19/2026, 8:12:12 PM.397] [Info] [Merge] Step 1 (local + overlay): localModels=42, overlayModels=51, mergedModels=51
[9/19/2026, 8:12:12 PM.397] [Info] [Merge] Step 2 (+enterprise): enterpriseModels=0, totalModels=51
[9/19/2026, 8:12:12 PM.397] [Info] [Merge] Step 3 (+custom): customModels=0, totalModels=51
[9/19/2026, 8:12:12 PM.397] [Info] [Merge] Step 4 (availableModels filter): finalModels=51, cli.models=["auto","hy4-preview-f","hy3","hy3-x","deepseek-v4.1-flash","glm-5.3","glm-5.3-flash","glm-5.2","glm-5.1","glm-5v-turbo","minimax-m3","kimi-k3-1","kimi-k2.8-preview","kimi-k2.7","kimi-k2.6","deepseek-v4-pro"]
[9/19/2026, 8:12:12 PM.464] [Info] [WeixinClawBotClient] pollLoop iteration begin {"iteration":22420,"cursorLen":96}
[9/19/2026, 8:12:13 PM.390] [Info] [CentrifugoClient] Connected successfully
[9/19/2026, 8:12:13 PM.390] [Info] [ClawService] Centrifugo status: connected
[9/19/2026, 8:12:13 PM.395] [Info] [CentrifugoClient] Subscribed to channel: copilot_workbuddy:fdee3d54-95b6-4e9c-aaff-50ad9505aab4_25e526bc70aeedffd6ce569154fcfedd_e76b49539422036c
[9/19/2026, 8:12:31 PM.232] [Info] [WeixinClawBotClient] pollLoop getUpdates returned {"iteration":22420,"elapsedMs":18767,"hasBuf":true,"msgs":0}
[9/19/2026, 8:12:31 PM.242] [Info] [WeixinClawBotClient] pollLoop iteration begin {"iteration":22421,"cursorLen":96}
[9/19/2026, 8:12:49 PM.448] [Info] [WeixinClawBotClient] pollLoop getUpdates returned {"iteration":22421,"elapsedMs":18215,"hasBuf":true,"msgs":0}
[9/19/2026, 8:12:49 PM.451] [Info] [WeixinClawBotClient] pollLoop iteration begin {"iteration":22422,"cursorLen":96}
[9/19/2026, 8:29:08 PM.711] [Info] [CentrifugoClient] Re-subscribing to copilot_workbuddy:fdee3d54-95b6-4e9c-aaff-50ad9505aab4_25e526bc70aeedffd6ce569154fcfedd_e76b49539422036c: transport closed (code: 1)
[9/19/2026, 8:29:08 PM.711] [Info] [CentrifugoClient] Reconnecting: no ping (code: 2)
[9/19/2026, 8:29:08 PM.711] [Info] [ClawService] Centrifugo status: connecting
[9/19/2026, 8:29:08 PM.712] [Info] [WorkbuddyEnterpriseModels] enterpriseId: undefined, endpoint: https://copilot.tencent.com
[9/19/2026, 8:29:08 PM.712] [Info] [AgentModelResolver] product config input: 42 models, 18 agents
[9/19/2026, 8:29:08 PM.712] [Info] [AgentModelResolver] model ids: default, deepseek-v4-pro, deepseek-v4-flash, deepseek-v3-2-volc, minimax-m2.5, minimax-m2.7, minimax-m3-play, glm-5.1, glm-5.0, glm-5.0-turbo, glm-5v-turbo, glm-4.7, glm-4.6, glm-4.6v, kimi-k2.6, kimi-k2.5, kimi-k2-thinking, hy3-preview-agent, hunyuan-chat, hunyuan-image-v3.0, auto, hy3-preview, hunyuan-2.0-thinking, deepseek-v3-1-volc, deepseek-v3-1-lkeap, deepseek-v3-1, deepseek-v3-0324-lkeap, deepseek-r1-0528-lkeap, kimi-k2-instruct-taiji, completion-gf, default-1.1, hunyuan-3b, hunyuan-7b-dense, codewise-completions, codewise-rewrite, codewise-nes-a4-027-aide, codewise-jump, deepseek-r1-0528, deepseek-v3-0324-taco-completion, deepseek-v3-0324, default-1.2, hunyuan-2.0-instruct
[9/19/2026, 8:29:08 PM.712] [Info] [AgentModelResolver] agent "cli" original_models=["auto","glm-5v-turbo","glm-5.1","glm-5.0-turbo","glm-5.0","glm-4.7","kimi-k2.5","minimax-m2.7","deepseek-v3-2-volc"] -> resolved_models=["auto","glm-5v-turbo","glm-5.1","glm-5.0-turbo","glm-5.0","glm-4.7","kimi-k2.5","minimax-m2.7","deepseek-v3-2-volc"]
[9/19/2026, 8:29:08 PM.712] [Info] [AgentModelResolver] agent "general-purpose" original_models=undefined -> resolved_models=[]
[9/19/2026, 8:29:08 PM.712] [Info] [AgentModelResolver] agent "compact" original_models=undefined -> resolved_models=[]
[9/19/2026, 8:29:08 PM.712] [Info] [AgentModelResolver] agent "contextSummary" original_models=undefined -> resolved_models=[]
[9/19/2026, 8:29:08 PM.712] [Info] [AgentModelResolver] agent "contentAnalyzer" original_models=undefined -> resolved_models=[]
[9/19/2026, 8:29:08 PM.712] [Info] [AgentModelResolver] agent "terminalTitleGenerator" original_models=undefined -> resolved_models=[]
[9/19/2026, 8:29:08 PM.712] [Info] [AgentModelResolver] agent "promptSuggestion" original_models=undefined -> resolved_models=[]
[9/19/2026, 8:29:08 PM.712] [Info] [AgentModelResolver] agent "memorySelector" original_models=["lite"] -> resolved_models=["lite"]
[9/19/2026, 8:29:08 PM.712] [Info] [AgentModelResolver] agent "summaryGenerator" original_models=undefined -> resolved_models=[]
[9/19/2026, 8:29:08 PM.712] [Info] [AgentModelResolver] agent "autoModeClassifier" original_models=undefined -> resolved_models=[]
[9/19/2026, 8:29:08 PM.712] [Info] [AgentModelResolver] agent "promptHookEvaluator" original_models=["lite"] -> resolved_models=["lite"]
[9/19/2026, 8:29:08 PM.712] [Info] [AgentModelResolver] agent "insightsAnalyzer" original_models=undefined -> resolved_models=[]
[9/19/2026, 8:29:08 PM.712] [Info] [AgentModelResolver] agent "agentInstructions" original_models=undefined -> resolved_models=[]
[9/19/2026, 8:29:08 PM.712] [Info] [AgentModelResolver] agent "statusline-setup" original_models=undefined -> resolved_models=[]
[9/19/2026, 8:29:08 PM.712] [Info] [AgentModelResolver] agent "Explore" original_models=["lite"] -> resolved_models=["lite"]
[9/19/2026, 8:29:08 PM.712] [Info] [AgentModelResolver] agent "Plan" original_models=undefined -> resolved_models=[]
[9/19/2026, 8:29:08 PM.712] [Info] [AgentModelResolver] agent "pulse" original_models=undefined -> resolved_models=[]
[9/19/2026, 8:29:08 PM.712] [Info] [AgentModelResolver] agent "enhance-prompt" original_models=undefined -> resolved_models=[]
[9/19/2026, 8:29:08 PM.716] [Info] [Merge] Step 1 (local + overlay): localModels=42, overlayModels=51, mergedModels=51
[9/19/2026, 8:29:08 PM.716] [Info] [Merge] Step 2 (+enterprise): enterpriseModels=0, totalModels=51
[9/19/2026, 8:29:08 PM.716] [Info] [Merge] Step 3 (+custom): customModels=0, totalModels=51
[9/19/2026, 8:29:08 PM.716] [Info] [Merge] Step 4 (availableModels filter): finalModels=51, cli.models=["auto","hy4-preview-f","hy3","hy3-x","deepseek-v4.1-flash","glm-5.3","glm-5.3-flash","glm-5.2","glm-5.1","glm-5v-turbo","minimax-m3","kimi-k3-1","kimi-k2.8-preview","kimi-k2.7","kimi-k2.6","deepseek-v4-pro"]
[9/19/2026, 8:29:08 PM.716] [Info] [WeixinClawBotClient] pollLoop getUpdates returned {"iteration":22422,"elapsedMs":979266,"ret":0,"hasBuf":true,"msgs":0}
[9/19/2026, 8:29:08 PM.717] [Info] [WorkbuddyEnterpriseModels] enterpriseId: undefined, endpoint: https://copilot.tencent.com
[9/19/2026, 8:29:08 PM.717] [Info] [AgentModelResolver] product config input: 42 models, 18 agents
[9/19/2026, 8:29:08 PM.717] [Info] [AgentModelResolver] model ids: default, deepseek-v4-pro, deepseek-v4-flash, deepseek-v3-2-volc, minimax-m2.5, minimax-m2.7, minimax-m3-play, glm-5.1, glm-5.0, glm-5.0-turbo, glm-5v-turbo, glm-4.7, glm-4.6, glm-4.6v, kimi-k2.6, kimi-k2.5, kimi-k2-thinking, hy3-preview-agent, hunyuan-chat, hunyuan-image-v3.0, auto, hy3-preview, hunyuan-2.0-thinking, deepseek-v3-1-volc, deepseek-v3-1-lkeap, deepseek-v3-1, deepseek-v3-0324-lkeap, deepseek-r1-0528-lkeap, kimi-k2-instruct-taiji, completion-gf, default-1.1, hunyuan-3b, hunyuan-7b-dense, codewise-completions, codewise-rewrite, codewise-nes-a4-027-aide, codewise-jump, deepseek-r1-0528, deepseek-v3-0324-taco-completion, deepseek-v3-0324, default-1.2, hunyuan-2.0-instruct
[9/19/2026, 8:29:08 PM.717] [Info] [AgentModelResolver] agent "cli" original_models=["auto","glm-5v-turbo","glm-5.1","glm-5.0-turbo","glm-5.0","glm-4.7","kimi-k2.5","minimax-m2.7","deepseek-v3-2-volc"] -> resolved_models=["auto","glm-5v-turbo","glm-5.1","glm-5.0-turbo","glm-5.0","glm-4.7","kimi-k2.5","minimax-m2.7","deepseek-v3-2-volc"]
[9/19/2026, 8:29:08 PM.717] [Info] [AgentModelResolver] agent "general-purpose" original_models=undefined -> resolved_models=[]
[9/19/2026, 8:29:08 PM.717] [Info] [AgentModelResolver] agent "compact" original_models=undefined -> resolved_models=[]
[9/19/2026, 8:29:08 PM.717] [Info] [AgentModelResolver] agent "contextSummary" original_models=undefined -> resolved_models=[]
[9/19/2026, 8:29:08 PM.717] [Info] [AgentModelResolver] agent "contentAnalyzer" original_models=undefined -> resolved_models=[]
[9/19/2026, 8:29:08 PM.717] [Info] [AgentModelResolver] agent "terminalTitleGenerator" original_models=undefined -> resolved_models=[]
[9/19/2026, 8:29:08 PM.717] [Info] [AgentModelResolver] agent "promptSuggestion" original_models=undefined -> resolved_models=[]
[9/19/2026, 8:29:08 PM.717] [Info] [AgentModelResolver] agent "memorySelector" original_models=["lite"] -> resolved_models=["lite"]
[9/19/2026, 8:29:08 PM.717] [Info] [AgentModelResolver] agent "summaryGenerator" original_models=undefined -> resolved_models=[]
[9/19/2026, 8:29:08 PM.717] [Info] [AgentModelResolver] agent "autoModeClassifier" original_models=undefined -> resolved_models=[]
[9/19/2026, 8:29:08 PM.717] [Info] [AgentModelResolver] agent "promptHookEvaluator" original_models=["lite"] -> resolved_models=["lite"]
[9/19/2026, 8:29:08 PM.717] [Info] [AgentModelResolver] agent "insightsAnalyzer" original_models=undefined -> resolved_models=[]
[9/19/2026, 8:29:08 PM.717] [Info] [AgentModelResolver] agent "agentInstructions" original_models=undefined -> resolved_models=[]
[9/19/2026, 8:29:08 PM.717] [Info] [AgentModelResolver] agent "statusline-setup" original_models=undefined -> resolved_models=[]
[9/19/2026, 8:29:08 PM.717] [Info] [AgentModelResolver] agent "Explore" original_models=["lite"] -> resolved_models=["lite"]
[9/19/2026, 8:29:08 PM.717] [Info] [AgentModelResolver] agent "Plan" original_models=undefined -> resolved_models=[]
[9/19/2026, 8:29:08 PM.717] [Info] [AgentModelResolver] agent "pulse" original_models=undefined -> resolved_models=[]
[9/19/2026, 8:29:08 PM.717] [Info] [AgentModelResolver] agent "enhance-prompt" original_models=undefined -> resolved_models=[]
[9/19/2026, 8:29:08 PM.719] [Info] [Merge] Step 1 (local + overlay): localModels=42, overlayModels=51, mergedModels=51
[9/19/2026, 8:29:08 PM.719] [Info] [Merge] Step 2 (+enterprise): enterpriseModels=0, totalModels=51
[9/19/2026, 8:29:08 PM.719] [Info] [Merge] Step 3 (+custom): customModels=0, totalModels=51
[9/19/2026, 8:29:08 PM.719] [Info] [Merge] Step 4 (availableModels filter): finalModels=51, cli.models=["auto","hy4-preview-f","hy3","hy3-x","deepseek-v4.1-flash","glm-5.3","glm-5.3-flash","glm-5.2","glm-5.1","glm-5v-turbo","minimax-m3","kimi-k3-1","kimi-k2.8-preview","kimi-k2.7","kimi-k2.6","deepseek-v4-pro"]
[9/19/2026, 8:29:08 PM.782] [Info] [WeixinClawBotClient] pollLoop iteration begin {"iteration":22423,"cursorLen":96}
[9/19/2026, 8:29:11 PM.713] [Info] [CentrifugoClient] Connected successfully
[9/19/2026, 8:29:11 PM.713] [Info] [ClawService] Centrifugo status: connected
[9/19/2026, 8:29:11 PM.713] [Info] [CentrifugoClient] Subscribed to channel: copilot_workbuddy:fdee3d54-95b6-4e9c-aaff-50ad9505aab4_25e526bc70aeedffd6ce569154fcfedd_e76b49539422036c
[9/19/2026, 8:40:48 PM.722] [Info] [CentrifugoClient] Re-subscribing to copilot_workbuddy:fdee3d54-95b6-4e9c-aaff-50ad9505aab4_25e526bc70aeedffd6ce569154fcfedd_e76b49539422036c: transport closed (code: 1)
[9/19/2026, 8:40:48 PM.722] [Info] [CentrifugoClient] Reconnecting: no ping (code: 2)
[9/19/2026, 8:40:48 PM.722] [Info] [ClawService] Centrifugo status: connecting
[9/19/2026, 8:40:48 PM.722] [Info] [WorkbuddyEnterpriseModels] enterpriseId: undefined, endpoint: https://copilot.tencent.com
[9/19/2026, 8:40:48 PM.722] [Info] [AgentModelResolver] product config input: 42 models, 18 agents
[9/19/2026, 8:40:48 PM.722] [Info] [AgentModelResolver] model ids: default, deepseek-v4-pro, deepseek-v4-flash, deepseek-v3-2-volc, minimax-m2.5, minimax-m2.7, minimax-m3-play, glm-5.1, glm-5.0, glm-5.0-turbo, glm-5v-turbo, glm-4.7, glm-4.6, glm-4.6v, kimi-k2.6, kimi-k2.5, kimi-k2-thinking, hy3-preview-agent, hunyuan-chat, hunyuan-image-v3.0, auto, hy3-preview, hunyuan-2.0-thinking, deepseek-v3-1-volc, deepseek-v3-1-lkeap, deepseek-v3-1, deepseek-v3-0324-lkeap, deepseek-r1-0528-lkeap, kimi-k2-instruct-taiji, completion-gf, default-1.1, hunyuan-3b, hunyuan-7b-dense, codewise-completions, codewise-rewrite, codewise-nes-a4-027-aide, codewise-jump, deepseek-r1-0528, deepseek-v3-0324-taco-completion, deepseek-v3-0324, default-1.2, hunyuan-2.0-instruct
[9/19/2026, 8:40:48 PM.722] [Info] [AgentModelResolver] agent "cli" original_models=["auto","glm-5v-turbo","glm-5.1","glm-5.0-turbo","glm-5.0","glm-4.7","kimi-k2.5","minimax-m2.7","deepseek-v3-2-volc"] -> resolved_models=["auto","glm-5v-turbo","glm-5.1","glm-5.0-turbo","glm-5.0","glm-4.7","kimi-k2.5","minimax-m2.7","deepseek-v3-2-volc"]
[9/19/2026, 8:40:48 PM.722] [Info] [AgentModelResolver] agent "general-purpose" original_models=undefined -> resolved_models=[]
[9/19/2026, 8:40:48 PM.722] [Info] [AgentModelResolver] agent "compact" original_models=undefined -> resolved_models=[]
[9/19/2026, 8:40:48 PM.722] [Info] [AgentModelResolver] agent "contextSummary" original_models=undefined -> resolved_models=[]
[9/19/2026, 8:40:48 PM.722] [Info] [AgentModelResolver] agent "contentAnalyzer" original_models=undefined -> resolved_models=[]
[9/19/2026, 8:40:48 PM.722] [Info] [AgentModelResolver] agent "terminalTitleGenerator" original_models=undefined -> resolved_models=[]
[9/19/2026, 8:40:48 PM.722] [Info] [AgentModelResolver] agent "promptSuggestion" original_models=undefined -> resolved_models=[]
[9/19/2026, 8:40:48 PM.722] [Info] [AgentModelResolver] agent "memorySelector" original_models=["lite"] -> resolved_models=["lite"]
[9/19/2026, 8:40:48 PM.722] [Info] [AgentModelResolver] agent "summaryGenerator" original_models=undefined -> resolved_models=[]
[9/19/2026, 8:40:48 PM.722] [Info] [AgentModelResolver] agent "autoModeClassifier" original_models=undefined -> resolved_models=[]
[9/19/2026, 8:40:48 PM.722] [Info] [AgentModelResolver] agent "promptHookEvaluator" original_models=["lite"] -> resolved_models=["lite"]
[9/19/2026, 8:40:48 PM.722] [Info] [AgentModelResolver] agent "insightsAnalyzer" original_models=undefined -> resolved_models=[]
[9/19/2026, 8:40:48 PM.722] [Info] [AgentModelResolver] agent "agentInstructions" original_models=undefined -> resolved_models=[]
[9/19/2026, 8:40:48 PM.722] [Info] [AgentModelResolver] agent "statusline-setup" original_models=undefined -> resolved_models=[]
[9/19/2026, 8:40:48 PM.722] [Info] [AgentModelResolver] agent "Explore" original_models=["lite"] -> resolved_models=["lite"]
[9/19/2026, 8:40:48 PM.722] [Info] [AgentModelResolver] agent "Plan" original_models=undefined -> resolved_models=[]
[9/19/2026, 8:40:48 PM.722] [Info] [AgentModelResolver] agent "pulse" original_models=undefined -> resolved_models=[]
[9/19/2026, 8:40:48 PM.722] [Info] [AgentModelResolver] agent "enhance-prompt" original_models=undefined -> resolved_models=[]
[9/19/2026, 8:40:48 PM.725] [Info] [Merge] Step 1 (local + overlay): localModels=42, overlayModels=51, mergedModels=51
[9/19/2026, 8:40:48 PM.725] [Info] [Merge] Step 2 (+enterprise): enterpriseModels=0, totalModels=51
[9/19/2026, 8:40:48 PM.725] [Info] [Merge] Step 3 (+custom): customModels=0, totalModels=51
[9/19/2026, 8:40:48 PM.725] [Info] [Merge] Step 4 (availableModels filter): finalModels=51, cli.models=["auto","hy4-preview-f","hy3","hy3-x","deepseek-v4.1-flash","glm-5.3","glm-5.3-flash","glm-5.2","glm-5.1","glm-5v-turbo","minimax-m3","kimi-k3-1","kimi-k2.8-preview","kimi-k2.7","kimi-k2.6","deepseek-v4-pro"]
[9/19/2026, 8:40:48 PM.725] [Info] [WeixinClawBotClient] pollLoop getUpdates returned {"iteration":22423,"elapsedMs":699943,"ret":0,"hasBuf":true,"msgs":0}
[9/19/2026, 8:40:48 PM.725] [Info] [WorkbuddyEnterpriseModels] enterpriseId: undefined, endpoint: https://copilot.tencent.com
[9/19/2026, 8:40:48 PM.725] [Info] [AgentModelResolver] product config input: 42 models, 18 agents
[9/19/2026, 8:40:48 PM.725] [Info] [AgentModelResolver] model ids: default, deepseek-v4-pro, deepseek-v4-flash, deepseek-v3-2-volc, minimax-m2.5, minimax-m2.7, minimax-m3-play, glm-5.1, glm-5.0, glm-5.0-turbo, glm-5v-turbo, glm-4.7, glm-4.6, glm-4.6v, kimi-k2.6, kimi-k2.5, kimi-k2-thinking, hy3-preview-agent, hunyuan-chat, hunyuan-image-v3.0, auto, hy3-preview, hunyuan-2.0-thinking, deepseek-v3-1-volc, deepseek-v3-1-lkeap, deepseek-v3-1, deepseek-v3-0324-lkeap, deepseek-r1-0528-lkeap, kimi-k2-instruct-taiji, completion-gf, default-1.1, hunyuan-3b, hunyuan-7b-dense, codewise-completions, codewise-rewrite, codewise-nes-a4-027-aide, codewise-jump, deepseek-r1-0528, deepseek-v3-0324-taco-completion, deepseek-v3-0324, default-1.2, hunyuan-2.0-instruct
[9/19/2026, 8:40:48 PM.725] [Info] [AgentModelResolver] agent "cli" original_models=["auto","glm-5v-turbo","glm-5.1","glm-5.0-turbo","glm-5.0","glm-4.7","kimi-k2.5","minimax-m2.7","deepseek-v3-2-volc"] -> resolved_models=["auto","glm-5v-turbo","glm-5.1","glm-5.0-turbo","glm-5.0","glm-4.7","kimi-k2.5","minimax-m2.7","deepseek-v3-2-volc"]
[9/19/2026, 8:40:48 PM.725] [Info] [AgentModelResolver] agent "general-purpose" original_models=undefined -> resolved_models=[]
[9/19/2026, 8:40:48 PM.725] [Info] [AgentModelResolver] agent "compact" original_models=undefined -> resolved_models=[]
[9/19/2026, 8:40:48 PM.725] [Info] [AgentModelResolver] agent "contextSummary" original_models=undefined -> resolved_models=[]
[9/19/2026, 8:40:48 PM.725] [Info] [AgentModelResolver] agent "contentAnalyzer" original_models=undefined -> resolved_models=[]
[9/19/2026, 8:40:48 PM.725] [Info] [AgentModelResolver] agent "terminalTitleGenerator" original_models=undefined -> resolved_models=[]
[9/19/2026, 8:40:48 PM.725] [Info] [AgentModelResolver] agent "promptSuggestion" original_models=undefined -> resolved_models=[]
[9/19/2026, 8:40:48 PM.725] [Info] [AgentModelResolver] agent "memorySelector" original_models=["lite"] -> resolved_models=["lite"]
[9/19/2026, 8:40:48 PM.725] [Info] [AgentModelResolver] agent "summaryGenerator" original_models=undefined -> resolved_models=[]
[9/19/2026, 8:40:48 PM.725] [Info] [AgentModelResolver] agent "autoModeClassifier" original_models=undefined -> resolved_models=[]
[9/19/2026, 8:40:48 PM.725] [Info] [AgentModelResolver] agent "promptHookEvaluator" original_models=["lite"] -> resolved_models=["lite"]
[9/19/2026, 8:40:48 PM.725] [Info] [AgentModelResolver] agent "insightsAnalyzer" original_models=undefined -> resolved_models=[]
[9/19/2026, 8:40:48 PM.725] [Info] [AgentModelResolver] agent "agentInstructions" original_models=undefined -> resolved_models=[]
[9/19/2026, 8:40:48 PM.725] [Info] [AgentModelResolver] agent "statusline-setup" original_models=undefined -> resolved_models=[]
[9/19/2026, 8:40:48 PM.725] [Info] [AgentModelResolver] agent "Explore" original_models=["lite"] -> resolved_models=["lite"]
[9/19/2026, 8:40:48 PM.725] [Info] [AgentModelResolver] agent "Plan" original_models=undefined -> resolved_models=[]
[9/19/2026, 8:40:48 PM.725] [Info] [AgentModelResolver] agent "pulse" original_models=undefined -> resolved_models=[]
[9/19/2026, 8:40:48 PM.725] [Info] [AgentModelResolver] agent "enhance-prompt" original_models=undefined -> resolved_models=[]
[9/19/2026, 8:40:48 PM.734] [Info] [Merge] Step 1 (local + overlay): localModels=42, overlayModels=51, mergedModels=51
[9/19/2026, 8:40:48 PM.734] [Info] [Merge] Step 2 (+enterprise): enterpriseModels=0, totalModels=51
[9/19/2026, 8:40:48 PM.734] [Info] [Merge] Step 3 (+custom): customModels=0, totalModels=51
[9/19/2026, 8:40:48 PM.734] [Info] [Merge] Step 4 (availableModels filter): finalModels=51, cli.models=["auto","hy4-preview-f","hy3","hy3-x","deepseek-v4.1-flash","glm-5.3","glm-5.3-flash","glm-5.2","glm-5.1","glm-5v-turbo","minimax-m3","kimi-k3-1","kimi-k2.8-preview","kimi-k2.7","kimi-k2.6","deepseek-v4-pro"]
[9/19/2026, 8:40:48 PM.811] [Info] [WeixinClawBotClient] pollLoop iteration begin {"iteration":22424,"cursorLen":96}
[9/19/2026, 8:40:49 PM.432] [Info] [CentrifugoClient] Connected successfully
[9/19/2026, 8:40:49 PM.432] [Info] [ClawService] Centrifugo status: connected
[9/19/2026, 8:40:49 PM.435] [Info] [CentrifugoClient] Subscribed to channel: copilot_workbuddy:fdee3d54-95b6-4e9c-aaff-50ad9505aab4_25e526bc70aeedffd6ce569154fcfedd_e76b49539422036c
[9/19/2026, 8:56:54 PM.720] [Info] [CentrifugoClient] Re-subscribing to copilot_workbuddy:fdee3d54-95b6-4e9c-aaff-50ad9505aab4_25e526bc70aeedffd6ce569154fcfedd_e76b49539422036c: transport closed (code: 1)
[9/19/2026, 8:56:54 PM.720] [Info] [CentrifugoClient] Reconnecting: no ping (code: 2)
[9/19/2026, 8:56:54 PM.720] [Info] [ClawService] Centrifugo status: connecting
[9/19/2026, 8:56:54 PM.720] [Info] [WorkbuddyEnterpriseModels] enterpriseId: undefined, endpoint: https://copilot.tencent.com
[9/19/2026, 8:56:54 PM.720] [Info] [AgentModelResolver] product config input: 42 models, 18 agents
[9/19/2026, 8:56:54 PM.720] [Info] [AgentModelResolver] model ids: default, deepseek-v4-pro, deepseek-v4-flash, deepseek-v3-2-volc, minimax-m2.5, minimax-m2.7, minimax-m3-play, glm-5.1, glm-5.0, glm-5.0-turbo, glm-5v-turbo, glm-4.7, glm-4.6, glm-4.6v, kimi-k2.6, kimi-k2.5, kimi-k2-thinking, hy3-preview-agent, hunyuan-chat, hunyuan-image-v3.0, auto, hy3-preview, hunyuan-2.0-thinking, deepseek-v3-1-volc, deepseek-v3-1-lkeap, deepseek-v3-1, deepseek-v3-0324-lkeap, deepseek-r1-0528-lkeap, kimi-k2-instruct-taiji, completion-gf, default-1.1, hunyuan-3b, hunyuan-7b-dense, codewise-completions, codewise-rewrite, codewise-nes-a4-027-aide, codewise-jump, deepseek-r1-0528, deepseek-v3-0324-taco-completion, deepseek-v3-0324, default-1.2, hunyuan-2.0-instruct
[9/19/2026, 8:56:54 PM.720] [Info] [AgentModelResolver] agent "cli" original_models=["auto","glm-5v-turbo","glm-5.1","glm-5.0-turbo","glm-5.0","glm-4.7","kimi-k2.5","minimax-m2.7","deepseek-v3-2-volc"] -> resolved_models=["auto","glm-5v-turbo","glm-5.1","glm-5.0-turbo","glm-5.0","glm-4.7","kimi-k2.5","minimax-m2.7","deepseek-v3-2-volc"]
[9/19/2026, 8:56:54 PM.720] [Info] [AgentModelResolver] agent "general-purpose" original_models=undefined -> resolved_models=[]
[9/19/2026, 8:56:54 PM.720] [Info] [AgentModelResolver] agent "compact" original_models=undefined -> resolved_models=[]
[9/19/2026, 8:56:54 PM.720] [Info] [AgentModelResolver] agent "contextSummary" original_models=undefined -> resolved_models=[]
[9/19/2026, 8:56:54 PM.720] [Info] [AgentModelResolver] agent "contentAnalyzer" original_models=undefined -> resolved_models=[]
[9/19/2026, 8:56:54 PM.720] [Info] [AgentModelResolver] agent "terminalTitleGenerator" original_models=undefined -> resolved_models=[]
[9/19/2026, 8:56:54 PM.720] [Info] [AgentModelResolver] agent "promptSuggestion" original_models=undefined -> resolved_models=[]
[9/19/2026, 8:56:54 PM.720] [Info] [AgentModelResolver] agent "memorySelector" original_models=["lite"] -> resolved_models=["lite"]
[9/19/2026, 8:56:54 PM.720] [Info] [AgentModelResolver] agent "summaryGenerator" original_models=undefined -> resolved_models=[]
[9/19/2026, 8:56:54 PM.720] [Info] [AgentModelResolver] agent "autoModeClassifier" original_models=undefined -> resolved_models=[]
[9/19/2026, 8:56:54 PM.720] [Info] [AgentModelResolver] agent "promptHookEvaluator" original_models=["lite"] -> resolved_models=["lite"]
[9/19/2026, 8:56:54 PM.720] [Info] [AgentModelResolver] agent "insightsAnalyzer" original_models=undefined -> resolved_models=[]
[9/19/2026, 8:56:54 PM.720] [Info] [AgentModelResolver] agent "agentInstructions" original_models=undefined -> resolved_models=[]
[9/19/2026, 8:56:54 PM.720] [Info] [AgentModelResolver] agent "statusline-setup" original_models=undefined -> resolved_models=[]
[9/19/2026, 8:56:54 PM.720] [Info] [AgentModelResolver] agent "Explore" original_models=["lite"] -> resolved_models=["lite"]
[9/19/2026, 8:56:54 PM.720] [Info] [AgentModelResolver] agent "Plan" original_models=undefined -> resolved_models=[]
[9/19/2026, 8:56:54 PM.720] [Info] [AgentModelResolver] agent "pulse" original_models=undefined -> resolved_models=[]
[9/19/2026, 8:56:54 PM.720] [Info] [AgentModelResolver] agent "enhance-prompt" original_models=undefined -> resolved_models=[]
[9/19/2026, 8:56:54 PM.723] [Info] [Merge] Step 1 (local + overlay): localModels=42, overlayModels=51, mergedModels=51
[9/19/2026, 8:56:54 PM.723] [Info] [Merge] Step 2 (+enterprise): enterpriseModels=0, totalModels=51
[9/19/2026, 8:56:54 PM.723] [Info] [Merge] Step 3 (+custom): customModels=0, totalModels=51
[9/19/2026, 8:56:54 PM.723] [Info] [Merge] Step 4 (availableModels filter): finalModels=51, cli.models=["auto","hy4-preview-f","hy3","hy3-x","deepseek-v4.1-flash","glm-5.3","glm-5.3-flash","glm-5.2","glm-5.1","glm-5v-turbo","minimax-m3","kimi-k3-1","kimi-k2.8-preview","kimi-k2.7","kimi-k2.6","deepseek-v4-pro"]
[9/19/2026, 8:56:54 PM.723] [Info] [WeixinClawBotClient] pollLoop getUpdates returned {"iteration":22424,"elapsedMs":965912,"ret":0,"hasBuf":true,"msgs":0}
[9/19/2026, 8:56:54 PM.734] [Info] [WorkbuddyEnterpriseModels] enterpriseId: undefined, endpoint: https://copilot.tencent.com
[9/19/2026, 8:56:54 PM.734] [Info] [AgentModelResolver] product config input: 42 models, 18 agents
[9/19/2026, 8:56:54 PM.734] [Info] [AgentModelResolver] model ids: default, deepseek-v4-pro, deepseek-v4-flash, deepseek-v3-2-volc, minimax-m2.5, minimax-m2.7, minimax-m3-play, glm-5.1, glm-5.0, glm-5.0-turbo, glm-5v-turbo, glm-4.7, glm-4.6, glm-4.6v, kimi-k2.6, kimi-k2.5, kimi-k2-thinking, hy3-preview-agent, hunyuan-chat, hunyuan-image-v3.0, auto, hy3-preview, hunyuan-2.0-thinking, deepseek-v3-1-volc, deepseek-v3-1-lkeap, deepseek-v3-1, deepseek-v3-0324-lkeap, deepseek-r1-0528-lkeap, kimi-k2-instruct-taiji, completion-gf, default-1.1, hunyuan-3b, hunyuan-7b-dense, codewise-completions, codewise-rewrite, codewise-nes-a4-027-aide, codewise-jump, deepseek-r1-0528, deepseek-v3-0324-taco-completion, deepseek-v3-0324, default-1.2, hunyuan-2.0-instruct
[9/19/2026, 8:56:54 PM.734] [Info] [AgentModelResolver] agent "cli" original_models=["auto","glm-5v-turbo","glm-5.1","glm-5.0-turbo","glm-5.0","glm-4.7","kimi-k2.5","minimax-m2.7","deepseek-v3-2-volc"] -> resolved_models=["auto","glm-5v-turbo","glm-5.1","glm-5.0-turbo","glm-5.0","glm-4.7","kimi-k2.5","minimax-m2.7","deepseek-v3-2-volc"]
[9/19/2026, 8:56:54 PM.734] [Info] [AgentModelResolver] agent "general-purpose" original_models=undefined -> resolved_models=[]
[9/19/2026, 8:56:54 PM.734] [Info] [AgentModelResolver] agent "compact" original_models=undefined -> resolved_models=[]
[9/19/2026, 8:56:54 PM.734] [Info] [AgentModelResolver] agent "contextSummary" original_models=undefined -> resolved_models=[]
[9/19/2026, 8:56:54 PM.734] [Info] [AgentModelResolver] agent "contentAnalyzer" original_models=undefined -> resolved_models=[]
[9/19/2026, 8:56:54 PM.734] [Info] [AgentModelResolver] agent "terminalTitleGenerator" original_models=undefined -> resolved_models=[]
[9/19/2026, 8:56:54 PM.734] [Info] [AgentModelResolver] agent "promptSuggestion" original_models=undefined -> resolved_models=[]
[9/19/2026, 8:56:54 PM.734] [Info] [AgentModelResolver] agent "memorySelector" original_models=["lite"] -> resolved_models=["lite"]
[9/19/2026, 8:56:54 PM.734] [Info] [AgentModelResolver] agent "summaryGenerator" original_models=undefined -> resolved_models=[]
[9/19/2026, 8:56:54 PM.734] [Info] [AgentModelResolver] agent "autoModeClassifier" original_models=undefined -> resolved_models=[]
[9/19/2026, 8:56:54 PM.734] [Info] [AgentModelResolver] agent "promptHookEvaluator" original_models=["lite"] -> resolved_models=["lite"]
[9/19/2026, 8:56:54 PM.734] [Info] [AgentModelResolver] agent "insightsAnalyzer" original_models=undefined -> resolved_models=[]
[9/19/2026, 8:56:54 PM.734] [Info] [AgentModelResolver] agent "agentInstructions" original_models=undefined -> resolved_models=[]
[9/19/2026, 8:56:54 PM.734] [Info] [AgentModelResolver] agent "statusline-setup" original_models=undefined -> resolved_models=[]
[9/19/2026, 8:56:54 PM.734] [Info] [AgentModelResolver] agent "Explore" original_models=["lite"] -> resolved_models=["lite"]
[9/19/2026, 8:56:54 PM.734] [Info] [AgentModelResolver] agent "Plan" original_models=undefined -> resolved_models=[]
[9/19/2026, 8:56:54 PM.734] [Info] [AgentModelResolver] agent "pulse" original_models=undefined -> resolved_models=[]
[9/19/2026, 8:56:54 PM.734] [Info] [AgentModelResolver] agent "enhance-prompt" original_models=undefined -> resolved_models=[]
[9/19/2026, 8:56:54 PM.737] [Info] [Merge] Step 1 (local + overlay): localModels=42, overlayModels=51, mergedModels=51
[9/19/2026, 8:56:54 PM.737] [Info] [Merge] Step 2 (+enterprise): enterpriseModels=0, totalModels=51
[9/19/2026, 8:56:54 PM.737] [Info] [Merge] Step 3 (+custom): customModels=0, totalModels=51
[9/19/2026, 8:56:54 PM.737] [Info] [Merge] Step 4 (availableModels filter): finalModels=51, cli.models=["auto","hy4-preview-f","hy3","hy3-x","deepseek-v4.1-flash","glm-5.3","glm-5.3-flash","glm-5.2","glm-5.1","glm-5v-turbo","minimax-m3","kimi-k3-1","kimi-k2.8-preview","kimi-k2.7","kimi-k2.6","deepseek-v4-pro"]
[9/19/2026, 8:56:54 PM.796] [Info] [WeixinClawBotClient] pollLoop iteration begin {"iteration":22425,"cursorLen":96}
[9/19/2026, 8:56:55 PM.470] [Info] [CentrifugoClient] Connected successfully
[9/19/2026, 8:56:55 PM.470] [Info] [ClawService] Centrifugo status: connected
[9/19/2026, 8:56:55 PM.476] [Info] [CentrifugoClient] Subscribed to channel: copilot_workbuddy:fdee3d54-95b6-4e9c-aaff-50ad9505aab4_25e526bc70aeedffd6ce569154fcfedd_e76b49539422036c
[9/19/2026, 9:12:21 PM.711] [Info] [CentrifugoClient] Re-subscribing to copilot_workbuddy:fdee3d54-95b6-4e9c-aaff-50ad9505aab4_25e526bc70aeedffd6ce569154fcfedd_e76b49539422036c: transport closed (code: 1)
[9/19/2026, 9:12:21 PM.711] [Info] [CentrifugoClient] Reconnecting: no ping (code: 2)
[9/19/2026, 9:12:21 PM.711] [Info] [ClawService] Centrifugo status: connecting
[9/19/2026, 9:12:21 PM.711] [Info] [WorkbuddyEnterpriseModels] enterpriseId: undefined, endpoint: https://copilot.tencent.com
[9/19/2026, 9:12:21 PM.711] [Info] [AgentModelResolver] product config input: 42 models, 18 agents
[9/19/2026, 9:12:21 PM.711] [Info] [AgentModelResolver] model ids: default, deepseek-v4-pro, deepseek-v4-flash, deepseek-v3-2-volc, minimax-m2.5, minimax-m2.7, minimax-m3-play, glm-5.1, glm-5.0, glm-5.0-turbo, glm-5v-turbo, glm-4.7, glm-4.6, glm-4.6v, kimi-k2.6, kimi-k2.5, kimi-k2-thinking, hy3-preview-agent, hunyuan-chat, hunyuan-image-v3.0, auto, hy3-preview, hunyuan-2.0-thinking, deepseek-v3-1-volc, deepseek-v3-1-lkeap, deepseek-v3-1, deepseek-v3-0324-lkeap, deepseek-r1-0528-lkeap, kimi-k2-instruct-taiji, completion-gf, default-1.1, hunyuan-3b, hunyuan-7b-dense, codewise-completions, codewise-rewrite, codewise-nes-a4-027-aide, codewise-jump, deepseek-r1-0528, deepseek-v3-0324-taco-completion, deepseek-v3-0324, default-1.2, hunyuan-2.0-instruct
[9/19/2026, 9:12:21 PM.711] [Info] [AgentModelResolver] agent "cli" original_models=["auto","glm-5v-turbo","glm-5.1","glm-5.0-turbo","glm-5.0","glm-4.7","kimi-k2.5","minimax-m2.7","deepseek-v3-2-volc"] -> resolved_models=["auto","glm-5v-turbo","glm-5.1","glm-5.0-turbo","glm-5.0","glm-4.7","kimi-k2.5","minimax-m2.7","deepseek-v3-2-volc"]
[9/19/2026, 9:12:21 PM.711] [Info] [AgentModelResolver] agent "general-purpose" original_models=undefined -> resolved_models=[]
[9/19/2026, 9:12:21 PM.711] [Info] [AgentModelResolver] agent "compact" original_models=undefined -> resolved_models=[]
[9/19/2026, 9:12:21 PM.711] [Info] [AgentModelResolver] agent "contextSummary" original_models=undefined -> resolved_models=[]
[9/19/2026, 9:12:21 PM.711] [Info] [AgentModelResolver] agent "contentAnalyzer" original_models=undefined -> resolved_models=[]
[9/19/2026, 9:12:21 PM.711] [Info] [AgentModelResolver] agent "terminalTitleGenerator" original_models=undefined -> resolved_models=[]
[9/19/2026, 9:12:21 PM.711] [Info] [AgentModelResolver] agent "promptSuggestion" original_models=undefined -> resolved_models=[]
[9/19/2026, 9:12:21 PM.711] [Info] [AgentModelResolver] agent "memorySelector" original_models=["lite"] -> resolved_models=["lite"]
[9/19/2026, 9:12:21 PM.711] [Info] [AgentModelResolver] agent "summaryGenerator" original_models=undefined -> resolved_models=[]
[9/19/2026, 9:12:21 PM.711] [Info] [AgentModelResolver] agent "autoModeClassifier" original_models=undefined -> resolved_models=[]
[9/19/2026, 9:12:21 PM.711] [Info] [AgentModelResolver] agent "promptHookEvaluator" original_models=["lite"] -> resolved_models=["lite"]
[9/19/2026, 9:12:21 PM.711] [Info] [AgentModelResolver] agent "insightsAnalyzer" original_models=undefined -> resolved_models=[]
[9/19/2026, 9:12:21 PM.711] [Info] [AgentModelResolver] agent "agentInstructions" original_models=undefined -> resolved_models=[]
[9/19/2026, 9:12:21 PM.711] [Info] [AgentModelResolver] agent "statusline-setup" original_models=undefined -> resolved_models=[]
[9/19/2026, 9:12:21 PM.711] [Info] [AgentModelResolver] agent "Explore" original_models=["lite"] -> resolved_models=["lite"]
[9/19/2026, 9:12:21 PM.711] [Info] [AgentModelResolver] agent "Plan" original_models=undefined -> resolved_models=[]
[9/19/2026, 9:12:21 PM.711] [Info] [AgentModelResolver] agent "pulse" original_models=undefined -> resolved_models=[]
[9/19/2026, 9:12:21 PM.711] [Info] [AgentModelResolver] agent "enhance-prompt" original_models=undefined -> resolved_models=[]
[9/19/2026, 9:12:21 PM.716] [Info] [Merge] Step 1 (local + overlay): localModels=42, overlayModels=51, mergedModels=51
[9/19/2026, 9:12:21 PM.716] [Info] [Merge] Step 2 (+enterprise): enterpriseModels=0, totalModels=51
[9/19/2026, 9:12:21 PM.716] [Info] [Merge] Step 3 (+custom): customModels=0, totalModels=51
[9/19/2026, 9:12:21 PM.716] [Info] [Merge] Step 4 (availableModels filter): finalModels=51, cli.models=["auto","hy4-preview-f","hy3","hy3-x","deepseek-v4.1-flash","glm-5.3","glm-5.3-flash","glm-5.2","glm-5.1","glm-5v-turbo","minimax-m3","kimi-k3-1","kimi-k2.8-preview","kimi-k2.7","kimi-k2.6","deepseek-v4-pro"]
[9/19/2026, 9:12:21 PM.716] [Info] [WeixinClawBotClient] pollLoop getUpdates returned {"iteration":22425,"elapsedMs":926920,"ret":0,"hasBuf":true,"msgs":0}
[9/19/2026, 9:12:21 PM.717] [Info] [WorkbuddyEnterpriseModels] enterpriseId: undefined, endpoint: https://copilot.tencent.com
[9/19/2026, 9:12:21 PM.717] [Info] [AgentModelResolver] product config input: 42 models, 18 agents
[9/19/2026, 9:12:21 PM.717] [Info] [AgentModelResolver] model ids: default, deepseek-v4-pro, deepseek-v4-flash, deepseek-v3-2-volc, minimax-m2.5, minimax-m2.7, minimax-m3-play, glm-5.1, glm-5.0, glm-5.0-turbo, glm-5v-turbo, glm-4.7, glm-4.6, glm-4.6v, kimi-k2.6, kimi-k2.5, kimi-k2-thinking, hy3-preview-agent, hunyuan-chat, hunyuan-image-v3.0, auto, hy3-preview, hunyuan-2.0-thinking, deepseek-v3-1-volc, deepseek-v3-1-lkeap, deepseek-v3-1, deepseek-v3-0324-lkeap, deepseek-r1-0528-lkeap, kimi-k2-instruct-taiji, completion-gf, default-1.1, hunyuan-3b, hunyuan-7b-dense, codewise-completions, codewise-rewrite, codewise-nes-a4-027-aide, codewise-jump, deepseek-r1-0528, deepseek-v3-0324-taco-completion, deepseek-v3-0324, default-1.2, hunyuan-2.0-instruct
[9/19/2026, 9:12:21 PM.717] [Info] [AgentModelResolver] agent "cli" original_models=["auto","glm-5v-turbo","glm-5.1","glm-5.0-turbo","glm-5.0","glm-4.7","kimi-k2.5","minimax-m2.7","deepseek-v3-2-volc"] -> resolved_models=["auto","glm-5v-turbo","glm-5.1","glm-5.0-turbo","glm-5.0","glm-4.7","kimi-k2.5","minimax-m2.7","deepseek-v3-2-volc"]
[9/19/2026, 9:12:21 PM.717] [Info] [AgentModelResolver] agent "general-purpose" original_models=undefined -> resolved_models=[]
[9/19/2026, 9:12:21 PM.717] [Info] [AgentModelResolver] agent "compact" original_models=undefined -> resolved_models=[]
[9/19/2026, 9:12:21 PM.717] [Info] [AgentModelResolver] agent "contextSummary" original_models=undefined -> resolved_models=[]
[9/19/2026, 9:12:21 PM.717] [Info] [AgentModelResolver] agent "contentAnalyzer" original_models=undefined -> resolved_models=[]
[9/19/2026, 9:12:21 PM.717] [Info] [AgentModelResolver] agent "terminalTitleGenerator" original_models=undefined -> resolved_models=[]
[9/19/2026, 9:12:21 PM.717] [Info] [AgentModelResolver] agent "promptSuggestion" original_models=undefined -> resolved_models=[]
[9/19/2026, 9:12:21 PM.717] [Info] [AgentModelResolver] agent "memorySelector" original_models=["lite"] -> resolved_models=["lite"]
[9/19/2026, 9:12:21 PM.717] [Info] [AgentModelResolver] agent "summaryGenerator" original_models=undefined -> resolved_models=[]
[9/19/2026, 9:12:21 PM.717] [Info] [AgentModelResolver] agent "autoModeClassifier" original_models=undefined -> resolved_models=[]
[9/19/2026, 9:12:21 PM.717] [Info] [AgentModelResolver] agent "promptHookEvaluator" original_models=["lite"] -> resolved_models=["lite"]
[9/19/2026, 9:12:21 PM.717] [Info] [AgentModelResolver] agent "insightsAnalyzer" original_models=undefined -> resolved_models=[]
[9/19/2026, 9:12:21 PM.717] [Info] [AgentModelResolver] agent "agentInstructions" original_models=undefined -> resolved_models=[]
[9/19/2026, 9:12:21 PM.717] [Info] [AgentModelResolver] agent "statusline-setup" original_models=undefined -> resolved_models=[]
[9/19/2026, 9:12:21 PM.717] [Info] [AgentModelResolver] agent "Explore" original_models=["lite"] -> resolved_models=["lite"]
[9/19/2026, 9:12:21 PM.717] [Info] [AgentModelResolver] agent "Plan" original_models=undefined -> resolved_models=[]
[9/19/2026, 9:12:21 PM.717] [Info] [AgentModelResolver] agent "pulse" original_models=undefined -> resolved_models=[]
[9/19/2026, 9:12:21 PM.717] [Info] [AgentModelResolver] agent "enhance-prompt" original_models=undefined -> resolved_models=[]
[9/19/2026, 9:12:21 PM.722] [Info] [Merge] Step 1 (local + overlay): localModels=42, overlayModels=51, mergedModels=51
[9/19/2026, 9:12:21 PM.722] [Info] [Merge] Step 2 (+enterprise): enterpriseModels=0, totalModels=51
[9/19/2026, 9:12:21 PM.722] [Info] [Merge] Step 3 (+custom): customModels=0, totalModels=51
[9/19/2026, 9:12:21 PM.722] [Info] [Merge] Step 4 (availableModels filter): finalModels=51, cli.models=["auto","hy4-preview-f","hy3","hy3-x","deepseek-v4.1-flash","glm-5.3","glm-5.3-flash","glm-5.2","glm-5.1","glm-5v-turbo","minimax-m3","kimi-k3-1","kimi-k2.8-preview","kimi-k2.7","kimi-k2.6","deepseek-v4-pro"]
[9/19/2026, 9:12:21 PM.795] [Info] [WeixinClawBotClient] pollLoop iteration begin {"iteration":22426,"cursorLen":96}
[9/19/2026, 9:12:22 PM.667] [Info] [CentrifugoClient] Connected successfully
[9/19/2026, 9:12:22 PM.667] [Info] [ClawService] Centrifugo status: connected
[9/19/2026, 9:12:22 PM.676] [Info] [CentrifugoClient] Subscribed to channel: copilot_workbuddy:fdee3d54-95b6-4e9c-aaff-50ad9505aab4_25e526bc70aeedffd6ce569154fcfedd_e76b49539422036c
[9/19/2026, 9:27:42 PM.713] [Info] [CentrifugoClient] Re-subscribing to copilot_workbuddy:fdee3d54-95b6-4e9c-aaff-50ad9505aab4_25e526bc70aeedffd6ce569154fcfedd_e76b49539422036c: transport closed (code: 1)
[9/19/2026, 9:27:42 PM.713] [Info] [CentrifugoClient] Reconnecting: no ping (code: 2)
[9/19/2026, 9:27:42 PM.713] [Info] [ClawService] Centrifugo status: connecting
[9/19/2026, 9:27:42 PM.715] [Info] [WorkbuddyEnterpriseModels] enterpriseId: undefined, endpoint: https://copilot.tencent.com
[9/19/2026, 9:27:42 PM.716] [Info] [AgentModelResolver] product config input: 42 models, 18 agents
[9/19/2026, 9:27:42 PM.716] [Info] [AgentModelResolver] model ids: default, deepseek-v4-pro, deepseek-v4-flash, deepseek-v3-2-volc, minimax-m2.5, minimax-m2.7, minimax-m3-play, glm-5.1, glm-5.0, glm-5.0-turbo, glm-5v-turbo, glm-4.7, glm-4.6, glm-4.6v, kimi-k2.6, kimi-k2.5, kimi-k2-thinking, hy3-preview-agent, hunyuan-chat, hunyuan-image-v3.0, auto, hy3-preview, hunyuan-2.0-thinking, deepseek-v3-1-volc, deepseek-v3-1-lkeap, deepseek-v3-1, deepseek-v3-0324-lkeap, deepseek-r1-0528-lkeap, kimi-k2-instruct-taiji, completion-gf, default-1.1, hunyuan-3b, hunyuan-7b-dense, codewise-completions, codewise-rewrite, codewise-nes-a4-027-aide, codewise-jump, deepseek-r1-0528, deepseek-v3-0324-taco-completion, deepseek-v3-0324, default-1.2, hunyuan-2.0-instruct
[9/19/2026, 9:27:42 PM.716] [Info] [AgentModelResolver] agent "cli" original_models=["auto","glm-5v-turbo","glm-5.1","glm-5.0-turbo","glm-5.0","glm-4.7","kimi-k2.5","minimax-m2.7","deepseek-v3-2-volc"] -> resolved_models=["auto","glm-5v-turbo","glm-5.1","glm-5.0-turbo","glm-5.0","glm-4.7","kimi-k2.5","minimax-m2.7","deepseek-v3-2-volc"]
[9/19/2026, 9:27:42 PM.716] [Info] [AgentModelResolver] agent "general-purpose" original_models=undefined -> resolved_models=[]
[9/19/2026, 9:27:42 PM.716] [Info] [AgentModelResolver] agent "compact" original_models=undefined -> resolved_models=[]
[9/19/2026, 9:27:42 PM.716] [Info] [AgentModelResolver] agent "contextSummary" original_models=undefined -> resolved_models=[]
[9/19/2026, 9:27:42 PM.716] [Info] [AgentModelResolver] agent "contentAnalyzer" original_models=undefined -> resolved_models=[]
[9/19/2026, 9:27:42 PM.716] [Info] [AgentModelResolver] agent "terminalTitleGenerator" original_models=undefined -> resolved_models=[]
[9/19/2026, 9:27:42 PM.716] [Info] [AgentModelResolver] agent "promptSuggestion" original_models=undefined -> resolved_models=[]
[9/19/2026, 9:27:42 PM.716] [Info] [AgentModelResolver] agent "memorySelector" original_models=["lite"] -> resolved_models=["lite"]
[9/19/2026, 9:27:42 PM.716] [Info] [AgentModelResolver] agent "summaryGenerator" original_models=undefined -> resolved_models=[]
[9/19/2026, 9:27:42 PM.716] [Info] [AgentModelResolver] agent "autoModeClassifier" original_models=undefined -> resolved_models=[]
[9/19/2026, 9:27:42 PM.716] [Info] [AgentModelResolver] agent "promptHookEvaluator" original_models=["lite"] -> resolved_models=["lite"]
[9/19/2026, 9:27:42 PM.716] [Info] [AgentModelResolver] agent "insightsAnalyzer" original_models=undefined -> resolved_models=[]
[9/19/2026, 9:27:42 PM.716] [Info] [AgentModelResolver] agent "agentInstructions" original_models=undefined -> resolved_models=[]
[9/19/2026, 9:27:42 PM.716] [Info] [AgentModelResolver] agent "statusline-setup" original_models=undefined -> resolved_models=[]
[9/19/2026, 9:27:42 PM.716] [Info] [AgentModelResolver] agent "Explore" original_models=["lite"] -> resolved_models=["lite"]
[9/19/2026, 9:27:42 PM.716] [Info] [AgentModelResolver] agent "Plan" original_models=undefined -> resolved_models=[]
[9/19/2026, 9:27:42 PM.716] [Info] [AgentModelResolver] agent "pulse" original_models=undefined -> resolved_models=[]
[9/19/2026, 9:27:42 PM.716] [Info] [AgentModelResolver] agent "enhance-prompt" original_models=undefined -> resolved_models=[]
[9/19/2026, 9:27:42 PM.724] [Info] [Merge] Step 1 (local + overlay): localModels=42, overlayModels=51, mergedModels=51
[9/19/2026, 9:27:42 PM.724] [Info] [Merge] Step 2 (+enterprise): enterpriseModels=0, totalModels=51
[9/19/2026, 9:27:42 PM.724] [Info] [Merge] Step 3 (+custom): customModels=0, totalModels=51
[9/19/2026, 9:27:42 PM.724] [Info] [Merge] Step 4 (availableModels filter): finalModels=51, cli.models=["auto","hy4-preview-f","hy3","hy3-x","deepseek-v4.1-flash","glm-5.3","glm-5.3-flash","glm-5.2","glm-5.1","glm-5v-turbo","minimax-m3","kimi-k3-1","kimi-k2.8-preview","kimi-k2.7","kimi-k2.6","deepseek-v4-pro"]
[9/19/2026, 9:27:42 PM.724] [Info] [WeixinClawBotClient] pollLoop getUpdates returned {"iteration":22426,"elapsedMs":920930,"ret":0,"hasBuf":true,"msgs":0}
[9/19/2026, 9:27:42 PM.725] [Info] [WorkbuddyEnterpriseModels] enterpriseId: undefined, endpoint: https://copilot.tencent.com
[9/19/2026, 9:27:42 PM.726] [Info] [AgentModelResolver] product config input: 42 models, 18 agents
[9/19/2026, 9:27:42 PM.726] [Info] [AgentModelResolver] model ids: default, deepseek-v4-pro, deepseek-v4-flash, deepseek-v3-2-volc, minimax-m2.5, minimax-m2.7, minimax-m3-play, glm-5.1, glm-5.0, glm-5.0-turbo, glm-5v-turbo, glm-4.7, glm-4.6, glm-4.6v, kimi-k2.6, kimi-k2.5, kimi-k2-thinking, hy3-preview-agent, hunyuan-chat, hunyuan-image-v3.0, auto, hy3-preview, hunyuan-2.0-thinking, deepseek-v3-1-volc, deepseek-v3-1-lkeap, deepseek-v3-1, deepseek-v3-0324-lkeap, deepseek-r1-0528-lkeap, kimi-k2-instruct-taiji, completion-gf, default-1.1, hunyuan-3b, hunyuan-7b-dense, codewise-completions, codewise-rewrite, codewise-nes-a4-027-aide, codewise-jump, deepseek-r1-0528, deepseek-v3-0324-taco-completion, deepseek-v3-0324, default-1.2, hunyuan-2.0-instruct
[9/19/2026, 9:27:42 PM.726] [Info] [AgentModelResolver] agent "cli" original_models=["auto","glm-5v-turbo","glm-5.1","glm-5.0-turbo","glm-5.0","glm-4.7","kimi-k2.5","minimax-m2.7","deepseek-v3-2-volc"] -> resolved_models=["auto","glm-5v-turbo","glm-5.1","glm-5.0-turbo","glm-5.0","glm-4.7","kimi-k2.5","minimax-m2.7","deepseek-v3-2-volc"]
[9/19/2026, 9:27:42 PM.726] [Info] [AgentModelResolver] agent "general-purpose" original_models=undefined -> resolved_models=[]
[9/19/2026, 9:27:42 PM.726] [Info] [AgentModelResolver] agent "compact" original_models=undefined -> resolved_models=[]
[9/19/2026, 9:27:42 PM.726] [Info] [AgentModelResolver] agent "contextSummary" original_models=undefined -> resolved_models=[]
[9/19/2026, 9:27:42 PM.726] [Info] [AgentModelResolver] agent "contentAnalyzer" original_models=undefined -> resolved_models=[]
[9/19/2026, 9:27:42 PM.726] [Info] [AgentModelResolver] agent "terminalTitleGenerator" original_models=undefined -> resolved_models=[]
[9/19/2026, 9:27:42 PM.726] [Info] [AgentModelResolver] agent "promptSuggestion" original_models=undefined -> resolved_models=[]
[9/19/2026, 9:27:42 PM.726] [Info] [AgentModelResolver] agent "memorySelector" original_models=["lite"] -> resolved_models=["lite"]
[9/19/2026, 9:27:42 PM.726] [Info] [AgentModelResolver] agent "summaryGenerator" original_models=undefined -> resolved_models=[]
[9/19/2026, 9:27:42 PM.726] [Info] [AgentModelResolver] agent "autoModeClassifier" original_models=undefined -> resolved_models=[]
[9/19/2026, 9:27:42 PM.726] [Info] [AgentModelResolver] agent "promptHookEvaluator" original_models=["lite"] -> resolved_models=["lite"]
[9/19/2026, 9:27:42 PM.726] [Info] [AgentModelResolver] agent "insightsAnalyzer" original_models=undefined -> resolved_models=[]
[9/19/2026, 9:27:42 PM.726] [Info] [AgentModelResolver] agent "agentInstructions" original_models=undefined -> resolved_models=[]
[9/19/2026, 9:27:42 PM.726] [Info] [AgentModelResolver] agent "statusline-setup" original_models=undefined -> resolved_models=[]
[9/19/2026, 9:27:42 PM.726] [Info] [AgentModelResolver] agent "Explore" original_models=["lite"] -> resolved_models=["lite"]
[9/19/2026, 9:27:42 PM.726] [Info] [AgentModelResolver] agent "Plan" original_models=undefined -> resolved_models=[]
[9/19/2026, 9:27:42 PM.726] [Info] [AgentModelResolver] agent "pulse" original_models=undefined -> resolved_models=[]
[9/19/2026, 9:27:42 PM.726] [Info] [AgentModelResolver] agent "enhance-prompt" original_models=undefined -> resolved_models=[]
[9/19/2026, 9:27:42 PM.730] [Info] [Merge] Step 1 (local + overlay): localModels=42, overlayModels=51, mergedModels=51
[9/19/2026, 9:27:42 PM.730] [Info] [Merge] Step 2 (+enterprise): enterpriseModels=0, totalModels=51
[9/19/2026, 9:27:42 PM.730] [Info] [Merge] Step 3 (+custom): customModels=0, totalModels=51
[9/19/2026, 9:27:42 PM.730] [Info] [Merge] Step 4 (availableModels filter): finalModels=51, cli.models=["auto","hy4-preview-f","hy3","hy3-x","deepseek-v4.1-flash","glm-5.3","glm-5.3-flash","glm-5.2","glm-5.1","glm-5v-turbo","minimax-m3","kimi-k3-1","kimi-k2.8-preview","kimi-k2.7","kimi-k2.6","deepseek-v4-pro"]
[9/19/2026, 9:27:42 PM.804] [Info] [WeixinClawBotClient] pollLoop iteration begin {"iteration":22427,"cursorLen":96}
[9/19/2026, 9:27:43 PM.894] [Info] [CentrifugoClient] Connected successfully
[9/19/2026, 9:27:43 PM.894] [Info] [ClawService] Centrifugo status: connected
[9/19/2026, 9:27:43 PM.894] [Info] [CentrifugoClient] Subscribed to channel: copilot_workbuddy:fdee3d54-95b6-4e9c-aaff-50ad9505aab4_25e526bc70aeedffd6ce569154fcfedd_e76b49539422036c
[9/19/2026, 9:41:48 PM.716] [Info] [CentrifugoClient] Re-subscribing to copilot_workbuddy:fdee3d54-95b6-4e9c-aaff-50ad9505aab4_25e526bc70aeedffd6ce569154fcfedd_e76b49539422036c: transport closed (code: 1)
[9/19/2026, 9:41:48 PM.716] [Info] [CentrifugoClient] Reconnecting: no ping (code: 2)
[9/19/2026, 9:41:48 PM.716] [Info] [ClawService] Centrifugo status: connecting
[9/19/2026, 9:41:48 PM.716] [Info] [WorkbuddyEnterpriseModels] enterpriseId: undefined, endpoint: https://copilot.tencent.com
[9/19/2026, 9:41:48 PM.716] [Info] [AgentModelResolver] product config input: 42 models, 18 agents
[9/19/2026, 9:41:48 PM.716] [Info] [AgentModelResolver] model ids: default, deepseek-v4-pro, deepseek-v4-flash, deepseek-v3-2-volc, minimax-m2.5, minimax-m2.7, minimax-m3-play, glm-5.1, glm-5.0, glm-5.0-turbo, glm-5v-turbo, glm-4.7, glm-4.6, glm-4.6v, kimi-k2.6, kimi-k2.5, kimi-k2-thinking, hy3-preview-agent, hunyuan-chat, hunyuan-image-v3.0, auto, hy3-preview, hunyuan-2.0-thinking, deepseek-v3-1-volc, deepseek-v3-1-lkeap, deepseek-v3-1, deepseek-v3-0324-lkeap, deepseek-r1-0528-lkeap, kimi-k2-instruct-taiji, completion-gf, default-1.1, hunyuan-3b, hunyuan-7b-dense, codewise-completions, codewise-rewrite, codewise-nes-a4-027-aide, codewise-jump, deepseek-r1-0528, deepseek-v3-0324-taco-completion, deepseek-v3-0324, default-1.2, hunyuan-2.0-instruct
[9/19/2026, 9:41:48 PM.716] [Info] [AgentModelResolver] agent "cli" original_models=["auto","glm-5v-turbo","glm-5.1","glm-5.0-turbo","glm-5.0","glm-4.7","kimi-k2.5","minimax-m2.7","deepseek-v3-2-volc"] -> resolved_models=["auto","glm-5v-turbo","glm-5.1","glm-5.0-turbo","glm-5.0","glm-4.7","kimi-k2.5","minimax-m2.7","deepseek-v3-2-volc"]
[9/19/2026, 9:41:48 PM.716] [Info] [AgentModelResolver] agent "general-purpose" original_models=undefined -> resolved_models=[]
[9/19/2026, 9:41:48 PM.716] [Info] [AgentModelResolver] agent "compact" original_models=undefined -> resolved_models=[]
[9/19/2026, 9:41:48 PM.716] [Info] [AgentModelResolver] agent "contextSummary" original_models=undefined -> resolved_models=[]
[9/19/2026, 9:41:48 PM.716] [Info] [AgentModelResolver] agent "contentAnalyzer" original_models=undefined -> resolved_models=[]
[9/19/2026, 9:41:48 PM.716] [Info] [AgentModelResolver] agent "terminalTitleGenerator" original_models=undefined -> resolved_models=[]
[9/19/2026, 9:41:48 PM.716] [Info] [AgentModelResolver] agent "promptSuggestion" original_models=undefined -> resolved_models=[]
[9/19/2026, 9:41:48 PM.716] [Info] [AgentModelResolver] agent "memorySelector" original_models=["lite"] -> resolved_models=["lite"]
[9/19/2026, 9:41:48 PM.716] [Info] [AgentModelResolver] agent "summaryGenerator" original_models=undefined -> resolved_models=[]
[9/19/2026, 9:41:48 PM.716] [Info] [AgentModelResolver] agent "autoModeClassifier" original_models=undefined -> resolved_models=[]
[9/19/2026, 9:41:48 PM.716] [Info] [AgentModelResolver] agent "promptHookEvaluator" original_models=["lite"] -> resolved_models=["lite"]
[9/19/2026, 9:41:48 PM.716] [Info] [AgentModelResolver] agent "insightsAnalyzer" original_models=undefined -> resolved_models=[]
[9/19/2026, 9:41:48 PM.716] [Info] [AgentModelResolver] agent "agentInstructions" original_models=undefined -> resolved_models=[]
[9/19/2026, 9:41:48 PM.716] [Info] [AgentModelResolver] agent "statusline-setup" original_models=undefined -> resolved_models=[]
[9/19/2026, 9:41:48 PM.716] [Info] [AgentModelResolver] agent "Explore" original_models=["lite"] -> resolved_models=["lite"]
[9/19/2026, 9:41:48 PM.716] [Info] [AgentModelResolver] agent "Plan" original_models=undefined -> resolved_models=[]
[9/19/2026, 9:41:48 PM.716] [Info] [AgentModelResolver] agent "pulse" original_models=undefined -> resolved_models=[]
[9/19/2026, 9:41:48 PM.716] [Info] [AgentModelResolver] agent "enhance-prompt" original_models=undefined -> resolved_models=[]
[9/19/2026, 9:41:48 PM.737] [Info] [Merge] Step 1 (local + overlay): localModels=42, overlayModels=51, mergedModels=51
[9/19/2026, 9:41:48 PM.737] [Info] [Merge] Step 2 (+enterprise): enterpriseModels=0, totalModels=51
[9/19/2026, 9:41:48 PM.737] [Info] [Merge] Step 3 (+custom): customModels=0, totalModels=51
[9/19/2026, 9:41:48 PM.737] [Info] [Merge] Step 4 (availableModels filter): finalModels=51, cli.models=["auto","hy4-preview-f","hy3","hy3-x","deepseek-v4.1-flash","glm-5.3","glm-5.3-flash","glm-5.2","glm-5.1","glm-5v-turbo","minimax-m3","kimi-k3-1","kimi-k2.8-preview","kimi-k2.7","kimi-k2.6","deepseek-v4-pro"]
[9/19/2026, 9:41:48 PM.738] [Info] [WeixinClawBotClient] pollLoop getUpdates returned {"iteration":22427,"elapsedMs":845934,"ret":0,"hasBuf":true,"msgs":0}
[9/19/2026, 9:41:48 PM.738] [Info] [WorkbuddyEnterpriseModels] enterpriseId: undefined, endpoint: https://copilot.tencent.com
[9/19/2026, 9:41:48 PM.738] [Info] [AgentModelResolver] product config input: 42 models, 18 agents
[9/19/2026, 9:41:48 PM.738] [Info] [AgentModelResolver] model ids: default, deepseek-v4-pro, deepseek-v4-flash, deepseek-v3-2-volc, minimax-m2.5, minimax-m2.7, minimax-m3-play, glm-5.1, glm-5.0, glm-5.0-turbo, glm-5v-turbo, glm-4.7, glm-4.6, glm-4.6v, kimi-k2.6, kimi-k2.5, kimi-k2-thinking, hy3-preview-agent, hunyuan-chat, hunyuan-image-v3.0, auto, hy3-preview, hunyuan-2.0-thinking, deepseek-v3-1-volc, deepseek-v3-1-lkeap, deepseek-v3-1, deepseek-v3-0324-lkeap, deepseek-r1-0528-lkeap, kimi-k2-instruct-taiji, completion-gf, default-1.1, hunyuan-3b, hunyuan-7b-dense, codewise-completions, codewise-rewrite, codewise-nes-a4-027-aide, codewise-jump, deepseek-r1-0528, deepseek-v3-0324-taco-completion, deepseek-v3-0324, default-1.2, hunyuan-2.0-instruct
[9/19/2026, 9:41:48 PM.738] [Info] [AgentModelResolver] agent "cli" original_models=["auto","glm-5v-turbo","glm-5.1","glm-5.0-turbo","glm-5.0","glm-4.7","kimi-k2.5","minimax-m2.7","deepseek-v3-2-volc"] -> resolved_models=["auto","glm-5v-turbo","glm-5.1","glm-5.0-turbo","glm-5.0","glm-4.7","kimi-k2.5","minimax-m2.7","deepseek-v3-2-volc"]
[9/19/2026, 9:41:48 PM.738] [Info] [AgentModelResolver] agent "general-purpose" original_models=undefined -> resolved_models=[]
[9/19/2026, 9:41:48 PM.738] [Info] [AgentModelResolver] agent "compact" original_models=undefined -> resolved_models=[]
[9/19/2026, 9:41:48 PM.738] [Info] [AgentModelResolver] agent "contextSummary" original_models=undefined -> resolved_models=[]
[9/19/2026, 9:41:48 PM.738] [Info] [AgentModelResolver] agent "contentAnalyzer" original_models=undefined -> resolved_models=[]
[9/19/2026, 9:41:48 PM.738] [Info] [AgentModelResolver] agent "terminalTitleGenerator" original_models=undefined -> resolved_models=[]
[9/19/2026, 9:41:48 PM.738] [Info] [AgentModelResolver] agent "promptSuggestion" original_models=undefined -> resolved_models=[]
[9/19/2026, 9:41:48 PM.738] [Info] [AgentModelResolver] agent "memorySelector" original_models=["lite"] -> resolved_models=["lite"]
[9/19/2026, 9:41:48 PM.738] [Info] [AgentModelResolver] agent "summaryGenerator" original_models=undefined -> resolved_models=[]
[9/19/2026, 9:41:48 PM.738] [Info] [AgentModelResolver] agent "autoModeClassifier" original_models=undefined -> resolved_models=[]
[9/19/2026, 9:41:48 PM.738] [Info] [AgentModelResolver] agent "promptHookEvaluator" original_models=["lite"] -> resolved_models=["lite"]
[9/19/2026, 9:41:48 PM.738] [Info] [AgentModelResolver] agent "insightsAnalyzer" original_models=undefined -> resolved_models=[]
[9/19/2026, 9:41:48 PM.738] [Info] [AgentModelResolver] agent "agentInstructions" original_models=undefined -> resolved_models=[]
[9/19/2026, 9:41:48 PM.738] [Info] [AgentModelResolver] agent "statusline-setup" original_models=undefined -> resolved_models=[]
[9/19/2026, 9:41:48 PM.738] [Info] [AgentModelResolver] agent "Explore" original_models=["lite"] -> resolved_models=["lite"]
[9/19/2026, 9:41:48 PM.738] [Info] [AgentModelResolver] agent "Plan" original_models=undefined -> resolved_models=[]
[9/19/2026, 9:41:48 PM.738] [Info] [AgentModelResolver] agent "pulse" original_models=undefined -> resolved_models=[]
[9/19/2026, 9:41:48 PM.738] [Info] [AgentModelResolver] agent "enhance-prompt" original_models=undefined -> resolved_models=[]
[9/19/2026, 9:41:48 PM.741] [Info] [Merge] Step 1 (local + overlay): localModels=42, overlayModels=51, mergedModels=51
[9/19/2026, 9:41:48 PM.741] [Info] [Merge] Step 2 (+enterprise): enterpriseModels=0, totalModels=51
[9/19/2026, 9:41:48 PM.741] [Info] [Merge] Step 3 (+custom): customModels=0, totalModels=51
[9/19/2026, 9:41:48 PM.741] [Info] [Merge] Step 4 (availableModels filter): finalModels=51, cli.models=["auto","hy4-preview-f","hy3","hy3-x","deepseek-v4.1-flash","glm-5.3","glm-5.3-flash","glm-5.2","glm-5.1","glm-5v-turbo","minimax-m3","kimi-k3-1","kimi-k2.8-preview","kimi-k2.7","kimi-k2.6","deepseek-v4-pro"]
[9/19/2026, 9:41:48 PM.820] [Info] [WeixinClawBotClient] pollLoop iteration begin {"iteration":22428,"cursorLen":96}
[9/19/2026, 9:41:54 PM.059] [Info] [CentrifugoClient] Connected successfully
[9/19/2026, 9:41:54 PM.059] [Info] [ClawService] Centrifugo status: connected
[9/19/2026, 9:41:54 PM.065] [Info] [CentrifugoClient] Subscribed to channel: copilot_workbuddy:fdee3d54-95b6-4e9c-aaff-50ad9505aab4_25e526bc70aeedffd6ce569154fcfedd_e76b49539422036c
[9/19/2026, 9:42:12 PM.170] [Info] [WeixinClawBotClient] pollLoop getUpdates returned {"iteration":22428,"elapsedMs":23349,"hasBuf":true,"msgs":0}
[9/19/2026, 9:42:12 PM.172] [Info] [WeixinClawBotClient] pollLoop iteration begin {"iteration":22429,"cursorLen":96}
[9/19/2026, 9:58:40 PM.733] [Info] [CentrifugoClient] Re-subscribing to copilot_workbuddy:fdee3d54-95b6-4e9c-aaff-50ad9505aab4_25e526bc70aeedffd6ce569154fcfedd_e76b49539422036c: transport closed (code: 1)
[9/19/2026, 9:58:40 PM.733] [Info] [CentrifugoClient] Reconnecting: no ping (code: 2)
[9/19/2026, 9:58:40 PM.733] [Info] [ClawService] Centrifugo status: connecting
[9/19/2026, 9:58:40 PM.733] [Info] [WorkbuddyEnterpriseModels] enterpriseId: undefined, endpoint: https://copilot.tencent.com
[9/19/2026, 9:58:40 PM.733] [Info] [AgentModelResolver] product config input: 42 models, 18 agents
[9/19/2026, 9:58:40 PM.733] [Info] [AgentModelResolver] model ids: default, deepseek-v4-pro, deepseek-v4-flash, deepseek-v3-2-volc, minimax-m2.5, minimax-m2.7, minimax-m3-play, glm-5.1, glm-5.0, glm-5.0-turbo, glm-5v-turbo, glm-4.7, glm-4.6, glm-4.6v, kimi-k2.6, kimi-k2.5, kimi-k2-thinking, hy3-preview-agent, hunyuan-chat, hunyuan-image-v3.0, auto, hy3-preview, hunyuan-2.0-thinking, deepseek-v3-1-volc, deepseek-v3-1-lkeap, deepseek-v3-1, deepseek-v3-0324-lkeap, deepseek-r1-0528-lkeap, kimi-k2-instruct-taiji, completion-gf, default-1.1, hunyuan-3b, hunyuan-7b-dense, codewise-completions, codewise-rewrite, codewise-nes-a4-027-aide, codewise-jump, deepseek-r1-0528, deepseek-v3-0324-taco-completion, deepseek-v3-0324, default-1.2, hunyuan-2.0-instruct
[9/19/2026, 9:58:40 PM.733] [Info] [AgentModelResolver] agent "cli" original_models=["auto","glm-5v-turbo","glm-5.1","glm-5.0-turbo","glm-5.0","glm-4.7","kimi-k2.5","minimax-m2.7","deepseek-v3-2-volc"] -> resolved_models=["auto","glm-5v-turbo","glm-5.1","glm-5.0-turbo","glm-5.0","glm-4.7","kimi-k2.5","minimax-m2.7","deepseek-v3-2-volc"]
[9/19/2026, 9:58:40 PM.733] [Info] [AgentModelResolver] agent "general-purpose" original_models=undefined -> resolved_models=[]
[9/19/2026, 9:58:40 PM.733] [Info] [AgentModelResolver] agent "compact" original_models=undefined -> resolved_models=[]
[9/19/2026, 9:58:40 PM.733] [Info] [AgentModelResolver] agent "contextSummary" original_models=undefined -> resolved_models=[]
[9/19/2026, 9:58:40 PM.733] [Info] [AgentModelResolver] agent "contentAnalyzer" original_models=undefined -> resolved_models=[]
[9/19/2026, 9:58:40 PM.733] [Info] [AgentModelResolver] agent "terminalTitleGenerator" original_models=undefined -> resolved_models=[]
[9/19/2026, 9:58:40 PM.733] [Info] [AgentModelResolver] agent "promptSuggestion" original_models=undefined -> resolved_models=[]
[9/19/2026, 9:58:40 PM.733] [Info] [AgentModelResolver] agent "memorySelector" original_models=["lite"] -> resolved_models=["lite"]
[9/19/2026, 9:58:40 PM.733] [Info] [AgentModelResolver] agent "summaryGenerator" original_models=undefined -> resolved_models=[]
[9/19/2026, 9:58:40 PM.733] [Info] [AgentModelResolver] agent "autoModeClassifier" original_models=undefined -> resolved_models=[]
[9/19/2026, 9:58:40 PM.733] [Info] [AgentModelResolver] agent "promptHookEvaluator" original_models=["lite"] -> resolved_models=["lite"]
[9/19/2026, 9:58:40 PM.733] [Info] [AgentModelResolver] agent "insightsAnalyzer" original_models=undefined -> resolved_models=[]
[9/19/2026, 9:58:40 PM.733] [Info] [AgentModelResolver] agent "agentInstructions" original_models=undefined -> resolved_models=[]
[9/19/2026, 9:58:40 PM.733] [Info] [AgentModelResolver] agent "statusline-setup" original_models=undefined -> resolved_models=[]
[9/19/2026, 9:58:40 PM.733] [Info] [AgentModelResolver] agent "Explore" original_models=["lite"] -> resolved_models=["lite"]
[9/19/2026, 9:58:40 PM.733] [Info] [AgentModelResolver] agent "Plan" original_models=undefined -> resolved_models=[]
[9/19/2026, 9:58:40 PM.733] [Info] [AgentModelResolver] agent "pulse" original_models=undefined -> resolved_models=[]
[9/19/2026, 9:58:40 PM.733] [Info] [AgentModelResolver] agent "enhance-prompt" original_models=undefined -> resolved_models=[]
[9/19/2026, 9:58:40 PM.736] [Info] [Merge] Step 1 (local + overlay): localModels=42, overlayModels=51, mergedModels=51
[9/19/2026, 9:58:40 PM.736] [Info] [Merge] Step 2 (+enterprise): enterpriseModels=0, totalModels=51
[9/19/2026, 9:58:40 PM.736] [Info] [Merge] Step 3 (+custom): customModels=0, totalModels=51
[9/19/2026, 9:58:40 PM.736] [Info] [Merge] Step 4 (availableModels filter): finalModels=51, cli.models=["auto","hy4-preview-f","hy3","hy3-x","deepseek-v4.1-flash","glm-5.3","glm-5.3-flash","glm-5.2","glm-5.1","glm-5v-turbo","minimax-m3","kimi-k3-1","kimi-k2.8-preview","kimi-k2.7","kimi-k2.6","deepseek-v4-pro"]
[9/19/2026, 9:58:40 PM.736] [Info] [WeixinClawBotClient] pollLoop getUpdates returned {"iteration":22429,"elapsedMs":988565,"ret":0,"hasBuf":true,"msgs":0}
[9/19/2026, 9:58:40 PM.737] [Info] [WorkbuddyEnterpriseModels] enterpriseId: undefined, endpoint: https://copilot.tencent.com
[9/19/2026, 9:58:40 PM.737] [Info] [AgentModelResolver] product config input: 42 models, 18 agents
[9/19/2026, 9:58:40 PM.737] [Info] [AgentModelResolver] model ids: default, deepseek-v4-pro, deepseek-v4-flash, deepseek-v3-2-volc, minimax-m2.5, minimax-m2.7, minimax-m3-play, glm-5.1, glm-5.0, glm-5.0-turbo, glm-5v-turbo, glm-4.7, glm-4.6, glm-4.6v, kimi-k2.6, kimi-k2.5, kimi-k2-thinking, hy3-preview-agent, hunyuan-chat, hunyuan-image-v3.0, auto, hy3-preview, hunyuan-2.0-thinking, deepseek-v3-1-volc, deepseek-v3-1-lkeap, deepseek-v3-1, deepseek-v3-0324-lkeap, deepseek-r1-0528-lkeap, kimi-k2-instruct-taiji, completion-gf, default-1.1, hunyuan-3b, hunyuan-7b-dense, codewise-completions, codewise-rewrite, codewise-nes-a4-027-aide, codewise-jump, deepseek-r1-0528, deepseek-v3-0324-taco-completion, deepseek-v3-0324, default-1.2, hunyuan-2.0-instruct
[9/19/2026, 9:58:40 PM.737] [Info] [AgentModelResolver] agent "cli" original_models=["auto","glm-5v-turbo","glm-5.1","glm-5.0-turbo","glm-5.0","glm-4.7","kimi-k2.5","minimax-m2.7","deepseek-v3-2-volc"] -> resolved_models=["auto","glm-5v-turbo","glm-5.1","glm-5.0-turbo","glm-5.0","glm-4.7","kimi-k2.5","minimax-m2.7","deepseek-v3-2-volc"]
[9/19/2026, 9:58:40 PM.737] [Info] [AgentModelResolver] agent "general-purpose" original_models=undefined -> resolved_models=[]
[9/19/2026, 9:58:40 PM.737] [Info] [AgentModelResolver] agent "compact" original_models=undefined -> resolved_models=[]
[9/19/2026, 9:58:40 PM.737] [Info] [AgentModelResolver] agent "contextSummary" original_models=undefined -> resolved_models=[]
[9/19/2026, 9:58:40 PM.737] [Info] [AgentModelResolver] agent "contentAnalyzer" original_models=undefined -> resolved_models=[]
[9/19/2026, 9:58:40 PM.737] [Info] [AgentModelResolver] agent "terminalTitleGenerator" original_models=undefined -> resolved_models=[]
[9/19/2026, 9:58:40 PM.737] [Info] [AgentModelResolver] agent "promptSuggestion" original_models=undefined -> resolved_models=[]
[9/19/2026, 9:58:40 PM.737] [Info] [AgentModelResolver] agent "memorySelector" original_models=["lite"] -> resolved_models=["lite"]
[9/19/2026, 9:58:40 PM.737] [Info] [AgentModelResolver] agent "summaryGenerator" original_models=undefined -> resolved_models=[]
[9/19/2026, 9:58:40 PM.737] [Info] [AgentModelResolver] agent "autoModeClassifier" original_models=undefined -> resolved_models=[]
[9/19/2026, 9:58:40 PM.737] [Info] [AgentModelResolver] agent "promptHookEvaluator" original_models=["lite"] -> resolved_models=["lite"]
[9/19/2026, 9:58:40 PM.737] [Info] [AgentModelResolver] agent "insightsAnalyzer" original_models=undefined -> resolved_models=[]
[9/19/2026, 9:58:40 PM.737] [Info] [AgentModelResolver] agent "agentInstructions" original_models=undefined -> resolved_models=[]
[9/19/2026, 9:58:40 PM.737] [Info] [AgentModelResolver] agent "statusline-setup" original_models=undefined -> resolved_models=[]
[9/19/2026, 9:58:40 PM.737] [Info] [AgentModelResolver] agent "Explore" original_models=["lite"] -> resolved_models=["lite"]
[9/19/2026, 9:58:40 PM.737] [Info] [AgentModelResolver] agent "Plan" original_models=undefined -> resolved_models=[]
[9/19/2026, 9:58:40 PM.737] [Info] [AgentModelResolver] agent "pulse" original_models=undefined -> resolved_models=[]
[9/19/2026, 9:58:40 PM.737] [Info] [AgentModelResolver] agent "enhance-prompt" original_models=undefined -> resolved_models=[]
[9/19/2026, 9:58:40 PM.739] [Info] [Merge] Step 1 (local + overlay): localModels=42, overlayModels=51, mergedModels=51
[9/19/2026, 9:58:40 PM.739] [Info] [Merge] Step 2 (+enterprise): enterpriseModels=0, totalModels=51
[9/19/2026, 9:58:40 PM.739] [Info] [Merge] Step 3 (+custom): customModels=0, totalModels=51
[9/19/2026, 9:58:40 PM.739] [Info] [Merge] Step 4 (availableModels filter): finalModels=51, cli.models=["auto","hy4-preview-f","hy3","hy3-x","deepseek-v4.1-flash","glm-5.3","glm-5.3-flash","glm-5.2","glm-5.1","glm-5v-turbo","minimax-m3","kimi-k3-1","kimi-k2.8-preview","kimi-k2.7","kimi-k2.6","deepseek-v4-pro"]
[9/19/2026, 9:58:40 PM.809] [Info] [WeixinClawBotClient] pollLoop iteration begin {"iteration":22430,"cursorLen":96}
[9/19/2026, 9:58:41 PM.858] [Info] [CentrifugoClient] Connected successfully
[9/19/2026, 9:58:41 PM.858] [Info] [ClawService] Centrifugo status: connected
[9/19/2026, 9:58:41 PM.863] [Info] [CentrifugoClient] Subscribed to channel: copilot_workbuddy:fdee3d54-95b6-4e9c-aaff-50ad9505aab4_25e526bc70aeedffd6ce569154fcfedd_e76b49539422036c
[9/19/2026, 10:15:53 PM.738] [Info] [CentrifugoClient] Re-subscribing to copilot_workbuddy:fdee3d54-95b6-4e9c-aaff-50ad9505aab4_25e526bc70aeedffd6ce569154fcfedd_e76b49539422036c: transport closed (code: 1)
[9/19/2026, 10:15:53 PM.738] [Info] [CentrifugoClient] Reconnecting: no ping (code: 2)
[9/19/2026, 10:15:53 PM.738] [Info] [ClawService] Centrifugo status: connecting
[9/19/2026, 10:15:53 PM.739] [Info] [WorkbuddyEnterpriseModels] enterpriseId: undefined, endpoint: https://copilot.tencent.com
[9/19/2026, 10:15:53 PM.739] [Info] [AgentModelResolver] product config input: 42 models, 18 agents
[9/19/2026, 10:15:53 PM.739] [Info] [AgentModelResolver] model ids: default, deepseek-v4-pro, deepseek-v4-flash, deepseek-v3-2-volc, minimax-m2.5, minimax-m2.7, minimax-m3-play, glm-5.1, glm-5.0, glm-5.0-turbo, glm-5v-turbo, glm-4.7, glm-4.6, glm-4.6v, kimi-k2.6, kimi-k2.5, kimi-k2-thinking, hy3-preview-agent, hunyuan-chat, hunyuan-image-v3.0, auto, hy3-preview, hunyuan-2.0-thinking, deepseek-v3-1-volc, deepseek-v3-1-lkeap, deepseek-v3-1, deepseek-v3-0324-lkeap, deepseek-r1-0528-lkeap, kimi-k2-instruct-taiji, completion-gf, default-1.1, hunyuan-3b, hunyuan-7b-dense, codewise-completions, codewise-rewrite, codewise-nes-a4-027-aide, codewise-jump, deepseek-r1-0528, deepseek-v3-0324-taco-completion, deepseek-v3-0324, default-1.2, hunyuan-2.0-instruct
[9/19/2026, 10:15:53 PM.739] [Info] [AgentModelResolver] agent "cli" original_models=["auto","glm-5v-turbo","glm-5.1","glm-5.0-turbo","glm-5.0","glm-4.7","kimi-k2.5","minimax-m2.7","deepseek-v3-2-volc"] -> resolved_models=["auto","glm-5v-turbo","glm-5.1","glm-5.0-turbo","glm-5.0","glm-4.7","kimi-k2.5","minimax-m2.7","deepseek-v3-2-volc"]
[9/19/2026, 10:15:53 PM.739] [Info] [AgentModelResolver] agent "general-purpose" original_models=undefined -> resolved_models=[]
[9/19/2026, 10:15:53 PM.739] [Info] [AgentModelResolver] agent "compact" original_models=undefined -> resolved_models=[]
[9/19/2026, 10:15:53 PM.739] [Info] [AgentModelResolver] agent "contextSummary" original_models=undefined -> resolved_models=[]
[9/19/2026, 10:15:53 PM.739] [Info] [AgentModelResolver] agent "contentAnalyzer" original_models=undefined -> resolved_models=[]
[9/19/2026, 10:15:53 PM.739] [Info] [AgentModelResolver] agent "terminalTitleGenerator" original_models=undefined -> resolved_models=[]
[9/19/2026, 10:15:53 PM.739] [Info] [AgentModelResolver] agent "promptSuggestion" original_models=undefined -> resolved_models=[]
[9/19/2026, 10:15:53 PM.739] [Info] [AgentModelResolver] agent "memorySelector" original_models=["lite"] -> resolved_models=["lite"]
[9/19/2026, 10:15:53 PM.739] [Info] [AgentModelResolver] agent "summaryGenerator" original_models=undefined -> resolved_models=[]
[9/19/2026, 10:15:53 PM.739] [Info] [AgentModelResolver] agent "autoModeClassifier" original_models=undefined -> resolved_models=[]
[9/19/2026, 10:15:53 PM.739] [Info] [AgentModelResolver] agent "promptHookEvaluator" original_models=["lite"] -> resolved_models=["lite"]
[9/19/2026, 10:15:53 PM.739] [Info] [AgentModelResolver] agent "insightsAnalyzer" original_models=undefined -> resolved_models=[]
[9/19/2026, 10:15:53 PM.739] [Info] [AgentModelResolver] agent "agentInstructions" original_models=undefined -> resolved_models=[]
[9/19/2026, 10:15:53 PM.739] [Info] [AgentModelResolver] agent "statusline-setup" original_models=undefined -> resolved_models=[]
[9/19/2026, 10:15:53 PM.739] [Info] [AgentModelResolver] agent "Explore" original_models=["lite"] -> resolved_models=["lite"]
[9/19/2026, 10:15:53 PM.739] [Info] [AgentModelResolver] agent "Plan" original_models=undefined -> resolved_models=[]
[9/19/2026, 10:15:53 PM.739] [Info] [AgentModelResolver] agent "pulse" original_models=undefined -> resolved_models=[]
[9/19/2026, 10:15:53 PM.739] [Info] [AgentModelResolver] agent "enhance-prompt" original_models=undefined -> resolved_models=[]
[9/19/2026, 10:15:53 PM.741] [Info] [Merge] Step 1 (local + overlay): localModels=42, overlayModels=51, mergedModels=51
[9/19/2026, 10:15:53 PM.741] [Info] [Merge] Step 2 (+enterprise): enterpriseModels=0, totalModels=51
[9/19/2026, 10:15:53 PM.741] [Info] [Merge] Step 3 (+custom): customModels=0, totalModels=51
[9/19/2026, 10:15:53 PM.741] [Info] [Merge] Step 4 (availableModels filter): finalModels=51, cli.models=["auto","hy4-preview-f","hy3","hy3-x","deepseek-v4.1-flash","glm-5.3","glm-5.3-flash","glm-5.2","glm-5.1","glm-5v-turbo","minimax-m3","kimi-k3-1","kimi-k2.8-preview","kimi-k2.7","kimi-k2.6","deepseek-v4-pro"]
[9/19/2026, 10:15:53 PM.741] [Info] [WeixinClawBotClient] pollLoop getUpdates returned {"iteration":22430,"elapsedMs":1032932,"ret":0,"hasBuf":true,"msgs":0}
[9/19/2026, 10:15:53 PM.742] [Info] [WorkbuddyEnterpriseModels] enterpriseId: undefined, endpoint: https://copilot.tencent.com
[9/19/2026, 10:15:53 PM.742] [Info] [AgentModelResolver] product config input: 42 models, 18 agents
[9/19/2026, 10:15:53 PM.742] [Info] [AgentModelResolver] model ids: default, deepseek-v4-pro, deepseek-v4-flash, deepseek-v3-2-volc, minimax-m2.5, minimax-m2.7, minimax-m3-play, glm-5.1, glm-5.0, glm-5.0-turbo, glm-5v-turbo, glm-4.7, glm-4.6, glm-4.6v, kimi-k2.6, kimi-k2.5, kimi-k2-thinking, hy3-preview-agent, hunyuan-chat, hunyuan-image-v3.0, auto, hy3-preview, hunyuan-2.0-thinking, deepseek-v3-1-volc, deepseek-v3-1-lkeap, deepseek-v3-1, deepseek-v3-0324-lkeap, deepseek-r1-0528-lkeap, kimi-k2-instruct-taiji, completion-gf, default-1.1, hunyuan-3b, hunyuan-7b-dense, codewise-completions, codewise-rewrite, codewise-nes-a4-027-aide, codewise-jump, deepseek-r1-0528, deepseek-v3-0324-taco-completion, deepseek-v3-0324, default-1.2, hunyuan-2.0-instruct
[9/19/2026, 10:15:53 PM.742] [Info] [AgentModelResolver] agent "cli" original_models=["auto","glm-5v-turbo","glm-5.1","glm-5.0-turbo","glm-5.0","glm-4.7","kimi-k2.5","minimax-m2.7","deepseek-v3-2-volc"] -> resolved_models=["auto","glm-5v-turbo","glm-5.1","glm-5.0-turbo","glm-5.0","glm-4.7","kimi-k2.5","minimax-m2.7","deepseek-v3-2-volc"]
[9/19/2026, 10:15:53 PM.742] [Info] [AgentModelResolver] agent "general-purpose" original_models=undefined -> resolved_models=[]
[9/19/2026, 10:15:53 PM.742] [Info] [AgentModelResolver] agent "compact" original_models=undefined -> resolved_models=[]
[9/19/2026, 10:15:53 PM.742] [Info] [AgentModelResolver] agent "contextSummary" original_models=undefined -> resolved_models=[]
[9/19/2026, 10:15:53 PM.742] [Info] [AgentModelResolver] agent "contentAnalyzer" original_models=undefined -> resolved_models=[]
[9/19/2026, 10:15:53 PM.742] [Info] [AgentModelResolver] agent "terminalTitleGenerator" original_models=undefined -> resolved_models=[]
[9/19/2026, 10:15:53 PM.742] [Info] [AgentModelResolver] agent "promptSuggestion" original_models=undefined -> resolved_models=[]
[9/19/2026, 10:15:53 PM.742] [Info] [AgentModelResolver] agent "memorySelector" original_models=["lite"] -> resolved_models=["lite"]
[9/19/2026, 10:15:53 PM.742] [Info] [AgentModelResolver] agent "summaryGenerator" original_models=undefined -> resolved_models=[]
[9/19/2026, 10:15:53 PM.742] [Info] [AgentModelResolver] agent "autoModeClassifier" original_models=undefined -> resolved_models=[]
[9/19/2026, 10:15:53 PM.742] [Info] [AgentModelResolver] agent "promptHookEvaluator" original_models=["lite"] -> resolved_models=["lite"]
[9/19/2026, 10:15:53 PM.742] [Info] [AgentModelResolver] agent "insightsAnalyzer" original_models=undefined -> resolved_models=[]
[9/19/2026, 10:15:53 PM.742] [Info] [AgentModelResolver] agent "agentInstructions" original_models=undefined -> resolved_models=[]
[9/19/2026, 10:15:53 PM.742] [Info] [AgentModelResolver] agent "statusline-setup" original_models=undefined -> resolved_models=[]
[9/19/2026, 10:15:53 PM.742] [Info] [AgentModelResolver] agent "Explore" original_models=["lite"] -> resolved_models=["lite"]
[9/19/2026, 10:15:53 PM.742] [Info] [AgentModelResolver] agent "Plan" original_models=undefined -> resolved_models=[]
[9/19/2026, 10:15:53 PM.742] [Info] [AgentModelResolver] agent "pulse" original_models=undefined -> resolved_models=[]
[9/19/2026, 10:15:53 PM.742] [Info] [AgentModelResolver] agent "enhance-prompt" original_models=undefined -> resolved_models=[]
[9/19/2026, 10:15:53 PM.744] [Info] [Merge] Step 1 (local + overlay): localModels=42, overlayModels=51, mergedModels=51
[9/19/2026, 10:15:53 PM.744] [Info] [Merge] Step 2 (+enterprise): enterpriseModels=0, totalModels=51
[9/19/2026, 10:15:53 PM.744] [Info] [Merge] Step 3 (+custom): customModels=0, totalModels=51
[9/19/2026, 10:15:53 PM.744] [Info] [Merge] Step 4 (availableModels filter): finalModels=51, cli.models=["auto","hy4-preview-f","hy3","hy3-x","deepseek-v4.1-flash","glm-5.3","glm-5.3-flash","glm-5.2","glm-5.1","glm-5v-turbo","minimax-m3","kimi-k3-1","kimi-k2.8-preview","kimi-k2.7","kimi-k2.6","deepseek-v4-pro"]
[9/19/2026, 10:15:53 PM.804] [Info] [WeixinClawBotClient] pollLoop iteration begin {"iteration":22431,"cursorLen":96}
[9/19/2026, 10:15:54 PM.647] [Info] [CentrifugoClient] Connected successfully
[9/19/2026, 10:15:54 PM.647] [Info] [ClawService] Centrifugo status: connected
[9/19/2026, 10:15:54 PM.653] [Info] [CentrifugoClient] Subscribed to channel: copilot_workbuddy:fdee3d54-95b6-4e9c-aaff-50ad9505aab4_25e526bc70aeedffd6ce569154fcfedd_e76b49539422036c
[9/19/2026, 10:28:59 PM.775] [Info] [CentrifugoClient] Re-subscribing to copilot_workbuddy:fdee3d54-95b6-4e9c-aaff-50ad9505aab4_25e526bc70aeedffd6ce569154fcfedd_e76b49539422036c: transport closed (code: 1)
[9/19/2026, 10:28:59 PM.775] [Info] [CentrifugoClient] Reconnecting: no ping (code: 2)
[9/19/2026, 10:28:59 PM.775] [Info] [ClawService] Centrifugo status: connecting
[9/19/2026, 10:28:59 PM.776] [Info] [WorkbuddyEnterpriseModels] enterpriseId: undefined, endpoint: https://copilot.tencent.com
[9/19/2026, 10:28:59 PM.776] [Info] [AgentModelResolver] product config input: 42 models, 18 agents
[9/19/2026, 10:28:59 PM.776] [Info] [AgentModelResolver] model ids: default, deepseek-v4-pro, deepseek-v4-flash, deepseek-v3-2-volc, minimax-m2.5, minimax-m2.7, minimax-m3-play, glm-5.1, glm-5.0, glm-5.0-turbo, glm-5v-turbo, glm-4.7, glm-4.6, glm-4.6v, kimi-k2.6, kimi-k2.5, kimi-k2-thinking, hy3-preview-agent, hunyuan-chat, hunyuan-image-v3.0, auto, hy3-preview, hunyuan-2.0-thinking, deepseek-v3-1-volc, deepseek-v3-1-lkeap, deepseek-v3-1, deepseek-v3-0324-lkeap, deepseek-r1-0528-lkeap, kimi-k2-instruct-taiji, completion-gf, default-1.1, hunyuan-3b, hunyuan-7b-dense, codewise-completions, codewise-rewrite, codewise-nes-a4-027-aide, codewise-jump, deepseek-r1-0528, deepseek-v3-0324-taco-completion, deepseek-v3-0324, default-1.2, hunyuan-2.0-instruct
[9/19/2026, 10:28:59 PM.776] [Info] [AgentModelResolver] agent "cli" original_models=["auto","glm-5v-turbo","glm-5.1","glm-5.0-turbo","glm-5.0","glm-4.7","kimi-k2.5","minimax-m2.7","deepseek-v3-2-volc"] -> resolved_models=["auto","glm-5v-turbo","glm-5.1","glm-5.0-turbo","glm-5.0","glm-4.7","kimi-k2.5","minimax-m2.7","deepseek-v3-2-volc"]
[9/19/2026, 10:28:59 PM.776] [Info] [AgentModelResolver] agent "general-purpose" original_models=undefined -> resolved_models=[]
[9/19/2026, 10:28:59 PM.776] [Info] [AgentModelResolver] agent "compact" original_models=undefined -> resolved_models=[]
[9/19/2026, 10:28:59 PM.776] [Info] [AgentModelResolver] agent "contextSummary" original_models=undefined -> resolved_models=[]
[9/19/2026, 10:28:59 PM.776] [Info] [AgentModelResolver] agent "contentAnalyzer" original_models=undefined -> resolved_models=[]
[9/19/2026, 10:28:59 PM.776] [Info] [AgentModelResolver] agent "terminalTitleGenerator" original_models=undefined -> resolved_models=[]
[9/19/2026, 10:28:59 PM.776] [Info] [AgentModelResolver] agent "promptSuggestion" original_models=undefined -> resolved_models=[]
[9/19/2026, 10:28:59 PM.776] [Info] [AgentModelResolver] agent "memorySelector" original_models=["lite"] -> resolved_models=["lite"]
[9/19/2026, 10:28:59 PM.776] [Info] [AgentModelResolver] agent "summaryGenerator" original_models=undefined -> resolved_models=[]
[9/19/2026, 10:28:59 PM.776] [Info] [AgentModelResolver] agent "autoModeClassifier" original_models=undefined -> resolved_models=[]
[9/19/2026, 10:28:59 PM.776] [Info] [AgentModelResolver] agent "promptHookEvaluator" original_models=["lite"] -> resolved_models=["lite"]
[9/19/2026, 10:28:59 PM.776] [Info] [AgentModelResolver] agent "insightsAnalyzer" original_models=undefined -> resolved_models=[]
[9/19/2026, 10:28:59 PM.776] [Info] [AgentModelResolver] agent "agentInstructions" original_models=undefined -> resolved_models=[]
[9/19/2026, 10:28:59 PM.776] [Info] [AgentModelResolver] agent "statusline-setup" original_models=undefined -> resolved_models=[]
[9/19/2026, 10:28:59 PM.776] [Info] [AgentModelResolver] agent "Explore" original_models=["lite"] -> resolved_models=["lite"]
[9/19/2026, 10:28:59 PM.776] [Info] [AgentModelResolver] agent "Plan" original_models=undefined -> resolved_models=[]
[9/19/2026, 10:28:59 PM.776] [Info] [AgentModelResolver] agent "pulse" original_models=undefined -> resolved_models=[]
[9/19/2026, 10:28:59 PM.776] [Info] [AgentModelResolver] agent "enhance-prompt" original_models=undefined -> resolved_models=[]
[9/19/2026, 10:28:59 PM.779] [Info] [Merge] Step 1 (local + overlay): localModels=42, overlayModels=51, mergedModels=51
[9/19/2026, 10:28:59 PM.779] [Info] [Merge] Step 2 (+enterprise): enterpriseModels=0, totalModels=51
[9/19/2026, 10:28:59 PM.779] [Info] [Merge] Step 3 (+custom): customModels=0, totalModels=51
[9/19/2026, 10:28:59 PM.779] [Info] [Merge] Step 4 (availableModels filter): finalModels=51, cli.models=["auto","hy4-preview-f","hy3","hy3-x","deepseek-v4.1-flash","glm-5.3","glm-5.3-flash","glm-5.2","glm-5.1","glm-5v-turbo","minimax-m3","kimi-k3-1","kimi-k2.8-preview","kimi-k2.7","kimi-k2.6","deepseek-v4-pro"]
[9/19/2026, 10:28:59 PM.779] [Info] [WeixinClawBotClient] pollLoop getUpdates returned {"iteration":22431,"elapsedMs":785975,"ret":0,"hasBuf":true,"msgs":0}
[9/19/2026, 10:28:59 PM.782] [Info] [WorkbuddyEnterpriseModels] enterpriseId: undefined, endpoint: https://copilot.tencent.com
[9/19/2026, 10:28:59 PM.782] [Info] [AgentModelResolver] product config input: 42 models, 18 agents
[9/19/2026, 10:28:59 PM.782] [Info] [AgentModelResolver] model ids: default, deepseek-v4-pro, deepseek-v4-flash, deepseek-v3-2-volc, minimax-m2.5, minimax-m2.7, minimax-m3-play, glm-5.1, glm-5.0, glm-5.0-turbo, glm-5v-turbo, glm-4.7, glm-4.6, glm-4.6v, kimi-k2.6, kimi-k2.5, kimi-k2-thinking, hy3-preview-agent, hunyuan-chat, hunyuan-image-v3.0, auto, hy3-preview, hunyuan-2.0-thinking, deepseek-v3-1-volc, deepseek-v3-1-lkeap, deepseek-v3-1, deepseek-v3-0324-lkeap, deepseek-r1-0528-lkeap, kimi-k2-instruct-taiji, completion-gf, default-1.1, hunyuan-3b, hunyuan-7b-dense, codewise-completions, codewise-rewrite, codewise-nes-a4-027-aide, codewise-jump, deepseek-r1-0528, deepseek-v3-0324-taco-completion, deepseek-v3-0324, default-1.2, hunyuan-2.0-instruct
[9/19/2026, 10:28:59 PM.782] [Info] [AgentModelResolver] agent "cli" original_models=["auto","glm-5v-turbo","glm-5.1","glm-5.0-turbo","glm-5.0","glm-4.7","kimi-k2.5","minimax-m2.7","deepseek-v3-2-volc"] -> resolved_models=["auto","glm-5v-turbo","glm-5.1","glm-5.0-turbo","glm-5.0","glm-4.7","kimi-k2.5","minimax-m2.7","deepseek-v3-2-volc"]
[9/19/2026, 10:28:59 PM.782] [Info] [AgentModelResolver] agent "general-purpose" original_models=undefined -> resolved_models=[]
[9/19/2026, 10:28:59 PM.782] [Info] [AgentModelResolver] agent "compact" original_models=undefined -> resolved_models=[]
[9/19/2026, 10:28:59 PM.782] [Info] [AgentModelResolver] agent "contextSummary" original_models=undefined -> resolved_models=[]
[9/19/2026, 10:28:59 PM.782] [Info] [AgentModelResolver] agent "contentAnalyzer" original_models=undefined -> resolved_models=[]
[9/19/2026, 10:28:59 PM.782] [Info] [AgentModelResolver] agent "terminalTitleGenerator" original_models=undefined -> resolved_models=[]
[9/19/2026, 10:28:59 PM.782] [Info] [AgentModelResolver] agent "promptSuggestion" original_models=undefined -> resolved_models=[]
[9/19/2026, 10:28:59 PM.782] [Info] [AgentModelResolver] agent "memorySelector" original_models=["lite"] -> resolved_models=["lite"]
[9/19/2026, 10:28:59 PM.782] [Info] [AgentModelResolver] agent "summaryGenerator" original_models=undefined -> resolved_models=[]
[9/19/2026, 10:28:59 PM.782] [Info] [AgentModelResolver] agent "autoModeClassifier" original_models=undefined -> resolved_models=[]
[9/19/2026, 10:28:59 PM.782] [Info] [AgentModelResolver] agent "promptHookEvaluator" original_models=["lite"] -> resolved_models=["lite"]
[9/19/2026, 10:28:59 PM.782] [Info] [AgentModelResolver] agent "insightsAnalyzer" original_models=undefined -> resolved_models=[]
[9/19/2026, 10:28:59 PM.782] [Info] [AgentModelResolver] agent "agentInstructions" original_models=undefined -> resolved_models=[]
[9/19/2026, 10:28:59 PM.782] [Info] [AgentModelResolver] agent "statusline-setup" original_models=undefined -> resolved_models=[]
[9/19/2026, 10:28:59 PM.782] [Info] [AgentModelResolver] agent "Explore" original_models=["lite"] -> resolved_models=["lite"]
[9/19/2026, 10:28:59 PM.782] [Info] [AgentModelResolver] agent "Plan" original_models=undefined -> resolved_models=[]
[9/19/2026, 10:28:59 PM.782] [Info] [AgentModelResolver] agent "pulse" original_models=undefined -> resolved_models=[]
[9/19/2026, 10:28:59 PM.782] [Info] [AgentModelResolver] agent "enhance-prompt" original_models=undefined -> resolved_models=[]
[9/19/2026, 10:28:59 PM.784] [Info] [Merge] Step 1 (local + overlay): localModels=42, overlayModels=51, mergedModels=51
[9/19/2026, 10:28:59 PM.784] [Info] [Merge] Step 2 (+enterprise): enterpriseModels=0, totalModels=51
[9/19/2026, 10:28:59 PM.784] [Info] [Merge] Step 3 (+custom): customModels=0, totalModels=51
[9/19/2026, 10:28:59 PM.784] [Info] [Merge] Step 4 (availableModels filter): finalModels=51, cli.models=["auto","hy4-preview-f","hy3","hy3-x","deepseek-v4.1-flash","glm-5.3","glm-5.3-flash","glm-5.2","glm-5.1","glm-5v-turbo","minimax-m3","kimi-k3-1","kimi-k2.8-preview","kimi-k2.7","kimi-k2.6","deepseek-v4-pro"]
[9/19/2026, 10:28:59 PM.823] [Info] [WeixinClawBotClient] pollLoop iteration begin {"iteration":22432,"cursorLen":96}
[9/19/2026, 10:29:00 PM.509] [Info] [CentrifugoClient] Connected successfully
[9/19/2026, 10:29:00 PM.509] [Info] [ClawService] Centrifugo status: connected
[9/19/2026, 10:29:00 PM.521] [Info] [CentrifugoClient] Subscribed to channel: copilot_workbuddy:fdee3d54-95b6-4e9c-aaff-50ad9505aab4_25e526bc70aeedffd6ce569154fcfedd_e76b49539422036c
[9/19/2026, 10:42:48 PM.781] [Info] [CentrifugoClient] Re-subscribing to copilot_workbuddy:fdee3d54-95b6-4e9c-aaff-50ad9505aab4_25e526bc70aeedffd6ce569154fcfedd_e76b49539422036c: transport closed (code: 1)
[9/19/2026, 10:42:48 PM.781] [Info] [CentrifugoClient] Reconnecting: no ping (code: 2)
[9/19/2026, 10:42:48 PM.781] [Info] [ClawService] Centrifugo status: connecting
[9/19/2026, 10:42:48 PM.781] [Info] [WorkbuddyEnterpriseModels] enterpriseId: undefined, endpoint: https://copilot.tencent.com
[9/19/2026, 10:42:48 PM.782] [Info] [AgentModelResolver] product config input: 42 models, 18 agents
[9/19/2026, 10:42:48 PM.782] [Info] [AgentModelResolver] model ids: default, deepseek-v4-pro, deepseek-v4-flash, deepseek-v3-2-volc, minimax-m2.5, minimax-m2.7, minimax-m3-play, glm-5.1, glm-5.0, glm-5.0-turbo, glm-5v-turbo, glm-4.7, glm-4.6, glm-4.6v, kimi-k2.6, kimi-k2.5, kimi-k2-thinking, hy3-preview-agent, hunyuan-chat, hunyuan-image-v3.0, auto, hy3-preview, hunyuan-2.0-thinking, deepseek-v3-1-volc, deepseek-v3-1-lkeap, deepseek-v3-1, deepseek-v3-0324-lkeap, deepseek-r1-0528-lkeap, kimi-k2-instruct-taiji, completion-gf, default-1.1, hunyuan-3b, hunyuan-7b-dense, codewise-completions, codewise-rewrite, codewise-nes-a4-027-aide, codewise-jump, deepseek-r1-0528, deepseek-v3-0324-taco-completion, deepseek-v3-0324, default-1.2, hunyuan-2.0-instruct
[9/19/2026, 10:42:48 PM.782] [Info] [AgentModelResolver] agent "cli" original_models=["auto","glm-5v-turbo","glm-5.1","glm-5.0-turbo","glm-5.0","glm-4.7","kimi-k2.5","minimax-m2.7","deepseek-v3-2-volc"] -> resolved_models=["auto","glm-5v-turbo","glm-5.1","glm-5.0-turbo","glm-5.0","glm-4.7","kimi-k2.5","minimax-m2.7","deepseek-v3-2-volc"]
[9/19/2026, 10:42:48 PM.782] [Info] [AgentModelResolver] agent "general-purpose" original_models=undefined -> resolved_models=[]
[9/19/2026, 10:42:48 PM.782] [Info] [AgentModelResolver] agent "compact" original_models=undefined -> resolved_models=[]
[9/19/2026, 10:42:48 PM.782] [Info] [AgentModelResolver] agent "contextSummary" original_models=undefined -> resolved_models=[]
[9/19/2026, 10:42:48 PM.782] [Info] [AgentModelResolver] agent "contentAnalyzer" original_models=undefined -> resolved_models=[]
[9/19/2026, 10:42:48 PM.782] [Info] [AgentModelResolver] agent "terminalTitleGenerator" original_models=undefined -> resolved_models=[]
[9/19/2026, 10:42:48 PM.782] [Info] [AgentModelResolver] agent "promptSuggestion" original_models=undefined -> resolved_models=[]
[9/19/2026, 10:42:48 PM.782] [Info] [AgentModelResolver] agent "memorySelector" original_models=["lite"] -> resolved_models=["lite"]
[9/19/2026, 10:42:48 PM.782] [Info] [AgentModelResolver] agent "summaryGenerator" original_models=undefined -> resolved_models=[]
[9/19/2026, 10:42:48 PM.782] [Info] [AgentModelResolver] agent "autoModeClassifier" original_models=undefined -> resolved_models=[]
[9/19/2026, 10:42:48 PM.782] [Info] [AgentModelResolver] agent "promptHookEvaluator" original_models=["lite"] -> resolved_models=["lite"]
[9/19/2026, 10:42:48 PM.782] [Info] [AgentModelResolver] agent "insightsAnalyzer" original_models=undefined -> resolved_models=[]
[9/19/2026, 10:42:48 PM.782] [Info] [AgentModelResolver] agent "agentInstructions" original_models=undefined -> resolved_models=[]
[9/19/2026, 10:42:48 PM.782] [Info] [AgentModelResolver] agent "statusline-setup" original_models=undefined -> resolved_models=[]
[9/19/2026, 10:42:48 PM.782] [Info] [AgentModelResolver] agent "Explore" original_models=["lite"] -> resolved_models=["lite"]
[9/19/2026, 10:42:48 PM.782] [Info] [AgentModelResolver] agent "Plan" original_models=undefined -> resolved_models=[]
[9/19/2026, 10:42:48 PM.782] [Info] [AgentModelResolver] agent "pulse" original_models=undefined -> resolved_models=[]
[9/19/2026, 10:42:48 PM.782] [Info] [AgentModelResolver] agent "enhance-prompt" original_models=undefined -> resolved_models=[]
[9/19/2026, 10:42:48 PM.786] [Info] [Merge] Step 1 (local + overlay): localModels=42, overlayModels=51, mergedModels=51
[9/19/2026, 10:42:48 PM.786] [Info] [Merge] Step 2 (+enterprise): enterpriseModels=0, totalModels=51
[9/19/2026, 10:42:48 PM.786] [Info] [Merge] Step 3 (+custom): customModels=0, totalModels=51
[9/19/2026, 10:42:48 PM.786] [Info] [Merge] Step 4 (availableModels filter): finalModels=51, cli.models=["auto","hy4-preview-f","hy3","hy3-x","deepseek-v4.1-flash","glm-5.3","glm-5.3-flash","glm-5.2","glm-5.1","glm-5v-turbo","minimax-m3","kimi-k3-1","kimi-k2.8-preview","kimi-k2.7","kimi-k2.6","deepseek-v4-pro"]
[9/19/2026, 10:42:48 PM.786] [Info] [WeixinClawBotClient] pollLoop getUpdates returned {"iteration":22432,"elapsedMs":828963,"ret":0,"hasBuf":true,"msgs":0}
[9/19/2026, 10:42:48 PM.789] [Info] [WorkbuddyEnterpriseModels] enterpriseId: undefined, endpoint: https://copilot.tencent.com
[9/19/2026, 10:42:48 PM.789] [Info] [AgentModelResolver] product config input: 42 models, 18 agents
[9/19/2026, 10:42:48 PM.789] [Info] [AgentModelResolver] model ids: default, deepseek-v4-pro, deepseek-v4-flash, deepseek-v3-2-volc, minimax-m2.5, minimax-m2.7, minimax-m3-play, glm-5.1, glm-5.0, glm-5.0-turbo, glm-5v-turbo, glm-4.7, glm-4.6, glm-4.6v, kimi-k2.6, kimi-k2.5, kimi-k2-thinking, hy3-preview-agent, hunyuan-chat, hunyuan-image-v3.0, auto, hy3-preview, hunyuan-2.0-thinking, deepseek-v3-1-volc, deepseek-v3-1-lkeap, deepseek-v3-1, deepseek-v3-0324-lkeap, deepseek-r1-0528-lkeap, kimi-k2-instruct-taiji, completion-gf, default-1.1, hunyuan-3b, hunyuan-7b-dense, codewise-completions, codewise-rewrite, codewise-nes-a4-027-aide, codewise-jump, deepseek-r1-0528, deepseek-v3-0324-taco-completion, deepseek-v3-0324, default-1.2, hunyuan-2.0-instruct
[9/19/2026, 10:42:48 PM.789] [Info] [AgentModelResolver] agent "cli" original_models=["auto","glm-5v-turbo","glm-5.1","glm-5.0-turbo","glm-5.0","glm-4.7","kimi-k2.5","minimax-m2.7","deepseek-v3-2-volc"] -> resolved_models=["auto","glm-5v-turbo","glm-5.1","glm-5.0-turbo","glm-5.0","glm-4.7","kimi-k2.5","minimax-m2.7","deepseek-v3-2-volc"]
[9/19/2026, 10:42:48 PM.789] [Info] [AgentModelResolver] agent "general-purpose" original_models=undefined -> resolved_models=[]
[9/19/2026, 10:42:48 PM.789] [Info] [AgentModelResolver] agent "compact" original_models=undefined -> resolved_models=[]
[9/19/2026, 10:42:48 PM.789] [Info] [AgentModelResolver] agent "contextSummary" original_models=undefined -> resolved_models=[]
[9/19/2026, 10:42:48 PM.789] [Info] [AgentModelResolver] agent "contentAnalyzer" original_models=undefined -> resolved_models=[]
[9/19/2026, 10:42:48 PM.789] [Info] [AgentModelResolver] agent "terminalTitleGenerator" original_models=undefined -> resolved_models=[]
[9/19/2026, 10:42:48 PM.789] [Info] [AgentModelResolver] agent "promptSuggestion" original_models=undefined -> resolved_models=[]
[9/19/2026, 10:42:48 PM.789] [Info] [AgentModelResolver] agent "memorySelector" original_models=["lite"] -> resolved_models=["lite"]
[9/19/2026, 10:42:48 PM.789] [Info] [AgentModelResolver] agent "summaryGenerator" original_models=undefined -> resolved_models=[]
[9/19/2026, 10:42:48 PM.789] [Info] [AgentModelResolver] agent "autoModeClassifier" original_models=undefined -> resolved_models=[]
[9/19/2026, 10:42:48 PM.789] [Info] [AgentModelResolver] agent "promptHookEvaluator" original_models=["lite"] -> resolved_models=["lite"]
[9/19/2026, 10:42:48 PM.789] [Info] [AgentModelResolver] agent "insightsAnalyzer" original_models=undefined -> resolved_models=[]
[9/19/2026, 10:42:48 PM.789] [Info] [AgentModelResolver] agent "agentInstructions" original_models=undefined -> resolved_models=[]
[9/19/2026, 10:42:48 PM.789] [Info] [AgentModelResolver] agent "statusline-setup" original_models=undefined -> resolved_models=[]
[9/19/2026, 10:42:48 PM.789] [Info] [AgentModelResolver] agent "Explore" original_models=["lite"] -> resolved_models=["lite"]
[9/19/2026, 10:42:48 PM.789] [Info] [AgentModelResolver] agent "Plan" original_models=undefined -> resolved_models=[]
[9/19/2026, 10:42:48 PM.789] [Info] [AgentModelResolver] agent "pulse" original_models=undefined -> resolved_models=[]
[9/19/2026, 10:42:48 PM.789] [Info] [AgentModelResolver] agent "enhance-prompt" original_models=undefined -> resolved_models=[]
[9/19/2026, 10:42:48 PM.792] [Info] [Merge] Step 1 (local + overlay): localModels=42, overlayModels=51, mergedModels=51
[9/19/2026, 10:42:48 PM.792] [Info] [Merge] Step 2 (+enterprise): enterpriseModels=0, totalModels=51
[9/19/2026, 10:42:48 PM.792] [Info] [Merge] Step 3 (+custom): customModels=0, totalModels=51
[9/19/2026, 10:42:48 PM.792] [Info] [Merge] Step 4 (availableModels filter): finalModels=51, cli.models=["auto","hy4-preview-f","hy3","hy3-x","deepseek-v4.1-flash","glm-5.3","glm-5.3-flash","glm-5.2","glm-5.1","glm-5v-turbo","minimax-m3","kimi-k3-1","kimi-k2.8-preview","kimi-k2.7","kimi-k2.6","deepseek-v4-pro"]
[9/19/2026, 10:42:48 PM.862] [Info] [WeixinClawBotClient] pollLoop iteration begin {"iteration":22433,"cursorLen":96}
[9/19/2026, 10:42:49 PM.748] [Info] [CentrifugoClient] Connected successfully
[9/19/2026, 10:42:49 PM.748] [Info] [ClawService] Centrifugo status: connected
[9/19/2026, 10:42:49 PM.754] [Info] [CentrifugoClient] Subscribed to channel: copilot_workbuddy:fdee3d54-95b6-4e9c-aaff-50ad9505aab4_25e526bc70aeedffd6ce569154fcfedd_e76b49539422036c
[9/19/2026, 11:00:22 PM.724] [Info] [CentrifugoClient] Re-subscribing to copilot_workbuddy:fdee3d54-95b6-4e9c-aaff-50ad9505aab4_25e526bc70aeedffd6ce569154fcfedd_e76b49539422036c: transport closed (code: 1)
[9/19/2026, 11:00:22 PM.724] [Info] [CentrifugoClient] Reconnecting: no ping (code: 2)
[9/19/2026, 11:00:22 PM.724] [Info] [ClawService] Centrifugo status: connecting
[9/19/2026, 11:00:22 PM.725] [Info] [WorkbuddyEnterpriseModels] enterpriseId: undefined, endpoint: https://copilot.tencent.com
[9/19/2026, 11:00:22 PM.725] [Info] [AgentModelResolver] product config input: 42 models, 18 agents
[9/19/2026, 11:00:22 PM.725] [Info] [AgentModelResolver] model ids: default, deepseek-v4-pro, deepseek-v4-flash, deepseek-v3-2-volc, minimax-m2.5, minimax-m2.7, minimax-m3-play, glm-5.1, glm-5.0, glm-5.0-turbo, glm-5v-turbo, glm-4.7, glm-4.6, glm-4.6v, kimi-k2.6, kimi-k2.5, kimi-k2-thinking, hy3-preview-agent, hunyuan-chat, hunyuan-image-v3.0, auto, hy3-preview, hunyuan-2.0-thinking, deepseek-v3-1-volc, deepseek-v3-1-lkeap, deepseek-v3-1, deepseek-v3-0324-lkeap, deepseek-r1-0528-lkeap, kimi-k2-instruct-taiji, completion-gf, default-1.1, hunyuan-3b, hunyuan-7b-dense, codewise-completions, codewise-rewrite, codewise-nes-a4-027-aide, codewise-jump, deepseek-r1-0528, deepseek-v3-0324-taco-completion, deepseek-v3-0324, default-1.2, hunyuan-2.0-instruct
[9/19/2026, 11:00:22 PM.725] [Info] [AgentModelResolver] agent "cli" original_models=["auto","glm-5v-turbo","glm-5.1","glm-5.0-turbo","glm-5.0","glm-4.7","kimi-k2.5","minimax-m2.7","deepseek-v3-2-volc"] -> resolved_models=["auto","glm-5v-turbo","glm-5.1","glm-5.0-turbo","glm-5.0","glm-4.7","kimi-k2.5","minimax-m2.7","deepseek-v3-2-volc"]
[9/19/2026, 11:00:22 PM.725] [Info] [AgentModelResolver] agent "general-purpose" original_models=undefined -> resolved_models=[]
[9/19/2026, 11:00:22 PM.725] [Info] [AgentModelResolver] agent "compact" original_models=undefined -> resolved_models=[]
[9/19/2026, 11:00:22 PM.725] [Info] [AgentModelResolver] agent "contextSummary" original_models=undefined -> resolved_models=[]
[9/19/2026, 11:00:22 PM.725] [Info] [AgentModelResolver] agent "contentAnalyzer" original_models=undefined -> resolved_models=[]
[9/19/2026, 11:00:22 PM.725] [Info] [AgentModelResolver] agent "terminalTitleGenerator" original_models=undefined -> resolved_models=[]
[9/19/2026, 11:00:22 PM.725] [Info] [AgentModelResolver] agent "promptSuggestion" original_models=undefined -> resolved_models=[]
[9/19/2026, 11:00:22 PM.725] [Info] [AgentModelResolver] agent "memorySelector" original_models=["lite"] -> resolved_models=["lite"]
[9/19/2026, 11:00:22 PM.725] [Info] [AgentModelResolver] agent "summaryGenerator" original_models=undefined -> resolved_models=[]
[9/19/2026, 11:00:22 PM.725] [Info] [AgentModelResolver] agent "autoModeClassifier" original_models=undefined -> resolved_models=[]
[9/19/2026, 11:00:22 PM.725] [Info] [AgentModelResolver] agent "promptHookEvaluator" original_models=["lite"] -> resolved_models=["lite"]
[9/19/2026, 11:00:22 PM.725] [Info] [AgentModelResolver] agent "insightsAnalyzer" original_models=undefined -> resolved_models=[]
[9/19/2026, 11:00:22 PM.725] [Info] [AgentModelResolver] agent "agentInstructions" original_models=undefined -> resolved_models=[]
[9/19/2026, 11:00:22 PM.725] [Info] [AgentModelResolver] agent "statusline-setup" original_models=undefined -> resolved_models=[]
[9/19/2026, 11:00:22 PM.725] [Info] [AgentModelResolver] agent "Explore" original_models=["lite"] -> resolved_models=["lite"]
[9/19/2026, 11:00:22 PM.725] [Info] [AgentModelResolver] agent "Plan" original_models=undefined -> resolved_models=[]
[9/19/2026, 11:00:22 PM.725] [Info] [AgentModelResolver] agent "pulse" original_models=undefined -> resolved_models=[]
[9/19/2026, 11:00:22 PM.725] [Info] [AgentModelResolver] agent "enhance-prompt" original_models=undefined -> resolved_models=[]
[9/19/2026, 11:00:22 PM.727] [Info] [Merge] Step 1 (local + overlay): localModels=42, overlayModels=51, mergedModels=51
[9/19/2026, 11:00:22 PM.727] [Info] [Merge] Step 2 (+enterprise): enterpriseModels=0, totalModels=51
[9/19/2026, 11:00:22 PM.727] [Info] [Merge] Step 3 (+custom): customModels=0, totalModels=51
[9/19/2026, 11:00:22 PM.727] [Info] [Merge] Step 4 (availableModels filter): finalModels=51, cli.models=["auto","hy4-preview-f","hy3","hy3-x","deepseek-v4.1-flash","glm-5.3","glm-5.3-flash","glm-5.2","glm-5.1","glm-5v-turbo","minimax-m3","kimi-k3-1","kimi-k2.8-preview","kimi-k2.7","kimi-k2.6","deepseek-v4-pro"]
[9/19/2026, 11:00:22 PM.727] [Info] [WeixinClawBotClient] pollLoop getUpdates returned {"iteration":22433,"elapsedMs":1053865,"ret":0,"hasBuf":true,"msgs":0}
[9/19/2026, 11:00:22 PM.728] [Info] [WorkbuddyEnterpriseModels] enterpriseId: undefined, endpoint: https://copilot.tencent.com
[9/19/2026, 11:00:22 PM.728] [Info] [AgentModelResolver] product config input: 42 models, 18 agents
[9/19/2026, 11:00:22 PM.728] [Info] [AgentModelResolver] model ids: default, deepseek-v4-pro, deepseek-v4-flash, deepseek-v3-2-volc, minimax-m2.5, minimax-m2.7, minimax-m3-play, glm-5.1, glm-5.0, glm-5.0-turbo, glm-5v-turbo, glm-4.7, glm-4.6, glm-4.6v, kimi-k2.6, kimi-k2.5, kimi-k2-thinking, hy3-preview-agent, hunyuan-chat, hunyuan-image-v3.0, auto, hy3-preview, hunyuan-2.0-thinking, deepseek-v3-1-volc, deepseek-v3-1-lkeap, deepseek-v3-1, deepseek-v3-0324-lkeap, deepseek-r1-0528-lkeap, kimi-k2-instruct-taiji, completion-gf, default-1.1, hunyuan-3b, hunyuan-7b-dense, codewise-completions, codewise-rewrite, codewise-nes-a4-027-aide, codewise-jump, deepseek-r1-0528, deepseek-v3-0324-taco-completion, deepseek-v3-0324, default-1.2, hunyuan-2.0-instruct
[9/19/2026, 11:00:22 PM.728] [Info] [AgentModelResolver] agent "cli" original_models=["auto","glm-5v-turbo","glm-5.1","glm-5.0-turbo","glm-5.0","glm-4.7","kimi-k2.5","minimax-m2.7","deepseek-v3-2-volc"] -> resolved_models=["auto","glm-5v-turbo","glm-5.1","glm-5.0-turbo","glm-5.0","glm-4.7","kimi-k2.5","minimax-m2.7","deepseek-v3-2-volc"]
[9/19/2026, 11:00:22 PM.728] [Info] [AgentModelResolver] agent "general-purpose" original_models=undefined -> resolved_models=[]
[9/19/2026, 11:00:22 PM.728] [Info] [AgentModelResolver] agent "compact" original_models=undefined -> resolved_models=[]
[9/19/2026, 11:00:22 PM.728] [Info] [AgentModelResolver] agent "contextSummary" original_models=undefined -> resolved_models=[]
[9/19/2026, 11:00:22 PM.728] [Info] [AgentModelResolver] agent "contentAnalyzer" original_models=undefined -> resolved_models=[]
[9/19/2026, 11:00:22 PM.728] [Info] [AgentModelResolver] agent "terminalTitleGenerator" original_models=undefined -> resolved_models=[]
[9/19/2026, 11:00:22 PM.728] [Info] [AgentModelResolver] agent "promptSuggestion" original_models=undefined -> resolved_models=[]
[9/19/2026, 11:00:22 PM.728] [Info] [AgentModelResolver] agent "memorySelector" original_models=["lite"] -> resolved_models=["lite"]
[9/19/2026, 11:00:22 PM.728] [Info] [AgentModelResolver] agent "summaryGenerator" original_models=undefined -> resolved_models=[]
[9/19/2026, 11:00:22 PM.728] [Info] [AgentModelResolver] agent "autoModeClassifier" original_models=undefined -> resolved_models=[]
[9/19/2026, 11:00:22 PM.728] [Info] [AgentModelResolver] agent "promptHookEvaluator" original_models=["lite"] -> resolved_models=["lite"]
[9/19/2026, 11:00:22 PM.728] [Info] [AgentModelResolver] agent "insightsAnalyzer" original_models=undefined -> resolved_models=[]
[9/19/2026, 11:00:22 PM.728] [Info] [AgentModelResolver] agent "agentInstructions" original_models=undefined -> resolved_models=[]
[9/19/2026, 11:00:22 PM.728] [Info] [AgentModelResolver] agent "statusline-setup" original_models=undefined -> resolved_models=[]
[9/19/2026, 11:00:22 PM.728] [Info] [AgentModelResolver] agent "Explore" original_models=["lite"] -> resolved_models=["lite"]
[9/19/2026, 11:00:22 PM.728] [Info] [AgentModelResolver] agent "Plan" original_models=undefined -> resolved_models=[]
[9/19/2026, 11:00:22 PM.728] [Info] [AgentModelResolver] agent "pulse" original_models=undefined -> resolved_models=[]
[9/19/2026, 11:00:22 PM.728] [Info] [AgentModelResolver] agent "enhance-prompt" original_models=undefined -> resolved_models=[]
[9/19/2026, 11:00:22 PM.732] [Info] [Merge] Step 1 (local + overlay): localModels=42, overlayModels=51, mergedModels=51
[9/19/2026, 11:00:22 PM.732] [Info] [Merge] Step 2 (+enterprise): enterpriseModels=0, totalModels=51
[9/19/2026, 11:00:22 PM.732] [Info] [Merge] Step 3 (+custom): customModels=0, totalModels=51
[9/19/2026, 11:00:22 PM.732] [Info] [Merge] Step 4 (availableModels filter): finalModels=51, cli.models=["auto","hy4-preview-f","hy3","hy3-x","deepseek-v4.1-flash","glm-5.3","glm-5.3-flash","glm-5.2","glm-5.1","glm-5v-turbo","minimax-m3","kimi-k3-1","kimi-k2.8-preview","kimi-k2.7","kimi-k2.6","deepseek-v4-pro"]
[9/19/2026, 11:00:22 PM.797] [Info] [WeixinClawBotClient] pollLoop iteration begin {"iteration":22434,"cursorLen":96}
[9/19/2026, 11:00:23 PM.731] [Info] [CentrifugoClient] Connected successfully
[9/19/2026, 11:00:23 PM.731] [Info] [ClawService] Centrifugo status: connected
[9/19/2026, 11:00:23 PM.731] [Info] [CentrifugoClient] Subscribed to channel: copilot_workbuddy:fdee3d54-95b6-4e9c-aaff-50ad9505aab4_25e526bc70aeedffd6ce569154fcfedd_e76b49539422036c
[9/19/2026, 11:17:50 PM.735] [Info] [CentrifugoClient] Re-subscribing to copilot_workbuddy:fdee3d54-95b6-4e9c-aaff-50ad9505aab4_25e526bc70aeedffd6ce569154fcfedd_e76b49539422036c: transport closed (code: 1)
[9/19/2026, 11:17:50 PM.735] [Info] [CentrifugoClient] Reconnecting: no ping (code: 2)
[9/19/2026, 11:17:50 PM.735] [Info] [ClawService] Centrifugo status: connecting
[9/19/2026, 11:17:50 PM.736] [Info] [WorkbuddyEnterpriseModels] enterpriseId: undefined, endpoint: https://copilot.tencent.com
[9/19/2026, 11:17:50 PM.736] [Info] [AgentModelResolver] product config input: 42 models, 18 agents
[9/19/2026, 11:17:50 PM.736] [Info] [AgentModelResolver] model ids: default, deepseek-v4-pro, deepseek-v4-flash, deepseek-v3-2-volc, minimax-m2.5, minimax-m2.7, minimax-m3-play, glm-5.1, glm-5.0, glm-5.0-turbo, glm-5v-turbo, glm-4.7, glm-4.6, glm-4.6v, kimi-k2.6, kimi-k2.5, kimi-k2-thinking, hy3-preview-agent, hunyuan-chat, hunyuan-image-v3.0, auto, hy3-preview, hunyuan-2.0-thinking, deepseek-v3-1-volc, deepseek-v3-1-lkeap, deepseek-v3-1, deepseek-v3-0324-lkeap, deepseek-r1-0528-lkeap, kimi-k2-instruct-taiji, completion-gf, default-1.1, hunyuan-3b, hunyuan-7b-dense, codewise-completions, codewise-rewrite, codewise-nes-a4-027-aide, codewise-jump, deepseek-r1-0528, deepseek-v3-0324-taco-completion, deepseek-v3-0324, default-1.2, hunyuan-2.0-instruct
[9/19/2026, 11:17:50 PM.736] [Info] [AgentModelResolver] agent "cli" original_models=["auto","glm-5v-turbo","glm-5.1","glm-5.0-turbo","glm-5.0","glm-4.7","kimi-k2.5","minimax-m2.7","deepseek-v3-2-volc"] -> resolved_models=["auto","glm-5v-turbo","glm-5.1","glm-5.0-turbo","glm-5.0","glm-4.7","kimi-k2.5","minimax-m2.7","deepseek-v3-2-volc"]
[9/19/2026, 11:17:50 PM.736] [Info] [AgentModelResolver] agent "general-purpose" original_models=undefined -> resolved_models=[]
[9/19/2026, 11:17:50 PM.736] [Info] [AgentModelResolver] agent "compact" original_models=undefined -> resolved_models=[]
[9/19/2026, 11:17:50 PM.736] [Info] [AgentModelResolver] agent "contextSummary" original_models=undefined -> resolved_models=[]
[9/19/2026, 11:17:50 PM.736] [Info] [AgentModelResolver] agent "contentAnalyzer" original_models=undefined -> resolved_models=[]
[9/19/2026, 11:17:50 PM.736] [Info] [AgentModelResolver] agent "terminalTitleGenerator" original_models=undefined -> resolved_models=[]
[9/19/2026, 11:17:50 PM.736] [Info] [AgentModelResolver] agent "promptSuggestion" original_models=undefined -> resolved_models=[]
[9/19/2026, 11:17:50 PM.736] [Info] [AgentModelResolver] agent "memorySelector" original_models=["lite"] -> resolved_models=["lite"]
[9/19/2026, 11:17:50 PM.736] [Info] [AgentModelResolver] agent "summaryGenerator" original_models=undefined -> resolved_models=[]
[9/19/2026, 11:17:50 PM.736] [Info] [AgentModelResolver] agent "autoModeClassifier" original_models=undefined -> resolved_models=[]
[9/19/2026, 11:17:50 PM.736] [Info] [AgentModelResolver] agent "promptHookEvaluator" original_models=["lite"] -> resolved_models=["lite"]
[9/19/2026, 11:17:50 PM.736] [Info] [AgentModelResolver] agent "insightsAnalyzer" original_models=undefined -> resolved_models=[]
[9/19/2026, 11:17:50 PM.736] [Info] [AgentModelResolver] agent "agentInstructions" original_models=undefined -> resolved_models=[]
[9/19/2026, 11:17:50 PM.736] [Info] [AgentModelResolver] agent "statusline-setup" original_models=undefined -> resolved_models=[]
[9/19/2026, 11:17:50 PM.736] [Info] [AgentModelResolver] agent "Explore" original_models=["lite"] -> resolved_models=["lite"]
[9/19/2026, 11:17:50 PM.736] [Info] [AgentModelResolver] agent "Plan" original_models=undefined -> resolved_models=[]
[9/19/2026, 11:17:50 PM.736] [Info] [AgentModelResolver] agent "pulse" original_models=undefined -> resolved_models=[]
[9/19/2026, 11:17:50 PM.736] [Info] [AgentModelResolver] agent "enhance-prompt" original_models=undefined -> resolved_models=[]
[9/19/2026, 11:17:50 PM.755] [Info] [Merge] Step 1 (local + overlay): localModels=42, overlayModels=51, mergedModels=51
[9/19/2026, 11:17:50 PM.755] [Info] [Merge] Step 2 (+enterprise): enterpriseModels=0, totalModels=51
[9/19/2026, 11:17:50 PM.755] [Info] [Merge] Step 3 (+custom): customModels=0, totalModels=51
[9/19/2026, 11:17:50 PM.755] [Info] [Merge] Step 4 (availableModels filter): finalModels=51, cli.models=["auto","hy4-preview-f","hy3","hy3-x","deepseek-v4.1-flash","glm-5.3","glm-5.3-flash","glm-5.2","glm-5.1","glm-5v-turbo","minimax-m3","kimi-k3-1","kimi-k2.8-preview","kimi-k2.7","kimi-k2.6","deepseek-v4-pro"]
[9/19/2026, 11:17:50 PM.755] [Info] [WeixinClawBotClient] pollLoop getUpdates returned {"iteration":22434,"elapsedMs":1047958,"ret":0,"hasBuf":true,"msgs":0}
[9/19/2026, 11:17:50 PM.755] [Info] [WorkbuddyEnterpriseModels] enterpriseId: undefined, endpoint: https://copilot.tencent.com
[9/19/2026, 11:17:50 PM.755] [Info] [AgentModelResolver] product config input: 42 models, 18 agents
[9/19/2026, 11:17:50 PM.755] [Info] [AgentModelResolver] model ids: default, deepseek-v4-pro, deepseek-v4-flash, deepseek-v3-2-volc, minimax-m2.5, minimax-m2.7, minimax-m3-play, glm-5.1, glm-5.0, glm-5.0-turbo, glm-5v-turbo, glm-4.7, glm-4.6, glm-4.6v, kimi-k2.6, kimi-k2.5, kimi-k2-thinking, hy3-preview-agent, hunyuan-chat, hunyuan-image-v3.0, auto, hy3-preview, hunyuan-2.0-thinking, deepseek-v3-1-volc, deepseek-v3-1-lkeap, deepseek-v3-1, deepseek-v3-0324-lkeap, deepseek-r1-0528-lkeap, kimi-k2-instruct-taiji, completion-gf, default-1.1, hunyuan-3b, hunyuan-7b-dense, codewise-completions, codewise-rewrite, codewise-nes-a4-027-aide, codewise-jump, deepseek-r1-0528, deepseek-v3-0324-taco-completion, deepseek-v3-0324, default-1.2, hunyuan-2.0-instruct
[9/19/2026, 11:17:50 PM.755] [Info] [AgentModelResolver] agent "cli" original_models=["auto","glm-5v-turbo","glm-5.1","glm-5.0-turbo","glm-5.0","glm-4.7","kimi-k2.5","minimax-m2.7","deepseek-v3-2-volc"] -> resolved_models=["auto","glm-5v-turbo","glm-5.1","glm-5.0-turbo","glm-5.0","glm-4.7","kimi-k2.5","minimax-m2.7","deepseek-v3-2-volc"]
[9/19/2026, 11:17:50 PM.755] [Info] [AgentModelResolver] agent "general-purpose" original_models=undefined -> resolved_models=[]
[9/19/2026, 11:17:50 PM.755] [Info] [AgentModelResolver] agent "compact" original_models=undefined -> resolved_models=[]
[9/19/2026, 11:17:50 PM.755] [Info] [AgentModelResolver] agent "contextSummary" original_models=undefined -> resolved_models=[]
[9/19/2026, 11:17:50 PM.755] [Info] [AgentModelResolver] agent "contentAnalyzer" original_models=undefined -> resolved_models=[]
[9/19/2026, 11:17:50 PM.756] [Info] [AgentModelResolver] agent "terminalTitleGenerator" original_models=undefined -> resolved_models=[]
[9/19/2026, 11:17:50 PM.756] [Info] [AgentModelResolver] agent "promptSuggestion" original_models=undefined -> resolved_models=[]
[9/19/2026, 11:17:50 PM.756] [Info] [AgentModelResolver] agent "memorySelector" original_models=["lite"] -> resolved_models=["lite"]
[9/19/2026, 11:17:50 PM.756] [Info] [AgentModelResolver] agent "summaryGenerator" original_models=undefined -> resolved_models=[]
[9/19/2026, 11:17:50 PM.756] [Info] [AgentModelResolver] agent "autoModeClassifier" original_models=undefined -> resolved_models=[]
[9/19/2026, 11:17:50 PM.756] [Info] [AgentModelResolver] agent "promptHookEvaluator" original_models=["lite"] -> resolved_models=["lite"]
[9/19/2026, 11:17:50 PM.756] [Info] [AgentModelResolver] agent "insightsAnalyzer" original_models=undefined -> resolved_models=[]
[9/19/2026, 11:17:50 PM.756] [Info] [AgentModelResolver] agent "agentInstructions" original_models=undefined -> resolved_models=[]
[9/19/2026, 11:17:50 PM.756] [Info] [AgentModelResolver] agent "statusline-setup" original_models=undefined -> resolved_models=[]
[9/19/2026, 11:17:50 PM.756] [Info] [AgentModelResolver] agent "Explore" original_models=["lite"] -> resolved_models=["lite"]
[9/19/2026, 11:17:50 PM.756] [Info] [AgentModelResolver] agent "Plan" original_models=undefined -> resolved_models=[]
[9/19/2026, 11:17:50 PM.756] [Info] [AgentModelResolver] agent "pulse" original_models=undefined -> resolved_models=[]
[9/19/2026, 11:17:50 PM.756] [Info] [AgentModelResolver] agent "enhance-prompt" original_models=undefined -> resolved_models=[]
[9/19/2026, 11:17:50 PM.758] [Info] [Merge] Step 1 (local + overlay): localModels=42, overlayModels=51, mergedModels=51
[9/19/2026, 11:17:50 PM.758] [Info] [Merge] Step 2 (+enterprise): enterpriseModels=0, totalModels=51
[9/19/2026, 11:17:50 PM.758] [Info] [Merge] Step 3 (+custom): customModels=0, totalModels=51
[9/19/2026, 11:17:50 PM.758] [Info] [Merge] Step 4 (availableModels filter): finalModels=51, cli.models=["auto","hy4-preview-f","hy3","hy3-x","deepseek-v4.1-flash","glm-5.3","glm-5.3-flash","glm-5.2","glm-5.1","glm-5v-turbo","minimax-m3","kimi-k3-1","kimi-k2.8-preview","kimi-k2.7","kimi-k2.6","deepseek-v4-pro"]
[9/19/2026, 11:17:50 PM.823] [Info] [WeixinClawBotClient] pollLoop iteration begin {"iteration":22435,"cursorLen":96}
[9/19/2026, 11:17:51 PM.507] [Info] [CentrifugoClient] Connected successfully
[9/19/2026, 11:17:51 PM.507] [Info] [ClawService] Centrifugo status: connected
[9/19/2026, 11:17:51 PM.510] [Info] [CentrifugoClient] Subscribed to channel: copilot_workbuddy:fdee3d54-95b6-4e9c-aaff-50ad9505aab4_25e526bc70aeedffd6ce569154fcfedd_e76b49539422036c
[9/19/2026, 11:34:25 PM.725] [Info] [CentrifugoClient] Re-subscribing to copilot_workbuddy:fdee3d54-95b6-4e9c-aaff-50ad9505aab4_25e526bc70aeedffd6ce569154fcfedd_e76b49539422036c: transport closed (code: 1)
[9/19/2026, 11:34:25 PM.726] [Info] [CentrifugoClient] Reconnecting: no ping (code: 2)
[9/19/2026, 11:34:25 PM.726] [Info] [ClawService] Centrifugo status: connecting
[9/19/2026, 11:34:25 PM.726] [Info] [WorkbuddyEnterpriseModels] enterpriseId: undefined, endpoint: https://copilot.tencent.com
[9/19/2026, 11:34:25 PM.726] [Info] [AgentModelResolver] product config input: 42 models, 18 agents
[9/19/2026, 11:34:25 PM.726] [Info] [AgentModelResolver] model ids: default, deepseek-v4-pro, deepseek-v4-flash, deepseek-v3-2-volc, minimax-m2.5, minimax-m2.7, minimax-m3-play, glm-5.1, glm-5.0, glm-5.0-turbo, glm-5v-turbo, glm-4.7, glm-4.6, glm-4.6v, kimi-k2.6, kimi-k2.5, kimi-k2-thinking, hy3-preview-agent, hunyuan-chat, hunyuan-image-v3.0, auto, hy3-preview, hunyuan-2.0-thinking, deepseek-v3-1-volc, deepseek-v3-1-lkeap, deepseek-v3-1, deepseek-v3-0324-lkeap, deepseek-r1-0528-lkeap, kimi-k2-instruct-taiji, completion-gf, default-1.1, hunyuan-3b, hunyuan-7b-dense, codewise-completions, codewise-rewrite, codewise-nes-a4-027-aide, codewise-jump, deepseek-r1-0528, deepseek-v3-0324-taco-completion, deepseek-v3-0324, default-1.2, hunyuan-2.0-instruct
[9/19/2026, 11:34:25 PM.726] [Info] [AgentModelResolver] agent "cli" original_models=["auto","glm-5v-turbo","glm-5.1","glm-5.0-turbo","glm-5.0","glm-4.7","kimi-k2.5","minimax-m2.7","deepseek-v3-2-volc"] -> resolved_models=["auto","glm-5v-turbo","glm-5.1","glm-5.0-turbo","glm-5.0","glm-4.7","kimi-k2.5","minimax-m2.7","deepseek-v3-2-volc"]
[9/19/2026, 11:34:25 PM.726] [Info] [AgentModelResolver] agent "general-purpose" original_models=undefined -> resolved_models=[]
[9/19/2026, 11:34:25 PM.726] [Info] [AgentModelResolver] agent "compact" original_models=undefined -> resolved_models=[]
[9/19/2026, 11:34:25 PM.726] [Info] [AgentModelResolver] agent "contextSummary" original_models=undefined -> resolved_models=[]
[9/19/2026, 11:34:25 PM.726] [Info] [AgentModelResolver] agent "contentAnalyzer" original_models=undefined -> resolved_models=[]
[9/19/2026, 11:34:25 PM.726] [Info] [AgentModelResolver] agent "terminalTitleGenerator" original_models=undefined -> resolved_models=[]
[9/19/2026, 11:34:25 PM.726] [Info] [AgentModelResolver] agent "promptSuggestion" original_models=undefined -> resolved_models=[]
[9/19/2026, 11:34:25 PM.726] [Info] [AgentModelResolver] agent "memorySelector" original_models=["lite"] -> resolved_models=["lite"]
[9/19/2026, 11:34:25 PM.726] [Info] [AgentModelResolver] agent "summaryGenerator" original_models=undefined -> resolved_models=[]
[9/19/2026, 11:34:25 PM.726] [Info] [AgentModelResolver] agent "autoModeClassifier" original_models=undefined -> resolved_models=[]
[9/19/2026, 11:34:25 PM.726] [Info] [AgentModelResolver] agent "promptHookEvaluator" original_models=["lite"] -> resolved_models=["lite"]
[9/19/2026, 11:34:25 PM.726] [Info] [AgentModelResolver] agent "insightsAnalyzer" original_models=undefined -> resolved_models=[]
[9/19/2026, 11:34:25 PM.726] [Info] [AgentModelResolver] agent "agentInstructions" original_models=undefined -> resolved_models=[]
[9/19/2026, 11:34:25 PM.726] [Info] [AgentModelResolver] agent "statusline-setup" original_models=undefined -> resolved_models=[]
[9/19/2026, 11:34:25 PM.726] [Info] [AgentModelResolver] agent "Explore" original_models=["lite"] -> resolved_models=["lite"]
[9/19/2026, 11:34:25 PM.726] [Info] [AgentModelResolver] agent "Plan" original_models=undefined -> resolved_models=[]
[9/19/2026, 11:34:25 PM.726] [Info] [AgentModelResolver] agent "pulse" original_models=undefined -> resolved_models=[]
[9/19/2026, 11:34:25 PM.726] [Info] [AgentModelResolver] agent "enhance-prompt" original_models=undefined -> resolved_models=[]
[9/19/2026, 11:34:25 PM.730] [Info] [Merge] Step 1 (local + overlay): localModels=42, overlayModels=51, mergedModels=51
[9/19/2026, 11:34:25 PM.730] [Info] [Merge] Step 2 (+enterprise): enterpriseModels=0, totalModels=51
[9/19/2026, 11:34:25 PM.730] [Info] [Merge] Step 3 (+custom): customModels=0, totalModels=51
[9/19/2026, 11:34:25 PM.730] [Info] [Merge] Step 4 (availableModels filter): finalModels=51, cli.models=["auto","hy4-preview-f","hy3","hy3-x","deepseek-v4.1-flash","glm-5.3","glm-5.3-flash","glm-5.2","glm-5.1","glm-5v-turbo","minimax-m3","kimi-k3-1","kimi-k2.8-preview","kimi-k2.7","kimi-k2.6","deepseek-v4-pro"]
[9/19/2026, 11:34:25 PM.732] [Info] [WeixinClawBotClient] pollLoop getUpdates returned {"iteration":22435,"elapsedMs":994909,"ret":0,"hasBuf":true,"msgs":0}
[9/19/2026, 11:34:25 PM.733] [Info] [WorkbuddyEnterpriseModels] enterpriseId: undefined, endpoint: https://copilot.tencent.com
[9/19/2026, 11:34:25 PM.733] [Info] [AgentModelResolver] product config input: 42 models, 18 agents
[9/19/2026, 11:34:25 PM.733] [Info] [AgentModelResolver] model ids: default, deepseek-v4-pro, deepseek-v4-flash, deepseek-v3-2-volc, minimax-m2.5, minimax-m2.7, minimax-m3-play, glm-5.1, glm-5.0, glm-5.0-turbo, glm-5v-turbo, glm-4.7, glm-4.6, glm-4.6v, kimi-k2.6, kimi-k2.5, kimi-k2-thinking, hy3-preview-agent, hunyuan-chat, hunyuan-image-v3.0, auto, hy3-preview, hunyuan-2.0-thinking, deepseek-v3-1-volc, deepseek-v3-1-lkeap, deepseek-v3-1, deepseek-v3-0324-lkeap, deepseek-r1-0528-lkeap, kimi-k2-instruct-taiji, completion-gf, default-1.1, hunyuan-3b, hunyuan-7b-dense, codewise-completions, codewise-rewrite, codewise-nes-a4-027-aide, codewise-jump, deepseek-r1-0528, deepseek-v3-0324-taco-completion, deepseek-v3-0324, default-1.2, hunyuan-2.0-instruct
[9/19/2026, 11:34:25 PM.733] [Info] [AgentModelResolver] agent "cli" original_models=["auto","glm-5v-turbo","glm-5.1","glm-5.0-turbo","glm-5.0","glm-4.7","kimi-k2.5","minimax-m2.7","deepseek-v3-2-volc"] -> resolved_models=["auto","glm-5v-turbo","glm-5.1","glm-5.0-turbo","glm-5.0","glm-4.7","kimi-k2.5","minimax-m2.7","deepseek-v3-2-volc"]
[9/19/2026, 11:34:25 PM.733] [Info] [AgentModelResolver] agent "general-purpose" original_models=undefined -> resolved_models=[]
[9/19/2026, 11:34:25 PM.733] [Info] [AgentModelResolver] agent "compact" original_models=undefined -> resolved_models=[]
[9/19/2026, 11:34:25 PM.733] [Info] [AgentModelResolver] agent "contextSummary" original_models=undefined -> resolved_models=[]
[9/19/2026, 11:34:25 PM.733] [Info] [AgentModelResolver] agent "contentAnalyzer" original_models=undefined -> resolved_models=[]
[9/19/2026, 11:34:25 PM.733] [Info] [AgentModelResolver] agent "terminalTitleGenerator" original_models=undefined -> resolved_models=[]
[9/19/2026, 11:34:25 PM.733] [Info] [AgentModelResolver] agent "promptSuggestion" original_models=undefined -> resolved_models=[]
[9/19/2026, 11:34:25 PM.733] [Info] [AgentModelResolver] agent "memorySelector" original_models=["lite"] -> resolved_models=["lite"]
[9/19/2026, 11:34:25 PM.733] [Info] [AgentModelResolver] agent "summaryGenerator" original_models=undefined -> resolved_models=[]
[9/19/2026, 11:34:25 PM.733] [Info] [AgentModelResolver] agent "autoModeClassifier" original_models=undefined -> resolved_models=[]
[9/19/2026, 11:34:25 PM.733] [Info] [AgentModelResolver] agent "promptHookEvaluator" original_models=["lite"] -> resolved_models=["lite"]
[9/19/2026, 11:34:25 PM.733] [Info] [AgentModelResolver] agent "insightsAnalyzer" original_models=undefined -> resolved_models=[]
[9/19/2026, 11:34:25 PM.733] [Info] [AgentModelResolver] agent "agentInstructions" original_models=undefined -> resolved_models=[]
[9/19/2026, 11:34:25 PM.733] [Info] [AgentModelResolver] agent "statusline-setup" original_models=undefined -> resolved_models=[]
[9/19/2026, 11:34:25 PM.733] [Info] [AgentModelResolver] agent "Explore" original_models=["lite"] -> resolved_models=["lite"]
[9/19/2026, 11:34:25 PM.733] [Info] [AgentModelResolver] agent "Plan" original_models=undefined -> resolved_models=[]
[9/19/2026, 11:34:25 PM.733] [Info] [AgentModelResolver] agent "pulse" original_models=undefined -> resolved_models=[]
[9/19/2026, 11:34:25 PM.733] [Info] [AgentModelResolver] agent "enhance-prompt" original_models=undefined -> resolved_models=[]
[9/19/2026, 11:34:25 PM.742] [Info] [Merge] Step 1 (local + overlay): localModels=42, overlayModels=51, mergedModels=51
[9/19/2026, 11:34:25 PM.742] [Info] [Merge] Step 2 (+enterprise): enterpriseModels=0, totalModels=51
[9/19/2026, 11:34:25 PM.742] [Info] [Merge] Step 3 (+custom): customModels=0, totalModels=51
[9/19/2026, 11:34:25 PM.742] [Info] [Merge] Step 4 (availableModels filter): finalModels=51, cli.models=["auto","hy4-preview-f","hy3","hy3-x","deepseek-v4.1-flash","glm-5.3","glm-5.3-flash","glm-5.2","glm-5.1","glm-5v-turbo","minimax-m3","kimi-k3-1","kimi-k2.8-preview","kimi-k2.7","kimi-k2.6","deepseek-v4-pro"]
[9/19/2026, 11:34:25 PM.817] [Info] [WeixinClawBotClient] pollLoop iteration begin {"iteration":22436,"cursorLen":96}
[9/19/2026, 11:34:26 PM.530] [Info] [CentrifugoClient] Connected successfully
[9/19/2026, 11:34:26 PM.530] [Info] [ClawService] Centrifugo status: connected
[9/19/2026, 11:34:26 PM.538] [Info] [CentrifugoClient] Subscribed to channel: copilot_workbuddy:fdee3d54-95b6-4e9c-aaff-50ad9505aab4_25e526bc70aeedffd6ce569154fcfedd_e76b49539422036c
[9/19/2026, 11:45:27 PM.696] [Info] [CentrifugoClient] Re-subscribing to copilot_workbuddy:fdee3d54-95b6-4e9c-aaff-50ad9505aab4_25e526bc70aeedffd6ce569154fcfedd_e76b49539422036c: transport closed (code: 1)
[9/19/2026, 11:45:27 PM.696] [Info] [CentrifugoClient] Reconnecting: no ping (code: 2)
[9/19/2026, 11:45:27 PM.696] [Info] [ClawService] Centrifugo status: connecting
[9/19/2026, 11:45:27 PM.696] [Info] [WorkbuddyEnterpriseModels] enterpriseId: undefined, endpoint: https://copilot.tencent.com
[9/19/2026, 11:45:27 PM.697] [Info] [AgentModelResolver] product config input: 42 models, 18 agents
[9/19/2026, 11:45:27 PM.697] [Info] [AgentModelResolver] model ids: default, deepseek-v4-pro, deepseek-v4-flash, deepseek-v3-2-volc, minimax-m2.5, minimax-m2.7, minimax-m3-play, glm-5.1, glm-5.0, glm-5.0-turbo, glm-5v-turbo, glm-4.7, glm-4.6, glm-4.6v, kimi-k2.6, kimi-k2.5, kimi-k2-thinking, hy3-preview-agent, hunyuan-chat, hunyuan-image-v3.0, auto, hy3-preview, hunyuan-2.0-thinking, deepseek-v3-1-volc, deepseek-v3-1-lkeap, deepseek-v3-1, deepseek-v3-0324-lkeap, deepseek-r1-0528-lkeap, kimi-k2-instruct-taiji, completion-gf, default-1.1, hunyuan-3b, hunyuan-7b-dense, codewise-completions, codewise-rewrite, codewise-nes-a4-027-aide, codewise-jump, deepseek-r1-0528, deepseek-v3-0324-taco-completion, deepseek-v3-0324, default-1.2, hunyuan-2.0-instruct
[9/19/2026, 11:45:27 PM.697] [Info] [AgentModelResolver] agent "cli" original_models=["auto","glm-5v-turbo","glm-5.1","glm-5.0-turbo","glm-5.0","glm-4.7","kimi-k2.5","minimax-m2.7","deepseek-v3-2-volc"] -> resolved_models=["auto","glm-5v-turbo","glm-5.1","glm-5.0-turbo","glm-5.0","glm-4.7","kimi-k2.5","minimax-m2.7","deepseek-v3-2-volc"]
[9/19/2026, 11:45:27 PM.697] [Info] [AgentModelResolver] agent "general-purpose" original_models=undefined -> resolved_models=[]
[9/19/2026, 11:45:27 PM.697] [Info] [AgentModelResolver] agent "compact" original_models=undefined -> resolved_models=[]
[9/19/2026, 11:45:27 PM.697] [Info] [AgentModelResolver] agent "contextSummary" original_models=undefined -> resolved_models=[]
[9/19/2026, 11:45:27 PM.697] [Info] [AgentModelResolver] agent "contentAnalyzer" original_models=undefined -> resolved_models=[]
[9/19/2026, 11:45:27 PM.697] [Info] [AgentModelResolver] agent "terminalTitleGenerator" original_models=undefined -> resolved_models=[]
[9/19/2026, 11:45:27 PM.697] [Info] [AgentModelResolver] agent "promptSuggestion" original_models=undefined -> resolved_models=[]
[9/19/2026, 11:45:27 PM.697] [Info] [AgentModelResolver] agent "memorySelector" original_models=["lite"] -> resolved_models=["lite"]
[9/19/2026, 11:45:27 PM.697] [Info] [AgentModelResolver] agent "summaryGenerator" original_models=undefined -> resolved_models=[]
[9/19/2026, 11:45:27 PM.697] [Info] [AgentModelResolver] agent "autoModeClassifier" original_models=undefined -> resolved_models=[]
[9/19/2026, 11:45:27 PM.697] [Info] [AgentModelResolver] agent "promptHookEvaluator" original_models=["lite"] -> resolved_models=["lite"]
[9/19/2026, 11:45:27 PM.697] [Info] [AgentModelResolver] agent "insightsAnalyzer" original_models=undefined -> resolved_models=[]
[9/19/2026, 11:45:27 PM.697] [Info] [AgentModelResolver] agent "agentInstructions" original_models=undefined -> resolved_models=[]
[9/19/2026, 11:45:27 PM.697] [Info] [AgentModelResolver] agent "statusline-setup" original_models=undefined -> resolved_models=[]
[9/19/2026, 11:45:27 PM.697] [Info] [AgentModelResolver] agent "Explore" original_models=["lite"] -> resolved_models=["lite"]
[9/19/2026, 11:45:27 PM.697] [Info] [AgentModelResolver] agent "Plan" original_models=undefined -> resolved_models=[]
[9/19/2026, 11:45:27 PM.697] [Info] [AgentModelResolver] agent "pulse" original_models=undefined -> resolved_models=[]
[9/19/2026, 11:45:27 PM.697] [Info] [AgentModelResolver] agent "enhance-prompt" original_models=undefined -> resolved_models=[]
[9/19/2026, 11:45:27 PM.702] [Info] [Merge] Step 1 (local + overlay): localModels=42, overlayModels=51, mergedModels=51
[9/19/2026, 11:45:27 PM.702] [Info] [Merge] Step 2 (+enterprise): enterpriseModels=0, totalModels=51
[9/19/2026, 11:45:27 PM.702] [Info] [Merge] Step 3 (+custom): customModels=0, totalModels=51
[9/19/2026, 11:45:27 PM.702] [Info] [Merge] Step 4 (availableModels filter): finalModels=51, cli.models=["auto","hy4-preview-f","hy3","hy3-x","deepseek-v4.1-flash","glm-5.3","glm-5.3-flash","glm-5.2","glm-5.1","glm-5v-turbo","minimax-m3","kimi-k3-1","kimi-k2.8-preview","kimi-k2.7","kimi-k2.6","deepseek-v4-pro"]
[9/19/2026, 11:45:27 PM.702] [Info] [WeixinClawBotClient] pollLoop getUpdates returned {"iteration":22436,"elapsedMs":661885,"ret":0,"hasBuf":true,"msgs":0}
[9/19/2026, 11:45:27 PM.703] [Info] [WorkbuddyEnterpriseModels] enterpriseId: undefined, endpoint: https://copilot.tencent.com
[9/19/2026, 11:45:27 PM.703] [Info] [AgentModelResolver] product config input: 42 models, 18 agents
[9/19/2026, 11:45:27 PM.703] [Info] [AgentModelResolver] model ids: default, deepseek-v4-pro, deepseek-v4-flash, deepseek-v3-2-volc, minimax-m2.5, minimax-m2.7, minimax-m3-play, glm-5.1, glm-5.0, glm-5.0-turbo, glm-5v-turbo, glm-4.7, glm-4.6, glm-4.6v, kimi-k2.6, kimi-k2.5, kimi-k2-thinking, hy3-preview-agent, hunyuan-chat, hunyuan-image-v3.0, auto, hy3-preview, hunyuan-2.0-thinking, deepseek-v3-1-volc, deepseek-v3-1-lkeap, deepseek-v3-1, deepseek-v3-0324-lkeap, deepseek-r1-0528-lkeap, kimi-k2-instruct-taiji, completion-gf, default-1.1, hunyuan-3b, hunyuan-7b-dense, codewise-completions, codewise-rewrite, codewise-nes-a4-027-aide, codewise-jump, deepseek-r1-0528, deepseek-v3-0324-taco-completion, deepseek-v3-0324, default-1.2, hunyuan-2.0-instruct
[9/19/2026, 11:45:27 PM.703] [Info] [AgentModelResolver] agent "cli" original_models=["auto","glm-5v-turbo","glm-5.1","glm-5.0-turbo","glm-5.0","glm-4.7","kimi-k2.5","minimax-m2.7","deepseek-v3-2-volc"] -> resolved_models=["auto","glm-5v-turbo","glm-5.1","glm-5.0-turbo","glm-5.0","glm-4.7","kimi-k2.5","minimax-m2.7","deepseek-v3-2-volc"]
[9/19/2026, 11:45:27 PM.703] [Info] [AgentModelResolver] agent "general-purpose" original_models=undefined -> resolved_models=[]
[9/19/2026, 11:45:27 PM.703] [Info] [AgentModelResolver] agent "compact" original_models=undefined -> resolved_models=[]
[9/19/2026, 11:45:27 PM.703] [Info] [AgentModelResolver] agent "contextSummary" original_models=undefined -> resolved_models=[]
[9/19/2026, 11:45:27 PM.703] [Info] [AgentModelResolver] agent "contentAnalyzer" original_models=undefined -> resolved_models=[]
[9/19/2026, 11:45:27 PM.703] [Info] [AgentModelResolver] agent "terminalTitleGenerator" original_models=undefined -> resolved_models=[]
[9/19/2026, 11:45:27 PM.703] [Info] [AgentModelResolver] agent "promptSuggestion" original_models=undefined -> resolved_models=[]
[9/19/2026, 11:45:27 PM.703] [Info] [AgentModelResolver] agent "memorySelector" original_models=["lite"] -> resolved_models=["lite"]
[9/19/2026, 11:45:27 PM.703] [Info] [AgentModelResolver] agent "summaryGenerator" original_models=undefined -> resolved_models=[]
[9/19/2026, 11:45:27 PM.703] [Info] [AgentModelResolver] agent "autoModeClassifier" original_models=undefined -> resolved_models=[]
[9/19/2026, 11:45:27 PM.703] [Info] [AgentModelResolver] agent "promptHookEvaluator" original_models=["lite"] -> resolved_models=["lite"]
[9/19/2026, 11:45:27 PM.703] [Info] [AgentModelResolver] agent "insightsAnalyzer" original_models=undefined -> resolved_models=[]
[9/19/2026, 11:45:27 PM.703] [Info] [AgentModelResolver] agent "agentInstructions" original_models=undefined -> resolved_models=[]
[9/19/2026, 11:45:27 PM.703] [Info] [AgentModelResolver] agent "statusline-setup" original_models=undefined -> resolved_models=[]
[9/19/2026, 11:45:27 PM.703] [Info] [AgentModelResolver] agent "Explore" original_models=["lite"] -> resolved_models=["lite"]
[9/19/2026, 11:45:27 PM.703] [Info] [AgentModelResolver] agent "Plan" original_models=undefined -> resolved_models=[]
[9/19/2026, 11:45:27 PM.703] [Info] [AgentModelResolver] agent "pulse" original_models=undefined -> resolved_models=[]
[9/19/2026, 11:45:27 PM.703] [Info] [AgentModelResolver] agent "enhance-prompt" original_models=undefined -> resolved_models=[]
[9/19/2026, 11:45:27 PM.705] [Info] [Merge] Step 1 (local + overlay): localModels=42, overlayModels=51, mergedModels=51
[9/19/2026, 11:45:27 PM.706] [Info] [Merge] Step 2 (+enterprise): enterpriseModels=0, totalModels=51
[9/19/2026, 11:45:27 PM.706] [Info] [Merge] Step 3 (+custom): customModels=0, totalModels=51
[9/19/2026, 11:45:27 PM.706] [Info] [Merge] Step 4 (availableModels filter): finalModels=51, cli.models=["auto","hy4-preview-f","hy3","hy3-x","deepseek-v4.1-flash","glm-5.3","glm-5.3-flash","glm-5.2","glm-5.1","glm-5v-turbo","minimax-m3","kimi-k3-1","kimi-k2.8-preview","kimi-k2.7","kimi-k2.6","deepseek-v4-pro"]
[9/19/2026, 11:45:27 PM.741] [Info] [WeixinClawBotClient] pollLoop iteration begin {"iteration":22437,"cursorLen":96}
[9/19/2026, 11:45:28 PM.890] [Info] [CentrifugoClient] Connected successfully
[9/19/2026, 11:45:28 PM.890] [Info] [ClawService] Centrifugo status: connected
[9/19/2026, 11:45:28 PM.893] [Info] [CentrifugoClient] Subscribed to channel: copilot_workbuddy:fdee3d54-95b6-4e9c-aaff-50ad9505aab4_25e526bc70aeedffd6ce569154fcfedd_e76b49539422036c
[9/19/2026, 11:45:46 PM.409] [Info] [WeixinClawBotClient] pollLoop getUpdates returned {"iteration":22437,"elapsedMs":18668,"hasBuf":true,"msgs":0}
[9/19/2026, 11:45:46 PM.411] [Info] [WeixinClawBotClient] pollLoop iteration begin {"iteration":22438,"cursorLen":96}
[9/19/2026, 11:46:04 PM.503] [Info] [WeixinClawBotClient] pollLoop getUpdates returned {"iteration":22438,"elapsedMs":18093,"hasBuf":true,"msgs":0}
[9/19/2026, 11:46:04 PM.505] [Info] [WeixinClawBotClient] pollLoop iteration begin {"iteration":22439,"cursorLen":96}
[9/19/2026, 11:46:22 PM.639] [Info] [WeixinClawBotClient] pollLoop getUpdates returned {"iteration":22439,"elapsedMs":18135,"hasBuf":true,"msgs":0}
[9/19/2026, 11:46:22 PM.643] [Info] [WeixinClawBotClient] pollLoop iteration begin {"iteration":22440,"cursorLen":96}
[9/20/2026, 12:03:49 AM.794] [Info] [CentrifugoClient] Re-subscribing to copilot_workbuddy:fdee3d54-95b6-4e9c-aaff-50ad9505aab4_25e526bc70aeedffd6ce569154fcfedd_e76b49539422036c: transport closed (code: 1)
[9/20/2026, 12:03:49 AM.794] [Info] [CentrifugoClient] Reconnecting: no ping (code: 2)
[9/20/2026, 12:03:49 AM.794] [Info] [ClawService] Centrifugo status: connecting
[9/20/2026, 12:03:49 AM.794] [Info] [WorkbuddyEnterpriseModels] enterpriseId: undefined, endpoint: https://copilot.tencent.com
[9/20/2026, 12:03:49 AM.795] [Info] [AgentModelResolver] product config input: 42 models, 18 agents
[9/20/2026, 12:03:49 AM.795] [Info] [AgentModelResolver] model ids: default, deepseek-v4-pro, deepseek-v4-flash, deepseek-v3-2-volc, minimax-m2.5, minimax-m2.7, minimax-m3-play, glm-5.1, glm-5.0, glm-5.0-turbo, glm-5v-turbo, glm-4.7, glm-4.6, glm-4.6v, kimi-k2.6, kimi-k2.5, kimi-k2-thinking, hy3-preview-agent, hunyuan-chat, hunyuan-image-v3.0, auto, hy3-preview, hunyuan-2.0-thinking, deepseek-v3-1-volc, deepseek-v3-1-lkeap, deepseek-v3-1, deepseek-v3-0324-lkeap, deepseek-r1-0528-lkeap, kimi-k2-instruct-taiji, completion-gf, default-1.1, hunyuan-3b, hunyuan-7b-dense, codewise-completions, codewise-rewrite, codewise-nes-a4-027-aide, codewise-jump, deepseek-r1-0528, deepseek-v3-0324-taco-completion, deepseek-v3-0324, default-1.2, hunyuan-2.0-instruct
[9/20/2026, 12:03:49 AM.795] [Info] [AgentModelResolver] agent "cli" original_models=["auto","glm-5v-turbo","glm-5.1","glm-5.0-turbo","glm-5.0","glm-4.7","kimi-k2.5","minimax-m2.7","deepseek-v3-2-volc"] -> resolved_models=["auto","glm-5v-turbo","glm-5.1","glm-5.0-turbo","glm-5.0","glm-4.7","kimi-k2.5","minimax-m2.7","deepseek-v3-2-volc"]
[9/20/2026, 12:03:49 AM.795] [Info] [AgentModelResolver] agent "general-purpose" original_models=undefined -> resolved_models=[]
[9/20/2026, 12:03:49 AM.795] [Info] [AgentModelResolver] agent "compact" original_models=undefined -> resolved_models=[]
[9/20/2026, 12:03:49 AM.795] [Info] [AgentModelResolver] agent "contextSummary" original_models=undefined -> resolved_models=[]
[9/20/2026, 12:03:49 AM.795] [Info] [AgentModelResolver] agent "contentAnalyzer" original_models=undefined -> resolved_models=[]
[9/20/2026, 12:03:49 AM.795] [Info] [AgentModelResolver] agent "terminalTitleGenerator" original_models=undefined -> resolved_models=[]
[9/20/2026, 12:03:49 AM.795] [Info] [AgentModelResolver] agent "promptSuggestion" original_models=undefined -> resolved_models=[]
[9/20/2026, 12:03:49 AM.795] [Info] [AgentModelResolver] agent "memorySelector" original_models=["lite"] -> resolved_models=["lite"]
[9/20/2026, 12:03:49 AM.795] [Info] [AgentModelResolver] agent "summaryGenerator" original_models=undefined -> resolved_models=[]
[9/20/2026, 12:03:49 AM.795] [Info] [AgentModelResolver] agent "autoModeClassifier" original_models=undefined -> resolved_models=[]
[9/20/2026, 12:03:49 AM.795] [Info] [AgentModelResolver] agent "promptHookEvaluator" original_models=["lite"] -> resolved_models=["lite"]
[9/20/2026, 12:03:49 AM.795] [Info] [AgentModelResolver] agent "insightsAnalyzer" original_models=undefined -> resolved_models=[]
[9/20/2026, 12:03:49 AM.795] [Info] [AgentModelResolver] agent "agentInstructions" original_models=undefined -> resolved_models=[]
[9/20/2026, 12:03:49 AM.795] [Info] [AgentModelResolver] agent "statusline-setup" original_models=undefined -> resolved_models=[]
[9/20/2026, 12:03:49 AM.795] [Info] [AgentModelResolver] agent "Explore" original_models=["lite"] -> resolved_models=["lite"]
[9/20/2026, 12:03:49 AM.795] [Info] [AgentModelResolver] agent "Plan" original_models=undefined -> resolved_models=[]
[9/20/2026, 12:03:49 AM.795] [Info] [AgentModelResolver] agent "pulse" original_models=undefined -> resolved_models=[]
[9/20/2026, 12:03:49 AM.795] [Info] [AgentModelResolver] agent "enhance-prompt" original_models=undefined -> resolved_models=[]
[9/20/2026, 12:03:49 AM.798] [Info] [Merge] Step 1 (local + overlay): localModels=42, overlayModels=51, mergedModels=51
[9/20/2026, 12:03:49 AM.798] [Info] [Merge] Step 2 (+enterprise): enterpriseModels=0, totalModels=51
[9/20/2026, 12:03:49 AM.798] [Info] [Merge] Step 3 (+custom): customModels=0, totalModels=51
[9/20/2026, 12:03:49 AM.798] [Info] [Merge] Step 4 (availableModels filter): finalModels=51, cli.models=["auto","hy4-preview-f","hy3","hy3-x","deepseek-v4.1-flash","glm-5.3","glm-5.3-flash","glm-5.2","glm-5.1","glm-5v-turbo","minimax-m3","kimi-k3-1","kimi-k2.8-preview","kimi-k2.7","kimi-k2.6","deepseek-v4-pro"]
[9/20/2026, 12:03:49 AM.799] [Info] [WeixinClawBotClient] pollLoop getUpdates returned {"iteration":22440,"elapsedMs":1047158,"ret":0,"hasBuf":true,"msgs":0}
[9/20/2026, 12:03:49 AM.800] [Info] [WorkbuddyEnterpriseModels] enterpriseId: undefined, endpoint: https://copilot.tencent.com
[9/20/2026, 12:03:49 AM.800] [Info] [AgentModelResolver] product config input: 42 models, 18 agents
[9/20/2026, 12:03:49 AM.800] [Info] [AgentModelResolver] model ids: default, deepseek-v4-pro, deepseek-v4-flash, deepseek-v3-2-volc, minimax-m2.5, minimax-m2.7, minimax-m3-play, glm-5.1, glm-5.0, glm-5.0-turbo, glm-5v-turbo, glm-4.7, glm-4.6, glm-4.6v, kimi-k2.6, kimi-k2.5, kimi-k2-thinking, hy3-preview-agent, hunyuan-chat, hunyuan-image-v3.0, auto, hy3-preview, hunyuan-2.0-thinking, deepseek-v3-1-volc, deepseek-v3-1-lkeap, deepseek-v3-1, deepseek-v3-0324-lkeap, deepseek-r1-0528-lkeap, kimi-k2-instruct-taiji, completion-gf, default-1.1, hunyuan-3b, hunyuan-7b-dense, codewise-completions, codewise-rewrite, codewise-nes-a4-027-aide, codewise-jump, deepseek-r1-0528, deepseek-v3-0324-taco-completion, deepseek-v3-0324, default-1.2, hunyuan-2.0-instruct
[9/20/2026, 12:03:49 AM.800] [Info] [AgentModelResolver] agent "cli" original_models=["auto","glm-5v-turbo","glm-5.1","glm-5.0-turbo","glm-5.0","glm-4.7","kimi-k2.5","minimax-m2.7","deepseek-v3-2-volc"] -> resolved_models=["auto","glm-5v-turbo","glm-5.1","glm-5.0-turbo","glm-5.0","glm-4.7","kimi-k2.5","minimax-m2.7","deepseek-v3-2-volc"]
[9/20/2026, 12:03:49 AM.800] [Info] [AgentModelResolver] agent "general-purpose" original_models=undefined -> resolved_models=[]
[9/20/2026, 12:03:49 AM.800] [Info] [AgentModelResolver] agent "compact" original_models=undefined -> resolved_models=[]
[9/20/2026, 12:03:49 AM.800] [Info] [AgentModelResolver] agent "contextSummary" original_models=undefined -> resolved_models=[]
[9/20/2026, 12:03:49 AM.800] [Info] [AgentModelResolver] agent "contentAnalyzer" original_models=undefined -> resolved_models=[]
[9/20/2026, 12:03:49 AM.800] [Info] [AgentModelResolver] agent "terminalTitleGenerator" original_models=undefined -> resolved_models=[]
[9/20/2026, 12:03:49 AM.800] [Info] [AgentModelResolver] agent "promptSuggestion" original_models=undefined -> resolved_models=[]
[9/20/2026, 12:03:49 AM.800] [Info] [AgentModelResolver] agent "memorySelector" original_models=["lite"] -> resolved_models=["lite"]
[9/20/2026, 12:03:49 AM.800] [Info] [AgentModelResolver] agent "summaryGenerator" original_models=undefined -> resolved_models=[]
[9/20/2026, 12:03:49 AM.800] [Info] [AgentModelResolver] agent "autoModeClassifier" original_models=undefined -> resolved_models=[]
[9/20/2026, 12:03:49 AM.800] [Info] [AgentModelResolver] agent "promptHookEvaluator" original_models=["lite"] -> resolved_models=["lite"]
[9/20/2026, 12:03:49 AM.800] [Info] [AgentModelResolver] agent "insightsAnalyzer" original_models=undefined -> resolved_models=[]
[9/20/2026, 12:03:49 AM.800] [Info] [AgentModelResolver] agent "agentInstructions" original_models=undefined -> resolved_models=[]
[9/20/2026, 12:03:49 AM.800] [Info] [AgentModelResolver] agent "statusline-setup" original_models=undefined -> resolved_models=[]
[9/20/2026, 12:03:49 AM.800] [Info] [AgentModelResolver] agent "Explore" original_models=["lite"] -> resolved_models=["lite"]
[9/20/2026, 12:03:49 AM.800] [Info] [AgentModelResolver] agent "Plan" original_models=undefined -> resolved_models=[]
[9/20/2026, 12:03:49 AM.800] [Info] [AgentModelResolver] agent "pulse" original_models=undefined -> resolved_models=[]
[9/20/2026, 12:03:49 AM.800] [Info] [AgentModelResolver] agent "enhance-prompt" original_models=undefined -> resolved_models=[]
[9/20/2026, 12:03:49 AM.803] [Info] [Merge] Step 1 (local + overlay): localModels=42, overlayModels=51, mergedModels=51
[9/20/2026, 12:03:49 AM.803] [Info] [Merge] Step 2 (+enterprise): enterpriseModels=0, totalModels=51
[9/20/2026, 12:03:49 AM.803] [Info] [Merge] Step 3 (+custom): customModels=0, totalModels=51
[9/20/2026, 12:03:49 AM.803] [Info] [Merge] Step 4 (availableModels filter): finalModels=51, cli.models=["auto","hy4-preview-f","hy3","hy3-x","deepseek-v4.1-flash","glm-5.3","glm-5.3-flash","glm-5.2","glm-5.1","glm-5v-turbo","minimax-m3","kimi-k3-1","kimi-k2.8-preview","kimi-k2.7","kimi-k2.6","deepseek-v4-pro"]
[9/20/2026, 12:03:49 AM.842] [Info] [WeixinClawBotClient] pollLoop iteration begin {"iteration":22441,"cursorLen":96}
[9/20/2026, 12:03:50 AM.795] [Info] [CentrifugoClient] Connected successfully
[9/20/2026, 12:03:50 AM.795] [Info] [ClawService] Centrifugo status: connected
[9/20/2026, 12:03:50 AM.798] [Info] [CentrifugoClient] Subscribed to channel: copilot_workbuddy:fdee3d54-95b6-4e9c-aaff-50ad9505aab4_25e526bc70aeedffd6ce569154fcfedd_e76b49539422036c
[9/20/2026, 12:21:50 AM.724] [Info] [CentrifugoClient] Re-subscribing to copilot_workbuddy:fdee3d54-95b6-4e9c-aaff-50ad9505aab4_25e526bc70aeedffd6ce569154fcfedd_e76b49539422036c: transport closed (code: 1)
[9/20/2026, 12:21:50 AM.724] [Info] [CentrifugoClient] Reconnecting: no ping (code: 2)
[9/20/2026, 12:21:50 AM.724] [Info] [ClawService] Centrifugo status: connecting
[9/20/2026, 12:21:50 AM.724] [Info] [WorkbuddyEnterpriseModels] enterpriseId: undefined, endpoint: https://copilot.tencent.com
[9/20/2026, 12:21:50 AM.724] [Info] [AgentModelResolver] product config input: 42 models, 18 agents
[9/20/2026, 12:21:50 AM.724] [Info] [AgentModelResolver] model ids: default, deepseek-v4-pro, deepseek-v4-flash, deepseek-v3-2-volc, minimax-m2.5, minimax-m2.7, minimax-m3-play, glm-5.1, glm-5.0, glm-5.0-turbo, glm-5v-turbo, glm-4.7, glm-4.6, glm-4.6v, kimi-k2.6, kimi-k2.5, kimi-k2-thinking, hy3-preview-agent, hunyuan-chat, hunyuan-image-v3.0, auto, hy3-preview, hunyuan-2.0-thinking, deepseek-v3-1-volc, deepseek-v3-1-lkeap, deepseek-v3-1, deepseek-v3-0324-lkeap, deepseek-r1-0528-lkeap, kimi-k2-instruct-taiji, completion-gf, default-1.1, hunyuan-3b, hunyuan-7b-dense, codewise-completions, codewise-rewrite, codewise-nes-a4-027-aide, codewise-jump, deepseek-r1-0528, deepseek-v3-0324-taco-completion, deepseek-v3-0324, default-1.2, hunyuan-2.0-instruct
[9/20/2026, 12:21:50 AM.724] [Info] [AgentModelResolver] agent "cli" original_models=["auto","glm-5v-turbo","glm-5.1","glm-5.0-turbo","glm-5.0","glm-4.7","kimi-k2.5","minimax-m2.7","deepseek-v3-2-volc"] -> resolved_models=["auto","glm-5v-turbo","glm-5.1","glm-5.0-turbo","glm-5.0","glm-4.7","kimi-k2.5","minimax-m2.7","deepseek-v3-2-volc"]
[9/20/2026, 12:21:50 AM.724] [Info] [AgentModelResolver] agent "general-purpose" original_models=undefined -> resolved_models=[]
[9/20/2026, 12:21:50 AM.724] [Info] [AgentModelResolver] agent "compact" original_models=undefined -> resolved_models=[]
[9/20/2026, 12:21:50 AM.724] [Info] [AgentModelResolver] agent "contextSummary" original_models=undefined -> resolved_models=[]
[9/20/2026, 12:21:50 AM.724] [Info] [AgentModelResolver] agent "contentAnalyzer" original_models=undefined -> resolved_models=[]
[9/20/2026, 12:21:50 AM.724] [Info] [AgentModelResolver] agent "terminalTitleGenerator" original_models=undefined -> resolved_models=[]
[9/20/2026, 12:21:50 AM.724] [Info] [AgentModelResolver] agent "promptSuggestion" original_models=undefined -> resolved_models=[]
[9/20/2026, 12:21:50 AM.724] [Info] [AgentModelResolver] agent "memorySelector" original_models=["lite"] -> resolved_models=["lite"]
[9/20/2026, 12:21:50 AM.724] [Info] [AgentModelResolver] agent "summaryGenerator" original_models=undefined -> resolved_models=[]
[9/20/2026, 12:21:50 AM.724] [Info] [AgentModelResolver] agent "autoModeClassifier" original_models=undefined -> resolved_models=[]
[9/20/2026, 12:21:50 AM.724] [Info] [AgentModelResolver] agent "promptHookEvaluator" original_models=["lite"] -> resolved_models=["lite"]
[9/20/2026, 12:21:50 AM.724] [Info] [AgentModelResolver] agent "insightsAnalyzer" original_models=undefined -> resolved_models=[]
[9/20/2026, 12:21:50 AM.724] [Info] [AgentModelResolver] agent "agentInstructions" original_models=undefined -> resolved_models=[]
[9/20/2026, 12:21:50 AM.724] [Info] [AgentModelResolver] agent "statusline-setup" original_models=undefined -> resolved_models=[]
[9/20/2026, 12:21:50 AM.724] [Info] [AgentModelResolver] agent "Explore" original_models=["lite"] -> resolved_models=["lite"]
[9/20/2026, 12:21:50 AM.724] [Info] [AgentModelResolver] agent "Plan" original_models=undefined -> resolved_models=[]
[9/20/2026, 12:21:50 AM.724] [Info] [AgentModelResolver] agent "pulse" original_models=undefined -> resolved_models=[]
[9/20/2026, 12:21:50 AM.724] [Info] [AgentModelResolver] agent "enhance-prompt" original_models=undefined -> resolved_models=[]
[9/20/2026, 12:21:50 AM.726] [Info] [Merge] Step 1 (local + overlay): localModels=42, overlayModels=51, mergedModels=51
[9/20/2026, 12:21:50 AM.726] [Info] [Merge] Step 2 (+enterprise): enterpriseModels=0, totalModels=51
[9/20/2026, 12:21:50 AM.726] [Info] [Merge] Step 3 (+custom): customModels=0, totalModels=51
[9/20/2026, 12:21:50 AM.726] [Info] [Merge] Step 4 (availableModels filter): finalModels=51, cli.models=["auto","hy4-preview-f","hy3","hy3-x","deepseek-v4.1-flash","glm-5.3","glm-5.3-flash","glm-5.2","glm-5.1","glm-5v-turbo","minimax-m3","kimi-k3-1","kimi-k2.8-preview","kimi-k2.7","kimi-k2.6","deepseek-v4-pro"]
[9/20/2026, 12:21:50 AM.727] [Info] [WeixinClawBotClient] pollLoop getUpdates returned {"iteration":22441,"elapsedMs":1080885,"ret":0,"hasBuf":true,"msgs":0}
[9/20/2026, 12:21:50 AM.727] [Info] [WorkbuddyEnterpriseModels] enterpriseId: undefined, endpoint: https://copilot.tencent.com
[9/20/2026, 12:21:50 AM.727] [Info] [AgentModelResolver] product config input: 42 models, 18 agents
[9/20/2026, 12:21:50 AM.727] [Info] [AgentModelResolver] model ids: default, deepseek-v4-pro, deepseek-v4-flash, deepseek-v3-2-volc, minimax-m2.5, minimax-m2.7, minimax-m3-play, glm-5.1, glm-5.0, glm-5.0-turbo, glm-5v-turbo, glm-4.7, glm-4.6, glm-4.6v, kimi-k2.6, kimi-k2.5, kimi-k2-thinking, hy3-preview-agent, hunyuan-chat, hunyuan-image-v3.0, auto, hy3-preview, hunyuan-2.0-thinking, deepseek-v3-1-volc, deepseek-v3-1-lkeap, deepseek-v3-1, deepseek-v3-0324-lkeap, deepseek-r1-0528-lkeap, kimi-k2-instruct-taiji, completion-gf, default-1.1, hunyuan-3b, hunyuan-7b-dense, codewise-completions, codewise-rewrite, codewise-nes-a4-027-aide, codewise-jump, deepseek-r1-0528, deepseek-v3-0324-taco-completion, deepseek-v3-0324, default-1.2, hunyuan-2.0-instruct
[9/20/2026, 12:21:50 AM.727] [Info] [AgentModelResolver] agent "cli" original_models=["auto","glm-5v-turbo","glm-5.1","glm-5.0-turbo","glm-5.0","glm-4.7","kimi-k2.5","minimax-m2.7","deepseek-v3-2-volc"] -> resolved_models=["auto","glm-5v-turbo","glm-5.1","glm-5.0-turbo","glm-5.0","glm-4.7","kimi-k2.5","minimax-m2.7","deepseek-v3-2-volc"]
[9/20/2026, 12:21:50 AM.727] [Info] [AgentModelResolver] agent "general-purpose" original_models=undefined -> resolved_models=[]
[9/20/2026, 12:21:50 AM.727] [Info] [AgentModelResolver] agent "compact" original_models=undefined -> resolved_models=[]
[9/20/2026, 12:21:50 AM.727] [Info] [AgentModelResolver] agent "contextSummary" original_models=undefined -> resolved_models=[]
[9/20/2026, 12:21:50 AM.727] [Info] [AgentModelResolver] agent "contentAnalyzer" original_models=undefined -> resolved_models=[]
[9/20/2026, 12:21:50 AM.727] [Info] [AgentModelResolver] agent "terminalTitleGenerator" original_models=undefined -> resolved_models=[]
[9/20/2026, 12:21:50 AM.727] [Info] [AgentModelResolver] agent "promptSuggestion" original_models=undefined -> resolved_models=[]
[9/20/2026, 12:21:50 AM.727] [Info] [AgentModelResolver] agent "memorySelector" original_models=["lite"] -> resolved_models=["lite"]
[9/20/2026, 12:21:50 AM.727] [Info] [AgentModelResolver] agent "summaryGenerator" original_models=undefined -> resolved_models=[]
[9/20/2026, 12:21:50 AM.727] [Info] [AgentModelResolver] agent "autoModeClassifier" original_models=undefined -> resolved_models=[]
[9/20/2026, 12:21:50 AM.727] [Info] [AgentModelResolver] agent "promptHookEvaluator" original_models=["lite"] -> resolved_models=["lite"]
[9/20/2026, 12:21:50 AM.727] [Info] [AgentModelResolver] agent "insightsAnalyzer" original_models=undefined -> resolved_models=[]
[9/20/2026, 12:21:50 AM.727] [Info] [AgentModelResolver] agent "agentInstructions" original_models=undefined -> resolved_models=[]
[9/20/2026, 12:21:50 AM.727] [Info] [AgentModelResolver] agent "statusline-setup" original_models=undefined -> resolved_models=[]
[9/20/2026, 12:21:50 AM.727] [Info] [AgentModelResolver] agent "Explore" original_models=["lite"] -> resolved_models=["lite"]
[9/20/2026, 12:21:50 AM.727] [Info] [AgentModelResolver] agent "Plan" original_models=undefined -> resolved_models=[]
[9/20/2026, 12:21:50 AM.727] [Info] [AgentModelResolver] agent "pulse" original_models=undefined -> resolved_models=[]
[9/20/2026, 12:21:50 AM.727] [Info] [AgentModelResolver] agent "enhance-prompt" original_models=undefined -> resolved_models=[]
[9/20/2026, 12:21:50 AM.730] [Info] [Merge] Step 1 (local + overlay): localModels=42, overlayModels=51, mergedModels=51
[9/20/2026, 12:21:50 AM.730] [Info] [Merge] Step 2 (+enterprise): enterpriseModels=0, totalModels=51
[9/20/2026, 12:21:50 AM.730] [Info] [Merge] Step 3 (+custom): customModels=0, totalModels=51
[9/20/2026, 12:21:50 AM.730] [Info] [Merge] Step 4 (availableModels filter): finalModels=51, cli.models=["auto","hy4-preview-f","hy3","hy3-x","deepseek-v4.1-flash","glm-5.3","glm-5.3-flash","glm-5.2","glm-5.1","glm-5v-turbo","minimax-m3","kimi-k3-1","kimi-k2.8-preview","kimi-k2.7","kimi-k2.6","deepseek-v4-pro"]
[9/20/2026, 12:21:50 AM.806] [Info] [WeixinClawBotClient] pollLoop iteration begin {"iteration":22442,"cursorLen":96}
[9/20/2026, 12:21:51 AM.930] [Info] [CentrifugoClient] Connected successfully
[9/20/2026, 12:21:51 AM.930] [Info] [ClawService] Centrifugo status: connected
[9/20/2026, 12:21:51 AM.932] [Info] [CentrifugoClient] Subscribed to channel: copilot_workbuddy:fdee3d54-95b6-4e9c-aaff-50ad9505aab4_25e526bc70aeedffd6ce569154fcfedd_e76b49539422036c
[9/20/2026, 12:37:13 AM.723] [Info] [CentrifugoClient] Re-subscribing to copilot_workbuddy:fdee3d54-95b6-4e9c-aaff-50ad9505aab4_25e526bc70aeedffd6ce569154fcfedd_e76b49539422036c: transport closed (code: 1)
[9/20/2026, 12:37:13 AM.723] [Info] [CentrifugoClient] Reconnecting: no ping (code: 2)
[9/20/2026, 12:37:13 AM.723] [Info] [ClawService] Centrifugo status: connecting
[9/20/2026, 12:37:13 AM.724] [Info] [WorkbuddyEnterpriseModels] enterpriseId: undefined, endpoint: https://copilot.tencent.com
[9/20/2026, 12:37:13 AM.724] [Info] [AgentModelResolver] product config input: 42 models, 18 agents
[9/20/2026, 12:37:13 AM.724] [Info] [AgentModelResolver] model ids: default, deepseek-v4-pro, deepseek-v4-flash, deepseek-v3-2-volc, minimax-m2.5, minimax-m2.7, minimax-m3-play, glm-5.1, glm-5.0, glm-5.0-turbo, glm-5v-turbo, glm-4.7, glm-4.6, glm-4.6v, kimi-k2.6, kimi-k2.5, kimi-k2-thinking, hy3-preview-agent, hunyuan-chat, hunyuan-image-v3.0, auto, hy3-preview, hunyuan-2.0-thinking, deepseek-v3-1-volc, deepseek-v3-1-lkeap, deepseek-v3-1, deepseek-v3-0324-lkeap, deepseek-r1-0528-lkeap, kimi-k2-instruct-taiji, completion-gf, default-1.1, hunyuan-3b, hunyuan-7b-dense, codewise-completions, codewise-rewrite, codewise-nes-a4-027-aide, codewise-jump, deepseek-r1-0528, deepseek-v3-0324-taco-completion, deepseek-v3-0324, default-1.2, hunyuan-2.0-instruct
[9/20/2026, 12:37:13 AM.724] [Info] [AgentModelResolver] agent "cli" original_models=["auto","glm-5v-turbo","glm-5.1","glm-5.0-turbo","glm-5.0","glm-4.7","kimi-k2.5","minimax-m2.7","deepseek-v3-2-volc"] -> resolved_models=["auto","glm-5v-turbo","glm-5.1","glm-5.0-turbo","glm-5.0","glm-4.7","kimi-k2.5","minimax-m2.7","deepseek-v3-2-volc"]
[9/20/2026, 12:37:13 AM.724] [Info] [AgentModelResolver] agent "general-purpose" original_models=undefined -> resolved_models=[]
[9/20/2026, 12:37:13 AM.724] [Info] [AgentModelResolver] agent "compact" original_models=undefined -> resolved_models=[]
[9/20/2026, 12:37:13 AM.724] [Info] [AgentModelResolver] agent "contextSummary" original_models=undefined -> resolved_models=[]
[9/20/2026, 12:37:13 AM.724] [Info] [AgentModelResolver] agent "contentAnalyzer" original_models=undefined -> resolved_models=[]
[9/20/2026, 12:37:13 AM.724] [Info] [AgentModelResolver] agent "terminalTitleGenerator" original_models=undefined -> resolved_models=[]
[9/20/2026, 12:37:13 AM.724] [Info] [AgentModelResolver] agent "promptSuggestion" original_models=undefined -> resolved_models=[]
[9/20/2026, 12:37:13 AM.724] [Info] [AgentModelResolver] agent "memorySelector" original_models=["lite"] -> resolved_models=["lite"]
[9/20/2026, 12:37:13 AM.724] [Info] [AgentModelResolver] agent "summaryGenerator" original_models=undefined -> resolved_models=[]
[9/20/2026, 12:37:13 AM.724] [Info] [AgentModelResolver] agent "autoModeClassifier" original_models=undefined -> resolved_models=[]
[9/20/2026, 12:37:13 AM.724] [Info] [AgentModelResolver] agent "promptHookEvaluator" original_models=["lite"] -> resolved_models=["lite"]
[9/20/2026, 12:37:13 AM.724] [Info] [AgentModelResolver] agent "insightsAnalyzer" original_models=undefined -> resolved_models=[]
[9/20/2026, 12:37:13 AM.724] [Info] [AgentModelResolver] agent "agentInstructions" original_models=undefined -> resolved_models=[]
[9/20/2026, 12:37:13 AM.724] [Info] [AgentModelResolver] agent "statusline-setup" original_models=undefined -> resolved_models=[]
[9/20/2026, 12:37:13 AM.724] [Info] [AgentModelResolver] agent "Explore" original_models=["lite"] -> resolved_models=["lite"]
[9/20/2026, 12:37:13 AM.724] [Info] [AgentModelResolver] agent "Plan" original_models=undefined -> resolved_models=[]
[9/20/2026, 12:37:13 AM.724] [Info] [AgentModelResolver] agent "pulse" original_models=undefined -> resolved_models=[]
[9/20/2026, 12:37:13 AM.724] [Info] [AgentModelResolver] agent "enhance-prompt" original_models=undefined -> resolved_models=[]
[9/20/2026, 12:37:13 AM.729] [Info] [Merge] Step 1 (local + overlay): localModels=42, overlayModels=51, mergedModels=51
[9/20/2026, 12:37:13 AM.729] [Info] [Merge] Step 2 (+enterprise): enterpriseModels=0, totalModels=51
[9/20/2026, 12:37:13 AM.729] [Info] [Merge] Step 3 (+custom): customModels=0, totalModels=51
[9/20/2026, 12:37:13 AM.729] [Info] [Merge] Step 4 (availableModels filter): finalModels=51, cli.models=["auto","hy4-preview-f","hy3","hy3-x","deepseek-v4.1-flash","glm-5.3","glm-5.3-flash","glm-5.2","glm-5.1","glm-5v-turbo","minimax-m3","kimi-k3-1","kimi-k2.8-preview","kimi-k2.7","kimi-k2.6","deepseek-v4-pro"]
[9/20/2026, 12:37:13 AM.729] [Info] [WeixinClawBotClient] pollLoop getUpdates returned {"iteration":22442,"elapsedMs":922923,"ret":0,"hasBuf":true,"msgs":0}
[9/20/2026, 12:37:13 AM.730] [Info] [WorkbuddyEnterpriseModels] enterpriseId: undefined, endpoint: https://copilot.tencent.com
[9/20/2026, 12:37:13 AM.730] [Info] [AgentModelResolver] product config input: 42 models, 18 agents
[9/20/2026, 12:37:13 AM.730] [Info] [AgentModelResolver] model ids: default, deepseek-v4-pro, deepseek-v4-flash, deepseek-v3-2-volc, minimax-m2.5, minimax-m2.7, minimax-m3-play, glm-5.1, glm-5.0, glm-5.0-turbo, glm-5v-turbo, glm-4.7, glm-4.6, glm-4.6v, kimi-k2.6, kimi-k2.5, kimi-k2-thinking, hy3-preview-agent, hunyuan-chat, hunyuan-image-v3.0, auto, hy3-preview, hunyuan-2.0-thinking, deepseek-v3-1-volc, deepseek-v3-1-lkeap, deepseek-v3-1, deepseek-v3-0324-lkeap, deepseek-r1-0528-lkeap, kimi-k2-instruct-taiji, completion-gf, default-1.1, hunyuan-3b, hunyuan-7b-dense, codewise-completions, codewise-rewrite, codewise-nes-a4-027-aide, codewise-jump, deepseek-r1-0528, deepseek-v3-0324-taco-completion, deepseek-v3-0324, default-1.2, hunyuan-2.0-instruct
[9/20/2026, 12:37:13 AM.730] [Info] [AgentModelResolver] agent "cli" original_models=["auto","glm-5v-turbo","glm-5.1","glm-5.0-turbo","glm-5.0","glm-4.7","kimi-k2.5","minimax-m2.7","deepseek-v3-2-volc"] -> resolved_models=["auto","glm-5v-turbo","glm-5.1","glm-5.0-turbo","glm-5.0","glm-4.7","kimi-k2.5","minimax-m2.7","deepseek-v3-2-volc"]
[9/20/2026, 12:37:13 AM.730] [Info] [AgentModelResolver] agent "general-purpose" original_models=undefined -> resolved_models=[]
[9/20/2026, 12:37:13 AM.730] [Info] [AgentModelResolver] agent "compact" original_models=undefined -> resolved_models=[]
[9/20/2026, 12:37:13 AM.730] [Info] [AgentModelResolver] agent "contextSummary" original_models=undefined -> resolved_models=[]
[9/20/2026, 12:37:13 AM.730] [Info] [AgentModelResolver] agent "contentAnalyzer" original_models=undefined -> resolved_models=[]
[9/20/2026, 12:37:13 AM.730] [Info] [AgentModelResolver] agent "terminalTitleGenerator" original_models=undefined -> resolved_models=[]
[9/20/2026, 12:37:13 AM.730] [Info] [AgentModelResolver] agent "promptSuggestion" original_models=undefined -> resolved_models=[]
[9/20/2026, 12:37:13 AM.730] [Info] [AgentModelResolver] agent "memorySelector" original_models=["lite"] -> resolved_models=["lite"]
[9/20/2026, 12:37:13 AM.730] [Info] [AgentModelResolver] agent "summaryGenerator" original_models=undefined -> resolved_models=[]
[9/20/2026, 12:37:13 AM.730] [Info] [AgentModelResolver] agent "autoModeClassifier" original_models=undefined -> resolved_models=[]
[9/20/2026, 12:37:13 AM.730] [Info] [AgentModelResolver] agent "promptHookEvaluator" original_models=["lite"] -> resolved_models=["lite"]
[9/20/2026, 12:37:13 AM.730] [Info] [AgentModelResolver] agent "insightsAnalyzer" original_models=undefined -> resolved_models=[]
[9/20/2026, 12:37:13 AM.730] [Info] [AgentModelResolver] agent "agentInstructions" original_models=undefined -> resolved_models=[]
[9/20/2026, 12:37:13 AM.730] [Info] [AgentModelResolver] agent "statusline-setup" original_models=undefined -> resolved_models=[]
[9/20/2026, 12:37:13 AM.730] [Info] [AgentModelResolver] agent "Explore" original_models=["lite"] -> resolved_models=["lite"]
[9/20/2026, 12:37:13 AM.730] [Info] [AgentModelResolver] agent "Plan" original_models=undefined -> resolved_models=[]
[9/20/2026, 12:37:13 AM.730] [Info] [AgentModelResolver] agent "pulse" original_models=undefined -> resolved_models=[]
[9/20/2026, 12:37:13 AM.730] [Info] [AgentModelResolver] agent "enhance-prompt" original_models=undefined -> resolved_models=[]
[9/20/2026, 12:37:13 AM.734] [Info] [Merge] Step 1 (local + overlay): localModels=42, overlayModels=51, mergedModels=51
[9/20/2026, 12:37:13 AM.734] [Info] [Merge] Step 2 (+enterprise): enterpriseModels=0, totalModels=51
[9/20/2026, 12:37:13 AM.734] [Info] [Merge] Step 3 (+custom): customModels=0, totalModels=51
[9/20/2026, 12:37:13 AM.734] [Info] [Merge] Step 4 (availableModels filter): finalModels=51, cli.models=["auto","hy4-preview-f","hy3","hy3-x","deepseek-v4.1-flash","glm-5.3","glm-5.3-flash","glm-5.2","glm-5.1","glm-5v-turbo","minimax-m3","kimi-k3-1","kimi-k2.8-preview","kimi-k2.7","kimi-k2.6","deepseek-v4-pro"]
[9/20/2026, 12:37:13 AM.812] [Info] [WeixinClawBotClient] pollLoop iteration begin {"iteration":22443,"cursorLen":96}
[9/20/2026, 12:37:14 AM.839] [Info] [CentrifugoClient] Connected successfully
[9/20/2026, 12:37:14 AM.839] [Info] [ClawService] Centrifugo status: connected
[9/20/2026, 12:37:14 AM.848] [Info] [CentrifugoClient] Subscribed to channel: copilot_workbuddy:fdee3d54-95b6-4e9c-aaff-50ad9505aab4_25e526bc70aeedffd6ce569154fcfedd_e76b49539422036c
[9/20/2026, 12:54:27 AM.781] [Info] [CentrifugoClient] Re-subscribing to copilot_workbuddy:fdee3d54-95b6-4e9c-aaff-50ad9505aab4_25e526bc70aeedffd6ce569154fcfedd_e76b49539422036c: transport closed (code: 1)
[9/20/2026, 12:54:27 AM.781] [Info] [CentrifugoClient] Reconnecting: no ping (code: 2)
[9/20/2026, 12:54:27 AM.781] [Info] [ClawService] Centrifugo status: connecting
[9/20/2026, 12:54:27 AM.781] [Info] [WorkbuddyEnterpriseModels] enterpriseId: undefined, endpoint: https://copilot.tencent.com
[9/20/2026, 12:54:27 AM.781] [Info] [AgentModelResolver] product config input: 42 models, 18 agents
[9/20/2026, 12:54:27 AM.781] [Info] [AgentModelResolver] model ids: default, deepseek-v4-pro, deepseek-v4-flash, deepseek-v3-2-volc, minimax-m2.5, minimax-m2.7, minimax-m3-play, glm-5.1, glm-5.0, glm-5.0-turbo, glm-5v-turbo, glm-4.7, glm-4.6, glm-4.6v, kimi-k2.6, kimi-k2.5, kimi-k2-thinking, hy3-preview-agent, hunyuan-chat, hunyuan-image-v3.0, auto, hy3-preview, hunyuan-2.0-thinking, deepseek-v3-1-volc, deepseek-v3-1-lkeap, deepseek-v3-1, deepseek-v3-0324-lkeap, deepseek-r1-0528-lkeap, kimi-k2-instruct-taiji, completion-gf, default-1.1, hunyuan-3b, hunyuan-7b-dense, codewise-completions, codewise-rewrite, codewise-nes-a4-027-aide, codewise-jump, deepseek-r1-0528, deepseek-v3-0324-taco-completion, deepseek-v3-0324, default-1.2, hunyuan-2.0-instruct
[9/20/2026, 12:54:27 AM.781] [Info] [AgentModelResolver] agent "cli" original_models=["auto","glm-5v-turbo","glm-5.1","glm-5.0-turbo","glm-5.0","glm-4.7","kimi-k2.5","minimax-m2.7","deepseek-v3-2-volc"] -> resolved_models=["auto","glm-5v-turbo","glm-5.1","glm-5.0-turbo","glm-5.0","glm-4.7","kimi-k2.5","minimax-m2.7","deepseek-v3-2-volc"]
[9/20/2026, 12:54:27 AM.781] [Info] [AgentModelResolver] agent "general-purpose" original_models=undefined -> resolved_models=[]
[9/20/2026, 12:54:27 AM.781] [Info] [AgentModelResolver] agent "compact" original_models=undefined -> resolved_models=[]
[9/20/2026, 12:54:27 AM.781] [Info] [AgentModelResolver] agent "contextSummary" original_models=undefined -> resolved_models=[]
[9/20/2026, 12:54:27 AM.781] [Info] [AgentModelResolver] agent "contentAnalyzer" original_models=undefined -> resolved_models=[]
[9/20/2026, 12:54:27 AM.781] [Info] [AgentModelResolver] agent "terminalTitleGenerator" original_models=undefined -> resolved_models=[]
[9/20/2026, 12:54:27 AM.781] [Info] [AgentModelResolver] agent "promptSuggestion" original_models=undefined -> resolved_models=[]
[9/20/2026, 12:54:27 AM.781] [Info] [AgentModelResolver] agent "memorySelector" original_models=["lite"] -> resolved_models=["lite"]
[9/20/2026, 12:54:27 AM.781] [Info] [AgentModelResolver] agent "summaryGenerator" original_models=undefined -> resolved_models=[]
[9/20/2026, 12:54:27 AM.781] [Info] [AgentModelResolver] agent "autoModeClassifier" original_models=undefined -> resolved_models=[]
[9/20/2026, 12:54:27 AM.781] [Info] [AgentModelResolver] agent "promptHookEvaluator" original_models=["lite"] -> resolved_models=["lite"]
[9/20/2026, 12:54:27 AM.781] [Info] [AgentModelResolver] agent "insightsAnalyzer" original_models=undefined -> resolved_models=[]
[9/20/2026, 12:54:27 AM.781] [Info] [AgentModelResolver] agent "agentInstructions" original_models=undefined -> resolved_models=[]
[9/20/2026, 12:54:27 AM.781] [Info] [AgentModelResolver] agent "statusline-setup" original_models=undefined -> resolved_models=[]
[9/20/2026, 12:54:27 AM.781] [Info] [AgentModelResolver] agent "Explore" original_models=["lite"] -> resolved_models=["lite"]
[9/20/2026, 12:54:27 AM.781] [Info] [AgentModelResolver] agent "Plan" original_models=undefined -> resolved_models=[]
[9/20/2026, 12:54:27 AM.781] [Info] [AgentModelResolver] agent "pulse" original_models=undefined -> resolved_models=[]
[9/20/2026, 12:54:27 AM.781] [Info] [AgentModelResolver] agent "enhance-prompt" original_models=undefined -> resolved_models=[]
[9/20/2026, 12:54:27 AM.786] [Info] [Merge] Step 1 (local + overlay): localModels=42, overlayModels=51, mergedModels=51
[9/20/2026, 12:54:27 AM.786] [Info] [Merge] Step 2 (+enterprise): enterpriseModels=0, totalModels=51
[9/20/2026, 12:54:27 AM.786] [Info] [Merge] Step 3 (+custom): customModels=0, totalModels=51
[9/20/2026, 12:54:27 AM.786] [Info] [Merge] Step 4 (availableModels filter): finalModels=51, cli.models=["auto","hy4-preview-f","hy3","hy3-x","deepseek-v4.1-flash","glm-5.3","glm-5.3-flash","glm-5.2","glm-5.1","glm-5v-turbo","minimax-m3","kimi-k3-1","kimi-k2.8-preview","kimi-k2.7","kimi-k2.6","deepseek-v4-pro"]
[9/20/2026, 12:54:27 AM.786] [Info] [WeixinClawBotClient] pollLoop getUpdates returned {"iteration":22443,"elapsedMs":1033974,"ret":0,"hasBuf":true,"msgs":0}
[9/20/2026, 12:54:27 AM.786] [Info] [WorkbuddyEnterpriseModels] enterpriseId: undefined, endpoint: https://copilot.tencent.com
[9/20/2026, 12:54:27 AM.787] [Info] [AgentModelResolver] product config input: 42 models, 18 agents
[9/20/2026, 12:54:27 AM.787] [Info] [AgentModelResolver] model ids: default, deepseek-v4-pro, deepseek-v4-flash, deepseek-v3-2-volc, minimax-m2.5, minimax-m2.7, minimax-m3-play, glm-5.1, glm-5.0, glm-5.0-turbo, glm-5v-turbo, glm-4.7, glm-4.6, glm-4.6v, kimi-k2.6, kimi-k2.5, kimi-k2-thinking, hy3-preview-agent, hunyuan-chat, hunyuan-image-v3.0, auto, hy3-preview, hunyuan-2.0-thinking, deepseek-v3-1-volc, deepseek-v3-1-lkeap, deepseek-v3-1, deepseek-v3-0324-lkeap, deepseek-r1-0528-lkeap, kimi-k2-instruct-taiji, completion-gf, default-1.1, hunyuan-3b, hunyuan-7b-dense, codewise-completions, codewise-rewrite, codewise-nes-a4-027-aide, codewise-jump, deepseek-r1-0528, deepseek-v3-0324-taco-completion, deepseek-v3-0324, default-1.2, hunyuan-2.0-instruct
[9/20/2026, 12:54:27 AM.787] [Info] [AgentModelResolver] agent "cli" original_models=["auto","glm-5v-turbo","glm-5.1","glm-5.0-turbo","glm-5.0","glm-4.7","kimi-k2.5","minimax-m2.7","deepseek-v3-2-volc"] -> resolved_models=["auto","glm-5v-turbo","glm-5.1","glm-5.0-turbo","glm-5.0","glm-4.7","kimi-k2.5","minimax-m2.7","deepseek-v3-2-volc"]
[9/20/2026, 12:54:27 AM.787] [Info] [AgentModelResolver] agent "general-purpose" original_models=undefined -> resolved_models=[]
[9/20/2026, 12:54:27 AM.787] [Info] [AgentModelResolver] agent "compact" original_models=undefined -> resolved_models=[]
[9/20/2026, 12:54:27 AM.787] [Info] [AgentModelResolver] agent "contextSummary" original_models=undefined -> resolved_models=[]
[9/20/2026, 12:54:27 AM.787] [Info] [AgentModelResolver] agent "contentAnalyzer" original_models=undefined -> resolved_models=[]
[9/20/2026, 12:54:27 AM.787] [Info] [AgentModelResolver] agent "terminalTitleGenerator" original_models=undefined -> resolved_models=[]
[9/20/2026, 12:54:27 AM.787] [Info] [AgentModelResolver] agent "promptSuggestion" original_models=undefined -> resolved_models=[]
[9/20/2026, 12:54:27 AM.787] [Info] [AgentModelResolver] agent "memorySelector" original_models=["lite"] -> resolved_models=["lite"]
[9/20/2026, 12:54:27 AM.787] [Info] [AgentModelResolver] agent "summaryGenerator" original_models=undefined -> resolved_models=[]
[9/20/2026, 12:54:27 AM.787] [Info] [AgentModelResolver] agent "autoModeClassifier" original_models=undefined -> resolved_models=[]
[9/20/2026, 12:54:27 AM.787] [Info] [AgentModelResolver] agent "promptHookEvaluator" original_models=["lite"] -> resolved_models=["lite"]
[9/20/2026, 12:54:27 AM.787] [Info] [AgentModelResolver] agent "insightsAnalyzer" original_models=undefined -> resolved_models=[]
[9/20/2026, 12:54:27 AM.787] [Info] [AgentModelResolver] agent "agentInstructions" original_models=undefined -> resolved_models=[]
[9/20/2026, 12:54:27 AM.787] [Info] [AgentModelResolver] agent "statusline-setup" original_models=undefined -> resolved_models=[]
[9/20/2026, 12:54:27 AM.787] [Info] [AgentModelResolver] agent "Explore" original_models=["lite"] -> resolved_models=["lite"]
[9/20/2026, 12:54:27 AM.787] [Info] [AgentModelResolver] agent "Plan" original_models=undefined -> resolved_models=[]
[9/20/2026, 12:54:27 AM.787] [Info] [AgentModelResolver] agent "pulse" original_models=undefined -> resolved_models=[]
[9/20/2026, 12:54:27 AM.787] [Info] [AgentModelResolver] agent "enhance-prompt" original_models=undefined -> resolved_models=[]
[9/20/2026, 12:54:27 AM.789] [Info] [Merge] Step 1 (local + overlay): localModels=42, overlayModels=51, mergedModels=51
[9/20/2026, 12:54:27 AM.789] [Info] [Merge] Step 2 (+enterprise): enterpriseModels=0, totalModels=51
[9/20/2026, 12:54:27 AM.789] [Info] [Merge] Step 3 (+custom): customModels=0, totalModels=51
[9/20/2026, 12:54:27 AM.789] [Info] [Merge] Step 4 (availableModels filter): finalModels=51, cli.models=["auto","hy4-preview-f","hy3","hy3-x","deepseek-v4.1-flash","glm-5.3","glm-5.3-flash","glm-5.2","glm-5.1","glm-5v-turbo","minimax-m3","kimi-k3-1","kimi-k2.8-preview","kimi-k2.7","kimi-k2.6","deepseek-v4-pro"]
[9/20/2026, 12:54:27 AM.857] [Info] [WeixinClawBotClient] pollLoop iteration begin {"iteration":22444,"cursorLen":96}
[9/20/2026, 12:54:28 AM.597] [Info] [CentrifugoClient] Connected successfully
[9/20/2026, 12:54:28 AM.597] [Info] [ClawService] Centrifugo status: connected
[9/20/2026, 12:54:28 AM.602] [Info] [CentrifugoClient] Subscribed to channel: copilot_workbuddy:fdee3d54-95b6-4e9c-aaff-50ad9505aab4_25e526bc70aeedffd6ce569154fcfedd_e76b49539422036c
[9/20/2026, 1:10:53 AM.749] [Info] [CentrifugoClient] Re-subscribing to copilot_workbuddy:fdee3d54-95b6-4e9c-aaff-50ad9505aab4_25e526bc70aeedffd6ce569154fcfedd_e76b49539422036c: transport closed (code: 1)
[9/20/2026, 1:10:53 AM.749] [Info] [CentrifugoClient] Reconnecting: no ping (code: 2)
[9/20/2026, 1:10:53 AM.749] [Info] [ClawService] Centrifugo status: connecting
[9/20/2026, 1:10:53 AM.749] [Info] [WorkbuddyEnterpriseModels] enterpriseId: undefined, endpoint: https://copilot.tencent.com
[9/20/2026, 1:10:53 AM.749] [Info] [AgentModelResolver] product config input: 42 models, 18 agents
[9/20/2026, 1:10:53 AM.749] [Info] [AgentModelResolver] model ids: default, deepseek-v4-pro, deepseek-v4-flash, deepseek-v3-2-volc, minimax-m2.5, minimax-m2.7, minimax-m3-play, glm-5.1, glm-5.0, glm-5.0-turbo, glm-5v-turbo, glm-4.7, glm-4.6, glm-4.6v, kimi-k2.6, kimi-k2.5, kimi-k2-thinking, hy3-preview-agent, hunyuan-chat, hunyuan-image-v3.0, auto, hy3-preview, hunyuan-2.0-thinking, deepseek-v3-1-volc, deepseek-v3-1-lkeap, deepseek-v3-1, deepseek-v3-0324-lkeap, deepseek-r1-0528-lkeap, kimi-k2-instruct-taiji, completion-gf, default-1.1, hunyuan-3b, hunyuan-7b-dense, codewise-completions, codewise-rewrite, codewise-nes-a4-027-aide, codewise-jump, deepseek-r1-0528, deepseek-v3-0324-taco-completion, deepseek-v3-0324, default-1.2, hunyuan-2.0-instruct
[9/20/2026, 1:10:53 AM.749] [Info] [AgentModelResolver] agent "cli" original_models=["auto","glm-5v-turbo","glm-5.1","glm-5.0-turbo","glm-5.0","glm-4.7","kimi-k2.5","minimax-m2.7","deepseek-v3-2-volc"] -> resolved_models=["auto","glm-5v-turbo","glm-5.1","glm-5.0-turbo","glm-5.0","glm-4.7","kimi-k2.5","minimax-m2.7","deepseek-v3-2-volc"]
[9/20/2026, 1:10:53 AM.749] [Info] [AgentModelResolver] agent "general-purpose" original_models=undefined -> resolved_models=[]
[9/20/2026, 1:10:53 AM.749] [Info] [AgentModelResolver] agent "compact" original_models=undefined -> resolved_models=[]
[9/20/2026, 1:10:53 AM.749] [Info] [AgentModelResolver] agent "contextSummary" original_models=undefined -> resolved_models=[]
[9/20/2026, 1:10:53 AM.749] [Info] [AgentModelResolver] agent "contentAnalyzer" original_models=undefined -> resolved_models=[]
[9/20/2026, 1:10:53 AM.749] [Info] [AgentModelResolver] agent "terminalTitleGenerator" original_models=undefined -> resolved_models=[]
[9/20/2026, 1:10:53 AM.749] [Info] [AgentModelResolver] agent "promptSuggestion" original_models=undefined -> resolved_models=[]
[9/20/2026, 1:10:53 AM.749] [Info] [AgentModelResolver] agent "memorySelector" original_models=["lite"] -> resolved_models=["lite"]
[9/20/2026, 1:10:53 AM.749] [Info] [AgentModelResolver] agent "summaryGenerator" original_models=undefined -> resolved_models=[]
[9/20/2026, 1:10:53 AM.749] [Info] [AgentModelResolver] agent "autoModeClassifier" original_models=undefined -> resolved_models=[]
[9/20/2026, 1:10:53 AM.749] [Info] [AgentModelResolver] agent "promptHookEvaluator" original_models=["lite"] -> resolved_models=["lite"]
[9/20/2026, 1:10:53 AM.749] [Info] [AgentModelResolver] agent "insightsAnalyzer" original_models=undefined -> resolved_models=[]
[9/20/2026, 1:10:53 AM.749] [Info] [AgentModelResolver] agent "agentInstructions" original_models=undefined -> resolved_models=[]
[9/20/2026, 1:10:53 AM.749] [Info] [AgentModelResolver] agent "statusline-setup" original_models=undefined -> resolved_models=[]
[9/20/2026, 1:10:53 AM.749] [Info] [AgentModelResolver] agent "Explore" original_models=["lite"] -> resolved_models=["lite"]
[9/20/2026, 1:10:53 AM.749] [Info] [AgentModelResolver] agent "Plan" original_models=undefined -> resolved_models=[]
[9/20/2026, 1:10:53 AM.749] [Info] [AgentModelResolver] agent "pulse" original_models=undefined -> resolved_models=[]
[9/20/2026, 1:10:53 AM.749] [Info] [AgentModelResolver] agent "enhance-prompt" original_models=undefined -> resolved_models=[]
[9/20/2026, 1:10:53 AM.751] [Info] [Merge] Step 1 (local + overlay): localModels=42, overlayModels=51, mergedModels=51
[9/20/2026, 1:10:53 AM.751] [Info] [Merge] Step 2 (+enterprise): enterpriseModels=0, totalModels=51
[9/20/2026, 1:10:53 AM.751] [Info] [Merge] Step 3 (+custom): customModels=0, totalModels=51
[9/20/2026, 1:10:53 AM.751] [Info] [Merge] Step 4 (availableModels filter): finalModels=51, cli.models=["auto","hy4-preview-f","hy3","hy3-x","deepseek-v4.1-flash","glm-5.3","glm-5.3-flash","glm-5.2","glm-5.1","glm-5v-turbo","minimax-m3","kimi-k3-1","kimi-k2.8-preview","kimi-k2.7","kimi-k2.6","deepseek-v4-pro"]
[9/20/2026, 1:10:53 AM.752] [Info] [WeixinClawBotClient] pollLoop getUpdates returned {"iteration":22444,"elapsedMs":985895,"ret":0,"hasBuf":true,"msgs":0}
[9/20/2026, 1:10:53 AM.752] [Info] [WorkbuddyEnterpriseModels] enterpriseId: undefined, endpoint: https://copilot.tencent.com
[9/20/2026, 1:10:53 AM.752] [Info] [AgentModelResolver] product config input: 42 models, 18 agents
[9/20/2026, 1:10:53 AM.752] [Info] [AgentModelResolver] model ids: default, deepseek-v4-pro, deepseek-v4-flash, deepseek-v3-2-volc, minimax-m2.5, minimax-m2.7, minimax-m3-play, glm-5.1, glm-5.0, glm-5.0-turbo, glm-5v-turbo, glm-4.7, glm-4.6, glm-4.6v, kimi-k2.6, kimi-k2.5, kimi-k2-thinking, hy3-preview-agent, hunyuan-chat, hunyuan-image-v3.0, auto, hy3-preview, hunyuan-2.0-thinking, deepseek-v3-1-volc, deepseek-v3-1-lkeap, deepseek-v3-1, deepseek-v3-0324-lkeap, deepseek-r1-0528-lkeap, kimi-k2-instruct-taiji, completion-gf, default-1.1, hunyuan-3b, hunyuan-7b-dense, codewise-completions, codewise-rewrite, codewise-nes-a4-027-aide, codewise-jump, deepseek-r1-0528, deepseek-v3-0324-taco-completion, deepseek-v3-0324, default-1.2, hunyuan-2.0-instruct
[9/20/2026, 1:10:53 AM.752] [Info] [AgentModelResolver] agent "cli" original_models=["auto","glm-5v-turbo","glm-5.1","glm-5.0-turbo","glm-5.0","glm-4.7","kimi-k2.5","minimax-m2.7","deepseek-v3-2-volc"] -> resolved_models=["auto","glm-5v-turbo","glm-5.1","glm-5.0-turbo","glm-5.0","glm-4.7","kimi-k2.5","minimax-m2.7","deepseek-v3-2-volc"]
[9/20/2026, 1:10:53 AM.752] [Info] [AgentModelResolver] agent "general-purpose" original_models=undefined -> resolved_models=[]
[9/20/2026, 1:10:53 AM.752] [Info] [AgentModelResolver] agent "compact" original_models=undefined -> resolved_models=[]
[9/20/2026, 1:10:53 AM.752] [Info] [AgentModelResolver] agent "contextSummary" original_models=undefined -> resolved_models=[]
[9/20/2026, 1:10:53 AM.752] [Info] [AgentModelResolver] agent "contentAnalyzer" original_models=undefined -> resolved_models=[]
[9/20/2026, 1:10:53 AM.752] [Info] [AgentModelResolver] agent "terminalTitleGenerator" original_models=undefined -> resolved_models=[]
[9/20/2026, 1:10:53 AM.752] [Info] [AgentModelResolver] agent "promptSuggestion" original_models=undefined -> resolved_models=[]
[9/20/2026, 1:10:53 AM.752] [Info] [AgentModelResolver] agent "memorySelector" original_models=["lite"] -> resolved_models=["lite"]
[9/20/2026, 1:10:53 AM.752] [Info] [AgentModelResolver] agent "summaryGenerator" original_models=undefined -> resolved_models=[]
[9/20/2026, 1:10:53 AM.752] [Info] [AgentModelResolver] agent "autoModeClassifier" original_models=undefined -> resolved_models=[]
[9/20/2026, 1:10:53 AM.752] [Info] [AgentModelResolver] agent "promptHookEvaluator" original_models=["lite"] -> resolved_models=["lite"]
[9/20/2026, 1:10:53 AM.752] [Info] [AgentModelResolver] agent "insightsAnalyzer" original_models=undefined -> resolved_models=[]
[9/20/2026, 1:10:53 AM.752] [Info] [AgentModelResolver] agent "agentInstructions" original_models=undefined -> resolved_models=[]
[9/20/2026, 1:10:53 AM.752] [Info] [AgentModelResolver] agent "statusline-setup" original_models=undefined -> resolved_models=[]
[9/20/2026, 1:10:53 AM.752] [Info] [AgentModelResolver] agent "Explore" original_models=["lite"] -> resolved_models=["lite"]
[9/20/2026, 1:10:53 AM.752] [Info] [AgentModelResolver] agent "Plan" original_models=undefined -> resolved_models=[]
[9/20/2026, 1:10:53 AM.752] [Info] [AgentModelResolver] agent "pulse" original_models=undefined -> resolved_models=[]
[9/20/2026, 1:10:53 AM.752] [Info] [AgentModelResolver] agent "enhance-prompt" original_models=undefined -> resolved_models=[]
[9/20/2026, 1:10:53 AM.755] [Info] [Merge] Step 1 (local + overlay): localModels=42, overlayModels=51, mergedModels=51
[9/20/2026, 1:10:53 AM.755] [Info] [Merge] Step 2 (+enterprise): enterpriseModels=0, totalModels=51
[9/20/2026, 1:10:53 AM.755] [Info] [Merge] Step 3 (+custom): customModels=0, totalModels=51
[9/20/2026, 1:10:53 AM.755] [Info] [Merge] Step 4 (availableModels filter): finalModels=51, cli.models=["auto","hy4-preview-f","hy3","hy3-x","deepseek-v4.1-flash","glm-5.3","glm-5.3-flash","glm-5.2","glm-5.1","glm-5v-turbo","minimax-m3","kimi-k3-1","kimi-k2.8-preview","kimi-k2.7","kimi-k2.6","deepseek-v4-pro"]
[9/20/2026, 1:10:53 AM.825] [Info] [WeixinClawBotClient] pollLoop iteration begin {"iteration":22445,"cursorLen":96}
[9/20/2026, 1:10:54 AM.533] [Info] [CentrifugoClient] Connected successfully
[9/20/2026, 1:10:54 AM.533] [Info] [ClawService] Centrifugo status: connected
[9/20/2026, 1:10:54 AM.533] [Info] [CentrifugoClient] Subscribed to channel: copilot_workbuddy:fdee3d54-95b6-4e9c-aaff-50ad9505aab4_25e526bc70aeedffd6ce569154fcfedd_e76b49539422036c
[9/20/2026, 1:27:29 AM.753] [Info] [CentrifugoClient] Re-subscribing to copilot_workbuddy:fdee3d54-95b6-4e9c-aaff-50ad9505aab4_25e526bc70aeedffd6ce569154fcfedd_e76b49539422036c: transport closed (code: 1)
[9/20/2026, 1:27:29 AM.753] [Info] [CentrifugoClient] Reconnecting: no ping (code: 2)
[9/20/2026, 1:27:29 AM.753] [Info] [ClawService] Centrifugo status: connecting
[9/20/2026, 1:27:29 AM.754] [Info] [WorkbuddyEnterpriseModels] enterpriseId: undefined, endpoint: https://copilot.tencent.com
[9/20/2026, 1:27:29 AM.754] [Info] [AgentModelResolver] product config input: 42 models, 18 agents
[9/20/2026, 1:27:29 AM.754] [Info] [AgentModelResolver] model ids: default, deepseek-v4-pro, deepseek-v4-flash, deepseek-v3-2-volc, minimax-m2.5, minimax-m2.7, minimax-m3-play, glm-5.1, glm-5.0, glm-5.0-turbo, glm-5v-turbo, glm-4.7, glm-4.6, glm-4.6v, kimi-k2.6, kimi-k2.5, kimi-k2-thinking, hy3-preview-agent, hunyuan-chat, hunyuan-image-v3.0, auto, hy3-preview, hunyuan-2.0-thinking, deepseek-v3-1-volc, deepseek-v3-1-lkeap, deepseek-v3-1, deepseek-v3-0324-lkeap, deepseek-r1-0528-lkeap, kimi-k2-instruct-taiji, completion-gf, default-1.1, hunyuan-3b, hunyuan-7b-dense, codewise-completions, codewise-rewrite, codewise-nes-a4-027-aide, codewise-jump, deepseek-r1-0528, deepseek-v3-0324-taco-completion, deepseek-v3-0324, default-1.2, hunyuan-2.0-instruct
[9/20/2026, 1:27:29 AM.754] [Info] [AgentModelResolver] agent "cli" original_models=["auto","glm-5v-turbo","glm-5.1","glm-5.0-turbo","glm-5.0","glm-4.7","kimi-k2.5","minimax-m2.7","deepseek-v3-2-volc"] -> resolved_models=["auto","glm-5v-turbo","glm-5.1","glm-5.0-turbo","glm-5.0","glm-4.7","kimi-k2.5","minimax-m2.7","deepseek-v3-2-volc"]
[9/20/2026, 1:27:29 AM.754] [Info] [AgentModelResolver] agent "general-purpose" original_models=undefined -> resolved_models=[]
[9/20/2026, 1:27:29 AM.754] [Info] [AgentModelResolver] agent "compact" original_models=undefined -> resolved_models=[]
[9/20/2026, 1:27:29 AM.754] [Info] [AgentModelResolver] agent "contextSummary" original_models=undefined -> resolved_models=[]
[9/20/2026, 1:27:29 AM.754] [Info] [AgentModelResolver] agent "contentAnalyzer" original_models=undefined -> resolved_models=[]
[9/20/2026, 1:27:29 AM.754] [Info] [AgentModelResolver] agent "terminalTitleGenerator" original_models=undefined -> resolved_models=[]
[9/20/2026, 1:27:29 AM.754] [Info] [AgentModelResolver] agent "promptSuggestion" original_models=undefined -> resolved_models=[]
[9/20/2026, 1:27:29 AM.754] [Info] [AgentModelResolver] agent "memorySelector" original_models=["lite"] -> resolved_models=["lite"]
[9/20/2026, 1:27:29 AM.754] [Info] [AgentModelResolver] agent "summaryGenerator" original_models=undefined -> resolved_models=[]
[9/20/2026, 1:27:29 AM.754] [Info] [AgentModelResolver] agent "autoModeClassifier" original_models=undefined -> resolved_models=[]
[9/20/2026, 1:27:29 AM.754] [Info] [AgentModelResolver] agent "promptHookEvaluator" original_models=["lite"] -> resolved_models=["lite"]
[9/20/2026, 1:27:29 AM.754] [Info] [AgentModelResolver] agent "insightsAnalyzer" original_models=undefined -> resolved_models=[]
[9/20/2026, 1:27:29 AM.754] [Info] [AgentModelResolver] agent "agentInstructions" original_models=undefined -> resolved_models=[]
[9/20/2026, 1:27:29 AM.754] [Info] [AgentModelResolver] agent "statusline-setup" original_models=undefined -> resolved_models=[]
[9/20/2026, 1:27:29 AM.754] [Info] [AgentModelResolver] agent "Explore" original_models=["lite"] -> resolved_models=["lite"]
[9/20/2026, 1:27:29 AM.754] [Info] [AgentModelResolver] agent "Plan" original_models=undefined -> resolved_models=[]
[9/20/2026, 1:27:29 AM.754] [Info] [AgentModelResolver] agent "pulse" original_models=undefined -> resolved_models=[]
[9/20/2026, 1:27:29 AM.754] [Info] [AgentModelResolver] agent "enhance-prompt" original_models=undefined -> resolved_models=[]
[9/20/2026, 1:27:29 AM.761] [Info] [Merge] Step 1 (local + overlay): localModels=42, overlayModels=51, mergedModels=51
[9/20/2026, 1:27:29 AM.761] [Info] [Merge] Step 2 (+enterprise): enterpriseModels=0, totalModels=51
[9/20/2026, 1:27:29 AM.761] [Info] [Merge] Step 3 (+custom): customModels=0, totalModels=51
[9/20/2026, 1:27:29 AM.761] [Info] [Merge] Step 4 (availableModels filter): finalModels=51, cli.models=["auto","hy4-preview-f","hy3","hy3-x","deepseek-v4.1-flash","glm-5.3","glm-5.3-flash","glm-5.2","glm-5.1","glm-5v-turbo","minimax-m3","kimi-k3-1","kimi-k2.8-preview","kimi-k2.7","kimi-k2.6","deepseek-v4-pro"]
[9/20/2026, 1:27:29 AM.761] [Info] [WeixinClawBotClient] pollLoop getUpdates returned {"iteration":22445,"elapsedMs":995936,"ret":0,"hasBuf":true,"msgs":0}
[9/20/2026, 1:27:29 AM.762] [Info] [WorkbuddyEnterpriseModels] enterpriseId: undefined, endpoint: https://copilot.tencent.com
[9/20/2026, 1:27:29 AM.762] [Info] [AgentModelResolver] product config input: 42 models, 18 agents
[9/20/2026, 1:27:29 AM.762] [Info] [AgentModelResolver] model ids: default, deepseek-v4-pro, deepseek-v4-flash, deepseek-v3-2-volc, minimax-m2.5, minimax-m2.7, minimax-m3-play, glm-5.1, glm-5.0, glm-5.0-turbo, glm-5v-turbo, glm-4.7, glm-4.6, glm-4.6v, kimi-k2.6, kimi-k2.5, kimi-k2-thinking, hy3-preview-agent, hunyuan-chat, hunyuan-image-v3.0, auto, hy3-preview, hunyuan-2.0-thinking, deepseek-v3-1-volc, deepseek-v3-1-lkeap, deepseek-v3-1, deepseek-v3-0324-lkeap, deepseek-r1-0528-lkeap, kimi-k2-instruct-taiji, completion-gf, default-1.1, hunyuan-3b, hunyuan-7b-dense, codewise-completions, codewise-rewrite, codewise-nes-a4-027-aide, codewise-jump, deepseek-r1-0528, deepseek-v3-0324-taco-completion, deepseek-v3-0324, default-1.2, hunyuan-2.0-instruct
[9/20/2026, 1:27:29 AM.762] [Info] [AgentModelResolver] agent "cli" original_models=["auto","glm-5v-turbo","glm-5.1","glm-5.0-turbo","glm-5.0","glm-4.7","kimi-k2.5","minimax-m2.7","deepseek-v3-2-volc"] -> resolved_models=["auto","glm-5v-turbo","glm-5.1","glm-5.0-turbo","glm-5.0","glm-4.7","kimi-k2.5","minimax-m2.7","deepseek-v3-2-volc"]
[9/20/2026, 1:27:29 AM.762] [Info] [AgentModelResolver] agent "general-purpose" original_models=undefined -> resolved_models=[]
[9/20/2026, 1:27:29 AM.762] [Info] [AgentModelResolver] agent "compact" original_models=undefined -> resolved_models=[]
[9/20/2026, 1:27:29 AM.762] [Info] [AgentModelResolver] agent "contextSummary" original_models=undefined -> resolved_models=[]
[9/20/2026, 1:27:29 AM.762] [Info] [AgentModelResolver] agent "contentAnalyzer" original_models=undefined -> resolved_models=[]
[9/20/2026, 1:27:29 AM.762] [Info] [AgentModelResolver] agent "terminalTitleGenerator" original_models=undefined -> resolved_models=[]
[9/20/2026, 1:27:29 AM.762] [Info] [AgentModelResolver] agent "promptSuggestion" original_models=undefined -> resolved_models=[]
[9/20/2026, 1:27:29 AM.762] [Info] [AgentModelResolver] agent "memorySelector" original_models=["lite"] -> resolved_models=["lite"]
[9/20/2026, 1:27:29 AM.762] [Info] [AgentModelResolver] agent "summaryGenerator" original_models=undefined -> resolved_models=[]
[9/20/2026, 1:27:29 AM.762] [Info] [AgentModelResolver] agent "autoModeClassifier" original_models=undefined -> resolved_models=[]
[9/20/2026, 1:27:29 AM.762] [Info] [AgentModelResolver] agent "promptHookEvaluator" original_models=["lite"] -> resolved_models=["lite"]
[9/20/2026, 1:27:29 AM.762] [Info] [AgentModelResolver] agent "insightsAnalyzer" original_models=undefined -> resolved_models=[]
[9/20/2026, 1:27:29 AM.762] [Info] [AgentModelResolver] agent "agentInstructions" original_models=undefined -> resolved_models=[]
[9/20/2026, 1:27:29 AM.762] [Info] [AgentModelResolver] agent "statusline-setup" original_models=undefined -> resolved_models=[]
[9/20/2026, 1:27:29 AM.762] [Info] [AgentModelResolver] agent "Explore" original_models=["lite"] -> resolved_models=["lite"]
[9/20/2026, 1:27:29 AM.762] [Info] [AgentModelResolver] agent "Plan" original_models=undefined -> resolved_models=[]
[9/20/2026, 1:27:29 AM.762] [Info] [AgentModelResolver] agent "pulse" original_models=undefined -> resolved_models=[]
[9/20/2026, 1:27:29 AM.762] [Info] [AgentModelResolver] agent "enhance-prompt" original_models=undefined -> resolved_models=[]
[9/20/2026, 1:27:29 AM.777] [Info] [Merge] Step 1 (local + overlay): localModels=42, overlayModels=51, mergedModels=51
[9/20/2026, 1:27:29 AM.777] [Info] [Merge] Step 2 (+enterprise): enterpriseModels=0, totalModels=51
[9/20/2026, 1:27:29 AM.777] [Info] [Merge] Step 3 (+custom): customModels=0, totalModels=51
[9/20/2026, 1:27:29 AM.777] [Info] [Merge] Step 4 (availableModels filter): finalModels=51, cli.models=["auto","hy4-preview-f","hy3","hy3-x","deepseek-v4.1-flash","glm-5.3","glm-5.3-flash","glm-5.2","glm-5.1","glm-5v-turbo","minimax-m3","kimi-k3-1","kimi-k2.8-preview","kimi-k2.7","kimi-k2.6","deepseek-v4-pro"]
[9/20/2026, 1:27:29 AM.849] [Info] [WeixinClawBotClient] pollLoop iteration begin {"iteration":22446,"cursorLen":96}
[9/20/2026, 1:27:30 AM.634] [Info] [CentrifugoClient] Connected successfully
[9/20/2026, 1:27:30 AM.634] [Info] [ClawService] Centrifugo status: connected
[9/20/2026, 1:27:30 AM.638] [Info] [CentrifugoClient] Subscribed to channel: copilot_workbuddy:fdee3d54-95b6-4e9c-aaff-50ad9505aab4_25e526bc70aeedffd6ce569154fcfedd_e76b49539422036c
[9/20/2026, 1:44:59 AM.747] [Info] [CentrifugoClient] Re-subscribing to copilot_workbuddy:fdee3d54-95b6-4e9c-aaff-50ad9505aab4_25e526bc70aeedffd6ce569154fcfedd_e76b49539422036c: transport closed (code: 1)
[9/20/2026, 1:44:59 AM.747] [Info] [CentrifugoClient] Reconnecting: no ping (code: 2)
[9/20/2026, 1:44:59 AM.747] [Info] [ClawService] Centrifugo status: connecting
[9/20/2026, 1:44:59 AM.747] [Info] [WorkbuddyEnterpriseModels] enterpriseId: undefined, endpoint: https://copilot.tencent.com
[9/20/2026, 1:44:59 AM.747] [Info] [AgentModelResolver] product config input: 42 models, 18 agents
[9/20/2026, 1:44:59 AM.747] [Info] [AgentModelResolver] model ids: default, deepseek-v4-pro, deepseek-v4-flash, deepseek-v3-2-volc, minimax-m2.5, minimax-m2.7, minimax-m3-play, glm-5.1, glm-5.0, glm-5.0-turbo, glm-5v-turbo, glm-4.7, glm-4.6, glm-4.6v, kimi-k2.6, kimi-k2.5, kimi-k2-thinking, hy3-preview-agent, hunyuan-chat, hunyuan-image-v3.0, auto, hy3-preview, hunyuan-2.0-thinking, deepseek-v3-1-volc, deepseek-v3-1-lkeap, deepseek-v3-1, deepseek-v3-0324-lkeap, deepseek-r1-0528-lkeap, kimi-k2-instruct-taiji, completion-gf, default-1.1, hunyuan-3b, hunyuan-7b-dense, codewise-completions, codewise-rewrite, codewise-nes-a4-027-aide, codewise-jump, deepseek-r1-0528, deepseek-v3-0324-taco-completion, deepseek-v3-0324, default-1.2, hunyuan-2.0-instruct
[9/20/2026, 1:44:59 AM.747] [Info] [AgentModelResolver] agent "cli" original_models=["auto","glm-5v-turbo","glm-5.1","glm-5.0-turbo","glm-5.0","glm-4.7","kimi-k2.5","minimax-m2.7","deepseek-v3-2-volc"] -> resolved_models=["auto","glm-5v-turbo","glm-5.1","glm-5.0-turbo","glm-5.0","glm-4.7","kimi-k2.5","minimax-m2.7","deepseek-v3-2-volc"]
[9/20/2026, 1:44:59 AM.747] [Info] [AgentModelResolver] agent "general-purpose" original_models=undefined -> resolved_models=[]
[9/20/2026, 1:44:59 AM.747] [Info] [AgentModelResolver] agent "compact" original_models=undefined -> resolved_models=[]
[9/20/2026, 1:44:59 AM.747] [Info] [AgentModelResolver] agent "contextSummary" original_models=undefined -> resolved_models=[]
[9/20/2026, 1:44:59 AM.747] [Info] [AgentModelResolver] agent "contentAnalyzer" original_models=undefined -> resolved_models=[]
[9/20/2026, 1:44:59 AM.747] [Info] [AgentModelResolver] agent "terminalTitleGenerator" original_models=undefined -> resolved_models=[]
[9/20/2026, 1:44:59 AM.747] [Info] [AgentModelResolver] agent "promptSuggestion" original_models=undefined -> resolved_models=[]
[9/20/2026, 1:44:59 AM.747] [Info] [AgentModelResolver] agent "memorySelector" original_models=["lite"] -> resolved_models=["lite"]
[9/20/2026, 1:44:59 AM.747] [Info] [AgentModelResolver] agent "summaryGenerator" original_models=undefined -> resolved_models=[]
[9/20/2026, 1:44:59 AM.747] [Info] [AgentModelResolver] agent "autoModeClassifier" original_models=undefined -> resolved_models=[]
[9/20/2026, 1:44:59 AM.747] [Info] [AgentModelResolver] agent "promptHookEvaluator" original_models=["lite"] -> resolved_models=["lite"]
[9/20/2026, 1:44:59 AM.747] [Info] [AgentModelResolver] agent "insightsAnalyzer" original_models=undefined -> resolved_models=[]
[9/20/2026, 1:44:59 AM.747] [Info] [AgentModelResolver] agent "agentInstructions" original_models=undefined -> resolved_models=[]
[9/20/2026, 1:44:59 AM.747] [Info] [AgentModelResolver] agent "statusline-setup" original_models=undefined -> resolved_models=[]
[9/20/2026, 1:44:59 AM.747] [Info] [AgentModelResolver] agent "Explore" original_models=["lite"] -> resolved_models=["lite"]
[9/20/2026, 1:44:59 AM.747] [Info] [AgentModelResolver] agent "Plan" original_models=undefined -> resolved_models=[]
[9/20/2026, 1:44:59 AM.747] [Info] [AgentModelResolver] agent "pulse" original_models=undefined -> resolved_models=[]
[9/20/2026, 1:44:59 AM.747] [Info] [AgentModelResolver] agent "enhance-prompt" original_models=undefined -> resolved_models=[]
[9/20/2026, 1:44:59 AM.750] [Info] [Merge] Step 1 (local + overlay): localModels=42, overlayModels=51, mergedModels=51
[9/20/2026, 1:44:59 AM.750] [Info] [Merge] Step 2 (+enterprise): enterpriseModels=0, totalModels=51
[9/20/2026, 1:44:59 AM.750] [Info] [Merge] Step 3 (+custom): customModels=0, totalModels=51
[9/20/2026, 1:44:59 AM.750] [Info] [Merge] Step 4 (availableModels filter): finalModels=51, cli.models=["auto","hy4-preview-f","hy3","hy3-x","deepseek-v4.1-flash","glm-5.3","glm-5.3-flash","glm-5.2","glm-5.1","glm-5v-turbo","minimax-m3","kimi-k3-1","kimi-k2.8-preview","kimi-k2.7","kimi-k2.6","deepseek-v4-pro"]
[9/20/2026, 1:44:59 AM.751] [Info] [WeixinClawBotClient] pollLoop getUpdates returned {"iteration":22446,"elapsedMs":1049903,"ret":0,"hasBuf":true,"msgs":0}
[9/20/2026, 1:44:59 AM.751] [Info] [WorkbuddyEnterpriseModels] enterpriseId: undefined, endpoint: https://copilot.tencent.com
[9/20/2026, 1:44:59 AM.752] [Info] [AgentModelResolver] product config input: 42 models, 18 agents
[9/20/2026, 1:44:59 AM.752] [Info] [AgentModelResolver] model ids: default, deepseek-v4-pro, deepseek-v4-flash, deepseek-v3-2-volc, minimax-m2.5, minimax-m2.7, minimax-m3-play, glm-5.1, glm-5.0, glm-5.0-turbo, glm-5v-turbo, glm-4.7, glm-4.6, glm-4.6v, kimi-k2.6, kimi-k2.5, kimi-k2-thinking, hy3-preview-agent, hunyuan-chat, hunyuan-image-v3.0, auto, hy3-preview, hunyuan-2.0-thinking, deepseek-v3-1-volc, deepseek-v3-1-lkeap, deepseek-v3-1, deepseek-v3-0324-lkeap, deepseek-r1-0528-lkeap, kimi-k2-instruct-taiji, completion-gf, default-1.1, hunyuan-3b, hunyuan-7b-dense, codewise-completions, codewise-rewrite, codewise-nes-a4-027-aide, codewise-jump, deepseek-r1-0528, deepseek-v3-0324-taco-completion, deepseek-v3-0324, default-1.2, hunyuan-2.0-instruct
[9/20/2026, 1:44:59 AM.752] [Info] [AgentModelResolver] agent "cli" original_models=["auto","glm-5v-turbo","glm-5.1","glm-5.0-turbo","glm-5.0","glm-4.7","kimi-k2.5","minimax-m2.7","deepseek-v3-2-volc"] -> resolved_models=["auto","glm-5v-turbo","glm-5.1","glm-5.0-turbo","glm-5.0","glm-4.7","kimi-k2.5","minimax-m2.7","deepseek-v3-2-volc"]
[9/20/2026, 1:44:59 AM.752] [Info] [AgentModelResolver] agent "general-purpose" original_models=undefined -> resolved_models=[]
[9/20/2026, 1:44:59 AM.752] [Info] [AgentModelResolver] agent "compact" original_models=undefined -> resolved_models=[]
[9/20/2026, 1:44:59 AM.752] [Info] [AgentModelResolver] agent "contextSummary" original_models=undefined -> resolved_models=[]
[9/20/2026, 1:44:59 AM.752] [Info] [AgentModelResolver] agent "contentAnalyzer" original_models=undefined -> resolved_models=[]
[9/20/2026, 1:44:59 AM.752] [Info] [AgentModelResolver] agent "terminalTitleGenerator" original_models=undefined -> resolved_models=[]
[9/20/2026, 1:44:59 AM.752] [Info] [AgentModelResolver] agent "promptSuggestion" original_models=undefined -> resolved_models=[]
[9/20/2026, 1:44:59 AM.752] [Info] [AgentModelResolver] agent "memorySelector" original_models=["lite"] -> resolved_models=["lite"]
[9/20/2026, 1:44:59 AM.752] [Info] [AgentModelResolver] agent "summaryGenerator" original_models=undefined -> resolved_models=[]
[9/20/2026, 1:44:59 AM.752] [Info] [AgentModelResolver] agent "autoModeClassifier" original_models=undefined -> resolved_models=[]
[9/20/2026, 1:44:59 AM.752] [Info] [AgentModelResolver] agent "promptHookEvaluator" original_models=["lite"] -> resolved_models=["lite"]
[9/20/2026, 1:44:59 AM.752] [Info] [AgentModelResolver] agent "insightsAnalyzer" original_models=undefined -> resolved_models=[]
[9/20/2026, 1:44:59 AM.752] [Info] [AgentModelResolver] agent "agentInstructions" original_models=undefined -> resolved_models=[]
[9/20/2026, 1:44:59 AM.752] [Info] [AgentModelResolver] agent "statusline-setup" original_models=undefined -> resolved_models=[]
[9/20/2026, 1:44:59 AM.752] [Info] [AgentModelResolver] agent "Explore" original_models=["lite"] -> resolved_models=["lite"]
[9/20/2026, 1:44:59 AM.752] [Info] [AgentModelResolver] agent "Plan" original_models=undefined -> resolved_models=[]
[9/20/2026, 1:44:59 AM.752] [Info] [AgentModelResolver] agent "pulse" original_models=undefined -> resolved_models=[]
[9/20/2026, 1:44:59 AM.752] [Info] [AgentModelResolver] agent "enhance-prompt" original_models=undefined -> resolved_models=[]
[9/20/2026, 1:44:59 AM.755] [Info] [Merge] Step 1 (local + overlay): localModels=42, overlayModels=51, mergedModels=51
[9/20/2026, 1:44:59 AM.755] [Info] [Merge] Step 2 (+enterprise): enterpriseModels=0, totalModels=51
[9/20/2026, 1:44:59 AM.755] [Info] [Merge] Step 3 (+custom): customModels=0, totalModels=51
[9/20/2026, 1:44:59 AM.755] [Info] [Merge] Step 4 (availableModels filter): finalModels=51, cli.models=["auto","hy4-preview-f","hy3","hy3-x","deepseek-v4.1-flash","glm-5.3","glm-5.3-flash","glm-5.2","glm-5.1","glm-5v-turbo","minimax-m3","kimi-k3-1","kimi-k2.8-preview","kimi-k2.7","kimi-k2.6","deepseek-v4-pro"]
[9/20/2026, 1:44:59 AM.821] [Info] [WeixinClawBotClient] pollLoop iteration begin {"iteration":22447,"cursorLen":96}
[9/20/2026, 1:45:00 AM.750] [Info] [CentrifugoClient] Connected successfully
[9/20/2026, 1:45:00 AM.750] [Info] [ClawService] Centrifugo status: connected
[9/20/2026, 1:45:00 AM.755] [Info] [CentrifugoClient] Subscribed to channel: copilot_workbuddy:fdee3d54-95b6-4e9c-aaff-50ad9505aab4_25e526bc70aeedffd6ce569154fcfedd_e76b49539422036c
[9/20/2026, 2:01:15 AM.768] [Info] [CentrifugoClient] Re-subscribing to copilot_workbuddy:fdee3d54-95b6-4e9c-aaff-50ad9505aab4_25e526bc70aeedffd6ce569154fcfedd_e76b49539422036c: transport closed (code: 1)
[9/20/2026, 2:01:15 AM.768] [Info] [CentrifugoClient] Reconnecting: no ping (code: 2)
[9/20/2026, 2:01:15 AM.768] [Info] [ClawService] Centrifugo status: connecting
[9/20/2026, 2:01:15 AM.768] [Info] [WorkbuddyEnterpriseModels] enterpriseId: undefined, endpoint: https://copilot.tencent.com
[9/20/2026, 2:01:15 AM.768] [Info] [AgentModelResolver] product config input: 42 models, 18 agents
[9/20/2026, 2:01:15 AM.768] [Info] [AgentModelResolver] model ids: default, deepseek-v4-pro, deepseek-v4-flash, deepseek-v3-2-volc, minimax-m2.5, minimax-m2.7, minimax-m3-play, glm-5.1, glm-5.0, glm-5.0-turbo, glm-5v-turbo, glm-4.7, glm-4.6, glm-4.6v, kimi-k2.6, kimi-k2.5, kimi-k2-thinking, hy3-preview-agent, hunyuan-chat, hunyuan-image-v3.0, auto, hy3-preview, hunyuan-2.0-thinking, deepseek-v3-1-volc, deepseek-v3-1-lkeap, deepseek-v3-1, deepseek-v3-0324-lkeap, deepseek-r1-0528-lkeap, kimi-k2-instruct-taiji, completion-gf, default-1.1, hunyuan-3b, hunyuan-7b-dense, codewise-completions, codewise-rewrite, codewise-nes-a4-027-aide, codewise-jump, deepseek-r1-0528, deepseek-v3-0324-taco-completion, deepseek-v3-0324, default-1.2, hunyuan-2.0-instruct
[9/20/2026, 2:01:15 AM.768] [Info] [AgentModelResolver] agent "cli" original_models=["auto","glm-5v-turbo","glm-5.1","glm-5.0-turbo","glm-5.0","glm-4.7","kimi-k2.5","minimax-m2.7","deepseek-v3-2-volc"] -> resolved_models=["auto","glm-5v-turbo","glm-5.1","glm-5.0-turbo","glm-5.0","glm-4.7","kimi-k2.5","minimax-m2.7","deepseek-v3-2-volc"]
[9/20/2026, 2:01:15 AM.768] [Info] [AgentModelResolver] agent "general-purpose" original_models=undefined -> resolved_models=[]
[9/20/2026, 2:01:15 AM.768] [Info] [AgentModelResolver] agent "compact" original_models=undefined -> resolved_models=[]
[9/20/2026, 2:01:15 AM.768] [Info] [AgentModelResolver] agent "contextSummary" original_models=undefined -> resolved_models=[]
[9/20/2026, 2:01:15 AM.768] [Info] [AgentModelResolver] agent "contentAnalyzer" original_models=undefined -> resolved_models=[]
[9/20/2026, 2:01:15 AM.768] [Info] [AgentModelResolver] agent "terminalTitleGenerator" original_models=undefined -> resolved_models=[]
[9/20/2026, 2:01:15 AM.768] [Info] [AgentModelResolver] agent "promptSuggestion" original_models=undefined -> resolved_models=[]
[9/20/2026, 2:01:15 AM.768] [Info] [AgentModelResolver] agent "memorySelector" original_models=["lite"] -> resolved_models=["lite"]
[9/20/2026, 2:01:15 AM.768] [Info] [AgentModelResolver] agent "summaryGenerator" original_models=undefined -> resolved_models=[]
[9/20/2026, 2:01:15 AM.768] [Info] [AgentModelResolver] agent "autoModeClassifier" original_models=undefined -> resolved_models=[]
[9/20/2026, 2:01:15 AM.768] [Info] [AgentModelResolver] agent "promptHookEvaluator" original_models=["lite"] -> resolved_models=["lite"]
[9/20/2026, 2:01:15 AM.768] [Info] [AgentModelResolver] agent "insightsAnalyzer" original_models=undefined -> resolved_models=[]
[9/20/2026, 2:01:15 AM.768] [Info] [AgentModelResolver] agent "agentInstructions" original_models=undefined -> resolved_models=[]
[9/20/2026, 2:01:15 AM.768] [Info] [AgentModelResolver] agent "statusline-setup" original_models=undefined -> resolved_models=[]
[9/20/2026, 2:01:15 AM.768] [Info] [AgentModelResolver] agent "Explore" original_models=["lite"] -> resolved_models=["lite"]
[9/20/2026, 2:01:15 AM.768] [Info] [AgentModelResolver] agent "Plan" original_models=undefined -> resolved_models=[]
[9/20/2026, 2:01:15 AM.768] [Info] [AgentModelResolver] agent "pulse" original_models=undefined -> resolved_models=[]
[9/20/2026, 2:01:15 AM.768] [Info] [AgentModelResolver] agent "enhance-prompt" original_models=undefined -> resolved_models=[]
[9/20/2026, 2:01:15 AM.771] [Info] [Merge] Step 1 (local + overlay): localModels=42, overlayModels=51, mergedModels=51
[9/20/2026, 2:01:15 AM.771] [Info] [Merge] Step 2 (+enterprise): enterpriseModels=0, totalModels=51
[9/20/2026, 2:01:15 AM.771] [Info] [Merge] Step 3 (+custom): customModels=0, totalModels=51
[9/20/2026, 2:01:15 AM.771] [Info] [Merge] Step 4 (availableModels filter): finalModels=51, cli.models=["auto","hy4-preview-f","hy3","hy3-x","deepseek-v4.1-flash","glm-5.3","glm-5.3-flash","glm-5.2","glm-5.1","glm-5v-turbo","minimax-m3","kimi-k3-1","kimi-k2.8-preview","kimi-k2.7","kimi-k2.6","deepseek-v4-pro"]
[9/20/2026, 2:01:15 AM.772] [Info] [WeixinClawBotClient] pollLoop getUpdates returned {"iteration":22447,"elapsedMs":975951,"ret":0,"hasBuf":true,"msgs":0}
[9/20/2026, 2:01:15 AM.772] [Info] [WorkbuddyEnterpriseModels] enterpriseId: undefined, endpoint: https://copilot.tencent.com
[9/20/2026, 2:01:15 AM.772] [Info] [AgentModelResolver] product config input: 42 models, 18 agents
[9/20/2026, 2:01:15 AM.772] [Info] [AgentModelResolver] model ids: default, deepseek-v4-pro, deepseek-v4-flash, deepseek-v3-2-volc, minimax-m2.5, minimax-m2.7, minimax-m3-play, glm-5.1, glm-5.0, glm-5.0-turbo, glm-5v-turbo, glm-4.7, glm-4.6, glm-4.6v, kimi-k2.6, kimi-k2.5, kimi-k2-thinking, hy3-preview-agent, hunyuan-chat, hunyuan-image-v3.0, auto, hy3-preview, hunyuan-2.0-thinking, deepseek-v3-1-volc, deepseek-v3-1-lkeap, deepseek-v3-1, deepseek-v3-0324-lkeap, deepseek-r1-0528-lkeap, kimi-k2-instruct-taiji, completion-gf, default-1.1, hunyuan-3b, hunyuan-7b-dense, codewise-completions, codewise-rewrite, codewise-nes-a4-027-aide, codewise-jump, deepseek-r1-0528, deepseek-v3-0324-taco-completion, deepseek-v3-0324, default-1.2, hunyuan-2.0-instruct
[9/20/2026, 2:01:15 AM.772] [Info] [AgentModelResolver] agent "cli" original_models=["auto","glm-5v-turbo","glm-5.1","glm-5.0-turbo","glm-5.0","glm-4.7","kimi-k2.5","minimax-m2.7","deepseek-v3-2-volc"] -> resolved_models=["auto","glm-5v-turbo","glm-5.1","glm-5.0-turbo","glm-5.0","glm-4.7","kimi-k2.5","minimax-m2.7","deepseek-v3-2-volc"]
[9/20/2026, 2:01:15 AM.772] [Info] [AgentModelResolver] agent "general-purpose" original_models=undefined -> resolved_models=[]
[9/20/2026, 2:01:15 AM.772] [Info] [AgentModelResolver] agent "compact" original_models=undefined -> resolved_models=[]
[9/20/2026, 2:01:15 AM.772] [Info] [AgentModelResolver] agent "contextSummary" original_models=undefined -> resolved_models=[]
[9/20/2026, 2:01:15 AM.772] [Info] [AgentModelResolver] agent "contentAnalyzer" original_models=undefined -> resolved_models=[]
[9/20/2026, 2:01:15 AM.772] [Info] [AgentModelResolver] agent "terminalTitleGenerator" original_models=undefined -> resolved_models=[]
[9/20/2026, 2:01:15 AM.772] [Info] [AgentModelResolver] agent "promptSuggestion" original_models=undefined -> resolved_models=[]
[9/20/2026, 2:01:15 AM.772] [Info] [AgentModelResolver] agent "memorySelector" original_models=["lite"] -> resolved_models=["lite"]
[9/20/2026, 2:01:15 AM.772] [Info] [AgentModelResolver] agent "summaryGenerator" original_models=undefined -> resolved_models=[]
[9/20/2026, 2:01:15 AM.772] [Info] [AgentModelResolver] agent "autoModeClassifier" original_models=undefined -> resolved_models=[]
[9/20/2026, 2:01:15 AM.772] [Info] [AgentModelResolver] agent "promptHookEvaluator" original_models=["lite"] -> resolved_models=["lite"]
[9/20/2026, 2:01:15 AM.772] [Info] [AgentModelResolver] agent "insightsAnalyzer" original_models=undefined -> resolved_models=[]
[9/20/2026, 2:01:15 AM.772] [Info] [AgentModelResolver] agent "agentInstructions" original_models=undefined -> resolved_models=[]
[9/20/2026, 2:01:15 AM.772] [Info] [AgentModelResolver] agent "statusline-setup" original_models=undefined -> resolved_models=[]
[9/20/2026, 2:01:15 AM.772] [Info] [AgentModelResolver] agent "Explore" original_models=["lite"] -> resolved_models=["lite"]
[9/20/2026, 2:01:15 AM.772] [Info] [AgentModelResolver] agent "Plan" original_models=undefined -> resolved_models=[]
[9/20/2026, 2:01:15 AM.772] [Info] [AgentModelResolver] agent "pulse" original_models=undefined -> resolved_models=[]
[9/20/2026, 2:01:15 AM.772] [Info] [AgentModelResolver] agent "enhance-prompt" original_models=undefined -> resolved_models=[]
[9/20/2026, 2:01:15 AM.774] [Info] [Merge] Step 1 (local + overlay): localModels=42, overlayModels=51, mergedModels=51
[9/20/2026, 2:01:15 AM.774] [Info] [Merge] Step 2 (+enterprise): enterpriseModels=0, totalModels=51
[9/20/2026, 2:01:15 AM.774] [Info] [Merge] Step 3 (+custom): customModels=0, totalModels=51
[9/20/2026, 2:01:15 AM.774] [Info] [Merge] Step 4 (availableModels filter): finalModels=51, cli.models=["auto","hy4-preview-f","hy3","hy3-x","deepseek-v4.1-flash","glm-5.3","glm-5.3-flash","glm-5.2","glm-5.1","glm-5v-turbo","minimax-m3","kimi-k3-1","kimi-k2.8-preview","kimi-k2.7","kimi-k2.6","deepseek-v4-pro"]
[9/20/2026, 2:01:15 AM.841] [Info] [WeixinClawBotClient] pollLoop iteration begin {"iteration":22448,"cursorLen":96}
[9/20/2026, 2:01:16 AM.685] [Info] [CentrifugoClient] Connected successfully
[9/20/2026, 2:01:16 AM.685] [Info] [ClawService] Centrifugo status: connected
[9/20/2026, 2:01:16 AM.692] [Info] [CentrifugoClient] Subscribed to channel: copilot_workbuddy:fdee3d54-95b6-4e9c-aaff-50ad9505aab4_25e526bc70aeedffd6ce569154fcfedd_e76b49539422036c
[9/20/2026, 2:16:20 AM.743] [Info] [CentrifugoClient] Re-subscribing to copilot_workbuddy:fdee3d54-95b6-4e9c-aaff-50ad9505aab4_25e526bc70aeedffd6ce569154fcfedd_e76b49539422036c: transport closed (code: 1)
[9/20/2026, 2:16:20 AM.743] [Info] [CentrifugoClient] Reconnecting: no ping (code: 2)
[9/20/2026, 2:16:20 AM.743] [Info] [ClawService] Centrifugo status: connecting
[9/20/2026, 2:16:20 AM.744] [Info] [WorkbuddyEnterpriseModels] enterpriseId: undefined, endpoint: https://copilot.tencent.com
[9/20/2026, 2:16:20 AM.744] [Info] [AgentModelResolver] product config input: 42 models, 18 agents
[9/20/2026, 2:16:20 AM.744] [Info] [AgentModelResolver] model ids: default, deepseek-v4-pro, deepseek-v4-flash, deepseek-v3-2-volc, minimax-m2.5, minimax-m2.7, minimax-m3-play, glm-5.1, glm-5.0, glm-5.0-turbo, glm-5v-turbo, glm-4.7, glm-4.6, glm-4.6v, kimi-k2.6, kimi-k2.5, kimi-k2-thinking, hy3-preview-agent, hunyuan-chat, hunyuan-image-v3.0, auto, hy3-preview, hunyuan-2.0-thinking, deepseek-v3-1-volc, deepseek-v3-1-lkeap, deepseek-v3-1, deepseek-v3-0324-lkeap, deepseek-r1-0528-lkeap, kimi-k2-instruct-taiji, completion-gf, default-1.1, hunyuan-3b, hunyuan-7b-dense, codewise-completions, codewise-rewrite, codewise-nes-a4-027-aide, codewise-jump, deepseek-r1-0528, deepseek-v3-0324-taco-completion, deepseek-v3-0324, default-1.2, hunyuan-2.0-instruct
[9/20/2026, 2:16:20 AM.744] [Info] [AgentModelResolver] agent "cli" original_models=["auto","glm-5v-turbo","glm-5.1","glm-5.0-turbo","glm-5.0","glm-4.7","kimi-k2.5","minimax-m2.7","deepseek-v3-2-volc"] -> resolved_models=["auto","glm-5v-turbo","glm-5.1","glm-5.0-turbo","glm-5.0","glm-4.7","kimi-k2.5","minimax-m2.7","deepseek-v3-2-volc"]
[9/20/2026, 2:16:20 AM.744] [Info] [AgentModelResolver] agent "general-purpose" original_models=undefined -> resolved_models=[]
[9/20/2026, 2:16:20 AM.744] [Info] [AgentModelResolver] agent "compact" original_models=undefined -> resolved_models=[]
[9/20/2026, 2:16:20 AM.744] [Info] [AgentModelResolver] agent "contextSummary" original_models=undefined -> resolved_models=[]
[9/20/2026, 2:16:20 AM.744] [Info] [AgentModelResolver] agent "contentAnalyzer" original_models=undefined -> resolved_models=[]
[9/20/2026, 2:16:20 AM.744] [Info] [AgentModelResolver] agent "terminalTitleGenerator" original_models=undefined -> resolved_models=[]
[9/20/2026, 2:16:20 AM.744] [Info] [AgentModelResolver] agent "promptSuggestion" original_models=undefined -> resolved_models=[]
[9/20/2026, 2:16:20 AM.744] [Info] [AgentModelResolver] agent "memorySelector" original_models=["lite"] -> resolved_models=["lite"]
[9/20/2026, 2:16:20 AM.744] [Info] [AgentModelResolver] agent "summaryGenerator" original_models=undefined -> resolved_models=[]
[9/20/2026, 2:16:20 AM.744] [Info] [AgentModelResolver] agent "autoModeClassifier" original_models=undefined -> resolved_models=[]
[9/20/2026, 2:16:20 AM.744] [Info] [AgentModelResolver] agent "promptHookEvaluator" original_models=["lite"] -> resolved_models=["lite"]
[9/20/2026, 2:16:20 AM.744] [Info] [AgentModelResolver] agent "insightsAnalyzer" original_models=undefined -> resolved_models=[]
[9/20/2026, 2:16:20 AM.744] [Info] [AgentModelResolver] agent "agentInstructions" original_models=undefined -> resolved_models=[]
[9/20/2026, 2:16:20 AM.744] [Info] [AgentModelResolver] agent "statusline-setup" original_models=undefined -> resolved_models=[]
[9/20/2026, 2:16:20 AM.744] [Info] [AgentModelResolver] agent "Explore" original_models=["lite"] -> resolved_models=["lite"]
[9/20/2026, 2:16:20 AM.744] [Info] [AgentModelResolver] agent "Plan" original_models=undefined -> resolved_models=[]
[9/20/2026, 2:16:20 AM.744] [Info] [AgentModelResolver] agent "pulse" original_models=undefined -> resolved_models=[]
[9/20/2026, 2:16:20 AM.744] [Info] [AgentModelResolver] agent "enhance-prompt" original_models=undefined -> resolved_models=[]
[9/20/2026, 2:16:20 AM.746] [Info] [Merge] Step 1 (local + overlay): localModels=42, overlayModels=51, mergedModels=51
[9/20/2026, 2:16:20 AM.746] [Info] [Merge] Step 2 (+enterprise): enterpriseModels=0, totalModels=51
[9/20/2026, 2:16:20 AM.746] [Info] [Merge] Step 3 (+custom): customModels=0, totalModels=51
[9/20/2026, 2:16:20 AM.746] [Info] [Merge] Step 4 (availableModels filter): finalModels=51, cli.models=["auto","hy4-preview-f","hy3","hy3-x","deepseek-v4.1-flash","glm-5.3","glm-5.3-flash","glm-5.2","glm-5.1","glm-5v-turbo","minimax-m3","kimi-k3-1","kimi-k2.8-preview","kimi-k2.7","kimi-k2.6","deepseek-v4-pro"]
[9/20/2026, 2:16:20 AM.747] [Info] [WeixinClawBotClient] pollLoop getUpdates returned {"iteration":22448,"elapsedMs":904905,"ret":0,"hasBuf":true,"msgs":0}
[9/20/2026, 2:16:20 AM.747] [Info] [WorkbuddyEnterpriseModels] enterpriseId: undefined, endpoint: https://copilot.tencent.com
[9/20/2026, 2:16:20 AM.747] [Info] [AgentModelResolver] product config input: 42 models, 18 agents
[9/20/2026, 2:16:20 AM.747] [Info] [AgentModelResolver] model ids: default, deepseek-v4-pro, deepseek-v4-flash, deepseek-v3-2-volc, minimax-m2.5, minimax-m2.7, minimax-m3-play, glm-5.1, glm-5.0, glm-5.0-turbo, glm-5v-turbo, glm-4.7, glm-4.6, glm-4.6v, kimi-k2.6, kimi-k2.5, kimi-k2-thinking, hy3-preview-agent, hunyuan-chat, hunyuan-image-v3.0, auto, hy3-preview, hunyuan-2.0-thinking, deepseek-v3-1-volc, deepseek-v3-1-lkeap, deepseek-v3-1, deepseek-v3-0324-lkeap, deepseek-r1-0528-lkeap, kimi-k2-instruct-taiji, completion-gf, default-1.1, hunyuan-3b, hunyuan-7b-dense, codewise-completions, codewise-rewrite, codewise-nes-a4-027-aide, codewise-jump, deepseek-r1-0528, deepseek-v3-0324-taco-completion, deepseek-v3-0324, default-1.2, hunyuan-2.0-instruct
[9/20/2026, 2:16:20 AM.747] [Info] [AgentModelResolver] agent "cli" original_models=["auto","glm-5v-turbo","glm-5.1","glm-5.0-turbo","glm-5.0","glm-4.7","kimi-k2.5","minimax-m2.7","deepseek-v3-2-volc"] -> resolved_models=["auto","glm-5v-turbo","glm-5.1","glm-5.0-turbo","glm-5.0","glm-4.7","kimi-k2.5","minimax-m2.7","deepseek-v3-2-volc"]
[9/20/2026, 2:16:20 AM.747] [Info] [AgentModelResolver] agent "general-purpose" original_models=undefined -> resolved_models=[]
[9/20/2026, 2:16:20 AM.747] [Info] [AgentModelResolver] agent "compact" original_models=undefined -> resolved_models=[]
[9/20/2026, 2:16:20 AM.747] [Info] [AgentModelResolver] agent "contextSummary" original_models=undefined -> resolved_models=[]
[9/20/2026, 2:16:20 AM.747] [Info] [AgentModelResolver] agent "contentAnalyzer" original_models=undefined -> resolved_models=[]
[9/20/2026, 2:16:20 AM.747] [Info] [AgentModelResolver] agent "terminalTitleGenerator" original_models=undefined -> resolved_models=[]
[9/20/2026, 2:16:20 AM.747] [Info] [AgentModelResolver] agent "promptSuggestion" original_models=undefined -> resolved_models=[]
[9/20/2026, 2:16:20 AM.747] [Info] [AgentModelResolver] agent "memorySelector" original_models=["lite"] -> resolved_models=["lite"]
[9/20/2026, 2:16:20 AM.747] [Info] [AgentModelResolver] agent "summaryGenerator" original_models=undefined -> resolved_models=[]
[9/20/2026, 2:16:20 AM.747] [Info] [AgentModelResolver] agent "autoModeClassifier" original_models=undefined -> resolved_models=[]
[9/20/2026, 2:16:20 AM.747] [Info] [AgentModelResolver] agent "promptHookEvaluator" original_models=["lite"] -> resolved_models=["lite"]
[9/20/2026, 2:16:20 AM.747] [Info] [AgentModelResolver] agent "insightsAnalyzer" original_models=undefined -> resolved_models=[]
[9/20/2026, 2:16:20 AM.747] [Info] [AgentModelResolver] agent "agentInstructions" original_models=undefined -> resolved_models=[]
[9/20/2026, 2:16:20 AM.747] [Info] [AgentModelResolver] agent "statusline-setup" original_models=undefined -> resolved_models=[]
[9/20/2026, 2:16:20 AM.747] [Info] [AgentModelResolver] agent "Explore" original_models=["lite"] -> resolved_models=["lite"]
[9/20/2026, 2:16:20 AM.747] [Info] [AgentModelResolver] agent "Plan" original_models=undefined -> resolved_models=[]
[9/20/2026, 2:16:20 AM.747] [Info] [AgentModelResolver] agent "pulse" original_models=undefined -> resolved_models=[]
[9/20/2026, 2:16:20 AM.747] [Info] [AgentModelResolver] agent "enhance-prompt" original_models=undefined -> resolved_models=[]
[9/20/2026, 2:16:20 AM.749] [Info] [Merge] Step 1 (local + overlay): localModels=42, overlayModels=51, mergedModels=51
[9/20/2026, 2:16:20 AM.749] [Info] [Merge] Step 2 (+enterprise): enterpriseModels=0, totalModels=51
[9/20/2026, 2:16:20 AM.749] [Info] [Merge] Step 3 (+custom): customModels=0, totalModels=51
[9/20/2026, 2:16:20 AM.749] [Info] [Merge] Step 4 (availableModels filter): finalModels=51, cli.models=["auto","hy4-preview-f","hy3","hy3-x","deepseek-v4.1-flash","glm-5.3","glm-5.3-flash","glm-5.2","glm-5.1","glm-5v-turbo","minimax-m3","kimi-k3-1","kimi-k2.8-preview","kimi-k2.7","kimi-k2.6","deepseek-v4-pro"]
[9/20/2026, 2:16:20 AM.818] [Info] [WeixinClawBotClient] pollLoop iteration begin {"iteration":22449,"cursorLen":96}
[9/20/2026, 2:16:21 AM.577] [Info] [CentrifugoClient] Connected successfully
[9/20/2026, 2:16:21 AM.577] [Info] [ClawService] Centrifugo status: connected
[9/20/2026, 2:16:21 AM.579] [Info] [CentrifugoClient] Subscribed to channel: copilot_workbuddy:fdee3d54-95b6-4e9c-aaff-50ad9505aab4_25e526bc70aeedffd6ce569154fcfedd_e76b49539422036c
[9/20/2026, 2:32:55 AM.743] [Info] [CentrifugoClient] Re-subscribing to copilot_workbuddy:fdee3d54-95b6-4e9c-aaff-50ad9505aab4_25e526bc70aeedffd6ce569154fcfedd_e76b49539422036c: transport closed (code: 1)
[9/20/2026, 2:32:55 AM.743] [Info] [CentrifugoClient] Reconnecting: no ping (code: 2)
[9/20/2026, 2:32:55 AM.743] [Info] [ClawService] Centrifugo status: connecting
[9/20/2026, 2:32:55 AM.743] [Info] [WorkbuddyEnterpriseModels] enterpriseId: undefined, endpoint: https://copilot.tencent.com
[9/20/2026, 2:32:55 AM.743] [Info] [AgentModelResolver] product config input: 42 models, 18 agents
[9/20/2026, 2:32:55 AM.743] [Info] [AgentModelResolver] model ids: default, deepseek-v4-pro, deepseek-v4-flash, deepseek-v3-2-volc, minimax-m2.5, minimax-m2.7, minimax-m3-play, glm-5.1, glm-5.0, glm-5.0-turbo, glm-5v-turbo, glm-4.7, glm-4.6, glm-4.6v, kimi-k2.6, kimi-k2.5, kimi-k2-thinking, hy3-preview-agent, hunyuan-chat, hunyuan-image-v3.0, auto, hy3-preview, hunyuan-2.0-thinking, deepseek-v3-1-volc, deepseek-v3-1-lkeap, deepseek-v3-1, deepseek-v3-0324-lkeap, deepseek-r1-0528-lkeap, kimi-k2-instruct-taiji, completion-gf, default-1.1, hunyuan-3b, hunyuan-7b-dense, codewise-completions, codewise-rewrite, codewise-nes-a4-027-aide, codewise-jump, deepseek-r1-0528, deepseek-v3-0324-taco-completion, deepseek-v3-0324, default-1.2, hunyuan-2.0-instruct
[9/20/2026, 2:32:55 AM.743] [Info] [AgentModelResolver] agent "cli" original_models=["auto","glm-5v-turbo","glm-5.1","glm-5.0-turbo","glm-5.0","glm-4.7","kimi-k2.5","minimax-m2.7","deepseek-v3-2-volc"] -> resolved_models=["auto","glm-5v-turbo","glm-5.1","glm-5.0-turbo","glm-5.0","glm-4.7","kimi-k2.5","minimax-m2.7","deepseek-v3-2-volc"]
[9/20/2026, 2:32:55 AM.743] [Info] [AgentModelResolver] agent "general-purpose" original_models=undefined -> resolved_models=[]
[9/20/2026, 2:32:55 AM.743] [Info] [AgentModelResolver] agent "compact" original_models=undefined -> resolved_models=[]
[9/20/2026, 2:32:55 AM.743] [Info] [AgentModelResolver] agent "contextSummary" original_models=undefined -> resolved_models=[]
[9/20/2026, 2:32:55 AM.743] [Info] [AgentModelResolver] agent "contentAnalyzer" original_models=undefined -> resolved_models=[]
[9/20/2026, 2:32:55 AM.743] [Info] [AgentModelResolver] agent "terminalTitleGenerator" original_models=undefined -> resolved_models=[]
[9/20/2026, 2:32:55 AM.743] [Info] [AgentModelResolver] agent "promptSuggestion" original_models=undefined -> resolved_models=[]
[9/20/2026, 2:32:55 AM.743] [Info] [AgentModelResolver] agent "memorySelector" original_models=["lite"] -> resolved_models=["lite"]
[9/20/2026, 2:32:55 AM.743] [Info] [AgentModelResolver] agent "summaryGenerator" original_models=undefined -> resolved_models=[]
[9/20/2026, 2:32:55 AM.743] [Info] [AgentModelResolver] agent "autoModeClassifier" original_models=undefined -> resolved_models=[]
[9/20/2026, 2:32:55 AM.743] [Info] [AgentModelResolver] agent "promptHookEvaluator" original_models=["lite"] -> resolved_models=["lite"]
[9/20/2026, 2:32:55 AM.743] [Info] [AgentModelResolver] agent "insightsAnalyzer" original_models=undefined -> resolved_models=[]
[9/20/2026, 2:32:55 AM.743] [Info] [AgentModelResolver] agent "agentInstructions" original_models=undefined -> resolved_models=[]
[9/20/2026, 2:32:55 AM.743] [Info] [AgentModelResolver] agent "statusline-setup" original_models=undefined -> resolved_models=[]
[9/20/2026, 2:32:55 AM.743] [Info] [AgentModelResolver] agent "Explore" original_models=["lite"] -> resolved_models=["lite"]
[9/20/2026, 2:32:55 AM.743] [Info] [AgentModelResolver] agent "Plan" original_models=undefined -> resolved_models=[]
[9/20/2026, 2:32:55 AM.743] [Info] [AgentModelResolver] agent "pulse" original_models=undefined -> resolved_models=[]
[9/20/2026, 2:32:55 AM.743] [Info] [AgentModelResolver] agent "enhance-prompt" original_models=undefined -> resolved_models=[]
[9/20/2026, 2:32:55 AM.746] [Info] [Merge] Step 1 (local + overlay): localModels=42, overlayModels=51, mergedModels=51
[9/20/2026, 2:32:55 AM.746] [Info] [Merge] Step 2 (+enterprise): enterpriseModels=0, totalModels=51
[9/20/2026, 2:32:55 AM.746] [Info] [Merge] Step 3 (+custom): customModels=0, totalModels=51
[9/20/2026, 2:32:55 AM.746] [Info] [Merge] Step 4 (availableModels filter): finalModels=51, cli.models=["auto","hy4-preview-f","hy3","hy3-x","deepseek-v4.1-flash","glm-5.3","glm-5.3-flash","glm-5.2","glm-5.1","glm-5v-turbo","minimax-m3","kimi-k3-1","kimi-k2.8-preview","kimi-k2.7","kimi-k2.6","deepseek-v4-pro"]
[9/20/2026, 2:32:55 AM.746] [Info] [WeixinClawBotClient] pollLoop getUpdates returned {"iteration":22449,"elapsedMs":994928,"ret":0,"hasBuf":true,"msgs":0}
[9/20/2026, 2:32:55 AM.746] [Info] [WorkbuddyEnterpriseModels] enterpriseId: undefined, endpoint: https://copilot.tencent.com
[9/20/2026, 2:32:55 AM.746] [Info] [AgentModelResolver] product config input: 42 models, 18 agents
[9/20/2026, 2:32:55 AM.746] [Info] [AgentModelResolver] model ids: default, deepseek-v4-pro, deepseek-v4-flash, deepseek-v3-2-volc, minimax-m2.5, minimax-m2.7, minimax-m3-play, glm-5.1, glm-5.0, glm-5.0-turbo, glm-5v-turbo, glm-4.7, glm-4.6, glm-4.6v, kimi-k2.6, kimi-k2.5, kimi-k2-thinking, hy3-preview-agent, hunyuan-chat, hunyuan-image-v3.0, auto, hy3-preview, hunyuan-2.0-thinking, deepseek-v3-1-volc, deepseek-v3-1-lkeap, deepseek-v3-1, deepseek-v3-0324-lkeap, deepseek-r1-0528-lkeap, kimi-k2-instruct-taiji, completion-gf, default-1.1, hunyuan-3b, hunyuan-7b-dense, codewise-completions, codewise-rewrite, codewise-nes-a4-027-aide, codewise-jump, deepseek-r1-0528, deepseek-v3-0324-taco-completion, deepseek-v3-0324, default-1.2, hunyuan-2.0-instruct
[9/20/2026, 2:32:55 AM.746] [Info] [AgentModelResolver] agent "cli" original_models=["auto","glm-5v-turbo","glm-5.1","glm-5.0-turbo","glm-5.0","glm-4.7","kimi-k2.5","minimax-m2.7","deepseek-v3-2-volc"] -> resolved_models=["auto","glm-5v-turbo","glm-5.1","glm-5.0-turbo","glm-5.0","glm-4.7","kimi-k2.5","minimax-m2.7","deepseek-v3-2-volc"]
[9/20/2026, 2:32:55 AM.746] [Info] [AgentModelResolver] agent "general-purpose" original_models=undefined -> resolved_models=[]
[9/20/2026, 2:32:55 AM.746] [Info] [AgentModelResolver] agent "compact" original_models=undefined -> resolved_models=[]
[9/20/2026, 2:32:55 AM.746] [Info] [AgentModelResolver] agent "contextSummary" original_models=undefined -> resolved_models=[]
[9/20/2026, 2:32:55 AM.746] [Info] [AgentModelResolver] agent "contentAnalyzer" original_models=undefined -> resolved_models=[]
[9/20/2026, 2:32:55 AM.746] [Info] [AgentModelResolver] agent "terminalTitleGenerator" original_models=undefined -> resolved_models=[]
[9/20/2026, 2:32:55 AM.746] [Info] [AgentModelResolver] agent "promptSuggestion" original_models=undefined -> resolved_models=[]
[9/20/2026, 2:32:55 AM.746] [Info] [AgentModelResolver] agent "memorySelector" original_models=["lite"] -> resolved_models=["lite"]
[9/20/2026, 2:32:55 AM.746] [Info] [AgentModelResolver] agent "summaryGenerator" original_models=undefined -> resolved_models=[]
[9/20/2026, 2:32:55 AM.746] [Info] [AgentModelResolver] agent "autoModeClassifier" original_models=undefined -> resolved_models=[]
[9/20/2026, 2:32:55 AM.746] [Info] [AgentModelResolver] agent "promptHookEvaluator" original_models=["lite"] -> resolved_models=["lite"]
[9/20/2026, 2:32:55 AM.746] [Info] [AgentModelResolver] agent "insightsAnalyzer" original_models=undefined -> resolved_models=[]
[9/20/2026, 2:32:55 AM.746] [Info] [AgentModelResolver] agent "agentInstructions" original_models=undefined -> resolved_models=[]
[9/20/2026, 2:32:55 AM.746] [Info] [AgentModelResolver] agent "statusline-setup" original_models=undefined -> resolved_models=[]
[9/20/2026, 2:32:55 AM.746] [Info] [AgentModelResolver] agent "Explore" original_models=["lite"] -> resolved_models=["lite"]
[9/20/2026, 2:32:55 AM.746] [Info] [AgentModelResolver] agent "Plan" original_models=undefined -> resolved_models=[]
[9/20/2026, 2:32:55 AM.746] [Info] [AgentModelResolver] agent "pulse" original_models=undefined -> resolved_models=[]
[9/20/2026, 2:32:55 AM.746] [Info] [AgentModelResolver] agent "enhance-prompt" original_models=undefined -> resolved_models=[]
[9/20/2026, 2:32:55 AM.754] [Info] [Merge] Step 1 (local + overlay): localModels=42, overlayModels=51, mergedModels=51
[9/20/2026, 2:32:55 AM.754] [Info] [Merge] Step 2 (+enterprise): enterpriseModels=0, totalModels=51
[9/20/2026, 2:32:55 AM.754] [Info] [Merge] Step 3 (+custom): customModels=0, totalModels=51
[9/20/2026, 2:32:55 AM.754] [Info] [Merge] Step 4 (availableModels filter): finalModels=51, cli.models=["auto","hy4-preview-f","hy3","hy3-x","deepseek-v4.1-flash","glm-5.3","glm-5.3-flash","glm-5.2","glm-5.1","glm-5v-turbo","minimax-m3","kimi-k3-1","kimi-k2.8-preview","kimi-k2.7","kimi-k2.6","deepseek-v4-pro"]
[9/20/2026, 2:32:55 AM.817] [Info] [WeixinClawBotClient] pollLoop iteration begin {"iteration":22450,"cursorLen":96}
[9/20/2026, 2:32:56 AM.546] [Info] [CentrifugoClient] Connected successfully
[9/20/2026, 2:32:56 AM.546] [Info] [ClawService] Centrifugo status: connected
[9/20/2026, 2:32:56 AM.548] [Info] [CentrifugoClient] Subscribed to channel: copilot_workbuddy:fdee3d54-95b6-4e9c-aaff-50ad9505aab4_25e526bc70aeedffd6ce569154fcfedd_e76b49539422036c
[9/20/2026, 2:33:14 AM.583] [Info] [WeixinClawBotClient] pollLoop getUpdates returned {"iteration":22450,"elapsedMs":18765,"hasBuf":true,"msgs":0}
[9/20/2026, 2:33:14 AM.584] [Info] [WeixinClawBotClient] pollLoop iteration begin {"iteration":22451,"cursorLen":96}
[9/20/2026, 2:48:35 AM.730] [Info] [CentrifugoClient] Re-subscribing to copilot_workbuddy:fdee3d54-95b6-4e9c-aaff-50ad9505aab4_25e526bc70aeedffd6ce569154fcfedd_e76b49539422036c: transport closed (code: 1)
[9/20/2026, 2:48:35 AM.730] [Info] [CentrifugoClient] Reconnecting: no ping (code: 2)
[9/20/2026, 2:48:35 AM.730] [Info] [ClawService] Centrifugo status: connecting
[9/20/2026, 2:48:35 AM.730] [Info] [WorkbuddyEnterpriseModels] enterpriseId: undefined, endpoint: https://copilot.tencent.com
[9/20/2026, 2:48:35 AM.730] [Info] [AgentModelResolver] product config input: 42 models, 18 agents
[9/20/2026, 2:48:35 AM.730] [Info] [AgentModelResolver] model ids: default, deepseek-v4-pro, deepseek-v4-flash, deepseek-v3-2-volc, minimax-m2.5, minimax-m2.7, minimax-m3-play, glm-5.1, glm-5.0, glm-5.0-turbo, glm-5v-turbo, glm-4.7, glm-4.6, glm-4.6v, kimi-k2.6, kimi-k2.5, kimi-k2-thinking, hy3-preview-agent, hunyuan-chat, hunyuan-image-v3.0, auto, hy3-preview, hunyuan-2.0-thinking, deepseek-v3-1-volc, deepseek-v3-1-lkeap, deepseek-v3-1, deepseek-v3-0324-lkeap, deepseek-r1-0528-lkeap, kimi-k2-instruct-taiji, completion-gf, default-1.1, hunyuan-3b, hunyuan-7b-dense, codewise-completions, codewise-rewrite, codewise-nes-a4-027-aide, codewise-jump, deepseek-r1-0528, deepseek-v3-0324-taco-completion, deepseek-v3-0324, default-1.2, hunyuan-2.0-instruct
[9/20/2026, 2:48:35 AM.730] [Info] [AgentModelResolver] agent "cli" original_models=["auto","glm-5v-turbo","glm-5.1","glm-5.0-turbo","glm-5.0","glm-4.7","kimi-k2.5","minimax-m2.7","deepseek-v3-2-volc"] -> resolved_models=["auto","glm-5v-turbo","glm-5.1","glm-5.0-turbo","glm-5.0","glm-4.7","kimi-k2.5","minimax-m2.7","deepseek-v3-2-volc"]
[9/20/2026, 2:48:35 AM.730] [Info] [AgentModelResolver] agent "general-purpose" original_models=undefined -> resolved_models=[]
[9/20/2026, 2:48:35 AM.730] [Info] [AgentModelResolver] agent "compact" original_models=undefined -> resolved_models=[]
[9/20/2026, 2:48:35 AM.730] [Info] [AgentModelResolver] agent "contextSummary" original_models=undefined -> resolved_models=[]
[9/20/2026, 2:48:35 AM.730] [Info] [AgentModelResolver] agent "contentAnalyzer" original_models=undefined -> resolved_models=[]
[9/20/2026, 2:48:35 AM.730] [Info] [AgentModelResolver] agent "terminalTitleGenerator" original_models=undefined -> resolved_models=[]
[9/20/2026, 2:48:35 AM.730] [Info] [AgentModelResolver] agent "promptSuggestion" original_models=undefined -> resolved_models=[]
[9/20/2026, 2:48:35 AM.730] [Info] [AgentModelResolver] agent "memorySelector" original_models=["lite"] -> resolved_models=["lite"]
[9/20/2026, 2:48:35 AM.730] [Info] [AgentModelResolver] agent "summaryGenerator" original_models=undefined -> resolved_models=[]
[9/20/2026, 2:48:35 AM.730] [Info] [AgentModelResolver] agent "autoModeClassifier" original_models=undefined -> resolved_models=[]
[9/20/2026, 2:48:35 AM.730] [Info] [AgentModelResolver] agent "promptHookEvaluator" original_models=["lite"] -> resolved_models=["lite"]
[9/20/2026, 2:48:35 AM.730] [Info] [AgentModelResolver] agent "insightsAnalyzer" original_models=undefined -> resolved_models=[]
[9/20/2026, 2:48:35 AM.730] [Info] [AgentModelResolver] agent "agentInstructions" original_models=undefined -> resolved_models=[]
[9/20/2026, 2:48:35 AM.730] [Info] [AgentModelResolver] agent "statusline-setup" original_models=undefined -> resolved_models=[]
[9/20/2026, 2:48:35 AM.730] [Info] [AgentModelResolver] agent "Explore" original_models=["lite"] -> resolved_models=["lite"]
[9/20/2026, 2:48:35 AM.730] [Info] [AgentModelResolver] agent "Plan" original_models=undefined -> resolved_models=[]
[9/20/2026, 2:48:35 AM.730] [Info] [AgentModelResolver] agent "pulse" original_models=undefined -> resolved_models=[]
[9/20/2026, 2:48:35 AM.730] [Info] [AgentModelResolver] agent "enhance-prompt" original_models=undefined -> resolved_models=[]
[9/20/2026, 2:48:35 AM.734] [Info] [Merge] Step 1 (local + overlay): localModels=42, overlayModels=51, mergedModels=51
[9/20/2026, 2:48:35 AM.734] [Info] [Merge] Step 2 (+enterprise): enterpriseModels=0, totalModels=51
[9/20/2026, 2:48:35 AM.734] [Info] [Merge] Step 3 (+custom): customModels=0, totalModels=51
[9/20/2026, 2:48:35 AM.734] [Info] [Merge] Step 4 (availableModels filter): finalModels=51, cli.models=["auto","hy4-preview-f","hy3","hy3-x","deepseek-v4.1-flash","glm-5.3","glm-5.3-flash","glm-5.2","glm-5.1","glm-5v-turbo","minimax-m3","kimi-k3-1","kimi-k2.8-preview","kimi-k2.7","kimi-k2.6","deepseek-v4-pro"]
[9/20/2026, 2:48:35 AM.735] [Info] [WeixinClawBotClient] pollLoop getUpdates returned {"iteration":22451,"elapsedMs":921152,"ret":0,"hasBuf":true,"msgs":0}
[9/20/2026, 2:48:35 AM.736] [Info] [WorkbuddyEnterpriseModels] enterpriseId: undefined, endpoint: https://copilot.tencent.com
[9/20/2026, 2:48:35 AM.736] [Info] [AgentModelResolver] product config input: 42 models, 18 agents
[9/20/2026, 2:48:35 AM.736] [Info] [AgentModelResolver] model ids: default, deepseek-v4-pro, deepseek-v4-flash, deepseek-v3-2-volc, minimax-m2.5, minimax-m2.7, minimax-m3-play, glm-5.1, glm-5.0, glm-5.0-turbo, glm-5v-turbo, glm-4.7, glm-4.6, glm-4.6v, kimi-k2.6, kimi-k2.5, kimi-k2-thinking, hy3-preview-agent, hunyuan-chat, hunyuan-image-v3.0, auto, hy3-preview, hunyuan-2.0-thinking, deepseek-v3-1-volc, deepseek-v3-1-lkeap, deepseek-v3-1, deepseek-v3-0324-lkeap, deepseek-r1-0528-lkeap, kimi-k2-instruct-taiji, completion-gf, default-1.1, hunyuan-3b, hunyuan-7b-dense, codewise-completions, codewise-rewrite, codewise-nes-a4-027-aide, codewise-jump, deepseek-r1-0528, deepseek-v3-0324-taco-completion, deepseek-v3-0324, default-1.2, hunyuan-2.0-instruct
[9/20/2026, 2:48:35 AM.736] [Info] [AgentModelResolver] agent "cli" original_models=["auto","glm-5v-turbo","glm-5.1","glm-5.0-turbo","glm-5.0","glm-4.7","kimi-k2.5","minimax-m2.7","deepseek-v3-2-volc"] -> resolved_models=["auto","glm-5v-turbo","glm-5.1","glm-5.0-turbo","glm-5.0","glm-4.7","kimi-k2.5","minimax-m2.7","deepseek-v3-2-volc"]
[9/20/2026, 2:48:35 AM.736] [Info] [AgentModelResolver] agent "general-purpose" original_models=undefined -> resolved_models=[]
[9/20/2026, 2:48:35 AM.736] [Info] [AgentModelResolver] agent "compact" original_models=undefined -> resolved_models=[]
[9/20/2026, 2:48:35 AM.736] [Info] [AgentModelResolver] agent "contextSummary" original_models=undefined -> resolved_models=[]
[9/20/2026, 2:48:35 AM.736] [Info] [AgentModelResolver] agent "contentAnalyzer" original_models=undefined -> resolved_models=[]
[9/20/2026, 2:48:35 AM.736] [Info] [AgentModelResolver] agent "terminalTitleGenerator" original_models=undefined -> resolved_models=[]
[9/20/2026, 2:48:35 AM.736] [Info] [AgentModelResolver] agent "promptSuggestion" original_models=undefined -> resolved_models=[]
[9/20/2026, 2:48:35 AM.736] [Info] [AgentModelResolver] agent "memorySelector" original_models=["lite"] -> resolved_models=["lite"]
[9/20/2026, 2:48:35 AM.736] [Info] [AgentModelResolver] agent "summaryGenerator" original_models=undefined -> resolved_models=[]
[9/20/2026, 2:48:35 AM.736] [Info] [AgentModelResolver] agent "autoModeClassifier" original_models=undefined -> resolved_models=[]
[9/20/2026, 2:48:35 AM.736] [Info] [AgentModelResolver] agent "promptHookEvaluator" original_models=["lite"] -> resolved_models=["lite"]
[9/20/2026, 2:48:35 AM.736] [Info] [AgentModelResolver] agent "insightsAnalyzer" original_models=undefined -> resolved_models=[]
[9/20/2026, 2:48:35 AM.736] [Info] [AgentModelResolver] agent "agentInstructions" original_models=undefined -> resolved_models=[]
[9/20/2026, 2:48:35 AM.736] [Info] [AgentModelResolver] agent "statusline-setup" original_models=undefined -> resolved_models=[]
[9/20/2026, 2:48:35 AM.736] [Info] [AgentModelResolver] agent "Explore" original_models=["lite"] -> resolved_models=["lite"]
[9/20/2026, 2:48:35 AM.736] [Info] [AgentModelResolver] agent "Plan" original_models=undefined -> resolved_models=[]
[9/20/2026, 2:48:35 AM.736] [Info] [AgentModelResolver] agent "pulse" original_models=undefined -> resolved_models=[]
[9/20/2026, 2:48:35 AM.736] [Info] [AgentModelResolver] agent "enhance-prompt" original_models=undefined -> resolved_models=[]
[9/20/2026, 2:48:35 AM.748] [Info] [Merge] Step 1 (local + overlay): localModels=42, overlayModels=51, mergedModels=51
[9/20/2026, 2:48:35 AM.748] [Info] [Merge] Step 2 (+enterprise): enterpriseModels=0, totalModels=51
[9/20/2026, 2:48:35 AM.748] [Info] [Merge] Step 3 (+custom): customModels=0, totalModels=51
[9/20/2026, 2:48:35 AM.748] [Info] [Merge] Step 4 (availableModels filter): finalModels=51, cli.models=["auto","hy4-preview-f","hy3","hy3-x","deepseek-v4.1-flash","glm-5.3","glm-5.3-flash","glm-5.2","glm-5.1","glm-5v-turbo","minimax-m3","kimi-k3-1","kimi-k2.8-preview","kimi-k2.7","kimi-k2.6","deepseek-v4-pro"]
[9/20/2026, 2:48:35 AM.833] [Info] [WeixinClawBotClient] pollLoop iteration begin {"iteration":22452,"cursorLen":96}
[9/20/2026, 2:48:36 AM.865] [Info] [CentrifugoClient] Connected successfully
[9/20/2026, 2:48:36 AM.866] [Info] [ClawService] Centrifugo status: connected
[9/20/2026, 2:48:36 AM.868] [Info] [CentrifugoClient] Subscribed to channel: copilot_workbuddy:fdee3d54-95b6-4e9c-aaff-50ad9505aab4_25e526bc70aeedffd6ce569154fcfedd_e76b49539422036c
[9/20/2026, 3:04:26 AM.731] [Info] [CentrifugoClient] Re-subscribing to copilot_workbuddy:fdee3d54-95b6-4e9c-aaff-50ad9505aab4_25e526bc70aeedffd6ce569154fcfedd_e76b49539422036c: transport closed (code: 1)
[9/20/2026, 3:04:26 AM.731] [Info] [CentrifugoClient] Reconnecting: no ping (code: 2)
[9/20/2026, 3:04:26 AM.731] [Info] [ClawService] Centrifugo status: connecting
[9/20/2026, 3:04:26 AM.731] [Info] [WorkbuddyEnterpriseModels] enterpriseId: undefined, endpoint: https://copilot.tencent.com
[9/20/2026, 3:04:26 AM.731] [Info] [AgentModelResolver] product config input: 42 models, 18 agents
[9/20/2026, 3:04:26 AM.731] [Info] [AgentModelResolver] model ids: default, deepseek-v4-pro, deepseek-v4-flash, deepseek-v3-2-volc, minimax-m2.5, minimax-m2.7, minimax-m3-play, glm-5.1, glm-5.0, glm-5.0-turbo, glm-5v-turbo, glm-4.7, glm-4.6, glm-4.6v, kimi-k2.6, kimi-k2.5, kimi-k2-thinking, hy3-preview-agent, hunyuan-chat, hunyuan-image-v3.0, auto, hy3-preview, hunyuan-2.0-thinking, deepseek-v3-1-volc, deepseek-v3-1-lkeap, deepseek-v3-1, deepseek-v3-0324-lkeap, deepseek-r1-0528-lkeap, kimi-k2-instruct-taiji, completion-gf, default-1.1, hunyuan-3b, hunyuan-7b-dense, codewise-completions, codewise-rewrite, codewise-nes-a4-027-aide, codewise-jump, deepseek-r1-0528, deepseek-v3-0324-taco-completion, deepseek-v3-0324, default-1.2, hunyuan-2.0-instruct
[9/20/2026, 3:04:26 AM.731] [Info] [AgentModelResolver] agent "cli" original_models=["auto","glm-5v-turbo","glm-5.1","glm-5.0-turbo","glm-5.0","glm-4.7","kimi-k2.5","minimax-m2.7","deepseek-v3-2-volc"] -> resolved_models=["auto","glm-5v-turbo","glm-5.1","glm-5.0-turbo","glm-5.0","glm-4.7","kimi-k2.5","minimax-m2.7","deepseek-v3-2-volc"]
[9/20/2026, 3:04:26 AM.731] [Info] [AgentModelResolver] agent "general-purpose" original_models=undefined -> resolved_models=[]
[9/20/2026, 3:04:26 AM.731] [Info] [AgentModelResolver] agent "compact" original_models=undefined -> resolved_models=[]
[9/20/2026, 3:04:26 AM.731] [Info] [AgentModelResolver] agent "contextSummary" original_models=undefined -> resolved_models=[]
[9/20/2026, 3:04:26 AM.731] [Info] [AgentModelResolver] agent "contentAnalyzer" original_models=undefined -> resolved_models=[]
[9/20/2026, 3:04:26 AM.731] [Info] [AgentModelResolver] agent "terminalTitleGenerator" original_models=undefined -> resolved_models=[]
[9/20/2026, 3:04:26 AM.731] [Info] [AgentModelResolver] agent "promptSuggestion" original_models=undefined -> resolved_models=[]
[9/20/2026, 3:04:26 AM.731] [Info] [AgentModelResolver] agent "memorySelector" original_models=["lite"] -> resolved_models=["lite"]
[9/20/2026, 3:04:26 AM.731] [Info] [AgentModelResolver] agent "summaryGenerator" original_models=undefined -> resolved_models=[]
[9/20/2026, 3:04:26 AM.731] [Info] [AgentModelResolver] agent "autoModeClassifier" original_models=undefined -> resolved_models=[]
[9/20/2026, 3:04:26 AM.731] [Info] [AgentModelResolver] agent "promptHookEvaluator" original_models=["lite"] -> resolved_models=["lite"]
[9/20/2026, 3:04:26 AM.731] [Info] [AgentModelResolver] agent "insightsAnalyzer" original_models=undefined -> resolved_models=[]
[9/20/2026, 3:04:26 AM.731] [Info] [AgentModelResolver] agent "agentInstructions" original_models=undefined -> resolved_models=[]
[9/20/2026, 3:04:26 AM.731] [Info] [AgentModelResolver] agent "statusline-setup" original_models=undefined -> resolved_models=[]
[9/20/2026, 3:04:26 AM.731] [Info] [AgentModelResolver] agent "Explore" original_models=["lite"] -> resolved_models=["lite"]
[9/20/2026, 3:04:26 AM.731] [Info] [AgentModelResolver] agent "Plan" original_models=undefined -> resolved_models=[]
[9/20/2026, 3:04:26 AM.731] [Info] [AgentModelResolver] agent "pulse" original_models=undefined -> resolved_models=[]
[9/20/2026, 3:04:26 AM.731] [Info] [AgentModelResolver] agent "enhance-prompt" original_models=undefined -> resolved_models=[]
[9/20/2026, 3:04:26 AM.734] [Info] [Merge] Step 1 (local + overlay): localModels=42, overlayModels=51, mergedModels=51
[9/20/2026, 3:04:26 AM.734] [Info] [Merge] Step 2 (+enterprise): enterpriseModels=0, totalModels=51
[9/20/2026, 3:04:26 AM.734] [Info] [Merge] Step 3 (+custom): customModels=0, totalModels=51
[9/20/2026, 3:04:26 AM.734] [Info] [Merge] Step 4 (availableModels filter): finalModels=51, cli.models=["auto","hy4-preview-f","hy3","hy3-x","deepseek-v4.1-flash","glm-5.3","glm-5.3-flash","glm-5.2","glm-5.1","glm-5v-turbo","minimax-m3","kimi-k3-1","kimi-k2.8-preview","kimi-k2.7","kimi-k2.6","deepseek-v4-pro"]
[9/20/2026, 3:04:26 AM.734] [Info] [WeixinClawBotClient] pollLoop getUpdates returned {"iteration":22452,"elapsedMs":950901,"ret":0,"hasBuf":true,"msgs":0}
[9/20/2026, 3:04:26 AM.735] [Info] [WorkbuddyEnterpriseModels] enterpriseId: undefined, endpoint: https://copilot.tencent.com
[9/20/2026, 3:04:26 AM.735] [Info] [AgentModelResolver] product config input: 42 models, 18 agents
[9/20/2026, 3:04:26 AM.735] [Info] [AgentModelResolver] model ids: default, deepseek-v4-pro, deepseek-v4-flash, deepseek-v3-2-volc, minimax-m2.5, minimax-m2.7, minimax-m3-play, glm-5.1, glm-5.0, glm-5.0-turbo, glm-5v-turbo, glm-4.7, glm-4.6, glm-4.6v, kimi-k2.6, kimi-k2.5, kimi-k2-thinking, hy3-preview-agent, hunyuan-chat, hunyuan-image-v3.0, auto, hy3-preview, hunyuan-2.0-thinking, deepseek-v3-1-volc, deepseek-v3-1-lkeap, deepseek-v3-1, deepseek-v3-0324-lkeap, deepseek-r1-0528-lkeap, kimi-k2-instruct-taiji, completion-gf, default-1.1, hunyuan-3b, hunyuan-7b-dense, codewise-completions, codewise-rewrite, codewise-nes-a4-027-aide, codewise-jump, deepseek-r1-0528, deepseek-v3-0324-taco-completion, deepseek-v3-0324, default-1.2, hunyuan-2.0-instruct
[9/20/2026, 3:04:26 AM.735] [Info] [AgentModelResolver] agent "cli" original_models=["auto","glm-5v-turbo","glm-5.1","glm-5.0-turbo","glm-5.0","glm-4.7","kimi-k2.5","minimax-m2.7","deepseek-v3-2-volc"] -> resolved_models=["auto","glm-5v-turbo","glm-5.1","glm-5.0-turbo","glm-5.0","glm-4.7","kimi-k2.5","minimax-m2.7","deepseek-v3-2-volc"]
[9/20/2026, 3:04:26 AM.735] [Info] [AgentModelResolver] agent "general-purpose" original_models=undefined -> resolved_models=[]
[9/20/2026, 3:04:26 AM.735] [Info] [AgentModelResolver] agent "compact" original_models=undefined -> resolved_models=[]
[9/20/2026, 3:04:26 AM.735] [Info] [AgentModelResolver] agent "contextSummary" original_models=undefined -> resolved_models=[]
[9/20/2026, 3:04:26 AM.735] [Info] [AgentModelResolver] agent "contentAnalyzer" original_models=undefined -> resolved_models=[]
[9/20/2026, 3:04:26 AM.735] [Info] [AgentModelResolver] agent "terminalTitleGenerator" original_models=undefined -> resolved_models=[]
[9/20/2026, 3:04:26 AM.735] [Info] [AgentModelResolver] agent "promptSuggestion" original_models=undefined -> resolved_models=[]
[9/20/2026, 3:04:26 AM.735] [Info] [AgentModelResolver] agent "memorySelector" original_models=["lite"] -> resolved_models=["lite"]
[9/20/2026, 3:04:26 AM.735] [Info] [AgentModelResolver] agent "summaryGenerator" original_models=undefined -> resolved_models=[]
[9/20/2026, 3:04:26 AM.735] [Info] [AgentModelResolver] agent "autoModeClassifier" original_models=undefined -> resolved_models=[]
[9/20/2026, 3:04:26 AM.735] [Info] [AgentModelResolver] agent "promptHookEvaluator" original_models=["lite"] -> resolved_models=["lite"]
[9/20/2026, 3:04:26 AM.735] [Info] [AgentModelResolver] agent "insightsAnalyzer" original_models=undefined -> resolved_models=[]
[9/20/2026, 3:04:26 AM.735] [Info] [AgentModelResolver] agent "agentInstructions" original_models=undefined -> resolved_models=[]
[9/20/2026, 3:04:26 AM.735] [Info] [AgentModelResolver] agent "statusline-setup" original_models=undefined -> resolved_models=[]
[9/20/2026, 3:04:26 AM.735] [Info] [AgentModelResolver] agent "Explore" original_models=["lite"] -> resolved_models=["lite"]
[9/20/2026, 3:04:26 AM.735] [Info] [AgentModelResolver] agent "Plan" original_models=undefined -> resolved_models=[]
[9/20/2026, 3:04:26 AM.735] [Info] [AgentModelResolver] agent "pulse" original_models=undefined -> resolved_models=[]
[9/20/2026, 3:04:26 AM.735] [Info] [AgentModelResolver] agent "enhance-prompt" original_models=undefined -> resolved_models=[]
[9/20/2026, 3:04:26 AM.738] [Info] [Merge] Step 1 (local + overlay): localModels=42, overlayModels=51, mergedModels=51
[9/20/2026, 3:04:26 AM.738] [Info] [Merge] Step 2 (+enterprise): enterpriseModels=0, totalModels=51
[9/20/2026, 3:04:26 AM.738] [Info] [Merge] Step 3 (+custom): customModels=0, totalModels=51
[9/20/2026, 3:04:26 AM.738] [Info] [Merge] Step 4 (availableModels filter): finalModels=51, cli.models=["auto","hy4-preview-f","hy3","hy3-x","deepseek-v4.1-flash","glm-5.3","glm-5.3-flash","glm-5.2","glm-5.1","glm-5v-turbo","minimax-m3","kimi-k3-1","kimi-k2.8-preview","kimi-k2.7","kimi-k2.6","deepseek-v4-pro"]
[9/20/2026, 3:04:26 AM.805] [Info] [WeixinClawBotClient] pollLoop iteration begin {"iteration":22453,"cursorLen":96}
[9/20/2026, 3:04:29 AM.641] [Info] [CentrifugoClient] Connected successfully
[9/20/2026, 3:04:29 AM.641] [Info] [ClawService] Centrifugo status: connected
[9/20/2026, 3:04:29 AM.641] [Info] [CentrifugoClient] Subscribed to channel: copilot_workbuddy:fdee3d54-95b6-4e9c-aaff-50ad9505aab4_25e526bc70aeedffd6ce569154fcfedd_e76b49539422036c
[9/20/2026, 3:22:11 AM.706] [Info] [CentrifugoClient] Re-subscribing to copilot_workbuddy:fdee3d54-95b6-4e9c-aaff-50ad9505aab4_25e526bc70aeedffd6ce569154fcfedd_e76b49539422036c: transport closed (code: 1)
[9/20/2026, 3:22:11 AM.706] [Info] [CentrifugoClient] Reconnecting: no ping (code: 2)
[9/20/2026, 3:22:11 AM.706] [Info] [ClawService] Centrifugo status: connecting
[9/20/2026, 3:22:11 AM.707] [Info] [WorkbuddyEnterpriseModels] enterpriseId: undefined, endpoint: https://copilot.tencent.com
[9/20/2026, 3:22:11 AM.707] [Info] [AgentModelResolver] product config input: 42 models, 18 agents
[9/20/2026, 3:22:11 AM.707] [Info] [AgentModelResolver] model ids: default, deepseek-v4-pro, deepseek-v4-flash, deepseek-v3-2-volc, minimax-m2.5, minimax-m2.7, minimax-m3-play, glm-5.1, glm-5.0, glm-5.0-turbo, glm-5v-turbo, glm-4.7, glm-4.6, glm-4.6v, kimi-k2.6, kimi-k2.5, kimi-k2-thinking, hy3-preview-agent, hunyuan-chat, hunyuan-image-v3.0, auto, hy3-preview, hunyuan-2.0-thinking, deepseek-v3-1-volc, deepseek-v3-1-lkeap, deepseek-v3-1, deepseek-v3-0324-lkeap, deepseek-r1-0528-lkeap, kimi-k2-instruct-taiji, completion-gf, default-1.1, hunyuan-3b, hunyuan-7b-dense, codewise-completions, codewise-rewrite, codewise-nes-a4-027-aide, codewise-jump, deepseek-r1-0528, deepseek-v3-0324-taco-completion, deepseek-v3-0324, default-1.2, hunyuan-2.0-instruct
[9/20/2026, 3:22:11 AM.707] [Info] [AgentModelResolver] agent "cli" original_models=["auto","glm-5v-turbo","glm-5.1","glm-5.0-turbo","glm-5.0","glm-4.7","kimi-k2.5","minimax-m2.7","deepseek-v3-2-volc"] -> resolved_models=["auto","glm-5v-turbo","glm-5.1","glm-5.0-turbo","glm-5.0","glm-4.7","kimi-k2.5","minimax-m2.7","deepseek-v3-2-volc"]
[9/20/2026, 3:22:11 AM.707] [Info] [AgentModelResolver] agent "general-purpose" original_models=undefined -> resolved_models=[]
[9/20/2026, 3:22:11 AM.707] [Info] [AgentModelResolver] agent "compact" original_models=undefined -> resolved_models=[]
[9/20/2026, 3:22:11 AM.707] [Info] [AgentModelResolver] agent "contextSummary" original_models=undefined -> resolved_models=[]
[9/20/2026, 3:22:11 AM.707] [Info] [AgentModelResolver] agent "contentAnalyzer" original_models=undefined -> resolved_models=[]
[9/20/2026, 3:22:11 AM.707] [Info] [AgentModelResolver] agent "terminalTitleGenerator" original_models=undefined -> resolved_models=[]
[9/20/2026, 3:22:11 AM.707] [Info] [AgentModelResolver] agent "promptSuggestion" original_models=undefined -> resolved_models=[]
[9/20/2026, 3:22:11 AM.707] [Info] [AgentModelResolver] agent "memorySelector" original_models=["lite"] -> resolved_models=["lite"]
[9/20/2026, 3:22:11 AM.707] [Info] [AgentModelResolver] agent "summaryGenerator" original_models=undefined -> resolved_models=[]
[9/20/2026, 3:22:11 AM.707] [Info] [AgentModelResolver] agent "autoModeClassifier" original_models=undefined -> resolved_models=[]
[9/20/2026, 3:22:11 AM.707] [Info] [AgentModelResolver] agent "promptHookEvaluator" original_models=["lite"] -> resolved_models=["lite"]
[9/20/2026, 3:22:11 AM.707] [Info] [AgentModelResolver] agent "insightsAnalyzer" original_models=undefined -> resolved_models=[]
[9/20/2026, 3:22:11 AM.707] [Info] [AgentModelResolver] agent "agentInstructions" original_models=undefined -> resolved_models=[]
[9/20/2026, 3:22:11 AM.707] [Info] [AgentModelResolver] agent "statusline-setup" original_models=undefined -> resolved_models=[]
[9/20/2026, 3:22:11 AM.707] [Info] [AgentModelResolver] agent "Explore" original_models=["lite"] -> resolved_models=["lite"]
[9/20/2026, 3:22:11 AM.707] [Info] [AgentModelResolver] agent "Plan" original_models=undefined -> resolved_models=[]
[9/20/2026, 3:22:11 AM.707] [Info] [AgentModelResolver] agent "pulse" original_models=undefined -> resolved_models=[]
[9/20/2026, 3:22:11 AM.707] [Info] [AgentModelResolver] agent "enhance-prompt" original_models=undefined -> resolved_models=[]
[9/20/2026, 3:22:11 AM.711] [Info] [Merge] Step 1 (local + overlay): localModels=42, overlayModels=51, mergedModels=51
[9/20/2026, 3:22:11 AM.711] [Info] [Merge] Step 2 (+enterprise): enterpriseModels=0, totalModels=51
[9/20/2026, 3:22:11 AM.711] [Info] [Merge] Step 3 (+custom): customModels=0, totalModels=51
[9/20/2026, 3:22:11 AM.711] [Info] [Merge] Step 4 (availableModels filter): finalModels=51, cli.models=["auto","hy4-preview-f","hy3","hy3-x","deepseek-v4.1-flash","glm-5.3","glm-5.3-flash","glm-5.2","glm-5.1","glm-5v-turbo","minimax-m3","kimi-k3-1","kimi-k2.8-preview","kimi-k2.7","kimi-k2.6","deepseek-v4-pro"]
[9/20/2026, 3:22:11 AM.711] [Info] [WeixinClawBotClient] pollLoop getUpdates returned {"iteration":22453,"elapsedMs":1064906,"ret":0,"hasBuf":true,"msgs":0}
[9/20/2026, 3:22:11 AM.712] [Info] [WorkbuddyEnterpriseModels] enterpriseId: undefined, endpoint: https://copilot.tencent.com
[9/20/2026, 3:22:11 AM.712] [Info] [AgentModelResolver] product config input: 42 models, 18 agents
[9/20/2026, 3:22:11 AM.712] [Info] [AgentModelResolver] model ids: default, deepseek-v4-pro, deepseek-v4-flash, deepseek-v3-2-volc, minimax-m2.5, minimax-m2.7, minimax-m3-play, glm-5.1, glm-5.0, glm-5.0-turbo, glm-5v-turbo, glm-4.7, glm-4.6, glm-4.6v, kimi-k2.6, kimi-k2.5, kimi-k2-thinking, hy3-preview-agent, hunyuan-chat, hunyuan-image-v3.0, auto, hy3-preview, hunyuan-2.0-thinking, deepseek-v3-1-volc, deepseek-v3-1-lkeap, deepseek-v3-1, deepseek-v3-0324-lkeap, deepseek-r1-0528-lkeap, kimi-k2-instruct-taiji, completion-gf, default-1.1, hunyuan-3b, hunyuan-7b-dense, codewise-completions, codewise-rewrite, codewise-nes-a4-027-aide, codewise-jump, deepseek-r1-0528, deepseek-v3-0324-taco-completion, deepseek-v3-0324, default-1.2, hunyuan-2.0-instruct
[9/20/2026, 3:22:11 AM.712] [Info] [AgentModelResolver] agent "cli" original_models=["auto","glm-5v-turbo","glm-5.1","glm-5.0-turbo","glm-5.0","glm-4.7","kimi-k2.5","minimax-m2.7","deepseek-v3-2-volc"] -> resolved_models=["auto","glm-5v-turbo","glm-5.1","glm-5.0-turbo","glm-5.0","glm-4.7","kimi-k2.5","minimax-m2.7","deepseek-v3-2-volc"]
[9/20/2026, 3:22:11 AM.712] [Info] [AgentModelResolver] agent "general-purpose" original_models=undefined -> resolved_models=[]
[9/20/2026, 3:22:11 AM.712] [Info] [AgentModelResolver] agent "compact" original_models=undefined -> resolved_models=[]
[9/20/2026, 3:22:11 AM.712] [Info] [AgentModelResolver] agent "contextSummary" original_models=undefined -> resolved_models=[]
[9/20/2026, 3:22:11 AM.712] [Info] [AgentModelResolver] agent "contentAnalyzer" original_models=undefined -> resolved_models=[]
[9/20/2026, 3:22:11 AM.712] [Info] [AgentModelResolver] agent "terminalTitleGenerator" original_models=undefined -> resolved_models=[]
[9/20/2026, 3:22:11 AM.712] [Info] [AgentModelResolver] agent "promptSuggestion" original_models=undefined -> resolved_models=[]
[9/20/2026, 3:22:11 AM.712] [Info] [AgentModelResolver] agent "memorySelector" original_models=["lite"] -> resolved_models=["lite"]
[9/20/2026, 3:22:11 AM.712] [Info] [AgentModelResolver] agent "summaryGenerator" original_models=undefined -> resolved_models=[]
[9/20/2026, 3:22:11 AM.712] [Info] [AgentModelResolver] agent "autoModeClassifier" original_models=undefined -> resolved_models=[]
[9/20/2026, 3:22:11 AM.712] [Info] [AgentModelResolver] agent "promptHookEvaluator" original_models=["lite"] -> resolved_models=["lite"]
[9/20/2026, 3:22:11 AM.712] [Info] [AgentModelResolver] agent "insightsAnalyzer" original_models=undefined -> resolved_models=[]
[9/20/2026, 3:22:11 AM.712] [Info] [AgentModelResolver] agent "agentInstructions" original_models=undefined -> resolved_models=[]
[9/20/2026, 3:22:11 AM.712] [Info] [AgentModelResolver] agent "statusline-setup" original_models=undefined -> resolved_models=[]
[9/20/2026, 3:22:11 AM.712] [Info] [AgentModelResolver] agent "Explore" original_models=["lite"] -> resolved_models=["lite"]
[9/20/2026, 3:22:11 AM.712] [Info] [AgentModelResolver] agent "Plan" original_models=undefined -> resolved_models=[]
[9/20/2026, 3:22:11 AM.712] [Info] [AgentModelResolver] agent "pulse" original_models=undefined -> resolved_models=[]
[9/20/2026, 3:22:11 AM.712] [Info] [AgentModelResolver] agent "enhance-prompt" original_models=undefined -> resolved_models=[]
[9/20/2026, 3:22:11 AM.715] [Info] [Merge] Step 1 (local + overlay): localModels=42, overlayModels=51, mergedModels=51
[9/20/2026, 3:22:11 AM.715] [Info] [Merge] Step 2 (+enterprise): enterpriseModels=0, totalModels=51
[9/20/2026, 3:22:11 AM.715] [Info] [Merge] Step 3 (+custom): customModels=0, totalModels=51
[9/20/2026, 3:22:11 AM.715] [Info] [Merge] Step 4 (availableModels filter): finalModels=51, cli.models=["auto","hy4-preview-f","hy3","hy3-x","deepseek-v4.1-flash","glm-5.3","glm-5.3-flash","glm-5.2","glm-5.1","glm-5v-turbo","minimax-m3","kimi-k3-1","kimi-k2.8-preview","kimi-k2.7","kimi-k2.6","deepseek-v4-pro"]
[9/20/2026, 3:22:11 AM.787] [Info] [WeixinClawBotClient] pollLoop iteration begin {"iteration":22454,"cursorLen":96}
[9/20/2026, 3:22:14 AM.604] [Info] [CentrifugoClient] Connected successfully
[9/20/2026, 3:22:14 AM.604] [Info] [ClawService] Centrifugo status: connected
[9/20/2026, 3:22:14 AM.611] [Info] [CentrifugoClient] Subscribed to channel: copilot_workbuddy:fdee3d54-95b6-4e9c-aaff-50ad9505aab4_25e526bc70aeedffd6ce569154fcfedd_e76b49539422036c
[9/20/2026, 3:39:28 AM.731] [Info] [CentrifugoClient] Re-subscribing to copilot_workbuddy:fdee3d54-95b6-4e9c-aaff-50ad9505aab4_25e526bc70aeedffd6ce569154fcfedd_e76b49539422036c: transport closed (code: 1)
[9/20/2026, 3:39:28 AM.731] [Info] [CentrifugoClient] Reconnecting: no ping (code: 2)
[9/20/2026, 3:39:28 AM.731] [Info] [ClawService] Centrifugo status: connecting
[9/20/2026, 3:39:28 AM.731] [Info] [WorkbuddyEnterpriseModels] enterpriseId: undefined, endpoint: https://copilot.tencent.com
[9/20/2026, 3:39:28 AM.732] [Info] [AgentModelResolver] product config input: 42 models, 18 agents
[9/20/2026, 3:39:28 AM.732] [Info] [AgentModelResolver] model ids: default, deepseek-v4-pro, deepseek-v4-flash, deepseek-v3-2-volc, minimax-m2.5, minimax-m2.7, minimax-m3-play, glm-5.1, glm-5.0, glm-5.0-turbo, glm-5v-turbo, glm-4.7, glm-4.6, glm-4.6v, kimi-k2.6, kimi-k2.5, kimi-k2-thinking, hy3-preview-agent, hunyuan-chat, hunyuan-image-v3.0, auto, hy3-preview, hunyuan-2.0-thinking, deepseek-v3-1-volc, deepseek-v3-1-lkeap, deepseek-v3-1, deepseek-v3-0324-lkeap, deepseek-r1-0528-lkeap, kimi-k2-instruct-taiji, completion-gf, default-1.1, hunyuan-3b, hunyuan-7b-dense, codewise-completions, codewise-rewrite, codewise-nes-a4-027-aide, codewise-jump, deepseek-r1-0528, deepseek-v3-0324-taco-completion, deepseek-v3-0324, default-1.2, hunyuan-2.0-instruct
[9/20/2026, 3:39:28 AM.732] [Info] [AgentModelResolver] agent "cli" original_models=["auto","glm-5v-turbo","glm-5.1","glm-5.0-turbo","glm-5.0","glm-4.7","kimi-k2.5","minimax-m2.7","deepseek-v3-2-volc"] -> resolved_models=["auto","glm-5v-turbo","glm-5.1","glm-5.0-turbo","glm-5.0","glm-4.7","kimi-k2.5","minimax-m2.7","deepseek-v3-2-volc"]
[9/20/2026, 3:39:28 AM.732] [Info] [AgentModelResolver] agent "general-purpose" original_models=undefined -> resolved_models=[]
[9/20/2026, 3:39:28 AM.732] [Info] [AgentModelResolver] agent "compact" original_models=undefined -> resolved_models=[]
[9/20/2026, 3:39:28 AM.732] [Info] [AgentModelResolver] agent "contextSummary" original_models=undefined -> resolved_models=[]
[9/20/2026, 3:39:28 AM.732] [Info] [AgentModelResolver] agent "contentAnalyzer" original_models=undefined -> resolved_models=[]
[9/20/2026, 3:39:28 AM.732] [Info] [AgentModelResolver] agent "terminalTitleGenerator" original_models=undefined -> resolved_models=[]
[9/20/2026, 3:39:28 AM.732] [Info] [AgentModelResolver] agent "promptSuggestion" original_models=undefined -> resolved_models=[]
[9/20/2026, 3:39:28 AM.732] [Info] [AgentModelResolver] agent "memorySelector" original_models=["lite"] -> resolved_models=["lite"]
[9/20/2026, 3:39:28 AM.732] [Info] [AgentModelResolver] agent "summaryGenerator" original_models=undefined -> resolved_models=[]
[9/20/2026, 3:39:28 AM.732] [Info] [AgentModelResolver] agent "autoModeClassifier" original_models=undefined -> resolved_models=[]
[9/20/2026, 3:39:28 AM.732] [Info] [AgentModelResolver] agent "promptHookEvaluator" original_models=["lite"] -> resolved_models=["lite"]
[9/20/2026, 3:39:28 AM.732] [Info] [AgentModelResolver] agent "insightsAnalyzer" original_models=undefined -> resolved_models=[]
[9/20/2026, 3:39:28 AM.732] [Info] [AgentModelResolver] agent "agentInstructions" original_models=undefined -> resolved_models=[]
[9/20/2026, 3:39:28 AM.732] [Info] [AgentModelResolver] agent "statusline-setup" original_models=undefined -> resolved_models=[]
[9/20/2026, 3:39:28 AM.732] [Info] [AgentModelResolver] agent "Explore" original_models=["lite"] -> resolved_models=["lite"]
[9/20/2026, 3:39:28 AM.732] [Info] [AgentModelResolver] agent "Plan" original_models=undefined -> resolved_models=[]
[9/20/2026, 3:39:28 AM.732] [Info] [AgentModelResolver] agent "pulse" original_models=undefined -> resolved_models=[]
[9/20/2026, 3:39:28 AM.732] [Info] [AgentModelResolver] agent "enhance-prompt" original_models=undefined -> resolved_models=[]
[9/20/2026, 3:39:28 AM.734] [Info] [Merge] Step 1 (local + overlay): localModels=42, overlayModels=51, mergedModels=51
[9/20/2026, 3:39:28 AM.734] [Info] [Merge] Step 2 (+enterprise): enterpriseModels=0, totalModels=51
[9/20/2026, 3:39:28 AM.734] [Info] [Merge] Step 3 (+custom): customModels=0, totalModels=51
[9/20/2026, 3:39:28 AM.734] [Info] [Merge] Step 4 (availableModels filter): finalModels=51, cli.models=["auto","hy4-preview-f","hy3","hy3-x","deepseek-v4.1-flash","glm-5.3","glm-5.3-flash","glm-5.2","glm-5.1","glm-5v-turbo","minimax-m3","kimi-k3-1","kimi-k2.8-preview","kimi-k2.7","kimi-k2.6","deepseek-v4-pro"]
[9/20/2026, 3:39:28 AM.735] [Info] [WeixinClawBotClient] pollLoop getUpdates returned {"iteration":22454,"elapsedMs":1036948,"ret":0,"hasBuf":true,"msgs":0}
[9/20/2026, 3:39:28 AM.735] [Info] [WorkbuddyEnterpriseModels] enterpriseId: undefined, endpoint: https://copilot.tencent.com
[9/20/2026, 3:39:28 AM.735] [Info] [AgentModelResolver] product config input: 42 models, 18 agents
[9/20/2026, 3:39:28 AM.735] [Info] [AgentModelResolver] model ids: default, deepseek-v4-pro, deepseek-v4-flash, deepseek-v3-2-volc, minimax-m2.5, minimax-m2.7, minimax-m3-play, glm-5.1, glm-5.0, glm-5.0-turbo, glm-5v-turbo, glm-4.7, glm-4.6, glm-4.6v, kimi-k2.6, kimi-k2.5, kimi-k2-thinking, hy3-preview-agent, hunyuan-chat, hunyuan-image-v3.0, auto, hy3-preview, hunyuan-2.0-thinking, deepseek-v3-1-volc, deepseek-v3-1-lkeap, deepseek-v3-1, deepseek-v3-0324-lkeap, deepseek-r1-0528-lkeap, kimi-k2-instruct-taiji, completion-gf, default-1.1, hunyuan-3b, hunyuan-7b-dense, codewise-completions, codewise-rewrite, codewise-nes-a4-027-aide, codewise-jump, deepseek-r1-0528, deepseek-v3-0324-taco-completion, deepseek-v3-0324, default-1.2, hunyuan-2.0-instruct
[9/20/2026, 3:39:28 AM.735] [Info] [AgentModelResolver] agent "cli" original_models=["auto","glm-5v-turbo","glm-5.1","glm-5.0-turbo","glm-5.0","glm-4.7","kimi-k2.5","minimax-m2.7","deepseek-v3-2-volc"] -> resolved_models=["auto","glm-5v-turbo","glm-5.1","glm-5.0-turbo","glm-5.0","glm-4.7","kimi-k2.5","minimax-m2.7","deepseek-v3-2-volc"]
[9/20/2026, 3:39:28 AM.735] [Info] [AgentModelResolver] agent "general-purpose" original_models=undefined -> resolved_models=[]
[9/20/2026, 3:39:28 AM.735] [Info] [AgentModelResolver] agent "compact" original_models=undefined -> resolved_models=[]
[9/20/2026, 3:39:28 AM.735] [Info] [AgentModelResolver] agent "contextSummary" original_models=undefined -> resolved_models=[]
[9/20/2026, 3:39:28 AM.735] [Info] [AgentModelResolver] agent "contentAnalyzer" original_models=undefined -> resolved_models=[]
[9/20/2026, 3:39:28 AM.735] [Info] [AgentModelResolver] agent "terminalTitleGenerator" original_models=undefined -> resolved_models=[]
[9/20/2026, 3:39:28 AM.735] [Info] [AgentModelResolver] agent "promptSuggestion" original_models=undefined -> resolved_models=[]
[9/20/2026, 3:39:28 AM.735] [Info] [AgentModelResolver] agent "memorySelector" original_models=["lite"] -> resolved_models=["lite"]
[9/20/2026, 3:39:28 AM.735] [Info] [AgentModelResolver] agent "summaryGenerator" original_models=undefined -> resolved_models=[]
[9/20/2026, 3:39:28 AM.735] [Info] [AgentModelResolver] agent "autoModeClassifier" original_models=undefined -> resolved_models=[]
[9/20/2026, 3:39:28 AM.735] [Info] [AgentModelResolver] agent "promptHookEvaluator" original_models=["lite"] -> resolved_models=["lite"]
[9/20/2026, 3:39:28 AM.735] [Info] [AgentModelResolver] agent "insightsAnalyzer" original_models=undefined -> resolved_models=[]
[9/20/2026, 3:39:28 AM.735] [Info] [AgentModelResolver] agent "agentInstructions" original_models=undefined -> resolved_models=[]
[9/20/2026, 3:39:28 AM.735] [Info] [AgentModelResolver] agent "statusline-setup" original_models=undefined -> resolved_models=[]
[9/20/2026, 3:39:28 AM.735] [Info] [AgentModelResolver] agent "Explore" original_models=["lite"] -> resolved_models=["lite"]
[9/20/2026, 3:39:28 AM.735] [Info] [AgentModelResolver] agent "Plan" original_models=undefined -> resolved_models=[]
[9/20/2026, 3:39:28 AM.735] [Info] [AgentModelResolver] agent "pulse" original_models=undefined -> resolved_models=[]
[9/20/2026, 3:39:28 AM.735] [Info] [AgentModelResolver] agent "enhance-prompt" original_models=undefined -> resolved_models=[]
[9/20/2026, 3:39:28 AM.737] [Info] [Merge] Step 1 (local + overlay): localModels=42, overlayModels=51, mergedModels=51
[9/20/2026, 3:39:28 AM.737] [Info] [Merge] Step 2 (+enterprise): enterpriseModels=0, totalModels=51
[9/20/2026, 3:39:28 AM.737] [Info] [Merge] Step 3 (+custom): customModels=0, totalModels=51
[9/20/2026, 3:39:28 AM.737] [Info] [Merge] Step 4 (availableModels filter): finalModels=51, cli.models=["auto","hy4-preview-f","hy3","hy3-x","deepseek-v4.1-flash","glm-5.3","glm-5.3-flash","glm-5.2","glm-5.1","glm-5v-turbo","minimax-m3","kimi-k3-1","kimi-k2.8-preview","kimi-k2.7","kimi-k2.6","deepseek-v4-pro"]
[9/20/2026, 3:39:28 AM.838] [Info] [WeixinClawBotClient] pollLoop iteration begin {"iteration":22455,"cursorLen":96}
[9/20/2026, 3:39:29 AM.885] [Info] [CentrifugoClient] Connected successfully
[9/20/2026, 3:39:29 AM.885] [Info] [ClawService] Centrifugo status: connected
[9/20/2026, 3:39:29 AM.887] [Info] [CentrifugoClient] Subscribed to channel: copilot_workbuddy:fdee3d54-95b6-4e9c-aaff-50ad9505aab4_25e526bc70aeedffd6ce569154fcfedd_e76b49539422036c
[9/20/2026, 3:56:34 AM.742] [Info] [CentrifugoClient] Re-subscribing to copilot_workbuddy:fdee3d54-95b6-4e9c-aaff-50ad9505aab4_25e526bc70aeedffd6ce569154fcfedd_e76b49539422036c: transport closed (code: 1)
[9/20/2026, 3:56:34 AM.742] [Info] [CentrifugoClient] Reconnecting: no ping (code: 2)
[9/20/2026, 3:56:34 AM.742] [Info] [ClawService] Centrifugo status: connecting
[9/20/2026, 3:56:34 AM.742] [Info] [WorkbuddyEnterpriseModels] enterpriseId: undefined, endpoint: https://copilot.tencent.com
[9/20/2026, 3:56:34 AM.743] [Info] [AgentModelResolver] product config input: 42 models, 18 agents
[9/20/2026, 3:56:34 AM.743] [Info] [AgentModelResolver] model ids: default, deepseek-v4-pro, deepseek-v4-flash, deepseek-v3-2-volc, minimax-m2.5, minimax-m2.7, minimax-m3-play, glm-5.1, glm-5.0, glm-5.0-turbo, glm-5v-turbo, glm-4.7, glm-4.6, glm-4.6v, kimi-k2.6, kimi-k2.5, kimi-k2-thinking, hy3-preview-agent, hunyuan-chat, hunyuan-image-v3.0, auto, hy3-preview, hunyuan-2.0-thinking, deepseek-v3-1-volc, deepseek-v3-1-lkeap, deepseek-v3-1, deepseek-v3-0324-lkeap, deepseek-r1-0528-lkeap, kimi-k2-instruct-taiji, completion-gf, default-1.1, hunyuan-3b, hunyuan-7b-dense, codewise-completions, codewise-rewrite, codewise-nes-a4-027-aide, codewise-jump, deepseek-r1-0528, deepseek-v3-0324-taco-completion, deepseek-v3-0324, default-1.2, hunyuan-2.0-instruct
[9/20/2026, 3:56:34 AM.743] [Info] [AgentModelResolver] agent "cli" original_models=["auto","glm-5v-turbo","glm-5.1","glm-5.0-turbo","glm-5.0","glm-4.7","kimi-k2.5","minimax-m2.7","deepseek-v3-2-volc"] -> resolved_models=["auto","glm-5v-turbo","glm-5.1","glm-5.0-turbo","glm-5.0","glm-4.7","kimi-k2.5","minimax-m2.7","deepseek-v3-2-volc"]
[9/20/2026, 3:56:34 AM.743] [Info] [AgentModelResolver] agent "general-purpose" original_models=undefined -> resolved_models=[]
[9/20/2026, 3:56:34 AM.743] [Info] [AgentModelResolver] agent "compact" original_models=undefined -> resolved_models=[]
[9/20/2026, 3:56:34 AM.743] [Info] [AgentModelResolver] agent "contextSummary" original_models=undefined -> resolved_models=[]
[9/20/2026, 3:56:34 AM.743] [Info] [AgentModelResolver] agent "contentAnalyzer" original_models=undefined -> resolved_models=[]
[9/20/2026, 3:56:34 AM.743] [Info] [AgentModelResolver] agent "terminalTitleGenerator" original_models=undefined -> resolved_models=[]
[9/20/2026, 3:56:34 AM.743] [Info] [AgentModelResolver] agent "promptSuggestion" original_models=undefined -> resolved_models=[]
[9/20/2026, 3:56:34 AM.743] [Info] [AgentModelResolver] agent "memorySelector" original_models=["lite"] -> resolved_models=["lite"]
[9/20/2026, 3:56:34 AM.743] [Info] [AgentModelResolver] agent "summaryGenerator" original_models=undefined -> resolved_models=[]
[9/20/2026, 3:56:34 AM.743] [Info] [AgentModelResolver] agent "autoModeClassifier" original_models=undefined -> resolved_models=[]
[9/20/2026, 3:56:34 AM.743] [Info] [AgentModelResolver] agent "promptHookEvaluator" original_models=["lite"] -> resolved_models=["lite"]
[9/20/2026, 3:56:34 AM.743] [Info] [AgentModelResolver] agent "insightsAnalyzer" original_models=undefined -> resolved_models=[]
[9/20/2026, 3:56:34 AM.743] [Info] [AgentModelResolver] agent "agentInstructions" original_models=undefined -> resolved_models=[]
[9/20/2026, 3:56:34 AM.743] [Info] [AgentModelResolver] agent "statusline-setup" original_models=undefined -> resolved_models=[]
[9/20/2026, 3:56:34 AM.743] [Info] [AgentModelResolver] agent "Explore" original_models=["lite"] -> resolved_models=["lite"]
[9/20/2026, 3:56:34 AM.743] [Info] [AgentModelResolver] agent "Plan" original_models=undefined -> resolved_models=[]
[9/20/2026, 3:56:34 AM.743] [Info] [AgentModelResolver] agent "pulse" original_models=undefined -> resolved_models=[]
[9/20/2026, 3:56:34 AM.743] [Info] [AgentModelResolver] agent "enhance-prompt" original_models=undefined -> resolved_models=[]
[9/20/2026, 3:56:34 AM.746] [Info] [Merge] Step 1 (local + overlay): localModels=42, overlayModels=51, mergedModels=51
[9/20/2026, 3:56:34 AM.746] [Info] [Merge] Step 2 (+enterprise): enterpriseModels=0, totalModels=51
[9/20/2026, 3:56:34 AM.746] [Info] [Merge] Step 3 (+custom): customModels=0, totalModels=51
[9/20/2026, 3:56:34 AM.746] [Info] [Merge] Step 4 (availableModels filter): finalModels=51, cli.models=["auto","hy4-preview-f","hy3","hy3-x","deepseek-v4.1-flash","glm-5.3","glm-5.3-flash","glm-5.2","glm-5.1","glm-5v-turbo","minimax-m3","kimi-k3-1","kimi-k2.8-preview","kimi-k2.7","kimi-k2.6","deepseek-v4-pro"]
[9/20/2026, 3:56:34 AM.746] [Info] [WeixinClawBotClient] pollLoop getUpdates returned {"iteration":22455,"elapsedMs":1025908,"ret":0,"hasBuf":true,"msgs":0}
[9/20/2026, 3:56:34 AM.747] [Info] [WorkbuddyEnterpriseModels] enterpriseId: undefined, endpoint: https://copilot.tencent.com
[9/20/2026, 3:56:34 AM.747] [Info] [AgentModelResolver] product config input: 42 models, 18 agents
[9/20/2026, 3:56:34 AM.747] [Info] [AgentModelResolver] model ids: default, deepseek-v4-pro, deepseek-v4-flash, deepseek-v3-2-volc, minimax-m2.5, minimax-m2.7, minimax-m3-play, glm-5.1, glm-5.0, glm-5.0-turbo, glm-5v-turbo, glm-4.7, glm-4.6, glm-4.6v, kimi-k2.6, kimi-k2.5, kimi-k2-thinking, hy3-preview-agent, hunyuan-chat, hunyuan-image-v3.0, auto, hy3-preview, hunyuan-2.0-thinking, deepseek-v3-1-volc, deepseek-v3-1-lkeap, deepseek-v3-1, deepseek-v3-0324-lkeap, deepseek-r1-0528-lkeap, kimi-k2-instruct-taiji, completion-gf, default-1.1, hunyuan-3b, hunyuan-7b-dense, codewise-completions, codewise-rewrite, codewise-nes-a4-027-aide, codewise-jump, deepseek-r1-0528, deepseek-v3-0324-taco-completion, deepseek-v3-0324, default-1.2, hunyuan-2.0-instruct
[9/20/2026, 3:56:34 AM.747] [Info] [AgentModelResolver] agent "cli" original_models=["auto","glm-5v-turbo","glm-5.1","glm-5.0-turbo","glm-5.0","glm-4.7","kimi-k2.5","minimax-m2.7","deepseek-v3-2-volc"] -> resolved_models=["auto","glm-5v-turbo","glm-5.1","glm-5.0-turbo","glm-5.0","glm-4.7","kimi-k2.5","minimax-m2.7","deepseek-v3-2-volc"]
[9/20/2026, 3:56:34 AM.747] [Info] [AgentModelResolver] agent "general-purpose" original_models=undefined -> resolved_models=[]
[9/20/2026, 3:56:34 AM.747] [Info] [AgentModelResolver] agent "compact" original_models=undefined -> resolved_models=[]
[9/20/2026, 3:56:34 AM.747] [Info] [AgentModelResolver] agent "contextSummary" original_models=undefined -> resolved_models=[]
[9/20/2026, 3:56:34 AM.747] [Info] [AgentModelResolver] agent "contentAnalyzer" original_models=undefined -> resolved_models=[]
[9/20/2026, 3:56:34 AM.747] [Info] [AgentModelResolver] agent "terminalTitleGenerator" original_models=undefined -> resolved_models=[]
[9/20/2026, 3:56:34 AM.747] [Info] [AgentModelResolver] agent "promptSuggestion" original_models=undefined -> resolved_models=[]
[9/20/2026, 3:56:34 AM.747] [Info] [AgentModelResolver] agent "memorySelector" original_models=["lite"] -> resolved_models=["lite"]
[9/20/2026, 3:56:34 AM.747] [Info] [AgentModelResolver] agent "summaryGenerator" original_models=undefined -> resolved_models=[]
[9/20/2026, 3:56:34 AM.747] [Info] [AgentModelResolver] agent "autoModeClassifier" original_models=undefined -> resolved_models=[]
[9/20/2026, 3:56:34 AM.747] [Info] [AgentModelResolver] agent "promptHookEvaluator" original_models=["lite"] -> resolved_models=["lite"]
[9/20/2026, 3:56:34 AM.747] [Info] [AgentModelResolver] agent "insightsAnalyzer" original_models=undefined -> resolved_models=[]
[9/20/2026, 3:56:34 AM.747] [Info] [AgentModelResolver] agent "agentInstructions" original_models=undefined -> resolved_models=[]
[9/20/2026, 3:56:34 AM.747] [Info] [AgentModelResolver] agent "statusline-setup" original_models=undefined -> resolved_models=[]
[9/20/2026, 3:56:34 AM.747] [Info] [AgentModelResolver] agent "Explore" original_models=["lite"] -> resolved_models=["lite"]
[9/20/2026, 3:56:34 AM.747] [Info] [AgentModelResolver] agent "Plan" original_models=undefined -> resolved_models=[]
[9/20/2026, 3:56:34 AM.747] [Info] [AgentModelResolver] agent "pulse" original_models=undefined -> resolved_models=[]
[9/20/2026, 3:56:34 AM.747] [Info] [AgentModelResolver] agent "enhance-prompt" original_models=undefined -> resolved_models=[]
[9/20/2026, 3:56:34 AM.750] [Info] [Merge] Step 1 (local + overlay): localModels=42, overlayModels=51, mergedModels=51
[9/20/2026, 3:56:34 AM.750] [Info] [Merge] Step 2 (+enterprise): enterpriseModels=0, totalModels=51
[9/20/2026, 3:56:34 AM.750] [Info] [Merge] Step 3 (+custom): customModels=0, totalModels=51
[9/20/2026, 3:56:34 AM.750] [Info] [Merge] Step 4 (availableModels filter): finalModels=51, cli.models=["auto","hy4-preview-f","hy3","hy3-x","deepseek-v4.1-flash","glm-5.3","glm-5.3-flash","glm-5.2","glm-5.1","glm-5v-turbo","minimax-m3","kimi-k3-1","kimi-k2.8-preview","kimi-k2.7","kimi-k2.6","deepseek-v4-pro"]
[9/20/2026, 3:56:34 AM.834] [Info] [WeixinClawBotClient] pollLoop iteration begin {"iteration":22456,"cursorLen":96}
[9/20/2026, 3:56:35 AM.958] [Info] [CentrifugoClient] Connected successfully
[9/20/2026, 3:56:35 AM.958] [Info] [ClawService] Centrifugo status: connected
[9/20/2026, 3:56:35 AM.963] [Info] [CentrifugoClient] Subscribed to channel: copilot_workbuddy:fdee3d54-95b6-4e9c-aaff-50ad9505aab4_25e526bc70aeedffd6ce569154fcfedd_e76b49539422036c
[9/20/2026, 4:14:03 AM.682] [Info] [CentrifugoClient] Re-subscribing to copilot_workbuddy:fdee3d54-95b6-4e9c-aaff-50ad9505aab4_25e526bc70aeedffd6ce569154fcfedd_e76b49539422036c: transport closed (code: 1)
[9/20/2026, 4:14:03 AM.682] [Info] [CentrifugoClient] Reconnecting: no ping (code: 2)
[9/20/2026, 4:14:03 AM.682] [Info] [ClawService] Centrifugo status: connecting
[9/20/2026, 4:14:03 AM.682] [Info] [WorkbuddyEnterpriseModels] enterpriseId: undefined, endpoint: https://copilot.tencent.com
[9/20/2026, 4:14:03 AM.682] [Info] [AgentModelResolver] product config input: 42 models, 18 agents
[9/20/2026, 4:14:03 AM.682] [Info] [AgentModelResolver] model ids: default, deepseek-v4-pro, deepseek-v4-flash, deepseek-v3-2-volc, minimax-m2.5, minimax-m2.7, minimax-m3-play, glm-5.1, glm-5.0, glm-5.0-turbo, glm-5v-turbo, glm-4.7, glm-4.6, glm-4.6v, kimi-k2.6, kimi-k2.5, kimi-k2-thinking, hy3-preview-agent, hunyuan-chat, hunyuan-image-v3.0, auto, hy3-preview, hunyuan-2.0-thinking, deepseek-v3-1-volc, deepseek-v3-1-lkeap, deepseek-v3-1, deepseek-v3-0324-lkeap, deepseek-r1-0528-lkeap, kimi-k2-instruct-taiji, completion-gf, default-1.1, hunyuan-3b, hunyuan-7b-dense, codewise-completions, codewise-rewrite, codewise-nes-a4-027-aide, codewise-jump, deepseek-r1-0528, deepseek-v3-0324-taco-completion, deepseek-v3-0324, default-1.2, hunyuan-2.0-instruct
[9/20/2026, 4:14:03 AM.682] [Info] [AgentModelResolver] agent "cli" original_models=["auto","glm-5v-turbo","glm-5.1","glm-5.0-turbo","glm-5.0","glm-4.7","kimi-k2.5","minimax-m2.7","deepseek-v3-2-volc"] -> resolved_models=["auto","glm-5v-turbo","glm-5.1","glm-5.0-turbo","glm-5.0","glm-4.7","kimi-k2.5","minimax-m2.7","deepseek-v3-2-volc"]
[9/20/2026, 4:14:03 AM.682] [Info] [AgentModelResolver] agent "general-purpose" original_models=undefined -> resolved_models=[]
[9/20/2026, 4:14:03 AM.682] [Info] [AgentModelResolver] agent "compact" original_models=undefined -> resolved_models=[]
[9/20/2026, 4:14:03 AM.682] [Info] [AgentModelResolver] agent "contextSummary" original_models=undefined -> resolved_models=[]
[9/20/2026, 4:14:03 AM.682] [Info] [AgentModelResolver] agent "contentAnalyzer" original_models=undefined -> resolved_models=[]
[9/20/2026, 4:14:03 AM.682] [Info] [AgentModelResolver] agent "terminalTitleGenerator" original_models=undefined -> resolved_models=[]
[9/20/2026, 4:14:03 AM.682] [Info] [AgentModelResolver] agent "promptSuggestion" original_models=undefined -> resolved_models=[]
[9/20/2026, 4:14:03 AM.682] [Info] [AgentModelResolver] agent "memorySelector" original_models=["lite"] -> resolved_models=["lite"]
[9/20/2026, 4:14:03 AM.682] [Info] [AgentModelResolver] agent "summaryGenerator" original_models=undefined -> resolved_models=[]
[9/20/2026, 4:14:03 AM.682] [Info] [AgentModelResolver] agent "autoModeClassifier" original_models=undefined -> resolved_models=[]
[9/20/2026, 4:14:03 AM.682] [Info] [AgentModelResolver] agent "promptHookEvaluator" original_models=["lite"] -> resolved_models=["lite"]
[9/20/2026, 4:14:03 AM.682] [Info] [AgentModelResolver] agent "insightsAnalyzer" original_models=undefined -> resolved_models=[]
[9/20/2026, 4:14:03 AM.682] [Info] [AgentModelResolver] agent "agentInstructions" original_models=undefined -> resolved_models=[]
[9/20/2026, 4:14:03 AM.682] [Info] [AgentModelResolver] agent "statusline-setup" original_models=undefined -> resolved_models=[]
[9/20/2026, 4:14:03 AM.682] [Info] [AgentModelResolver] agent "Explore" original_models=["lite"] -> resolved_models=["lite"]
[9/20/2026, 4:14:03 AM.682] [Info] [AgentModelResolver] agent "Plan" original_models=undefined -> resolved_models=[]
[9/20/2026, 4:14:03 AM.682] [Info] [AgentModelResolver] agent "pulse" original_models=undefined -> resolved_models=[]
[9/20/2026, 4:14:03 AM.682] [Info] [AgentModelResolver] agent "enhance-prompt" original_models=undefined -> resolved_models=[]
[9/20/2026, 4:14:03 AM.686] [Info] [Merge] Step 1 (local + overlay): localModels=42, overlayModels=51, mergedModels=51
[9/20/2026, 4:14:03 AM.686] [Info] [Merge] Step 2 (+enterprise): enterpriseModels=0, totalModels=51
[9/20/2026, 4:14:03 AM.686] [Info] [Merge] Step 3 (+custom): customModels=0, totalModels=51
[9/20/2026, 4:14:03 AM.686] [Info] [Merge] Step 4 (availableModels filter): finalModels=51, cli.models=["auto","hy4-preview-f","hy3","hy3-x","deepseek-v4.1-flash","glm-5.3","glm-5.3-flash","glm-5.2","glm-5.1","glm-5v-turbo","minimax-m3","kimi-k3-1","kimi-k2.8-preview","kimi-k2.7","kimi-k2.6","deepseek-v4-pro"]
[9/20/2026, 4:14:03 AM.686] [Info] [WeixinClawBotClient] pollLoop getUpdates returned {"iteration":22456,"elapsedMs":1048853,"ret":0,"hasBuf":true,"msgs":0}
[9/20/2026, 4:14:03 AM.687] [Info] [WorkbuddyEnterpriseModels] enterpriseId: undefined, endpoint: https://copilot.tencent.com
[9/20/2026, 4:14:03 AM.687] [Info] [AgentModelResolver] product config input: 42 models, 18 agents
[9/20/2026, 4:14:03 AM.687] [Info] [AgentModelResolver] model ids: default, deepseek-v4-pro, deepseek-v4-flash, deepseek-v3-2-volc, minimax-m2.5, minimax-m2.7, minimax-m3-play, glm-5.1, glm-5.0, glm-5.0-turbo, glm-5v-turbo, glm-4.7, glm-4.6, glm-4.6v, kimi-k2.6, kimi-k2.5, kimi-k2-thinking, hy3-preview-agent, hunyuan-chat, hunyuan-image-v3.0, auto, hy3-preview, hunyuan-2.0-thinking, deepseek-v3-1-volc, deepseek-v3-1-lkeap, deepseek-v3-1, deepseek-v3-0324-lkeap, deepseek-r1-0528-lkeap, kimi-k2-instruct-taiji, completion-gf, default-1.1, hunyuan-3b, hunyuan-7b-dense, codewise-completions, codewise-rewrite, codewise-nes-a4-027-aide, codewise-jump, deepseek-r1-0528, deepseek-v3-0324-taco-completion, deepseek-v3-0324, default-1.2, hunyuan-2.0-instruct
[9/20/2026, 4:14:03 AM.687] [Info] [AgentModelResolver] agent "cli" original_models=["auto","glm-5v-turbo","glm-5.1","glm-5.0-turbo","glm-5.0","glm-4.7","kimi-k2.5","minimax-m2.7","deepseek-v3-2-volc"] -> resolved_models=["auto","glm-5v-turbo","glm-5.1","glm-5.0-turbo","glm-5.0","glm-4.7","kimi-k2.5","minimax-m2.7","deepseek-v3-2-volc"]
[9/20/2026, 4:14:03 AM.687] [Info] [AgentModelResolver] agent "general-purpose" original_models=undefined -> resolved_models=[]
[9/20/2026, 4:14:03 AM.687] [Info] [AgentModelResolver] agent "compact" original_models=undefined -> resolved_models=[]
[9/20/2026, 4:14:03 AM.687] [Info] [AgentModelResolver] agent "contextSummary" original_models=undefined -> resolved_models=[]
[9/20/2026, 4:14:03 AM.687] [Info] [AgentModelResolver] agent "contentAnalyzer" original_models=undefined -> resolved_models=[]
[9/20/2026, 4:14:03 AM.687] [Info] [AgentModelResolver] agent "terminalTitleGenerator" original_models=undefined -> resolved_models=[]
[9/20/2026, 4:14:03 AM.687] [Info] [AgentModelResolver] agent "promptSuggestion" original_models=undefined -> resolved_models=[]
[9/20/2026, 4:14:03 AM.687] [Info] [AgentModelResolver] agent "memorySelector" original_models=["lite"] -> resolved_models=["lite"]
[9/20/2026, 4:14:03 AM.687] [Info] [AgentModelResolver] agent "summaryGenerator" original_models=undefined -> resolved_models=[]
[9/20/2026, 4:14:03 AM.687] [Info] [AgentModelResolver] agent "autoModeClassifier" original_models=undefined -> resolved_models=[]
[9/20/2026, 4:14:03 AM.687] [Info] [AgentModelResolver] agent "promptHookEvaluator" original_models=["lite"] -> resolved_models=["lite"]
[9/20/2026, 4:14:03 AM.687] [Info] [AgentModelResolver] agent "insightsAnalyzer" original_models=undefined -> resolved_models=[]
[9/20/2026, 4:14:03 AM.687] [Info] [AgentModelResolver] agent "agentInstructions" original_models=undefined -> resolved_models=[]
[9/20/2026, 4:14:03 AM.687] [Info] [AgentModelResolver] agent "statusline-setup" original_models=undefined -> resolved_models=[]
[9/20/2026, 4:14:03 AM.687] [Info] [AgentModelResolver] agent "Explore" original_models=["lite"] -> resolved_models=["lite"]
[9/20/2026, 4:14:03 AM.687] [Info] [AgentModelResolver] agent "Plan" original_models=undefined -> resolved_models=[]
[9/20/2026, 4:14:03 AM.687] [Info] [AgentModelResolver] agent "pulse" original_models=undefined -> resolved_models=[]
[9/20/2026, 4:14:03 AM.687] [Info] [AgentModelResolver] agent "enhance-prompt" original_models=undefined -> resolved_models=[]
[9/20/2026, 4:14:03 AM.701] [Info] [Merge] Step 1 (local + overlay): localModels=42, overlayModels=51, mergedModels=51
[9/20/2026, 4:14:03 AM.701] [Info] [Merge] Step 2 (+enterprise): enterpriseModels=0, totalModels=51
[9/20/2026, 4:14:03 AM.701] [Info] [Merge] Step 3 (+custom): customModels=0, totalModels=51
[9/20/2026, 4:14:03 AM.701] [Info] [Merge] Step 4 (availableModels filter): finalModels=51, cli.models=["auto","hy4-preview-f","hy3","hy3-x","deepseek-v4.1-flash","glm-5.3","glm-5.3-flash","glm-5.2","glm-5.1","glm-5v-turbo","minimax-m3","kimi-k3-1","kimi-k2.8-preview","kimi-k2.7","kimi-k2.6","deepseek-v4-pro"]
[9/20/2026, 4:14:03 AM.775] [Info] [WeixinClawBotClient] pollLoop iteration begin {"iteration":22457,"cursorLen":96}
[9/20/2026, 4:14:04 AM.456] [Info] [CentrifugoClient] Connected successfully
[9/20/2026, 4:14:04 AM.456] [Info] [ClawService] Centrifugo status: connected
[9/20/2026, 4:14:04 AM.463] [Info] [CentrifugoClient] Subscribed to channel: copilot_workbuddy:fdee3d54-95b6-4e9c-aaff-50ad9505aab4_25e526bc70aeedffd6ce569154fcfedd_e76b49539422036c
[9/20/2026, 4:29:27 AM.402] [Info] [CentrifugoClient] Re-subscribing to copilot_workbuddy:fdee3d54-95b6-4e9c-aaff-50ad9505aab4_25e526bc70aeedffd6ce569154fcfedd_e76b49539422036c: transport closed (code: 1)
[9/20/2026, 4:29:27 AM.402] [Info] [CentrifugoClient] Reconnecting: no ping (code: 2)
[9/20/2026, 4:29:27 AM.402] [Info] [ClawService] Centrifugo status: connecting
[9/20/2026, 4:29:27 AM.403] [Info] [WorkbuddyEnterpriseModels] enterpriseId: undefined, endpoint: https://copilot.tencent.com
[9/20/2026, 4:29:27 AM.403] [Info] [AgentModelResolver] product config input: 42 models, 18 agents
[9/20/2026, 4:29:27 AM.403] [Info] [AgentModelResolver] model ids: default, deepseek-v4-pro, deepseek-v4-flash, deepseek-v3-2-volc, minimax-m2.5, minimax-m2.7, minimax-m3-play, glm-5.1, glm-5.0, glm-5.0-turbo, glm-5v-turbo, glm-4.7, glm-4.6, glm-4.6v, kimi-k2.6, kimi-k2.5, kimi-k2-thinking, hy3-preview-agent, hunyuan-chat, hunyuan-image-v3.0, auto, hy3-preview, hunyuan-2.0-thinking, deepseek-v3-1-volc, deepseek-v3-1-lkeap, deepseek-v3-1, deepseek-v3-0324-lkeap, deepseek-r1-0528-lkeap, kimi-k2-instruct-taiji, completion-gf, default-1.1, hunyuan-3b, hunyuan-7b-dense, codewise-completions, codewise-rewrite, codewise-nes-a4-027-aide, codewise-jump, deepseek-r1-0528, deepseek-v3-0324-taco-completion, deepseek-v3-0324, default-1.2, hunyuan-2.0-instruct
[9/20/2026, 4:29:27 AM.403] [Info] [AgentModelResolver] agent "cli" original_models=["auto","glm-5v-turbo","glm-5.1","glm-5.0-turbo","glm-5.0","glm-4.7","kimi-k2.5","minimax-m2.7","deepseek-v3-2-volc"] -> resolved_models=["auto","glm-5v-turbo","glm-5.1","glm-5.0-turbo","glm-5.0","glm-4.7","kimi-k2.5","minimax-m2.7","deepseek-v3-2-volc"]
[9/20/2026, 4:29:27 AM.403] [Info] [AgentModelResolver] agent "general-purpose" original_models=undefined -> resolved_models=[]
[9/20/2026, 4:29:27 AM.403] [Info] [AgentModelResolver] agent "compact" original_models=undefined -> resolved_models=[]
[9/20/2026, 4:29:27 AM.403] [Info] [AgentModelResolver] agent "contextSummary" original_models=undefined -> resolved_models=[]
[9/20/2026, 4:29:27 AM.403] [Info] [AgentModelResolver] agent "contentAnalyzer" original_models=undefined -> resolved_models=[]
[9/20/2026, 4:29:27 AM.403] [Info] [AgentModelResolver] agent "terminalTitleGenerator" original_models=undefined -> resolved_models=[]
[9/20/2026, 4:29:27 AM.403] [Info] [AgentModelResolver] agent "promptSuggestion" original_models=undefined -> resolved_models=[]
[9/20/2026, 4:29:27 AM.403] [Info] [AgentModelResolver] agent "memorySelector" original_models=["lite"] -> resolved_models=["lite"]
[9/20/2026, 4:29:27 AM.403] [Info] [AgentModelResolver] agent "summaryGenerator" original_models=undefined -> resolved_models=[]
[9/20/2026, 4:29:27 AM.403] [Info] [AgentModelResolver] agent "autoModeClassifier" original_models=undefined -> resolved_models=[]
[9/20/2026, 4:29:27 AM.403] [Info] [AgentModelResolver] agent "promptHookEvaluator" original_models=["lite"] -> resolved_models=["lite"]
[9/20/2026, 4:29:27 AM.403] [Info] [AgentModelResolver] agent "insightsAnalyzer" original_models=undefined -> resolved_models=[]
[9/20/2026, 4:29:27 AM.403] [Info] [AgentModelResolver] agent "agentInstructions" original_models=undefined -> resolved_models=[]
[9/20/2026, 4:29:27 AM.403] [Info] [AgentModelResolver] agent "statusline-setup" original_models=undefined -> resolved_models=[]
[9/20/2026, 4:29:27 AM.403] [Info] [AgentModelResolver] agent "Explore" original_models=["lite"] -> resolved_models=["lite"]
[9/20/2026, 4:29:27 AM.403] [Info] [AgentModelResolver] agent "Plan" original_models=undefined -> resolved_models=[]
[9/20/2026, 4:29:27 AM.403] [Info] [AgentModelResolver] agent "pulse" original_models=undefined -> resolved_models=[]
[9/20/2026, 4:29:27 AM.403] [Info] [AgentModelResolver] agent "enhance-prompt" original_models=undefined -> resolved_models=[]
[9/20/2026, 4:29:27 AM.405] [Info] [Merge] Step 1 (local + overlay): localModels=42, overlayModels=51, mergedModels=51
[9/20/2026, 4:29:27 AM.405] [Info] [Merge] Step 2 (+enterprise): enterpriseModels=0, totalModels=51
[9/20/2026, 4:29:27 AM.405] [Info] [Merge] Step 3 (+custom): customModels=0, totalModels=51
[9/20/2026, 4:29:27 AM.405] [Info] [Merge] Step 4 (availableModels filter): finalModels=51, cli.models=["auto","hy4-preview-f","hy3","hy3-x","deepseek-v4.1-flash","glm-5.3","glm-5.3-flash","glm-5.2","glm-5.1","glm-5v-turbo","minimax-m3","kimi-k3-1","kimi-k2.8-preview","kimi-k2.7","kimi-k2.6","deepseek-v4-pro"]
[9/20/2026, 4:29:27 AM.406] [Info] [WeixinClawBotClient] pollLoop getUpdates returned {"iteration":22457,"elapsedMs":923631,"ret":0,"hasBuf":true,"msgs":0}
[9/20/2026, 4:29:27 AM.406] [Info] [WorkbuddyEnterpriseModels] enterpriseId: undefined, endpoint: https://copilot.tencent.com
[9/20/2026, 4:29:27 AM.407] [Info] [AgentModelResolver] product config input: 42 models, 18 agents
[9/20/2026, 4:29:27 AM.407] [Info] [AgentModelResolver] model ids: default, deepseek-v4-pro, deepseek-v4-flash, deepseek-v3-2-volc, minimax-m2.5, minimax-m2.7, minimax-m3-play, glm-5.1, glm-5.0, glm-5.0-turbo, glm-5v-turbo, glm-4.7, glm-4.6, glm-4.6v, kimi-k2.6, kimi-k2.5, kimi-k2-thinking, hy3-preview-agent, hunyuan-chat, hunyuan-image-v3.0, auto, hy3-preview, hunyuan-2.0-thinking, deepseek-v3-1-volc, deepseek-v3-1-lkeap, deepseek-v3-1, deepseek-v3-0324-lkeap, deepseek-r1-0528-lkeap, kimi-k2-instruct-taiji, completion-gf, default-1.1, hunyuan-3b, hunyuan-7b-dense, codewise-completions, codewise-rewrite, codewise-nes-a4-027-aide, codewise-jump, deepseek-r1-0528, deepseek-v3-0324-taco-completion, deepseek-v3-0324, default-1.2, hunyuan-2.0-instruct
[9/20/2026, 4:29:27 AM.407] [Info] [AgentModelResolver] agent "cli" original_models=["auto","glm-5v-turbo","glm-5.1","glm-5.0-turbo","glm-5.0","glm-4.7","kimi-k2.5","minimax-m2.7","deepseek-v3-2-volc"] -> resolved_models=["auto","glm-5v-turbo","glm-5.1","glm-5.0-turbo","glm-5.0","glm-4.7","kimi-k2.5","minimax-m2.7","deepseek-v3-2-volc"]
[9/20/2026, 4:29:27 AM.407] [Info] [AgentModelResolver] agent "general-purpose" original_models=undefined -> resolved_models=[]
[9/20/2026, 4:29:27 AM.407] [Info] [AgentModelResolver] agent "compact" original_models=undefined -> resolved_models=[]
[9/20/2026, 4:29:27 AM.407] [Info] [AgentModelResolver] agent "contextSummary" original_models=undefined -> resolved_models=[]
[9/20/2026, 4:29:27 AM.407] [Info] [AgentModelResolver] agent "contentAnalyzer" original_models=undefined -> resolved_models=[]
[9/20/2026, 4:29:27 AM.407] [Info] [AgentModelResolver] agent "terminalTitleGenerator" original_models=undefined -> resolved_models=[]
[9/20/2026, 4:29:27 AM.407] [Info] [AgentModelResolver] agent "promptSuggestion" original_models=undefined -> resolved_models=[]
[9/20/2026, 4:29:27 AM.407] [Info] [AgentModelResolver] agent "memorySelector" original_models=["lite"] -> resolved_models=["lite"]
[9/20/2026, 4:29:27 AM.407] [Info] [AgentModelResolver] agent "summaryGenerator" original_models=undefined -> resolved_models=[]
[9/20/2026, 4:29:27 AM.407] [Info] [AgentModelResolver] agent "autoModeClassifier" original_models=undefined -> resolved_models=[]
[9/20/2026, 4:29:27 AM.407] [Info] [AgentModelResolver] agent "promptHookEvaluator" original_models=["lite"] -> resolved_models=["lite"]
[9/20/2026, 4:29:27 AM.407] [Info] [AgentModelResolver] agent "insightsAnalyzer" original_models=undefined -> resolved_models=[]
[9/20/2026, 4:29:27 AM.407] [Info] [AgentModelResolver] agent "agentInstructions" original_models=undefined -> resolved_models=[]
[9/20/2026, 4:29:27 AM.407] [Info] [AgentModelResolver] agent "statusline-setup" original_models=undefined -> resolved_models=[]
[9/20/2026, 4:29:27 AM.407] [Info] [AgentModelResolver] agent "Explore" original_models=["lite"] -> resolved_models=["lite"]
[9/20/2026, 4:29:27 AM.407] [Info] [AgentModelResolver] agent "Plan" original_models=undefined -> resolved_models=[]
[9/20/2026, 4:29:27 AM.407] [Info] [AgentModelResolver] agent "pulse" original_models=undefined -> resolved_models=[]
[9/20/2026, 4:29:27 AM.407] [Info] [AgentModelResolver] agent "enhance-prompt" original_models=undefined -> resolved_models=[]
[9/20/2026, 4:29:27 AM.409] [Info] [Merge] Step 1 (local + overlay): localModels=42, overlayModels=51, mergedModels=51
[9/20/2026, 4:29:27 AM.409] [Info] [Merge] Step 2 (+enterprise): enterpriseModels=0, totalModels=51
[9/20/2026, 4:29:27 AM.409] [Info] [Merge] Step 3 (+custom): customModels=0, totalModels=51
[9/20/2026, 4:29:27 AM.409] [Info] [Merge] Step 4 (availableModels filter): finalModels=51, cli.models=["auto","hy4-preview-f","hy3","hy3-x","deepseek-v4.1-flash","glm-5.3","glm-5.3-flash","glm-5.2","glm-5.1","glm-5v-turbo","minimax-m3","kimi-k3-1","kimi-k2.8-preview","kimi-k2.7","kimi-k2.6","deepseek-v4-pro"]
[9/20/2026, 4:29:27 AM.485] [Info] [WeixinClawBotClient] pollLoop iteration begin {"iteration":22458,"cursorLen":96}
[9/20/2026, 4:29:28 AM.586] [Info] [CentrifugoClient] Connected successfully
[9/20/2026, 4:29:28 AM.586] [Info] [ClawService] Centrifugo status: connected
[9/20/2026, 4:29:28 AM.587] [Info] [CentrifugoClient] Subscribed to channel: copilot_workbuddy:fdee3d54-95b6-4e9c-aaff-50ad9505aab4_25e526bc70aeedffd6ce569154fcfedd_e76b49539422036c
[9/20/2026, 4:33:55 AM.483] [Info] [CentrifugoClient] Re-subscribing to copilot_workbuddy:fdee3d54-95b6-4e9c-aaff-50ad9505aab4_25e526bc70aeedffd6ce569154fcfedd_e76b49539422036c: transport closed (code: 1)
[9/20/2026, 4:33:55 AM.483] [Info] [CentrifugoClient] Reconnecting: no ping (code: 2)
[9/20/2026, 4:33:55 AM.483] [Info] [ClawService] Centrifugo status: connecting
[9/20/2026, 4:33:55 AM.483] [Info] [WeixinClawBotClient] pollLoop getUpdates returned {"iteration":22458,"elapsedMs":267998,"ret":0,"hasBuf":true,"msgs":0}
[9/20/2026, 4:33:55 AM.526] [Info] [WeixinClawBotClient] pollLoop iteration begin {"iteration":22459,"cursorLen":96}
[9/20/2026, 4:33:56 AM.656] [Info] [CentrifugoClient] Connected successfully
[9/20/2026, 4:33:56 AM.656] [Info] [ClawService] Centrifugo status: connected
[9/20/2026, 4:33:56 AM.656] [Info] [CentrifugoClient] Subscribed to channel: copilot_workbuddy:fdee3d54-95b6-4e9c-aaff-50ad9505aab4_25e526bc70aeedffd6ce569154fcfedd_e76b49539422036c
[9/20/2026, 4:50:37 AM.486] [Info] [CentrifugoClient] Re-subscribing to copilot_workbuddy:fdee3d54-95b6-4e9c-aaff-50ad9505aab4_25e526bc70aeedffd6ce569154fcfedd_e76b49539422036c: transport closed (code: 1)
[9/20/2026, 4:50:37 AM.486] [Info] [CentrifugoClient] Reconnecting: no ping (code: 2)
[9/20/2026, 4:50:37 AM.486] [Info] [ClawService] Centrifugo status: connecting
[9/20/2026, 4:50:37 AM.487] [Info] [WorkbuddyEnterpriseModels] enterpriseId: undefined, endpoint: https://copilot.tencent.com
[9/20/2026, 4:50:37 AM.487] [Info] [AgentModelResolver] product config input: 42 models, 18 agents
[9/20/2026, 4:50:37 AM.487] [Info] [AgentModelResolver] model ids: default, deepseek-v4-pro, deepseek-v4-flash, deepseek-v3-2-volc, minimax-m2.5, minimax-m2.7, minimax-m3-play, glm-5.1, glm-5.0, glm-5.0-turbo, glm-5v-turbo, glm-4.7, glm-4.6, glm-4.6v, kimi-k2.6, kimi-k2.5, kimi-k2-thinking, hy3-preview-agent, hunyuan-chat, hunyuan-image-v3.0, auto, hy3-preview, hunyuan-2.0-thinking, deepseek-v3-1-volc, deepseek-v3-1-lkeap, deepseek-v3-1, deepseek-v3-0324-lkeap, deepseek-r1-0528-lkeap, kimi-k2-instruct-taiji, completion-gf, default-1.1, hunyuan-3b, hunyuan-7b-dense, codewise-completions, codewise-rewrite, codewise-nes-a4-027-aide, codewise-jump, deepseek-r1-0528, deepseek-v3-0324-taco-completion, deepseek-v3-0324, default-1.2, hunyuan-2.0-instruct
[9/20/2026, 4:50:37 AM.487] [Info] [AgentModelResolver] agent "cli" original_models=["auto","glm-5v-turbo","glm-5.1","glm-5.0-turbo","glm-5.0","glm-4.7","kimi-k2.5","minimax-m2.7","deepseek-v3-2-volc"] -> resolved_models=["auto","glm-5v-turbo","glm-5.1","glm-5.0-turbo","glm-5.0","glm-4.7","kimi-k2.5","minimax-m2.7","deepseek-v3-2-volc"]
[9/20/2026, 4:50:37 AM.487] [Info] [AgentModelResolver] agent "general-purpose" original_models=undefined -> resolved_models=[]
[9/20/2026, 4:50:37 AM.487] [Info] [AgentModelResolver] agent "compact" original_models=undefined -> resolved_models=[]
[9/20/2026, 4:50:37 AM.487] [Info] [AgentModelResolver] agent "contextSummary" original_models=undefined -> resolved_models=[]
[9/20/2026, 4:50:37 AM.487] [Info] [AgentModelResolver] agent "contentAnalyzer" original_models=undefined -> resolved_models=[]
[9/20/2026, 4:50:37 AM.487] [Info] [AgentModelResolver] agent "terminalTitleGenerator" original_models=undefined -> resolved_models=[]
[9/20/2026, 4:50:37 AM.487] [Info] [AgentModelResolver] agent "promptSuggestion" original_models=undefined -> resolved_models=[]
[9/20/2026, 4:50:37 AM.487] [Info] [AgentModelResolver] agent "memorySelector" original_models=["lite"] -> resolved_models=["lite"]
[9/20/2026, 4:50:37 AM.487] [Info] [AgentModelResolver] agent "summaryGenerator" original_models=undefined -> resolved_models=[]
[9/20/2026, 4:50:37 AM.487] [Info] [AgentModelResolver] agent "autoModeClassifier" original_models=undefined -> resolved_models=[]
[9/20/2026, 4:50:37 AM.487] [Info] [AgentModelResolver] agent "promptHookEvaluator" original_models=["lite"] -> resolved_models=["lite"]
[9/20/2026, 4:50:37 AM.487] [Info] [AgentModelResolver] agent "insightsAnalyzer" original_models=undefined -> resolved_models=[]
[9/20/2026, 4:50:37 AM.487] [Info] [AgentModelResolver] agent "agentInstructions" original_models=undefined -> resolved_models=[]
[9/20/2026, 4:50:37 AM.487] [Info] [AgentModelResolver] agent "statusline-setup" original_models=undefined -> resolved_models=[]
[9/20/2026, 4:50:37 AM.487] [Info] [AgentModelResolver] agent "Explore" original_models=["lite"] -> resolved_models=["lite"]
[9/20/2026, 4:50:37 AM.487] [Info] [AgentModelResolver] agent "Plan" original_models=undefined -> resolved_models=[]
[9/20/2026, 4:50:37 AM.487] [Info] [AgentModelResolver] agent "pulse" original_models=undefined -> resolved_models=[]
[9/20/2026, 4:50:37 AM.487] [Info] [AgentModelResolver] agent "enhance-prompt" original_models=undefined -> resolved_models=[]
[9/20/2026, 4:50:37 AM.501] [Info] [Merge] Step 1 (local + overlay): localModels=42, overlayModels=51, mergedModels=51
[9/20/2026, 4:50:37 AM.501] [Info] [Merge] Step 2 (+enterprise): enterpriseModels=0, totalModels=51
[9/20/2026, 4:50:37 AM.501] [Info] [Merge] Step 3 (+custom): customModels=0, totalModels=51
[9/20/2026, 4:50:37 AM.501] [Info] [Merge] Step 4 (availableModels filter): finalModels=51, cli.models=["auto","hy4-preview-f","hy3","hy3-x","deepseek-v4.1-flash","glm-5.3","glm-5.3-flash","glm-5.2","glm-5.1","glm-5v-turbo","minimax-m3","kimi-k3-1","kimi-k2.8-preview","kimi-k2.7","kimi-k2.6","deepseek-v4-pro"]
[9/20/2026, 4:50:37 AM.501] [Info] [WeixinClawBotClient] pollLoop getUpdates returned {"iteration":22459,"elapsedMs":1001975,"ret":0,"hasBuf":true,"msgs":0}
[9/20/2026, 4:50:37 AM.502] [Info] [WorkbuddyEnterpriseModels] enterpriseId: undefined, endpoint: https://copilot.tencent.com
[9/20/2026, 4:50:37 AM.502] [Info] [AgentModelResolver] product config input: 42 models, 18 agents
[9/20/2026, 4:50:37 AM.502] [Info] [AgentModelResolver] model ids: default, deepseek-v4-pro, deepseek-v4-flash, deepseek-v3-2-volc, minimax-m2.5, minimax-m2.7, minimax-m3-play, glm-5.1, glm-5.0, glm-5.0-turbo, glm-5v-turbo, glm-4.7, glm-4.6, glm-4.6v, kimi-k2.6, kimi-k2.5, kimi-k2-thinking, hy3-preview-agent, hunyuan-chat, hunyuan-image-v3.0, auto, hy3-preview, hunyuan-2.0-thinking, deepseek-v3-1-volc, deepseek-v3-1-lkeap, deepseek-v3-1, deepseek-v3-0324-lkeap, deepseek-r1-0528-lkeap, kimi-k2-instruct-taiji, completion-gf, default-1.1, hunyuan-3b, hunyuan-7b-dense, codewise-completions, codewise-rewrite, codewise-nes-a4-027-aide, codewise-jump, deepseek-r1-0528, deepseek-v3-0324-taco-completion, deepseek-v3-0324, default-1.2, hunyuan-2.0-instruct
[9/20/2026, 4:50:37 AM.502] [Info] [AgentModelResolver] agent "cli" original_models=["auto","glm-5v-turbo","glm-5.1","glm-5.0-turbo","glm-5.0","glm-4.7","kimi-k2.5","minimax-m2.7","deepseek-v3-2-volc"] -> resolved_models=["auto","glm-5v-turbo","glm-5.1","glm-5.0-turbo","glm-5.0","glm-4.7","kimi-k2.5","minimax-m2.7","deepseek-v3-2-volc"]
[9/20/2026, 4:50:37 AM.502] [Info] [AgentModelResolver] agent "general-purpose" original_models=undefined -> resolved_models=[]
[9/20/2026, 4:50:37 AM.502] [Info] [AgentModelResolver] agent "compact" original_models=undefined -> resolved_models=[]
[9/20/2026, 4:50:37 AM.502] [Info] [AgentModelResolver] agent "contextSummary" original_models=undefined -> resolved_models=[]
[9/20/2026, 4:50:37 AM.502] [Info] [AgentModelResolver] agent "contentAnalyzer" original_models=undefined -> resolved_models=[]
[9/20/2026, 4:50:37 AM.502] [Info] [AgentModelResolver] agent "terminalTitleGenerator" original_models=undefined -> resolved_models=[]
[9/20/2026, 4:50:37 AM.502] [Info] [AgentModelResolver] agent "promptSuggestion" original_models=undefined -> resolved_models=[]
[9/20/2026, 4:50:37 AM.502] [Info] [AgentModelResolver] agent "memorySelector" original_models=["lite"] -> resolved_models=["lite"]
[9/20/2026, 4:50:37 AM.502] [Info] [AgentModelResolver] agent "summaryGenerator" original_models=undefined -> resolved_models=[]
[9/20/2026, 4:50:37 AM.502] [Info] [AgentModelResolver] agent "autoModeClassifier" original_models=undefined -> resolved_models=[]
[9/20/2026, 4:50:37 AM.502] [Info] [AgentModelResolver] agent "promptHookEvaluator" original_models=["lite"] -> resolved_models=["lite"]
[9/20/2026, 4:50:37 AM.502] [Info] [AgentModelResolver] agent "insightsAnalyzer" original_models=undefined -> resolved_models=[]
[9/20/2026, 4:50:37 AM.502] [Info] [AgentModelResolver] agent "agentInstructions" original_models=undefined -> resolved_models=[]
[9/20/2026, 4:50:37 AM.502] [Info] [AgentModelResolver] agent "statusline-setup" original_models=undefined -> resolved_models=[]
[9/20/2026, 4:50:37 AM.502] [Info] [AgentModelResolver] agent "Explore" original_models=["lite"] -> resolved_models=["lite"]
[9/20/2026, 4:50:37 AM.502] [Info] [AgentModelResolver] agent "Plan" original_models=undefined -> resolved_models=[]
[9/20/2026, 4:50:37 AM.502] [Info] [AgentModelResolver] agent "pulse" original_models=undefined -> resolved_models=[]
[9/20/2026, 4:50:37 AM.502] [Info] [AgentModelResolver] agent "enhance-prompt" original_models=undefined -> resolved_models=[]
[9/20/2026, 4:50:37 AM.507] [Info] [Merge] Step 1 (local + overlay): localModels=42, overlayModels=51, mergedModels=51
[9/20/2026, 4:50:37 AM.507] [Info] [Merge] Step 2 (+enterprise): enterpriseModels=0, totalModels=51
[9/20/2026, 4:50:37 AM.507] [Info] [Merge] Step 3 (+custom): customModels=0, totalModels=51
[9/20/2026, 4:50:37 AM.507] [Info] [Merge] Step 4 (availableModels filter): finalModels=51, cli.models=["auto","hy4-preview-f","hy3","hy3-x","deepseek-v4.1-flash","glm-5.3","glm-5.3-flash","glm-5.2","glm-5.1","glm-5v-turbo","minimax-m3","kimi-k3-1","kimi-k2.8-preview","kimi-k2.7","kimi-k2.6","deepseek-v4-pro"]
[9/20/2026, 4:50:37 AM.598] [Info] [WeixinClawBotClient] pollLoop iteration begin {"iteration":22460,"cursorLen":96}
[9/20/2026, 4:50:38 AM.443] [Info] [CentrifugoClient] Connected successfully
[9/20/2026, 4:50:38 AM.443] [Info] [ClawService] Centrifugo status: connected
[9/20/2026, 4:50:38 AM.450] [Info] [CentrifugoClient] Subscribed to channel: copilot_workbuddy:fdee3d54-95b6-4e9c-aaff-50ad9505aab4_25e526bc70aeedffd6ce569154fcfedd_e76b49539422036c
[9/20/2026, 5:08:21 AM.522] [Info] [CentrifugoClient] Re-subscribing to copilot_workbuddy:fdee3d54-95b6-4e9c-aaff-50ad9505aab4_25e526bc70aeedffd6ce569154fcfedd_e76b49539422036c: transport closed (code: 1)
[9/20/2026, 5:08:21 AM.522] [Info] [CentrifugoClient] Reconnecting: no ping (code: 2)
[9/20/2026, 5:08:21 AM.522] [Info] [ClawService] Centrifugo status: connecting
[9/20/2026, 5:08:21 AM.522] [Info] [WorkbuddyEnterpriseModels] enterpriseId: undefined, endpoint: https://copilot.tencent.com
[9/20/2026, 5:08:21 AM.522] [Info] [AgentModelResolver] product config input: 42 models, 18 agents
[9/20/2026, 5:08:21 AM.522] [Info] [AgentModelResolver] model ids: default, deepseek-v4-pro, deepseek-v4-flash, deepseek-v3-2-volc, minimax-m2.5, minimax-m2.7, minimax-m3-play, glm-5.1, glm-5.0, glm-5.0-turbo, glm-5v-turbo, glm-4.7, glm-4.6, glm-4.6v, kimi-k2.6, kimi-k2.5, kimi-k2-thinking, hy3-preview-agent, hunyuan-chat, hunyuan-image-v3.0, auto, hy3-preview, hunyuan-2.0-thinking, deepseek-v3-1-volc, deepseek-v3-1-lkeap, deepseek-v3-1, deepseek-v3-0324-lkeap, deepseek-r1-0528-lkeap, kimi-k2-instruct-taiji, completion-gf, default-1.1, hunyuan-3b, hunyuan-7b-dense, codewise-completions, codewise-rewrite, codewise-nes-a4-027-aide, codewise-jump, deepseek-r1-0528, deepseek-v3-0324-taco-completion, deepseek-v3-0324, default-1.2, hunyuan-2.0-instruct
[9/20/2026, 5:08:21 AM.522] [Info] [AgentModelResolver] agent "cli" original_models=["auto","glm-5v-turbo","glm-5.1","glm-5.0-turbo","glm-5.0","glm-4.7","kimi-k2.5","minimax-m2.7","deepseek-v3-2-volc"] -> resolved_models=["auto","glm-5v-turbo","glm-5.1","glm-5.0-turbo","glm-5.0","glm-4.7","kimi-k2.5","minimax-m2.7","deepseek-v3-2-volc"]
[9/20/2026, 5:08:21 AM.522] [Info] [AgentModelResolver] agent "general-purpose" original_models=undefined -> resolved_models=[]
[9/20/2026, 5:08:21 AM.522] [Info] [AgentModelResolver] agent "compact" original_models=undefined -> resolved_models=[]
[9/20/2026, 5:08:21 AM.522] [Info] [AgentModelResolver] agent "contextSummary" original_models=undefined -> resolved_models=[]
[9/20/2026, 5:08:21 AM.522] [Info] [AgentModelResolver] agent "contentAnalyzer" original_models=undefined -> resolved_models=[]
[9/20/2026, 5:08:21 AM.522] [Info] [AgentModelResolver] agent "terminalTitleGenerator" original_models=undefined -> resolved_models=[]
[9/20/2026, 5:08:21 AM.522] [Info] [AgentModelResolver] agent "promptSuggestion" original_models=undefined -> resolved_models=[]
[9/20/2026, 5:08:21 AM.522] [Info] [AgentModelResolver] agent "memorySelector" original_models=["lite"] -> resolved_models=["lite"]
[9/20/2026, 5:08:21 AM.522] [Info] [AgentModelResolver] agent "summaryGenerator" original_models=undefined -> resolved_models=[]
[9/20/2026, 5:08:21 AM.522] [Info] [AgentModelResolver] agent "autoModeClassifier" original_models=undefined -> resolved_models=[]
[9/20/2026, 5:08:21 AM.522] [Info] [AgentModelResolver] agent "promptHookEvaluator" original_models=["lite"] -> resolved_models=["lite"]
[9/20/2026, 5:08:21 AM.522] [Info] [AgentModelResolver] agent "insightsAnalyzer" original_models=undefined -> resolved_models=[]
[9/20/2026, 5:08:21 AM.522] [Info] [AgentModelResolver] agent "agentInstructions" original_models=undefined -> resolved_models=[]
[9/20/2026, 5:08:21 AM.522] [Info] [AgentModelResolver] agent "statusline-setup" original_models=undefined -> resolved_models=[]
[9/20/2026, 5:08:21 AM.522] [Info] [AgentModelResolver] agent "Explore" original_models=["lite"] -> resolved_models=["lite"]
[9/20/2026, 5:08:21 AM.522] [Info] [AgentModelResolver] agent "Plan" original_models=undefined -> resolved_models=[]
[9/20/2026, 5:08:21 AM.522] [Info] [AgentModelResolver] agent "pulse" original_models=undefined -> resolved_models=[]
[9/20/2026, 5:08:21 AM.522] [Info] [AgentModelResolver] agent "enhance-prompt" original_models=undefined -> resolved_models=[]
[9/20/2026, 5:08:21 AM.525] [Info] [Merge] Step 1 (local + overlay): localModels=42, overlayModels=51, mergedModels=51
[9/20/2026, 5:08:21 AM.525] [Info] [Merge] Step 2 (+enterprise): enterpriseModels=0, totalModels=51
[9/20/2026, 5:08:21 AM.525] [Info] [Merge] Step 3 (+custom): customModels=0, totalModels=51
[9/20/2026, 5:08:21 AM.525] [Info] [Merge] Step 4 (availableModels filter): finalModels=51, cli.models=["auto","hy4-preview-f","hy3","hy3-x","deepseek-v4.1-flash","glm-5.3","glm-5.3-flash","glm-5.2","glm-5.1","glm-5v-turbo","minimax-m3","kimi-k3-1","kimi-k2.8-preview","kimi-k2.7","kimi-k2.6","deepseek-v4-pro"]
[9/20/2026, 5:08:21 AM.526] [Info] [WeixinClawBotClient] pollLoop getUpdates returned {"iteration":22460,"elapsedMs":1063928,"ret":0,"hasBuf":true,"msgs":0}
[9/20/2026, 5:08:21 AM.526] [Info] [WorkbuddyEnterpriseModels] enterpriseId: undefined, endpoint: https://copilot.tencent.com
[9/20/2026, 5:08:21 AM.527] [Info] [AgentModelResolver] product config input: 42 models, 18 agents
[9/20/2026, 5:08:21 AM.527] [Info] [AgentModelResolver] model ids: default, deepseek-v4-pro, deepseek-v4-flash, deepseek-v3-2-volc, minimax-m2.5, minimax-m2.7, minimax-m3-play, glm-5.1, glm-5.0, glm-5.0-turbo, glm-5v-turbo, glm-4.7, glm-4.6, glm-4.6v, kimi-k2.6, kimi-k2.5, kimi-k2-thinking, hy3-preview-agent, hunyuan-chat, hunyuan-image-v3.0, auto, hy3-preview, hunyuan-2.0-thinking, deepseek-v3-1-volc, deepseek-v3-1-lkeap, deepseek-v3-1, deepseek-v3-0324-lkeap, deepseek-r1-0528-lkeap, kimi-k2-instruct-taiji, completion-gf, default-1.1, hunyuan-3b, hunyuan-7b-dense, codewise-completions, codewise-rewrite, codewise-nes-a4-027-aide, codewise-jump, deepseek-r1-0528, deepseek-v3-0324-taco-completion, deepseek-v3-0324, default-1.2, hunyuan-2.0-instruct
[9/20/2026, 5:08:21 AM.527] [Info] [AgentModelResolver] agent "cli" original_models=["auto","glm-5v-turbo","glm-5.1","glm-5.0-turbo","glm-5.0","glm-4.7","kimi-k2.5","minimax-m2.7","deepseek-v3-2-volc"] -> resolved_models=["auto","glm-5v-turbo","glm-5.1","glm-5.0-turbo","glm-5.0","glm-4.7","kimi-k2.5","minimax-m2.7","deepseek-v3-2-volc"]
[9/20/2026, 5:08:21 AM.527] [Info] [AgentModelResolver] agent "general-purpose" original_models=undefined -> resolved_models=[]
[9/20/2026, 5:08:21 AM.527] [Info] [AgentModelResolver] agent "compact" original_models=undefined -> resolved_models=[]
[9/20/2026, 5:08:21 AM.527] [Info] [AgentModelResolver] agent "contextSummary" original_models=undefined -> resolved_models=[]
[9/20/2026, 5:08:21 AM.527] [Info] [AgentModelResolver] agent "contentAnalyzer" original_models=undefined -> resolved_models=[]
[9/20/2026, 5:08:21 AM.527] [Info] [AgentModelResolver] agent "terminalTitleGenerator" original_models=undefined -> resolved_models=[]
[9/20/2026, 5:08:21 AM.527] [Info] [AgentModelResolver] agent "promptSuggestion" original_models=undefined -> resolved_models=[]
[9/20/2026, 5:08:21 AM.527] [Info] [AgentModelResolver] agent "memorySelector" original_models=["lite"] -> resolved_models=["lite"]
[9/20/2026, 5:08:21 AM.527] [Info] [AgentModelResolver] agent "summaryGenerator" original_models=undefined -> resolved_models=[]
[9/20/2026, 5:08:21 AM.527] [Info] [AgentModelResolver] agent "autoModeClassifier" original_models=undefined -> resolved_models=[]
[9/20/2026, 5:08:21 AM.527] [Info] [AgentModelResolver] agent "promptHookEvaluator" original_models=["lite"] -> resolved_models=["lite"]
[9/20/2026, 5:08:21 AM.527] [Info] [AgentModelResolver] agent "insightsAnalyzer" original_models=undefined -> resolved_models=[]
[9/20/2026, 5:08:21 AM.527] [Info] [AgentModelResolver] agent "agentInstructions" original_models=undefined -> resolved_models=[]
[9/20/2026, 5:08:21 AM.527] [Info] [AgentModelResolver] agent "statusline-setup" original_models=undefined -> resolved_models=[]
[9/20/2026, 5:08:21 AM.527] [Info] [AgentModelResolver] agent "Explore" original_models=["lite"] -> resolved_models=["lite"]
[9/20/2026, 5:08:21 AM.527] [Info] [AgentModelResolver] agent "Plan" original_models=undefined -> resolved_models=[]
[9/20/2026, 5:08:21 AM.527] [Info] [AgentModelResolver] agent "pulse" original_models=undefined -> resolved_models=[]
[9/20/2026, 5:08:21 AM.527] [Info] [AgentModelResolver] agent "enhance-prompt" original_models=undefined -> resolved_models=[]
[9/20/2026, 5:08:21 AM.531] [Info] [Merge] Step 1 (local + overlay): localModels=42, overlayModels=51, mergedModels=51
[9/20/2026, 5:08:21 AM.531] [Info] [Merge] Step 2 (+enterprise): enterpriseModels=0, totalModels=51
[9/20/2026, 5:08:21 AM.531] [Info] [Merge] Step 3 (+custom): customModels=0, totalModels=51
[9/20/2026, 5:08:21 AM.531] [Info] [Merge] Step 4 (availableModels filter): finalModels=51, cli.models=["auto","hy4-preview-f","hy3","hy3-x","deepseek-v4.1-flash","glm-5.3","glm-5.3-flash","glm-5.2","glm-5.1","glm-5v-turbo","minimax-m3","kimi-k3-1","kimi-k2.8-preview","kimi-k2.7","kimi-k2.6","deepseek-v4-pro"]
[9/20/2026, 5:08:21 AM.613] [Info] [WeixinClawBotClient] pollLoop iteration begin {"iteration":22461,"cursorLen":96}
[9/20/2026, 5:08:22 AM.630] [Info] [CentrifugoClient] Connected successfully
[9/20/2026, 5:08:22 AM.630] [Info] [ClawService] Centrifugo status: connected
[9/20/2026, 5:08:22 AM.632] [Info] [CentrifugoClient] Subscribed to channel: copilot_workbuddy:fdee3d54-95b6-4e9c-aaff-50ad9505aab4_25e526bc70aeedffd6ce569154fcfedd_e76b49539422036c
[9/20/2026, 5:24:13 AM.601] [Info] [CentrifugoClient] Re-subscribing to copilot_workbuddy:fdee3d54-95b6-4e9c-aaff-50ad9505aab4_25e526bc70aeedffd6ce569154fcfedd_e76b49539422036c: transport closed (code: 1)
[9/20/2026, 5:24:13 AM.601] [Info] [CentrifugoClient] Reconnecting: no ping (code: 2)
[9/20/2026, 5:24:13 AM.601] [Info] [ClawService] Centrifugo status: connecting
[9/20/2026, 5:24:13 AM.601] [Info] [WorkbuddyEnterpriseModels] enterpriseId: undefined, endpoint: https://copilot.tencent.com
[9/20/2026, 5:24:13 AM.602] [Info] [AgentModelResolver] product config input: 42 models, 18 agents
[9/20/2026, 5:24:13 AM.602] [Info] [AgentModelResolver] model ids: default, deepseek-v4-pro, deepseek-v4-flash, deepseek-v3-2-volc, minimax-m2.5, minimax-m2.7, minimax-m3-play, glm-5.1, glm-5.0, glm-5.0-turbo, glm-5v-turbo, glm-4.7, glm-4.6, glm-4.6v, kimi-k2.6, kimi-k2.5, kimi-k2-thinking, hy3-preview-agent, hunyuan-chat, hunyuan-image-v3.0, auto, hy3-preview, hunyuan-2.0-thinking, deepseek-v3-1-volc, deepseek-v3-1-lkeap, deepseek-v3-1, deepseek-v3-0324-lkeap, deepseek-r1-0528-lkeap, kimi-k2-instruct-taiji, completion-gf, default-1.1, hunyuan-3b, hunyuan-7b-dense, codewise-completions, codewise-rewrite, codewise-nes-a4-027-aide, codewise-jump, deepseek-r1-0528, deepseek-v3-0324-taco-completion, deepseek-v3-0324, default-1.2, hunyuan-2.0-instruct
[9/20/2026, 5:24:13 AM.602] [Info] [AgentModelResolver] agent "cli" original_models=["auto","glm-5v-turbo","glm-5.1","glm-5.0-turbo","glm-5.0","glm-4.7","kimi-k2.5","minimax-m2.7","deepseek-v3-2-volc"] -> resolved_models=["auto","glm-5v-turbo","glm-5.1","glm-5.0-turbo","glm-5.0","glm-4.7","kimi-k2.5","minimax-m2.7","deepseek-v3-2-volc"]
[9/20/2026, 5:24:13 AM.602] [Info] [AgentModelResolver] agent "general-purpose" original_models=undefined -> resolved_models=[]
[9/20/2026, 5:24:13 AM.602] [Info] [AgentModelResolver] agent "compact" original_models=undefined -> resolved_models=[]
[9/20/2026, 5:24:13 AM.602] [Info] [AgentModelResolver] agent "contextSummary" original_models=undefined -> resolved_models=[]
[9/20/2026, 5:24:13 AM.602] [Info] [AgentModelResolver] agent "contentAnalyzer" original_models=undefined -> resolved_models=[]
[9/20/2026, 5:24:13 AM.602] [Info] [AgentModelResolver] agent "terminalTitleGenerator" original_models=undefined -> resolved_models=[]
[9/20/2026, 5:24:13 AM.602] [Info] [AgentModelResolver] agent "promptSuggestion" original_models=undefined -> resolved_models=[]
[9/20/2026, 5:24:13 AM.602] [Info] [AgentModelResolver] agent "memorySelector" original_models=["lite"] -> resolved_models=["lite"]
[9/20/2026, 5:24:13 AM.602] [Info] [AgentModelResolver] agent "summaryGenerator" original_models=undefined -> resolved_models=[]
[9/20/2026, 5:24:13 AM.602] [Info] [AgentModelResolver] agent "autoModeClassifier" original_models=undefined -> resolved_models=[]
[9/20/2026, 5:24:13 AM.602] [Info] [AgentModelResolver] agent "promptHookEvaluator" original_models=["lite"] -> resolved_models=["lite"]
[9/20/2026, 5:24:13 AM.602] [Info] [AgentModelResolver] agent "insightsAnalyzer" original_models=undefined -> resolved_models=[]
[9/20/2026, 5:24:13 AM.602] [Info] [AgentModelResolver] agent "agentInstructions" original_models=undefined -> resolved_models=[]
[9/20/2026, 5:24:13 AM.602] [Info] [AgentModelResolver] agent "statusline-setup" original_models=undefined -> resolved_models=[]
[9/20/2026, 5:24:13 AM.602] [Info] [AgentModelResolver] agent "Explore" original_models=["lite"] -> resolved_models=["lite"]
[9/20/2026, 5:24:13 AM.602] [Info] [AgentModelResolver] agent "Plan" original_models=undefined -> resolved_models=[]
[9/20/2026, 5:24:13 AM.602] [Info] [AgentModelResolver] agent "pulse" original_models=undefined -> resolved_models=[]
[9/20/2026, 5:24:13 AM.602] [Info] [AgentModelResolver] agent "enhance-prompt" original_models=undefined -> resolved_models=[]
[9/20/2026, 5:24:13 AM.604] [Info] [Merge] Step 1 (local + overlay): localModels=42, overlayModels=51, mergedModels=51
[9/20/2026, 5:24:13 AM.604] [Info] [Merge] Step 2 (+enterprise): enterpriseModels=0, totalModels=51
[9/20/2026, 5:24:13 AM.604] [Info] [Merge] Step 3 (+custom): customModels=0, totalModels=51
[9/20/2026, 5:24:13 AM.604] [Info] [Merge] Step 4 (availableModels filter): finalModels=51, cli.models=["auto","hy4-preview-f","hy3","hy3-x","deepseek-v4.1-flash","glm-5.3","glm-5.3-flash","glm-5.2","glm-5.1","glm-5v-turbo","minimax-m3","kimi-k3-1","kimi-k2.8-preview","kimi-k2.7","kimi-k2.6","deepseek-v4-pro"]
[9/20/2026, 5:24:13 AM.605] [Info] [WeixinClawBotClient] pollLoop getUpdates returned {"iteration":22461,"elapsedMs":951992,"ret":0,"hasBuf":true,"msgs":0}
[9/20/2026, 5:24:13 AM.605] [Info] [WorkbuddyEnterpriseModels] enterpriseId: undefined, endpoint: https://copilot.tencent.com
[9/20/2026, 5:24:13 AM.605] [Info] [AgentModelResolver] product config input: 42 models, 18 agents
[9/20/2026, 5:24:13 AM.605] [Info] [AgentModelResolver] model ids: default, deepseek-v4-pro, deepseek-v4-flash, deepseek-v3-2-volc, minimax-m2.5, minimax-m2.7, minimax-m3-play, glm-5.1, glm-5.0, glm-5.0-turbo, glm-5v-turbo, glm-4.7, glm-4.6, glm-4.6v, kimi-k2.6, kimi-k2.5, kimi-k2-thinking, hy3-preview-agent, hunyuan-chat, hunyuan-image-v3.0, auto, hy3-preview, hunyuan-2.0-thinking, deepseek-v3-1-volc, deepseek-v3-1-lkeap, deepseek-v3-1, deepseek-v3-0324-lkeap, deepseek-r1-0528-lkeap, kimi-k2-instruct-taiji, completion-gf, default-1.1, hunyuan-3b, hunyuan-7b-dense, codewise-completions, codewise-rewrite, codewise-nes-a4-027-aide, codewise-jump, deepseek-r1-0528, deepseek-v3-0324-taco-completion, deepseek-v3-0324, default-1.2, hunyuan-2.0-instruct
[9/20/2026, 5:24:13 AM.605] [Info] [AgentModelResolver] agent "cli" original_models=["auto","glm-5v-turbo","glm-5.1","glm-5.0-turbo","glm-5.0","glm-4.7","kimi-k2.5","minimax-m2.7","deepseek-v3-2-volc"] -> resolved_models=["auto","glm-5v-turbo","glm-5.1","glm-5.0-turbo","glm-5.0","glm-4.7","kimi-k2.5","minimax-m2.7","deepseek-v3-2-volc"]
[9/20/2026, 5:24:13 AM.605] [Info] [AgentModelResolver] agent "general-purpose" original_models=undefined -> resolved_models=[]
[9/20/2026, 5:24:13 AM.605] [Info] [AgentModelResolver] agent "compact" original_models=undefined -> resolved_models=[]
[9/20/2026, 5:24:13 AM.605] [Info] [AgentModelResolver] agent "contextSummary" original_models=undefined -> resolved_models=[]
[9/20/2026, 5:24:13 AM.605] [Info] [AgentModelResolver] agent "contentAnalyzer" original_models=undefined -> resolved_models=[]
[9/20/2026, 5:24:13 AM.605] [Info] [AgentModelResolver] agent "terminalTitleGenerator" original_models=undefined -> resolved_models=[]
[9/20/2026, 5:24:13 AM.605] [Info] [AgentModelResolver] agent "promptSuggestion" original_models=undefined -> resolved_models=[]
[9/20/2026, 5:24:13 AM.605] [Info] [AgentModelResolver] agent "memorySelector" original_models=["lite"] -> resolved_models=["lite"]
[9/20/2026, 5:24:13 AM.605] [Info] [AgentModelResolver] agent "summaryGenerator" original_models=undefined -> resolved_models=[]
[9/20/2026, 5:24:13 AM.605] [Info] [AgentModelResolver] agent "autoModeClassifier" original_models=undefined -> resolved_models=[]
[9/20/2026, 5:24:13 AM.605] [Info] [AgentModelResolver] agent "promptHookEvaluator" original_models=["lite"] -> resolved_models=["lite"]
[9/20/2026, 5:24:13 AM.605] [Info] [AgentModelResolver] agent "insightsAnalyzer" original_models=undefined -> resolved_models=[]
[9/20/2026, 5:24:13 AM.605] [Info] [AgentModelResolver] agent "agentInstructions" original_models=undefined -> resolved_models=[]
[9/20/2026, 5:24:13 AM.605] [Info] [AgentModelResolver] agent "statusline-setup" original_models=undefined -> resolved_models=[]
[9/20/2026, 5:24:13 AM.605] [Info] [AgentModelResolver] agent "Explore" original_models=["lite"] -> resolved_models=["lite"]
[9/20/2026, 5:24:13 AM.605] [Info] [AgentModelResolver] agent "Plan" original_models=undefined -> resolved_models=[]
[9/20/2026, 5:24:13 AM.605] [Info] [AgentModelResolver] agent "pulse" original_models=undefined -> resolved_models=[]
[9/20/2026, 5:24:13 AM.605] [Info] [AgentModelResolver] agent "enhance-prompt" original_models=undefined -> resolved_models=[]
[9/20/2026, 5:24:13 AM.608] [Info] [Merge] Step 1 (local + overlay): localModels=42, overlayModels=51, mergedModels=51
[9/20/2026, 5:24:13 AM.608] [Info] [Merge] Step 2 (+enterprise): enterpriseModels=0, totalModels=51
[9/20/2026, 5:24:13 AM.608] [Info] [Merge] Step 3 (+custom): customModels=0, totalModels=51
[9/20/2026, 5:24:13 AM.608] [Info] [Merge] Step 4 (availableModels filter): finalModels=51, cli.models=["auto","hy4-preview-f","hy3","hy3-x","deepseek-v4.1-flash","glm-5.3","glm-5.3-flash","glm-5.2","glm-5.1","glm-5v-turbo","minimax-m3","kimi-k3-1","kimi-k2.8-preview","kimi-k2.7","kimi-k2.6","deepseek-v4-pro"]
[9/20/2026, 5:24:13 AM.675] [Info] [WeixinClawBotClient] pollLoop iteration begin {"iteration":22462,"cursorLen":96}
[9/20/2026, 5:24:14 AM.649] [Info] [CentrifugoClient] Connected successfully
[9/20/2026, 5:24:14 AM.649] [Info] [ClawService] Centrifugo status: connected
[9/20/2026, 5:24:14 AM.655] [Info] [CentrifugoClient] Subscribed to channel: copilot_workbuddy:fdee3d54-95b6-4e9c-aaff-50ad9505aab4_25e526bc70aeedffd6ce569154fcfedd_e76b49539422036c
[9/20/2026, 5:34:55 AM.607] [Info] [CentrifugoClient] Re-subscribing to copilot_workbuddy:fdee3d54-95b6-4e9c-aaff-50ad9505aab4_25e526bc70aeedffd6ce569154fcfedd_e76b49539422036c: transport closed (code: 1)
[9/20/2026, 5:34:55 AM.607] [Info] [CentrifugoClient] Reconnecting: no ping (code: 2)
[9/20/2026, 5:34:55 AM.607] [Info] [ClawService] Centrifugo status: connecting
[9/20/2026, 5:34:55 AM.608] [Info] [WorkbuddyEnterpriseModels] enterpriseId: undefined, endpoint: https://copilot.tencent.com
[9/20/2026, 5:34:55 AM.608] [Info] [AgentModelResolver] product config input: 42 models, 18 agents
[9/20/2026, 5:34:55 AM.608] [Info] [AgentModelResolver] model ids: default, deepseek-v4-pro, deepseek-v4-flash, deepseek-v3-2-volc, minimax-m2.5, minimax-m2.7, minimax-m3-play, glm-5.1, glm-5.0, glm-5.0-turbo, glm-5v-turbo, glm-4.7, glm-4.6, glm-4.6v, kimi-k2.6, kimi-k2.5, kimi-k2-thinking, hy3-preview-agent, hunyuan-chat, hunyuan-image-v3.0, auto, hy3-preview, hunyuan-2.0-thinking, deepseek-v3-1-volc, deepseek-v3-1-lkeap, deepseek-v3-1, deepseek-v3-0324-lkeap, deepseek-r1-0528-lkeap, kimi-k2-instruct-taiji, completion-gf, default-1.1, hunyuan-3b, hunyuan-7b-dense, codewise-completions, codewise-rewrite, codewise-nes-a4-027-aide, codewise-jump, deepseek-r1-0528, deepseek-v3-0324-taco-completion, deepseek-v3-0324, default-1.2, hunyuan-2.0-instruct
[9/20/2026, 5:34:55 AM.608] [Info] [AgentModelResolver] agent "cli" original_models=["auto","glm-5v-turbo","glm-5.1","glm-5.0-turbo","glm-5.0","glm-4.7","kimi-k2.5","minimax-m2.7","deepseek-v3-2-volc"] -> resolved_models=["auto","glm-5v-turbo","glm-5.1","glm-5.0-turbo","glm-5.0","glm-4.7","kimi-k2.5","minimax-m2.7","deepseek-v3-2-volc"]
[9/20/2026, 5:34:55 AM.608] [Info] [AgentModelResolver] agent "general-purpose" original_models=undefined -> resolved_models=[]
[9/20/2026, 5:34:55 AM.608] [Info] [AgentModelResolver] agent "compact" original_models=undefined -> resolved_models=[]
[9/20/2026, 5:34:55 AM.608] [Info] [AgentModelResolver] agent "contextSummary" original_models=undefined -> resolved_models=[]
[9/20/2026, 5:34:55 AM.608] [Info] [AgentModelResolver] agent "contentAnalyzer" original_models=undefined -> resolved_models=[]
[9/20/2026, 5:34:55 AM.608] [Info] [AgentModelResolver] agent "terminalTitleGenerator" original_models=undefined -> resolved_models=[]
[9/20/2026, 5:34:55 AM.608] [Info] [AgentModelResolver] agent "promptSuggestion" original_models=undefined -> resolved_models=[]
[9/20/2026, 5:34:55 AM.608] [Info] [AgentModelResolver] agent "memorySelector" original_models=["lite"] -> resolved_models=["lite"]
[9/20/2026, 5:34:55 AM.608] [Info] [AgentModelResolver] agent "summaryGenerator" original_models=undefined -> resolved_models=[]
[9/20/2026, 5:34:55 AM.608] [Info] [AgentModelResolver] agent "autoModeClassifier" original_models=undefined -> resolved_models=[]
[9/20/2026, 5:34:55 AM.608] [Info] [AgentModelResolver] agent "promptHookEvaluator" original_models=["lite"] -> resolved_models=["lite"]
[9/20/2026, 5:34:55 AM.608] [Info] [AgentModelResolver] agent "insightsAnalyzer" original_models=undefined -> resolved_models=[]
[9/20/2026, 5:34:55 AM.608] [Info] [AgentModelResolver] agent "agentInstructions" original_models=undefined -> resolved_models=[]
[9/20/2026, 5:34:55 AM.608] [Info] [AgentModelResolver] agent "statusline-setup" original_models=undefined -> resolved_models=[]
[9/20/2026, 5:34:55 AM.608] [Info] [AgentModelResolver] agent "Explore" original_models=["lite"] -> resolved_models=["lite"]
[9/20/2026, 5:34:55 AM.608] [Info] [AgentModelResolver] agent "Plan" original_models=undefined -> resolved_models=[]
[9/20/2026, 5:34:55 AM.608] [Info] [AgentModelResolver] agent "pulse" original_models=undefined -> resolved_models=[]
[9/20/2026, 5:34:55 AM.608] [Info] [AgentModelResolver] agent "enhance-prompt" original_models=undefined -> resolved_models=[]
[9/20/2026, 5:34:55 AM.610] [Info] [Merge] Step 1 (local + overlay): localModels=42, overlayModels=51, mergedModels=51
[9/20/2026, 5:34:55 AM.610] [Info] [Merge] Step 2 (+enterprise): enterpriseModels=0, totalModels=51
[9/20/2026, 5:34:55 AM.610] [Info] [Merge] Step 3 (+custom): customModels=0, totalModels=51
[9/20/2026, 5:34:55 AM.610] [Info] [Merge] Step 4 (availableModels filter): finalModels=51, cli.models=["auto","hy4-preview-f","hy3","hy3-x","deepseek-v4.1-flash","glm-5.3","glm-5.3-flash","glm-5.2","glm-5.1","glm-5v-turbo","minimax-m3","kimi-k3-1","kimi-k2.8-preview","kimi-k2.7","kimi-k2.6","deepseek-v4-pro"]
[9/20/2026, 5:34:55 AM.611] [Info] [WeixinClawBotClient] pollLoop getUpdates returned {"iteration":22462,"elapsedMs":641935,"ret":0,"hasBuf":true,"msgs":0}
[9/20/2026, 5:34:55 AM.611] [Info] [WorkbuddyEnterpriseModels] enterpriseId: undefined, endpoint: https://copilot.tencent.com
[9/20/2026, 5:34:55 AM.611] [Info] [AgentModelResolver] product config input: 42 models, 18 agents
[9/20/2026, 5:34:55 AM.611] [Info] [AgentModelResolver] model ids: default, deepseek-v4-pro, deepseek-v4-flash, deepseek-v3-2-volc, minimax-m2.5, minimax-m2.7, minimax-m3-play, glm-5.1, glm-5.0, glm-5.0-turbo, glm-5v-turbo, glm-4.7, glm-4.6, glm-4.6v, kimi-k2.6, kimi-k2.5, kimi-k2-thinking, hy3-preview-agent, hunyuan-chat, hunyuan-image-v3.0, auto, hy3-preview, hunyuan-2.0-thinking, deepseek-v3-1-volc, deepseek-v3-1-lkeap, deepseek-v3-1, deepseek-v3-0324-lkeap, deepseek-r1-0528-lkeap, kimi-k2-instruct-taiji, completion-gf, default-1.1, hunyuan-3b, hunyuan-7b-dense, codewise-completions, codewise-rewrite, codewise-nes-a4-027-aide, codewise-jump, deepseek-r1-0528, deepseek-v3-0324-taco-completion, deepseek-v3-0324, default-1.2, hunyuan-2.0-instruct
[9/20/2026, 5:34:55 AM.611] [Info] [AgentModelResolver] agent "cli" original_models=["auto","glm-5v-turbo","glm-5.1","glm-5.0-turbo","glm-5.0","glm-4.7","kimi-k2.5","minimax-m2.7","deepseek-v3-2-volc"] -> resolved_models=["auto","glm-5v-turbo","glm-5.1","glm-5.0-turbo","glm-5.0","glm-4.7","kimi-k2.5","minimax-m2.7","deepseek-v3-2-volc"]
[9/20/2026, 5:34:55 AM.611] [Info] [AgentModelResolver] agent "general-purpose" original_models=undefined -> resolved_models=[]
[9/20/2026, 5:34:55 AM.611] [Info] [AgentModelResolver] agent "compact" original_models=undefined -> resolved_models=[]
[9/20/2026, 5:34:55 AM.611] [Info] [AgentModelResolver] agent "contextSummary" original_models=undefined -> resolved_models=[]
[9/20/2026, 5:34:55 AM.611] [Info] [AgentModelResolver] agent "contentAnalyzer" original_models=undefined -> resolved_models=[]
[9/20/2026, 5:34:55 AM.611] [Info] [AgentModelResolver] agent "terminalTitleGenerator" original_models=undefined -> resolved_models=[]
[9/20/2026, 5:34:55 AM.611] [Info] [AgentModelResolver] agent "promptSuggestion" original_models=undefined -> resolved_models=[]
[9/20/2026, 5:34:55 AM.611] [Info] [AgentModelResolver] agent "memorySelector" original_models=["lite"] -> resolved_models=["lite"]
[9/20/2026, 5:34:55 AM.611] [Info] [AgentModelResolver] agent "summaryGenerator" original_models=undefined -> resolved_models=[]
[9/20/2026, 5:34:55 AM.611] [Info] [AgentModelResolver] agent "autoModeClassifier" original_models=undefined -> resolved_models=[]
[9/20/2026, 5:34:55 AM.611] [Info] [AgentModelResolver] agent "promptHookEvaluator" original_models=["lite"] -> resolved_models=["lite"]
[9/20/2026, 5:34:55 AM.611] [Info] [AgentModelResolver] agent "insightsAnalyzer" original_models=undefined -> resolved_models=[]
[9/20/2026, 5:34:55 AM.611] [Info] [AgentModelResolver] agent "agentInstructions" original_models=undefined -> resolved_models=[]
[9/20/2026, 5:34:55 AM.611] [Info] [AgentModelResolver] agent "statusline-setup" original_models=undefined -> resolved_models=[]
[9/20/2026, 5:34:55 AM.611] [Info] [AgentModelResolver] agent "Explore" original_models=["lite"] -> resolved_models=["lite"]
[9/20/2026, 5:34:55 AM.611] [Info] [AgentModelResolver] agent "Plan" original_models=undefined -> resolved_models=[]
[9/20/2026, 5:34:55 AM.611] [Info] [AgentModelResolver] agent "pulse" original_models=undefined -> resolved_models=[]
[9/20/2026, 5:34:55 AM.611] [Info] [AgentModelResolver] agent "enhance-prompt" original_models=undefined -> resolved_models=[]
[9/20/2026, 5:34:55 AM.619] [Info] [Merge] Step 1 (local + overlay): localModels=42, overlayModels=51, mergedModels=51
[9/20/2026, 5:34:55 AM.619] [Info] [Merge] Step 2 (+enterprise): enterpriseModels=0, totalModels=51
[9/20/2026, 5:34:55 AM.619] [Info] [Merge] Step 3 (+custom): customModels=0, totalModels=51
[9/20/2026, 5:34:55 AM.619] [Info] [Merge] Step 4 (availableModels filter): finalModels=51, cli.models=["auto","hy4-preview-f","hy3","hy3-x","deepseek-v4.1-flash","glm-5.3","glm-5.3-flash","glm-5.2","glm-5.1","glm-5v-turbo","minimax-m3","kimi-k3-1","kimi-k2.8-preview","kimi-k2.7","kimi-k2.6","deepseek-v4-pro"]
[9/20/2026, 5:34:55 AM.655] [Info] [WeixinClawBotClient] pollLoop iteration begin {"iteration":22463,"cursorLen":96}
[9/20/2026, 5:34:56 AM.693] [Info] [CentrifugoClient] Connected successfully
[9/20/2026, 5:34:56 AM.693] [Info] [ClawService] Centrifugo status: connected
[9/20/2026, 5:34:56 AM.695] [Info] [CentrifugoClient] Subscribed to channel: copilot_workbuddy:fdee3d54-95b6-4e9c-aaff-50ad9505aab4_25e526bc70aeedffd6ce569154fcfedd_e76b49539422036c
[9/20/2026, 5:35:14 AM.324] [Info] [WeixinClawBotClient] pollLoop getUpdates returned {"iteration":22463,"elapsedMs":18668,"hasBuf":true,"msgs":0}
[9/20/2026, 5:35:14 AM.327] [Info] [WeixinClawBotClient] pollLoop iteration begin {"iteration":22464,"cursorLen":96}
[9/20/2026, 5:53:00 AM.503] [Info] [CentrifugoClient] Re-subscribing to copilot_workbuddy:fdee3d54-95b6-4e9c-aaff-50ad9505aab4_25e526bc70aeedffd6ce569154fcfedd_e76b49539422036c: transport closed (code: 1)
[9/20/2026, 5:53:00 AM.503] [Info] [CentrifugoClient] Reconnecting: no ping (code: 2)
[9/20/2026, 5:53:00 AM.503] [Info] [ClawService] Centrifugo status: connecting
[9/20/2026, 5:53:00 AM.506] [Info] [WorkbuddyEnterpriseModels] enterpriseId: undefined, endpoint: https://copilot.tencent.com
[9/20/2026, 5:53:00 AM.506] [Info] [AgentModelResolver] product config input: 42 models, 18 agents
[9/20/2026, 5:53:00 AM.506] [Info] [AgentModelResolver] model ids: default, deepseek-v4-pro, deepseek-v4-flash, deepseek-v3-2-volc, minimax-m2.5, minimax-m2.7, minimax-m3-play, glm-5.1, glm-5.0, glm-5.0-turbo, glm-5v-turbo, glm-4.7, glm-4.6, glm-4.6v, kimi-k2.6, kimi-k2.5, kimi-k2-thinking, hy3-preview-agent, hunyuan-chat, hunyuan-image-v3.0, auto, hy3-preview, hunyuan-2.0-thinking, deepseek-v3-1-volc, deepseek-v3-1-lkeap, deepseek-v3-1, deepseek-v3-0324-lkeap, deepseek-r1-0528-lkeap, kimi-k2-instruct-taiji, completion-gf, default-1.1, hunyuan-3b, hunyuan-7b-dense, codewise-completions, codewise-rewrite, codewise-nes-a4-027-aide, codewise-jump, deepseek-r1-0528, deepseek-v3-0324-taco-completion, deepseek-v3-0324, default-1.2, hunyuan-2.0-instruct
[9/20/2026, 5:53:00 AM.506] [Info] [AgentModelResolver] agent "cli" original_models=["auto","glm-5v-turbo","glm-5.1","glm-5.0-turbo","glm-5.0","glm-4.7","kimi-k2.5","minimax-m2.7","deepseek-v3-2-volc"] -> resolved_models=["auto","glm-5v-turbo","glm-5.1","glm-5.0-turbo","glm-5.0","glm-4.7","kimi-k2.5","minimax-m2.7","deepseek-v3-2-volc"]
[9/20/2026, 5:53:00 AM.506] [Info] [AgentModelResolver] agent "general-purpose" original_models=undefined -> resolved_models=[]
[9/20/2026, 5:53:00 AM.506] [Info] [AgentModelResolver] agent "compact" original_models=undefined -> resolved_models=[]
[9/20/2026, 5:53:00 AM.506] [Info] [AgentModelResolver] agent "contextSummary" original_models=undefined -> resolved_models=[]
[9/20/2026, 5:53:00 AM.506] [Info] [AgentModelResolver] agent "contentAnalyzer" original_models=undefined -> resolved_models=[]
[9/20/2026, 5:53:00 AM.506] [Info] [AgentModelResolver] agent "terminalTitleGenerator" original_models=undefined -> resolved_models=[]
[9/20/2026, 5:53:00 AM.506] [Info] [AgentModelResolver] agent "promptSuggestion" original_models=undefined -> resolved_models=[]
[9/20/2026, 5:53:00 AM.506] [Info] [AgentModelResolver] agent "memorySelector" original_models=["lite"] -> resolved_models=["lite"]
[9/20/2026, 5:53:00 AM.507] [Info] [AgentModelResolver] agent "summaryGenerator" original_models=undefined -> resolved_models=[]
[9/20/2026, 5:53:00 AM.507] [Info] [AgentModelResolver] agent "autoModeClassifier" original_models=undefined -> resolved_models=[]
[9/20/2026, 5:53:00 AM.507] [Info] [AgentModelResolver] agent "promptHookEvaluator" original_models=["lite"] -> resolved_models=["lite"]
[9/20/2026, 5:53:00 AM.507] [Info] [AgentModelResolver] agent "insightsAnalyzer" original_models=undefined -> resolved_models=[]
[9/20/2026, 5:53:00 AM.507] [Info] [AgentModelResolver] agent "agentInstructions" original_models=undefined -> resolved_models=[]
[9/20/2026, 5:53:00 AM.507] [Info] [AgentModelResolver] agent "statusline-setup" original_models=undefined -> resolved_models=[]
[9/20/2026, 5:53:00 AM.507] [Info] [AgentModelResolver] agent "Explore" original_models=["lite"] -> resolved_models=["lite"]
[9/20/2026, 5:53:00 AM.507] [Info] [AgentModelResolver] agent "Plan" original_models=undefined -> resolved_models=[]
[9/20/2026, 5:53:00 AM.507] [Info] [AgentModelResolver] agent "pulse" original_models=undefined -> resolved_models=[]
[9/20/2026, 5:53:00 AM.507] [Info] [AgentModelResolver] agent "enhance-prompt" original_models=undefined -> resolved_models=[]
[9/20/2026, 5:53:00 AM.628] [Info] [Merge] Step 1 (local + overlay): localModels=42, overlayModels=51, mergedModels=51
[9/20/2026, 5:53:00 AM.628] [Info] [Merge] Step 2 (+enterprise): enterpriseModels=0, totalModels=51
[9/20/2026, 5:53:00 AM.628] [Info] [Merge] Step 3 (+custom): customModels=0, totalModels=51
[9/20/2026, 5:53:00 AM.628] [Info] [Merge] Step 4 (availableModels filter): finalModels=51, cli.models=["auto","hy4-preview-f","hy3","hy3-x","deepseek-v4.1-flash","glm-5.3","glm-5.3-flash","glm-5.2","glm-5.1","glm-5v-turbo","minimax-m3","kimi-k3-1","kimi-k2.8-preview","kimi-k2.7","kimi-k2.6","deepseek-v4-pro"]
[9/20/2026, 5:53:00 AM.651] [Info] [WeixinClawBotClient] pollLoop getUpdates returned {"iteration":22464,"elapsedMs":1066325,"ret":0,"hasBuf":true,"msgs":0}
[9/20/2026, 5:53:00 AM.655] [Info] [WorkbuddyEnterpriseModels] enterpriseId: undefined, endpoint: https://copilot.tencent.com
[9/20/2026, 5:53:00 AM.656] [Info] [AgentModelResolver] product config input: 42 models, 18 agents
[9/20/2026, 5:53:00 AM.656] [Info] [AgentModelResolver] model ids: default, deepseek-v4-pro, deepseek-v4-flash, deepseek-v3-2-volc, minimax-m2.5, minimax-m2.7, minimax-m3-play, glm-5.1, glm-5.0, glm-5.0-turbo, glm-5v-turbo, glm-4.7, glm-4.6, glm-4.6v, kimi-k2.6, kimi-k2.5, kimi-k2-thinking, hy3-preview-agent, hunyuan-chat, hunyuan-image-v3.0, auto, hy3-preview, hunyuan-2.0-thinking, deepseek-v3-1-volc, deepseek-v3-1-lkeap, deepseek-v3-1, deepseek-v3-0324-lkeap, deepseek-r1-0528-lkeap, kimi-k2-instruct-taiji, completion-gf, default-1.1, hunyuan-3b, hunyuan-7b-dense, codewise-completions, codewise-rewrite, codewise-nes-a4-027-aide, codewise-jump, deepseek-r1-0528, deepseek-v3-0324-taco-completion, deepseek-v3-0324, default-1.2, hunyuan-2.0-instruct
[9/20/2026, 5:53:00 AM.656] [Info] [AgentModelResolver] agent "cli" original_models=["auto","glm-5v-turbo","glm-5.1","glm-5.0-turbo","glm-5.0","glm-4.7","kimi-k2.5","minimax-m2.7","deepseek-v3-2-volc"] -> resolved_models=["auto","glm-5v-turbo","glm-5.1","glm-5.0-turbo","glm-5.0","glm-4.7","kimi-k2.5","minimax-m2.7","deepseek-v3-2-volc"]
[9/20/2026, 5:53:00 AM.656] [Info] [AgentModelResolver] agent "general-purpose" original_models=undefined -> resolved_models=[]
[9/20/2026, 5:53:00 AM.656] [Info] [AgentModelResolver] agent "compact" original_models=undefined -> resolved_models=[]
[9/20/2026, 5:53:00 AM.656] [Info] [AgentModelResolver] agent "contextSummary" original_models=undefined -> resolved_models=[]
[9/20/2026, 5:53:00 AM.656] [Info] [AgentModelResolver] agent "contentAnalyzer" original_models=undefined -> resolved_models=[]
[9/20/2026, 5:53:00 AM.656] [Info] [AgentModelResolver] agent "terminalTitleGenerator" original_models=undefined -> resolved_models=[]
[9/20/2026, 5:53:00 AM.656] [Info] [AgentModelResolver] agent "promptSuggestion" original_models=undefined -> resolved_models=[]
[9/20/2026, 5:53:00 AM.656] [Info] [AgentModelResolver] agent "memorySelector" original_models=["lite"] -> resolved_models=["lite"]
[9/20/2026, 5:53:00 AM.656] [Info] [AgentModelResolver] agent "summaryGenerator" original_models=undefined -> resolved_models=[]
[9/20/2026, 5:53:00 AM.656] [Info] [AgentModelResolver] agent "autoModeClassifier" original_models=undefined -> resolved_models=[]
[9/20/2026, 5:53:00 AM.656] [Info] [AgentModelResolver] agent "promptHookEvaluator" original_models=["lite"] -> resolved_models=["lite"]
[9/20/2026, 5:53:00 AM.656] [Info] [AgentModelResolver] agent "insightsAnalyzer" original_models=undefined -> resolved_models=[]
[9/20/2026, 5:53:00 AM.656] [Info] [AgentModelResolver] agent "agentInstructions" original_models=undefined -> resolved_models=[]
[9/20/2026, 5:53:00 AM.656] [Info] [AgentModelResolver] agent "statusline-setup" original_models=undefined -> resolved_models=[]
[9/20/2026, 5:53:00 AM.656] [Info] [AgentModelResolver] agent "Explore" original_models=["lite"] -> resolved_models=["lite"]
[9/20/2026, 5:53:00 AM.656] [Info] [AgentModelResolver] agent "Plan" original_models=undefined -> resolved_models=[]
[9/20/2026, 5:53:00 AM.656] [Info] [AgentModelResolver] agent "pulse" original_models=undefined -> resolved_models=[]
[9/20/2026, 5:53:00 AM.656] [Info] [AgentModelResolver] agent "enhance-prompt" original_models=undefined -> resolved_models=[]
[9/20/2026, 5:53:00 AM.661] [Info] [Merge] Step 1 (local + overlay): localModels=42, overlayModels=51, mergedModels=51
[9/20/2026, 5:53:00 AM.661] [Info] [Merge] Step 2 (+enterprise): enterpriseModels=0, totalModels=51
[9/20/2026, 5:53:00 AM.661] [Info] [Merge] Step 3 (+custom): customModels=0, totalModels=51
[9/20/2026, 5:53:00 AM.661] [Info] [Merge] Step 4 (availableModels filter): finalModels=51, cli.models=["auto","hy4-preview-f","hy3","hy3-x","deepseek-v4.1-flash","glm-5.3","glm-5.3-flash","glm-5.2","glm-5.1","glm-5v-turbo","minimax-m3","kimi-k3-1","kimi-k2.8-preview","kimi-k2.7","kimi-k2.6","deepseek-v4-pro"]
[9/20/2026, 5:53:00 AM.734] [Info] [WeixinClawBotClient] pollLoop iteration begin {"iteration":22465,"cursorLen":96}
[9/20/2026, 5:53:01 AM.495] [Info] [CentrifugoClient] Connected successfully
[9/20/2026, 5:53:01 AM.495] [Info] [ClawService] Centrifugo status: connected
[9/20/2026, 5:53:01 AM.497] [Info] [CentrifugoClient] Subscribed to channel: copilot_workbuddy:fdee3d54-95b6-4e9c-aaff-50ad9505aab4_25e526bc70aeedffd6ce569154fcfedd_e76b49539422036c
[9/20/2026, 6:10:16 AM.700] [Info] [CentrifugoClient] Re-subscribing to copilot_workbuddy:fdee3d54-95b6-4e9c-aaff-50ad9505aab4_25e526bc70aeedffd6ce569154fcfedd_e76b49539422036c: transport closed (code: 1)
[9/20/2026, 6:10:16 AM.700] [Info] [CentrifugoClient] Reconnecting: no ping (code: 2)
[9/20/2026, 6:10:16 AM.700] [Info] [ClawService] Centrifugo status: connecting
[9/20/2026, 6:10:16 AM.700] [Info] [WorkbuddyEnterpriseModels] enterpriseId: undefined, endpoint: https://copilot.tencent.com
[9/20/2026, 6:10:16 AM.700] [Info] [AgentModelResolver] product config input: 42 models, 18 agents
[9/20/2026, 6:10:16 AM.700] [Info] [AgentModelResolver] model ids: default, deepseek-v4-pro, deepseek-v4-flash, deepseek-v3-2-volc, minimax-m2.5, minimax-m2.7, minimax-m3-play, glm-5.1, glm-5.0, glm-5.0-turbo, glm-5v-turbo, glm-4.7, glm-4.6, glm-4.6v, kimi-k2.6, kimi-k2.5, kimi-k2-thinking, hy3-preview-agent, hunyuan-chat, hunyuan-image-v3.0, auto, hy3-preview, hunyuan-2.0-thinking, deepseek-v3-1-volc, deepseek-v3-1-lkeap, deepseek-v3-1, deepseek-v3-0324-lkeap, deepseek-r1-0528-lkeap, kimi-k2-instruct-taiji, completion-gf, default-1.1, hunyuan-3b, hunyuan-7b-dense, codewise-completions, codewise-rewrite, codewise-nes-a4-027-aide, codewise-jump, deepseek-r1-0528, deepseek-v3-0324-taco-completion, deepseek-v3-0324, default-1.2, hunyuan-2.0-instruct
[9/20/2026, 6:10:16 AM.700] [Info] [AgentModelResolver] agent "cli" original_models=["auto","glm-5v-turbo","glm-5.1","glm-5.0-turbo","glm-5.0","glm-4.7","kimi-k2.5","minimax-m2.7","deepseek-v3-2-volc"] -> resolved_models=["auto","glm-5v-turbo","glm-5.1","glm-5.0-turbo","glm-5.0","glm-4.7","kimi-k2.5","minimax-m2.7","deepseek-v3-2-volc"]
[9/20/2026, 6:10:16 AM.700] [Info] [AgentModelResolver] agent "general-purpose" original_models=undefined -> resolved_models=[]
[9/20/2026, 6:10:16 AM.700] [Info] [AgentModelResolver] agent "compact" original_models=undefined -> resolved_models=[]
[9/20/2026, 6:10:16 AM.700] [Info] [AgentModelResolver] agent "contextSummary" original_models=undefined -> resolved_models=[]
[9/20/2026, 6:10:16 AM.700] [Info] [AgentModelResolver] agent "contentAnalyzer" original_models=undefined -> resolved_models=[]
[9/20/2026, 6:10:16 AM.700] [Info] [AgentModelResolver] agent "terminalTitleGenerator" original_models=undefined -> resolved_models=[]
[9/20/2026, 6:10:16 AM.700] [Info] [AgentModelResolver] agent "promptSuggestion" original_models=undefined -> resolved_models=[]
[9/20/2026, 6:10:16 AM.700] [Info] [AgentModelResolver] agent "memorySelector" original_models=["lite"] -> resolved_models=["lite"]
[9/20/2026, 6:10:16 AM.700] [Info] [AgentModelResolver] agent "summaryGenerator" original_models=undefined -> resolved_models=[]
[9/20/2026, 6:10:16 AM.700] [Info] [AgentModelResolver] agent "autoModeClassifier" original_models=undefined -> resolved_models=[]
[9/20/2026, 6:10:16 AM.700] [Info] [AgentModelResolver] agent "promptHookEvaluator" original_models=["lite"] -> resolved_models=["lite"]
[9/20/2026, 6:10:16 AM.700] [Info] [AgentModelResolver] agent "insightsAnalyzer" original_models=undefined -> resolved_models=[]
[9/20/2026, 6:10:16 AM.700] [Info] [AgentModelResolver] agent "agentInstructions" original_models=undefined -> resolved_models=[]
[9/20/2026, 6:10:16 AM.700] [Info] [AgentModelResolver] agent "statusline-setup" original_models=undefined -> resolved_models=[]
[9/20/2026, 6:10:16 AM.700] [Info] [AgentModelResolver] agent "Explore" original_models=["lite"] -> resolved_models=["lite"]
[9/20/2026, 6:10:16 AM.700] [Info] [AgentModelResolver] agent "Plan" original_models=undefined -> resolved_models=[]
[9/20/2026, 6:10:16 AM.700] [Info] [AgentModelResolver] agent "pulse" original_models=undefined -> resolved_models=[]
[9/20/2026, 6:10:16 AM.700] [Info] [AgentModelResolver] agent "enhance-prompt" original_models=undefined -> resolved_models=[]
[9/20/2026, 6:10:16 AM.704] [Info] [Merge] Step 1 (local + overlay): localModels=42, overlayModels=51, mergedModels=51
[9/20/2026, 6:10:16 AM.704] [Info] [Merge] Step 2 (+enterprise): enterpriseModels=0, totalModels=51
[9/20/2026, 6:10:16 AM.704] [Info] [Merge] Step 3 (+custom): customModels=0, totalModels=51
[9/20/2026, 6:10:16 AM.704] [Info] [Merge] Step 4 (availableModels filter): finalModels=51, cli.models=["auto","hy4-preview-f","hy3","hy3-x","deepseek-v4.1-flash","glm-5.3","glm-5.3-flash","glm-5.2","glm-5.1","glm-5v-turbo","minimax-m3","kimi-k3-1","kimi-k2.8-preview","kimi-k2.7","kimi-k2.6","deepseek-v4-pro"]
[9/20/2026, 6:10:16 AM.704] [Info] [WeixinClawBotClient] pollLoop getUpdates returned {"iteration":22465,"elapsedMs":1035970,"ret":0,"hasBuf":true,"msgs":0}
[9/20/2026, 6:10:16 AM.705] [Info] [WorkbuddyEnterpriseModels] enterpriseId: undefined, endpoint: https://copilot.tencent.com
[9/20/2026, 6:10:16 AM.705] [Info] [AgentModelResolver] product config input: 42 models, 18 agents
[9/20/2026, 6:10:16 AM.705] [Info] [AgentModelResolver] model ids: default, deepseek-v4-pro, deepseek-v4-flash, deepseek-v3-2-volc, minimax-m2.5, minimax-m2.7, minimax-m3-play, glm-5.1, glm-5.0, glm-5.0-turbo, glm-5v-turbo, glm-4.7, glm-4.6, glm-4.6v, kimi-k2.6, kimi-k2.5, kimi-k2-thinking, hy3-preview-agent, hunyuan-chat, hunyuan-image-v3.0, auto, hy3-preview, hunyuan-2.0-thinking, deepseek-v3-1-volc, deepseek-v3-1-lkeap, deepseek-v3-1, deepseek-v3-0324-lkeap, deepseek-r1-0528-lkeap, kimi-k2-instruct-taiji, completion-gf, default-1.1, hunyuan-3b, hunyuan-7b-dense, codewise-completions, codewise-rewrite, codewise-nes-a4-027-aide, codewise-jump, deepseek-r1-0528, deepseek-v3-0324-taco-completion, deepseek-v3-0324, default-1.2, hunyuan-2.0-instruct
[9/20/2026, 6:10:16 AM.705] [Info] [AgentModelResolver] agent "cli" original_models=["auto","glm-5v-turbo","glm-5.1","glm-5.0-turbo","glm-5.0","glm-4.7","kimi-k2.5","minimax-m2.7","deepseek-v3-2-volc"] -> resolved_models=["auto","glm-5v-turbo","glm-5.1","glm-5.0-turbo","glm-5.0","glm-4.7","kimi-k2.5","minimax-m2.7","deepseek-v3-2-volc"]
[9/20/2026, 6:10:16 AM.705] [Info] [AgentModelResolver] agent "general-purpose" original_models=undefined -> resolved_models=[]
[9/20/2026, 6:10:16 AM.705] [Info] [AgentModelResolver] agent "compact" original_models=undefined -> resolved_models=[]
[9/20/2026, 6:10:16 AM.705] [Info] [AgentModelResolver] agent "contextSummary" original_models=undefined -> resolved_models=[]
[9/20/2026, 6:10:16 AM.705] [Info] [AgentModelResolver] agent "contentAnalyzer" original_models=undefined -> resolved_models=[]
[9/20/2026, 6:10:16 AM.705] [Info] [AgentModelResolver] agent "terminalTitleGenerator" original_models=undefined -> resolved_models=[]
[9/20/2026, 6:10:16 AM.705] [Info] [AgentModelResolver] agent "promptSuggestion" original_models=undefined -> resolved_models=[]
[9/20/2026, 6:10:16 AM.705] [Info] [AgentModelResolver] agent "memorySelector" original_models=["lite"] -> resolved_models=["lite"]
[9/20/2026, 6:10:16 AM.705] [Info] [AgentModelResolver] agent "summaryGenerator" original_models=undefined -> resolved_models=[]
[9/20/2026, 6:10:16 AM.705] [Info] [AgentModelResolver] agent "autoModeClassifier" original_models=undefined -> resolved_models=[]
[9/20/2026, 6:10:16 AM.705] [Info] [AgentModelResolver] agent "promptHookEvaluator" original_models=["lite"] -> resolved_models=["lite"]
[9/20/2026, 6:10:16 AM.705] [Info] [AgentModelResolver] agent "insightsAnalyzer" original_models=undefined -> resolved_models=[]
[9/20/2026, 6:10:16 AM.705] [Info] [AgentModelResolver] agent "agentInstructions" original_models=undefined -> resolved_models=[]
[9/20/2026, 6:10:16 AM.705] [Info] [AgentModelResolver] agent "statusline-setup" original_models=undefined -> resolved_models=[]
[9/20/2026, 6:10:16 AM.705] [Info] [AgentModelResolver] agent "Explore" original_models=["lite"] -> resolved_models=["lite"]
[9/20/2026, 6:10:16 AM.705] [Info] [AgentModelResolver] agent "Plan" original_models=undefined -> resolved_models=[]
[9/20/2026, 6:10:16 AM.705] [Info] [AgentModelResolver] agent "pulse" original_models=undefined -> resolved_models=[]
[9/20/2026, 6:10:16 AM.705] [Info] [AgentModelResolver] agent "enhance-prompt" original_models=undefined -> resolved_models=[]
[9/20/2026, 6:10:16 AM.708] [Info] [Merge] Step 1 (local + overlay): localModels=42, overlayModels=51, mergedModels=51
[9/20/2026, 6:10:16 AM.708] [Info] [Merge] Step 2 (+enterprise): enterpriseModels=0, totalModels=51
[9/20/2026, 6:10:16 AM.708] [Info] [Merge] Step 3 (+custom): customModels=0, totalModels=51
[9/20/2026, 6:10:16 AM.708] [Info] [Merge] Step 4 (availableModels filter): finalModels=51, cli.models=["auto","hy4-preview-f","hy3","hy3-x","deepseek-v4.1-flash","glm-5.3","glm-5.3-flash","glm-5.2","glm-5.1","glm-5v-turbo","minimax-m3","kimi-k3-1","kimi-k2.8-preview","kimi-k2.7","kimi-k2.6","deepseek-v4-pro"]
[9/20/2026, 6:10:16 AM.793] [Info] [WeixinClawBotClient] pollLoop iteration begin {"iteration":22466,"cursorLen":96}
[9/20/2026, 6:10:17 AM.523] [Info] [CentrifugoClient] Connected successfully
[9/20/2026, 6:10:17 AM.523] [Info] [ClawService] Centrifugo status: connected
[9/20/2026, 6:10:17 AM.529] [Info] [CentrifugoClient] Subscribed to channel: copilot_workbuddy:fdee3d54-95b6-4e9c-aaff-50ad9505aab4_25e526bc70aeedffd6ce569154fcfedd_e76b49539422036c
[9/20/2026, 6:27:11 AM.699] [Info] [CentrifugoClient] Re-subscribing to copilot_workbuddy:fdee3d54-95b6-4e9c-aaff-50ad9505aab4_25e526bc70aeedffd6ce569154fcfedd_e76b49539422036c: transport closed (code: 1)
[9/20/2026, 6:27:11 AM.699] [Info] [CentrifugoClient] Reconnecting: no ping (code: 2)
[9/20/2026, 6:27:11 AM.699] [Info] [ClawService] Centrifugo status: connecting
[9/20/2026, 6:27:11 AM.699] [Info] [WorkbuddyEnterpriseModels] enterpriseId: undefined, endpoint: https://copilot.tencent.com
[9/20/2026, 6:27:11 AM.699] [Info] [AgentModelResolver] product config input: 42 models, 18 agents
[9/20/2026, 6:27:11 AM.699] [Info] [AgentModelResolver] model ids: default, deepseek-v4-pro, deepseek-v4-flash, deepseek-v3-2-volc, minimax-m2.5, minimax-m2.7, minimax-m3-play, glm-5.1, glm-5.0, glm-5.0-turbo, glm-5v-turbo, glm-4.7, glm-4.6, glm-4.6v, kimi-k2.6, kimi-k2.5, kimi-k2-thinking, hy3-preview-agent, hunyuan-chat, hunyuan-image-v3.0, auto, hy3-preview, hunyuan-2.0-thinking, deepseek-v3-1-volc, deepseek-v3-1-lkeap, deepseek-v3-1, deepseek-v3-0324-lkeap, deepseek-r1-0528-lkeap, kimi-k2-instruct-taiji, completion-gf, default-1.1, hunyuan-3b, hunyuan-7b-dense, codewise-completions, codewise-rewrite, codewise-nes-a4-027-aide, codewise-jump, deepseek-r1-0528, deepseek-v3-0324-taco-completion, deepseek-v3-0324, default-1.2, hunyuan-2.0-instruct
[9/20/2026, 6:27:11 AM.699] [Info] [AgentModelResolver] agent "cli" original_models=["auto","glm-5v-turbo","glm-5.1","glm-5.0-turbo","glm-5.0","glm-4.7","kimi-k2.5","minimax-m2.7","deepseek-v3-2-volc"] -> resolved_models=["auto","glm-5v-turbo","glm-5.1","glm-5.0-turbo","glm-5.0","glm-4.7","kimi-k2.5","minimax-m2.7","deepseek-v3-2-volc"]
[9/20/2026, 6:27:11 AM.699] [Info] [AgentModelResolver] agent "general-purpose" original_models=undefined -> resolved_models=[]
[9/20/2026, 6:27:11 AM.700] [Info] [AgentModelResolver] agent "compact" original_models=undefined -> resolved_models=[]
[9/20/2026, 6:27:11 AM.700] [Info] [AgentModelResolver] agent "contextSummary" original_models=undefined -> resolved_models=[]
[9/20/2026, 6:27:11 AM.700] [Info] [AgentModelResolver] agent "contentAnalyzer" original_models=undefined -> resolved_models=[]
[9/20/2026, 6:27:11 AM.700] [Info] [AgentModelResolver] agent "terminalTitleGenerator" original_models=undefined -> resolved_models=[]
[9/20/2026, 6:27:11 AM.700] [Info] [AgentModelResolver] agent "promptSuggestion" original_models=undefined -> resolved_models=[]
[9/20/2026, 6:27:11 AM.700] [Info] [AgentModelResolver] agent "memorySelector" original_models=["lite"] -> resolved_models=["lite"]
[9/20/2026, 6:27:11 AM.700] [Info] [AgentModelResolver] agent "summaryGenerator" original_models=undefined -> resolved_models=[]
[9/20/2026, 6:27:11 AM.700] [Info] [AgentModelResolver] agent "autoModeClassifier" original_models=undefined -> resolved_models=[]
[9/20/2026, 6:27:11 AM.700] [Info] [AgentModelResolver] agent "promptHookEvaluator" original_models=["lite"] -> resolved_models=["lite"]
[9/20/2026, 6:27:11 AM.700] [Info] [AgentModelResolver] agent "insightsAnalyzer" original_models=undefined -> resolved_models=[]
[9/20/2026, 6:27:11 AM.700] [Info] [AgentModelResolver] agent "agentInstructions" original_models=undefined -> resolved_models=[]
[9/20/2026, 6:27:11 AM.700] [Info] [AgentModelResolver] agent "statusline-setup" original_models=undefined -> resolved_models=[]
[9/20/2026, 6:27:11 AM.700] [Info] [AgentModelResolver] agent "Explore" original_models=["lite"] -> resolved_models=["lite"]
[9/20/2026, 6:27:11 AM.700] [Info] [AgentModelResolver] agent "Plan" original_models=undefined -> resolved_models=[]
[9/20/2026, 6:27:11 AM.700] [Info] [AgentModelResolver] agent "pulse" original_models=undefined -> resolved_models=[]
[9/20/2026, 6:27:11 AM.700] [Info] [AgentModelResolver] agent "enhance-prompt" original_models=undefined -> resolved_models=[]
[9/20/2026, 6:27:11 AM.707] [Info] [Merge] Step 1 (local + overlay): localModels=42, overlayModels=51, mergedModels=51
[9/20/2026, 6:27:11 AM.707] [Info] [Merge] Step 2 (+enterprise): enterpriseModels=0, totalModels=51
[9/20/2026, 6:27:11 AM.707] [Info] [Merge] Step 3 (+custom): customModels=0, totalModels=51
[9/20/2026, 6:27:11 AM.707] [Info] [Merge] Step 4 (availableModels filter): finalModels=51, cli.models=["auto","hy4-preview-f","hy3","hy3-x","deepseek-v4.1-flash","glm-5.3","glm-5.3-flash","glm-5.2","glm-5.1","glm-5v-turbo","minimax-m3","kimi-k3-1","kimi-k2.8-preview","kimi-k2.7","kimi-k2.6","deepseek-v4-pro"]
[9/20/2026, 6:27:11 AM.708] [Info] [WeixinClawBotClient] pollLoop getUpdates returned {"iteration":22466,"elapsedMs":1014915,"ret":0,"hasBuf":true,"msgs":0}
[9/20/2026, 6:27:11 AM.709] [Info] [WorkbuddyEnterpriseModels] enterpriseId: undefined, endpoint: https://copilot.tencent.com
[9/20/2026, 6:27:11 AM.709] [Info] [AgentModelResolver] product config input: 42 models, 18 agents
[9/20/2026, 6:27:11 AM.709] [Info] [AgentModelResolver] model ids: default, deepseek-v4-pro, deepseek-v4-flash, deepseek-v3-2-volc, minimax-m2.5, minimax-m2.7, minimax-m3-play, glm-5.1, glm-5.0, glm-5.0-turbo, glm-5v-turbo, glm-4.7, glm-4.6, glm-4.6v, kimi-k2.6, kimi-k2.5, kimi-k2-thinking, hy3-preview-agent, hunyuan-chat, hunyuan-image-v3.0, auto, hy3-preview, hunyuan-2.0-thinking, deepseek-v3-1-volc, deepseek-v3-1-lkeap, deepseek-v3-1, deepseek-v3-0324-lkeap, deepseek-r1-0528-lkeap, kimi-k2-instruct-taiji, completion-gf, default-1.1, hunyuan-3b, hunyuan-7b-dense, codewise-completions, codewise-rewrite, codewise-nes-a4-027-aide, codewise-jump, deepseek-r1-0528, deepseek-v3-0324-taco-completion, deepseek-v3-0324, default-1.2, hunyuan-2.0-instruct
[9/20/2026, 6:27:11 AM.709] [Info] [AgentModelResolver] agent "cli" original_models=["auto","glm-5v-turbo","glm-5.1","glm-5.0-turbo","glm-5.0","glm-4.7","kimi-k2.5","minimax-m2.7","deepseek-v3-2-volc"] -> resolved_models=["auto","glm-5v-turbo","glm-5.1","glm-5.0-turbo","glm-5.0","glm-4.7","kimi-k2.5","minimax-m2.7","deepseek-v3-2-volc"]
[9/20/2026, 6:27:11 AM.709] [Info] [AgentModelResolver] agent "general-purpose" original_models=undefined -> resolved_models=[]
[9/20/2026, 6:27:11 AM.709] [Info] [AgentModelResolver] agent "compact" original_models=undefined -> resolved_models=[]
[9/20/2026, 6:27:11 AM.709] [Info] [AgentModelResolver] agent "contextSummary" original_models=undefined -> resolved_models=[]
[9/20/2026, 6:27:11 AM.709] [Info] [AgentModelResolver] agent "contentAnalyzer" original_models=undefined -> resolved_models=[]
[9/20/2026, 6:27:11 AM.709] [Info] [AgentModelResolver] agent "terminalTitleGenerator" original_models=undefined -> resolved_models=[]
[9/20/2026, 6:27:11 AM.709] [Info] [AgentModelResolver] agent "promptSuggestion" original_models=undefined -> resolved_models=[]
[9/20/2026, 6:27:11 AM.709] [Info] [AgentModelResolver] agent "memorySelector" original_models=["lite"] -> resolved_models=["lite"]
[9/20/2026, 6:27:11 AM.709] [Info] [AgentModelResolver] agent "summaryGenerator" original_models=undefined -> resolved_models=[]
[9/20/2026, 6:27:11 AM.709] [Info] [AgentModelResolver] agent "autoModeClassifier" original_models=undefined -> resolved_models=[]
[9/20/2026, 6:27:11 AM.709] [Info] [AgentModelResolver] agent "promptHookEvaluator" original_models=["lite"] -> resolved_models=["lite"]
[9/20/2026, 6:27:11 AM.709] [Info] [AgentModelResolver] agent "insightsAnalyzer" original_models=undefined -> resolved_models=[]
[9/20/2026, 6:27:11 AM.709] [Info] [AgentModelResolver] agent "agentInstructions" original_models=undefined -> resolved_models=[]
[9/20/2026, 6:27:11 AM.709] [Info] [AgentModelResolver] agent "statusline-setup" original_models=undefined -> resolved_models=[]
[9/20/2026, 6:27:11 AM.709] [Info] [AgentModelResolver] agent "Explore" original_models=["lite"] -> resolved_models=["lite"]
[9/20/2026, 6:27:11 AM.709] [Info] [AgentModelResolver] agent "Plan" original_models=undefined -> resolved_models=[]
[9/20/2026, 6:27:11 AM.709] [Info] [AgentModelResolver] agent "pulse" original_models=undefined -> resolved_models=[]
[9/20/2026, 6:27:11 AM.709] [Info] [AgentModelResolver] agent "enhance-prompt" original_models=undefined -> resolved_models=[]
[9/20/2026, 6:27:11 AM.712] [Info] [Merge] Step 1 (local + overlay): localModels=42, overlayModels=51, mergedModels=51
[9/20/2026, 6:27:11 AM.712] [Info] [Merge] Step 2 (+enterprise): enterpriseModels=0, totalModels=51
[9/20/2026, 6:27:11 AM.712] [Info] [Merge] Step 3 (+custom): customModels=0, totalModels=51
[9/20/2026, 6:27:11 AM.712] [Info] [Merge] Step 4 (availableModels filter): finalModels=51, cli.models=["auto","hy4-preview-f","hy3","hy3-x","deepseek-v4.1-flash","glm-5.3","glm-5.3-flash","glm-5.2","glm-5.1","glm-5v-turbo","minimax-m3","kimi-k3-1","kimi-k2.8-preview","kimi-k2.7","kimi-k2.6","deepseek-v4-pro"]
[9/20/2026, 6:27:11 AM.807] [Info] [WeixinClawBotClient] pollLoop iteration begin {"iteration":22467,"cursorLen":96}
[9/20/2026, 6:27:12 AM.464] [Info] [CentrifugoClient] Connected successfully
[9/20/2026, 6:27:12 AM.464] [Info] [ClawService] Centrifugo status: connected
[9/20/2026, 6:27:12 AM.470] [Info] [CentrifugoClient] Subscribed to channel: copilot_workbuddy:fdee3d54-95b6-4e9c-aaff-50ad9505aab4_25e526bc70aeedffd6ce569154fcfedd_e76b49539422036c
[9/20/2026, 6:35:55 AM.706] [Info] [CentrifugoClient] Re-subscribing to copilot_workbuddy:fdee3d54-95b6-4e9c-aaff-50ad9505aab4_25e526bc70aeedffd6ce569154fcfedd_e76b49539422036c: transport closed (code: 1)
[9/20/2026, 6:35:55 AM.706] [Info] [CentrifugoClient] Reconnecting: no ping (code: 2)
[9/20/2026, 6:35:55 AM.706] [Info] [ClawService] Centrifugo status: connecting
[9/20/2026, 6:35:55 AM.706] [Info] [WorkbuddyEnterpriseModels] enterpriseId: undefined, endpoint: https://copilot.tencent.com
[9/20/2026, 6:35:55 AM.706] [Info] [AgentModelResolver] product config input: 42 models, 18 agents
[9/20/2026, 6:35:55 AM.706] [Info] [AgentModelResolver] model ids: default, deepseek-v4-pro, deepseek-v4-flash, deepseek-v3-2-volc, minimax-m2.5, minimax-m2.7, minimax-m3-play, glm-5.1, glm-5.0, glm-5.0-turbo, glm-5v-turbo, glm-4.7, glm-4.6, glm-4.6v, kimi-k2.6, kimi-k2.5, kimi-k2-thinking, hy3-preview-agent, hunyuan-chat, hunyuan-image-v3.0, auto, hy3-preview, hunyuan-2.0-thinking, deepseek-v3-1-volc, deepseek-v3-1-lkeap, deepseek-v3-1, deepseek-v3-0324-lkeap, deepseek-r1-0528-lkeap, kimi-k2-instruct-taiji, completion-gf, default-1.1, hunyuan-3b, hunyuan-7b-dense, codewise-completions, codewise-rewrite, codewise-nes-a4-027-aide, codewise-jump, deepseek-r1-0528, deepseek-v3-0324-taco-completion, deepseek-v3-0324, default-1.2, hunyuan-2.0-instruct
[9/20/2026, 6:35:55 AM.706] [Info] [AgentModelResolver] agent "cli" original_models=["auto","glm-5v-turbo","glm-5.1","glm-5.0-turbo","glm-5.0","glm-4.7","kimi-k2.5","minimax-m2.7","deepseek-v3-2-volc"] -> resolved_models=["auto","glm-5v-turbo","glm-5.1","glm-5.0-turbo","glm-5.0","glm-4.7","kimi-k2.5","minimax-m2.7","deepseek-v3-2-volc"]
[9/20/2026, 6:35:55 AM.706] [Info] [AgentModelResolver] agent "general-purpose" original_models=undefined -> resolved_models=[]
[9/20/2026, 6:35:55 AM.706] [Info] [AgentModelResolver] agent "compact" original_models=undefined -> resolved_models=[]
[9/20/2026, 6:35:55 AM.706] [Info] [AgentModelResolver] agent "contextSummary" original_models=undefined -> resolved_models=[]
[9/20/2026, 6:35:55 AM.706] [Info] [AgentModelResolver] agent "contentAnalyzer" original_models=undefined -> resolved_models=[]
[9/20/2026, 6:35:55 AM.706] [Info] [AgentModelResolver] agent "terminalTitleGenerator" original_models=undefined -> resolved_models=[]
[9/20/2026, 6:35:55 AM.706] [Info] [AgentModelResolver] agent "promptSuggestion" original_models=undefined -> resolved_models=[]
[9/20/2026, 6:35:55 AM.706] [Info] [AgentModelResolver] agent "memorySelector" original_models=["lite"] -> resolved_models=["lite"]
[9/20/2026, 6:35:55 AM.706] [Info] [AgentModelResolver] agent "summaryGenerator" original_models=undefined -> resolved_models=[]
[9/20/2026, 6:35:55 AM.706] [Info] [AgentModelResolver] agent "autoModeClassifier" original_models=undefined -> resolved_models=[]
[9/20/2026, 6:35:55 AM.706] [Info] [AgentModelResolver] agent "promptHookEvaluator" original_models=["lite"] -> resolved_models=["lite"]
[9/20/2026, 6:35:55 AM.706] [Info] [AgentModelResolver] agent "insightsAnalyzer" original_models=undefined -> resolved_models=[]
[9/20/2026, 6:35:55 AM.706] [Info] [AgentModelResolver] agent "agentInstructions" original_models=undefined -> resolved_models=[]
[9/20/2026, 6:35:55 AM.706] [Info] [AgentModelResolver] agent "statusline-setup" original_models=undefined -> resolved_models=[]
[9/20/2026, 6:35:55 AM.706] [Info] [AgentModelResolver] agent "Explore" original_models=["lite"] -> resolved_models=["lite"]
[9/20/2026, 6:35:55 AM.706] [Info] [AgentModelResolver] agent "Plan" original_models=undefined -> resolved_models=[]
[9/20/2026, 6:35:55 AM.706] [Info] [AgentModelResolver] agent "pulse" original_models=undefined -> resolved_models=[]
[9/20/2026, 6:35:55 AM.706] [Info] [AgentModelResolver] agent "enhance-prompt" original_models=undefined -> resolved_models=[]
[9/20/2026, 6:35:55 AM.709] [Info] [Merge] Step 1 (local + overlay): localModels=42, overlayModels=51, mergedModels=51
[9/20/2026, 6:35:55 AM.709] [Info] [Merge] Step 2 (+enterprise): enterpriseModels=0, totalModels=51
[9/20/2026, 6:35:55 AM.709] [Info] [Merge] Step 3 (+custom): customModels=0, totalModels=51
[9/20/2026, 6:35:55 AM.709] [Info] [Merge] Step 4 (availableModels filter): finalModels=51, cli.models=["auto","hy4-preview-f","hy3","hy3-x","deepseek-v4.1-flash","glm-5.3","glm-5.3-flash","glm-5.2","glm-5.1","glm-5v-turbo","minimax-m3","kimi-k3-1","kimi-k2.8-preview","kimi-k2.7","kimi-k2.6","deepseek-v4-pro"]
[9/20/2026, 6:35:55 AM.709] [Info] [WeixinClawBotClient] pollLoop getUpdates returned {"iteration":22467,"elapsedMs":523902,"ret":0,"hasBuf":true,"msgs":0}
[9/20/2026, 6:35:55 AM.710] [Info] [WorkbuddyEnterpriseModels] enterpriseId: undefined, endpoint: https://copilot.tencent.com
[9/20/2026, 6:35:55 AM.710] [Info] [AgentModelResolver] product config input: 42 models, 18 agents
[9/20/2026, 6:35:55 AM.710] [Info] [AgentModelResolver] model ids: default, deepseek-v4-pro, deepseek-v4-flash, deepseek-v3-2-volc, minimax-m2.5, minimax-m2.7, minimax-m3-play, glm-5.1, glm-5.0, glm-5.0-turbo, glm-5v-turbo, glm-4.7, glm-4.6, glm-4.6v, kimi-k2.6, kimi-k2.5, kimi-k2-thinking, hy3-preview-agent, hunyuan-chat, hunyuan-image-v3.0, auto, hy3-preview, hunyuan-2.0-thinking, deepseek-v3-1-volc, deepseek-v3-1-lkeap, deepseek-v3-1, deepseek-v3-0324-lkeap, deepseek-r1-0528-lkeap, kimi-k2-instruct-taiji, completion-gf, default-1.1, hunyuan-3b, hunyuan-7b-dense, codewise-completions, codewise-rewrite, codewise-nes-a4-027-aide, codewise-jump, deepseek-r1-0528, deepseek-v3-0324-taco-completion, deepseek-v3-0324, default-1.2, hunyuan-2.0-instruct
[9/20/2026, 6:35:55 AM.710] [Info] [AgentModelResolver] agent "cli" original_models=["auto","glm-5v-turbo","glm-5.1","glm-5.0-turbo","glm-5.0","glm-4.7","kimi-k2.5","minimax-m2.7","deepseek-v3-2-volc"] -> resolved_models=["auto","glm-5v-turbo","glm-5.1","glm-5.0-turbo","glm-5.0","glm-4.7","kimi-k2.5","minimax-m2.7","deepseek-v3-2-volc"]
[9/20/2026, 6:35:55 AM.710] [Info] [AgentModelResolver] agent "general-purpose" original_models=undefined -> resolved_models=[]
[9/20/2026, 6:35:55 AM.710] [Info] [AgentModelResolver] agent "compact" original_models=undefined -> resolved_models=[]
[9/20/2026, 6:35:55 AM.710] [Info] [AgentModelResolver] agent "contextSummary" original_models=undefined -> resolved_models=[]
[9/20/2026, 6:35:55 AM.710] [Info] [AgentModelResolver] agent "contentAnalyzer" original_models=undefined -> resolved_models=[]
[9/20/2026, 6:35:55 AM.710] [Info] [AgentModelResolver] agent "terminalTitleGenerator" original_models=undefined -> resolved_models=[]
[9/20/2026, 6:35:55 AM.710] [Info] [AgentModelResolver] agent "promptSuggestion" original_models=undefined -> resolved_models=[]
[9/20/2026, 6:35:55 AM.710] [Info] [AgentModelResolver] agent "memorySelector" original_models=["lite"] -> resolved_models=["lite"]
[9/20/2026, 6:35:55 AM.710] [Info] [AgentModelResolver] agent "summaryGenerator" original_models=undefined -> resolved_models=[]
[9/20/2026, 6:35:55 AM.710] [Info] [AgentModelResolver] agent "autoModeClassifier" original_models=undefined -> resolved_models=[]
[9/20/2026, 6:35:55 AM.710] [Info] [AgentModelResolver] agent "promptHookEvaluator" original_models=["lite"] -> resolved_models=["lite"]
[9/20/2026, 6:35:55 AM.710] [Info] [AgentModelResolver] agent "insightsAnalyzer" original_models=undefined -> resolved_models=[]
[9/20/2026, 6:35:55 AM.710] [Info] [AgentModelResolver] agent "agentInstructions" original_models=undefined -> resolved_models=[]
[9/20/2026, 6:35:55 AM.710] [Info] [AgentModelResolver] agent "statusline-setup" original_models=undefined -> resolved_models=[]
[9/20/2026, 6:35:55 AM.710] [Info] [AgentModelResolver] agent "Explore" original_models=["lite"] -> resolved_models=["lite"]
[9/20/2026, 6:35:55 AM.710] [Info] [AgentModelResolver] agent "Plan" original_models=undefined -> resolved_models=[]
[9/20/2026, 6:35:55 AM.710] [Info] [AgentModelResolver] agent "pulse" original_models=undefined -> resolved_models=[]
[9/20/2026, 6:35:55 AM.710] [Info] [AgentModelResolver] agent "enhance-prompt" original_models=undefined -> resolved_models=[]
[9/20/2026, 6:35:55 AM.719] [Info] [Merge] Step 1 (local + overlay): localModels=42, overlayModels=51, mergedModels=51
[9/20/2026, 6:35:55 AM.719] [Info] [Merge] Step 2 (+enterprise): enterpriseModels=0, totalModels=51
[9/20/2026, 6:35:55 AM.719] [Info] [Merge] Step 3 (+custom): customModels=0, totalModels=51
[9/20/2026, 6:35:55 AM.719] [Info] [Merge] Step 4 (availableModels filter): finalModels=51, cli.models=["auto","hy4-preview-f","hy3","hy3-x","deepseek-v4.1-flash","glm-5.3","glm-5.3-flash","glm-5.2","glm-5.1","glm-5v-turbo","minimax-m3","kimi-k3-1","kimi-k2.8-preview","kimi-k2.7","kimi-k2.6","deepseek-v4-pro"]
[9/20/2026, 6:35:55 AM.755] [Info] [WeixinClawBotClient] pollLoop iteration begin {"iteration":22468,"cursorLen":96}
[9/20/2026, 6:35:56 AM.555] [Info] [CentrifugoClient] Connected successfully
[9/20/2026, 6:35:56 AM.555] [Info] [ClawService] Centrifugo status: connected
[9/20/2026, 6:35:56 AM.558] [Info] [CentrifugoClient] Subscribed to channel: copilot_workbuddy:fdee3d54-95b6-4e9c-aaff-50ad9505aab4_25e526bc70aeedffd6ce569154fcfedd_e76b49539422036c
[9/20/2026, 6:36:14 AM.299] [Info] [WeixinClawBotClient] pollLoop getUpdates returned {"iteration":22468,"elapsedMs":18544,"hasBuf":true,"msgs":0}
[9/20/2026, 6:36:14 AM.301] [Info] [WeixinClawBotClient] pollLoop iteration begin {"iteration":22469,"cursorLen":96}
[9/20/2026, 6:41:59 AM.754] [Info] [CentrifugoClient] Re-subscribing to copilot_workbuddy:fdee3d54-95b6-4e9c-aaff-50ad9505aab4_25e526bc70aeedffd6ce569154fcfedd_e76b49539422036c: transport closed (code: 1)
[9/20/2026, 6:41:59 AM.754] [Info] [CentrifugoClient] Reconnecting: no ping (code: 2)
[9/20/2026, 6:41:59 AM.754] [Info] [ClawService] Centrifugo status: connecting
[9/20/2026, 6:41:59 AM.755] [Info] [WeixinClawBotClient] pollLoop getUpdates returned {"iteration":22469,"elapsedMs":345455,"ret":0,"hasBuf":true,"msgs":0}
[9/20/2026, 6:41:59 AM.822] [Info] [WeixinClawBotClient] pollLoop iteration begin {"iteration":22470,"cursorLen":96}
[9/20/2026, 6:42:00 AM.656] [Info] [CentrifugoClient] Connected successfully
[9/20/2026, 6:42:00 AM.656] [Info] [ClawService] Centrifugo status: connected
[9/20/2026, 6:42:00 AM.658] [Info] [CentrifugoClient] Subscribed to channel: copilot_workbuddy:fdee3d54-95b6-4e9c-aaff-50ad9505aab4_25e526bc70aeedffd6ce569154fcfedd_e76b49539422036c
[9/20/2026, 6:57:34 AM.742] [Info] [CentrifugoClient] Re-subscribing to copilot_workbuddy:fdee3d54-95b6-4e9c-aaff-50ad9505aab4_25e526bc70aeedffd6ce569154fcfedd_e76b49539422036c: transport closed (code: 1)
[9/20/2026, 6:57:34 AM.742] [Info] [CentrifugoClient] Reconnecting: no ping (code: 2)
[9/20/2026, 6:57:34 AM.742] [Info] [ClawService] Centrifugo status: connecting
[9/20/2026, 6:57:34 AM.742] [Info] [WorkbuddyEnterpriseModels] enterpriseId: undefined, endpoint: https://copilot.tencent.com
[9/20/2026, 6:57:34 AM.743] [Info] [AgentModelResolver] product config input: 42 models, 18 agents
[9/20/2026, 6:57:34 AM.743] [Info] [AgentModelResolver] model ids: default, deepseek-v4-pro, deepseek-v4-flash, deepseek-v3-2-volc, minimax-m2.5, minimax-m2.7, minimax-m3-play, glm-5.1, glm-5.0, glm-5.0-turbo, glm-5v-turbo, glm-4.7, glm-4.6, glm-4.6v, kimi-k2.6, kimi-k2.5, kimi-k2-thinking, hy3-preview-agent, hunyuan-chat, hunyuan-image-v3.0, auto, hy3-preview, hunyuan-2.0-thinking, deepseek-v3-1-volc, deepseek-v3-1-lkeap, deepseek-v3-1, deepseek-v3-0324-lkeap, deepseek-r1-0528-lkeap, kimi-k2-instruct-taiji, completion-gf, default-1.1, hunyuan-3b, hunyuan-7b-dense, codewise-completions, codewise-rewrite, codewise-nes-a4-027-aide, codewise-jump, deepseek-r1-0528, deepseek-v3-0324-taco-completion, deepseek-v3-0324, default-1.2, hunyuan-2.0-instruct
[9/20/2026, 6:57:34 AM.743] [Info] [AgentModelResolver] agent "cli" original_models=["auto","glm-5v-turbo","glm-5.1","glm-5.0-turbo","glm-5.0","glm-4.7","kimi-k2.5","minimax-m2.7","deepseek-v3-2-volc"] -> resolved_models=["auto","glm-5v-turbo","glm-5.1","glm-5.0-turbo","glm-5.0","glm-4.7","kimi-k2.5","minimax-m2.7","deepseek-v3-2-volc"]
[9/20/2026, 6:57:34 AM.743] [Info] [AgentModelResolver] agent "general-purpose" original_models=undefined -> resolved_models=[]
[9/20/2026, 6:57:34 AM.743] [Info] [AgentModelResolver] agent "compact" original_models=undefined -> resolved_models=[]
[9/20/2026, 6:57:34 AM.743] [Info] [AgentModelResolver] agent "contextSummary" original_models=undefined -> resolved_models=[]
[9/20/2026, 6:57:34 AM.743] [Info] [AgentModelResolver] agent "contentAnalyzer" original_models=undefined -> resolved_models=[]
[9/20/2026, 6:57:34 AM.743] [Info] [AgentModelResolver] agent "terminalTitleGenerator" original_models=undefined -> resolved_models=[]
[9/20/2026, 6:57:34 AM.743] [Info] [AgentModelResolver] agent "promptSuggestion" original_models=undefined -> resolved_models=[]
[9/20/2026, 6:57:34 AM.743] [Info] [AgentModelResolver] agent "memorySelector" original_models=["lite"] -> resolved_models=["lite"]
[9/20/2026, 6:57:34 AM.743] [Info] [AgentModelResolver] agent "summaryGenerator" original_models=undefined -> resolved_models=[]
[9/20/2026, 6:57:34 AM.743] [Info] [AgentModelResolver] agent "autoModeClassifier" original_models=undefined -> resolved_models=[]
[9/20/2026, 6:57:34 AM.743] [Info] [AgentModelResolver] agent "promptHookEvaluator" original_models=["lite"] -> resolved_models=["lite"]
[9/20/2026, 6:57:34 AM.743] [Info] [AgentModelResolver] agent "insightsAnalyzer" original_models=undefined -> resolved_models=[]
[9/20/2026, 6:57:34 AM.743] [Info] [AgentModelResolver] agent "agentInstructions" original_models=undefined -> resolved_models=[]
[9/20/2026, 6:57:34 AM.743] [Info] [AgentModelResolver] agent "statusline-setup" original_models=undefined -> resolved_models=[]
[9/20/2026, 6:57:34 AM.743] [Info] [AgentModelResolver] agent "Explore" original_models=["lite"] -> resolved_models=["lite"]
[9/20/2026, 6:57:34 AM.743] [Info] [AgentModelResolver] agent "Plan" original_models=undefined -> resolved_models=[]
[9/20/2026, 6:57:34 AM.743] [Info] [AgentModelResolver] agent "pulse" original_models=undefined -> resolved_models=[]
[9/20/2026, 6:57:34 AM.743] [Info] [AgentModelResolver] agent "enhance-prompt" original_models=undefined -> resolved_models=[]
[9/20/2026, 6:57:34 AM.746] [Info] [Merge] Step 1 (local + overlay): localModels=42, overlayModels=51, mergedModels=51
[9/20/2026, 6:57:34 AM.746] [Info] [Merge] Step 2 (+enterprise): enterpriseModels=0, totalModels=51
[9/20/2026, 6:57:34 AM.746] [Info] [Merge] Step 3 (+custom): customModels=0, totalModels=51
[9/20/2026, 6:57:34 AM.746] [Info] [Merge] Step 4 (availableModels filter): finalModels=51, cli.models=["auto","hy4-preview-f","hy3","hy3-x","deepseek-v4.1-flash","glm-5.3","glm-5.3-flash","glm-5.2","glm-5.1","glm-5v-turbo","minimax-m3","kimi-k3-1","kimi-k2.8-preview","kimi-k2.7","kimi-k2.6","deepseek-v4-pro"]
[9/20/2026, 6:57:34 AM.746] [Info] [WeixinClawBotClient] pollLoop getUpdates returned {"iteration":22470,"elapsedMs":934924,"ret":0,"hasBuf":true,"msgs":0}
[9/20/2026, 6:57:34 AM.746] [Info] [WorkbuddyEnterpriseModels] enterpriseId: undefined, endpoint: https://copilot.tencent.com
[9/20/2026, 6:57:34 AM.746] [Info] [AgentModelResolver] product config input: 42 models, 18 agents
[9/20/2026, 6:57:34 AM.746] [Info] [AgentModelResolver] model ids: default, deepseek-v4-pro, deepseek-v4-flash, deepseek-v3-2-volc, minimax-m2.5, minimax-m2.7, minimax-m3-play, glm-5.1, glm-5.0, glm-5.0-turbo, glm-5v-turbo, glm-4.7, glm-4.6, glm-4.6v, kimi-k2.6, kimi-k2.5, kimi-k2-thinking, hy3-preview-agent, hunyuan-chat, hunyuan-image-v3.0, auto, hy3-preview, hunyuan-2.0-thinking, deepseek-v3-1-volc, deepseek-v3-1-lkeap, deepseek-v3-1, deepseek-v3-0324-lkeap, deepseek-r1-0528-lkeap, kimi-k2-instruct-taiji, completion-gf, default-1.1, hunyuan-3b, hunyuan-7b-dense, codewise-completions, codewise-rewrite, codewise-nes-a4-027-aide, codewise-jump, deepseek-r1-0528, deepseek-v3-0324-taco-completion, deepseek-v3-0324, default-1.2, hunyuan-2.0-instruct
[9/20/2026, 6:57:34 AM.746] [Info] [AgentModelResolver] agent "cli" original_models=["auto","glm-5v-turbo","glm-5.1","glm-5.0-turbo","glm-5.0","glm-4.7","kimi-k2.5","minimax-m2.7","deepseek-v3-2-volc"] -> resolved_models=["auto","glm-5v-turbo","glm-5.1","glm-5.0-turbo","glm-5.0","glm-4.7","kimi-k2.5","minimax-m2.7","deepseek-v3-2-volc"]
[9/20/2026, 6:57:34 AM.746] [Info] [AgentModelResolver] agent "general-purpose" original_models=undefined -> resolved_models=[]
[9/20/2026, 6:57:34 AM.746] [Info] [AgentModelResolver] agent "compact" original_models=undefined -> resolved_models=[]
[9/20/2026, 6:57:34 AM.746] [Info] [AgentModelResolver] agent "contextSummary" original_models=undefined -> resolved_models=[]
[9/20/2026, 6:57:34 AM.746] [Info] [AgentModelResolver] agent "contentAnalyzer" original_models=undefined -> resolved_models=[]
[9/20/2026, 6:57:34 AM.746] [Info] [AgentModelResolver] agent "terminalTitleGenerator" original_models=undefined -> resolved_models=[]
[9/20/2026, 6:57:34 AM.746] [Info] [AgentModelResolver] agent "promptSuggestion" original_models=undefined -> resolved_models=[]
[9/20/2026, 6:57:34 AM.746] [Info] [AgentModelResolver] agent "memorySelector" original_models=["lite"] -> resolved_models=["lite"]
[9/20/2026, 6:57:34 AM.746] [Info] [AgentModelResolver] agent "summaryGenerator" original_models=undefined -> resolved_models=[]
[9/20/2026, 6:57:34 AM.746] [Info] [AgentModelResolver] agent "autoModeClassifier" original_models=undefined -> resolved_models=[]
[9/20/2026, 6:57:34 AM.746] [Info] [AgentModelResolver] agent "promptHookEvaluator" original_models=["lite"] -> resolved_models=["lite"]
[9/20/2026, 6:57:34 AM.746] [Info] [AgentModelResolver] agent "insightsAnalyzer" original_models=undefined -> resolved_models=[]
[9/20/2026, 6:57:34 AM.746] [Info] [AgentModelResolver] agent "agentInstructions" original_models=undefined -> resolved_models=[]
[9/20/2026, 6:57:34 AM.746] [Info] [AgentModelResolver] agent "statusline-setup" original_models=undefined -> resolved_models=[]
[9/20/2026, 6:57:34 AM.746] [Info] [AgentModelResolver] agent "Explore" original_models=["lite"] -> resolved_models=["lite"]
[9/20/2026, 6:57:34 AM.746] [Info] [AgentModelResolver] agent "Plan" original_models=undefined -> resolved_models=[]
[9/20/2026, 6:57:34 AM.746] [Info] [AgentModelResolver] agent "pulse" original_models=undefined -> resolved_models=[]
[9/20/2026, 6:57:34 AM.746] [Info] [AgentModelResolver] agent "enhance-prompt" original_models=undefined -> resolved_models=[]
[9/20/2026, 6:57:34 AM.751] [Info] [Merge] Step 1 (local + overlay): localModels=42, overlayModels=51, mergedModels=51
[9/20/2026, 6:57:34 AM.751] [Info] [Merge] Step 2 (+enterprise): enterpriseModels=0, totalModels=51
[9/20/2026, 6:57:34 AM.751] [Info] [Merge] Step 3 (+custom): customModels=0, totalModels=51
[9/20/2026, 6:57:34 AM.751] [Info] [Merge] Step 4 (availableModels filter): finalModels=51, cli.models=["auto","hy4-preview-f","hy3","hy3-x","deepseek-v4.1-flash","glm-5.3","glm-5.3-flash","glm-5.2","glm-5.1","glm-5v-turbo","minimax-m3","kimi-k3-1","kimi-k2.8-preview","kimi-k2.7","kimi-k2.6","deepseek-v4-pro"]
[9/20/2026, 6:57:34 AM.866] [Info] [WeixinClawBotClient] pollLoop iteration begin {"iteration":22471,"cursorLen":96}
[9/20/2026, 6:57:35 AM.670] [Info] [CentrifugoClient] Connected successfully
[9/20/2026, 6:57:35 AM.670] [Info] [ClawService] Centrifugo status: connected
[9/20/2026, 6:57:35 AM.677] [Info] [CentrifugoClient] Subscribed to channel: copilot_workbuddy:fdee3d54-95b6-4e9c-aaff-50ad9505aab4_25e526bc70aeedffd6ce569154fcfedd_e76b49539422036c
[9/20/2026, 7:13:16 AM.753] [Info] [CentrifugoClient] Re-subscribing to copilot_workbuddy:fdee3d54-95b6-4e9c-aaff-50ad9505aab4_25e526bc70aeedffd6ce569154fcfedd_e76b49539422036c: transport closed (code: 1)
[9/20/2026, 7:13:16 AM.753] [Info] [CentrifugoClient] Reconnecting: no ping (code: 2)
[9/20/2026, 7:13:16 AM.753] [Info] [ClawService] Centrifugo status: connecting
[9/20/2026, 7:13:16 AM.754] [Info] [WorkbuddyEnterpriseModels] enterpriseId: undefined, endpoint: https://copilot.tencent.com
[9/20/2026, 7:13:16 AM.754] [Info] [AgentModelResolver] product config input: 42 models, 18 agents
[9/20/2026, 7:13:16 AM.754] [Info] [AgentModelResolver] model ids: default, deepseek-v4-pro, deepseek-v4-flash, deepseek-v3-2-volc, minimax-m2.5, minimax-m2.7, minimax-m3-play, glm-5.1, glm-5.0, glm-5.0-turbo, glm-5v-turbo, glm-4.7, glm-4.6, glm-4.6v, kimi-k2.6, kimi-k2.5, kimi-k2-thinking, hy3-preview-agent, hunyuan-chat, hunyuan-image-v3.0, auto, hy3-preview, hunyuan-2.0-thinking, deepseek-v3-1-volc, deepseek-v3-1-lkeap, deepseek-v3-1, deepseek-v3-0324-lkeap, deepseek-r1-0528-lkeap, kimi-k2-instruct-taiji, completion-gf, default-1.1, hunyuan-3b, hunyuan-7b-dense, codewise-completions, codewise-rewrite, codewise-nes-a4-027-aide, codewise-jump, deepseek-r1-0528, deepseek-v3-0324-taco-completion, deepseek-v3-0324, default-1.2, hunyuan-2.0-instruct
[9/20/2026, 7:13:16 AM.754] [Info] [AgentModelResolver] agent "cli" original_models=["auto","glm-5v-turbo","glm-5.1","glm-5.0-turbo","glm-5.0","glm-4.7","kimi-k2.5","minimax-m2.7","deepseek-v3-2-volc"] -> resolved_models=["auto","glm-5v-turbo","glm-5.1","glm-5.0-turbo","glm-5.0","glm-4.7","kimi-k2.5","minimax-m2.7","deepseek-v3-2-volc"]
[9/20/2026, 7:13:16 AM.754] [Info] [AgentModelResolver] agent "general-purpose" original_models=undefined -> resolved_models=[]
[9/20/2026, 7:13:16 AM.754] [Info] [AgentModelResolver] agent "compact" original_models=undefined -> resolved_models=[]
[9/20/2026, 7:13:16 AM.754] [Info] [AgentModelResolver] agent "contextSummary" original_models=undefined -> resolved_models=[]
[9/20/2026, 7:13:16 AM.754] [Info] [AgentModelResolver] agent "contentAnalyzer" original_models=undefined -> resolved_models=[]
[9/20/2026, 7:13:16 AM.754] [Info] [AgentModelResolver] agent "terminalTitleGenerator" original_models=undefined -> resolved_models=[]
[9/20/2026, 7:13:16 AM.754] [Info] [AgentModelResolver] agent "promptSuggestion" original_models=undefined -> resolved_models=[]
[9/20/2026, 7:13:16 AM.754] [Info] [AgentModelResolver] agent "memorySelector" original_models=["lite"] -> resolved_models=["lite"]
[9/20/2026, 7:13:16 AM.754] [Info] [AgentModelResolver] agent "summaryGenerator" original_models=undefined -> resolved_models=[]
[9/20/2026, 7:13:16 AM.754] [Info] [AgentModelResolver] agent "autoModeClassifier" original_models=undefined -> resolved_models=[]
[9/20/2026, 7:13:16 AM.754] [Info] [AgentModelResolver] agent "promptHookEvaluator" original_models=["lite"] -> resolved_models=["lite"]
[9/20/2026, 7:13:16 AM.754] [Info] [AgentModelResolver] agent "insightsAnalyzer" original_models=undefined -> resolved_models=[]
[9/20/2026, 7:13:16 AM.754] [Info] [AgentModelResolver] agent "agentInstructions" original_models=undefined -> resolved_models=[]
[9/20/2026, 7:13:16 AM.754] [Info] [AgentModelResolver] agent "statusline-setup" original_models=undefined -> resolved_models=[]
[9/20/2026, 7:13:16 AM.754] [Info] [AgentModelResolver] agent "Explore" original_models=["lite"] -> resolved_models=["lite"]
[9/20/2026, 7:13:16 AM.754] [Info] [AgentModelResolver] agent "Plan" original_models=undefined -> resolved_models=[]
[9/20/2026, 7:13:16 AM.754] [Info] [AgentModelResolver] agent "pulse" original_models=undefined -> resolved_models=[]
[9/20/2026, 7:13:16 AM.754] [Info] [AgentModelResolver] agent "enhance-prompt" original_models=undefined -> resolved_models=[]
[9/20/2026, 7:13:16 AM.757] [Info] [Merge] Step 1 (local + overlay): localModels=42, overlayModels=51, mergedModels=51
[9/20/2026, 7:13:16 AM.757] [Info] [Merge] Step 2 (+enterprise): enterpriseModels=0, totalModels=51
[9/20/2026, 7:13:16 AM.757] [Info] [Merge] Step 3 (+custom): customModels=0, totalModels=51
[9/20/2026, 7:13:16 AM.757] [Info] [Merge] Step 4 (availableModels filter): finalModels=51, cli.models=["auto","hy4-preview-f","hy3","hy3-x","deepseek-v4.1-flash","glm-5.3","glm-5.3-flash","glm-5.2","glm-5.1","glm-5v-turbo","minimax-m3","kimi-k3-1","kimi-k2.8-preview","kimi-k2.7","kimi-k2.6","deepseek-v4-pro"]
[9/20/2026, 7:13:16 AM.757] [Info] [WeixinClawBotClient] pollLoop getUpdates returned {"iteration":22471,"elapsedMs":941891,"ret":0,"hasBuf":true,"msgs":0}
[9/20/2026, 7:13:16 AM.758] [Info] [WorkbuddyEnterpriseModels] enterpriseId: undefined, endpoint: https://copilot.tencent.com
[9/20/2026, 7:13:16 AM.758] [Info] [AgentModelResolver] product config input: 42 models, 18 agents
[9/20/2026, 7:13:16 AM.758] [Info] [AgentModelResolver] model ids: default, deepseek-v4-pro, deepseek-v4-flash, deepseek-v3-2-volc, minimax-m2.5, minimax-m2.7, minimax-m3-play, glm-5.1, glm-5.0, glm-5.0-turbo, glm-5v-turbo, glm-4.7, glm-4.6, glm-4.6v, kimi-k2.6, kimi-k2.5, kimi-k2-thinking, hy3-preview-agent, hunyuan-chat, hunyuan-image-v3.0, auto, hy3-preview, hunyuan-2.0-thinking, deepseek-v3-1-volc, deepseek-v3-1-lkeap, deepseek-v3-1, deepseek-v3-0324-lkeap, deepseek-r1-0528-lkeap, kimi-k2-instruct-taiji, completion-gf, default-1.1, hunyuan-3b, hunyuan-7b-dense, codewise-completions, codewise-rewrite, codewise-nes-a4-027-aide, codewise-jump, deepseek-r1-0528, deepseek-v3-0324-taco-completion, deepseek-v3-0324, default-1.2, hunyuan-2.0-instruct
[9/20/2026, 7:13:16 AM.758] [Info] [AgentModelResolver] agent "cli" original_models=["auto","glm-5v-turbo","glm-5.1","glm-5.0-turbo","glm-5.0","glm-4.7","kimi-k2.5","minimax-m2.7","deepseek-v3-2-volc"] -> resolved_models=["auto","glm-5v-turbo","glm-5.1","glm-5.0-turbo","glm-5.0","glm-4.7","kimi-k2.5","minimax-m2.7","deepseek-v3-2-volc"]
[9/20/2026, 7:13:16 AM.758] [Info] [AgentModelResolver] agent "general-purpose" original_models=undefined -> resolved_models=[]
[9/20/2026, 7:13:16 AM.758] [Info] [AgentModelResolver] agent "compact" original_models=undefined -> resolved_models=[]
[9/20/2026, 7:13:16 AM.758] [Info] [AgentModelResolver] agent "contextSummary" original_models=undefined -> resolved_models=[]
[9/20/2026, 7:13:16 AM.758] [Info] [AgentModelResolver] agent "contentAnalyzer" original_models=undefined -> resolved_models=[]
[9/20/2026, 7:13:16 AM.758] [Info] [AgentModelResolver] agent "terminalTitleGenerator" original_models=undefined -> resolved_models=[]
[9/20/2026, 7:13:16 AM.758] [Info] [AgentModelResolver] agent "promptSuggestion" original_models=undefined -> resolved_models=[]
[9/20/2026, 7:13:16 AM.758] [Info] [AgentModelResolver] agent "memorySelector" original_models=["lite"] -> resolved_models=["lite"]
[9/20/2026, 7:13:16 AM.758] [Info] [AgentModelResolver] agent "summaryGenerator" original_models=undefined -> resolved_models=[]
[9/20/2026, 7:13:16 AM.758] [Info] [AgentModelResolver] agent "autoModeClassifier" original_models=undefined -> resolved_models=[]
[9/20/2026, 7:13:16 AM.758] [Info] [AgentModelResolver] agent "promptHookEvaluator" original_models=["lite"] -> resolved_models=["lite"]
[9/20/2026, 7:13:16 AM.758] [Info] [AgentModelResolver] agent "insightsAnalyzer" original_models=undefined -> resolved_models=[]
[9/20/2026, 7:13:16 AM.758] [Info] [AgentModelResolver] agent "agentInstructions" original_models=undefined -> resolved_models=[]
[9/20/2026, 7:13:16 AM.758] [Info] [AgentModelResolver] agent "statusline-setup" original_models=undefined -> resolved_models=[]
[9/20/2026, 7:13:16 AM.758] [Info] [AgentModelResolver] agent "Explore" original_models=["lite"] -> resolved_models=["lite"]
[9/20/2026, 7:13:16 AM.758] [Info] [AgentModelResolver] agent "Plan" original_models=undefined -> resolved_models=[]
[9/20/2026, 7:13:16 AM.758] [Info] [AgentModelResolver] agent "pulse" original_models=undefined -> resolved_models=[]
[9/20/2026, 7:13:16 AM.758] [Info] [AgentModelResolver] agent "enhance-prompt" original_models=undefined -> resolved_models=[]
[9/20/2026, 7:13:16 AM.760] [Info] [Merge] Step 1 (local + overlay): localModels=42, overlayModels=51, mergedModels=51
[9/20/2026, 7:13:16 AM.760] [Info] [Merge] Step 2 (+enterprise): enterpriseModels=0, totalModels=51
[9/20/2026, 7:13:16 AM.760] [Info] [Merge] Step 3 (+custom): customModels=0, totalModels=51
[9/20/2026, 7:13:16 AM.760] [Info] [Merge] Step 4 (availableModels filter): finalModels=51, cli.models=["auto","hy4-preview-f","hy3","hy3-x","deepseek-v4.1-flash","glm-5.3","glm-5.3-flash","glm-5.2","glm-5.1","glm-5v-turbo","minimax-m3","kimi-k3-1","kimi-k2.8-preview","kimi-k2.7","kimi-k2.6","deepseek-v4-pro"]
[9/20/2026, 7:13:16 AM.835] [Info] [WeixinClawBotClient] pollLoop iteration begin {"iteration":22472,"cursorLen":96}
[9/20/2026, 7:13:17 AM.663] [Info] [CentrifugoClient] Connected successfully
[9/20/2026, 7:13:17 AM.663] [Info] [ClawService] Centrifugo status: connected
[9/20/2026, 7:13:17 AM.671] [Info] [CentrifugoClient] Subscribed to channel: copilot_workbuddy:fdee3d54-95b6-4e9c-aaff-50ad9505aab4_25e526bc70aeedffd6ce569154fcfedd_e76b49539422036c
[9/20/2026, 7:31:02 AM.805] [Info] [CentrifugoClient] Re-subscribing to copilot_workbuddy:fdee3d54-95b6-4e9c-aaff-50ad9505aab4_25e526bc70aeedffd6ce569154fcfedd_e76b49539422036c: transport closed (code: 1)
[9/20/2026, 7:31:02 AM.805] [Info] [CentrifugoClient] Reconnecting: no ping (code: 2)
[9/20/2026, 7:31:02 AM.805] [Info] [ClawService] Centrifugo status: connecting
[9/20/2026, 7:31:02 AM.807] [Info] [WorkbuddyEnterpriseModels] enterpriseId: undefined, endpoint: https://copilot.tencent.com
[9/20/2026, 7:31:02 AM.807] [Info] [AgentModelResolver] product config input: 42 models, 18 agents
[9/20/2026, 7:31:02 AM.807] [Info] [AgentModelResolver] model ids: default, deepseek-v4-pro, deepseek-v4-flash, deepseek-v3-2-volc, minimax-m2.5, minimax-m2.7, minimax-m3-play, glm-5.1, glm-5.0, glm-5.0-turbo, glm-5v-turbo, glm-4.7, glm-4.6, glm-4.6v, kimi-k2.6, kimi-k2.5, kimi-k2-thinking, hy3-preview-agent, hunyuan-chat, hunyuan-image-v3.0, auto, hy3-preview, hunyuan-2.0-thinking, deepseek-v3-1-volc, deepseek-v3-1-lkeap, deepseek-v3-1, deepseek-v3-0324-lkeap, deepseek-r1-0528-lkeap, kimi-k2-instruct-taiji, completion-gf, default-1.1, hunyuan-3b, hunyuan-7b-dense, codewise-completions, codewise-rewrite, codewise-nes-a4-027-aide, codewise-jump, deepseek-r1-0528, deepseek-v3-0324-taco-completion, deepseek-v3-0324, default-1.2, hunyuan-2.0-instruct
[9/20/2026, 7:31:02 AM.807] [Info] [AgentModelResolver] agent "cli" original_models=["auto","glm-5v-turbo","glm-5.1","glm-5.0-turbo","glm-5.0","glm-4.7","kimi-k2.5","minimax-m2.7","deepseek-v3-2-volc"] -> resolved_models=["auto","glm-5v-turbo","glm-5.1","glm-5.0-turbo","glm-5.0","glm-4.7","kimi-k2.5","minimax-m2.7","deepseek-v3-2-volc"]
[9/20/2026, 7:31:02 AM.807] [Info] [AgentModelResolver] agent "general-purpose" original_models=undefined -> resolved_models=[]
[9/20/2026, 7:31:02 AM.807] [Info] [AgentModelResolver] agent "compact" original_models=undefined -> resolved_models=[]
[9/20/2026, 7:31:02 AM.807] [Info] [AgentModelResolver] agent "contextSummary" original_models=undefined -> resolved_models=[]
[9/20/2026, 7:31:02 AM.807] [Info] [AgentModelResolver] agent "contentAnalyzer" original_models=undefined -> resolved_models=[]
[9/20/2026, 7:31:02 AM.807] [Info] [AgentModelResolver] agent "terminalTitleGenerator" original_models=undefined -> resolved_models=[]
[9/20/2026, 7:31:02 AM.807] [Info] [AgentModelResolver] agent "promptSuggestion" original_models=undefined -> resolved_models=[]
[9/20/2026, 7:31:02 AM.807] [Info] [AgentModelResolver] agent "memorySelector" original_models=["lite"] -> resolved_models=["lite"]
[9/20/2026, 7:31:02 AM.807] [Info] [AgentModelResolver] agent "summaryGenerator" original_models=undefined -> resolved_models=[]
[9/20/2026, 7:31:02 AM.807] [Info] [AgentModelResolver] agent "autoModeClassifier" original_models=undefined -> resolved_models=[]
[9/20/2026, 7:31:02 AM.807] [Info] [AgentModelResolver] agent "promptHookEvaluator" original_models=["lite"] -> resolved_models=["lite"]
[9/20/2026, 7:31:02 AM.807] [Info] [AgentModelResolver] agent "insightsAnalyzer" original_models=undefined -> resolved_models=[]
[9/20/2026, 7:31:02 AM.807] [Info] [AgentModelResolver] agent "agentInstructions" original_models=undefined -> resolved_models=[]
[9/20/2026, 7:31:02 AM.807] [Info] [AgentModelResolver] agent "statusline-setup" original_models=undefined -> resolved_models=[]
[9/20/2026, 7:31:02 AM.807] [Info] [AgentModelResolver] agent "Explore" original_models=["lite"] -> resolved_models=["lite"]
[9/20/2026, 7:31:02 AM.807] [Info] [AgentModelResolver] agent "Plan" original_models=undefined -> resolved_models=[]
[9/20/2026, 7:31:02 AM.807] [Info] [AgentModelResolver] agent "pulse" original_models=undefined -> resolved_models=[]
[9/20/2026, 7:31:02 AM.807] [Info] [AgentModelResolver] agent "enhance-prompt" original_models=undefined -> resolved_models=[]
[9/20/2026, 7:31:02 AM.811] [Info] [Merge] Step 1 (local + overlay): localModels=42, overlayModels=51, mergedModels=51
[9/20/2026, 7:31:02 AM.811] [Info] [Merge] Step 2 (+enterprise): enterpriseModels=0, totalModels=51
[9/20/2026, 7:31:02 AM.811] [Info] [Merge] Step 3 (+custom): customModels=0, totalModels=51
[9/20/2026, 7:31:02 AM.811] [Info] [Merge] Step 4 (availableModels filter): finalModels=51, cli.models=["auto","hy4-preview-f","hy3","hy3-x","deepseek-v4.1-flash","glm-5.3","glm-5.3-flash","glm-5.2","glm-5.1","glm-5v-turbo","minimax-m3","kimi-k3-1","kimi-k2.8-preview","kimi-k2.7","kimi-k2.6","deepseek-v4-pro"]
[9/20/2026, 7:31:02 AM.812] [Info] [WeixinClawBotClient] pollLoop getUpdates returned {"iteration":22472,"elapsedMs":1065977,"ret":0,"hasBuf":true,"msgs":0}
[9/20/2026, 7:31:02 AM.813] [Info] [WorkbuddyEnterpriseModels] enterpriseId: undefined, endpoint: https://copilot.tencent.com
[9/20/2026, 7:31:02 AM.813] [Info] [AgentModelResolver] product config input: 42 models, 18 agents
[9/20/2026, 7:31:02 AM.813] [Info] [AgentModelResolver] model ids: default, deepseek-v4-pro, deepseek-v4-flash, deepseek-v3-2-volc, minimax-m2.5, minimax-m2.7, minimax-m3-play, glm-5.1, glm-5.0, glm-5.0-turbo, glm-5v-turbo, glm-4.7, glm-4.6, glm-4.6v, kimi-k2.6, kimi-k2.5, kimi-k2-thinking, hy3-preview-agent, hunyuan-chat, hunyuan-image-v3.0, auto, hy3-preview, hunyuan-2.0-thinking, deepseek-v3-1-volc, deepseek-v3-1-lkeap, deepseek-v3-1, deepseek-v3-0324-lkeap, deepseek-r1-0528-lkeap, kimi-k2-instruct-taiji, completion-gf, default-1.1, hunyuan-3b, hunyuan-7b-dense, codewise-completions, codewise-rewrite, codewise-nes-a4-027-aide, codewise-jump, deepseek-r1-0528, deepseek-v3-0324-taco-completion, deepseek-v3-0324, default-1.2, hunyuan-2.0-instruct
[9/20/2026, 7:31:02 AM.813] [Info] [AgentModelResolver] agent "cli" original_models=["auto","glm-5v-turbo","glm-5.1","glm-5.0-turbo","glm-5.0","glm-4.7","kimi-k2.5","minimax-m2.7","deepseek-v3-2-volc"] -> resolved_models=["auto","glm-5v-turbo","glm-5.1","glm-5.0-turbo","glm-5.0","glm-4.7","kimi-k2.5","minimax-m2.7","deepseek-v3-2-volc"]
[9/20/2026, 7:31:02 AM.813] [Info] [AgentModelResolver] agent "general-purpose" original_models=undefined -> resolved_models=[]
[9/20/2026, 7:31:02 AM.813] [Info] [AgentModelResolver] agent "compact" original_models=undefined -> resolved_models=[]
[9/20/2026, 7:31:02 AM.813] [Info] [AgentModelResolver] agent "contextSummary" original_models=undefined -> resolved_models=[]
[9/20/2026, 7:31:02 AM.813] [Info] [AgentModelResolver] agent "contentAnalyzer" original_models=undefined -> resolved_models=[]
[9/20/2026, 7:31:02 AM.813] [Info] [AgentModelResolver] agent "terminalTitleGenerator" original_models=undefined -> resolved_models=[]
[9/20/2026, 7:31:02 AM.813] [Info] [AgentModelResolver] agent "promptSuggestion" original_models=undefined -> resolved_models=[]
[9/20/2026, 7:31:02 AM.813] [Info] [AgentModelResolver] agent "memorySelector" original_models=["lite"] -> resolved_models=["lite"]
[9/20/2026, 7:31:02 AM.813] [Info] [AgentModelResolver] agent "summaryGenerator" original_models=undefined -> resolved_models=[]
[9/20/2026, 7:31:02 AM.813] [Info] [AgentModelResolver] agent "autoModeClassifier" original_models=undefined -> resolved_models=[]
[9/20/2026, 7:31:02 AM.813] [Info] [AgentModelResolver] agent "promptHookEvaluator" original_models=["lite"] -> resolved_models=["lite"]
[9/20/2026, 7:31:02 AM.813] [Info] [AgentModelResolver] agent "insightsAnalyzer" original_models=undefined -> resolved_models=[]
[9/20/2026, 7:31:02 AM.813] [Info] [AgentModelResolver] agent "agentInstructions" original_models=undefined -> resolved_models=[]
[9/20/2026, 7:31:02 AM.813] [Info] [AgentModelResolver] agent "statusline-setup" original_models=undefined -> resolved_models=[]
[9/20/2026, 7:31:02 AM.813] [Info] [AgentModelResolver] agent "Explore" original_models=["lite"] -> resolved_models=["lite"]
[9/20/2026, 7:31:02 AM.813] [Info] [AgentModelResolver] agent "Plan" original_models=undefined -> resolved_models=[]
[9/20/2026, 7:31:02 AM.813] [Info] [AgentModelResolver] agent "pulse" original_models=undefined -> resolved_models=[]
[9/20/2026, 7:31:02 AM.813] [Info] [AgentModelResolver] agent "enhance-prompt" original_models=undefined -> resolved_models=[]
[9/20/2026, 7:31:02 AM.816] [Info] [Merge] Step 1 (local + overlay): localModels=42, overlayModels=51, mergedModels=51
[9/20/2026, 7:31:02 AM.816] [Info] [Merge] Step 2 (+enterprise): enterpriseModels=0, totalModels=51
[9/20/2026, 7:31:02 AM.816] [Info] [Merge] Step 3 (+custom): customModels=0, totalModels=51
[9/20/2026, 7:31:02 AM.816] [Info] [Merge] Step 4 (availableModels filter): finalModels=51, cli.models=["auto","hy4-preview-f","hy3","hy3-x","deepseek-v4.1-flash","glm-5.3","glm-5.3-flash","glm-5.2","glm-5.1","glm-5v-turbo","minimax-m3","kimi-k3-1","kimi-k2.8-preview","kimi-k2.7","kimi-k2.6","deepseek-v4-pro"]
[9/20/2026, 7:31:02 AM.902] [Info] [WeixinClawBotClient] pollLoop iteration begin {"iteration":22473,"cursorLen":96}
[9/20/2026, 7:31:03 AM.622] [Info] [CentrifugoClient] Connected successfully
[9/20/2026, 7:31:03 AM.622] [Info] [ClawService] Centrifugo status: connected
[9/20/2026, 7:31:03 AM.632] [Info] [CentrifugoClient] Subscribed to channel: copilot_workbuddy:fdee3d54-95b6-4e9c-aaff-50ad9505aab4_25e526bc70aeedffd6ce569154fcfedd_e76b49539422036c
[9/20/2026, 7:36:55 AM.797] [Info] [CentrifugoClient] Re-subscribing to copilot_workbuddy:fdee3d54-95b6-4e9c-aaff-50ad9505aab4_25e526bc70aeedffd6ce569154fcfedd_e76b49539422036c: transport closed (code: 1)
[9/20/2026, 7:36:55 AM.797] [Info] [CentrifugoClient] Reconnecting: no ping (code: 2)
[9/20/2026, 7:36:55 AM.798] [Info] [ClawService] Centrifugo status: connecting
[9/20/2026, 7:36:55 AM.798] [Info] [WeixinClawBotClient] pollLoop getUpdates returned {"iteration":22473,"elapsedMs":352896,"ret":0,"hasBuf":true,"msgs":0}
[9/20/2026, 7:36:55 AM.836] [Info] [WeixinClawBotClient] pollLoop iteration begin {"iteration":22474,"cursorLen":96}
[9/20/2026, 7:36:56 AM.885] [Info] [CentrifugoClient] Connected successfully
[9/20/2026, 7:36:56 AM.885] [Info] [ClawService] Centrifugo status: connected
[9/20/2026, 7:36:56 AM.889] [Info] [CentrifugoClient] Subscribed to channel: copilot_workbuddy:fdee3d54-95b6-4e9c-aaff-50ad9505aab4_25e526bc70aeedffd6ce569154fcfedd_e76b49539422036c
[9/20/2026, 7:37:14 AM.502] [Info] [WeixinClawBotClient] pollLoop getUpdates returned {"iteration":22474,"elapsedMs":18665,"hasBuf":true,"msgs":0}
[9/20/2026, 7:37:14 AM.515] [Info] [WeixinClawBotClient] pollLoop iteration begin {"iteration":22475,"cursorLen":96}
